sample,layer,channel,original_acc,pot_acc,original_output,pot_output,absolute_error
0,0,0,1380,1380,127,127,0
0,0,1,797,797,83,83,0
0,0,2,-596,-596,-17,-17,0
0,0,3,-2514,-2514,-17,-17,0
0,0,4,-1552,-1552,-17,-17,0
0,0,5,-920,-920,-17,-17,0
0,0,6,2472,2472,127,127,0
0,0,7,2489,2489,127,127,0
0,0,8,1411,1411,127,127,0
0,0,9,-417,-417,-17,-17,0
0,0,10,-2365,-2365,-17,-17,0
0,0,11,-2363,-2363,-17,-17,0
0,0,12,-1251,-1251,-17,-17,0
0,0,13,716,716,73,73,0
0,0,14,2653,2653,127,127,0
0,0,15,1665,1665,127,127,0
0,1,0,-695,-695,-36,-36,0
0,1,1,322,322,27,27,0
0,1,2,169,169,18,18,0
0,1,3,16,16,8,8,0
1,0,0,363,363,29,29,0
1,0,1,132,132,0,0,0
1,0,2,-99,-99,-17,-17,0
1,0,3,-330,-330,-17,-17,0
1,0,4,-561,-561,-17,-17,0
1,0,5,-792,-792,-17,-17,0
1,0,6,852,852,90,90,0
1,0,7,621,621,61,61,0
1,0,8,390,390,32,32,0
1,0,9,159,159,3,3,0
1,0,10,-72,-72,-17,-17,0
1,0,11,-303,-303,-17,-17,0
1,0,12,-534,-534,-17,-17,0
1,0,13,-765,-765,-17,-17,0
1,0,14,879,879,93,93,0
1,0,15,648,648,64,64,0
1,1,0,103,103,14,14,0
1,1,1,-232,-232,-8,-8,0
1,1,2,-528,-528,-26,-26,0
1,1,3,-70,-70,3,3,0
2,0,0,-145,-145,-17,-17,0
2,0,1,-122,-122,-17,-17,0
2,0,2,-99,-99,-17,-17,0
2,0,3,-76,-76,-17,-17,0
2,0,4,-53,-53,-17,-17,0
2,0,5,-30,-30,-17,-17,0
2,0,6,-37,-37,-17,-17,0
2,0,7,-14,-14,-17,-17,0
2,0,8,9,9,-16,-16,0
2,0,9,32,32,-13,-13,0
2,0,10,55,55,-10,-10,0
2,0,11,78,78,-7,-7,0
2,0,12,101,101,-4,-4,0
2,0,13,124,124,-1,-1,0
2,0,14,117,117,-2,-2,0
2,0,15,140,140,1,1,0
2,1,0,-30,-30,5,5,0
2,1,1,93,93,13,13,0
2,1,2,21,21,8,8,0
2,1,3,66,66,11,11,0
3,0,0,-149,-149,-17,-17,0
3,0,1,-124,-124,-17,-17,0
3,0,2,-99,-99,-17,-17,0
3,0,3,-74,-74,-17,-17,0
3,0,4,-49,-49,-17,-17,0
3,0,5,-24,-24,-17,-17,0
3,0,6,-44,-44,-17,-17,0
3,0,7,-19,-19,-17,-17,0
3,0,8,6,6,-16,-16,0
3,0,9,31,31,-13,-13,0
3,0,10,56,56,-10,-10,0
3,0,11,81,81,-7,-7,0
3,0,12,106,106,-4,-4,0
3,0,13,131,131,0,0,0
3,0,14,111,111,-3,-3,0
3,0,15,136,136,0,0,0
3,1,0,-40,-40,4,4,0
3,1,1,98,98,13,13,0
3,1,2,28,28,9,9,0
3,1,3,75,75,12,12,0
4,0,0,-153,-153,-17,-17,0
4,0,1,-126,-126,-17,-17,0
4,0,2,-99,-99,-17,-17,0
4,0,3,-72,-72,-17,-17,0
4,0,4,-45,-45,-17,-17,0
4,0,5,-18,-18,-17,-17,0
4,0,6,-51,-51,-17,-17,0
4,0,7,-24,-24,-17,-17,0
4,0,8,3,3,-16,-16,0
4,0,9,30,30,-13,-13,0
4,0,10,57,57,-10,-10,0
4,0,11,84,84,-6,-6,0
4,0,12,111,111,-3,-3,0
4,0,13,138,138,0,0,0
4,0,14,105,105,-4,-4,0
4,0,15,132,132,0,0,0
4,1,0,-39,-39,5,5,0
4,1,1,97,97,13,13,0
4,1,2,25,25,9,9,0
4,1,3,83,83,12,12,0
5,0,0,-657,-657,-17,-17,0
5,0,1,-378,-378,-17,-17,0
5,0,2,-99,-99,-17,-17,0
5,0,3,180,180,6,6,0
5,0,4,459,459,41,41,0
5,0,5,738,738,75,75,0
5,0,6,-933,-933,-17,-17,0
5,0,7,-654,-654,-17,-17,0
5,0,8,-375,-375,-17,-17,0
5,0,9,-96,-96,-17,-17,0
5,0,10,183,183,6,6,0
5,0,11,462,462,41,41,0
5,0,12,741,741,76,76,0
5,0,13,1020,1020,111,111,0
5,0,14,-651,-651,-17,-17,0
5,0,15,-372,-372,-17,-17,0
5,1,0,-945,-945,-52,-52,0
5,1,1,1048,1048,73,73,0
5,1,2,480,480,37,37,0
5,1,3,367,367,30,30,0
6,0,0,40,40,-12,-12,0
6,0,1,-547,-547,-17,-17,0
6,0,2,2121,2121,127,127,0
6,0,3,-296,-296,-17,-17,0
6,0,4,-58,-58,-17,-17,0
6,0,5,-330,-330,-17,-17,0
6,0,6,448,448,39,39,0
6,0,7,-829,-829,-17,-17,0
6,0,8,-1671,-1671,-17,-17,0
6,0,9,847,847,89,89,0
6,0,10,1010,1010,109,109,0
6,0,11,-867,-867,-17,-17,0
6,0,12,811,811,85,85,0
6,0,13,-1696,-1696,-17,-17,0
6,0,14,957,957,103,103,0
6,0,15,325,325,24,24,0
6,1,0,1911,1911,127,127,0
6,1,1,659,659,48,48,0
6,1,2,-658,-658,-34,-34,0
6,1,3,-1247,-1247,-71,-71,0
7,0,0,-1222,-1222,-17,-17,0
7,0,1,255,255,15,15,0
7,0,2,1042,1042,113,113,0
7,0,3,89,89,-6,-6,0
7,0,4,-1629,-1629,-17,-17,0
7,0,5,433,433,37,37,0
7,0,6,-1435,-1435,-17,-17,0
7,0,7,-18,-18,-17,-17,0
7,0,8,-401,-401,-17,-17,0
7,0,9,1736,1736,127,127,0
7,0,10,843,843,89,89,0
7,0,11,700,700,71,71,0
7,0,12,-823,-823,-17,-17,0
7,0,13,414,414,35,35,0
7,0,14,-44,-44,-17,-17,0
7,0,15,-937,-937,-17,-17,0
7,1,0,536,536,41,41,0
7,1,1,763,763,55,55,0
7,1,2,-245,-245,-8,-8,0
7,1,3,-252,-252,-9,-9,0
8,0,0,160,160,3,3,0
8,0,1,2235,2235,127,127,0
8,0,2,920,920,98,98,0
8,0,3,-1325,-1325,-17,-17,0
8,0,4,-2790,-2790,-17,-17,0
8,0,5,-1510,-1510,-17,-17,0
8,0,6,1210,1210,127,127,0
8,0,7,1815,1815,127,127,0
8,0,8,1265,1265,127,127,0
8,0,9,2710,2710,127,127,0
8,0,10,-975,-975,-17,-17,0
8,0,11,-2680,-2680,-17,-17,0
8,0,12,-1415,-1415,-17,-17,0
8,0,13,30,30,-13,-13,0
8,0,14,290,290,19,19,0
8,0,15,445,445,39,39,0
8,1,0,634,634,47,47,0
8,1,1,-873,-873,-48,-48,0
8,1,2,-820,-820,-44,-44,0
8,1,3,-767,-767,-41,-41,0
9,0,0,283,283,19,19,0
9,0,1,-1066,-1066,-17,-17,0
9,0,2,1230,1230,127,127,0
9,0,3,-299,-299,-17,-17,0
9,0,4,-583,-583,-17,-17,0
9,0,5,1758,1758,127,127,0
9,0,6,109,109,-3,-3,0
9,0,7,50,50,-11,-11,0
9,0,8,-1179,-1179,-17,-17,0
9,0,9,217,217,10,10,0
9,0,10,-517,-517,-17,-17,0
9,0,11,-786,-786,-17,-17,0
9,0,12,1060,1060,116,116,0
9,0,13,851,851,90,90,0
9,0,14,-1188,-1188,-17,-17,0
9,0,15,568,568,54,54,0
9,1,0,-169,-169,-4,-4,0
9,1,1,2281,2281,127,127,0
9,1,2,1000,1000,70,70,0
9,1,3,-99,-99,1,1,0
10,0,0,-1073,-1073,-17,-17,0
10,0,1,-1354,-1354,-17,-17,0
10,0,2,-1425,-1425,-17,-17,0
10,0,3,-191,-191,-17,-17,0
10,0,4,-982,-982,-17,-17,0
10,0,5,1497,1497,127,127,0
10,0,6,2611,2611,127,127,0
10,0,7,995,995,108,108,0
10,0,8,-501,-501,-17,-17,0
10,0,9,-827,-827,-17,-17,0
10,0,10,-778,-778,-17,-17,0
10,0,11,-1209,-1209,-17,-17,0
10,0,12,460,460,41,41,0
10,0,13,1184,1184,127,127,0
10,0,14,1533,1533,127,127,0
10,0,15,-788,-788,-17,-17,0
10,1,0,-1155,-1155,-65,-65,0
10,1,1,1154,1154,79,79,0
10,1,2,-281,-281,-11,-11,0
10,1,3,156,156,17,17,0
11,0,0,-768,-768,-17,-17,0
11,0,1,2892,2892,127,127,0
11,0,2,1212,1212,127,127,0
11,0,3,-108,-108,-17,-17,0
11,0,4,-1143,-1143,-17,-17,0
11,0,5,-783,-783,-17,-17,0
11,0,6,567,567,54,54,0
11,0,7,-1968,-1968,-17,-17,0
11,0,8,1197,1197,127,127,0
11,0,9,1812,1812,127,127,0
11,0,10,1107,1107,122,122,0
11,0,11,-48,-48,-17,-17,0
11,0,12,-2463,-2463,-17,-17,0
11,0,13,-1293,-1293,-17,-17,0
11,0,14,-273,-273,-17,-17,0
11,0,15,-483,-483,-17,-17,0
11,1,0,950,950,66,66,0
11,1,1,-539,-539,-27,-27,0
11,1,2,-156,-156,-3,-3,0
11,1,3,-722,-722,-38,-38,0
12,0,0,-371,-371,-17,-17,0
12,0,1,-886,-886,-17,-17,0
12,0,2,-426,-426,-17,-17,0
12,0,3,-1436,-1436,-17,-17,0
12,0,4,404,404,34,34,0
12,0,5,234,234,12,12,0
12,0,6,1894,1894,127,127,0
12,0,7,869,869,92,92,0
12,0,8,-1371,-1371,-17,-17,0
12,0,9,889,889,94,94,0
12,0,10,-1291,-1291,-17,-17,0
12,0,11,144,144,1,1,0
12,0,12,559,559,53,53,0
12,0,13,-226,-226,-17,-17,0
12,0,14,954,954,102,102,0
12,0,15,-86,-86,-17,-17,0
12,1,0,404,404,32,32,0
12,1,1,-438,-438,-20,-20,0
12,1,2,-1657,-1657,-97,-97,0
12,1,3,-770,-770,-41,-41,0
13,0,0,-1649,-1649,-17,-17,0
13,0,1,452,452,40,40,0
13,0,2,1338,1338,127,127,0
13,0,3,1594,1594,127,127,0
13,0,4,-70,-70,-17,-17,0
13,0,5,-1419,-1419,-17,-17,0
13,0,6,-773,-773,-17,-17,0
13,0,7,-1897,-1897,-17,-17,0
13,0,8,-291,-291,-17,-17,0
13,0,9,520,520,48,48,0
13,0,10,1541,1541,127,127,0
13,0,11,2142,2142,127,127,0
13,0,12,-2,-2,-17,-17,0
13,0,13,-361,-361,-17,-17,0
13,0,14,-1185,-1185,-17,-17,0
13,0,15,-1364,-1364,-17,-17,0
13,1,0,828,828,59,59,0
13,1,1,-485,-485,-23,-23,0
13,1,2,74,74,12,12,0
13,1,3,633,633,47,47,0
14,0,0,503,503,46,46,0
14,0,1,2295,2295,127,127,0
14,0,2,-443,-443,-17,-17,0
14,0,3,239,239,13,13,0
14,0,4,111,111,-3,-3,0
14,0,5,-1142,-1142,-17,-17,0
14,0,6,-820,-820,-17,-17,0
14,0,7,117,117,-2,-2,0
14,0,8,1279,1279,127,127,0
14,0,9,-109,-109,-17,-17,0
14,0,10,603,603,59,59,0
14,0,11,-140,-140,-17,-17,0
14,0,12,947,947,102,102,0
14,0,13,-2811,-2811,-17,-17,0
14,0,14,-689,-689,-17,-17,0
14,0,15,788,788,82,82,0
14,1,0,314,314,27,27,0
14,1,1,-192,-192,-5,-5,0
14,1,2,745,745,54,54,0
14,1,3,-580,-580,-29,-29,0
15,0,0,-959,-959,-17,-17,0
15,0,1,-634,-634,-17,-17,0
15,0,2,2181,2181,127,127,0
15,0,3,-119,-119,-17,-17,0
15,0,4,-2104,-2104,-17,-17,0
15,0,5,1236,1236,127,127,0
15,0,6,-404,-404,-17,-17,0
15,0,7,-1729,-1729,-17,-17,0
15,0,8,711,711,72,72,0
15,0,9,481,481,43,43,0
15,0,10,1826,1826,127,127,0
15,0,11,-1824,-1824,-17,-17,0
15,0,12,-254,-254,-17,-17,0
15,0,13,1256,1256,127,127,0
15,0,14,276,276,18,18,0
15,0,15,-674,-674,-17,-17,0
15,1,0,-397,-397,-18,-18,0
15,1,1,1910,1910,126,126,0
15,1,2,1630,1630,109,109,0
15,1,3,193,193,19,19,0
16,0,0,-728,-728,-17,-17,0
16,0,1,-188,-188,-17,-17,0
16,0,2,-638,-638,-17,-17,0
16,0,3,-53,-53,-17,-17,0
16,0,4,1027,1027,112,112,0
16,0,5,982,982,106,106,0
16,0,6,367,367,29,29,0
16,0,7,-203,-203,-17,-17,0
16,0,8,-1343,-1343,-17,-17,0
16,0,9,-878,-878,-17,-17,0
16,0,10,-1058,-1058,-17,-17,0
16,0,11,-53,-53,-17,-17,0
16,0,12,-173,-173,-17,-17,0
16,0,13,2362,2362,127,127,0
16,0,14,517,517,48,48,0
16,0,15,-443,-443,-17,-17,0
16,1,0,-1347,-1347,-77,-77,0
16,1,1,1193,1193,82,82,0
16,1,2,262,262,23,23,0
16,1,3,-71,-71,3,3,0
17,0,0,-1254,-1254,-17,-17,0
17,0,1,940,940,101,101,0
17,0,2,1844,1844,127,127,0
17,0,3,1203,1203,127,127,0
17,0,4,-443,-443,-17,-17,0
17,0,5,-2209,-2209,-17,-17,0
17,0,6,-1980,-1980,-17,-17,0
17,0,7,-851,-851,-17,-17,0
17,0,8,-262,-262,-17,-17,0
17,0,9,3162,3162,127,127,0
17,0,10,2461,2461,127,127,0
17,0,11,110,110,-3,-3,0
17,0,12,-1686,-1686,-17,-17,0
17,0,13,-827,-827,-17,-17,0
17,0,14,-268,-268,-17,-17,0
17,0,15,-969,-969,-17,-17,0
17,1,0,1167,1167,80,80,0
17,1,1,-166,-166,-3,-3,0
17,1,2,373,373,30,30,0
17,1,3,-778,-778,-42,-42,0
18,0,0,-499,-499,-17,-17,0
18,0,1,1248,1248,127,127,0
18,0,2,3010,3010,127,127,0
18,0,3,227,227,12,12,0
18,0,4,-2721,-2721,-17,-17,0
18,0,5,-899,-899,-17,-17,0
18,0,6,-1297,-1297,-17,-17,0
18,0,7,-405,-405,-17,-17,0
18,0,8,1432,1432,127,127,0
18,0,9,1739,1739,127,127,0
18,0,10,1671,1671,127,127,0
18,0,11,-1157,-1157,-17,-17,0
18,0,12,-1975,-1975,-17,-17,0
18,0,13,1272,1272,127,127,0
18,0,14,-1706,-1706,-17,-17,0
18,0,15,-214,-214,-17,-17,0
18,1,0,244,244,22,22,0
18,1,1,413,413,33,33,0
18,1,2,959,959,67,67,0
18,1,3,-744,-744,-40,-40,0
19,0,0,-1839,-1839,-17,-17,0
19,0,1,-327,-327,-17,-17,0
19,0,2,1710,1710,127,127,0
19,0,3,507,507,47,47,0
19,0,4,1074,1074,117,117,0
19,0,5,261,261,16,16,0
19,0,6,-1737,-1737,-17,-17,0
19,0,7,-45,-45,-17,-17,0
19,0,8,-153,-153,-17,-17,0
19,0,9,519,519,48,48,0
19,0,10,201,201,8,8,0
19,0,11,1758,1758,127,127,0
19,0,12,45,45,-11,-11,0
19,0,13,-753,-753,-17,-17,0
19,0,14,-1281,-1281,-17,-17,0
19,0,15,-1554,-1554,-17,-17,0
19,1,0,442,442,35,35,0
19,1,1,-276,-276,-10,-10,0
19,1,2,-591,-591,-30,-30,0
19,1,3,134,134,15,15,0
20,0,0,1179,1179,127,127,0
20,0,1,-1242,-1242,-17,-17,0
20,0,2,27,27,-13,-13,0
20,0,3,561,561,53,53,0
20,0,4,-150,-150,-17,-17,0
20,0,5,-861,-861,-17,-17,0
20,0,6,-1107,-1107,-17,-17,0
20,0,7,1077,1077,118,118,0
20,0,8,1176,1176,127,127,0
20,0,9,-885,-885,-17,-17,0
20,0,10,744,744,76,76,0
20,0,11,1593,1593,127,127,0
20,0,12,-1218,-1218,-17,-17,0
20,0,13,-954,-954,-17,-17,0
20,0,14,0,0,-17,-17,0
20,0,15,1464,1464,127,127,0
20,1,0,-57,-57,3,3,0
20,1,1,142,142,16,16,0
20,1,2,1251,1251,85,85,0
20,1,3,1450,1450,98,98,0
21,0,0,-1396,-1396,-17,-17,0
21,0,1,-618,-618,-17,-17,0
21,0,2,1930,1930,127,127,0
21,0,3,1418,1418,127,127,0
21,0,4,621,621,61,61,0
21,0,5,-1946,-1946,-17,-17,0
21,0,6,-1363,-1363,-17,-17,0
21,0,7,-1155,-1155,-17,-17,0
21,0,8,-1262,-1262,-17,-17,0
21,0,9,1181,1181,127,127,0
21,0,10,1254,1254,127,127,0
21,0,11,2287,2287,127,127,0
21,0,12,-700,-700,-17,-17,0
21,0,13,-957,-957,-17,-17,0
21,0,14,646,646,64,64,0
21,0,15,-1111,-1111,-17,-17,0
21,1,0,1063,1063,74,74,0
21,1,1,-612,-612,-31,-31,0
21,1,2,-415,-415,-19,-19,0
21,1,3,-218,-218,-7,-7,0
22,0,0,-141,-141,-17,-17,0
22,0,1,-3063,-3063,-17,-17,0
22,0,2,-1155,-1155,-17,-17,0
22,0,3,1653,1653,127,127,0
22,0,4,1656,1656,127,127,0
22,0,5,699,699,71,71,0
22,0,6,792,792,82,82,0
22,0,7,-255,-255,-17,-17,0
22,0,8,-1662,-1662,-17,-17,0
22,0,9,-1629,-1629,-17,-17,0
22,0,10,219,219,11,11,0
22,0,11,1782,1782,127,127,0
22,0,12,1230,1230,127,127,0
22,0,13,333,333,25,25,0
22,0,14,-519,-519,-17,-17,0
22,0,15,144,144,1,1,0
22,1,0,-680,-680,-36,-36,0
22,1,1,-609,-609,-31,-31,0
22,1,2,-356,-356,-15,-15,0
22,1,3,1184,1184,81,81,0
23,0,0,-1612,-1612,-17,-17,0
23,0,1,693,693,70,70,0
23,0,2,-1127,-1127,-17,-17,0
23,0,3,308,308,22,22,0
23,0,4,-852,-852,-17,-17,0
23,0,5,-1457,-1457,-17,-17,0
23,0,6,1703,1703,127,127,0
23,0,7,-87,-87,-17,-17,0
23,0,8,-542,-542,-17,-17,0
23,0,9,848,848,89,89,0
23,0,10,708,708,72,72,0
23,0,11,718,718,73,73,0
23,0,12,-1132,-1132,-17,-17,0
23,0,13,363,363,29,29,0
23,0,14,1408,1408,127,127,0
23,0,15,-1327,-1327,-17,-17,0
23,1,0,-132,-132,-1,-1,0
23,1,1,-941,-941,-52,-52,0
23,1,2,-1841,-1841,-108,-108,0
23,1,3,-206,-206,-6,-6,0
24,0,0,1969,1969,127,127,0
24,0,1,2563,2563,127,127,0
24,0,2,547,547,52,52,0
24,0,3,-779,-779,-17,-17,0
24,0,4,-1340,-1340,-17,-17,0
24,0,5,-1226,-1226,-17,-17,0
24,0,6,-1787,-1787,-17,-17,0
24,0,7,712,712,72,72,0
24,0,8,661,661,66,66,0
24,0,9,2185,2185,127,127,0
24,0,10,964,964,104,104,0
24,0,11,-1682,-1682,-17,-17,0
24,0,12,547,547,52,52,0
24,0,13,-2354,-2354,-17,-17,0
24,0,14,-1040,-1040,-17,-17,0
24,0,15,2254,2254,127,127,0
24,1,0,1345,1345,91,91,0
24,1,1,1286,1286,87,87,0
24,1,2,434,434,34,34,0
24,1,3,-1497,-1497,-87,-87,0
25,0,0,-406,-406,-17,-17,0
25,0,1,550,550,52,52,0
25,0,2,396,396,33,33,0
25,0,3,452,452,40,40,0
25,0,4,-137,-137,-17,-17,0
25,0,5,-2676,-2676,-17,-17,0
25,0,6,-670,-670,-17,-17,0
25,0,7,1066,1066,116,116,0
25,0,8,942,942,101,101,0
25,0,9,593,593,57,57,0
25,0,10,634,634,62,62,0
25,0,11,570,570,54,54,0
25,0,12,-1069,-1069,-17,-17,0
25,0,13,-1028,-1028,-17,-17,0
25,0,14,723,723,74,74,0
25,0,15,-121,-121,-17,-17,0
25,1,0,444,444,35,35,0
25,1,1,-957,-957,-53,-53,0
25,1,2,-83,-83,2,2,0
25,1,3,-561,-561,-28,-28,0
26,0,0,1695,1695,127,127,0
26,0,1,-537,-537,-17,-17,0
26,0,2,-1119,-1119,-17,-17,0
26,0,3,-336,-336,-17,-17,0
26,0,4,117,117,-2,-2,0
26,0,5,-2115,-2115,-17,-17,0
26,0,6,-477,-477,-17,-17,0
26,0,7,2646,2646,127,127,0
26,0,8,744,744,76,76,0
26,0,9,237,237,13,13,0
26,0,10,-1260,-1260,-17,-17,0
26,0,11,1473,1473,127,127,0
26,0,12,-1029,-1029,-17,-17,0
26,0,13,-1776,-1776,-17,-17,0
26,0,14,1677,1677,127,127,0
26,0,15,1980,1980,127,127,0
26,1,0,-125,-125,-1,-1,0
26,1,1,114,114,14,14,0
26,1,2,-310,-310,-12,-12,0
26,1,3,-71,-71,3,3,0
27,0,0,-569,-569,-17,-17,0
27,0,1,296,296,20,20,0
27,0,2,-354,-354,-17,-17,0
27,0,3,451,451,40,40,0
27,0,4,-364,-364,-17,-17,0
27,0,5,-624,-624,-17,-17,0
27,0,6,976,976,105,105,0
27,0,7,-364,-364,-17,-17,0
27,0,8,276,276,18,18,0
27,0,9,1096,1096,120,120,0
27,0,10,-829,-829,-17,-17,0
27,0,11,501,501,46,46,0
27,0,12,-1199,-1199,-17,-17,0
27,0,13,-979,-979,-17,-17,0
27,0,14,1626,1626,127,127,0
27,0,15,-284,-284,-17,-17,0
27,1,0,-523,-523,-26,-26,0
27,1,1,-1630,-1630,-95,-95,0
27,1,2,-1541,-1541,-89,-89,0
27,1,3,-243,-243,-8,-8,0
28,0,0,188,188,7,7,0
28,0,1,1543,1543,127,127,0
28,0,2,2073,2073,127,127,0
28,0,3,1418,1418,127,127,0
28,0,4,-1307,-1307,-17,-17,0
28,0,5,-1122,-1122,-17,-17,0
28,0,6,-2242,-2242,-17,-17,0
28,0,7,-1547,-1547,-17,-17,0
28,0,8,2058,2058,127,127,0
28,0,9,2663,2663,127,127,0
28,0,10,2383,2383,127,127,0
28,0,11,348,348,27,27,0
28,0,12,-2347,-2347,-17,-17,0
28,0,13,-1277,-1277,-17,-17,0
28,0,14,-2892,-2892,-17,-17,0
28,0,15,473,473,42,42,0
28,1,0,706,706,51,51,0
28,1,1,-881,-881,-48,-48,0
28,1,2,964,964,67,67,0
28,1,3,-363,-363,-16,-16,0
29,0,0,-1091,-1091,-17,-17,0
29,0,1,240,240,13,13,0
29,0,2,-1564,-1564,-17,-17,0
29,0,3,202,202,8,8,0
29,0,4,2733,2733,127,127,0
29,0,5,914,914,97,97,0
29,0,6,-3200,-3200,-17,-17,0
29,0,7,-639,-639,-17,-17,0
29,0,8,92,92,-5,-5,0
29,0,9,403,403,34,34,0
29,0,10,-831,-831,-17,-17,0
29,0,11,1775,1775,127,127,0
29,0,12,2851,2851,127,127,0
29,0,13,-528,-528,-17,-17,0
29,0,14,-1417,-1417,-17,-17,0
29,0,15,-806,-806,-17,-17,0
29,1,0,-425,-425,-20,-20,0
29,1,1,-188,-188,-5,-5,0
29,1,2,-952,-952,-53,-53,0
29,1,3,-325,-325,-13,-13,0
30,0,0,-721,-721,-17,-17,0
30,0,1,562,562,53,53,0
30,0,2,1200,1200,127,127,0
30,0,3,-547,-547,-17,-17,0
30,0,4,451,451,40,40,0
30,0,5,444,444,39,39,0
30,0,6,-928,-928,-17,-17,0
30,0,7,175,175,5,5,0
30,0,8,138,138,0,0,0
30,0,9,1331,1331,127,127,0
30,0,10,-416,-416,-17,-17,0
30,0,11,-978,-978,-17,-17,0
30,0,12,680,680,68,68,0
30,0,13,-242,-242,-17,-17,0
30,0,14,-1209,-1209,-17,-17,0
30,0,15,-436,-436,-17,-17,0
30,1,0,816,816,58,58,0
30,1,1,437,437,34,34,0
30,1,2,-449,-449,-21,-21,0
30,1,3,-1556,-1556,-90,-90,0
31,0,0,-284,-284,-17,-17,0
31,0,1,230,230,12,12,0
31,0,2,759,759,78,78,0
31,0,3,73,73,-8,-8,0
31,0,4,-763,-763,-17,-17,0
31,0,5,96,96,-5,-5,0
31,0,6,-740,-740,-17,-17,0
31,0,7,704,704,71,71,0
31,0,8,-492,-492,-17,-17,0
31,0,9,172,172,5,5,0
31,0,10,1226,1226,127,127,0
31,0,11,-870,-870,-17,-17,0
31,0,12,-461,-461,-17,-17,0
31,0,13,-592,-592,-17,-17,0
31,0,14,882,882,93,93,0
31,0,15,1,1,-17,-17,0
31,1,0,1513,1513,102,102,0
31,1,1,734,734,53,53,0
31,1,2,-84,-84,2,2,0
31,1,3,-1019,-1019,-57,-57,0
32,0,0,-369,-369,-17,-17,0
32,0,1,303,303,21,21,0
32,0,2,-2220,-2220,-17,-17,0
32,0,3,-948,-948,-17,-17,0
32,0,4,-1206,-1206,-17,-17,0
32,0,5,1731,1731,127,127,0
32,0,6,1548,1548,127,127,0
32,0,7,375,375,30,30,0
32,0,8,1467,1467,127,127,0
32,0,9,-621,-621,-17,-17,0
32,0,10,-1434,-1434,-17,-17,0
32,0,11,-1512,-1512,-17,-17,0
32,0,12,30,30,-13,-13,0
32,0,13,1497,1497,127,127,0
32,0,14,1299,1299,127,127,0
32,0,15,-84,-84,-17,-17,0
32,1,0,-2205,-2205,-128,-128,0
32,1,1,4,4,7,7,0
32,1,2,341,341,28,28,0
32,1,3,678,678,49,49,0
33,0,0,-1566,-1566,-17,-17,0
33,0,1,-1438,-1438,-17,-17,0
33,0,2,-2180,-2180,-17,-17,0
33,0,3,-387,-387,-17,-17,0
33,0,4,1736,1736,127,127,0
33,0,5,1699,1699,127,127,0
33,0,6,-18,-18,-17,-17,0
33,0,7,-205,-205,-17,-17,0
33,0,8,-1157,-1157,-17,-17,0
33,0,9,-1314,-1314,-17,-17,0
33,0,10,-571,-571,-17,-17,0
33,0,11,502,502,46,46,0
33,0,12,2910,2910,127,127,0
33,0,13,1613,1613,127,127,0
33,0,14,316,316,23,23,0
33,0,15,-1281,-1281,-17,-17,0
33,1,0,-1091,-1091,-61,-61,0
33,1,1,1378,1378,93,93,0
33,1,2,103,103,14,14,0
33,1,3,-353,-353,-15,-15,0
34,0,0,811,811,85,85,0
34,0,1,1175,1175,127,127,0
34,0,2,-261,-261,-17,-17,0
34,0,3,178,178,5,5,0
34,0,4,-58,-58,-17,-17,0
34,0,5,-819,-819,-17,-17,0
34,0,6,-1070,-1070,-17,-17,0
34,0,7,314,314,22,22,0
34,0,8,813,813,85,85,0
34,0,9,-158,-158,-17,-17,0
34,0,10,-409,-409,-17,-17,0
34,0,11,-1350,-1350,-17,-17,0
34,0,12,259,259,16,16,0
34,0,13,998,998,108,108,0
34,0,14,-483,-483,-17,-17,0
34,0,15,1096,1096,120,120,0
34,1,0,-770,-770,-41,-41,0
34,1,1,856,856,61,61,0
34,1,2,1143,1143,79,79,0
34,1,3,-182,-182,-4,-4,0
35,0,0,-869,-869,-17,-17,0
35,0,1,-913,-913,-17,-17,0
35,0,2,-942,-942,-17,-17,0
35,0,3,-1931,-1931,-17,-17,0
35,0,4,2630,2630,127,127,0
35,0,5,2046,2046,127,127,0
35,0,6,-443,-443,-17,-17,0
35,0,7,-517,-517,-17,-17,0
35,0,8,-1011,-1011,-17,-17,0
35,0,9,-1220,-1220,-17,-17,0
35,0,10,-1984,-1984,-17,-17,0
35,0,11,552,552,52,52,0
35,0,12,2368,2368,127,127,0
35,0,13,2234,2234,127,127,0
35,0,14,-60,-60,-17,-17,0
35,0,15,-584,-584,-17,-17,0
35,1,0,-1103,-1103,-62,-62,0
35,1,1,1434,1434,97,97,0
35,1,2,227,227,21,21,0
35,1,3,-83,-83,2,2,0
36,0,0,724,724,74,74,0
36,0,1,413,413,35,35,0
36,0,2,-3,-3,-17,-17,0
36,0,3,-749,-749,-17,-17,0
36,0,4,-580,-580,-17,-17,0
36,0,5,-1896,-1896,-17,-17,0
36,0,6,1288,1288,127,127,0
36,0,7,287,287,19,19,0
36,0,8,1356,1356,127,127,0
36,0,9,625,625,61,61,0
36,0,10,524,524,49,49,0
36,0,11,-1737,-1737,-17,-17,0
36,0,12,-1223,-1223,-17,-17,0
36,0,13,206,206,9,9,0
36,0,14,705,705,71,71,0
36,0,15,1009,1009,109,109,0
36,1,0,-158,-158,-3,-3,0
36,1,1,-256,-256,-9,-9,0
36,1,2,-3,-3,7,7,0
36,1,3,250,250,23,23,0
37,0,0,-751,-751,-17,-17,0
37,0,1,-178,-178,-17,-17,0
37,0,2,-835,-835,-17,-17,0
37,0,3,-952,-952,-17,-17,0
37,0,4,1181,1181,127,127,0
37,0,5,944,944,101,101,0
37,0,6,-598,-598,-17,-17,0
37,0,7,-1105,-1105,-17,-17,0
37,0,8,-532,-532,-17,-17,0
37,0,9,-679,-679,-17,-17,0
37,0,10,-436,-436,-17,-17,0
37,0,11,947,947,102,102,0
37,0,12,2225,2225,127,127,0
37,0,13,1298,1298,127,127,0
37,0,14,-589,-589,-17,-17,0
37,0,15,-466,-466,-17,-17,0
37,1,0,-1047,-1047,-58,-58,0
37,1,1,1104,1104,76,76,0
37,1,2,-151,-151,-2,-2,0
37,1,3,141,141,16,16,0
38,0,0,-1227,-1227,-17,-17,0
38,0,1,-1342,-1342,-17,-17,0
38,0,2,328,328,24,24,0
38,0,3,528,528,49,49,0
38,0,4,458,458,40,40,0
38,0,5,-947,-947,-17,-17,0
38,0,6,168,168,4,4,0
38,0,7,608,608,59,59,0
38,0,8,-122,-122,-17,-17,0
38,0,9,-912,-912,-17,-17,0
38,0,10,1193,1193,127,127,0
38,0,11,-797,-797,-17,-17,0
38,0,12,-762,-762,-17,-17,0
38,0,13,938,938,100,100,0
38,0,14,1828,1828,127,127,0
38,0,15,-942,-942,-17,-17,0
38,1,0,582,582,43,43,0
38,1,1,854,854,60,60,0
38,1,2,463,463,36,36,0
38,1,3,-513,-513,-25,-25,0
39,0,0,1823,1823,127,127,0
39,0,1,534,534,50,50,0
39,0,2,-410,-410,-17,-17,0
39,0,3,1046,1046,114,114,0
39,0,4,-1578,-1578,-17,-17,0
39,0,5,-2507,-2507,-17,-17,0
39,0,6,-421,-421,-17,-17,0
39,0,7,1200,1200,127,127,0
39,0,8,766,766,79,79,0
39,0,9,707,707,72,72,0
39,0,10,-27,-27,-17,-17,0
39,0,11,-431,-431,-17,-17,0
39,0,12,-760,-760,-17,-17,0
39,0,13,-1149,-1149,-17,-17,0
39,0,14,1147,1147,127,127,0
39,0,15,2108,2108,127,127,0
39,1,0,-213,-213,-6,-6,0
39,1,1,-176,-176,-4,-4,0
39,1,2,940,940,66,66,0
39,1,3,-895,-895,-49,-49,0
40,0,0,178,178,5,5,0
40,0,1,-929,-929,-17,-17,0
40,0,2,-386,-386,-17,-17,0
40,0,3,-983,-983,-17,-17,0
40,0,4,1960,1960,127,127,0
40,0,5,793,793,82,82,0
40,0,6,406,406,34,34,0
40,0,7,1624,1624,127,127,0
40,0,8,-1433,-1433,-17,-17,0
40,0,9,-1820,-1820,-17,-17,0
40,0,10,-1952,-1952,-17,-17,0
40,0,11,211,211,10,10,0
40,0,12,619,619,61,61,0
40,0,13,67,67,-8,-8,0
40,0,14,1585,1585,127,127,0
40,0,15,463,463,41,41,0
40,1,0,433,433,34,34,0
40,1,1,654,654,48,48,0
40,1,2,-815,-815,-44,-44,0
40,1,3,-1270,-1270,-72,-72,0
41,0,0,-1149,-1149,-17,-17,0
41,0,1,-534,-534,-17,-17,0
41,0,2,1521,1521,127,127,0
41,0,3,1176,1176,127,127,0
41,0,4,-1104,-1104,-17,-17,0
41,0,5,-1314,-1314,-17,-17,0
41,0,6,966,966,104,104,0
41,0,7,246,246,14,14,0
41,0,8,-669,-669,-17,-17,0
41,0,9,336,336,25,25,0
41,0,10,936,936,100,100,0
41,0,11,96,96,-5,-5,0
41,0,12,-1719,-1719,-17,-17,0
41,0,13,81,81,-7,-7,0
41,0,14,1071,1071,117,117,0
41,0,15,-864,-864,-17,-17,0
41,1,0,860,860,61,61,0
41,1,1,-437,-437,-20,-20,0
41,1,2,8,8,8,8,0
41,1,3,310,310,26,26,0
42,0,0,524,524,49,49,0
42,0,1,589,589,57,57,0
42,0,2,-141,-141,-17,-17,0
42,0,3,-1291,-1291,-17,-17,0
42,0,4,-806,-806,-17,-17,0
42,0,5,-21,-21,-17,-17,0
42,0,6,1544,1544,127,127,0
42,0,7,-86,-86,-17,-17,0
42,0,8,654,654,65,65,0
42,0,9,464,464,41,41,0
42,0,10,-2066,-2066,-17,-17,0
42,0,11,-1401,-1401,-17,-17,0
42,0,12,-61,-61,-17,-17,0
42,0,13,484,484,44,44,0
42,0,14,1554,1554,127,127,0
42,0,15,809,809,84,84,0
42,1,0,-645,-645,-33,-33,0
42,1,1,-371,-371,-16,-16,0
42,1,2,-682,-682,-36,-36,0
42,1,3,-187,-187,-5,-5,0
43,0,0,-963,-963,-17,-17,0
43,0,1,-965,-965,-17,-17,0
43,0,2,-112,-112,-17,-17,0
43,0,3,1251,1251,127,127,0
43,0,4,499,499,46,46,0
43,0,5,1472,1472,127,127,0
43,0,6,300,300,21,21,0
43,0,7,-587,-587,-17,-17,0
43,0,8,-1249,-1249,-17,-17,0
43,0,9,-981,-981,-17,-17,0
43,0,10,-518,-518,-17,-17,0
43,0,11,1820,1820,127,127,0
43,0,12,-252,-252,-17,-17,0
43,0,13,1336,1336,127,127,0
43,0,14,-1111,-1111,-17,-17,0
43,0,15,-678,-678,-17,-17,0
43,1,0,-2317,-2317,-128,-128,0
43,1,1,156,156,17,17,0
43,1,2,757,757,54,54,0
43,1,3,1852,1852,123,123,0
44,0,0,-927,-927,-17,-17,0
44,0,1,-4079,-4079,-17,-17,0
44,0,2,-2281,-2281,-17,-17,0
44,0,3,687,687,69,69,0
44,0,4,2395,2395,127,127,0
44,0,5,2423,2423,127,127,0
44,0,6,261,261,16,16,0
44,0,7,1024,1024,111,111,0
44,0,8,-2008,-2008,-17,-17,0
44,0,9,-3330,-3330,-17,-17,0
44,0,10,-407,-407,-17,-17,0
44,0,11,2471,2471,127,127,0
44,0,12,1854,1854,127,127,0
44,0,13,697,697,70,70,0
44,0,14,1160,1160,127,127,0
44,0,15,-642,-642,-17,-17,0
44,1,0,-747,-747,-40,-40,0
44,1,1,231,231,22,22,0
44,1,2,-676,-676,-35,-35,0
44,1,3,-400,-400,-18,-18,0
45,0,0,2836,2836,127,127,0
45,0,1,3987,3987,127,127,0
45,0,2,1148,1148,127,127,0
45,0,3,-1901,-1901,-17,-17,0
45,0,4,-2235,-2235,-17,-17,0
45,0,5,-3019,-3019,-17,-17,0
45,0,6,-1193,-1193,-17,-17,0
45,0,7,1338,1338,127,127,0
45,0,8,3584,3584,127,127,0
45,0,9,2830,2830,127,127,0
45,0,10,-9,-9,-17,-17,0
45,0,11,-643,-643,-17,-17,0
45,0,12,-2867,-2867,-17,-17,0
45,0,13,-4596,-4596,-17,-17,0
45,0,14,680,680,68,68,0
45,0,15,3121,3121,127,127,0
45,1,0,763,763,55,55,0
45,1,1,532,532,40,40,0
45,1,2,301,301,26,26,0
45,1,3,-1802,-1802,-106,-106,0
46,0,0,-878,-878,-17,-17,0
46,0,1,-3454,-3454,-17,-17,0
46,0,2,15,15,-15,-15,0
46,0,3,439,439,38,38,0
46,0,4,968,968,104,104,0
46,0,5,1107,1107,122,122,0
46,0,6,-509,-509,-17,-17,0
46,0,7,965,965,104,104,0
46,0,8,-1731,-1731,-17,-17,0
46,0,9,-1607,-1607,-17,-17,0
46,0,10,1937,1937,127,127,0
46,0,11,-279,-279,-17,-17,0
46,0,12,1390,1390,127,127,0
46,0,13,614,614,60,60,0
46,0,14,963,963,104,104,0
46,0,15,-593,-593,-17,-17,0
46,1,0,547,547,41,41,0
46,1,1,1590,1590,106,106,0
46,1,2,540,540,41,41,0
46,1,3,-1225,-1225,-70,-70,0
47,0,0,1283,1283,127,127,0
47,0,1,998,998,108,108,0
47,0,2,-757,-757,-17,-17,0
47,0,3,-202,-202,-17,-17,0
47,0,4,413,413,35,35,0
47,0,5,-847,-847,-17,-17,0
47,0,6,-772,-772,-17,-17,0
47,0,7,1133,1133,125,125,0
47,0,8,1583,1583,127,127,0
47,0,9,128,128,-1,-1,0
47,0,10,-697,-697,-17,-17,0
47,0,11,-1312,-1312,-17,-17,0
47,0,12,-1057,-1057,-17,-17,0
47,0,13,-517,-517,-17,-17,0
47,0,14,563,563,54,54,0
47,0,15,1568,1568,127,127,0
47,1,0,11,11,8,8,0
47,1,1,290,290,25,25,0
47,1,2,569,569,43,43,0
47,1,3,-1024,-1024,-57,-57,0
48,0,0,-1262,-1262,-17,-17,0
48,0,1,1073,1073,117,117,0
48,0,2,3,3,-16,-16,0
48,0,3,1108,1108,122,122,0
48,0,4,-607,-607,-17,-17,0
48,0,5,-657,-657,-17,-17,0
48,0,6,598,598,58,58,0
48,0,7,-97,-97,-17,-17,0
48,0,8,453,453,40,40,0
48,0,9,403,403,34,34,0
48,0,10,848,848,89,89,0
48,0,11,408,408,34,34,0
48,0,12,-1427,-1427,-17,-17,0
48,0,13,-2287,-2287,-17,-17,0
48,0,14,1383,1383,127,127,0
48,0,15,-977,-977,-17,-17,0
48,1,0,-231,-231,-7,-7,0
48,1,1,-1664,-1664,-97,-97,0
48,1,2,-549,-549,-27,-27,0
48,1,3,-344,-344,-15,-15,0
49,0,0,2031,2031,127,127,0
49,0,1,-187,-187,-17,-17,0
49,0,2,175,175,5,5,0
49,0,3,-963,-963,-17,-17,0
49,0,4,-331,-331,-17,-17,0
49,0,5,-2009,-2009,-17,-17,0
49,0,6,-447,-447,-17,-17,0
49,0,7,770,770,79,79,0
49,0,8,1207,1207,127,127,0
49,0,9,-846,-846,-17,-17,0
49,0,10,1061,1061,116,116,0
49,0,11,-272,-272,-17,-17,0
49,0,12,-750,-750,-17,-17,0
49,0,13,-613,-613,-17,-17,0
49,0,14,1114,1114,122,122,0
49,0,15,2316,2316,127,127,0
49,1,0,615,615,46,46,0
49,1,1,926,926,65,65,0
49,1,2,1237,1237,84,84,0
49,1,3,-324,-324,-13,-13,0
50,0,0,-1108,-1108,-17,-17,0
50,0,1,-1502,-1502,-17,-17,0
50,0,2,1509,1509,127,127,0
50,0,3,-85,-85,-17,-17,0
50,0,4,736,736,75,75,0
50,0,5,1467,1467,127,127,0
50,0,6,-1042,-1042,-17,-17,0
50,0,7,-1991,-1991,-17,-17,0
50,0,8,-1830,-1830,-17,-17,0
50,0,9,491,491,45,45,0
50,0,10,1462,1462,127,127,0
50,0,11,-42,-42,-17,-17,0
50,0,12,1034,1034,112,112,0
50,0,13,880,880,93,93,0
50,0,14,-39,-39,-17,-17,0
50,0,15,-823,-823,-17,-17,0
50,1,0,702,702,51,51,0
50,1,1,2437,2437,127,127,0
50,1,2,870,870,61,61,0
50,1,3,-697,-697,-37,-37,0
51,0,0,-2282,-2282,-17,-17,0
51,0,1,96,96,-5,-5,0
51,0,2,-196,-196,-17,-17,0
51,0,3,787,787,82,82,0
51,0,4,-570,-570,-17,-17,0
51,0,5,1613,1613,127,127,0
51,0,6,796,796,83,83,0
51,0,7,-876,-876,-17,-17,0
51,0,8,-508,-508,-17,-17,0
51,0,9,1465,1465,127,127,0
51,0,10,-1137,-1137,-17,-17,0
51,0,11,-229,-229,-17,-17,0
51,0,12,214,214,10,10,0
51,0,13,252,252,15,15,0
51,0,14,515,515,48,48,0
51,0,15,-1997,-1997,-17,-17,0
51,1,0,-1297,-1297,-74,-74,0
51,1,1,-172,-172,-4,-4,0
51,1,2,-48,-48,4,4,0
51,1,3,89,89,13,13,0
52,0,0,-1757,-1757,-17,-17,0
52,0,1,-1162,-1162,-17,-17,0
52,0,2,-1017,-1017,-17,-17,0
52,0,3,-287,-287,-17,-17,0
52,0,4,3338,3338,127,127,0
52,0,5,1563,1563,127,127,0
52,0,6,-527,-527,-17,-17,0
52,0,7,-1792,-1792,-17,-17,0
52,0,8,-897,-897,-17,-17,0
52,0,9,-602,-602,-17,-17,0
52,0,10,-307,-307,-17,-17,0
52,0,11,1518,1518,127,127,0
52,0,12,1813,1813,127,127,0
52,0,13,773,773,80,80,0
52,0,14,-717,-717,-17,-17,0
52,0,15,-1472,-1472,-17,-17,0
52,1,0,-1018,-1018,-57,-57,0
52,1,1,852,852,60,60,0
52,1,2,-411,-411,-19,-19,0
52,1,3,198,198,19,19,0
53,0,0,365,365,29,29,0
53,0,1,453,453,40,40,0
53,0,2,496,496,45,45,0
53,0,3,254,254,15,15,0
53,0,4,-453,-453,-17,-17,0
53,0,5,-1025,-1025,-17,-17,0
53,0,6,368,368,29,29,0
53,0,7,2436,2436,127,127,0
53,0,8,-791,-791,-17,-17,0
53,0,9,-253,-253,-17,-17,0
53,0,10,195,195,8,8,0
53,0,11,-1622,-1622,-17,-17,0
53,0,12,-1249,-1249,-17,-17,0
53,0,13,-366,-366,-17,-17,0
53,0,14,1132,1132,125,125,0
53,0,15,650,650,64,64,0
53,1,0,968,968,68,68,0
53,1,1,379,379,31,31,0
53,1,2,-392,-392,-18,-18,0
53,1,3,-981,-981,-54,-54,0
54,0,0,-3616,-3616,-17,-17,0
54,0,1,-1123,-1123,-17,-17,0
54,0,2,140,140,1,1,0
54,0,3,923,923,99,99,0
54,0,4,611,611,60,60,0
54,0,5,3044,3044,127,127,0
54,0,6,-253,-253,-17,-17,0
54,0,7,-2095,-2095,-17,-17,0
54,0,8,-2917,-2917,-17,-17,0
54,0,9,-409,-409,-17,-17,0
54,0,10,1994,1994,127,127,0
54,0,11,1187,1187,127,127,0
54,0,12,1925,1925,127,127,0
54,0,13,1823,1823,127,127,0
54,0,14,-1294,-1294,-17,-17,0
54,0,15,-3331,-3331,-17,-17,0
54,1,0,-781,-781,-42,-42,0
54,1,1,1184,1184,81,81,0
54,1,2,913,913,64,64,0
54,1,3,1006,1006,70,70,0
55,0,0,-1903,-1903,-17,-17,0
55,0,1,-77,-77,-17,-17,0
55,0,2,1644,1644,127,127,0
55,0,3,-340,-340,-17,-17,0
55,0,4,1186,1186,127,127,0
55,0,5,282,282,18,18,0
55,0,6,-907,-907,-17,-17,0
55,0,7,-806,-806,-17,-17,0
55,0,8,-1665,-1665,-17,-17,0
55,0,9,1046,1046,114,114,0
55,0,10,847,847,89,89,0
55,0,11,63,63,-9,-9,0
55,0,12,1799,1799,127,127,0
55,0,13,-1415,-1415,-17,-17,0
55,0,14,186,186,6,6,0
55,0,15,-1618,-1618,-17,-17,0
55,1,0,1880,1880,125,125,0
55,1,1,948,948,66,66,0
55,1,2,-439,-439,-20,-20,0
55,1,3,-1722,-1722,-101,-101,0
56,0,0,-1380,-1380,-17,-17,0
56,0,1,249,249,14,14,0
56,0,2,1188,1188,127,127,0
56,0,3,-1488,-1488,-17,-17,0
56,0,4,441,441,38,38,0
56,0,5,-75,-75,-17,-17,0
56,0,6,1509,1509,127,127,0
56,0,7,-762,-762,-17,-17,0
56,0,8,-348,-348,-17,-17,0
56,0,9,-144,-144,-17,-17,0
56,0,10,105,105,-4,-4,0
56,0,11,129,129,-1,-1,0
56,0,12,-462,-462,-17,-17,0
56,0,13,342,342,26,26,0
56,0,14,636,636,63,63,0
56,0,15,-1095,-1095,-17,-17,0
56,1,0,416,416,33,33,0
56,1,1,6,6,7,7,0
56,1,2,-963,-963,-53,-53,0
56,1,3,148,148,16,16,0
57,0,0,1044,1044,114,114,0
57,0,1,-226,-226,-17,-17,0
57,0,2,844,844,89,89,0
57,0,3,1524,1524,127,127,0
57,0,4,104,104,-4,-4,0
57,0,5,-1436,-1436,-17,-17,0
57,0,6,-381,-381,-17,-17,0
57,0,7,1229,1229,127,127,0
57,0,8,214,214,10,10,0
57,0,9,534,534,50,50,0
57,0,10,224,224,11,11,0
57,0,11,-281,-281,-17,-17,0
57,0,12,-876,-876,-17,-17,0
57,0,13,-2266,-2266,-17,-17,0
57,0,14,-311,-311,-17,-17,0
57,0,15,1329,1329,127,127,0
57,1,0,791,791,57,57,0
57,1,1,969,969,68,68,0
57,1,2,1667,1667,111,111,0
57,1,3,142,142,16,16,0
58,0,0,2290,2290,127,127,0
58,0,1,-343,-343,-17,-17,0
58,0,2,-66,-66,-17,-17,0
58,0,3,-2234,-2234,-17,-17,0
58,0,4,-1237,-1237,-17,-17,0
58,0,5,-15,-15,-17,-17,0
58,0,6,-83,-83,-17,-17,0
58,0,7,1859,1859,127,127,0
58,0,8,411,411,35,35,0
58,0,9,-572,-572,-17,-17,0
58,0,10,-280,-280,-17,-17,0
58,0,11,-528,-528,-17,-17,0
58,0,12,-116,-116,-17,-17,0
58,0,13,356,356,28,28,0
58,0,14,498,498,45,45,0
58,0,15,2575,2575,127,127,0
58,1,0,42,42,10,10,0
58,1,1,1400,1400,95,95,0
58,1,2,977,977,68,68,0
58,1,3,-122,-122,-1,-1,0
59,0,0,-701,-701,-17,-17,0
59,0,1,0,0,-17,-17,0
59,0,2,206,206,9,9,0
59,0,3,-593,-593,-17,-17,0
59,0,4,-2127,-2127,-17,-17,0
59,0,5,-946,-946,-17,-17,0
59,0,6,715,715,73,73,0
59,0,7,1041,1041,113,113,0
59,0,8,1202,1202,127,127,0
59,0,9,1498,1498,127,127,0
59,0,10,1014,1014,110,110,0
59,0,11,-1360,-1360,-17,-17,0
59,0,12,-224,-224,-17,-17,0
59,0,13,-1233,-1233,-17,-17,0
59,0,14,1448,1448,127,127,0
59,0,15,-416,-416,-17,-17,0
59,1,0,789,789,56,56,0
59,1,1,-738,-738,-39,-39,0
59,1,2,-393,-393,-18,-18,0
59,1,3,-750,-750,-40,-40,0
60,0,0,366,366,29,29,0
60,0,1,-230,-230,-17,-17,0
60,0,2,749,749,77,77,0
60,0,3,-297,-297,-17,-17,0
60,0,4,-1043,-1043,-17,-17,0
60,0,5,221,221,11,11,0
60,0,6,600,600,58,58,0
60,0,7,394,394,32,32,0
60,0,8,-172,-172,-17,-17,0
60,0,9,912,912,97,97,0
60,0,10,-479,-479,-17,-17,0
60,0,11,-1075,-1075,-17,-17,0
60,0,12,-801,-801,-17,-17,0
60,0,13,718,718,73,73,0
60,0,14,77,77,-7,-7,0
60,0,15,651,651,65,65,0
60,1,0,166,166,17,17,0
60,1,1,1205,1205,82,82,0
60,1,2,112,112,14,14,0
60,1,3,-6,-6,7,7,0
61,0,0,-1713,-1713,-17,-17,0
61,0,1,677,677,68,68,0
61,0,2,2392,2392,127,127,0
61,0,3,1317,1317,127,127,0
61,0,4,-223,-223,-17,-17,0
61,0,5,-2123,-2123,-17,-17,0
61,0,6,432,432,37,37,0
61,0,7,-283,-283,-17,-17,0
61,0,8,-788,-788,-17,-17,0
61,0,9,702,702,71,71,0
61,0,10,1412,1412,127,127,0
61,0,11,-38,-38,-17,-17,0
61,0,12,-858,-858,-17,-17,0
61,0,13,-403,-403,-17,-17,0
61,0,14,-563,-563,-17,-17,0
61,0,15,-1428,-1428,-17,-17,0
61,1,0,1085,1085,75,75,0
61,1,1,-150,-150,-2,-2,0
61,1,2,487,487,38,38,0
61,1,3,-46,-46,4,4,0
62,0,0,-648,-648,-17,-17,0
62,0,1,-251,-251,-17,-17,0
62,0,2,-529,-529,-17,-17,0
62,0,3,-1032,-1032,-17,-17,0
62,0,4,-440,-440,-17,-17,0
62,0,5,887,887,94,94,0
62,0,6,-711,-711,-17,-17,0
62,0,7,931,931,100,100,0
62,0,8,563,563,54,54,0
62,0,9,240,240,13,13,0
62,0,10,-1103,-1103,-17,-17,0
62,0,11,209,209,9,9,0
62,0,12,966,966,104,104,0
62,0,13,553,553,52,52,0
62,0,14,305,305,21,21,0
62,0,15,-363,-363,-17,-17,0
62,1,0,-587,-587,-30,-30,0
62,1,1,670,670,49,49,0
62,1,2,510,510,39,39,0
62,1,3,-235,-235,-8,-8,0
63,0,0,-434,-434,-17,-17,0
63,0,1,22,22,-14,-14,0
63,0,2,703,703,71,71,0
63,0,3,1549,1549,127,127,0
63,0,4,1405,1405,127,127,0
63,0,5,-734,-734,-17,-17,0
63,0,6,-1328,-1328,-17,-17,0
63,0,7,-512,-512,-17,-17,0
63,0,8,-1286,-1286,-17,-17,0
63,0,9,-125,-125,-17,-17,0
63,0,10,376,376,30,30,0
63,0,11,2602,2602,127,127,0
63,0,12,-107,-107,-17,-17,0
63,0,13,-1391,-1391,-17,-17,0
63,0,14,-800,-800,-17,-17,0
63,0,15,-149,-149,-17,-17,0
63,1,0,189,189,19,19,0
63,1,1,-868,-868,-47,-47,0
63,1,2,-53,-53,4,4,0
63,1,3,762,762,55,55,0
64,0,0,410,410,34,34,0
64,0,1,-389,-389,-17,-17,0
64,0,2,57,57,-10,-10,0
64,0,3,1043,1043,114,114,0
64,0,4,769,769,79,79,0
64,0,5,-1140,-1140,-17,-17,0
64,0,6,-349,-349,-17,-17,0
64,0,7,-98,-98,-17,-17,0
64,0,8,1143,1143,126,126,0
64,0,9,314,314,22,22,0
64,0,10,235,235,13,13,0
64,0,11,1341,1341,127,127,0
64,0,12,107,107,-3,-3,0
64,0,13,-2147,-2147,-17,-17,0
64,0,14,-1356,-1356,-17,-17,0
64,0,15,695,695,70,70,0
64,1,0,-686,-686,-36,-36,0
64,1,1,-1424,-1424,-82,-82,0
64,1,2,737,737,53,53,0
64,1,3,1208,1208,83,83,0
65,0,0,-790,-790,-17,-17,0
65,0,1,71,71,-8,-8,0
65,0,2,-223,-223,-17,-17,0
65,0,3,-742,-742,-17,-17,0
65,0,4,869,869,92,92,0
65,0,5,425,425,36,36,0
65,0,6,-274,-274,-17,-17,0
65,0,7,242,242,13,13,0
65,0,8,428,428,37,37,0
65,0,9,374,374,30,30,0
65,0,10,-805,-805,-17,-17,0
65,0,11,1286,1286,127,127,0
65,0,12,452,452,40,40,0
65,0,13,128,128,-1,-1,0
65,0,14,-1501,-1501,-17,-17,0
65,0,15,-505,-505,-17,-17,0
65,1,0,-447,-447,-21,-21,0
65,1,1,-505,-505,-25,-25,0
65,1,2,-758,-758,-40,-40,0
65,1,3,159,159,17,17,0
66,0,0,2618,2618,127,127,0
66,0,1,2705,2705,127,127,0
66,0,2,-43,-43,-17,-17,0
66,0,3,-2101,-2101,-17,-17,0
66,0,4,-3124,-3124,-17,-17,0
66,0,5,-907,-907,-17,-17,0
66,0,6,-715,-715,-17,-17,0
66,0,7,1907,1907,127,127,0
66,0,8,3179,3179,127,127,0
66,0,9,1661,1661,127,127,0
66,0,10,-1177,-1177,-17,-17,0
66,0,11,-3055,-3055,-17,-17,0
66,0,12,-1543,-1543,-17,-17,0
66,0,13,-421,-421,-17,-17,0
66,0,14,956,956,103,103,0
66,0,15,2903,2903,127,127,0
66,1,0,43,43,10,10,0
66,1,1,30,30,9,9,0
66,1,2,17,17,8,8,0
66,1,3,-1868,-1868,-110,-110,0
67,0,0,826,826,86,86,0
67,0,1,-667,-667,-17,-17,0
67,0,2,-750,-750,-17,-17,0
67,0,3,-848,-848,-17,-17,0
67,0,4,-2626,-2626,-17,-17,0
67,0,5,-609,-609,-17,-17,0
67,0,6,3148,3148,127,127,0
67,0,7,1760,1760,127,127,0
67,0,8,777,777,80,80,0
67,0,9,-596,-596,-17,-17,0
67,0,10,-1324,-1324,-17,-17,0
67,0,11,-1857,-1857,-17,-17,0
67,0,12,-590,-590,-17,-17,0
67,0,13,1262,1262,127,127,0
67,0,14,2034,2034,127,127,0
67,0,15,1111,1111,122,122,0
67,1,0,-597,-597,-30,-30,0
67,1,1,867,867,61,61,0
67,1,2,381,381,31,31,0
67,1,3,506,506,39,39,0
68,0,0,-1276,-1276,-17,-17,0
68,0,1,1333,1333,127,127,0
68,0,2,-993,-993,-17,-17,0
68,0,3,-889,-889,-17,-17,0
68,0,4,745,745,76,76,0
68,0,5,-321,-321,-17,-17,0
68,0,6,38,38,-12,-12,0
68,0,7,487,487,44,44,0
68,0,8,66,66,-9,-9,0
68,0,9,-310,-310,-17,-17,0
68,0,10,349,349,27,27,0
68,0,11,-402,-402,-17,-17,0
68,0,12,-13,-13,-17,-17,0
68,0,13,1,1,-17,-17,0
68,0,14,1125,1125,124,124,0
68,0,15,-991,-991,-17,-17,0
68,1,0,556,556,42,42,0
68,1,1,-353,-353,-15,-15,0
68,1,2,-1158,-1158,-65,-65,0
68,1,3,-2002,-2002,-118,-118,0
69,0,0,-391,-391,-17,-17,0
69,0,1,296,296,20,20,0
69,0,2,1058,1058,115,115,0
69,0,3,2555,2555,127,127,0
69,0,4,422,422,36,36,0
69,0,5,-691,-691,-17,-17,0
69,0,6,-454,-454,-17,-17,0
69,0,7,-1942,-1942,-17,-17,0
69,0,8,-1240,-1240,-17,-17,0
69,0,9,287,287,19,19,0
69,0,10,1589,1589,127,127,0
69,0,11,1901,1901,127,127,0
69,0,12,-142,-142,-17,-17,0
69,0,13,-1615,-1615,-17,-17,0
69,0,14,-1693,-1693,-17,-17,0
69,0,15,-106,-106,-17,-17,0
69,1,0,845,845,60,60,0
69,1,1,-452,-452,-21,-21,0
69,1,2,123,123,15,15,0
69,1,3,698,698,51,51,0
70,0,0,-1087,-1087,-17,-17,0
70,0,1,-1333,-1333,-17,-17,0
70,0,2,-439,-439,-17,-17,0
70,0,3,-1510,-1510,-17,-17,0
70,0,4,-61,-61,-17,-17,0
70,0,5,-937,-937,-17,-17,0
70,0,6,1442,1442,127,127,0
70,0,7,701,701,71,71,0
70,0,8,-610,-610,-17,-17,0
70,0,9,-61,-61,-17,-17,0
70,0,10,-817,-817,-17,-17,0
70,0,11,137,137,0,0,0
70,0,12,1256,1256,127,127,0
70,0,13,545,545,51,51,0
70,0,14,2714,2714,127,127,0
70,0,15,-802,-802,-17,-17,0
70,1,0,165,165,17,17,0
70,1,1,-78,-78,2,2,0
70,1,2,-1205,-1205,-68,-68,0
70,1,3,-239,-239,-8,-8,0
71,0,0,1704,1704,127,127,0
71,0,1,1376,1376,127,127,0
71,0,2,-977,-977,-17,-17,0
71,0,3,-1350,-1350,-17,-17,0
71,0,4,-148,-148,-17,-17,0
71,0,5,-1001,-1001,-17,-17,0
71,0,6,81,81,-7,-7,0
71,0,7,563,563,54,54,0
71,0,8,2635,2635,127,127,0
71,0,9,447,447,39,39,0
71,0,10,-406,-406,-17,-17,0
71,0,11,-884,-884,-17,-17,0
71,0,12,-1527,-1527,-17,-17,0
71,0,13,-1795,-1795,-17,-17,0
71,0,14,1222,1222,127,127,0
71,0,15,1989,1989,127,127,0
71,1,0,-347,-347,-15,-15,0
71,1,1,-106,-106,0,0,0
71,1,2,135,135,16,16,0
71,1,3,-1366,-1366,-78,-78,0
72,0,0,1204,1204,127,127,0
72,0,1,2096,2096,127,127,0
72,0,2,48,48,-11,-11,0
72,0,3,-965,-965,-17,-17,0
72,0,4,-2458,-2458,-17,-17,0
72,0,5,369,369,29,29,0
72,0,6,-809,-809,-17,-17,0
72,0,7,1478,1478,127,127,0
72,0,8,2925,2925,127,127,0
72,0,9,757,757,78,78,0
72,0,10,-1681,-1681,-17,-17,0
72,0,11,-2319,-2319,-17,-17,0
72,0,12,-1022,-1022,-17,-17,0
72,0,13,-370,-370,-17,-17,0
72,0,14,687,687,69,69,0
72,0,15,1489,1489,127,127,0
72,1,0,-252,-252,-9,-9,0
72,1,1,395,395,32,32,0
72,1,2,444,444,35,35,0
72,1,3,-1379,-1379,-79,-79,0
73,0,0,195,195,8,8,0
73,0,1,1098,1098,120,120,0
73,0,2,1146,1146,126,126,0
73,0,3,-126,-126,-17,-17,0
73,0,4,-1188,-1188,-17,-17,0
73,0,5,-405,-405,-17,-17,0
73,0,6,-2052,-2052,-17,-17,0
73,0,7,-969,-969,-17,-17,0
73,0,8,984,984,106,106,0
73,0,9,-393,-393,-17,-17,0
73,0,10,1785,1785,127,127,0
73,0,11,-567,-567,-17,-17,0
73,0,12,711,711,72,72,0
73,0,13,264,264,16,16,0
73,0,14,-543,-543,-17,-17,0
73,0,15,480,480,43,43,0
73,1,0,1263,1263,86,86,0
73,1,1,592,592,44,44,0
73,1,2,766,766,55,55,0
73,1,3,-659,-659,-34,-34,0
74,0,0,-1583,-1583,-17,-17,0
74,0,1,377,377,30,30,0
74,0,2,1092,1092,120,120,0
74,0,3,877,877,93,93,0
74,0,4,1007,1007,109,109,0
74,0,5,1122,1122,123,123,0
74,0,6,-2918,-2918,-17,-17,0
74,0,7,-2668,-2668,-17,-17,0
74,0,8,-1518,-1518,-17,-17,0
74,0,9,2467,2467,127,127,0
74,0,10,2042,2042,127,127,0
74,0,11,117,117,-2,-2,0
74,0,12,982,982,106,106,0
74,0,13,-88,-88,-17,-17,0
74,0,14,-1368,-1368,-17,-17,0
74,0,15,-1298,-1298,-17,-17,0
74,1,0,1013,1013,70,70,0
74,1,1,944,944,66,66,0
74,1,2,485,485,37,37,0
74,1,3,-1209,-1209,-69,-69,0
75,0,0,1158,1158,127,127,0
75,0,1,394,394,32,32,0
75,0,2,1865,1865,127,127,0
75,0,3,-1059,-1059,-17,-17,0
75,0,4,-2663,-2663,-17,-17,0
75,0,5,-1447,-1447,-17,-17,0
75,0,6,849,849,89,89,0
75,0,7,3145,3145,127,127,0
75,0,8,836,836,88,88,0
75,0,9,1047,1047,114,114,0
75,0,10,58,58,-10,-10,0
75,0,11,-2791,-2791,-17,-17,0
75,0,12,-2985,-2985,-17,-17,0
75,0,13,-419,-419,-17,-17,0
75,0,14,1952,1952,127,127,0
75,0,15,1443,1443,127,127,0
75,1,0,842,842,60,60,0
75,1,1,561,561,42,42,0
75,1,2,-227,-227,-7,-7,0
75,1,3,-1002,-1002,-56,-56,0
76,0,0,-225,-225,-17,-17,0
76,0,1,-1194,-1194,-17,-17,0
76,0,2,-438,-438,-17,-17,0
76,0,3,-507,-507,-17,-17,0
76,0,4,-1386,-1386,-17,-17,0
76,0,5,-975,-975,-17,-17,0
76,0,6,2646,2646,127,127,0
76,0,7,1197,1197,127,127,0
76,0,8,168,168,4,4,0
76,0,9,-606,-606,-17,-17,0
76,0,10,-1530,-1530,-17,-17,0
76,0,11,-189,-189,-17,-17,0
76,0,12,-393,-393,-17,-17,0
76,0,13,663,663,66,66,0
76,0,14,2709,2709,127,127,0
76,0,15,60,60,-9,-9,0
76,1,0,-128,-128,-1,-1,0
76,1,1,-54,-54,4,4,0
76,1,2,-786,-786,-42,-42,0
76,1,3,81,81,12,12,0
77,0,0,746,746,76,76,0
77,0,1,648,648,64,64,0
77,0,2,1735,1735,127,127,0
77,0,3,1037,1037,113,113,0
77,0,4,-1371,-1371,-17,-17,0
77,0,5,-3299,-3299,-17,-17,0
77,0,6,-832,-832,-17,-17,0
77,0,7,915,915,98,98,0
77,0,8,1642,1642,127,127,0
77,0,9,2114,2114,127,127,0
77,0,10,1956,1956,127,127,0
77,0,11,-947,-947,-17,-17,0
77,0,12,-1840,-1840,-17,-17,0
77,0,13,-2223,-2223,-17,-17,0
77,0,14,-341,-341,-17,-17,0
77,0,15,1031,1031,112,112,0
77,1,0,1301,1301,88,88,0
77,1,1,345,345,29,29,0
77,1,2,1742,1742,116,116,0
77,1,3,-423,-423,-19,-19,0
78,0,0,1392,1392,127,127,0
78,0,1,-162,-162,-17,-17,0
78,0,2,-1476,-1476,-17,-17,0
78,0,3,-2805,-2805,-17,-17,0
78,0,4,-1659,-1659,-17,-17,0
78,0,5,-1323,-1323,-17,-17,0
78,0,6,3123,3123,127,127,0
78,0,7,3339,3339,127,127,0
78,0,8,1965,1965,127,127,0
78,0,9,-1449,-1449,-17,-17,0
78,0,10,-2103,-2103,-17,-17,0
78,0,11,-1227,-1227,-17,-17,0
78,0,12,-1221,-1221,-17,-17,0
78,0,13,-30,-30,-17,-17,0
78,0,14,3576,3576,127,127,0
78,0,15,1677,1677,127,127,0
78,1,0,-245,-245,-8,-8,0
78,1,1,-18,-18,6,6,0
78,1,2,209,209,20,20,0
78,1,3,436,436,34,34,0
79,0,0,-851,-851,-17,-17,0
79,0,1,-1317,-1317,-17,-17,0
79,0,2,-943,-943,-17,-17,0
79,0,3,2191,2191,127,127,0
79,0,4,1005,1005,109,109,0
79,0,5,584,584,56,56,0
79,0,6,-1802,-1802,-17,-17,0
79,0,7,192,192,7,7,0
79,0,8,-1204,-1204,-17,-17,0
79,0,9,-2240,-2240,-17,-17,0
79,0,10,519,519,48,48,0
79,0,11,2168,2168,127,127,0
79,0,12,1672,1672,127,127,0
79,0,13,1086,1086,119,119,0
79,0,14,-1120,-1120,-17,-17,0
79,0,15,-566,-566,-17,-17,0
79,1,0,-769,-769,-41,-41,0
79,1,1,319,319,27,27,0
79,1,2,562,562,42,42,0
79,1,3,805,805,57,57,0
80,0,0,-83,-83,-17,-17,0
80,0,1,183,183,6,6,0
80,0,2,59,59,-9,-9,0
80,0,3,1015,1015,110,110,0
80,0,4,486,486,44,44,0
80,0,5,-1303,-1303,-17,-17,0
80,0,6,208,208,9,9,0
80,0,7,1389,1389,127,127,0
80,0,8,-1360,-1360,-17,-17,0
80,0,9,-1289,-1289,-17,-17,0
80,0,10,1602,1602,127,127,0
80,0,11,-202,-202,-17,-17,0
80,0,12,-236,-236,-17,-17,0
80,0,13,-585,-585,-17,-17,0
80,0,14,56,56,-10,-10,0
80,0,15,202,202,8,8,0
80,1,0,1219,1219,83,83,0
80,1,1,172,172,18,18,0
80,1,2,776,776,56,56,0
80,1,3,67,67,11,11,0
81,0,0,-135,-135,-17,-17,0
81,0,1,-1334,-1334,-17,-17,0
81,0,2,782,782,81,81,0
81,0,3,-1317,-1317,-17,-17,0
81,0,4,-251,-251,-17,-17,0
81,0,5,1355,1355,127,127,0
81,0,6,546,546,51,51,0
81,0,7,352,352,27,27,0
81,0,8,-217,-217,-17,-17,0
81,0,9,594,594,57,57,0
81,0,10,-875,-875,-17,-17,0
81,0,11,-529,-529,-17,-17,0
81,0,12,1032,1032,112,112,0
81,0,13,673,673,67,67,0
81,0,14,-736,-736,-17,-17,0
81,0,15,150,150,2,2,0
81,1,0,-231,-231,-7,-7,0
81,1,1,1496,1496,101,101,0
81,1,2,259,259,23,23,0
81,1,3,-94,-94,1,1,0
82,0,0,-944,-944,-17,-17,0
82,0,1,-1868,-1868,-17,-17,0
82,0,2,313,313,22,22,0
82,0,3,-1526,-1526,-17,-17,0
82,0,4,340,340,26,26,0
82,0,5,-674,-674,-17,-17,0
82,0,6,3352,3352,127,127,0
82,0,7,178,178,5,5,0
82,0,8,-401,-401,-17,-17,0
82,0,9,-365,-365,-17,-17,0
82,0,10,121,121,-2,-2,0
82,0,11,-113,-113,-17,-17,0
82,0,12,-1157,-1157,-17,-17,0
82,0,13,1054,1054,115,115,0
82,0,14,1630,1630,127,127,0
82,0,15,-659,-659,-17,-17,0
82,1,0,-446,-446,-21,-21,0
82,1,1,275,275,24,24,0
82,1,2,-720,-720,-38,-38,0
82,1,3,157,157,17,17,0
83,0,0,-1535,-1535,-17,-17,0
83,0,1,1825,1825,127,127,0
83,0,2,2920,2920,127,127,0
83,0,3,2080,2080,127,127,0
83,0,4,460,460,41,41,0
83,0,5,-2630,-2630,-17,-17,0
83,0,6,-4415,-4415,-17,-17,0
83,0,7,-1610,-1610,-17,-17,0
83,0,8,85,85,-6,-6,0
83,0,9,3340,3340,127,127,0
83,0,10,2890,2890,127,127,0
83,0,11,1450,1450,127,127,0
83,0,12,-845,-845,-17,-17,0
83,0,13,-1550,-1550,-17,-17,0
83,0,14,-2525,-2525,-17,-17,0
83,0,15,-1250,-1250,-17,-17,0
83,1,0,979,979,68,68,0
83,1,1,-804,-804,-43,-43,0
83,1,2,-572,-572,-29,-29,0
83,1,3,-483,-483,-23,-23,0
84,0,0,-215,-215,-17,-17,0
84,0,1,-258,-258,-17,-17,0
84,0,2,254,254,15,15,0
84,0,3,2161,2161,127,127,0
84,0,4,453,453,40,40,0
84,0,5,-1375,-1375,-17,-17,0
84,0,6,-308,-308,-17,-17,0
84,0,7,144,144,1,1,0
84,0,8,-1504,-1504,-17,-17,0
84,0,9,-662,-662,-17,-17,0
84,0,10,840,840,88,88,0
84,0,11,617,617,60,60,0
84,0,12,-371,-371,-17,-17,0
84,0,13,-864,-864,-17,-17,0
84,0,14,1028,1028,112,112,0
84,0,15,70,70,-8,-8,0
84,1,0,334,334,28,28,0
84,1,1,-725,-725,-38,-38,0
84,1,2,88,88,13,13,0
84,1,3,30,30,9,9,0
85,0,0,-704,-704,-17,-17,0
85,0,1,1145,1145,126,126,0
85,0,2,-771,-771,-17,-17,0
85,0,3,-797,-797,-17,-17,0
85,0,4,467,467,42,42,0
85,0,5,-144,-144,-17,-17,0
85,0,6,-875,-875,-17,-17,0
85,0,7,914,914,97,97,0
85,0,8,-267,-267,-17,-17,0
85,0,9,-128,-128,-17,-17,0
85,0,10,-2089,-2089,-17,-17,0
85,0,11,705,705,71,71,0
85,0,12,184,184,6,6,0
85,0,13,1073,1073,117,117,0
85,0,14,1227,1227,127,127,0
85,0,15,-419,-419,-17,-17,0
85,1,0,-304,-304,-12,-12,0
85,1,1,111,111,14,14,0
85,1,2,-1216,-1216,-69,-69,0
85,1,3,-1399,-1399,-80,-80,0
86,0,0,112,112,-3,-3,0
86,0,1,383,383,31,31,0
86,0,2,1689,1689,127,127,0
86,0,3,2095,2095,127,127,0
86,0,4,176,176,5,5,0
86,0,5,-2208,-2208,-17,-17,0
86,0,6,-1682,-1682,-17,-17,0
86,0,7,-166,-166,-17,-17,0
86,0,8,-735,-735,-17,-17,0
86,0,9,586,586,56,56,0
86,0,10,2432,2432,127,127,0
86,0,11,483,483,44,44,0
86,0,12,-1091,-1091,-17,-17,0
86,0,13,-2020,-2020,-17,-17,0
86,0,14,-114,-114,-17,-17,0
86,0,15,397,397,33,33,0
86,1,0,1226,1226,84,84,0
86,1,1,91,91,13,13,0
86,1,2,646,646,47,47,0
86,1,3,122,122,15,15,0
87,0,0,-1291,-1291,-17,-17,0
87,0,1,536,536,50,50,0
87,0,2,308,308,22,22,0
87,0,3,-2410,-2410,-17,-17,0
87,0,4,437,437,38,38,0
87,0,5,149,149,2,2,0
87,0,6,1226,1226,127,127,0
87,0,7,23,23,-14,-14,0
87,0,8,-580,-580,-17,-17,0
87,0,9,-133,-133,-17,-17,0
87,0,10,-1186,-1186,-17,-17,0
87,0,11,-694,-694,-17,-17,0
87,0,12,1283,1283,127,127,0
87,0,13,515,515,48,48,0
87,0,14,1757,1757,127,127,0
87,0,15,-1006,-1006,-17,-17,0
87,1,0,65,65,11,11,0
87,1,1,-120,-120,-1,-1,0
87,1,2,-1397,-1397,-80,-80,0
87,1,3,-802,-802,-43,-43,0
88,0,0,184,184,6,6,0
88,0,1,119,119,-2,-2,0
88,0,2,-1086,-1086,-17,-17,0
88,0,3,-1841,-1841,-17,-17,0
88,0,4,299,299,21,21,0
88,0,5,-321,-321,-17,-17,0
88,0,6,1039,1039,113,113,0
88,0,7,2099,2099,127,127,0
88,0,8,534,534,50,50,0
88,0,9,-1556,-1556,-17,-17,0
88,0,10,-196,-196,-17,-17,0
88,0,11,-1386,-1386,-17,-17,0
88,0,12,829,829,87,87,0
88,0,13,704,704,71,71,0
88,0,14,519,519,48,48,0
88,0,15,469,469,42,42,0
88,1,0,205,205,20,20,0
88,1,1,265,265,24,24,0
88,1,2,-247,-247,-8,-8,0
88,1,3,60,60,11,11,0
89,0,0,-165,-165,-17,-17,0
89,0,1,2680,2680,127,127,0
89,0,2,2345,2345,127,127,0
89,0,3,-135,-135,-17,-17,0
89,0,4,-2705,-2705,-17,-17,0
89,0,5,-3715,-3715,-17,-17,0
89,0,6,135,135,0,0,0
89,0,7,460,460,41,41,0
89,0,8,1460,1460,127,127,0
89,0,9,4050,4050,127,127,0
89,0,10,2095,2095,127,127,0
89,0,11,-2155,-2155,-17,-17,0
89,0,12,-2925,-2925,-17,-17,0
89,0,13,-2360,-2360,-17,-17,0
89,0,14,875,875,93,93,0
89,0,15,120,120,-2,-2,0
89,1,0,1341,1341,91,91,0
89,1,1,-416,-416,-19,-19,0
89,1,2,-301,-301,-12,-12,0
89,1,3,-1837,-1837,-108,-108,0
90,0,0,1588,1588,127,127,0
90,0,1,1184,1184,127,127,0
90,0,2,-1065,-1065,-17,-17,0
90,0,3,-749,-749,-17,-17,0
90,0,4,-763,-763,-17,-17,0
90,0,5,-297,-297,-17,-17,0
90,0,6,829,829,87,87,0
90,0,7,1520,1520,127,127,0
90,0,8,426,426,36,36,0
90,0,9,247,247,14,14,0
90,0,10,-1942,-1942,-17,-17,0
90,0,11,-1941,-1941,-17,-17,0
90,0,12,865,865,91,91,0
90,0,13,-154,-154,-17,-17,0
90,0,14,192,192,7,7,0
90,0,15,1873,1873,127,127,0
90,1,0,514,514,39,39,0
90,1,1,677,677,49,49,0
90,1,2,-343,-343,-14,-14,0
90,1,3,-700,-700,-37,-37,0
91,0,0,-1169,-1169,-17,-17,0
91,0,1,-365,-365,-17,-17,0
91,0,2,-2006,-2006,-17,-17,0
91,0,3,-782,-782,-17,-17,0
91,0,4,-1148,-1148,-17,-17,0
91,0,5,811,811,85,85,0
91,0,6,1690,1690,127,127,0
91,0,7,619,619,61,61,0
91,0,8,-1022,-1022,-17,-17,0
91,0,9,-413,-413,-17,-17,0
91,0,10,-59,-59,-17,-17,0
91,0,11,745,745,76,76,0
91,0,12,-566,-566,-17,-17,0
91,0,13,2353,2353,127,127,0
91,0,14,1252,1252,127,127,0
91,0,15,-884,-884,-17,-17,0
91,1,0,-1451,-1451,-84,-84,0
91,1,1,420,420,33,33,0
91,1,2,-907,-907,-50,-50,0
91,1,3,847,847,60,60,0
92,0,0,-1617,-1617,-17,-17,0
92,0,1,-315,-315,-17,-17,0
92,0,2,102,102,-4,-4,0
92,0,3,354,354,27,27,0
92,0,4,-1119,-1119,-17,-17,0
92,0,5,738,738,75,75,0
92,0,6,1350,1350,127,127,0
92,0,7,-498,-498,-17,-17,0
92,0,8,-1191,-1191,-17,-17,0
92,0,9,-969,-969,-17,-17,0
92,0,10,48,48,-11,-11,0
92,0,11,-705,-705,-17,-17,0
92,0,12,732,732,75,75,0
92,0,13,2304,2304,127,127,0
92,0,14,726,726,74,74,0
92,0,15,-1332,-1332,-17,-17,0
92,1,0,-1272,-1272,-73,-73,0
92,1,1,627,627,46,46,0
92,1,2,30,30,9,9,0
92,1,3,733,733,53,53,0
93,0,0,2017,2017,127,127,0
93,0,1,-1184,-1184,-17,-17,0
93,0,2,-740,-740,-17,-17,0
93,0,3,-1646,-1646,-17,-17,0
93,0,4,1123,1123,124,124,0
93,0,5,37,37,-12,-12,0
93,0,6,-239,-239,-17,-17,0
93,0,7,955,955,103,103,0
93,0,8,829,829,87,87,0
93,0,9,-467,-467,-17,-17,0
93,0,10,-2258,-2258,-17,-17,0
93,0,11,31,31,-13,-13,0
93,0,12,1030,1030,112,112,0
93,0,13,169,169,4,4,0
93,0,14,283,283,19,19,0
93,0,15,2302,2302,127,127,0
93,1,0,489,489,38,38,0
93,1,1,1086,1086,75,75,0
93,1,2,825,825,59,59,0
93,1,3,-736,-736,-39,-39,0
94,0,0,1713,1713,127,127,0
94,0,1,867,867,92,92,0
94,0,2,-324,-324,-17,-17,0
94,0,3,-2730,-2730,-17,-17,0
94,0,4,-1716,-1716,-17,-17,0
94,0,5,348,348,27,27,0
94,0,6,1677,1677,127,127,0
94,0,7,2901,2901,127,127,0
94,0,8,930,930,99,99,0
94,0,9,-21,-21,-17,-17,0
94,0,10,-1002,-1002,-17,-17,0
94,0,11,-2358,-2358,-17,-17,0
94,0,12,-1359,-1359,-17,-17,0
94,0,13,-990,-990,-17,-17,0
94,0,14,2004,2004,127,127,0
94,0,15,1998,1998,127,127,0
94,1,0,-397,-397,-18,-18,0
94,1,1,152,152,17,17,0
94,1,2,-235,-235,-8,-8,0
94,1,3,-258,-258,-9,-9,0
95,0,0,2981,2981,127,127,0
95,0,1,339,339,26,26,0
95,0,2,367,367,29,29,0
95,0,3,-1615,-1615,-17,-17,0
95,0,4,-2712,-2712,-17,-17,0
95,0,5,-89,-89,-17,-17,0
95,0,6,-241,-241,-17,-17,0
95,0,7,2427,2427,127,127,0
95,0,8,2080,2080,127,127,0
95,0,9,-1117,-1117,-17,-17,0
95,0,10,-129,-129,-17,-17,0
95,0,11,-2876,-2876,-17,-17,0
95,0,12,-1573,-1573,-17,-17,0
95,0,13,780,780,81,81,0
95,0,14,1318,1318,127,127,0
95,0,15,3266,3266,127,127,0
95,1,0,-361,-361,-16,-16,0
95,1,1,1054,1054,73,73,0
95,1,2,1195,1195,82,82,0
95,1,3,-536,-536,-27,-27,0
96,0,0,1444,1444,127,127,0
96,0,1,765,765,79,79,0
96,0,2,1751,1751,127,127,0
96,0,3,-128,-128,-17,-17,0
96,0,4,-1452,-1452,-17,-17,0
96,0,5,-2131,-2131,-17,-17,0
96,0,6,-3110,-3110,-17,-17,0
96,0,7,816,816,85,85,0
96,0,8,1307,1307,127,127,0
96,0,9,2908,2908,127,127,0
96,0,10,1209,1209,127,127,0
96,0,11,-685,-685,-17,-17,0
96,0,12,-884,-884,-17,-17,0
96,0,13,-843,-843,-17,-17,0
96,0,14,-1027,-1027,-17,-17,0
96,0,15,1729,1729,127,127,0
96,1,0,1459,1459,98,98,0
96,1,1,1290,1290,88,88,0
96,1,2,1121,1121,77,77,0
96,1,3,-920,-920,-51,-51,0
97,0,0,1105,1105,121,121,0
97,0,1,2173,2173,127,127,0
97,0,2,-1034,-1034,-17,-17,0
97,0,3,-1916,-1916,-17,-17,0
97,0,4,-1508,-1508,-17,-17,0
97,0,5,-845,-845,-17,-17,0
97,0,6,523,523,49,49,0
97,0,7,1441,1441,127,127,0
97,0,8,2179,2179,127,127,0
97,0,9,397,397,33,33,0
97,0,10,-1985,-1985,-17,-17,0
97,0,11,-3212,-3212,-17,-17,0
97,0,12,-494,-494,-17,-17,0
97,0,13,1039,1039,113,113,0
97,0,14,2077,2077,127,127,0
97,0,15,1390,1390,127,127,0
97,1,0,-737,-737,-39,-39,0
97,1,1,622,622,46,46,0
97,1,2,369,369,30,30,0
97,1,3,-898,-898,-49,-49,0
98,0,0,-1694,-1694,-17,-17,0
98,0,1,1053,1053,115,115,0
98,0,2,1235,1235,127,127,0
98,0,3,742,742,76,76,0
98,0,4,1104,1104,121,121,0
98,0,5,-1384,-1384,-17,-17,0
98,0,6,-1052,-1052,-17,-17,0
98,0,7,-2595,-2595,-17,-17,0
98,0,8,-508,-508,-17,-17,0
98,0,9,1699,1699,127,127,0
98,0,10,1941,1941,127,127,0
98,0,11,1733,1733,127,127,0
98,0,12,-230,-230,-17,-17,0
98,0,13,-933,-933,-17,-17,0
98,0,14,-1171,-1171,-17,-17,0
98,0,15,-1409,-1409,-17,-17,0
98,1,0,1336,1336,91,91,0
98,1,1,-459,-459,-22,-22,0
98,1,2,-1045,-1045,-58,-58,0
98,1,3,-968,-968,-54,-54,0
99,0,0,-110,-110,-17,-17,0
99,0,1,-1198,-1198,-17,-17,0
99,0,2,-891,-891,-17,-17,0
99,0,3,46,46,-11,-11,0
99,0,4,203,203,9,9,0
99,0,5,1995,1995,127,127,0
99,0,6,-323,-323,-17,-17,0
99,0,7,-661,-661,-17,-17,0
99,0,8,-819,-819,-17,-17,0
99,0,9,-1967,-1967,-17,-17,0
99,0,10,1175,1175,127,127,0
99,0,11,942,942,101,101,0
99,0,12,-176,-176,-17,-17,0
99,0,13,1736,1736,127,127,0
99,0,14,-12,-12,-17,-17,0
99,0,15,175,175,5,5,0
99,1,0,-913,-913,-50,-50,0
99,1,1,1706,1706,114,114,0
99,1,2,659,659,48,48,0
99,1,3,1068,1068,74,74,0
100,0,0,681,681,68,68,0
100,0,1,-573,-573,-17,-17,0
100,0,2,798,798,83,83,0
100,0,3,969,969,104,104,0
100,0,4,150,150,2,2,0
100,0,5,-2964,-2964,-17,-17,0
100,0,6,-468,-468,-17,-17,0
100,0,7,-432,-432,-17,-17,0
100,0,8,999,999,108,108,0
100,0,9,420,420,36,36,0
100,0,10,606,606,59,59,0
100,0,11,2022,2022,127,127,0
100,0,12,-1632,-1632,-17,-17,0
100,0,13,-1656,-1656,-17,-17,0
100,0,14,1020,1020,111,111,0
100,0,15,966,966,104,104,0
100,1,0,-25,-25,5,5,0
100,1,1,-781,-781,-42,-42,0
100,1,2,556,556,42,42,0
100,1,3,567,567,43,43,0
101,0,0,1641,1641,127,127,0
101,0,1,92,92,-5,-5,0
101,0,2,-1142,-1142,-17,-17,0
101,0,3,-2151,-2151,-17,-17,0
101,0,4,140,140,1,1,0
101,0,5,526,526,49,49,0
101,0,6,897,897,95,95,0
101,0,7,1628,1628,127,127,0
101,0,8,364,364,29,29,0
101,0,9,810,810,84,84,0
101,0,10,-1174,-1174,-17,-17,0
101,0,11,-953,-953,-17,-17,0
101,0,12,-1152,-1152,-17,-17,0
101,0,13,-946,-946,-17,-17,0
101,0,14,1360,1360,127,127,0
101,0,15,1926,1926,127,127,0
101,1,0,-80,-80,2,2,0
101,1,1,871,871,62,62,0
101,1,2,-310,-310,-12,-12,0
101,1,3,-633,-633,-33,-33,0
102,0,0,-503,-503,-17,-17,0
102,0,1,-412,-412,-17,-17,0
102,0,2,909,909,97,97,0
102,0,3,-245,-245,-17,-17,0
102,0,4,-709,-709,-17,-17,0
102,0,5,1092,1092,120,120,0
102,0,6,-47,-47,-17,-17,0
102,0,7,734,734,75,75,0
102,0,8,-2130,-2130,-17,-17,0
102,0,9,226,226,11,11,0
102,0,10,1622,1622,127,127,0
102,0,11,-1782,-1782,-17,-17,0
102,0,12,874,874,92,92,0
102,0,13,-175,-175,-17,-17,0
102,0,14,486,486,44,44,0
102,0,15,-218,-218,-17,-17,0
102,1,0,1234,1234,84,84,0
102,1,1,1728,1728,115,115,0
102,1,2,441,441,35,35,0
102,1,3,-846,-846,-46,-46,0
103,0,0,-4139,-4139,-17,-17,0
103,0,1,-1498,-1498,-17,-17,0
103,0,2,-87,-87,-17,-17,0
103,0,3,1699,1699,127,127,0
103,0,4,3035,3035,127,127,0
103,0,5,1116,1116,123,123,0
103,0,6,-188,-188,-17,-17,0
103,0,7,-3022,-3022,-17,-17,0
103,0,8,-3111,-3111,-17,-17,0
103,0,9,-530,-530,-17,-17,0
103,0,10,1781,1781,127,127,0
103,0,11,2472,2472,127,127,0
103,0,12,2293,2293,127,127,0
103,0,13,1769,1769,127,127,0
103,0,14,-1650,-1650,-17,-17,0
103,0,15,-3854,-3854,-17,-17,0
103,1,0,-797,-797,-43,-43,0
103,1,1,970,970,68,68,0
103,1,2,917,917,64,64,0
103,1,3,864,864,61,61,0
104,0,0,-1485,-1485,-17,-17,0
104,0,1,-675,-675,-17,-17,0
104,0,2,165,165,4,4,0
104,0,3,1110,1110,122,122,0
104,0,4,-135,-135,-17,-17,0
104,0,5,1320,1320,127,127,0
104,0,6,-840,-840,-17,-17,0
104,0,7,-1575,-1575,-17,-17,0
104,0,8,345,345,26,26,0
104,0,9,-1155,-1155,-17,-17,0
104,0,10,1725,1725,127,127,0
104,0,11,-15,-15,-17,-17,0
104,0,12,1650,1650,127,127,0
104,0,13,795,795,83,83,0
104,0,14,-1290,-1290,-17,-17,0
104,0,15,-1200,-1200,-17,-17,0
104,1,0,-653,-653,-34,-34,0
104,1,1,1132,1132,78,78,0
104,1,2,2111,2111,127,127,0
104,1,3,724,724,52,52,0
105,0,0,-534,-534,-17,-17,0
105,0,1,-116,-116,-17,-17,0
105,0,2,1127,1127,124,124,0
105,0,3,-195,-195,-17,-17,0
105,0,4,-1232,-1232,-17,-17,0
105,0,5,-979,-979,-17,-17,0
105,0,6,-1071,-1071,-17,-17,0
105,0,7,-413,-413,-17,-17,0
105,0,8,-130,-130,-17,-17,0
105,0,9,1113,1113,122,122,0
105,0,10,91,91,-5,-5,0
105,0,11,-466,-466,-17,-17,0
105,0,12,792,792,82,82,0
105,0,13,1120,1120,123,123,0
105,0,14,833,833,87,87,0
105,0,15,-249,-249,-17,-17,0
105,1,0,412,412,33,33,0
105,1,1,1045,1045,72,72,0
105,1,2,-142,-142,-2,-2,0
105,1,3,-1329,-1329,-76,-76,0
106,0,0,189,189,7,7,0
106,0,1,206,206,9,9,0
106,0,2,493,493,45,45,0
106,0,3,-1575,-1575,-17,-17,0
106,0,4,227,227,12,12,0
106,0,5,-1616,-1616,-17,-17,0
106,0,6,1101,1101,121,121,0
106,0,7,1508,1508,127,127,0
106,0,8,25,25,-14,-14,0
106,0,9,477,477,43,43,0
106,0,10,-301,-301,-17,-17,0
106,0,11,-659,-659,-17,-17,0
106,0,12,-627,-627,-17,-17,0
106,0,13,-265,-265,-17,-17,0
106,0,14,757,757,78,78,0
106,0,15,474,474,42,42,0
106,1,0,928,928,65,65,0
106,1,1,43,43,10,10,0
106,1,2,-1115,-1115,-63,-63,0
106,1,3,-518,-518,-25,-25,0
107,0,0,-922,-922,-17,-17,0
107,0,1,254,254,15,15,0
107,0,2,-1930,-1930,-17,-17,0
107,0,3,356,356,28,28,0
107,0,4,407,407,34,34,0
107,0,5,1133,1133,125,125,0
107,0,6,344,344,26,26,0
107,0,7,515,515,48,48,0
107,0,8,311,311,22,22,0
107,0,9,-1108,-1108,-17,-17,0
107,0,10,-1132,-1132,-17,-17,0
107,0,11,1064,1064,116,116,0
107,0,12,1610,1610,127,127,0
107,0,13,-79,-79,-17,-17,0
107,0,14,-883,-883,-17,-17,0
107,0,15,-637,-637,-17,-17,0
107,1,0,-759,-759,-40,-40,0
107,1,1,-218,-218,-7,-7,0
107,1,2,-431,-431,-20,-20,0
107,1,3,552,552,42,42,0
108,0,0,1065,1065,116,116,0
108,0,1,348,348,27,27,0
108,0,2,1071,1071,117,117,0
108,0,3,-876,-876,-17,-17,0
108,0,4,-1608,-1608,-17,-17,0
108,0,5,-690,-690,-17,-17,0
108,0,6,1338,1338,127,127,0
108,0,7,-714,-714,-17,-17,0
108,0,8,-81,-81,-17,-17,0
108,0,9,1017,1017,110,110,0
108,0,10,15,15,-15,-15,0
108,0,11,-1227,-1227,-17,-17,0
108,0,12,-1119,-1119,-17,-17,0
108,0,13,729,729,74,74,0
108,0,14,672,672,67,67,0
108,0,15,1350,1350,127,127,0
108,1,0,164,164,17,17,0
108,1,1,1353,1353,92,92,0
108,1,2,-370,-370,-16,-16,0
108,1,3,-221,-221,-7,-7,0
109,0,0,-2933,-2933,-17,-17,0
109,0,1,-575,-575,-17,-17,0
109,0,2,-1772,-1772,-17,-17,0
109,0,3,1156,1156,127,127,0
109,0,4,2569,2569,127,127,0
109,0,5,1222,1222,127,127,0
109,0,6,205,205,9,9,0
109,0,7,-1877,-1877,-17,-17,0
109,0,8,-1139,-1139,-17,-17,0
109,0,9,-1046,-1046,-17,-17,0
109,0,10,-263,-263,-17,-17,0
109,0,11,2275,2275,127,127,0
109,0,12,2743,2743,127,127,0
109,0,13,1,1,-17,-17,0
109,0,14,-626,-626,-17,-17,0
109,0,15,-2648,-2648,-17,-17,0
109,1,0,-991,-991,-55,-55,0
109,1,1,-528,-528,-26,-26,0
109,1,2,-65,-65,3,3,0
109,1,3,736,736,53,53,0
110,0,0,-1058,-1058,-17,-17,0
110,0,1,1043,1043,114,114,0
110,0,2,834,834,87,87,0
110,0,3,-1640,-1640,-17,-17,0
110,0,4,371,371,30,30,0
110,0,5,-273,-273,-17,-17,0
110,0,6,1183,1183,127,127,0
110,0,7,-931,-931,-17,-17,0
110,0,8,675,675,68,68,0
110,0,9,361,361,28,28,0
110,0,10,542,542,51,51,0
110,0,11,-777,-777,-17,-17,0
110,0,12,-1346,-1346,-17,-17,0
110,0,13,35,35,-12,-12,0
110,0,14,921,921,98,98,0
110,0,15,-773,-773,-17,-17,0
110,1,0,457,457,36,36,0
110,1,1,-883,-883,-48,-48,0
110,1,2,-1183,-1183,-67,-67,0
110,1,3,-716,-716,-38,-38,0
111,0,0,893,893,95,95,0
111,0,1,1663,1663,127,127,0
111,0,2,1308,1308,127,127,0
111,0,3,-52,-52,-17,-17,0
111,0,4,13,13,-15,-15,0
111,0,5,-1797,-1797,-17,-17,0
111,0,6,-2602,-2602,-17,-17,0
111,0,7,-767,-767,-17,-17,0
111,0,8,243,243,14,14,0
111,0,9,2093,2093,127,127,0
111,0,10,1918,1918,127,127,0
111,0,11,-687,-687,-17,-17,0
111,0,12,-1057,-1057,-17,-17,0
111,0,13,-302,-302,-17,-17,0
111,0,14,-927,-927,-17,-17,0
111,0,15,1178,1178,127,127,0
111,1,0,1667,1667,111,111,0
111,1,1,1476,1476,99,99,0
111,1,2,232,232,22,22,0
111,1,3,-1415,-1415,-81,-81,0
112,0,0,147,147,2,2,0
112,0,1,-355,-355,-17,-17,0
112,0,2,-137,-137,-17,-17,0
112,0,3,-309,-309,-17,-17,0
112,0,4,1064,1064,116,116,0
112,0,5,-38,-38,-17,-17,0
112,0,6,1770,1770,127,127,0
112,0,7,-1012,-1012,-17,-17,0
112,0,8,-359,-359,-17,-17,0
112,0,9,-966,-966,-17,-17,0
112,0,10,-568,-568,-17,-17,0
112,0,11,865,865,91,91,0
112,0,12,-957,-957,-17,-17,0
112,0,13,821,821,86,86,0
112,0,14,-26,-26,-17,-17,0
112,0,15,432,432,37,37,0
112,1,0,-535,-535,-26,-26,0
112,1,1,12,12,8,8,0
112,1,2,-1027,-1027,-57,-57,0
112,1,3,1210,1210,83,83,0
113,0,0,1329,1329,127,127,0
113,0,1,-132,-132,-17,-17,0
113,0,2,-33,-33,-17,-17,0
113,0,3,-684,-684,-17,-17,0
113,0,4,-1905,-1905,-17,-17,0
113,0,5,-366,-366,-17,-17,0
113,0,6,1218,1218,127,127,0
113,0,7,807,807,84,84,0
113,0,8,81,81,-7,-7,0
113,0,9,465,465,41,41,0
113,0,10,-771,-771,-17,-17,0
113,0,11,-57,-57,-17,-17,0
113,0,12,-198,-198,-17,-17,0
113,0,13,-1254,-1254,-17,-17,0
113,0,14,1440,1440,127,127,0
113,0,15,1614,1614,127,127,0
113,1,0,177,177,18,18,0
113,1,1,642,642,47,47,0
113,1,2,-635,-635,-33,-33,0
113,1,3,-170,-170,-4,-4,0
114,0,0,-126,-126,-17,-17,0
114,0,1,2448,2448,127,127,0
114,0,2,837,837,88,88,0
114,0,3,231,231,12,12,0
114,0,4,-1035,-1035,-17,-17,0
114,0,5,-1311,-1311,-17,-17,0
114,0,6,-897,-897,-17,-17,0
114,0,7,-33,-33,-17,-17,0
114,0,8,216,216,10,10,0
114,0,9,2250,2250,127,127,0
114,0,10,414,414,35,35,0
114,0,11,-537,-537,-17,-17,0
114,0,12,-3,-3,-17,-17,0
114,0,13,-489,-489,-17,-17,0
114,0,14,-2025,-2025,-17,-17,0
114,0,15,159,159,3,3,0
114,1,0,785,785,56,56,0
114,1,1,-174,-174,-4,-4,0
114,1,2,-405,-405,-18,-18,0
114,1,3,-1364,-1364,-78,-78,0
115,0,0,-915,-915,-17,-17,0
115,0,1,1034,1034,112,112,0
115,0,2,43,43,-11,-11,0
115,0,3,-723,-723,-17,-17,0
115,0,4,-799,-799,-17,-17,0
115,0,5,-1235,-1235,-17,-17,0
115,0,6,849,849,89,89,0
115,0,7,-367,-367,-17,-17,0
115,0,8,1057,1057,115,115,0
115,0,9,2046,2046,127,127,0
115,0,10,20,20,-14,-14,0
115,0,11,64,64,-9,-9,0
115,0,12,-762,-762,-17,-17,0
115,0,13,197,197,8,8,0
115,0,14,-569,-569,-17,-17,0
115,0,15,-630,-630,-17,-17,0
115,1,0,-684,-684,-36,-36,0
115,1,1,-1382,-1382,-79,-79,0
115,1,2,-689,-689,-36,-36,0
115,1,3,-230,-230,-7,-7,0
116,0,0,519,519,48,48,0
116,0,1,-439,-439,-17,-17,0
116,0,2,-1007,-1007,-17,-17,0
116,0,3,15,15,-15,-15,0
116,0,4,-643,-643,-17,-17,0
116,0,5,1234,1234,127,127,0
116,0,6,831,831,87,87,0
116,0,7,-187,-187,-17,-17,0
116,0,8,-1370,-1370,-17,-17,0
116,0,9,-138,-138,-17,-17,0
116,0,10,-1366,-1366,-17,-17,0
116,0,11,-374,-374,-17,-17,0
116,0,12,1068,1068,117,117,0
116,0,13,605,605,59,59,0
116,0,14,1192,1192,127,127,0
116,0,15,804,804,84,84,0
116,1,0,-873,-873,-48,-48,0
116,1,1,1375,1375,93,93,0
116,1,2,-56,-56,3,3,0
116,1,3,-161,-161,-3,-3,0
117,0,0,-430,-430,-17,-17,0
117,0,1,-1608,-1608,-17,-17,0
117,0,2,-281,-281,-17,-17,0
117,0,3,-859,-859,-17,-17,0
117,0,4,738,738,75,75,0
117,0,5,2785,2785,127,127,0
117,0,6,-613,-613,-17,-17,0
117,0,7,-516,-516,-17,-17,0
117,0,8,-1004,-1004,-17,-17,0
117,0,9,-997,-997,-17,-17,0
117,0,10,795,795,83,83,0
117,0,11,292,292,20,20,0
117,0,12,944,944,101,101,0
117,0,13,1596,1596,127,127,0
117,0,14,-902,-902,-17,-17,0
117,0,15,-145,-145,-17,-17,0
117,1,0,-621,-621,-32,-32,0
117,1,1,1936,1936,127,127,0
117,1,2,749,749,54,54,0
117,1,3,43,43,10,10,0
118,0,0,-1279,-1279,-17,-17,0
118,0,1,-1474,-1474,-17,-17,0
118,0,2,-1234,-1234,-17,-17,0
118,0,3,656,656,65,65,0
118,0,4,2021,2021,127,127,0
118,0,5,1661,1661,127,127,0
118,0,6,416,416,35,35,0
118,0,7,-1009,-1009,-17,-17,0
118,0,8,-2644,-2644,-17,-17,0
118,0,9,-2404,-2404,-17,-17,0
118,0,10,491,491,45,45,0
118,0,11,1691,1691,127,127,0
118,0,12,3146,3146,127,127,0
118,0,13,611,611,60,60,0
118,0,14,-709,-709,-17,-17,0
118,0,15,-994,-994,-17,-17,0
118,1,0,-844,-844,-46,-46,0
118,1,1,414,414,33,33,0
118,1,2,-135,-135,-1,-1,0
118,1,3,798,798,57,57,0
119,0,0,-161,-161,-17,-17,0
119,0,1,-964,-964,-17,-17,0
119,0,2,1638,1638,127,127,0
119,0,3,1165,1165,127,127,0
119,0,4,-1723,-1723,-17,-17,0
119,0,5,1209,1209,127,127,0
119,0,6,391,391,32,32,0
119,0,7,-1717,-1717,-17,-17,0
119,0,8,-1155,-1155,-17,-17,0
119,0,9,232,232,12,12,0
119,0,10,299,299,21,21,0
119,0,11,-609,-609,-17,-17,0
119,0,12,13,13,-15,-15,0
119,0,13,995,995,108,108,0
119,0,14,327,327,24,24,0
119,0,15,124,124,-1,-1,0
119,1,0,-1008,-1008,-56,-56,0
119,1,1,1108,1108,76,76,0
119,1,2,1599,1599,107,107,0
119,1,3,855,855,61,61,0
120,0,0,1711,1711,127,127,0
120,0,1,-2448,-2448,-17,-17,0
120,0,2,-3067,-3067,-17,-17,0
120,0,3,-1871,-1871,-17,-17,0
120,0,4,-525,-525,-17,-17,0
120,0,5,716,716,73,73,0
120,0,6,3157,3157,127,127,0
120,0,7,3948,3948,127,127,0
120,0,8,-211,-211,-17,-17,0
120,0,9,-4325,-4325,-17,-17,0
120,0,10,-2604,-2604,-17,-17,0
120,0,11,-388,-388,-17,-17,0
120,0,12,313,313,22,22,0
120,0,13,1809,1809,127,127,0
120,0,14,3725,3725,127,127,0
120,0,15,1996,1996,127,127,0
120,1,0,-812,-812,-44,-44,0
120,1,1,2199,2199,127,127,0
120,1,2,296,296,26,26,0
120,1,3,265,265,24,24,0
121,0,0,-761,-761,-17,-17,0
121,0,1,-2074,-2074,-17,-17,0
121,0,2,-342,-342,-17,-17,0
121,0,3,-1130,-1130,-17,-17,0
121,0,4,962,962,103,103,0
121,0,5,2244,2244,127,127,0
121,0,6,-59,-59,-17,-17,0
121,0,7,-1507,-1507,-17,-17,0
121,0,8,-1980,-1980,-17,-17,0
121,0,9,-683,-683,-17,-17,0
121,0,10,1094,1094,120,120,0
121,0,11,6,6,-16,-16,0
121,0,12,1948,1948,127,127,0
121,0,13,2150,2150,127,127,0
121,0,14,72,72,-8,-8,0
121,0,15,-476,-476,-17,-17,0
121,1,0,-193,-193,-5,-5,0
121,1,1,2236,2236,127,127,0
121,1,2,921,921,65,65,0
121,1,3,-381,-381,-17,-17,0
122,0,0,184,184,6,6,0
122,0,1,926,926,99,99,0
122,0,2,-237,-237,-17,-17,0
122,0,3,1045,1045,114,114,0
122,0,4,-1948,-1948,-17,-17,0
122,0,5,-1776,-1776,-17,-17,0
122,0,6,661,661,66,66,0
122,0,7,593,593,57,57,0
122,0,8,90,90,-6,-6,0
122,0,9,1237,1237,127,127,0
122,0,10,1274,1274,127,127,0
122,0,11,-234,-234,-17,-17,0
122,0,12,-2447,-2447,-17,-17,0
122,0,13,-1210,-1210,-17,-17,0
122,0,14,1782,1782,127,127,0
122,0,15,469,469,42,42,0
122,1,0,863,863,61,61,0
122,1,1,-613,-613,-31,-31,0
122,1,2,-542,-542,-27,-27,0
122,1,3,-1238,-1238,-70,-70,0
123,0,0,-1594,-1594,-17,-17,0
123,0,1,-126,-126,-17,-17,0
123,0,2,-668,-668,-17,-17,0
123,0,3,-760,-760,-17,-17,0
123,0,4,-1062,-1062,-17,-17,0
123,0,5,2401,2401,127,127,0
123,0,6,1139,1139,126,126,0
123,0,7,-1743,-1743,-17,-17,0
123,0,8,-800,-800,-17,-17,0
123,0,9,758,758,78,78,0
123,0,10,141,141,1,1,0
123,0,11,649,649,64,64,0
123,0,12,782,782,81,81,0
123,0,13,615,615,60,60,0
123,0,14,208,208,9,9,0
123,0,15,-1309,-1309,-17,-17,0
123,1,0,-1158,-1158,-65,-65,0
123,1,1,434,434,34,34,0
123,1,2,-847,-847,-46,-46,0
123,1,3,784,784,56,56,0
124,0,0,-1462,-1462,-17,-17,0
124,0,1,-1533,-1533,-17,-17,0
124,0,2,571,571,55,55,0
124,0,3,815,815,85,85,0
124,0,4,159,159,3,3,0
124,0,5,1003,1003,109,109,0
124,0,6,1922,1922,127,127,0
124,0,7,-1959,-1959,-17,-17,0
124,0,8,-185,-185,-17,-17,0
124,0,9,-451,-451,-17,-17,0
124,0,10,1353,1353,127,127,0
124,0,11,337,337,25,25,0
124,0,12,71,71,-8,-8,0
124,0,13,-360,-360,-17,-17,0
124,0,14,-341,-341,-17,-17,0
124,0,15,-1177,-1177,-17,-17,0
124,1,0,-100,-100,1,1,0
124,1,1,303,303,26,26,0
124,1,2,394,394,32,32,0
124,1,3,1577,1577,106,106,0
125,0,0,-350,-350,-17,-17,0
125,0,1,1566,1566,127,127,0
125,0,2,-538,-538,-17,-17,0
125,0,3,-227,-227,-17,-17,0
125,0,4,-1971,-1971,-17,-17,0
125,0,5,-610,-610,-17,-17,0
125,0,6,-1349,-1349,-17,-17,0
125,0,7,282,282,18,18,0
125,0,8,1493,1493,127,127,0
125,0,9,1504,1504,127,127,0
125,0,10,1050,1050,114,114,0
125,0,11,-1564,-1564,-17,-17,0
125,0,12,-203,-203,-17,-17,0
125,0,13,933,933,100,100,0
125,0,14,-76,-76,-17,-17,0
125,0,15,-65,-65,-17,-17,0
125,1,0,-192,-192,-5,-5,0
125,1,1,-18,-18,6,6,0
125,1,2,507,507,39,39,0
125,1,3,-840,-840,-46,-46,0
126,0,0,-951,-951,-17,-17,0
126,0,1,1759,1759,127,127,0
126,0,2,1364,1364,127,127,0
126,0,3,1044,1044,114,114,0
126,0,4,-836,-836,-17,-17,0
126,0,5,-1381,-1381,-17,-17,0
126,0,6,-1221,-1221,-17,-17,0
126,0,7,94,94,-5,-5,0
126,0,8,-31,-31,-17,-17,0
126,0,9,864,864,91,91,0
126,0,10,2029,2029,127,127,0
126,0,11,-316,-316,-17,-17,0
126,0,12,-816,-816,-17,-17,0
126,0,13,-671,-671,-17,-17,0
126,0,14,-991,-991,-17,-17,0
126,0,15,-666,-666,-17,-17,0
126,1,0,1246,1246,85,85,0
126,1,1,-37,-37,5,5,0
126,1,2,383,383,31,31,0
126,1,3,-900,-900,-49,-49,0
127,0,0,1176,1176,127,127,0
127,0,1,-1407,-1407,-17,-17,0
127,0,2,-1635,-1635,-17,-17,0
127,0,3,-1323,-1323,-17,-17,0
127,0,4,1224,1224,127,127,0
127,0,5,1491,1491,127,127,0
127,0,6,-1197,-1197,-17,-17,0
127,0,7,450,450,39,39,0
127,0,8,357,357,28,28,0
127,0,9,249,249,14,14,0
127,0,10,381,381,31,31,0
127,0,11,-567,-567,-17,-17,0
127,0,12,-240,-240,-17,-17,0
127,0,13,882,882,93,93,0
127,0,14,99,99,-4,-4,0
127,0,15,1461,1461,127,127,0
127,1,0,-864,-864,-47,-47,0
127,1,1,2635,2635,127,127,0
127,1,2,1545,1545,104,104,0
127,1,3,-130,-130,-1,-1,0
128,0,0,2118,2118,127,127,0
128,0,1,1031,1031,112,112,0
128,0,2,-911,-911,-17,-17,0
128,0,3,-1338,-1338,-17,-17,0
128,0,4,-1390,-1390,-17,-17,0
128,0,5,-92,-92,-17,-17,0
128,0,6,651,651,65,65,0
128,0,7,404,404,34,34,0
128,0,8,2422,2422,127,127,0
128,0,9,195,195,8,8,0
128,0,10,-2077,-2077,-17,-17,0
128,0,11,-839,-839,-17,-17,0
128,0,12,-816,-816,-17,-17,0
128,0,13,-928,-928,-17,-17,0
128,0,14,1510,1510,127,127,0
128,0,15,2403,2403,127,127,0
128,1,0,-530,-530,-26,-26,0
128,1,1,-301,-301,-12,-12,0
128,1,2,-72,-72,2,2,0
128,1,3,-649,-649,-34,-34,0
129,0,0,-681,-681,-17,-17,0
129,0,1,1637,1637,127,127,0
129,0,2,2605,2605,127,127,0
129,0,3,108,108,-3,-3,0
129,0,4,11,11,-15,-15,0
129,0,5,-1871,-1871,-17,-17,0
129,0,6,-2043,-2043,-17,-17,0
129,0,7,185,185,6,6,0
129,0,8,538,538,50,50,0
129,0,9,3276,3276,127,127,0
129,0,10,1079,1079,118,118,0
129,0,11,862,862,91,91,0
129,0,12,-1380,-1380,-17,-17,0
129,0,13,-3652,-3652,-17,-17,0
129,0,14,-734,-734,-17,-17,0
129,0,15,-396,-396,-17,-17,0
129,1,0,1143,1143,79,79,0
129,1,1,-336,-336,-14,-14,0
129,1,2,-762,-762,-41,-41,0
129,1,3,-837,-837,-45,-45,0
130,0,0,429,429,37,37,0
130,0,1,851,851,90,90,0
130,0,2,-602,-602,-17,-17,0
130,0,3,-1740,-1740,-17,-17,0
130,0,4,-1948,-1948,-17,-17,0
130,0,5,-851,-851,-17,-17,0
130,0,6,1191,1191,127,127,0
130,0,7,1403,1403,127,127,0
130,0,8,2065,2065,127,127,0
130,0,9,57,57,-10,-10,0
130,0,10,-1171,-1171,-17,-17,0
130,0,11,-104,-104,-17,-17,0
130,0,12,-2397,-2397,-17,-17,0
130,0,13,410,410,34,34,0
130,0,14,2347,2347,127,127,0
130,0,15,714,714,72,72,0
130,1,0,-318,-318,-13,-13,0
130,1,1,-638,-638,-33,-33,0
130,1,2,-451,-451,-21,-21,0
130,1,3,-264,-264,-10,-10,0
131,0,0,-12,-12,-17,-17,0
131,0,1,-754,-754,-17,-17,0
131,0,2,1849,1849,127,127,0
131,0,3,627,627,62,62,0
131,0,4,-25,-25,-17,-17,0
131,0,5,-317,-317,-17,-17,0
131,0,6,231,231,12,12,0
131,0,7,-2026,-2026,-17,-17,0
131,0,8,-323,-323,-17,-17,0
131,0,9,765,765,79,79,0
131,0,10,1058,1058,115,115,0
131,0,11,1,1,-17,-17,0
131,0,12,-36,-36,-17,-17,0
131,0,13,-418,-418,-17,-17,0
131,0,14,-680,-680,-17,-17,0
131,0,15,273,273,17,17,0
131,1,0,1411,1411,95,95,0
131,1,1,466,466,36,36,0
131,1,2,548,548,41,41,0
131,1,3,-20,-20,6,6,0
132,0,0,-1280,-1280,-17,-17,0
132,0,1,-1953,-1953,-17,-17,0
132,0,2,-1246,-1246,-17,-17,0
132,0,3,1336,1336,127,127,0
132,0,4,1068,1068,117,117,0
132,0,5,1010,1010,109,109,0
132,0,6,2497,2497,127,127,0
132,0,7,-621,-621,-17,-17,0
132,0,8,-2839,-2839,-17,-17,0
132,0,9,-1877,-1877,-17,-17,0
132,0,10,465,465,41,41,0
132,0,11,572,572,55,55,0
132,0,12,-161,-161,-17,-17,0
132,0,13,1626,1626,127,127,0
132,0,14,1343,1343,127,127,0
132,0,15,-995,-995,-17,-17,0
132,1,0,-1681,-1681,-98,-98,0
132,1,1,-20,-20,6,6,0
132,1,2,3,3,7,7,0
132,1,3,962,962,67,67,0
133,0,0,-1590,-1590,-17,-17,0
133,0,1,-233,-233,-17,-17,0
133,0,2,359,359,28,28,0
133,0,3,-129,-129,-17,-17,0
133,0,4,1273,1273,127,127,0
133,0,5,2750,2750,127,127,0
133,0,6,-348,-348,-17,-17,0
133,0,7,-2966,-2966,-17,-17,0
133,0,8,-1864,-1864,-17,-17,0
133,0,9,-852,-852,-17,-17,0
133,0,10,325,325,24,24,0
133,0,11,932,932,100,100,0
133,0,12,2454,2454,127,127,0
133,0,13,1456,1456,127,127,0
133,0,14,-1627,-1627,-17,-17,0
133,0,15,-1305,-1305,-17,-17,0
133,1,0,-728,-728,-39,-39,0
133,1,1,1541,1541,103,103,0
133,1,2,66,66,11,11,0
133,1,3,112,112,14,14,0
134,0,0,937,937,100,100,0
134,0,1,-212,-212,-17,-17,0
134,0,2,-371,-371,-17,-17,0
134,0,3,-2495,-2495,-17,-17,0
134,0,4,-404,-404,-17,-17,0
134,0,5,157,157,3,3,0
134,0,6,1048,1048,114,114,0
134,0,7,484,484,44,44,0
134,0,8,895,895,95,95,0
134,0,9,1156,1156,127,127,0
134,0,10,-1598,-1598,-17,-17,0
134,0,11,-497,-497,-17,-17,0
134,0,12,784,784,81,81,0
134,0,13,115,115,-2,-2,0
134,0,14,-59,-59,-17,-17,0
134,0,15,1222,1222,127,127,0
134,1,0,-58,-58,3,3,0
134,1,1,317,317,27,27,0
134,1,2,172,172,18,18,0
134,1,3,274,274,24,24,0
135,0,0,155,155,3,3,0
135,0,1,833,833,87,87,0
135,0,2,-289,-289,-17,-17,0
135,0,3,-1666,-1666,-17,-17,0
135,0,4,737,737,75,75,0
135,0,5,185,185,6,6,0
135,0,6,1343,1343,127,127,0
135,0,7,-904,-904,-17,-17,0
135,0,8,734,734,75,75,0
135,0,9,722,722,73,73,0
135,0,10,-1465,-1465,-17,-17,0
135,0,11,-922,-922,-17,-17,0
135,0,12,1001,1001,108,108,0
135,0,13,-1021,-1021,-17,-17,0
135,0,14,497,497,45,45,0
135,0,15,440,440,38,38,0
135,1,0,73,73,12,12,0
135,1,1,-899,-899,-49,-49,0
135,1,2,-1234,-1234,-70,-70,0
135,1,3,-893,-893,-49,-49,0
136,0,0,-693,-693,-17,-17,0
136,0,1,-370,-370,-17,-17,0
136,0,2,2728,2728,127,127,0
136,0,3,951,951,102,102,0
136,0,4,-1516,-1516,-17,-17,0
136,0,5,37,37,-12,-12,0
136,0,6,-1350,-1350,-17,-17,0
136,0,7,-487,-487,-17,-17,0
136,0,8,-1544,-1544,-17,-17,0
136,0,9,954,954,102,102,0
136,0,10,2027,2027,127,127,0
136,0,11,10,10,-16,-16,0
136,0,12,243,243,14,14,0
136,0,13,-244,-244,-17,-17,0
136,0,14,-806,-806,-17,-17,0
136,0,15,-408,-408,-17,-17,0
136,1,0,1306,1306,89,89,0
136,1,1,328,328,28,28,0
136,1,2,832,832,59,59,0
136,1,3,-198,-198,-5,-5,0
137,0,0,1133,1133,125,125,0
137,0,1,543,543,51,51,0
137,0,2,-1172,-1172,-17,-17,0
137,0,3,-607,-607,-17,-17,0
137,0,4,-2202,-2202,-17,-17,0
137,0,5,-1307,-1307,-17,-17,0
137,0,6,-262,-262,-17,-17,0
137,0,7,1938,1938,127,127,0
137,0,8,2548,2548,127,127,0
137,0,9,8,8,-16,-16,0
137,0,10,-387,-387,-17,-17,0
137,0,11,-1472,-1472,-17,-17,0
137,0,12,-682,-682,-17,-17,0
137,0,13,483,483,44,44,0
137,0,14,1378,1378,127,127,0
137,0,15,1418,1418,127,127,0
137,1,0,-395,-395,-18,-18,0
137,1,1,631,631,47,47,0
137,1,2,890,890,63,63,0
137,1,3,-723,-723,-38,-38,0
138,0,0,862,862,91,91,0
138,0,1,-1528,-1528,-17,-17,0
138,0,2,-2688,-2688,-17,-17,0
138,0,3,787,787,82,82,0
138,0,4,467,467,42,42,0
138,0,5,1917,1917,127,127,0
138,0,6,-1673,-1673,-17,-17,0
138,0,7,932,932,100,100,0
138,0,8,-3,-3,-17,-17,0
138,0,9,-683,-683,-17,-17,0
138,0,10,-703,-703,-17,-17,0
138,0,11,1632,1632,127,127,0
138,0,12,727,727,74,74,0
138,0,13,377,377,30,30,0
138,0,14,-483,-483,-17,-17,0
138,0,15,1147,1147,127,127,0
138,1,0,-746,-746,-40,-40,0
138,1,1,1318,1318,89,89,0
138,1,2,782,782,56,56,0
138,1,3,831,831,59,59,0
139,0,0,-2513,-2513,-17,-17,0
139,0,1,821,821,86,86,0
139,0,2,-1050,-1050,-17,-17,0
139,0,3,-911,-911,-17,-17,0
139,0,4,2438,2438,127,127,0
139,0,5,2322,2322,127,127,0
139,0,6,-1319,-1319,-17,-17,0
139,0,7,-3445,-3445,-17,-17,0
139,0,8,-591,-591,-17,-17,0
139,0,9,358,358,28,28,0
139,0,10,-223,-223,-17,-17,0
139,0,11,1011,1011,110,110,0
139,0,12,3715,3715,127,127,0
139,0,13,2054,2054,127,127,0
139,0,14,-2727,-2727,-17,-17,0
139,0,15,-2228,-2228,-17,-17,0
139,1,0,-1174,-1174,-66,-66,0
139,1,1,951,951,67,67,0
139,1,2,-668,-668,-35,-35,0
139,1,3,-636,-636,-33,-33,0
140,0,0,-1140,-1140,-17,-17,0
140,0,1,448,448,39,39,0
140,0,2,-634,-634,-17,-17,0
140,0,3,1584,1584,127,127,0
140,0,4,292,292,20,20,0
140,0,5,920,920,98,98,0
140,0,6,-582,-582,-17,-17,0
140,0,7,-779,-779,-17,-17,0
140,0,8,-226,-226,-17,-17,0
140,0,9,-123,-123,-17,-17,0
140,0,10,220,220,11,11,0
140,0,11,-187,-187,-17,-17,0
140,0,12,-84,-84,-17,-17,0
140,0,13,-116,-116,-17,-17,0
140,0,14,347,347,27,27,0
140,0,15,-855,-855,-17,-17,0
140,1,0,-981,-981,-54,-54,0
140,1,1,-251,-251,-9,-9,0
140,1,2,856,856,61,61,0
140,1,3,91,91,13,13,0
141,0,0,-928,-928,-17,-17,0
141,0,1,-894,-894,-17,-17,0
141,0,2,1270,1270,127,127,0
141,0,3,1124,1124,124,124,0
141,0,4,-1227,-1227,-17,-17,0
141,0,5,-2168,-2168,-17,-17,0
141,0,6,26,26,-14,-14,0
141,0,7,585,585,56,56,0
141,0,8,949,949,102,102,0
141,0,9,1088,1088,119,119,0
141,0,10,222,222,11,11,0
141,0,11,391,391,32,32,0
141,0,12,-490,-490,-17,-17,0
141,0,13,-1101,-1101,-17,-17,0
141,0,14,1093,1093,120,120,0
141,0,15,-643,-643,-17,-17,0
141,1,0,215,215,21,21,0
141,1,1,-1362,-1362,-78,-78,0
141,1,2,441,441,35,35,0
141,1,3,-460,-460,-22,-22,0
142,0,0,-793,-793,-17,-17,0
142,0,1,-1407,-1407,-17,-17,0
142,0,2,-866,-866,-17,-17,0
142,0,3,1145,1145,126,126,0
142,0,4,2196,2196,127,127,0
142,0,5,1717,1717,127,127,0
142,0,6,-427,-427,-17,-17,0
142,0,7,-1296,-1296,-17,-17,0
142,0,8,-1490,-1490,-17,-17,0
142,0,9,-1489,-1489,-17,-17,0
142,0,10,207,207,9,9,0
142,0,11,973,973,105,105,0
142,0,12,1889,1889,127,127,0
142,0,13,375,375,30,30,0
142,0,14,-794,-794,-17,-17,0
142,0,15,-508,-508,-17,-17,0
142,1,0,-997,-997,-55,-55,0
142,1,1,29,29,9,9,0
142,1,2,431,431,34,34,0
142,1,3,560,560,42,42,0
143,0,0,633,633,62,62,0
143,0,1,1634,1634,127,127,0
143,0,2,415,415,35,35,0
143,0,3,-549,-549,-17,-17,0
143,0,4,-748,-748,-17,-17,0
143,0,5,133,133,0,0,0
143,0,6,-1446,-1446,-17,-17,0
143,0,7,-520,-520,-17,-17,0
143,0,8,841,841,88,88,0
143,0,9,1362,1362,127,127,0
143,0,10,488,488,44,44,0
143,0,11,634,634,62,62,0
143,0,12,-1320,-1320,-17,-17,0
143,0,13,-19,-19,-17,-17,0
143,0,14,-1598,-1598,-17,-17,0
143,0,15,918,918,98,98,0
143,1,0,169,169,18,18,0
143,1,1,-92,-92,1,1,0
143,1,2,-236,-236,-8,-8,0
143,1,3,-718,-718,-38,-38,0
144,0,0,1588,1588,127,127,0
144,0,1,2406,2406,127,127,0
144,0,2,254,254,15,15,0
144,0,3,-8,-8,-17,-17,0
144,0,4,-450,-450,-17,-17,0
144,0,5,-3592,-3592,-17,-17,0
144,0,6,-1094,-1094,-17,-17,0
144,0,7,1929,1929,127,127,0
144,0,8,2327,2327,127,127,0
144,0,9,835,835,88,88,0
144,0,10,-117,-117,-17,-17,0
144,0,11,-1204,-1204,-17,-17,0
144,0,12,-1781,-1781,-17,-17,0
144,0,13,-1638,-1638,-17,-17,0
144,0,14,485,485,44,44,0
144,0,15,1873,1873,127,127,0
144,1,0,164,164,17,17,0
144,1,1,283,283,25,25,0
144,1,2,402,402,32,32,0
144,1,3,-1351,-1351,-77,-77,0
145,0,0,-959,-959,-17,-17,0
145,0,1,356,356,28,28,0
145,0,2,516,516,48,48,0
145,0,3,1171,1171,127,127,0
145,0,4,-364,-364,-17,-17,0
145,0,5,636,636,63,63,0
145,0,6,61,61,-9,-9,0
145,0,7,-754,-754,-17,-17,0
145,0,8,651,651,65,65,0
145,0,9,-419,-419,-17,-17,0
145,0,10,-769,-769,-17,-17,0
145,0,11,561,561,53,53,0
145,0,12,-1349,-1349,-17,-17,0
145,0,13,1886,1886,127,127,0
145,0,14,-1284,-1284,-17,-17,0
145,0,15,-674,-674,-17,-17,0
145,1,0,-1884,-1884,-111,-111,0
145,1,1,-165,-165,-3,-3,0
145,1,2,1580,1580,106,106,0
145,1,3,1401,1401,95,95,0
146,0,0,-1915,-1915,-17,-17,0
146,0,1,-2024,-2024,-17,-17,0
146,0,2,-2253,-2253,-17,-17,0
146,0,3,563,563,54,54,0
146,0,4,1849,1849,127,127,0
146,0,5,3210,3210,127,127,0
146,0,6,881,881,93,93,0
146,0,7,-1838,-1838,-17,-17,0
146,0,8,-3342,-3342,-17,-17,0
146,0,9,-586,-586,-17,-17,0
146,0,10,-1265,-1265,-17,-17,0
146,0,11,36,36,-12,-12,0
146,0,12,3317,3317,127,127,0
146,0,13,3598,3598,127,127,0
146,0,14,-291,-291,-17,-17,0
146,0,15,-1630,-1630,-17,-17,0
146,1,0,-1298,-1298,-74,-74,0
146,1,1,1005,1005,70,70,0
146,1,2,487,487,38,38,0
146,1,3,541,541,41,41,0
147,0,0,160,160,3,3,0
147,0,1,-1154,-1154,-17,-17,0
147,0,2,1387,1387,127,127,0
147,0,3,-422,-422,-17,-17,0
147,0,4,-236,-236,-17,-17,0
147,0,5,-545,-545,-17,-17,0
147,0,6,-74,-74,-17,-17,0
147,0,7,1447,1447,127,127,0
147,0,8,-827,-827,-17,-17,0
147,0,9,739,739,76,76,0
147,0,10,-5,-5,-17,-17,0
147,0,11,46,46,-11,-11,0
147,0,12,-488,-488,-17,-17,0
147,0,13,-1742,-1742,-17,-17,0
147,0,14,1654,1654,127,127,0
147,0,15,445,445,39,39,0
147,1,0,1456,1456,98,98,0
147,1,1,585,585,44,44,0
147,1,2,-546,-546,-27,-27,0
147,1,3,-1599,-1599,-93,-93,0
148,0,0,554,554,52,52,0
148,0,1,-44,-44,-17,-17,0
148,0,2,-2097,-2097,-17,-17,0
148,0,3,-1105,-1105,-17,-17,0
148,0,4,652,652,65,65,0
148,0,5,2679,2679,127,127,0
148,0,6,-949,-949,-17,-17,0
148,0,7,-1262,-1262,-17,-17,0
148,0,8,165,165,4,4,0
148,0,9,-448,-448,-17,-17,0
148,0,10,-1601,-1601,-17,-17,0
148,0,11,21,21,-14,-14,0
148,0,12,2213,2213,127,127,0
148,0,13,2350,2350,127,127,0
148,0,14,-1188,-1188,-17,-17,0
148,0,15,839,839,88,88,0
148,1,0,-999,-999,-55,-55,0
148,1,1,2301,2301,127,127,0
148,1,2,1233,1233,84,84,0
148,1,3,-69,-69,3,3,0
149,0,0,-467,-467,-17,-17,0
149,0,1,164,164,4,4,0
149,0,2,-2265,-2265,-17,-17,0
149,0,3,-1739,-1739,-17,-17,0
149,0,4,1157,1157,127,127,0
149,0,5,1743,1743,127,127,0
149,0,6,-1451,-1451,-17,-17,0
149,0,7,-295,-295,-17,-17,0
149,0,8,1491,1491,127,127,0
149,0,9,-998,-998,-17,-17,0
149,0,10,-547,-547,-17,-17,0
149,0,11,249,249,14,14,0
149,0,12,2155,2155,127,127,0
149,0,13,1721,1721,127,127,0
149,0,14,-978,-978,-17,-17,0
149,0,15,-182,-182,-17,-17,0
149,1,0,-1603,-1603,-93,-93,0
149,1,1,680,680,50,50,0
149,1,2,1091,1091,75,75,0
149,1,3,33,33,9,9,0
150,0,0,2216,2216,127,127,0
150,0,1,-227,-227,-17,-17,0
150,0,2,255,255,15,15,0
150,0,3,-1228,-1228,-17,-17,0
150,0,4,-3101,-3101,-17,-17,0
150,0,5,-1974,-1974,-17,-17,0
150,0,6,533,533,50,50,0
150,0,7,3280,3280,127,127,0
150,0,8,1272,1272,127,127,0
150,0,9,-601,-601,-17,-17,0
150,0,10,-44,-44,-17,-17,0
150,0,11,-1722,-1722,-17,-17,0
150,0,12,-955,-955,-17,-17,0
150,0,13,247,247,14,14,0
150,0,14,1989,1989,127,127,0
150,0,15,2501,2501,127,127,0
150,1,0,-163,-163,-3,-3,0
150,1,1,495,495,38,38,0
150,1,2,750,750,54,54,0
150,1,3,4,4,7,7,0
151,0,0,-2232,-2232,-17,-17,0
151,0,1,-2724,-2724,-17,-17,0
151,0,2,-396,-396,-17,-17,0
151,0,3,2202,2202,127,127,0
151,0,4,2190,2190,127,127,0
151,0,5,78,78,-7,-7,0
151,0,6,306,306,21,21,0
151,0,7,-1716,-1716,-17,-17,0
151,0,8,-2808,-2808,-17,-17,0
151,0,9,-510,-510,-17,-17,0
151,0,10,1548,1548,127,127,0
151,0,11,2331,2331,127,127,0
151,0,12,1329,1329,127,127,0
151,0,13,1467,1467,127,127,0
151,0,14,-1125,-1125,-17,-17,0
151,0,15,-1947,-1947,-17,-17,0
151,1,0,-55,-55,4,4,0
151,1,1,206,206,20,20,0
151,1,2,337,337,28,28,0
151,1,3,962,962,67,67,0
152,0,0,-1004,-1004,-17,-17,0
152,0,1,-437,-437,-17,-17,0
152,0,2,25,25,-14,-14,0
152,0,3,442,442,38,38,0
152,0,4,-221,-221,-17,-17,0
152,0,5,301,301,21,21,0
152,0,6,1783,1783,127,127,0
152,0,7,340,340,26,26,0
152,0,8,-1943,-1943,-17,-17,0
152,0,9,679,679,68,68,0
152,0,10,-29,-29,-17,-17,0
152,0,11,-1022,-1022,-17,-17,0
152,0,12,-1250,-1250,-17,-17,0
152,0,13,322,322,23,23,0
152,0,14,1954,1954,127,127,0
152,0,15,-719,-719,-17,-17,0
152,1,0,-566,-566,-28,-28,0
152,1,1,-573,-573,-29,-29,0
152,1,2,-879,-879,-48,-48,0
152,1,3,-28,-28,5,5,0
153,0,0,-68,-68,-17,-17,0
153,0,1,-1126,-1126,-17,-17,0
153,0,2,-1734,-1734,-17,-17,0
153,0,3,-422,-422,-17,-17,0
153,0,4,-895,-895,-17,-17,0
153,0,5,3072,3072,127,127,0
153,0,6,739,739,76,76,0
153,0,7,1511,1511,127,127,0
153,0,8,363,363,29,29,0
153,0,9,-2360,-2360,-17,-17,0
153,0,10,-1378,-1378,-17,-17,0
153,0,11,-1941,-1941,-17,-17,0
153,0,12,1231,1231,127,127,0
153,0,13,2033,2033,127,127,0
153,0,14,915,915,98,98,0
153,0,15,217,217,10,10,0
153,1,0,-819,-819,-44,-44,0
153,1,1,1294,1294,88,88,0
153,1,2,261,261,23,23,0
153,1,3,-161,-161,-3,-3,0
154,0,0,-2483,-2483,-17,-17,0
154,0,1,-1923,-1923,-17,-17,0
154,0,2,-2533,-2533,-17,-17,0
154,0,3,577,577,55,55,0
154,0,4,2442,2442,127,127,0
154,0,5,1967,1967,127,127,0
154,0,6,427,427,37,37,0
154,0,7,-468,-468,-17,-17,0
154,0,8,-1063,-1063,-17,-17,0
154,0,9,-1418,-1418,-17,-17,0
154,0,10,-1053,-1053,-17,-17,0
154,0,11,1187,1187,127,127,0
154,0,12,1627,1627,127,127,0
154,0,13,1497,1497,127,127,0
154,0,14,1157,1157,127,127,0
154,0,15,-2198,-2198,-17,-17,0
154,1,0,-1523,-1523,-88,-88,0
154,1,1,324,324,27,27,0
154,1,2,-637,-637,-33,-33,0
154,1,3,40,40,10,10,0
155,0,0,-1455,-1455,-17,-17,0
155,0,1,-451,-451,-17,-17,0
155,0,2,1153,1153,127,127,0
155,0,3,1347,1347,127,127,0
155,0,4,1136,1136,125,125,0
155,0,5,775,775,80,80,0
155,0,6,-1701,-1701,-17,-17,0
155,0,7,-1207,-1207,-17,-17,0
155,0,8,-1628,-1628,-17,-17,0
155,0,9,1251,1251,127,127,0
155,0,10,230,230,12,12,0
155,0,11,2599,2599,127,127,0
155,0,12,228,228,12,12,0
155,0,13,-913,-913,-17,-17,0
155,0,14,-1424,-1424,-17,-17,0
155,0,15,-1170,-1170,-17,-17,0
155,1,0,6,6,7,7,0
155,1,1,-396,-396,-18,-18,0
155,1,2,-187,-187,-5,-5,0
155,1,3,22,22,8,8,0
156,0,0,5,5,-16,-16,0
156,0,1,-1493,-1493,-17,-17,0
156,0,2,789,789,82,82,0
156,0,3,1136,1136,125,125,0
156,0,4,2548,2548,127,127,0
156,0,5,-180,-180,-17,-17,0
156,0,6,-2668,-2668,-17,-17,0
156,0,7,-971,-971,-17,-17,0
156,0,8,-1659,-1659,-17,-17,0
156,0,9,-7,-7,-17,-17,0
156,0,10,580,580,56,56,0
156,0,11,3012,3012,127,127,0
156,0,12,1229,1229,127,127,0
156,0,13,-884,-884,-17,-17,0
156,0,14,-1497,-1497,-17,-17,0
156,0,15,290,290,19,19,0
156,1,0,1013,1013,70,70,0
156,1,1,-457,-457,-22,-22,0
156,1,2,-94,-94,1,1,0
156,1,3,295,295,26,26,0
157,0,0,-411,-411,-17,-17,0
157,0,1,1264,1264,127,127,0
157,0,2,329,329,24,24,0
157,0,3,-81,-81,-17,-17,0
157,0,4,-761,-761,-17,-17,0
157,0,5,-301,-301,-17,-17,0
157,0,6,-711,-711,-17,-17,0
157,0,7,1519,1519,127,127,0
157,0,8,989,989,107,107,0
157,0,9,-126,-126,-17,-17,0
157,0,10,1144,1144,126,126,0
157,0,11,-1156,-1156,-17,-17,0
157,0,12,-636,-636,-17,-17,0
157,0,13,-1886,-1886,-17,-17,0
157,0,14,764,764,79,79,0
157,0,15,-126,-126,-17,-17,0
157,1,0,1042,1042,72,72,0
157,1,1,-259,-259,-9,-9,0
157,1,2,52,52,10,10,0
157,1,3,-1249,-1249,-71,-71,0
158,0,0,-673,-673,-17,-17,0
158,0,1,-978,-978,-17,-17,0
158,0,2,7,7,-16,-16,0
158,0,3,-568,-568,-17,-17,0
158,0,4,912,912,97,97,0
158,0,5,-1133,-1133,-17,-17,0
158,0,6,392,392,32,32,0
158,0,7,147,147,2,2,0
158,0,8,-893,-893,-17,-17,0
158,0,9,62,62,-9,-9,0
158,0,10,612,612,60,60,0
158,0,11,-398,-398,-17,-17,0
158,0,12,122,122,-2,-2,0
158,0,13,312,312,22,22,0
158,0,14,2017,2017,127,127,0
158,0,15,-388,-388,-17,-17,0
158,1,0,479,479,37,37,0
158,1,1,137,137,16,16,0
158,1,2,-712,-712,-38,-38,0
158,1,3,-924,-924,-51,-51,0
159,0,0,219,219,11,11,0
159,0,1,-623,-623,-17,-17,0
159,0,2,-2140,-2140,-17,-17,0
159,0,3,258,258,15,15,0
159,0,4,-44,-44,-17,-17,0
159,0,5,464,464,41,41,0
159,0,6,477,477,43,43,0
159,0,7,1150,1150,127,127,0
159,0,8,-1207,-1207,-17,-17,0
159,0,9,-984,-984,-17,-17,0
159,0,10,-1271,-1271,-17,-17,0
159,0,11,1412,1412,127,127,0
159,0,12,660,660,66,66,0
159,0,13,1678,1678,127,127,0
159,0,14,-109,-109,-17,-17,0
159,0,15,504,504,46,46,0
159,1,0,-613,-613,-31,-31,0
159,1,1,948,948,66,66,0
159,1,2,-65,-65,3,3,0
159,1,3,1158,1158,79,79,0
160,0,0,2052,2052,127,127,0
160,0,1,2719,2719,127,127,0
160,0,2,41,41,-12,-12,0
160,0,3,-2412,-2412,-17,-17,0
160,0,4,-4100,-4100,-17,-17,0
160,0,5,-1423,-1423,-17,-17,0
160,0,6,1269,1269,127,127,0
160,0,7,3331,3331,127,127,0
160,0,8,2288,2288,127,127,0
160,0,9,1095,1095,120,120,0
160,0,10,-338,-338,-17,-17,0
160,0,11,-3676,-3676,-17,-17,0
160,0,12,-2304,-2304,-17,-17,0
160,0,13,-662,-662,-17,-17,0
160,0,14,2060,2060,127,127,0
160,0,15,2337,2337,127,127,0
160,1,0,-83,-83,2,2,0
160,1,1,-428,-428,-20,-20,0
160,1,2,-773,-773,-41,-41,0
160,1,3,-1118,-1118,-63,-63,0
161,0,0,1673,1673,127,127,0
161,0,1,-1181,-1181,-17,-17,0
161,0,2,-465,-465,-17,-17,0
161,0,3,416,416,35,35,0
161,0,4,-653,-653,-17,-17,0
161,0,5,633,633,62,62,0
161,0,6,479,479,43,43,0
161,0,7,775,775,80,80,0
161,0,8,201,201,8,8,0
161,0,9,-1258,-1258,-17,-17,0
161,0,10,-557,-557,-17,-17,0
161,0,11,534,534,50,50,0
161,0,12,-1150,-1150,-17,-17,0
161,0,13,601,601,58,58,0
161,0,14,-108,-108,-17,-17,0
161,0,15,1958,1958,127,127,0
161,1,0,-1012,-1012,-56,-56,0
161,1,1,1459,1459,98,98,0
161,1,2,1057,1057,73,73,0
161,1,3,1305,1305,89,89,0
162,0,0,-408,-408,-17,-17,0
162,0,1,-1179,-1179,-17,-17,0
162,0,2,1530,1530,127,127,0
162,0,3,594,594,57,57,0
162,0,4,-207,-207,-17,-17,0
162,0,5,-333,-333,-17,-17,0
162,0,6,-669,-669,-17,-17,0
162,0,7,-645,-645,-17,-17,0
162,0,8,519,519,48,48,0
162,0,9,108,108,-3,-3,0
162,0,10,1767,1767,127,127,0
162,0,11,-219,-219,-17,-17,0
162,0,12,180,180,6,6,0
162,0,13,-546,-546,-17,-17,0
162,0,14,-552,-552,-17,-17,0
162,0,15,-123,-123,-17,-17,0
162,1,0,1084,1084,75,75,0
162,1,1,239,239,22,22,0
162,1,2,1201,1201,82,82,0
162,1,3,356,356,29,29,0
163,0,0,864,864,91,91,0
163,0,1,2502,2502,127,127,0
163,0,2,990,990,107,107,0
163,0,3,-2277,-2277,-17,-17,0
163,0,4,-264,-264,-17,-17,0
163,0,5,-891,-891,-17,-17,0
163,0,6,-1188,-1188,-17,-17,0
163,0,7,330,330,24,24,0
163,0,8,1383,1383,127,127,0
163,0,9,2361,2361,127,127,0
163,0,10,-636,-636,-17,-17,0
163,0,11,-1038,-1038,-17,-17,0
163,0,12,645,645,64,64,0
163,0,13,-2142,-2142,-17,-17,0
163,0,14,-699,-699,-17,-17,0
163,0,15,1149,1149,127,127,0
163,1,0,674,674,49,49,0
163,1,1,301,301,26,26,0
163,1,2,396,396,32,32,0
163,1,3,-1381,-1381,-79,-79,0
164,0,0,-477,-477,-17,-17,0
164,0,1,-663,-663,-17,-17,0
164,0,2,-3174,-3174,-17,-17,0
164,0,3,15,15,-15,-15,0
164,0,4,2529,2529,127,127,0
164,0,5,903,903,96,96,0
164,0,6,1422,1422,127,127,0
164,0,7,1011,1011,110,110,0
164,0,8,-1815,-1815,-17,-17,0
164,0,9,-2166,-2166,-17,-17,0
164,0,10,-1917,-1917,-17,-17,0
164,0,11,582,582,56,56,0
164,0,12,2721,2721,127,127,0
164,0,13,-195,-195,-17,-17,0
164,0,14,1164,1164,127,127,0
164,0,15,-192,-192,-17,-17,0
164,1,0,153,153,17,17,0
164,1,1,-77,-77,2,2,0
164,1,2,-1750,-1750,-102,-102,0
164,1,3,-628,-628,-32,-32,0
165,0,0,930,930,99,99,0
165,0,1,-1957,-1957,-17,-17,0
165,0,2,-1319,-1319,-17,-17,0
165,0,3,-141,-141,-17,-17,0
165,0,4,2,2,-17,-17,0
165,0,5,1225,1225,127,127,0
165,0,6,423,423,36,36,0
165,0,7,296,296,20,20,0
165,0,8,-911,-911,-17,-17,0
165,0,9,-2733,-2733,-17,-17,0
165,0,10,-1225,-1225,-17,-17,0
165,0,11,673,673,67,67,0
165,0,12,1086,1086,119,119,0
165,0,13,2594,2594,127,127,0
165,0,14,997,997,108,108,0
165,0,15,1215,1215,127,127,0
165,1,0,-1210,-1210,-69,-69,0
165,1,1,2159,2159,127,127,0
165,1,2,276,276,24,24,0
165,1,3,174,174,18,18,0
166,0,0,2838,2838,127,127,0
166,0,1,2004,2004,127,127,0
166,0,2,-1260,-1260,-17,-17,0
166,0,3,-759,-759,-17,-17,0
166,0,4,-2988,-2988,-17,-17,0
166,0,5,-1962,-1962,-17,-17,0
166,0,6,819,819,86,86,0
166,0,7,1470,1470,127,127,0
166,0,8,1236,1236,127,127,0
166,0,9,627,627,62,62,0
166,0,10,408,408,34,34,0
166,0,11,-2316,-2316,-17,-17,0
166,0,12,-2040,-2040,-17,-17,0
166,0,13,-1074,-1074,-17,-17,0
166,0,14,2937,2937,127,127,0
166,0,15,3123,3123,127,127,0
166,1,0,181,181,18,18,0
166,1,1,-58,-58,3,3,0
166,1,2,-297,-297,-12,-12,0
166,1,3,-1069,-1069,-60,-60,0
167,0,0,-1315,-1315,-17,-17,0
167,0,1,-278,-278,-17,-17,0
167,0,2,1389,1389,127,127,0
167,0,3,2036,2036,127,127,0
167,0,4,823,823,86,86,0
167,0,5,-1560,-1560,-17,-17,0
167,0,6,77,77,-7,-7,0
167,0,7,-2741,-2741,-17,-17,0
167,0,8,21,21,-14,-14,0
167,0,9,1058,1058,115,115,0
167,0,10,2890,2890,127,127,0
167,0,11,1977,1977,127,127,0
167,0,12,-376,-376,-17,-17,0
167,0,13,-2759,-2759,-17,-17,0
167,0,14,-1302,-1302,-17,-17,0
167,0,15,-1030,-1030,-17,-17,0
167,1,0,1079,1079,75,75,0
167,1,1,-486,-486,-23,-23,0
167,1,2,-140,-140,-2,-2,0
167,1,3,297,297,26,26,0
168,0,0,361,361,28,28,0
168,0,1,-487,-487,-17,-17,0
168,0,2,1305,1305,127,127,0
168,0,3,97,97,-5,-5,0
168,0,4,1274,1274,127,127,0
168,0,5,741,741,76,76,0
168,0,6,-3212,-3212,-17,-17,0
168,0,7,-175,-175,-17,-17,0
168,0,8,1347,1347,127,127,0
168,0,9,274,274,17,17,0
168,0,10,476,476,43,43,0
168,0,11,483,483,44,44,0
168,0,12,55,55,-10,-10,0
168,0,13,-553,-553,-17,-17,0
168,0,14,-2046,-2046,-17,-17,0
168,0,15,646,646,64,64,0
168,1,0,210,210,20,20,0
168,1,1,437,437,34,34,0
168,1,2,898,898,63,63,0
168,1,3,124,124,15,15,0
169,0,0,-2071,-2071,-17,-17,0
169,0,1,-1488,-1488,-17,-17,0
169,0,2,-230,-230,-17,-17,0
169,0,3,728,728,74,74,0
169,0,4,1341,1341,127,127,0
169,0,5,19,19,-14,-14,0
169,0,6,-1648,-1648,-17,-17,0
169,0,7,-315,-315,-17,-17,0
169,0,8,-977,-977,-17,-17,0
169,0,9,356,356,28,28,0
169,0,10,1629,1629,127,127,0
169,0,11,2377,2377,127,127,0
169,0,12,800,800,83,83,0
169,0,13,798,798,83,83,0
169,0,14,-1379,-1379,-17,-17,0
169,0,15,-1786,-1786,-17,-17,0
169,1,0,317,317,27,27,0
169,1,1,197,197,19,19,0
169,1,2,-79,-79,2,2,0
169,1,3,334,334,28,28,0
170,0,0,11,11,-15,-15,0
170,0,1,1256,1256,127,127,0
170,0,2,1436,1436,127,127,0
170,0,3,1946,1946,127,127,0
170,0,4,-214,-214,-17,-17,0
170,0,5,-1639,-1639,-17,-17,0
170,0,6,-4324,-4324,-17,-17,0
170,0,7,-2149,-2149,-17,-17,0
170,0,8,2516,2516,127,127,0
170,0,9,2876,2876,127,127,0
170,0,10,1946,1946,127,127,0
170,0,11,926,926,99,99,0
170,0,12,-1054,-1054,-17,-17,0
170,0,13,-1174,-1174,-17,-17,0
170,0,14,-2419,-2419,-17,-17,0
170,0,15,296,296,20,20,0
170,1,0,562,562,42,42,0
170,1,1,-1367,-1367,-78,-78,0
170,1,2,422,422,33,33,0
170,1,3,-25,-25,5,5,0
171,0,0,-8,-8,-17,-17,0
171,0,1,-339,-339,-17,-17,0
171,0,2,-10,-10,-17,-17,0
171,0,3,-1496,-1496,-17,-17,0
171,0,4,-1542,-1542,-17,-17,0
171,0,5,-763,-763,-17,-17,0
171,0,6,901,901,96,96,0
171,0,7,1470,1470,127,127,0
171,0,8,524,524,49,49,0
171,0,9,1408,1408,127,127,0
171,0,10,-783,-783,-17,-17,0
171,0,11,296,296,20,20,0
171,0,12,-2420,-2420,-17,-17,0
171,0,13,714,714,72,72,0
171,0,14,1988,1988,127,127,0
171,0,15,277,277,18,18,0
171,1,0,-102,-102,1,1,0
171,1,1,-406,-406,-18,-18,0
171,1,2,-1009,-1009,-56,-56,0
171,1,3,-520,-520,-26,-26,0
172,0,0,2061,2061,127,127,0
172,0,1,1087,1087,119,119,0
172,0,2,398,398,33,33,0
172,0,3,-1881,-1881,-17,-17,0
172,0,4,-2960,-2960,-17,-17,0
172,0,5,-2224,-2224,-17,-17,0
172,0,6,1992,1992,127,127,0
172,0,7,1633,1633,127,127,0
172,0,8,2909,2909,127,127,0
172,0,9,525,525,49,49,0
172,0,10,-644,-644,-17,-17,0
172,0,11,-2098,-2098,-17,-17,0
172,0,12,-1602,-1602,-17,-17,0
172,0,13,-431,-431,-17,-17,0
172,0,14,1175,1175,127,127,0
172,0,15,2346,2346,127,127,0
172,1,0,71,71,12,12,0
172,1,1,-206,-206,-6,-6,0
172,1,2,-483,-483,-23,-23,0
172,1,3,-760,-760,-41,-41,0
173,0,0,1379,1379,127,127,0
173,0,1,746,746,76,76,0
173,0,2,68,68,-8,-8,0
173,0,3,-580,-580,-17,-17,0
173,0,4,-1663,-1663,-17,-17,0
173,0,5,-856,-856,-17,-17,0
173,0,6,-424,-424,-17,-17,0
173,0,7,908,908,97,97,0
173,0,8,2840,2840,127,127,0
173,0,9,1487,1487,127,127,0
173,0,10,-1621,-1621,-17,-17,0
173,0,11,296,296,20,20,0
173,0,12,-2002,-2002,-17,-17,0
173,0,13,-595,-595,-17,-17,0
173,0,14,-43,-43,-17,-17,0
173,0,15,1664,1664,127,127,0
173,1,0,-106,-106,0,0,0
173,1,1,191,191,19,19,0
173,1,2,488,488,38,38,0
173,1,3,-606,-606,-31,-31,0
174,0,0,-1625,-1625,-17,-17,0
174,0,1,-857,-857,-17,-17,0
174,0,2,-1694,-1694,-17,-17,0
174,0,3,334,334,25,25,0
174,0,4,1162,1162,127,127,0
174,0,5,2095,2095,127,127,0
174,0,6,-2,-2,-17,-17,0
174,0,7,-659,-659,-17,-17,0
174,0,8,-56,-56,-17,-17,0
174,0,9,-1763,-1763,-17,-17,0
174,0,10,-770,-770,-17,-17,0
174,0,11,1573,1573,127,127,0
174,0,12,1336,1336,127,127,0
174,0,13,1864,1864,127,127,0
174,0,14,-998,-998,-17,-17,0
174,0,15,-1340,-1340,-17,-17,0
174,1,0,-1379,-1379,-79,-79,0
174,1,1,924,924,65,65,0
174,1,2,29,29,9,9,0
174,1,3,460,460,36,36,0
175,0,0,904,904,96,96,0
175,0,1,1450,1450,127,127,0
175,0,2,991,991,107,107,0
175,0,3,-1493,-1493,-17,-17,0
175,0,4,643,643,64,64,0
175,0,5,-881,-881,-17,-17,0
175,0,6,-455,-455,-17,-17,0
175,0,7,421,421,36,36,0
175,0,8,172,172,5,5,0
175,0,9,58,58,-10,-10,0
175,0,10,-821,-821,-17,-17,0
175,0,11,-260,-260,-17,-17,0
175,0,12,256,256,15,15,0
175,0,13,-1148,-1148,-17,-17,0
175,0,14,103,103,-4,-4,0
175,0,15,1189,1189,127,127,0
175,1,0,1063,1063,74,74,0
175,1,1,1149,1149,79,79,0
175,1,2,52,52,10,10,0
175,1,3,-1331,-1331,-76,-76,0
176,0,0,-396,-396,-17,-17,0
176,0,1,-2597,-2597,-17,-17,0
176,0,2,-43,-43,-17,-17,0
176,0,3,321,321,23,23,0
176,0,4,2245,2245,127,127,0
176,0,5,449,449,39,39,0
176,0,6,663,663,66,66,0
176,0,7,-1448,-1448,-17,-17,0
176,0,8,-1639,-1639,-17,-17,0
176,0,9,-1350,-1350,-17,-17,0
176,0,10,-401,-401,-17,-17,0
176,0,11,923,923,99,99,0
176,0,12,2487,2487,127,127,0
176,0,13,1291,1291,127,127,0
176,0,14,-565,-565,-17,-17,0
176,0,15,-111,-111,-17,-17,0
176,1,0,-872,-872,-48,-48,0
176,1,1,357,357,29,29,0
176,1,2,-494,-494,-24,-24,0
176,1,3,722,722,52,52,0
177,0,0,26,26,-14,-14,0
177,0,1,1192,1192,127,127,0
177,0,2,2058,2058,127,127,0
177,0,3,-46,-46,-17,-17,0
177,0,4,250,250,14,14,0
177,0,5,-639,-639,-17,-17,0
177,0,6,-2818,-2818,-17,-17,0
177,0,7,-1292,-1292,-17,-17,0
177,0,8,759,759,78,78,0
177,0,9,1805,1805,127,127,0
177,0,10,1711,1711,127,127,0
177,0,11,-888,-888,-17,-17,0
177,0,12,-82,-82,-17,-17,0
177,0,13,-776,-776,-17,-17,0
177,0,14,-1320,-1320,-17,-17,0
177,0,15,311,311,22,22,0
177,1,0,1489,1489,100,100,0
177,1,1,123,123,15,15,0
177,1,2,-47,-47,4,4,0
177,1,3,-1452,-1452,-84,-84,0
178,0,0,332,332,25,25,0
178,0,1,606,606,59,59,0
178,0,2,-1655,-1655,-17,-17,0
178,0,3,-526,-526,-17,-17,0
178,0,4,-357,-357,-17,-17,0
178,0,5,937,937,100,100,0
178,0,6,-559,-559,-17,-17,0
178,0,7,-1320,-1320,-17,-17,0
178,0,8,1594,1594,127,127,0
178,0,9,-592,-592,-17,-17,0
178,0,10,-708,-708,-17,-17,0
178,0,11,1006,1006,109,109,0
178,0,12,1295,1295,127,127,0
178,0,13,789,789,82,82,0
178,0,14,-902,-902,-17,-17,0
178,0,15,617,617,60,60,0
178,1,0,-1519,-1519,-88,-88,0
178,1,1,268,268,24,24,0
178,1,2,573,573,43,43,0
178,1,3,644,644,47,47,0
179,0,0,332,332,25,25,0
179,0,1,1812,1812,127,127,0
179,0,2,2242,2242,127,127,0
179,0,3,-73,-73,-17,-17,0
179,0,4,-1173,-1173,-17,-17,0
179,0,5,-3338,-3338,-17,-17,0
179,0,6,-1378,-1378,-17,-17,0
179,0,7,342,342,26,26,0
179,0,8,1777,1777,127,127,0
179,0,9,2777,2777,127,127,0
179,0,10,1947,1947,127,127,0
179,0,11,-563,-563,-17,-17,0
179,0,12,-2788,-2788,-17,-17,0
179,0,13,-1503,-1503,-17,-17,0
179,0,14,-473,-473,-17,-17,0
179,0,15,617,617,60,60,0
179,1,0,1398,1398,94,94,0
179,1,1,263,263,24,24,0
179,1,2,454,454,35,35,0
179,1,3,-1227,-1227,-70,-70,0
180,0,0,1108,1108,122,122,0
180,0,1,-532,-532,-17,-17,0
180,0,2,408,408,34,34,0
180,0,3,-647,-647,-17,-17,0
180,0,4,-757,-757,-17,-17,0
180,0,5,-957,-957,-17,-17,0
180,0,6,598,598,58,58,0
180,0,7,1043,1043,114,114,0
180,0,8,513,513,47,47,0
180,0,9,-1052,-1052,-17,-17,0
180,0,10,-382,-382,-17,-17,0
180,0,11,288,288,19,19,0
180,0,12,-707,-707,-17,-17,0
180,0,13,-67,-67,-17,-17,0
180,0,14,1083,1083,119,119,0
180,0,15,1393,1393,127,127,0
180,1,0,300,300,26,26,0
180,1,1,638,638,47,47,0
180,1,2,1,1,7,7,0
180,1,3,-25,-25,5,5,0
181,0,0,39,39,-12,-12,0
181,0,1,-1979,-1979,-17,-17,0
181,0,2,-2077,-2077,-17,-17,0
181,0,3,-1200,-1200,-17,-17,0
181,0,4,637,637,63,63,0
181,0,5,839,839,88,88,0
181,0,6,2286,2286,127,127,0
181,0,7,1078,1078,118,118,0
181,0,8,-160,-160,-17,-17,0
181,0,9,-1488,-1488,-17,-17,0
181,0,10,-1601,-1601,-17,-17,0
181,0,11,-514,-514,-17,-17,0
181,0,12,1158,1158,127,127,0
181,0,13,1120,1120,123,123,0
181,0,14,1802,1802,127,127,0
181,0,15,324,324,24,24,0
181,1,0,-263,-263,-9,-9,0
181,1,1,1194,1194,82,82,0
181,1,2,-599,-599,-30,-30,0
181,1,3,-520,-520,-26,-26,0
182,0,0,-1323,-1323,-17,-17,0
182,0,1,751,751,77,77,0
182,0,2,1565,1565,127,127,0
182,0,3,-141,-141,-17,-17,0
182,0,4,-857,-857,-17,-17,0
182,0,5,-358,-358,-17,-17,0
182,0,6,36,36,-12,-12,0
182,0,7,-2615,-2615,-17,-17,0
182,0,8,-436,-436,-17,-17,0
182,0,9,2238,2238,127,127,0
182,0,10,2077,2077,127,127,0
182,0,11,131,131,0,0,0
182,0,12,-885,-885,-17,-17,0
182,0,13,1159,1159,127,127,0
182,0,14,-1402,-1402,-17,-17,0
182,0,15,-1038,-1038,-17,-17,0
182,1,0,868,868,61,61,0
182,1,1,1439,1439,97,97,0
182,1,2,138,138,16,16,0
182,1,3,-877,-877,-48,-48,0
183,0,0,805,805,84,84,0
183,0,1,-1066,-1066,-17,-17,0
183,0,2,-642,-642,-17,-17,0
183,0,3,-278,-278,-17,-17,0
183,0,4,-814,-814,-17,-17,0
183,0,5,-825,-825,-17,-17,0
183,0,6,1459,1459,127,127,0
183,0,7,1148,1148,127,127,0
183,0,8,-258,-258,-17,-17,0
183,0,9,-2129,-2129,-17,-17,0
183,0,10,710,710,72,72,0
183,0,11,219,219,11,11,0
183,0,12,178,178,5,5,0
183,0,13,1007,1007,109,109,0
183,0,14,426,426,36,36,0
183,0,15,1090,1090,119,119,0
183,1,0,420,420,33,33,0
183,1,1,1768,1768,118,118,0
183,1,2,165,165,17,17,0
183,1,3,798,798,57,57,0
184,0,0,-2346,-2346,-17,-17,0
184,0,1,-1292,-1292,-17,-17,0
184,0,2,1397,1397,127,127,0
184,0,3,3621,3621,127,127,0
184,0,4,1780,1780,127,127,0
184,0,5,-1141,-1141,-17,-17,0
184,0,6,-2637,-2637,-17,-17,0
184,0,7,-2498,-2498,-17,-17,0
184,0,8,-1474,-1474,-17,-17,0
184,0,9,660,660,66,66,0
184,0,10,3169,3169,127,127,0
184,0,11,2273,2273,127,127,0
184,0,12,282,282,18,18,0
184,0,13,16,16,-15,-15,0
184,0,14,-1870,-1870,-17,-17,0
184,0,15,-2061,-2061,-17,-17,0
184,1,0,1229,1229,84,84,0
184,1,1,-342,-342,-14,-14,0
184,1,2,-67,-67,3,3,0
184,1,3,208,208,20,20,0
185,0,0,-1092,-1092,-17,-17,0
185,0,1,200,200,8,8,0
185,0,2,967,967,104,104,0
185,0,3,1599,1599,127,127,0
185,0,4,341,341,26,26,0
185,0,5,163,163,4,4,0
185,0,6,-2100,-2100,-17,-17,0
185,0,7,-463,-463,-17,-17,0
185,0,8,-911,-911,-17,-17,0
185,0,9,-69,-69,-17,-17,0
185,0,10,2528,2528,127,127,0
185,0,11,2005,2005,127,127,0
185,0,12,-708,-708,-17,-17,0
185,0,13,-781,-781,-17,-17,0
185,0,14,-1739,-1739,-17,-17,0
185,0,15,-807,-807,-17,-17,0
185,1,0,608,608,45,45,0
185,1,1,-320,-320,-13,-13,0
185,1,2,351,351,29,29,0
185,1,3,1022,1022,71,71,0
186,0,0,-638,-638,-17,-17,0
186,0,1,791,791,82,82,0
186,0,2,1305,1305,127,127,0
186,0,3,1594,1594,127,127,0
186,0,4,23,23,-14,-14,0
186,0,5,-1998,-1998,-17,-17,0
186,0,6,-524,-524,-17,-17,0
186,0,7,-1615,-1615,-17,-17,0
186,0,8,639,639,63,63,0
186,0,9,1693,1693,127,127,0
186,0,10,872,872,92,92,0
186,0,11,-144,-144,-17,-17,0
186,0,12,-710,-710,-17,-17,0
186,0,13,-1666,-1666,-17,-17,0
186,0,14,318,318,23,23,0
186,0,15,-353,-353,-17,-17,0
186,1,0,671,671,49,49,0
186,1,1,-772,-772,-41,-41,0
186,1,2,697,697,51,51,0
186,1,3,-746,-746,-40,-40,0
187,0,0,275,275,18,18,0
187,0,1,-972,-972,-17,-17,0
187,0,2,-749,-749,-17,-17,0
187,0,3,-856,-856,-17,-17,0
187,0,4,-1323,-1323,-17,-17,0
187,0,5,1105,1105,121,121,0
187,0,6,-232,-232,-17,-17,0
187,0,7,1536,1536,127,127,0
187,0,8,-581,-581,-17,-17,0
187,0,9,-463,-463,-17,-17,0
187,0,10,-1125,-1125,-17,-17,0
187,0,11,283,283,19,19,0
187,0,12,-424,-424,-17,-17,0
187,0,13,1509,1509,127,127,0
187,0,14,1957,1957,127,127,0
187,0,15,560,560,53,53,0
187,1,0,-970,-970,-54,-54,0
187,1,1,1812,1812,120,120,0
187,1,2,473,473,37,37,0
187,1,3,-398,-398,-18,-18,0
188,0,0,1574,1574,127,127,0
188,0,1,-890,-890,-17,-17,0
188,0,2,-1464,-1464,-17,-17,0
188,0,3,-1228,-1228,-17,-17,0
188,0,4,-437,-437,-17,-17,0
188,0,5,-576,-576,-17,-17,0
188,0,6,-235,-235,-17,-17,0
188,0,7,421,421,36,36,0
188,0,8,1167,1167,127,127,0
188,0,9,-1927,-1927,-17,-17,0
188,0,10,-716,-716,-17,-17,0
188,0,11,480,480,43,43,0
188,0,12,1526,1526,127,127,0
188,0,13,1177,1177,127,127,0
188,0,14,1068,1068,117,117,0
188,0,15,1859,1859,127,127,0
188,1,0,-873,-873,-48,-48,0
188,1,1,1020,1020,71,71,0
188,1,2,1041,1041,72,72,0
188,1,3,-30,-30,5,5,0
189,0,0,-782,-782,-17,-17,0
189,0,1,282,282,18,18,0
189,0,2,206,206,9,9,0
189,0,3,475,475,43,43,0
189,0,4,219,219,11,11,0
189,0,5,1598,1598,127,127,0
189,0,6,-1928,-1928,-17,-17,0
189,0,7,-1749,-1749,-17,-17,0
189,0,8,500,500,46,46,0
189,0,9,1699,1699,127,127,0
189,0,10,-1317,-1317,-17,-17,0
189,0,11,1307,1307,127,127,0
189,0,12,976,976,105,105,0
189,0,13,1470,1470,127,127,0
189,0,14,-3016,-3016,-17,-17,0
189,0,15,-497,-497,-17,-17,0
189,1,0,-1709,-1709,-100,-100,0
189,1,1,298,298,26,26,0
189,1,2,160,160,17,17,0
189,1,3,295,295,26,26,0
190,0,0,784,784,81,81,0
190,0,1,-1843,-1843,-17,-17,0
190,0,2,-2025,-2025,-17,-17,0
190,0,3,583,583,56,56,0
190,0,4,3296,3296,127,127,0
190,0,5,1104,1104,121,121,0
190,0,6,-2453,-2453,-17,-17,0
190,0,7,500,500,46,46,0
190,0,8,-342,-342,-17,-17,0
190,0,9,-3119,-3119,-17,-17,0
190,0,10,-661,-661,-17,-17,0
190,0,11,2772,2772,127,127,0
190,0,12,2455,2455,127,127,0
190,0,13,98,98,-5,-5,0
190,0,14,-1209,-1209,-17,-17,0
190,0,15,1069,1069,117,117,0
190,1,0,-344,-344,-15,-15,0
190,1,1,1063,1063,74,74,0
190,1,2,195,195,19,19,0
190,1,3,250,250,23,23,0
191,0,0,1641,1641,127,127,0
191,0,1,1778,1778,127,127,0
191,0,2,-500,-500,-17,-17,0
191,0,3,-3738,-3738,-17,-17,0
191,0,4,-2341,-2341,-17,-17,0
191,0,5,871,871,92,92,0
191,0,6,903,903,96,96,0
191,0,7,170,170,4,4,0
191,0,8,3592,3592,127,127,0
191,0,9,654,654,65,65,0
191,0,10,-1789,-1789,-17,-17,0
191,0,11,-3137,-3137,-17,-17,0
191,0,12,-750,-750,-17,-17,0
191,0,13,2687,2687,127,127,0
191,0,14,-101,-101,-17,-17,0
191,0,15,1926,1926,127,127,0
191,1,0,-1998,-1998,-118,-118,0
191,1,1,1156,1156,79,79,0
191,1,2,1021,1021,71,71,0
191,1,3,483,483,37,37,0
192,0,0,266,266,16,16,0
192,0,1,-204,-204,-17,-17,0
192,0,2,511,511,47,47,0
192,0,3,-64,-64,-17,-17,0
192,0,4,1956,1956,127,127,0
192,0,5,-389,-389,-17,-17,0
192,0,6,-2509,-2509,-17,-17,0
192,0,7,-594,-594,-17,-17,0
192,0,8,-764,-764,-17,-17,0
192,0,9,-724,-724,-17,-17,0
192,0,10,951,951,102,102,0
192,0,11,901,901,96,96,0
192,0,12,656,656,65,65,0
192,0,13,1206,1206,127,127,0
192,0,14,-1259,-1259,-17,-17,0
192,0,15,551,551,52,52,0
192,1,0,701,701,51,51,0
192,1,1,1549,1549,104,104,0
192,1,2,96,96,13,13,0
192,1,3,112,112,14,14,0
193,0,0,-878,-878,-17,-17,0
193,0,1,1129,1129,124,124,0
193,0,2,-1034,-1034,-17,-17,0
193,0,3,-1487,-1487,-17,-17,0
193,0,4,-1085,-1085,-17,-17,0
193,0,5,1282,1282,127,127,0
193,0,6,724,724,74,74,0
193,0,7,751,751,77,77,0
193,0,8,478,478,43,43,0
193,0,9,145,145,1,1,0
193,0,10,-1508,-1508,-17,-17,0
193,0,11,64,64,-9,-9,0
193,0,12,331,331,25,25,0
193,0,13,778,778,80,80,0
193,0,14,250,250,14,14,0
193,0,15,-593,-593,-17,-17,0
193,1,0,-1277,-1277,-73,-73,0
193,1,1,487,487,38,38,0
193,1,2,-102,-102,1,1,0
193,1,3,-184,-184,-5,-5,0
194,0,0,-465,-465,-17,-17,0
194,0,1,896,896,95,95,0
194,0,2,-683,-683,-17,-17,0
194,0,3,-882,-882,-17,-17,0
194,0,4,-526,-526,-17,-17,0
194,0,5,-5,-5,-17,-17,0
194,0,6,1251,1251,127,127,0
194,0,7,-133,-133,-17,-17,0
194,0,8,328,328,24,24,0
194,0,9,-996,-996,-17,-17,0
194,0,10,-250,-250,-17,-17,0
194,0,11,736,736,75,75,0
194,0,12,-1548,-1548,-17,-17,0
194,0,13,1313,1313,127,127,0
194,0,14,904,904,96,96,0
194,0,15,-180,-180,-17,-17,0
194,1,0,-1313,-1313,-75,-75,0
194,1,1,-650,-650,-34,-34,0
194,1,2,-1326,-1326,-76,-76,0
194,1,3,533,533,40,40,0
195,0,0,-1106,-1106,-17,-17,0
195,0,1,43,43,-11,-11,0
195,0,2,802,802,83,83,0
195,0,3,-524,-524,-17,-17,0
195,0,4,460,460,41,41,0
195,0,5,694,694,70,70,0
195,0,6,-617,-617,-17,-17,0
195,0,7,-1313,-1313,-17,-17,0
195,0,8,-899,-899,-17,-17,0
195,0,9,1120,1120,123,123,0
195,0,10,769,769,79,79,0
195,0,11,13,13,-15,-15,0
195,0,12,1747,1747,127,127,0
195,0,13,-629,-629,-17,-17,0
195,0,14,-620,-620,-17,-17,0
195,0,15,-821,-821,-17,-17,0
195,1,0,1137,1137,78,78,0
195,1,1,1085,1085,75,75,0
195,1,2,-98,-98,1,1,0
195,1,3,-1255,-1255,-71,-71,0
196,0,0,-401,-401,-17,-17,0
196,0,1,1393,1393,127,127,0
196,0,2,2317,2317,127,127,0
196,0,3,1471,1471,127,127,0
196,0,4,-1325,-1325,-17,-17,0
196,0,5,-3026,-3026,-17,-17,0
196,0,6,-662,-662,-17,-17,0
196,0,7,-983,-983,-17,-17,0
196,0,8,676,676,68,68,0
196,0,9,2815,2815,127,127,0
196,0,10,1249,1249,127,127,0
196,0,11,1063,1063,116,116,0
196,0,12,-2963,-2963,-17,-17,0
196,0,13,-1484,-1484,-17,-17,0
196,0,14,-200,-200,-17,-17,0
196,0,15,-116,-116,-17,-17,0
196,1,0,589,589,44,44,0
196,1,1,-1204,-1204,-68,-68,0
196,1,2,-20,-20,6,6,0
196,1,3,-84,-84,2,2,0
197,0,0,941,941,101,101,0
197,0,1,-407,-407,-17,-17,0
197,0,2,-2505,-2505,-17,-17,0
197,0,3,-898,-898,-17,-17,0
197,0,4,604,604,59,59,0
197,0,5,411,411,35,35,0
197,0,6,23,23,-14,-14,0
197,0,7,-20,-20,-17,-17,0
197,0,8,42,42,-12,-12,0
197,0,9,-1456,-1456,-17,-17,0
197,0,10,-629,-629,-17,-17,0
197,0,11,738,738,75,75,0
197,0,12,635,635,63,63,0
197,0,13,1747,1747,127,127,0
197,0,14,714,714,72,72,0
197,0,15,1226,1226,127,127,0
197,1,0,-818,-818,-44,-44,0
197,1,1,1741,1741,116,116,0
197,1,2,283,283,25,25,0
197,1,3,-5,-5,7,7,0
198,0,0,104,104,-4,-4,0
198,0,1,801,801,83,83,0
198,0,2,58,58,-10,-10,0
198,0,3,230,230,12,12,0
198,0,4,-288,-288,-17,-17,0
198,0,5,-386,-386,-17,-17,0
198,0,6,776,776,80,80,0
198,0,7,138,138,0,0,0
198,0,8,-155,-155,-17,-17,0
198,0,9,-103,-103,-17,-17,0
198,0,10,669,669,67,67,0
198,0,11,661,661,66,66,0
198,0,12,-1927,-1927,-17,-17,0
198,0,13,-345,-345,-17,-17,0
198,0,14,-293,-293,-17,-17,0
198,0,15,389,389,32,32,0
198,1,0,336,336,28,28,0
198,1,1,-370,-370,-16,-16,0
198,1,2,-868,-868,-47,-47,0
198,1,3,597,597,44,44,0
199,0,0,-115,-115,-17,-17,0
199,0,1,425,425,36,36,0
199,0,2,-1525,-1525,-17,-17,0
199,0,3,140,140,1,1,0
199,0,4,-625,-625,-17,-17,0
199,0,5,1415,1415,127,127,0
199,0,6,1490,1490,127,127,0
199,0,7,-640,-640,-17,-17,0
199,0,8,-1270,-1270,-17,-17,0
199,0,9,-955,-955,-17,-17,0
199,0,10,-1150,-1150,-17,-17,0
199,0,11,1325,1325,127,127,0
199,0,12,1055,1055,115,115,0
199,0,13,-85,-85,-17,-17,0
199,0,14,455,455,40,40,0
199,0,15,170,170,4,4,0
199,1,0,-950,-950,-52,-52,0
199,1,1,-421,-421,-19,-19,0
199,1,2,-1530,-1530,-89,-89,0
199,1,3,871,871,62,62,0
200,0,0,1733,1733,127,127,0
200,0,1,1077,1077,118,118,0
200,0,2,-584,-584,-17,-17,0
200,0,3,-1675,-1675,-17,-17,0
200,0,4,-2676,-2676,-17,-17,0
200,0,5,-347,-347,-17,-17,0
200,0,6,2072,2072,127,127,0
200,0,7,1581,1581,127,127,0
200,0,8,625,625,61,61,0
200,0,9,-121,-121,-17,-17,0
200,0,10,-1887,-1887,-17,-17,0
200,0,11,-1133,-1133,-17,-17,0
200,0,12,-2014,-2014,-17,-17,0
200,0,13,1050,1050,114,114,0
200,0,14,2239,2239,127,127,0
200,0,15,2018,2018,127,127,0
200,1,0,-636,-636,-33,-33,0
200,1,1,894,894,63,63,0
200,1,2,-137,-137,-2,-2,0
200,1,3,-310,-310,-12,-12,0
201,0,0,263,263,16,16,0
201,0,1,-2146,-2146,-17,-17,0
201,0,2,-2515,-2515,-17,-17,0
201,0,3,-304,-304,-17,-17,0
201,0,4,2717,2717,127,127,0
201,0,5,398,398,33,33,0
201,0,6,1529,1529,127,127,0
201,0,7,-490,-490,-17,-17,0
201,0,8,-49,-49,-17,-17,0
201,0,9,-2713,-2713,-17,-17,0
201,0,10,-1702,-1702,-17,-17,0
201,0,11,1034,1034,112,112,0
201,0,12,2000,2000,127,127,0
201,0,13,1676,1676,127,127,0
201,0,14,242,242,13,13,0
201,0,15,548,548,52,52,0
201,1,0,-623,-623,-32,-32,0
201,1,1,637,637,47,47,0
201,1,2,-1054,-1054,-59,-59,0
201,1,3,804,804,57,57,0
202,0,0,366,366,29,29,0
202,0,1,805,805,84,84,0
202,0,2,1724,1724,127,127,0
202,0,3,828,828,87,87,0
202,0,4,-623,-623,-17,-17,0
202,0,5,-1369,-1369,-17,-17,0
202,0,6,-1860,-1860,-17,-17,0
202,0,7,394,394,32,32,0
202,0,8,398,398,33,33,0
202,0,9,207,207,9,9,0
202,0,10,1411,1411,127,127,0
202,0,11,-25,-25,-17,-17,0
202,0,12,-1116,-1116,-17,-17,0
202,0,13,-1097,-1097,-17,-17,0
202,0,14,-103,-103,-17,-17,0
202,0,15,651,651,65,65,0
202,1,0,1373,1373,93,93,0
202,1,1,562,562,42,42,0
202,1,2,1155,1155,79,79,0
202,1,3,-254,-254,-9,-9,0
203,0,0,2239,2239,127,127,0
203,0,1,1435,1435,127,127,0
203,0,2,901,901,96,96,0
203,0,3,-338,-338,-17,-17,0
203,0,4,-1637,-1637,-17,-17,0
203,0,5,-1886,-1886,-17,-17,0
203,0,6,-785,-785,-17,-17,0
203,0,7,586,586,56,56,0
203,0,8,3127,3127,127,127,0
203,0,9,118,118,-2,-2,0
203,0,10,1369,1369,127,127,0
203,0,11,-1730,-1730,-17,-17,0
203,0,12,-1304,-1304,-17,-17,0
203,0,13,-2558,-2558,-17,-17,0
203,0,14,403,403,34,34,0
203,0,15,2524,2524,127,127,0
203,1,0,1059,1059,73,73,0
203,1,1,1070,1070,74,74,0
203,1,2,1081,1081,75,75,0
203,1,3,-780,-780,-42,-42,0
204,0,0,442,442,38,38,0
204,0,1,-2295,-2295,-17,-17,0
204,0,2,1178,1178,127,127,0
204,0,3,1816,1816,127,127,0
204,0,4,324,324,24,24,0
204,0,5,-118,-118,-17,-17,0
204,0,6,-260,-260,-17,-17,0
204,0,7,-1122,-1122,-17,-17,0
204,0,8,-1054,-1054,-17,-17,0
204,0,9,-416,-416,-17,-17,0
204,0,10,2772,2772,127,127,0
204,0,11,455,455,40,40,0
204,0,12,-737,-737,-17,-17,0
204,0,13,-1629,-1629,-17,-17,0
204,0,14,584,584,56,56,0
204,0,15,727,727,74,74,0
204,1,0,1199,1199,82,82,0
204,1,1,499,499,38,38,0
204,1,2,956,956,67,67,0
204,1,3,282,282,25,25,0
205,0,0,50,50,-11,-11,0
205,0,1,-2246,-2246,-17,-17,0
205,0,2,-297,-297,-17,-17,0
205,0,3,437,437,38,38,0
205,0,4,151,151,2,2,0
205,0,5,990,990,107,107,0
205,0,6,-976,-976,-17,-17,0
205,0,7,-422,-422,-17,-17,0
205,0,8,-1293,-1293,-17,-17,0
205,0,9,-829,-829,-17,-17,0
205,0,10,1750,1750,127,127,0
205,0,11,-261,-261,-17,-17,0
205,0,12,158,158,3,3,0
205,0,13,1837,1837,127,127,0
205,0,14,891,891,95,95,0
205,0,15,335,335,25,25,0
205,1,0,-588,-588,-30,-30,0
205,1,1,1725,1725,115,115,0
205,1,2,1191,1191,82,82,0
205,1,3,-58,-58,3,3,0
206,0,0,-1982,-1982,-17,-17,0
206,0,1,-1030,-1030,-17,-17,0
206,0,2,672,672,67,67,0
206,0,3,994,994,107,107,0
206,0,4,-544,-544,-17,-17,0
206,0,5,408,408,34,34,0
206,0,6,2140,2140,127,127,0
206,0,7,-283,-283,-17,-17,0
206,0,8,-1941,-1941,-17,-17,0
206,0,9,-224,-224,-17,-17,0
206,0,10,8,8,-16,-16,0
206,0,11,795,795,83,83,0
206,0,12,-323,-323,-17,-17,0
206,0,13,164,164,4,4,0
206,0,14,1086,1086,119,119,0
206,0,15,-1697,-1697,-17,-17,0
206,1,0,-802,-802,-43,-43,0
206,1,1,-1105,-1105,-62,-62,0
206,1,2,-732,-732,-39,-39,0
206,1,3,1201,1201,82,82,0
207,0,0,1897,1897,127,127,0
207,0,1,500,500,46,46,0
207,0,2,-12,-12,-17,-17,0
207,0,3,-2039,-2039,-17,-17,0
207,0,4,-691,-691,-17,-17,0
207,0,5,-678,-678,-17,-17,0
207,0,6,-395,-395,-17,-17,0
207,0,7,2018,2018,127,127,0
207,0,8,2091,2091,127,127,0
207,0,9,754,754,77,77,0
207,0,10,-2008,-2008,-17,-17,0
207,0,11,-1770,-1770,-17,-17,0
207,0,12,-167,-167,-17,-17,0
207,0,13,-544,-544,-17,-17,0
207,0,14,984,984,106,106,0
207,0,15,2182,2182,127,127,0
207,1,0,-7,-7,7,7,0
207,1,1,236,236,22,22,0
207,1,2,479,479,37,37,0
207,1,3,-1150,-1150,-65,-65,0
208,0,0,-28,-28,-17,-17,0
208,0,1,572,572,55,55,0
208,0,2,1667,1667,127,127,0
208,0,3,1097,1097,120,120,0
208,0,4,377,377,30,30,0
208,0,5,-1693,-1693,-17,-17,0
208,0,6,-1573,-1573,-17,-17,0
208,0,7,242,242,13,13,0
208,0,8,452,452,40,40,0
208,0,9,467,467,42,42,0
208,0,10,1652,1652,127,127,0
208,0,11,857,857,90,90,0
208,0,12,-1378,-1378,-17,-17,0
208,0,13,-1843,-1843,-17,-17,0
208,0,14,-928,-928,-17,-17,0
208,0,15,257,257,15,15,0
208,1,0,1063,1063,74,74,0
208,1,1,-512,-512,-25,-25,0
208,1,2,435,435,34,34,0
208,1,3,251,251,23,23,0
209,0,0,-1239,-1239,-17,-17,0
209,0,1,-3233,-3233,-17,-17,0
209,0,2,-622,-622,-17,-17,0
209,0,3,699,699,71,71,0
209,0,4,-215,-215,-17,-17,0
209,0,5,2486,2486,127,127,0
209,0,6,1092,1092,120,120,0
209,0,7,403,403,34,34,0
209,0,8,-1411,-1411,-17,-17,0
209,0,9,-1440,-1440,-17,-17,0
209,0,10,796,796,83,83,0
209,0,11,2,2,-17,-17,0
209,0,12,1518,1518,127,127,0
209,0,13,1129,1129,124,124,0
209,0,14,-25,-25,-17,-17,0
209,0,15,-954,-954,-17,-17,0
209,1,0,-835,-835,-45,-45,0
209,1,1,1343,1343,91,91,0
209,1,2,960,960,67,67,0
209,1,3,1214,1214,83,83,0
210,0,0,1703,1703,127,127,0
210,0,1,2168,2168,127,127,0
210,0,2,488,488,44,44,0
210,0,3,-832,-832,-17,-17,0
210,0,4,-1432,-1432,-17,-17,0
210,0,5,-2257,-2257,-17,-17,0
210,0,6,-112,-112,-17,-17,0
210,0,7,1718,1718,127,127,0
210,0,8,2243,2243,127,127,0
210,0,9,2243,2243,127,127,0
210,0,10,-817,-817,-17,-17,0
210,0,11,-2047,-2047,-17,-17,0
210,0,12,-2542,-2542,-17,-17,0
210,0,13,-1732,-1732,-17,-17,0
210,0,14,1148,1148,127,127,0
210,0,15,1988,1988,127,127,0
210,1,0,348,348,29,29,0
210,1,1,165,165,17,17,0
210,1,2,-18,-18,6,6,0
210,1,3,-2073,-2073,-123,-123,0
211,0,0,-1332,-1332,-17,-17,0
211,0,1,-21,-21,-17,-17,0
211,0,2,-2295,-2295,-17,-17,0
211,0,3,-954,-954,-17,-17,0
211,0,4,1752,1752,127,127,0
211,0,5,2073,2073,127,127,0
211,0,6,24,24,-14,-14,0
211,0,7,-210,-210,-17,-17,0
211,0,8,-729,-729,-17,-17,0
211,0,9,-948,-948,-17,-17,0
211,0,10,-2457,-2457,-17,-17,0
211,0,11,264,264,16,16,0
211,0,12,2640,2640,127,127,0
211,0,13,906,906,96,96,0
211,0,14,1227,1227,127,127,0
211,0,15,-1047,-1047,-17,-17,0
211,1,0,-879,-879,-48,-48,0
211,1,1,1095,1095,76,76,0
211,1,2,-272,-272,-10,-10,0
211,1,3,-1171,-1171,-66,-66,0
212,0,0,-29,-29,-17,-17,0
212,0,1,840,840,88,88,0
212,0,2,-1216,-1216,-17,-17,0
212,0,3,-827,-827,-17,-17,0
212,0,4,342,342,26,26,0
212,0,5,86,86,-6,-6,0
212,0,6,1000,1000,108,108,0
212,0,7,174,174,5,5,0
212,0,8,953,953,102,102,0
212,0,9,202,202,8,8,0
212,0,10,456,456,40,40,0
212,0,11,-1495,-1495,-17,-17,0
212,0,12,-1181,-1181,-17,-17,0
212,0,13,1098,1098,120,120,0
212,0,14,-463,-463,-17,-17,0
212,0,15,256,256,15,15,0
212,1,0,-752,-752,-40,-40,0
212,1,1,-97,-97,1,1,0
212,1,2,181,181,18,18,0
212,1,3,537,537,41,41,0
213,0,0,-2318,-2318,-17,-17,0
213,0,1,-75,-75,-17,-17,0
213,0,2,1223,1223,127,127,0
213,0,3,511,511,47,47,0
213,0,4,-156,-156,-17,-17,0
213,0,5,-508,-508,-17,-17,0
213,0,6,1330,1330,127,127,0
213,0,7,-1977,-1977,-17,-17,0
213,0,8,-1084,-1084,-17,-17,0
213,0,9,1549,1549,127,127,0
213,0,10,1797,1797,127,127,0
213,0,11,-175,-175,-17,-17,0
213,0,12,-737,-737,-17,-17,0
213,0,13,1071,1071,117,117,0
213,0,14,-511,-511,-17,-17,0
213,0,15,-2033,-2033,-17,-17,0
213,1,0,621,621,46,46,0
213,1,1,898,898,63,63,0
213,1,2,265,265,24,24,0
213,1,3,672,672,49,49,0
214,0,0,-1595,-1595,-17,-17,0
214,0,1,-930,-930,-17,-17,0
214,0,2,-685,-685,-17,-17,0
214,0,3,-350,-350,-17,-17,0
214,0,4,1965,1965,127,127,0
214,0,5,695,695,70,70,0
214,0,6,-860,-860,-17,-17,0
214,0,7,-2160,-2160,-17,-17,0
214,0,8,-1795,-1795,-17,-17,0
214,0,9,1120,1120,123,123,0
214,0,10,1020,1020,111,111,0
214,0,11,1700,1700,127,127,0
214,0,12,1675,1675,127,127,0
214,0,13,1875,1875,127,127,0
214,0,14,-1735,-1735,-17,-17,0
214,0,15,-1310,-1310,-17,-17,0
214,1,0,-3,-3,7,7,0
214,1,1,1221,1221,83,83,0
214,1,2,-558,-558,-28,-28,0
214,1,3,-465,-465,-22,-22,0
215,0,0,-175,-175,-17,-17,0
215,0,1,450,450,39,39,0
215,0,2,880,880,93,93,0
215,0,3,-745,-745,-17,-17,0
215,0,4,2055,2055,127,127,0
215,0,5,-1445,-1445,-17,-17,0
215,0,6,-1435,-1435,-17,-17,0
215,0,7,210,210,9,9,0
215,0,8,-155,-155,-17,-17,0
215,0,9,860,860,91,91,0
215,0,10,225,225,11,11,0
215,0,11,565,565,54,54,0
215,0,12,275,275,18,18,0
215,0,13,-1695,-1695,-17,-17,0
215,0,14,70,70,-8,-8,0
215,0,15,110,110,-3,-3,0
215,1,0,1150,1150,79,79,0
215,1,1,31,31,9,9,0
215,1,2,-1088,-1088,-61,-61,0
215,1,3,-1284,-1284,-73,-73,0
216,0,0,739,739,76,76,0
216,0,1,1322,1322,127,127,0
216,0,2,3990,3990,127,127,0
216,0,3,988,988,107,107,0
216,0,4,-2329,-2329,-17,-17,0
216,0,5,-2751,-2751,-17,-17,0
216,0,6,-908,-908,-17,-17,0
216,0,7,-640,-640,-17,-17,0
216,0,8,-12,-12,-17,-17,0
216,0,9,2911,2911,127,127,0
216,0,10,2684,2684,127,127,0
216,0,11,-423,-423,-17,-17,0
216,0,12,-4145,-4145,-17,-17,0
216,0,13,-1942,-1942,-17,-17,0
216,0,14,456,456,40,40,0
216,0,15,1024,1024,111,111,0
216,1,0,1430,1430,96,96,0
216,1,1,766,766,55,55,0
216,1,2,505,505,39,39,0
216,1,3,-1368,-1368,-79,-79,0
217,0,0,347,347,27,27,0
217,0,1,419,419,36,36,0
217,0,2,371,371,30,30,0
217,0,3,-1492,-1492,-17,-17,0
217,0,4,230,230,12,12,0
217,0,5,-373,-373,-17,-17,0
217,0,6,1229,1229,127,127,0
217,0,7,-829,-829,-17,-17,0
217,0,8,263,263,16,16,0
217,0,9,-475,-475,-17,-17,0
217,0,10,-13,-13,-17,-17,0
217,0,11,-1486,-1486,-17,-17,0
217,0,12,-109,-109,-17,-17,0
217,0,13,833,833,87,87,0
217,0,14,1025,1025,111,111,0
217,0,15,632,632,62,62,0
217,1,0,-429,-429,-20,-20,0
217,1,1,256,256,23,23,0
217,1,2,-554,-554,-28,-28,0
217,1,3,79,79,12,12,0
218,0,0,-49,-49,-17,-17,0
218,0,1,-152,-152,-17,-17,0
218,0,2,1665,1665,127,127,0
218,0,3,-733,-733,-17,-17,0
218,0,4,-1046,-1046,-17,-17,0
218,0,5,-909,-909,-17,-17,0
218,0,6,398,398,33,33,0
218,0,7,1765,1765,127,127,0
218,0,8,-1413,-1413,-17,-17,0
218,0,9,1004,1004,109,109,0
218,0,10,226,226,11,11,0
218,0,11,-702,-702,-17,-17,0
218,0,12,-70,-70,-17,-17,0
218,0,13,-668,-668,-17,-17,0
218,0,14,624,624,61,61,0
218,0,15,236,236,13,13,0
218,1,0,1589,1589,106,106,0
218,1,1,472,472,37,37,0
218,1,2,-645,-645,-33,-33,0
218,1,3,-1112,-1112,-63,-63,0
219,0,0,1188,1188,127,127,0
219,0,1,1675,1675,127,127,0
219,0,2,-643,-643,-17,-17,0
219,0,3,1779,1779,127,127,0
219,0,4,-1634,-1634,-17,-17,0
219,0,5,-1192,-1192,-17,-17,0
219,0,6,-1005,-1005,-17,-17,0
219,0,7,127,127,-1,-1,0
219,0,8,2819,2819,127,127,0
219,0,9,1476,1476,127,127,0
219,0,10,1048,1048,114,114,0
219,0,11,575,575,55,55,0
219,0,12,-2088,-2088,-17,-17,0
219,0,13,-2936,-2936,-17,-17,0
219,0,14,-1249,-1249,-17,-17,0
219,0,15,1473,1473,127,127,0
219,1,0,-259,-259,-9,-9,0
219,1,1,-470,-470,-22,-22,0
219,1,2,1191,1191,82,82,0
219,1,3,44,44,10,10,0
220,0,0,735,735,75,75,0
220,0,1,1427,1427,127,127,0
220,0,2,1474,1474,127,127,0
220,0,3,-519,-519,-17,-17,0
220,0,4,-3127,-3127,-17,-17,0
220,0,5,-815,-815,-17,-17,0
220,0,6,-483,-483,-17,-17,0
220,0,7,2249,2249,127,127,0
220,0,8,1111,1111,122,122,0
220,0,9,-177,-177,-17,-17,0
220,0,10,350,350,27,27,0
220,0,11,-1148,-1148,-17,-17,0
220,0,12,-1401,-1401,-17,-17,0
220,0,13,-1024,-1024,-17,-17,0
220,0,14,1288,1288,127,127,0
220,0,15,1020,1020,111,111,0
220,1,0,1083,1083,75,75,0
220,1,1,404,404,32,32,0
220,1,2,336,336,28,28,0
220,1,3,-1539,-1539,-89,-89,0
221,0,0,1306,1306,127,127,0
221,0,1,-81,-81,-17,-17,0
221,0,2,-1153,-1153,-17,-17,0
221,0,3,-245,-245,-17,-17,0
221,0,4,-2457,-2457,-17,-17,0
221,0,5,-1084,-1084,-17,-17,0
221,0,6,829,829,87,87,0
221,0,7,2142,2142,127,127,0
221,0,8,1805,1805,127,127,0
221,0,9,-872,-872,-17,-17,0
221,0,10,96,96,-5,-5,0
221,0,11,-1426,-1426,-17,-17,0
221,0,12,-1733,-1733,-17,-17,0
221,0,13,630,630,62,62,0
221,0,14,2183,2183,127,127,0
221,0,15,1591,1591,127,127,0
221,1,0,-528,-528,-26,-26,0
221,1,1,624,624,46,46,0
221,1,2,749,749,54,54,0
221,1,3,354,354,29,29,0
222,0,0,935,935,100,100,0
222,0,1,-1132,-1132,-17,-17,0
222,0,2,-484,-484,-17,-17,0
222,0,3,-1291,-1291,-17,-17,0
222,0,4,632,632,62,62,0
222,0,5,-805,-805,-17,-17,0
222,0,6,2303,2303,127,127,0
222,0,7,1736,1736,127,127,0
222,0,8,59,59,-9,-9,0
222,0,9,-1243,-1243,-17,-17,0
222,0,10,-490,-490,-17,-17,0
222,0,11,-1612,-1612,-17,-17,0
222,0,12,311,311,22,22,0
222,0,13,-271,-271,-17,-17,0
222,0,14,1292,1292,127,127,0
222,0,15,1220,1220,127,127,0
222,1,0,709,709,51,51,0
222,1,1,675,675,49,49,0
222,1,2,-776,-776,-42,-42,0
222,1,3,-459,-459,-22,-22,0
223,0,0,1385,1385,127,127,0
223,0,1,505,505,46,46,0
223,0,2,-30,-30,-17,-17,0
223,0,3,-1420,-1420,-17,-17,0
223,0,4,-665,-665,-17,-17,0
223,0,5,-1200,-1200,-17,-17,0
223,0,6,1190,1190,127,127,0
223,0,7,1240,1240,127,127,0
223,0,8,1305,1305,127,127,0
223,0,9,-40,-40,-17,-17,0
223,0,10,-1670,-1670,-17,-17,0
223,0,11,-1875,-1875,-17,-17,0
223,0,12,875,875,93,93,0
223,0,13,-2015,-2015,-17,-17,0
223,0,14,2355,2355,127,127,0
223,0,15,1670,1670,127,127,0
223,1,0,85,85,12,12,0
223,1,1,-34,-34,5,5,0
223,1,2,-153,-153,-3,-3,0
223,1,3,-272,-272,-10,-10,0
224,0,0,-665,-665,-17,-17,0
224,0,1,-564,-564,-17,-17,0
224,0,2,-313,-313,-17,-17,0
224,0,3,-512,-512,-17,-17,0
224,0,4,294,294,20,20,0
224,0,5,725,725,74,74,0
224,0,6,-1439,-1439,-17,-17,0
224,0,7,477,477,43,43,0
224,0,8,-262,-262,-17,-17,0
224,0,9,514,514,47,47,0
224,0,10,810,810,84,84,0
224,0,11,-199,-199,-17,-17,0
224,0,12,1777,1777,127,127,0
224,0,13,558,558,53,53,0
224,0,14,-1261,-1261,-17,-17,0
224,0,15,-380,-380,-17,-17,0
224,1,0,419,419,33,33,0
224,1,1,1461,1461,98,98,0
224,1,2,410,410,33,33,0
224,1,3,-641,-641,-33,-33,0
225,0,0,-1027,-1027,-17,-17,0
225,0,1,497,497,45,45,0
225,0,2,-1789,-1789,-17,-17,0
225,0,3,-3640,-3640,-17,-17,0
225,0,4,-211,-211,-17,-17,0
225,0,5,1898,1898,127,127,0
225,0,6,317,317,23,23,0
225,0,7,566,566,54,54,0
225,0,8,905,905,96,96,0
225,0,9,74,74,-8,-8,0
225,0,10,-1747,-1747,-17,-17,0
225,0,11,-1828,-1828,-17,-17,0
225,0,12,1541,1541,127,127,0
225,0,13,1940,1940,127,127,0
225,0,14,2444,2444,127,127,0
225,0,15,-742,-742,-17,-17,0
225,1,0,-1452,-1452,-84,-84,0
225,1,1,633,633,47,47,0
225,1,2,443,443,35,35,0
225,1,3,-696,-696,-37,-37,0
226,0,0,48,48,-11,-11,0
226,0,1,-905,-905,-17,-17,0
226,0,2,-1453,-1453,-17,-17,0
226,0,3,-1191,-1191,-17,-17,0
226,0,4,-59,-59,-17,-17,0
226,0,5,-1072,-1072,-17,-17,0
226,0,6,1500,1500,127,127,0
226,0,7,1507,1507,127,127,0
226,0,8,869,869,92,92,0
226,0,9,591,591,57,57,0
226,0,10,-707,-707,-17,-17,0
226,0,11,80,80,-7,-7,0
226,0,12,237,237,13,13,0
226,0,13,-581,-581,-17,-17,0
226,0,14,1076,1076,118,118,0
226,0,15,333,333,25,25,0
226,1,0,219,219,21,21,0
226,1,1,-1008,-1008,-56,-56,0
226,1,2,-896,-896,-49,-49,0
226,1,3,-199,-199,-5,-5,0
227,0,0,1231,1231,127,127,0
227,0,1,1022,1022,111,111,0
227,0,2,-1167,-1167,-17,-17,0
227,0,3,-521,-521,-17,-17,0
227,0,4,-1015,-1015,-17,-17,0
227,0,5,-2379,-2379,-17,-17,0
227,0,6,952,952,102,102,0
227,0,7,2003,2003,127,127,0
227,0,8,954,954,102,102,0
227,0,9,-95,-95,-17,-17,0
227,0,10,-619,-619,-17,-17,0
227,0,11,867,867,92,92,0
227,0,12,-2477,-2477,-17,-17,0
227,0,13,-1126,-1126,-17,-17,0
227,0,14,2310,2310,127,127,0
227,0,15,1516,1516,127,127,0
227,1,0,-338,-338,-14,-14,0
227,1,1,-485,-485,-23,-23,0
227,1,2,-957,-957,-53,-53,0
227,1,3,-12,-12,6,6,0
228,0,0,1587,1587,127,127,0
228,0,1,364,364,29,29,0
228,0,2,341,341,26,26,0
228,0,3,-267,-267,-17,-17,0
228,0,4,-1475,-1475,-17,-17,0
228,0,5,-103,-103,-17,-17,0
228,0,6,-96,-96,-17,-17,0
228,0,7,496,496,45,45,0
228,0,8,2078,2078,127,127,0
228,0,9,390,390,32,32,0
228,0,10,-1058,-1058,-17,-17,0
228,0,11,-1381,-1381,-17,-17,0
228,0,12,-519,-519,-17,-17,0
228,0,13,-332,-332,-17,-17,0
228,0,14,-85,-85,-17,-17,0
228,0,15,1872,1872,127,127,0
228,1,0,-165,-165,-3,-3,0
228,1,1,526,526,40,40,0
228,1,2,1217,1217,83,83,0
228,1,3,36,36,9,9,0
229,0,0,2047,2047,127,127,0
229,0,1,775,775,80,80,0
229,0,2,-422,-422,-17,-17,0
229,0,3,-359,-359,-17,-17,0
229,0,4,-2156,-2156,-17,-17,0
229,0,5,-353,-353,-17,-17,0
229,0,6,1885,1885,127,127,0
229,0,7,2038,2038,127,127,0
229,0,8,616,616,60,60,0
229,0,9,-941,-941,-17,-17,0
229,0,10,-1283,-1283,-17,-17,0
229,0,11,-2285,-2285,-17,-17,0
229,0,12,-1367,-1367,-17,-17,0
229,0,13,361,361,28,28,0
229,0,14,1384,1384,127,127,0
229,0,15,2332,2332,127,127,0
229,1,0,-202,-202,-6,-6,0
229,1,1,460,460,36,36,0
229,1,2,-334,-334,-14,-14,0
229,1,3,-257,-257,-9,-9,0
230,0,0,-1672,-1672,-17,-17,0
230,0,1,-2386,-2386,-17,-17,0
230,0,2,-835,-835,-17,-17,0
230,0,3,-1369,-1369,-17,-17,0
230,0,4,1037,1037,113,113,0
230,0,5,1478,1478,127,127,0
230,0,6,2534,2534,127,127,0
230,0,7,200,200,8,8,0
230,0,8,-2464,-2464,-17,-17,0
230,0,9,-508,-508,-17,-17,0
230,0,10,-1282,-1282,-17,-17,0
230,0,11,734,734,75,75,0
230,0,12,1835,1835,127,127,0
230,0,13,926,926,99,99,0
230,0,14,1712,1712,127,127,0
230,0,15,-1387,-1387,-17,-17,0
230,1,0,-1081,-1081,-61,-61,0
230,1,1,504,504,39,39,0
230,1,2,-1291,-1291,-74,-74,0
230,1,3,-18,-18,6,6,0
231,0,0,274,274,17,17,0
231,0,1,-1265,-1265,-17,-17,0
231,0,2,-1394,-1394,-17,-17,0
231,0,3,-458,-458,-17,-17,0
231,0,4,163,163,4,4,0
231,0,5,2089,2089,127,127,0
231,0,6,-350,-350,-17,-17,0
231,0,7,841,841,88,88,0
231,0,8,-533,-533,-17,-17,0
231,0,9,-377,-377,-17,-17,0
231,0,10,-626,-626,-17,-17,0
231,0,11,-1145,-1145,-17,-17,0
231,0,12,2131,2131,127,127,0
231,0,13,1327,1327,127,127,0
231,0,14,-737,-737,-17,-17,0
231,0,15,559,559,53,53,0
231,1,0,-611,-611,-31,-31,0
231,1,1,2334,2334,127,127,0
231,1,2,1093,1093,75,75,0
231,1,3,-148,-148,-2,-2,0
232,0,0,-817,-817,-17,-17,0
232,0,1,73,73,-8,-8,0
232,0,2,183,183,6,6,0
232,0,3,-202,-202,-17,-17,0
232,0,4,-1412,-1412,-17,-17,0
232,0,5,-447,-447,-17,-17,0
232,0,6,1523,1523,127,127,0
232,0,7,1273,1273,127,127,0
232,0,8,648,648,64,64,0
232,0,9,-727,-727,-17,-17,0
232,0,10,778,778,80,80,0
232,0,11,-2187,-2187,-17,-17,0
232,0,12,-937,-937,-17,-17,0
232,0,13,1213,1213,127,127,0
232,0,14,978,978,105,105,0
232,0,15,-532,-532,-17,-17,0
232,1,0,-16,-16,6,6,0
232,1,1,411,411,33,33,0
232,1,2,19,19,8,8,0
232,1,3,446,446,35,35,0
233,0,0,217,217,10,10,0
233,0,1,312,312,22,22,0
233,0,2,-538,-538,-17,-17,0
233,0,3,-1238,-1238,-17,-17,0
233,0,4,462,462,41,41,0
233,0,5,-283,-283,-17,-17,0
233,0,6,337,337,25,25,0
233,0,7,1362,1362,127,127,0
233,0,8,872,872,92,92,0
233,0,9,-968,-968,-17,-17,0
233,0,10,-1833,-1833,-17,-17,0
233,0,11,1022,1022,111,111,0
233,0,12,427,427,37,37,0
233,0,13,-1638,-1638,-17,-17,0
233,0,14,1427,1427,127,127,0
233,0,15,502,502,46,46,0
233,1,0,199,199,20,20,0
233,1,1,-983,-983,-54,-54,0
233,1,2,-1099,-1099,-62,-62,0
233,1,3,-422,-422,-19,-19,0
234,0,0,-1127,-1127,-17,-17,0
234,0,1,1731,1731,127,127,0
234,0,2,3164,3164,127,127,0
234,0,3,577,577,55,55,0
234,0,4,-570,-570,-17,-17,0
234,0,5,-1852,-1852,-17,-17,0
234,0,6,-1679,-1679,-17,-17,0
234,0,7,-351,-351,-17,-17,0
234,0,8,107,107,-3,-3,0
234,0,9,2380,2380,127,127,0
234,0,10,2358,2358,127,127,0
234,0,11,1046,1046,114,114,0
234,0,12,-1931,-1931,-17,-17,0
234,0,13,-2823,-2823,-17,-17,0
234,0,14,-1090,-1090,-17,-17,0
234,0,15,-842,-842,-17,-17,0
234,1,0,1093,1093,75,75,0
234,1,1,-410,-410,-19,-19,0
234,1,2,-795,-795,-43,-43,0
234,1,3,-595,-595,-30,-30,0
235,0,0,-347,-347,-17,-17,0
235,0,1,-2895,-2895,-17,-17,0
235,0,2,-733,-733,-17,-17,0
235,0,3,424,424,36,36,0
235,0,4,546,546,51,51,0
235,0,5,1133,1133,125,125,0
235,0,6,1495,1495,127,127,0
235,0,7,1887,1887,127,127,0
235,0,8,-1981,-1981,-17,-17,0
235,0,9,-1859,-1859,-17,-17,0
235,0,10,-837,-837,-17,-17,0
235,0,11,-10,-10,-17,-17,0
235,0,12,472,472,42,42,0
235,0,13,1209,1209,127,127,0
235,0,14,1436,1436,127,127,0
235,0,15,-62,-62,-17,-17,0
235,1,0,-1087,-1087,-61,-61,0
235,1,1,918,918,64,64,0
235,1,2,-106,-106,0,0,0
235,1,3,53,53,10,10,0
236,0,0,-1895,-1895,-17,-17,0
236,0,1,-2235,-2235,-17,-17,0
236,0,2,-280,-280,-17,-17,0
236,0,3,760,760,78,78,0
236,0,4,1635,1635,127,127,0
236,0,5,185,185,6,6,0
236,0,6,-50,-50,-17,-17,0
236,0,7,-1620,-1620,-17,-17,0
236,0,8,-310,-310,-17,-17,0
236,0,9,-1790,-1790,-17,-17,0
236,0,10,-450,-450,-17,-17,0
236,0,11,1730,1730,127,127,0
236,0,12,2245,2245,127,127,0
236,0,13,2040,2040,127,127,0
236,0,14,-25,-25,-17,-17,0
236,0,15,-1610,-1610,-17,-17,0
236,1,0,-812,-812,-44,-44,0
236,1,1,54,54,10,10,0
236,1,2,-16,-16,6,6,0
236,1,3,551,551,42,42,0
237,0,0,-444,-444,-17,-17,0
237,0,1,195,195,8,8,0
237,0,2,-1521,-1521,-17,-17,0
237,0,3,-2247,-2247,-17,-17,0
237,0,4,-2418,-2418,-17,-17,0
237,0,5,111,111,-3,-3,0
237,0,6,3870,3870,127,127,0
237,0,7,1449,1449,127,127,0
237,0,8,-12,-12,-17,-17,0
237,0,9,-243,-243,-17,-17,0
237,0,10,-1884,-1884,-17,-17,0
237,0,11,-780,-780,-17,-17,0
237,0,12,-786,-786,-17,-17,0
237,0,13,1578,1578,127,127,0
237,0,14,3072,3072,127,127,0
237,0,15,-159,-159,-17,-17,0
237,1,0,-473,-473,-23,-23,0
237,1,1,434,434,34,34,0
237,1,2,-713,-713,-38,-38,0
237,1,3,12,12,8,8,0
238,0,0,-566,-566,-17,-17,0
238,0,1,360,360,28,28,0
238,0,2,-1039,-1039,-17,-17,0
238,0,3,532,532,50,50,0
238,0,4,723,723,74,74,0
238,0,5,389,389,32,32,0
238,0,6,-245,-245,-17,-17,0
238,0,7,876,876,93,93,0
238,0,8,-1123,-1123,-17,-17,0
238,0,9,-167,-167,-17,-17,0
238,0,10,-1041,-1041,-17,-17,0
238,0,11,1445,1445,127,127,0
238,0,12,61,61,-9,-9,0
238,0,13,-423,-423,-17,-17,0
238,0,14,158,158,3,3,0
238,0,15,-281,-281,-17,-17,0
238,1,0,-238,-238,-8,-8,0
238,1,1,-586,-586,-30,-30,0
238,1,2,-700,-700,-37,-37,0
238,1,3,187,187,19,19,0
239,0,0,1416,1416,127,127,0
239,0,1,-426,-426,-17,-17,0
239,0,2,117,117,-2,-2,0
239,0,3,-2535,-2535,-17,-17,0
239,0,4,-537,-537,-17,-17,0
239,0,5,126,126,-1,-1,0
239,0,6,-426,-426,-17,-17,0
239,0,7,1377,1377,127,127,0
239,0,8,780,780,81,81,0
239,0,9,1473,1473,127,127,0
239,0,10,-864,-864,-17,-17,0
239,0,11,-2406,-2406,-17,-17,0
239,0,12,-1023,-1023,-17,-17,0
239,0,13,1695,1695,127,127,0
239,0,14,1173,1173,127,127,0
239,0,15,1701,1701,127,127,0
239,1,0,-514,-514,-25,-25,0
239,1,1,1535,1535,103,103,0
239,1,2,906,906,64,64,0
239,1,3,-997,-997,-55,-55,0
240,0,0,760,760,78,78,0
240,0,1,6,6,-16,-16,0
240,0,2,-1783,-1783,-17,-17,0
240,0,3,448,448,39,39,0
240,0,4,24,24,-14,-14,0
240,0,5,-175,-175,-17,-17,0
240,0,6,-1469,-1469,-17,-17,0
240,0,7,1632,1632,127,127,0
240,0,8,23,23,-14,-14,0
240,0,9,-1271,-1271,-17,-17,0
240,0,10,-15,-15,-17,-17,0
240,0,11,-454,-454,-17,-17,0
240,0,12,1432,1432,127,127,0
240,0,13,678,678,68,68,0
240,0,14,104,104,-4,-4,0
240,0,15,1045,1045,114,114,0
240,1,0,488,488,38,38,0
240,1,1,1561,1561,105,105,0
240,1,2,1061,1061,73,73,0
240,1,3,-206,-206,-6,-6,0
241,0,0,986,986,106,106,0
241,0,1,-1505,-1505,-17,-17,0
241,0,2,819,819,86,86,0
241,0,3,1343,1343,127,127,0
241,0,4,217,217,10,10,0
241,0,5,-2184,-2184,-17,-17,0
241,0,6,140,140,1,1,0
241,0,7,634,634,62,62,0
241,0,8,-207,-207,-17,-17,0
241,0,9,-598,-598,-17,-17,0
241,0,10,676,676,68,68,0
241,0,11,45,45,-11,-11,0
241,0,12,-1171,-1171,-17,-17,0
241,0,13,-1142,-1142,-17,-17,0
241,0,14,1887,1887,127,127,0
241,0,15,1271,1271,127,127,0
241,1,0,937,937,66,66,0
241,1,1,873,873,62,62,0
241,1,2,1082,1082,75,75,0
241,1,3,-269,-269,-10,-10,0
242,0,0,1800,1800,127,127,0
242,0,1,956,956,103,103,0
242,0,2,337,337,25,25,0
242,0,3,-612,-612,-17,-17,0
242,0,4,-1396,-1396,-17,-17,0
242,0,5,-2570,-2570,-17,-17,0
242,0,6,-279,-279,-17,-17,0
242,0,7,1577,1577,127,127,0
242,0,8,2143,2143,127,127,0
242,0,9,2124,2124,127,127,0
242,0,10,-1030,-1030,-17,-17,0
242,0,11,-1379,-1379,-17,-17,0
242,0,12,-738,-738,-17,-17,0
242,0,13,-2332,-2332,-17,-17,0
242,0,14,1339,1339,127,127,0
242,0,15,2085,2085,127,127,0
242,1,0,253,253,23,23,0
242,1,1,156,156,17,17,0
242,1,2,59,59,11,11,0
242,1,3,-1910,-1910,-112,-112,0
243,0,0,-1339,-1339,-17,-17,0
243,0,1,-1590,-1590,-17,-17,0
243,0,2,-746,-746,-17,-17,0
243,0,3,2528,2528,127,127,0
243,0,4,2382,2382,127,127,0
243,0,5,-554,-554,-17,-17,0
243,0,6,-1150,-1150,-17,-17,0
243,0,7,-1086,-1086,-17,-17,0
243,0,8,-2522,-2522,-17,-17,0
243,0,9,-748,-748,-17,-17,0
243,0,10,1101,1101,121,121,0
243,0,11,3595,3595,127,127,0
243,0,12,1574,1574,127,127,0
243,0,13,-1527,-1527,-17,-17,0
243,0,14,22,22,-14,-14,0
243,0,15,-1054,-1054,-17,-17,0
243,1,0,727,727,53,53,0
243,1,1,-624,-624,-32,-32,0
243,1,2,-103,-103,1,1,0
243,1,3,418,418,33,33,0
244,0,0,1607,1607,127,127,0
244,0,1,1770,1770,127,127,0
244,0,2,313,313,22,22,0
244,0,3,686,686,69,69,0
244,0,4,-2076,-2076,-17,-17,0
244,0,5,-233,-233,-17,-17,0
244,0,6,-1435,-1435,-17,-17,0
244,0,7,723,723,74,74,0
244,0,8,1831,1831,127,127,0
244,0,9,959,959,103,103,0
244,0,10,-453,-453,-17,-17,0
244,0,11,-755,-755,-17,-17,0
244,0,12,-1507,-1507,-17,-17,0
244,0,13,-1824,-1824,-17,-17,0
244,0,14,334,334,25,25,0
244,0,15,1892,1892,127,127,0
244,1,0,-256,-256,-9,-9,0
244,1,1,-209,-209,-6,-6,0
244,1,2,956,956,67,67,0
244,1,3,-869,-869,-47,-47,0
245,0,0,1994,1994,127,127,0
245,0,1,1080,1080,118,118,0
245,0,2,-1244,-1244,-17,-17,0
245,0,3,-1393,-1393,-17,-17,0
245,0,4,-2742,-2742,-17,-17,0
245,0,5,-2306,-2306,-17,-17,0
245,0,6,710,710,72,72,0
245,0,7,2931,2931,127,127,0
245,0,8,1552,1552,127,127,0
245,0,9,-22,-22,-17,-17,0
245,0,10,-216,-216,-17,-17,0
245,0,11,-1130,-1130,-17,-17,0
245,0,12,-694,-694,-17,-17,0
245,0,13,-723,-723,-17,-17,0
245,0,14,2143,2143,127,127,0
245,0,15,2279,2279,127,127,0
245,1,0,-190,-190,-5,-5,0
245,1,1,-123,-123,-1,-1,0
245,1,2,-56,-56,3,3,0
245,1,3,-704,-704,-37,-37,0
246,0,0,792,792,82,82,0
246,0,1,1046,1046,114,114,0
246,0,2,820,820,86,86,0
246,0,3,-636,-636,-17,-17,0
246,0,4,-2617,-2617,-17,-17,0
246,0,5,-98,-98,-17,-17,0
246,0,6,906,906,96,96,0
246,0,7,-160,-160,-17,-17,0
246,0,8,1054,1054,115,115,0
246,0,9,3,3,-16,-16,0
246,0,10,1517,1517,127,127,0
246,0,11,-1529,-1529,-17,-17,0
246,0,12,-1155,-1155,-17,-17,0
246,0,13,-91,-91,-17,-17,0
246,0,14,88,88,-6,-6,0
246,0,15,1077,1077,118,118,0
246,1,0,818,818,58,58,0
246,1,1,450,450,35,35,0
246,1,2,511,511,39,39,0
246,1,3,325,325,27,27,0
247,0,0,-777,-777,-17,-17,0
247,0,1,564,564,54,54,0
247,0,2,-315,-315,-17,-17,0
247,0,3,-1389,-1389,-17,-17,0
247,0,4,-978,-978,-17,-17,0
247,0,5,858,858,90,90,0
247,0,6,159,159,3,3,0
247,0,7,-375,-375,-17,-17,0
247,0,8,1326,1326,127,127,0
247,0,9,237,237,13,13,0
247,0,10,-387,-387,-17,-17,0
247,0,11,399,399,33,33,0
247,0,12,795,795,83,83,0
247,0,13,-204,-204,-17,-17,0
247,0,14,27,27,-13,-13,0
247,0,15,-492,-492,-17,-17,0
247,1,0,-1109,-1109,-62,-62,0
247,1,1,-687,-687,-36,-36,0
247,1,2,216,216,21,21,0
247,1,3,157,157,17,17,0
248,0,0,800,800,83,83,0
248,0,1,1471,1471,127,127,0
248,0,2,1842,1842,127,127,0
248,0,3,-217,-217,-17,-17,0
248,0,4,-1151,-1151,-17,-17,0
248,0,5,-585,-585,-17,-17,0
248,0,6,26,26,-14,-14,0
248,0,7,412,412,35,35,0
248,0,8,-612,-612,-17,-17,0
248,0,9,2099,2099,127,127,0
248,0,10,805,805,84,84,0
248,0,11,-1074,-1074,-17,-17,0
248,0,12,-1843,-1843,-17,-17,0
248,0,13,-1307,-1307,-17,-17,0
248,0,14,-726,-726,-17,-17,0
248,0,15,1085,1085,119,119,0
248,1,0,1754,1754,117,117,0
248,1,1,1489,1489,100,100,0
248,1,2,-76,-76,2,2,0
248,1,3,-1602,-1602,-93,-93,0
249,0,0,541,541,51,51,0
249,0,1,-1016,-1016,-17,-17,0
249,0,2,-773,-773,-17,-17,0
249,0,3,-3095,-3095,-17,-17,0
249,0,4,-512,-512,-17,-17,0
249,0,5,886,886,94,94,0
249,0,6,2434,2434,127,127,0
249,0,7,1702,1702,127,127,0
249,0,8,910,910,97,97,0
249,0,9,-2012,-2012,-17,-17,0
249,0,10,-2174,-2174,-17,-17,0
249,0,11,-1661,-1661,-17,-17,0
249,0,12,-128,-128,-17,-17,0
249,0,13,2050,2050,127,127,0
249,0,14,2788,2788,127,127,0
249,0,15,826,826,86,86,0
249,1,0,-1336,-1336,-77,-77,0
249,1,1,1002,1002,70,70,0
249,1,2,623,623,46,46,0
249,1,3,634,634,47,47,0
250,0,0,-852,-852,-17,-17,0
250,0,1,-393,-393,-17,-17,0
250,0,2,-144,-144,-17,-17,0
250,0,3,-300,-300,-17,-17,0
250,0,4,1284,1284,127,127,0
250,0,5,-42,-42,-17,-17,0
250,0,6,1362,1362,127,127,0
250,0,7,6,6,-16,-16,0
250,0,8,810,810,84,84,0
250,0,9,-816,-816,-17,-17,0
250,0,10,-537,-537,-17,-17,0
250,0,11,192,192,7,7,0
250,0,12,-549,-549,-17,-17,0
250,0,13,375,375,30,30,0
250,0,14,-456,-456,-17,-17,0
250,0,15,-567,-567,-17,-17,0
250,1,0,-640,-640,-33,-33,0
250,1,1,-868,-868,-47,-47,0
250,1,2,-394,-394,-18,-18,0
250,1,3,951,951,67,67,0
251,0,0,-2151,-2151,-17,-17,0
251,0,1,-572,-572,-17,-17,0
251,0,2,407,407,34,34,0
251,0,3,381,381,31,31,0
251,0,4,1435,1435,127,127,0
251,0,5,2159,2159,127,127,0
251,0,6,183,183,6,6,0
251,0,7,-983,-983,-17,-17,0
251,0,8,-1834,-1834,-17,-17,0
251,0,9,-90,-90,-17,-17,0
251,0,10,-986,-986,-17,-17,0
251,0,11,68,68,-8,-8,0
251,0,12,2502,2502,127,127,0
251,0,13,931,931,100,100,0
251,0,14,-1510,-1510,-17,-17,0
251,0,15,-1866,-1866,-17,-17,0
251,1,0,-760,-760,-41,-41,0
251,1,1,1356,1356,92,92,0
251,1,2,703,703,51,51,0
251,1,3,-158,-158,-3,-3,0
252,0,0,-334,-334,-17,-17,0
252,0,1,-850,-850,-17,-17,0
252,0,2,-1501,-1501,-17,-17,0
252,0,3,-1597,-1597,-17,-17,0
252,0,4,1847,1847,127,127,0
252,0,5,26,26,-14,-14,0
252,0,6,1670,1670,127,127,0
252,0,7,-1261,-1261,-17,-17,0
252,0,8,-142,-142,-17,-17,0
252,0,9,62,62,-9,-9,0
252,0,10,-2119,-2119,-17,-17,0
252,0,11,320,320,23,23,0
252,0,12,1094,1094,120,120,0
252,0,13,2258,2258,127,127,0
252,0,14,467,467,42,42,0
252,0,15,-49,-49,-17,-17,0
252,1,0,-356,-356,-15,-15,0
252,1,1,280,280,25,25,0
252,1,2,-995,-995,-55,-55,0
252,1,3,122,122,15,15,0
253,0,0,-1192,-1192,-17,-17,0
253,0,1,-18,-18,-17,-17,0
253,0,2,691,691,70,70,0
253,0,3,365,365,29,29,0
253,0,4,-756,-756,-17,-17,0
253,0,5,-677,-677,-17,-17,0
253,0,6,1517,1517,127,127,0
253,0,7,-1794,-1794,-17,-17,0
253,0,8,10,10,-16,-16,0
253,0,9,734,734,75,75,0
253,0,10,1053,1053,115,115,0
253,0,11,-1373,-1373,-17,-17,0
253,0,12,1106,1106,121,121,0
253,0,13,-15,-15,-17,-17,0
253,0,14,289,289,19,19,0
253,0,15,-907,-907,-17,-17,0
253,1,0,1346,1346,91,91,0
253,1,1,77,77,12,12,0
253,1,2,-581,-581,-29,-29,0
253,1,3,22,22,8,8,0
254,0,0,-1295,-1295,-17,-17,0
254,0,1,235,235,13,13,0
254,0,2,-425,-425,-17,-17,0
254,0,3,-1235,-1235,-17,-17,0
254,0,4,1630,1630,127,127,0
254,0,5,2485,2485,127,127,0
254,0,6,-2300,-2300,-17,-17,0
254,0,7,-785,-785,-17,-17,0
254,0,8,-905,-905,-17,-17,0
254,0,9,-1340,-1340,-17,-17,0
254,0,10,-845,-845,-17,-17,0
254,0,11,730,730,74,74,0
254,0,12,3640,3640,127,127,0
254,0,13,1135,1135,125,125,0
254,0,14,-785,-785,-17,-17,0
254,0,15,-1010,-1010,-17,-17,0
254,1,0,-1137,-1137,-64,-64,0
254,1,1,1274,1274,87,87,0
254,1,2,-33,-33,5,5,0
254,1,3,-157,-157,-3,-3,0
255,0,0,-929,-929,-17,-17,0
255,0,1,-1096,-1096,-17,-17,0
255,0,2,1512,1512,127,127,0
255,0,3,2725,2725,127,127,0
255,0,4,1148,1148,127,127,0
255,0,5,741,741,76,76,0
255,0,6,-1946,-1946,-17,-17,0
255,0,7,-1918,-1918,-17,-17,0
255,0,8,-2385,-2385,-17,-17,0
255,0,9,-212,-212,-17,-17,0
255,0,10,2306,2306,127,127,0
255,0,11,2724,2724,127,127,0
255,0,12,1372,1372,127,127,0
255,0,13,-745,-745,-17,-17,0
255,0,14,-3357,-3357,-17,-17,0
255,0,15,-644,-644,-17,-17,0
255,1,0,925,925,65,65,0
255,1,1,303,303,26,26,0
255,1,2,344,344,29,29,0
255,1,3,385,385,31,31,0
256,0,0,-2310,-2310,-17,-17,0
256,0,1,-1195,-1195,-17,-17,0
256,0,2,460,460,41,41,0
256,0,3,2415,2415,127,127,0
256,0,4,1085,1085,119,119,0
256,0,5,-890,-890,-17,-17,0
256,0,6,-1560,-1560,-17,-17,0
256,0,7,-970,-970,-17,-17,0
256,0,8,-635,-635,-17,-17,0
256,0,9,-510,-510,-17,-17,0
256,0,10,1985,1985,127,127,0
256,0,11,2455,2455,127,127,0
256,0,12,900,900,96,96,0
256,0,13,-730,-730,-17,-17,0
256,0,14,-560,-560,-17,-17,0
256,0,15,-2025,-2025,-17,-17,0
256,1,0,944,944,66,66,0
256,1,1,-451,-451,-21,-21,0
256,1,2,26,26,9,9,0
256,1,3,503,503,39,39,0
257,0,0,2006,2006,127,127,0
257,0,1,1194,1194,127,127,0
257,0,2,-848,-848,-17,-17,0
257,0,3,-340,-340,-17,-17,0
257,0,4,303,303,21,21,0
257,0,5,-1694,-1694,-17,-17,0
257,0,6,-721,-721,-17,-17,0
257,0,7,-18,-18,-17,-17,0
257,0,8,2005,2005,127,127,0
257,0,9,-127,-127,-17,-17,0
257,0,10,891,891,95,95,0
257,0,11,-1346,-1346,-17,-17,0
257,0,12,-958,-958,-17,-17,0
257,0,13,-855,-855,-17,-17,0
257,0,14,448,448,39,39,0
257,0,15,2291,2291,127,127,0
257,1,0,71,71,12,12,0
257,1,1,462,462,36,36,0
257,1,2,853,853,60,60,0
257,1,3,-628,-628,-32,-32,0
258,0,0,-1344,-1344,-17,-17,0
258,0,1,-272,-272,-17,-17,0
258,0,2,20,20,-14,-14,0
258,0,3,-663,-663,-17,-17,0
258,0,4,-131,-131,-17,-17,0
258,0,5,1286,1286,127,127,0
258,0,6,18,18,-15,-15,0
258,0,7,25,25,-14,-14,0
258,0,8,137,137,0,0,0
258,0,9,9,9,-16,-16,0
258,0,10,-824,-824,-17,-17,0
258,0,11,-97,-97,-17,-17,0
258,0,12,-30,-30,-17,-17,0
258,0,13,352,352,27,27,0
258,0,14,1454,1454,127,127,0
258,0,15,-1059,-1059,-17,-17,0
258,1,0,-1227,-1227,-70,-70,0
258,1,1,584,584,44,44,0
258,1,2,172,172,18,18,0
258,1,3,-435,-435,-20,-20,0
259,0,0,-389,-389,-17,-17,0
259,0,1,-1885,-1885,-17,-17,0
259,0,2,-1041,-1041,-17,-17,0
259,0,3,-317,-317,-17,-17,0
259,0,4,512,512,47,47,0
259,0,5,456,456,40,40,0
259,0,6,2545,2545,127,127,0
259,0,7,479,479,43,43,0
259,0,8,-387,-387,-17,-17,0
259,0,9,-1478,-1478,-17,-17,0
259,0,10,-1174,-1174,-17,-17,0
259,0,11,-720,-720,-17,-17,0
259,0,12,1444,1444,127,127,0
259,0,13,-277,-277,-17,-17,0
259,0,14,2172,2172,127,127,0
259,0,15,-104,-104,-17,-17,0
259,1,0,213,213,20,20,0
259,1,1,-189,-189,-5,-5,0
259,1,2,-1332,-1332,-76,-76,0
259,1,3,-603,-603,-31,-31,0
260,0,0,1672,1672,127,127,0
260,0,1,595,595,58,58,0
260,0,2,-92,-92,-17,-17,0
260,0,3,151,151,2,2,0
260,0,4,-2711,-2711,-17,-17,0
260,0,5,-1958,-1958,-17,-17,0
260,0,6,1345,1345,127,127,0
260,0,7,853,853,90,90,0
260,0,8,676,676,68,68,0
260,0,9,94,94,-5,-5,0
260,0,10,517,517,48,48,0
260,0,11,-830,-830,-17,-17,0
260,0,12,-2192,-2192,-17,-17,0
260,0,13,16,16,-15,-15,0
260,0,14,1804,1804,127,127,0
260,0,15,1957,1957,127,127,0
260,1,0,178,178,18,18,0
260,1,1,277,277,24,24,0
260,1,2,-170,-170,-4,-4,0
260,1,3,-97,-97,1,1,0
261,0,0,920,920,98,98,0
261,0,1,402,402,33,33,0
261,0,2,1024,1024,111,111,0
261,0,3,-709,-709,-17,-17,0
261,0,4,-1947,-1947,-17,-17,0
261,0,5,100,100,-4,-4,0
261,0,6,-1498,-1498,-17,-17,0
261,0,7,2184,2184,127,127,0
261,0,8,991,991,107,107,0
261,0,9,308,308,22,22,0
261,0,10,585,585,56,56,0
261,0,11,-1988,-1988,-17,-17,0
261,0,12,-1996,-1996,-17,-17,0
261,0,13,1431,1431,127,127,0
261,0,14,133,133,0,0,0
261,0,15,1205,1205,127,127,0
261,1,0,443,443,35,35,0
261,1,1,2080,2080,127,127,0
261,1,2,1793,1793,119,119,0
261,1,3,-106,-106,0,0,0
