
 /----------------------------------------------------------------------------\
 |  yosys -- Yosys Open SYnthesis Suite                                       |
 |  Copyright (C) 2012 - 2026  Claire Xenia Wolf <claire@yosyshq.com>         |
 |  Distributed under an ISC-like license, type "license" to see terms        |
 \----------------------------------------------------------------------------/
 Yosys 0.68+136 (git sha1 c30457480, Release, GNU /usr/bin/c++ 15.2.0)

-- Running command `read_verilog -sv ../rtl/cpu/src/PSC_ONE_RV32ISP_core.v ../rtl/cpu/src/PSC_RV32ISP_core.v ../rtl/cpu/src/PSC_RV32ISP_Fetch.v ../rtl/cpu/src/PSC_RV32ISP_Execute.v ../rtl/cpu/src/Fetch_Fifo.v ../rtl/cpu/src/Fetch.v ../rtl/cpu/src/Decorder.v ../rtl/cpu/src/Execute.v ../rtl/cpu/src/Execute_Divider.v ../rtl/cpu/src/Execute_Mul.v ../rtl/cpu/src/Branch.v ../rtl/cpu/src/MemoryStore.v ../rtl/cpu/src/Register.v ../rtl/cpu/src/MMU.v ../rtl/cpu/src/Csr.v ../rtl/cpu/src/PSC_RV32ISP_Monitor.v ../rtl/timing/PSC_CPU_TimingTop.sv; 	hierarchy -check -top PSC_CPU_TimingTop; flatten; 	synth_gowin -top PSC_CPU_TimingTop -family gw2a -json build_nextpnr_legacy/cpu_legacy.json; 	stat' --

1. Executing Verilog-2005 frontend: ../rtl/cpu/src/PSC_ONE_RV32ISP_core.v
Parsing SystemVerilog input from `../rtl/cpu/src/PSC_ONE_RV32ISP_core.v' to AST representation.
Generating RTLIL representation for module `\PSC_ONE_RV32ISP_core'.
Successfully finished Verilog frontend.

2. Executing Verilog-2005 frontend: ../rtl/cpu/src/PSC_RV32ISP_core.v
Parsing SystemVerilog input from `../rtl/cpu/src/PSC_RV32ISP_core.v' to AST representation.
Generating RTLIL representation for module `\PSC_RV32ISP_core'.
Successfully finished Verilog frontend.

3. Executing Verilog-2005 frontend: ../rtl/cpu/src/PSC_RV32ISP_Fetch.v
Parsing SystemVerilog input from `../rtl/cpu/src/PSC_RV32ISP_Fetch.v' to AST representation.
Generating RTLIL representation for module `\PSC_RV32ISP_Fetch'.
Successfully finished Verilog frontend.

4. Executing Verilog-2005 frontend: ../rtl/cpu/src/PSC_RV32ISP_Execute.v
Parsing SystemVerilog input from `../rtl/cpu/src/PSC_RV32ISP_Execute.v' to AST representation.
Generating RTLIL representation for module `\PSC_RV32ISP_Execute'.
Successfully finished Verilog frontend.

5. Executing Verilog-2005 frontend: ../rtl/cpu/src/Fetch_Fifo.v
Parsing SystemVerilog input from `../rtl/cpu/src/Fetch_Fifo.v' to AST representation.
Generating RTLIL representation for module `\Fetch_Fifo'.
Warning: Replacing memory \pc_mem with list of registers. See ../rtl/cpu/src/Fetch_Fifo.v:71
Warning: Replacing memory \mem with list of registers. See ../rtl/cpu/src/Fetch_Fifo.v:70
Successfully finished Verilog frontend.

6. Executing Verilog-2005 frontend: ../rtl/cpu/src/Fetch.v
Parsing SystemVerilog input from `../rtl/cpu/src/Fetch.v' to AST representation.
Generating RTLIL representation for module `\Fetch'.
Successfully finished Verilog frontend.

7. Executing Verilog-2005 frontend: ../rtl/cpu/src/Decorder.v
Parsing SystemVerilog input from `../rtl/cpu/src/Decorder.v' to AST representation.
Generating RTLIL representation for module `\Decorder'.
Successfully finished Verilog frontend.

8. Executing Verilog-2005 frontend: ../rtl/cpu/src/Execute.v
Parsing SystemVerilog input from `../rtl/cpu/src/Execute.v' to AST representation.
Generating RTLIL representation for module `\Execute'.
Successfully finished Verilog frontend.

9. Executing Verilog-2005 frontend: ../rtl/cpu/src/Execute_Divider.v
Parsing SystemVerilog input from `../rtl/cpu/src/Execute_Divider.v' to AST representation.
Generating RTLIL representation for module `\Execute_Divider'.
Successfully finished Verilog frontend.

10. Executing Verilog-2005 frontend: ../rtl/cpu/src/Execute_Mul.v
Parsing SystemVerilog input from `../rtl/cpu/src/Execute_Mul.v' to AST representation.
Generating RTLIL representation for module `\Execute_Mul'.
Successfully finished Verilog frontend.

11. Executing Verilog-2005 frontend: ../rtl/cpu/src/Branch.v
Parsing SystemVerilog input from `../rtl/cpu/src/Branch.v' to AST representation.
Generating RTLIL representation for module `\Branch'.
Successfully finished Verilog frontend.

12. Executing Verilog-2005 frontend: ../rtl/cpu/src/MemoryStore.v
Parsing SystemVerilog input from `../rtl/cpu/src/MemoryStore.v' to AST representation.
Generating RTLIL representation for module `\MemoryStore'.
Successfully finished Verilog frontend.

13. Executing Verilog-2005 frontend: ../rtl/cpu/src/Register.v
Parsing SystemVerilog input from `../rtl/cpu/src/Register.v' to AST representation.
Generating RTLIL representation for module `\Register'.
Warning: Replacing memory \registers with list of registers. See ../rtl/cpu/src/Register.v:24
Successfully finished Verilog frontend.

14. Executing Verilog-2005 frontend: ../rtl/cpu/src/MMU.v
Parsing SystemVerilog input from `../rtl/cpu/src/MMU.v' to AST representation.
Generating RTLIL representation for module `\MMU'.
Successfully finished Verilog frontend.

15. Executing Verilog-2005 frontend: ../rtl/cpu/src/Csr.v
Parsing SystemVerilog input from `../rtl/cpu/src/Csr.v' to AST representation.
Generating RTLIL representation for module `\Csr'.
Successfully finished Verilog frontend.

16. Executing Verilog-2005 frontend: ../rtl/cpu/src/PSC_RV32ISP_Monitor.v
Parsing SystemVerilog input from `../rtl/cpu/src/PSC_RV32ISP_Monitor.v' to AST representation.
Generating RTLIL representation for module `\PSC_RV32ISP_Monitor'.
Successfully finished Verilog frontend.

17. Executing Verilog-2005 frontend: ../rtl/timing/PSC_CPU_TimingTop.sv
Parsing SystemVerilog input from `../rtl/timing/PSC_CPU_TimingTop.sv' to AST representation.
Generating RTLIL representation for module `\PSC_CPU_TimingTop'.
Successfully finished Verilog frontend.

18. Executing HIERARCHY pass (managing design hierarchy).

18.1. Analyzing design hierarchy..
Top module:  \PSC_CPU_TimingTop
Used module:     \PSC_RV32ISP_core
Used module:         \PSC_RV32ISP_Execute
Used module:             \Register
Used module:             \MemoryStore
Used module:             \Branch
Used module:             \MMU
Used module:             \Execute
Used module:                 \Execute_Mul
Used module:                 \Execute_Divider
Used module:             \Decorder
Used module:         \PSC_RV32ISP_Fetch
Used module:             \Fetch_Fifo
Used module:             \Fetch
Used module:         \Csr
Parameter \WIDTH = 32
Parameter \DEPTH = 4

18.2. Executing AST frontend in derive mode using pre-parsed AST for module `\Fetch_Fifo'.
Parameter \WIDTH = 32
Parameter \DEPTH = 4
Generating RTLIL representation for module `$paramod$095b84765515c3f3395f1acd550fe9c4f2ca9dc4\Fetch_Fifo'.
Warning: Replacing memory \pc_mem with list of registers. See ../rtl/cpu/src/Fetch_Fifo.v:71
Warning: Replacing memory \mem with list of registers. See ../rtl/cpu/src/Fetch_Fifo.v:70
Parameter \UART_MMIO_ADDR = 32'11110000000001000000000011110000
Parameter \UART_MMIO_FLAG = 32'11110000000001000000000011110100
Parameter \COUNTER_MMIO_ADDR = 32'11110000000001001111111111110000

18.3. Executing AST frontend in derive mode using pre-parsed AST for module `\MemoryStore'.
Parameter \UART_MMIO_ADDR = 32'11110000000001000000000011110000
Parameter \UART_MMIO_FLAG = 32'11110000000001000000000011110100
Parameter \COUNTER_MMIO_ADDR = 32'11110000000001001111111111110000
Generating RTLIL representation for module `$paramod$8b3c74cfefa0a73fcdf4892556daa87642d9adea\MemoryStore'.

18.4. Analyzing design hierarchy..
Top module:  \PSC_CPU_TimingTop
Used module:     \PSC_RV32ISP_core
Used module:         \PSC_RV32ISP_Execute
Used module:             \Register
Used module:             $paramod$8b3c74cfefa0a73fcdf4892556daa87642d9adea\MemoryStore
Used module:             \Branch
Used module:             \MMU
Used module:             \Execute
Used module:                 \Execute_Mul
Used module:                 \Execute_Divider
Used module:             \Decorder
Used module:         \PSC_RV32ISP_Fetch
Used module:             $paramod$095b84765515c3f3395f1acd550fe9c4f2ca9dc4\Fetch_Fifo
Used module:             \Fetch
Used module:         \Csr

18.5. Analyzing design hierarchy..
Top module:  \PSC_CPU_TimingTop
Used module:     \PSC_RV32ISP_core
Used module:         \PSC_RV32ISP_Execute
Used module:             \Register
Used module:             $paramod$8b3c74cfefa0a73fcdf4892556daa87642d9adea\MemoryStore
Used module:             \Branch
Used module:             \MMU
Used module:             \Execute
Used module:                 \Execute_Mul
Used module:                 \Execute_Divider
Used module:             \Decorder
Used module:         \PSC_RV32ISP_Fetch
Used module:             $paramod$095b84765515c3f3395f1acd550fe9c4f2ca9dc4\Fetch_Fifo
Used module:             \Fetch
Used module:         \Csr
Removing unused module `\PSC_RV32ISP_Monitor'.
Removing unused module `\MemoryStore'.
Removing unused module `\Fetch_Fifo'.
Removing unused module `\PSC_ONE_RV32ISP_core'.
Removed 4 unused modules.

19. Executing FLATTEN pass (flatten design).
Deleting now unused module Csr.
Deleting now unused module MMU.
Deleting now unused module Register.
Deleting now unused module $paramod$095b84765515c3f3395f1acd550fe9c4f2ca9dc4\Fetch_Fifo.
Deleting now unused module Branch.
Deleting now unused module Execute_Mul.
Deleting now unused module Execute_Divider.
Deleting now unused module Execute.
Deleting now unused module Decorder.
Deleting now unused module Fetch.
Deleting now unused module PSC_RV32ISP_Execute.
Deleting now unused module PSC_RV32ISP_Fetch.
Deleting now unused module PSC_RV32ISP_core.
Deleting now unused module $paramod$8b3c74cfefa0a73fcdf4892556daa87642d9adea\MemoryStore.
<suppressed ~15 debug messages>

20. Executing SYNTH_GOWIN pass.

20.1. Executing Verilog-2005 frontend: /home/haruhiko/Program/PSC_RV32I/PSC-ONE/hardware/sim/yosys/build/share/gowin/cells_sim.v
Parsing Verilog input from `/home/haruhiko/Program/PSC_RV32I/PSC-ONE/hardware/sim/yosys/build/share/gowin/cells_sim.v' to AST representation.
Generating RTLIL representation for module `\LUT1'.
Generating RTLIL representation for module `\LUT2'.
Generating RTLIL representation for module `\LUT3'.
Generating RTLIL representation for module `\LUT4'.
Generating RTLIL representation for module `\__APICULA_LUT5'.
Generating RTLIL representation for module `\__APICULA_LUT6'.
Generating RTLIL representation for module `\__APICULA_LUT7'.
Generating RTLIL representation for module `\__APICULA_LUT8'.
Generating RTLIL representation for module `\MUX2'.
Generating RTLIL representation for module `\MUX2_LUT5'.
Generating RTLIL representation for module `\MUX2_LUT6'.
Generating RTLIL representation for module `\MUX2_LUT7'.
Generating RTLIL representation for module `\MUX2_LUT8'.
Generating RTLIL representation for module `\DFF'.
Generating RTLIL representation for module `\DFFE'.
Generating RTLIL representation for module `\DFFS'.
Generating RTLIL representation for module `\DFFSE'.
Generating RTLIL representation for module `\DFFR'.
Generating RTLIL representation for module `\DFFRE'.
Generating RTLIL representation for module `\DFFP'.
Generating RTLIL representation for module `\DFFPE'.
Generating RTLIL representation for module `\DFFC'.
Generating RTLIL representation for module `\DFFCE'.
Generating RTLIL representation for module `\DFFN'.
Generating RTLIL representation for module `\DFFNE'.
Generating RTLIL representation for module `\DFFNS'.
Generating RTLIL representation for module `\DFFNSE'.
Generating RTLIL representation for module `\DFFNR'.
Generating RTLIL representation for module `\DFFNRE'.
Generating RTLIL representation for module `\DFFNP'.
Generating RTLIL representation for module `\DFFNPE'.
Generating RTLIL representation for module `\DFFNC'.
Generating RTLIL representation for module `\DFFNCE'.
Generating RTLIL representation for module `\DL'.
Generating RTLIL representation for module `\DLN'.
Generating RTLIL representation for module `\DLE'.
Generating RTLIL representation for module `\DLNE'.
Generating RTLIL representation for module `\DLC'.
Generating RTLIL representation for module `\DLCE'.
Generating RTLIL representation for module `\DLNC'.
Generating RTLIL representation for module `\DLNCE'.
Generating RTLIL representation for module `\DLP'.
Generating RTLIL representation for module `\DLPE'.
Generating RTLIL representation for module `\DLNP'.
Generating RTLIL representation for module `\DLNPE'.
Generating RTLIL representation for module `\VCC'.
Generating RTLIL representation for module `\GND'.
Generating RTLIL representation for module `\IBUF'.
Generating RTLIL representation for module `\OBUF'.
Generating RTLIL representation for module `\TBUF'.
Generating RTLIL representation for module `\IOBUF'.
Generating RTLIL representation for module `\ELVDS_OBUF'.
Generating RTLIL representation for module `\TLVDS_OBUF'.
Generating RTLIL representation for module `\OSER4'.
Generating RTLIL representation for module `\OSER4_MEM'.
Generating RTLIL representation for module `\OSER8'.
Generating RTLIL representation for module `\OSER10'.
Generating RTLIL representation for module `\OVIDEO'.
Generating RTLIL representation for module `\OSER16'.
Generating RTLIL representation for module `\IDES4'.
Generating RTLIL representation for module `\IDES4_MEM'.
Generating RTLIL representation for module `\IDES8'.
Generating RTLIL representation for module `\IDES10'.
Generating RTLIL representation for module `\IVIDEO'.
Generating RTLIL representation for module `\IDES16'.
Generating RTLIL representation for module `\IDDR'.
Generating RTLIL representation for module `\IDDRC'.
Generating RTLIL representation for module `\DQS'.
Generating RTLIL representation for module `\ODDR'.
Generating RTLIL representation for module `\ODDRC'.
Generating RTLIL representation for module `\GSR'.
Generating RTLIL representation for module `\BANDGAP'.
Generating RTLIL representation for module `\ALU'.
Generating RTLIL representation for module `\RAM16S1'.
Generating RTLIL representation for module `\RAM16S2'.
Generating RTLIL representation for module `\RAM16S4'.
Generating RTLIL representation for module `\RAM16SDP1'.
Generating RTLIL representation for module `\RAM16SDP2'.
Generating RTLIL representation for module `\RAM16SDP4'.
Generating RTLIL representation for module `\SP'.
Generating RTLIL representation for module `\SPX9'.
Generating RTLIL representation for module `\SDP'.
Generating RTLIL representation for module `\SDPX9'.
Generating RTLIL representation for module `\DP'.
Generating RTLIL representation for module `\DPX9'.
Generating RTLIL representation for module `\rPLL'.
Generating RTLIL representation for module `\PLLVR'.
Generating RTLIL representation for module `\OSC'.
Generating RTLIL representation for module `\OSCZ'.
Generating RTLIL representation for module `\OSCF'.
Generating RTLIL representation for module `\OSCH'.
Generating RTLIL representation for module `\OSCW'.
Generating RTLIL representation for module `\OSCO'.
Generating RTLIL representation for module `\EMCU'.
Successfully finished Verilog frontend.

20.2. Executing Verilog-2005 frontend: /home/haruhiko/Program/PSC_RV32I/PSC-ONE/hardware/sim/yosys/build/share/gowin/cells_xtra_gw2a.v
Parsing Verilog input from `/home/haruhiko/Program/PSC_RV32I/PSC-ONE/hardware/sim/yosys/build/share/gowin/cells_xtra_gw2a.v' to AST representation.
Generating RTLIL representation for module `\LUT5'.
Generating RTLIL representation for module `\LUT6'.
Generating RTLIL representation for module `\LUT7'.
Generating RTLIL representation for module `\LUT8'.
Generating RTLIL representation for module `\INV'.
Generating RTLIL representation for module `\IDDR_MEM'.
Generating RTLIL representation for module `\ODDR_MEM'.
Replacing existing blackbox module `\IDES4_MEM' at /home/haruhiko/Program/PSC_RV32I/PSC-ONE/hardware/sim/yosys/build/share/gowin/cells_xtra_gw2a.v:60.1-68.10.
Generating RTLIL representation for module `\IDES4_MEM'.
Generating RTLIL representation for module `\IDES8_MEM'.
Replacing existing blackbox module `\OSER4_MEM' at /home/haruhiko/Program/PSC_RV32I/PSC-ONE/hardware/sim/yosys/build/share/gowin/cells_xtra_gw2a.v:82.1-92.10.
Generating RTLIL representation for module `\OSER4_MEM'.
Generating RTLIL representation for module `\OSER8_MEM'.
Generating RTLIL representation for module `\IODELAY'.
Generating RTLIL representation for module `\IEM'.
Generating RTLIL representation for module `\ROM16'.
Generating RTLIL representation for module `\ROM'.
Generating RTLIL representation for module `\ROMX9'.
Generating RTLIL representation for module `\pROM'.
Generating RTLIL representation for module `\pROMX9'.
Generating RTLIL representation for module `\SDPB'.
Generating RTLIL representation for module `\SDPX9B'.
Generating RTLIL representation for module `\DPB'.
Generating RTLIL representation for module `\DPX9B'.
Generating RTLIL representation for module `\PADD18'.
Generating RTLIL representation for module `\PADD9'.
Generating RTLIL representation for module `\MULT9X9'.
Generating RTLIL representation for module `\MULT18X18'.
Generating RTLIL representation for module `\MULT36X36'.
Generating RTLIL representation for module `\MULTALU36X18'.
Generating RTLIL representation for module `\MULTADDALU18X18'.
Generating RTLIL representation for module `\MULTALU18X18'.
Generating RTLIL representation for module `\ALU54D'.
Generating RTLIL representation for module `\BUFG'.
Generating RTLIL representation for module `\BUFS'.
Generating RTLIL representation for module `\PLL'.
Generating RTLIL representation for module `\TLVDS_IBUF'.
Generating RTLIL representation for module `\TLVDS_TBUF'.
Generating RTLIL representation for module `\TLVDS_IOBUF'.
Generating RTLIL representation for module `\ELVDS_IBUF'.
Generating RTLIL representation for module `\ELVDS_TBUF'.
Generating RTLIL representation for module `\ELVDS_IOBUF'.
Generating RTLIL representation for module `\CLKDIV'.
Generating RTLIL representation for module `\DHCEN'.
Replacing existing blackbox module `\DQS' at /home/haruhiko/Program/PSC_RV32I/PSC-ONE/hardware/sim/yosys/build/share/gowin/cells_xtra_gw2a.v:1075.1-1091.10.
Generating RTLIL representation for module `\DQS'.
Generating RTLIL representation for module `\DLLDLY'.
Generating RTLIL representation for module `\DCS'.
Generating RTLIL representation for module `\DQCE'.
Generating RTLIL representation for module `\CLKDIV2'.
Generating RTLIL representation for module `\IBUF_R'.
Generating RTLIL representation for module `\IOBUF_R'.
Generating RTLIL representation for module `\ELVDS_IBUF_R'.
Generating RTLIL representation for module `\ELVDS_IOBUF_R'.
Generating RTLIL representation for module `\OTP'.
Generating RTLIL representation for module `\SAMB'.
Generating RTLIL representation for module `\ELVDS_IBUF_MIPI'.
Generating RTLIL representation for module `\MIPI_IBUF'.
Generating RTLIL representation for module `\I3C_IOBUF'.
Successfully finished Verilog frontend.

20.3. Executing HIERARCHY pass (managing design hierarchy).

20.3.1. Analyzing design hierarchy..
Top module:  \PSC_CPU_TimingTop

20.3.2. Analyzing design hierarchy..
Top module:  \PSC_CPU_TimingTop
Removed 0 unused modules.

20.4. Executing PROC pass (convert processes to netlists).

20.4.1. Executing PROC_CLEAN pass (remove empty switches from decision trees).
Cleaned up 0 empty switches.

20.4.2. Executing PROC_RMDEAD pass (remove dead branches from decision trees).
Marked 2 switch rules as full_case in process $flatten\u_cpu.$proc$../rtl/cpu/src/PSC_RV32ISP_core.v:99$14 in module PSC_CPU_TimingTop.
Marked 2 switch rules as full_case in process $flatten\u_cpu.$proc$../rtl/cpu/src/PSC_RV32ISP_core.v:442$47 in module PSC_CPU_TimingTop.
Marked 2 switch rules as full_case in process $flatten\u_cpu.$proc$../rtl/cpu/src/PSC_RV32ISP_core.v:464$55 in module PSC_CPU_TimingTop.
Marked 1 switch rules as full_case in process $flatten\u_cpu.\u_csr.$proc$../rtl/cpu/src/Csr.v:329$949 in module PSC_CPU_TimingTop.
Marked 1 switch rules as full_case in process $flatten\u_cpu.\u_csr.$proc$../rtl/cpu/src/Csr.v:328$934 in module PSC_CPU_TimingTop.
Marked 9 switch rules as full_case in process $flatten\u_cpu.\u_csr.$proc$../rtl/cpu/src/Csr.v:331$846 in module PSC_CPU_TimingTop.
Marked 3 switch rules as full_case in process $flatten\u_cpu.\u_csr.$proc$../rtl/cpu/src/Csr.v:319$820 in module PSC_CPU_TimingTop.
Marked 1 switch rules as full_case in process $flatten\u_cpu.\u_csr.$proc$../rtl/cpu/src/Csr.v:205$818 in module PSC_CPU_TimingTop.
Removed 4 dead cases from process $flatten\u_cpu.\u_fetch_state.\u_fetch_fifo.$proc$../rtl/cpu/src/Fetch_Fifo.v:62$998 in module PSC_CPU_TimingTop.
Marked 11 switch rules as full_case in process $flatten\u_cpu.\u_fetch_state.\u_fetch_fifo.$proc$../rtl/cpu/src/Fetch_Fifo.v:62$998 in module PSC_CPU_TimingTop.
Marked 1 switch rules as full_case in process $flatten\u_cpu.\u_fetch_state.\u_fetch.$proc$../rtl/cpu/src/Fetch.v:26$240 in module PSC_CPU_TimingTop.
Marked 11 switch rules as full_case in process $flatten\u_cpu.\u_fetch_state.\u_mmu_i.$proc$../rtl/cpu/src/MMU.v:137$673 in module PSC_CPU_TimingTop.
Marked 13 switch rules as full_case in process $flatten\u_cpu.\u_fetch_state.$proc$../rtl/cpu/src/PSC_RV32ISP_Fetch.v:97$60 in module PSC_CPU_TimingTop.
Marked 2 switch rules as full_case in process $flatten\u_cpu.\u_fetch_state.$proc$../rtl/cpu/src/PSC_RV32ISP_Fetch.v:77$58 in module PSC_CPU_TimingTop.
Removed 2 dead cases from process $flatten\u_cpu.\u_execute_state.\u_regfile.$proc$../rtl/cpu/src/Register.v:21$627 in module PSC_CPU_TimingTop.
Marked 6 switch rules as full_case in process $flatten\u_cpu.\u_execute_state.\u_regfile.$proc$../rtl/cpu/src/Register.v:21$627 in module PSC_CPU_TimingTop.
Marked 4 switch rules as full_case in process $flatten\u_cpu.\u_execute_state.\u_memory_store.$proc$../rtl/cpu/src/MemoryStore.v:99$1108 in module PSC_CPU_TimingTop.
Marked 5 switch rules as full_case in process $flatten\u_cpu.\u_execute_state.\u_branch.$proc$../rtl/cpu/src/Branch.v:70$554 in module PSC_CPU_TimingTop.
Marked 11 switch rules as full_case in process $flatten\u_cpu.\u_execute_state.\u_mmu_d.$proc$../rtl/cpu/src/MMU.v:137$673 in module PSC_CPU_TimingTop.
Marked 7 switch rules as full_case in process $flatten\u_cpu.\u_execute_state.\u_execute.$proc$../rtl/cpu/src/Execute.v:174$474 in module PSC_CPU_TimingTop.
Marked 5 switch rules as full_case in process $flatten\u_cpu.\u_execute_state.\u_execute.\u_divider.$proc$../rtl/cpu/src/Execute_Divider.v:62$533 in module PSC_CPU_TimingTop.
Marked 3 switch rules as full_case in process $flatten\u_cpu.\u_execute_state.\u_execute.\u_multiplexer.$proc$../rtl/cpu/src/Execute_Mul.v:39$551 in module PSC_CPU_TimingTop.
Marked 1 switch rules as full_case in process $flatten\u_cpu.\u_execute_state.\u_decorder.$proc$../rtl/cpu/src/Decorder.v:319$442 in module PSC_CPU_TimingTop.
Marked 1 switch rules as full_case in process $flatten\u_cpu.\u_execute_state.$proc$../rtl/cpu/src/PSC_RV32ISP_Execute.v:236$103 in module PSC_CPU_TimingTop.
Marked 11 switch rules as full_case in process $flatten\u_cpu.\u_execute_state.$proc$../rtl/cpu/src/PSC_RV32ISP_Execute.v:159$99 in module PSC_CPU_TimingTop.
Marked 1 switch rules as full_case in process $flatten\u_cpu.\u_execute_state.$proc$../rtl/cpu/src/PSC_RV32ISP_Execute.v:149$97 in module PSC_CPU_TimingTop.
Marked 2 switch rules as full_case in process $flatten\u_cpu.\u_execute_state.$proc$../rtl/cpu/src/PSC_RV32ISP_Execute.v:133$92 in module PSC_CPU_TimingTop.
Marked 3 switch rules as full_case in process $flatten\u_cpu.\u_execute_state.$proc$../rtl/cpu/src/PSC_RV32ISP_Execute.v:93$88 in module PSC_CPU_TimingTop.
Marked 1 switch rules as full_case in process $proc$../rtl/timing/PSC_CPU_TimingTop.sv:206$977 in module PSC_CPU_TimingTop.
Marked 1 switch rules as full_case in process $proc$../rtl/timing/PSC_CPU_TimingTop.sv:41$969 in module PSC_CPU_TimingTop.
Removed a total of 6 dead cases.

20.4.3. Executing PROC_PRUNE pass (remove redundant assignments in processes).
Removed 16 redundant assignments.
Promoted 116 assignments to connections.

20.4.4. Executing PROC_INIT pass (extract init attributes).

20.4.5. Executing PROC_ARST pass (detect async resets in processes).
Found async reset \u_cpu.reset_n in `\PSC_CPU_TimingTop.$flatten\u_cpu.$proc$../rtl/cpu/src/PSC_RV32ISP_core.v:99$14'.
Found async reset \u_cpu.reset_n in `\PSC_CPU_TimingTop.$flatten\u_cpu.$proc$../rtl/cpu/src/PSC_RV32ISP_core.v:464$55'.
Found async reset \u_cpu.u_csr.reset_n in `\PSC_CPU_TimingTop.$flatten\u_cpu.\u_csr.$proc$../rtl/cpu/src/Csr.v:331$846'.
Found async reset \u_cpu.u_csr.reset_n in `\PSC_CPU_TimingTop.$flatten\u_cpu.\u_csr.$proc$../rtl/cpu/src/Csr.v:319$820'.
Found async reset \u_cpu.u_csr.reset_n in `\PSC_CPU_TimingTop.$flatten\u_cpu.\u_csr.$proc$../rtl/cpu/src/Csr.v:205$818'.
Found async reset \u_cpu.u_fetch_state.u_fetch_fifo.reset_n in `\PSC_CPU_TimingTop.$flatten\u_cpu.\u_fetch_state.\u_fetch_fifo.$proc$../rtl/cpu/src/Fetch_Fifo.v:62$998'.
Found async reset \u_cpu.u_fetch_state.u_fetch.reset_n in `\PSC_CPU_TimingTop.$flatten\u_cpu.\u_fetch_state.\u_fetch.$proc$../rtl/cpu/src/Fetch.v:26$240'.
Found async reset \u_cpu.u_fetch_state.u_mmu_i.reset_n in `\PSC_CPU_TimingTop.$flatten\u_cpu.\u_fetch_state.\u_mmu_i.$proc$../rtl/cpu/src/MMU.v:137$673'.
Found async reset \u_cpu.u_fetch_state.reset_n in `\PSC_CPU_TimingTop.$flatten\u_cpu.\u_fetch_state.$proc$../rtl/cpu/src/PSC_RV32ISP_Fetch.v:77$58'.
Found async reset \u_cpu.u_execute_state.u_regfile.reset_n in `\PSC_CPU_TimingTop.$flatten\u_cpu.\u_execute_state.\u_regfile.$proc$../rtl/cpu/src/Register.v:21$627'.
Found async reset \u_cpu.u_execute_state.u_memory_store.reset_n in `\PSC_CPU_TimingTop.$flatten\u_cpu.\u_execute_state.\u_memory_store.$proc$../rtl/cpu/src/MemoryStore.v:99$1108'.
Found async reset \u_cpu.u_execute_state.u_branch.reset_n in `\PSC_CPU_TimingTop.$flatten\u_cpu.\u_execute_state.\u_branch.$proc$../rtl/cpu/src/Branch.v:70$554'.
Found async reset \u_cpu.u_execute_state.u_mmu_d.reset_n in `\PSC_CPU_TimingTop.$flatten\u_cpu.\u_execute_state.\u_mmu_d.$proc$../rtl/cpu/src/MMU.v:137$673'.
Found async reset \u_cpu.u_execute_state.u_execute.reset_n in `\PSC_CPU_TimingTop.$flatten\u_cpu.\u_execute_state.\u_execute.$proc$../rtl/cpu/src/Execute.v:174$474'.
Found async reset \u_cpu.u_execute_state.u_execute.u_divider.reset_n in `\PSC_CPU_TimingTop.$flatten\u_cpu.\u_execute_state.\u_execute.\u_divider.$proc$../rtl/cpu/src/Execute_Divider.v:62$533'.
Found async reset \u_cpu.u_execute_state.u_execute.u_multiplexer.reset_n in `\PSC_CPU_TimingTop.$flatten\u_cpu.\u_execute_state.\u_execute.\u_multiplexer.$proc$../rtl/cpu/src/Execute_Mul.v:39$551'.
Found async reset \u_cpu.u_execute_state.u_decorder.reset_n in `\PSC_CPU_TimingTop.$flatten\u_cpu.\u_execute_state.\u_decorder.$proc$../rtl/cpu/src/Decorder.v:319$442'.
Found async reset \u_cpu.u_execute_state.reset_n in `\PSC_CPU_TimingTop.$flatten\u_cpu.\u_execute_state.$proc$../rtl/cpu/src/PSC_RV32ISP_Execute.v:236$103'.
Found async reset \u_cpu.u_execute_state.reset_n in `\PSC_CPU_TimingTop.$flatten\u_cpu.\u_execute_state.$proc$../rtl/cpu/src/PSC_RV32ISP_Execute.v:149$97'.
Found async reset \u_cpu.u_execute_state.reset_n in `\PSC_CPU_TimingTop.$flatten\u_cpu.\u_execute_state.$proc$../rtl/cpu/src/PSC_RV32ISP_Execute.v:133$92'.
Found async reset \u_cpu.u_execute_state.reset_n in `\PSC_CPU_TimingTop.$flatten\u_cpu.\u_execute_state.$proc$../rtl/cpu/src/PSC_RV32ISP_Execute.v:93$88'.
Found async reset \reset_n in `\PSC_CPU_TimingTop.$proc$../rtl/timing/PSC_CPU_TimingTop.sv:206$977'.
Found async reset \reset_n in `\PSC_CPU_TimingTop.$proc$../rtl/timing/PSC_CPU_TimingTop.sv:41$969'.

20.4.6. Executing PROC_ROM pass (convert switches to ROMs).
Converted 0 switches.
<suppressed ~150 debug messages>

20.4.7. Executing PROC_MUX pass (convert decision trees to multiplexers).
Creating decoders for process `\PSC_CPU_TimingTop.$flatten\u_cpu.$proc$../rtl/cpu/src/PSC_RV32ISP_core.v:99$14'.
     1/2: $flatten\u_cpu.$0\fetch_valid[0:0]
     2/2: $flatten\u_cpu.$0\cpu_state[3:0]
Creating decoders for process `\PSC_CPU_TimingTop.$flatten\u_cpu.$proc$../rtl/cpu/src/PSC_RV32ISP_core.v:442$47'.
     1/1: $flatten\u_cpu.$0\trap_pc_latch[31:0]
Creating decoders for process `\PSC_CPU_TimingTop.$flatten\u_cpu.$proc$../rtl/cpu/src/PSC_RV32ISP_core.v:464$55'.
     1/2: $flatten\u_cpu.$0\counter[31:0]
     2/2: $flatten\u_cpu.$0\pc[31:0]
Creating decoders for process `\PSC_CPU_TimingTop.$flatten\u_cpu.\u_csr.$proc$../rtl/cpu/src/Csr.v:329$949'.
     1/1: $flatten\u_cpu.\u_csr.$1\csr_apply$func$../rtl/cpu/src/Csr.v:329$810.$result[31:0]$956
Creating decoders for process `\PSC_CPU_TimingTop.$flatten\u_cpu.\u_csr.$proc$../rtl/cpu/src/Csr.v:328$934'.
     1/10: $flatten\u_cpu.\u_csr.$1\sip_view$func$../rtl/cpu/src/Csr.v:291$809.v[31:0]$944 [31:10]
     2/10: $flatten\u_cpu.\u_csr.$1\sip_view$func$../rtl/cpu/src/Csr.v:291$809.v[31:0]$944 [5]
     3/10: $flatten\u_cpu.\u_csr.$1\sip_view$func$../rtl/cpu/src/Csr.v:291$809.v[31:0]$944 [4:2]
     4/10: $flatten\u_cpu.\u_csr.$1\sip_view$func$../rtl/cpu/src/Csr.v:291$809.v[31:0]$944 [1]
     5/10: $flatten\u_cpu.\u_csr.$1\sip_view$func$../rtl/cpu/src/Csr.v:291$809.v[31:0]$944 [0]
     6/10: $flatten\u_cpu.\u_csr.$1\sip_view$func$../rtl/cpu/src/Csr.v:291$809.v[31:0]$944 [9]
     7/10: $flatten\u_cpu.\u_csr.$1\sip_view$func$../rtl/cpu/src/Csr.v:291$809.v[31:0]$944 [8:6]
     8/10: $flatten\u_cpu.\u_csr.$1\csr_read_mux$func$../rtl/cpu/src/Csr.v:328$808.$result[31:0]$941
     9/10: $flatten\u_cpu.\u_csr.$1\sip_view$func$../rtl/cpu/src/Csr.v:291$809.mip[31:0]$943
    10/10: $flatten\u_cpu.\u_csr.$1\sip_view$func$../rtl/cpu/src/Csr.v:291$809.$result[31:0]$942
Creating decoders for process `\PSC_CPU_TimingTop.$flatten\u_cpu.\u_csr.$proc$../rtl/cpu/src/Csr.v:331$846'.
     1/111: $flatten\u_cpu.\u_csr.$0\csr_mip[31:0] [31:12]
     2/111: $flatten\u_cpu.\u_csr.$0\csr_mip[31:0] [11]
     3/111: $flatten\u_cpu.\u_csr.$0\csr_mip[31:0] [10:8]
     4/111: $flatten\u_cpu.\u_csr.$0\csr_mip[31:0] [7]
     5/111: $flatten\u_cpu.\u_csr.$0\csr_mip[31:0] [6:4]
     6/111: $flatten\u_cpu.\u_csr.$3\pack_epc$func$../rtl/cpu/src/Csr.v:477$807.v[31:0]$933
     7/111: $flatten\u_cpu.\u_csr.$3\pack_epc$func$../rtl/cpu/src/Csr.v:460$806.$result[31:0]$930
     8/111: $flatten\u_cpu.\u_csr.$3\pack_epc$func$../rtl/cpu/src/Csr.v:460$806.v[31:0]$931
     9/111: $flatten\u_cpu.\u_csr.$0\csr_mstatus[31:0] [31:13]
    10/111: $flatten\u_cpu.\u_csr.$0\csr_mstatus[31:0] [12:11]
    11/111: $flatten\u_cpu.\u_csr.$0\csr_mstatus[31:0] [10:8]
    12/111: $flatten\u_cpu.\u_csr.$0\csr_mstatus[31:0] [3]
    13/111: $flatten\u_cpu.\u_csr.$0\csr_mstatus[31:0] [2:0]
    14/111: $flatten\u_cpu.\u_csr.$0\csr_mstatus[31:0] [7]
    15/111: $flatten\u_cpu.\u_csr.$0\csr_mstatus[31:0] [6:4]
    16/111: $flatten\u_cpu.\u_csr.$0\csr_sstatus[31:0] [8]
    17/111: $flatten\u_cpu.\u_csr.$0\csr_sstatus[31:0] [7:6]
    18/111: $flatten\u_cpu.\u_csr.$0\csr_sstatus[31:0] [1]
    19/111: $flatten\u_cpu.\u_csr.$0\csr_sstatus[31:0] [0]
    20/111: $flatten\u_cpu.\u_csr.$0\csr_sstatus[31:0] [5]
    21/111: $flatten\u_cpu.\u_csr.$0\csr_sstatus[31:0] [4:2]
    22/111: $flatten\u_cpu.\u_csr.$5\pack_epc$func$../rtl/cpu/src/Csr.v:435$804.v[31:0]$927
    23/111: $flatten\u_cpu.\u_csr.$5\pack_epc$func$../rtl/cpu/src/Csr.v:447$805.v[31:0]$929
    24/111: $flatten\u_cpu.\u_csr.$5\pack_epc$func$../rtl/cpu/src/Csr.v:447$805.$result[31:0]$928
    25/111: $flatten\u_cpu.\u_csr.$4\pack_epc$func$../rtl/cpu/src/Csr.v:447$805.v[31:0]$925
    26/111: $flatten\u_cpu.\u_csr.$4\pack_epc$func$../rtl/cpu/src/Csr.v:447$805.$result[31:0]$924
    27/111: $flatten\u_cpu.\u_csr.$4\pack_epc$func$../rtl/cpu/src/Csr.v:435$804.v[31:0]$923
    28/111: $flatten\u_cpu.\u_csr.$4\pack_epc$func$../rtl/cpu/src/Csr.v:435$804.$result[31:0]$922
    29/111: $flatten\u_cpu.\u_csr.$3\pack_epc$func$../rtl/cpu/src/Csr.v:447$805.v[31:0]$921
    30/111: $flatten\u_cpu.\u_csr.$3\pack_epc$func$../rtl/cpu/src/Csr.v:447$805.$result[31:0]$920
    31/111: $flatten\u_cpu.\u_csr.$3\pack_epc$func$../rtl/cpu/src/Csr.v:435$804.v[31:0]$919
    32/111: $flatten\u_cpu.\u_csr.$3\pack_epc$func$../rtl/cpu/src/Csr.v:435$804.$result[31:0]$918
    33/111: $flatten\u_cpu.\u_csr.$2\pack_epc$func$../rtl/cpu/src/Csr.v:477$807.v[31:0]$917
    34/111: $flatten\u_cpu.\u_csr.$2\pack_epc$func$../rtl/cpu/src/Csr.v:477$807.$result[31:0]$916
    35/111: $flatten\u_cpu.\u_csr.$2\pack_epc$func$../rtl/cpu/src/Csr.v:460$806.v[31:0]$915
    36/111: $flatten\u_cpu.\u_csr.$2\pack_epc$func$../rtl/cpu/src/Csr.v:460$806.$result[31:0]$914
    37/111: $flatten\u_cpu.\u_csr.$2\pack_epc$func$../rtl/cpu/src/Csr.v:447$805.v[31:0]$913
    38/111: $flatten\u_cpu.\u_csr.$2\pack_epc$func$../rtl/cpu/src/Csr.v:447$805.$result[31:0]$912
    39/111: $flatten\u_cpu.\u_csr.$2\pack_epc$func$../rtl/cpu/src/Csr.v:435$804.v[31:0]$911
    40/111: $flatten\u_cpu.\u_csr.$2\pack_epc$func$../rtl/cpu/src/Csr.v:435$804.$result[31:0]$910
    41/111: $flatten\u_cpu.\u_csr.$3\pack_satp_sv32$func$../rtl/cpu/src/Csr.v:390$801.$result[31:0]$899 [31]
    42/111: $flatten\u_cpu.\u_csr.$3\pack_epc$func$../rtl/cpu/src/Csr.v:477$807.$result[31:0]$932
    43/111: $flatten\u_cpu.\u_csr.$3\pack_satp_sv32$func$../rtl/cpu/src/Csr.v:390$801.$result[31:0]$899 [30:22]
    44/111: $flatten\u_cpu.\u_csr.$0\csr_mip[31:0] [2:0]
    45/111: $flatten\u_cpu.\u_csr.$3\pack_satp_sv32$func$../rtl/cpu/src/Csr.v:390$801.$result[31:0]$899 [21:0]
    46/111: $flatten\u_cpu.\u_csr.$3\pack_epc$func$../rtl/cpu/src/Csr.v:399$803.$result[31:0]$903
    47/111: $flatten\u_cpu.\u_csr.$3\pack_tvec_direct$func$../rtl/cpu/src/Csr.v:397$802.v[31:0]$902
    48/111: $flatten\u_cpu.\u_csr.$3\pack_tvec_direct$func$../rtl/cpu/src/Csr.v:397$802.$result[31:0]$901
    49/111: $flatten\u_cpu.\u_csr.$3\pack_satp_sv32$func$../rtl/cpu/src/Csr.v:390$801.v[31:0]$900
    50/111: $flatten\u_cpu.\u_csr.$0\csr_mip[31:0] [3]
    51/111: $flatten\u_cpu.\u_csr.$3\pack_epc$func$../rtl/cpu/src/Csr.v:383$800.v[31:0]$898
    52/111: $flatten\u_cpu.\u_csr.$3\pack_epc$func$../rtl/cpu/src/Csr.v:383$800.$result[31:0]$897
    53/111: $flatten\u_cpu.\u_csr.$3\pack_tvec_direct$func$../rtl/cpu/src/Csr.v:381$799.v[31:0]$896
    54/111: $flatten\u_cpu.\u_csr.$3\pack_tvec_direct$func$../rtl/cpu/src/Csr.v:381$799.$result[31:0]$895
    55/111: $flatten\u_cpu.\u_csr.$2\pack_epc$func$../rtl/cpu/src/Csr.v:399$803.v[31:0]$894
    56/111: $flatten\u_cpu.\u_csr.$2\pack_epc$func$../rtl/cpu/src/Csr.v:399$803.$result[31:0]$893
    57/111: $flatten\u_cpu.\u_csr.$2\pack_tvec_direct$func$../rtl/cpu/src/Csr.v:397$802.v[31:0]$892
    58/111: $flatten\u_cpu.\u_csr.$2\pack_tvec_direct$func$../rtl/cpu/src/Csr.v:397$802.$result[31:0]$891
    59/111: $flatten\u_cpu.\u_csr.$2\pack_satp_sv32$func$../rtl/cpu/src/Csr.v:390$801.v[31:0]$890
    60/111: $flatten\u_cpu.\u_csr.$2\pack_satp_sv32$func$../rtl/cpu/src/Csr.v:390$801.$result[31:0]$889
    61/111: $flatten\u_cpu.\u_csr.$2\pack_epc$func$../rtl/cpu/src/Csr.v:383$800.v[31:0]$888
    62/111: $flatten\u_cpu.\u_csr.$2\pack_epc$func$../rtl/cpu/src/Csr.v:383$800.$result[31:0]$887
    63/111: $flatten\u_cpu.\u_csr.$2\pack_tvec_direct$func$../rtl/cpu/src/Csr.v:381$799.v[31:0]$886
    64/111: $flatten\u_cpu.\u_csr.$2\pack_tvec_direct$func$../rtl/cpu/src/Csr.v:381$799.$result[31:0]$885
    65/111: $flatten\u_cpu.\u_csr.$1\pack_epc$func$../rtl/cpu/src/Csr.v:477$807.v[31:0]$883
    66/111: $flatten\u_cpu.\u_csr.$1\pack_epc$func$../rtl/cpu/src/Csr.v:477$807.$result[31:0]$882
    67/111: $flatten\u_cpu.\u_csr.$1\pack_epc$func$../rtl/cpu/src/Csr.v:460$806.v[31:0]$881
    68/111: $flatten\u_cpu.\u_csr.$1\pack_epc$func$../rtl/cpu/src/Csr.v:460$806.$result[31:0]$880
    69/111: $flatten\u_cpu.\u_csr.$1\pack_epc$func$../rtl/cpu/src/Csr.v:447$805.v[31:0]$879
    70/111: $flatten\u_cpu.\u_csr.$1\pack_epc$func$../rtl/cpu/src/Csr.v:447$805.$result[31:0]$878
    71/111: $flatten\u_cpu.\u_csr.$1\pack_epc$func$../rtl/cpu/src/Csr.v:435$804.v[31:0]$877
    72/111: $flatten\u_cpu.\u_csr.$1\pack_epc$func$../rtl/cpu/src/Csr.v:435$804.$result[31:0]$876
    73/111: $flatten\u_cpu.\u_csr.$1\pack_epc$func$../rtl/cpu/src/Csr.v:399$803.v[31:0]$875
    74/111: $flatten\u_cpu.\u_csr.$1\pack_epc$func$../rtl/cpu/src/Csr.v:399$803.$result[31:0]$874
    75/111: $flatten\u_cpu.\u_csr.$1\pack_tvec_direct$func$../rtl/cpu/src/Csr.v:397$802.v[31:0]$873
    76/111: $flatten\u_cpu.\u_csr.$1\pack_tvec_direct$func$../rtl/cpu/src/Csr.v:397$802.$result[31:0]$872
    77/111: $flatten\u_cpu.\u_csr.$1\pack_satp_sv32$func$../rtl/cpu/src/Csr.v:390$801.v[31:0]$871
    78/111: $flatten\u_cpu.\u_csr.$1\pack_satp_sv32$func$../rtl/cpu/src/Csr.v:390$801.$result[31:0]$870
    79/111: $flatten\u_cpu.\u_csr.$1\pack_epc$func$../rtl/cpu/src/Csr.v:383$800.v[31:0]$869
    80/111: $flatten\u_cpu.\u_csr.$1\pack_epc$func$../rtl/cpu/src/Csr.v:383$800.$result[31:0]$868
    81/111: $flatten\u_cpu.\u_csr.$1\pack_tvec_direct$func$../rtl/cpu/src/Csr.v:381$799.v[31:0]$867
    82/111: $flatten\u_cpu.\u_csr.$1\pack_tvec_direct$func$../rtl/cpu/src/Csr.v:381$799.$result[31:0]$866
    83/111: $flatten\u_cpu.\u_csr.$0\csr_priv_mode[1:0]
    84/111: $flatten\u_cpu.\u_csr.$0\csr_sscratch[31:0]
    85/111: $flatten\u_cpu.\u_csr.$0\csr_sie[31:0]
    86/111: $flatten\u_cpu.\u_csr.$0\csr_mtval[31:0]
    87/111: $flatten\u_cpu.\u_csr.$0\csr_mscratch[31:0]
    88/111: $flatten\u_cpu.\u_csr.$0\csr_satp[31:0]
    89/111: $flatten\u_cpu.\u_csr.$0\csr_stval[31:0]
    90/111: $flatten\u_cpu.\u_csr.$0\csr_scause[31:0]
    91/111: $flatten\u_cpu.\u_csr.$0\csr_sepc[31:0]
    92/111: $flatten\u_cpu.\u_csr.$0\csr_stvec[31:0]
    93/111: $flatten\u_cpu.\u_csr.$5\pack_epc$func$../rtl/cpu/src/Csr.v:435$804.$result[31:0]$926
    94/111: $flatten\u_cpu.\u_csr.$0\csr_mcause[31:0]
    95/111: $flatten\u_cpu.\u_csr.$0\csr_mepc[31:0]
    96/111: $flatten\u_cpu.\u_csr.$0\csr_mtvec[31:0]
    97/111: $flatten\u_cpu.\u_csr.$3\pack_epc$func$../rtl/cpu/src/Csr.v:399$803.v[31:0]$904
    98/111: $flatten\u_cpu.\u_csr.$0\csr_mie[31:0]
    99/111: $flatten\u_cpu.\u_csr.$0\csr_medeleg[31:0]
   100/111: $flatten\u_cpu.\u_csr.$0\csr_sstatus[31:0] [31:9]
   101/111: $flatten\u_cpu.\u_csr.$0\csr_CPU_MON_CTRL[31:0]
   102/111: $flatten\u_cpu.\u_csr.$0\csr_SA_ADDR_C[31:0]
   103/111: $flatten\u_cpu.\u_csr.$0\csr_SA_ADDR_B[31:0]
   104/111: $flatten\u_cpu.\u_csr.$0\csr_SA_ADDR_A[31:0]
   105/111: $flatten\u_cpu.\u_csr.$0\csr_SA_MODE[31:0]
   106/111: $flatten\u_cpu.\u_csr.$0\csr_SA_CTRL[31:0]
   107/111: $flatten\u_cpu.\u_csr.$0\csr_DCACHE_CTRL[31:0]
   108/111: $flatten\u_cpu.\u_csr.$0\csr_DMA_DST[31:0]
   109/111: $flatten\u_cpu.\u_csr.$0\csr_DMA_SRC[31:0]
   110/111: $flatten\u_cpu.\u_csr.$0\csr_DMA_WORDS[31:0]
   111/111: $flatten\u_cpu.\u_csr.$0\csr_DMA_CTRL[31:0]
Creating decoders for process `\PSC_CPU_TimingTop.$flatten\u_cpu.\u_csr.$proc$../rtl/cpu/src/Csr.v:319$820'.
     1/21: $flatten\u_cpu.\u_csr.$3\sip_view$func$../rtl/cpu/src/Csr.v:291$796.v[31:0]$841 [31:10]
     2/21: $flatten\u_cpu.\u_csr.$3\sip_view$func$../rtl/cpu/src/Csr.v:291$796.v[31:0]$841 [5]
     3/21: $flatten\u_cpu.\u_csr.$3\sip_view$func$../rtl/cpu/src/Csr.v:291$796.v[31:0]$841 [4:2]
     4/21: $flatten\u_cpu.\u_csr.$3\sip_view$func$../rtl/cpu/src/Csr.v:291$796.v[31:0]$841 [1]
     5/21: $flatten\u_cpu.\u_csr.$3\sip_view$func$../rtl/cpu/src/Csr.v:291$796.v[31:0]$841 [0]
     6/21: $flatten\u_cpu.\u_csr.$3\sip_view$func$../rtl/cpu/src/Csr.v:291$796.v[31:0]$841 [9]
     7/21: $flatten\u_cpu.\u_csr.$3\sip_view$func$../rtl/cpu/src/Csr.v:291$796.v[31:0]$841 [8:6]
     8/21: $flatten\u_cpu.\u_csr.$3\csr_read_mux$func$../rtl/cpu/src/Csr.v:324$795.$result[31:0]$838
     9/21: $flatten\u_cpu.\u_csr.$3\sip_view$func$../rtl/cpu/src/Csr.v:291$796.mip[31:0]$840
    10/21: $flatten\u_cpu.\u_csr.$3\sip_view$func$../rtl/cpu/src/Csr.v:291$796.$result[31:0]$839
    11/21: $flatten\u_cpu.\u_csr.$2\sip_view$func$../rtl/cpu/src/Csr.v:291$796.v[31:0]$837
    12/21: $flatten\u_cpu.\u_csr.$2\sip_view$func$../rtl/cpu/src/Csr.v:291$796.mip[31:0]$836
    13/21: $flatten\u_cpu.\u_csr.$2\sip_view$func$../rtl/cpu/src/Csr.v:291$796.$result[31:0]$835
    14/21: $flatten\u_cpu.\u_csr.$2\csr_read_mux$func$../rtl/cpu/src/Csr.v:324$795.$result[31:0]$833
    15/21: $flatten\u_cpu.\u_csr.$2\csr_read_mux$func$../rtl/cpu/src/Csr.v:324$795.a[11:0]$834
    16/21: $flatten\u_cpu.\u_csr.$1\sip_view$func$../rtl/cpu/src/Csr.v:291$796.v[31:0]$831
    17/21: $flatten\u_cpu.\u_csr.$1\sip_view$func$../rtl/cpu/src/Csr.v:291$796.mip[31:0]$830
    18/21: $flatten\u_cpu.\u_csr.$1\sip_view$func$../rtl/cpu/src/Csr.v:291$796.$result[31:0]$829
    19/21: $flatten\u_cpu.\u_csr.$1\csr_read_mux$func$../rtl/cpu/src/Csr.v:324$795.a[11:0]$828
    20/21: $flatten\u_cpu.\u_csr.$1\csr_read_mux$func$../rtl/cpu/src/Csr.v:324$795.$result[31:0]$827
    21/21: $flatten\u_cpu.\u_csr.$0\csr_rdata[31:0]
Creating decoders for process `\PSC_CPU_TimingTop.$flatten\u_cpu.\u_csr.$proc$../rtl/cpu/src/Csr.v:205$818'.
     1/27: $flatten\u_cpu.\u_csr.$0\out_CPU_MON_CTRL[31:0]
     2/27: $flatten\u_cpu.\u_csr.$0\out_SA_ADDR_C[31:0]
     3/27: $flatten\u_cpu.\u_csr.$0\out_SA_ADDR_B[31:0]
     4/27: $flatten\u_cpu.\u_csr.$0\out_SA_ADDR_A[31:0]
     5/27: $flatten\u_cpu.\u_csr.$0\out_SA_MODE[31:0]
     6/27: $flatten\u_cpu.\u_csr.$0\out_SA_CTRL[31:0]
     7/27: $flatten\u_cpu.\u_csr.$0\out_DMA_DST[31:0]
     8/27: $flatten\u_cpu.\u_csr.$0\out_DMA_SRC[31:0]
     9/27: $flatten\u_cpu.\u_csr.$0\out_DMA_WORDS[31:0]
    10/27: $flatten\u_cpu.\u_csr.$0\out_DMA_CTRL[31:0]
    11/27: $flatten\u_cpu.\u_csr.$0\out_DCACHE_CTRL[31:0]
    12/27: $flatten\u_cpu.\u_csr.$0\out_satp[31:0]
    13/27: $flatten\u_cpu.\u_csr.$0\out_stval[31:0]
    14/27: $flatten\u_cpu.\u_csr.$0\out_scause[31:0]
    15/27: $flatten\u_cpu.\u_csr.$0\out_sepc[31:0]
    16/27: $flatten\u_cpu.\u_csr.$0\out_stvec[31:0]
    17/27: $flatten\u_cpu.\u_csr.$0\out_sstatus[31:0]
    18/27: $flatten\u_cpu.\u_csr.$0\out_mcause[31:0]
    19/27: $flatten\u_cpu.\u_csr.$0\out_mepc[31:0]
    20/27: $flatten\u_cpu.\u_csr.$0\out_mtvec[31:0]
    21/27: $flatten\u_cpu.\u_csr.$0\out_mip[31:0]
    22/27: $flatten\u_cpu.\u_csr.$0\out_mie[31:0]
    23/27: $flatten\u_cpu.\u_csr.$0\out_medeleg[31:0]
    24/27: $flatten\u_cpu.\u_csr.$0\out_mstatus[31:0]
    25/27: $flatten\u_cpu.\u_csr.$0\priv_mode[1:0]
    26/27: $flatten\u_cpu.\u_csr.$0\csr_SA_STATUS[31:0]
    27/27: $flatten\u_cpu.\u_csr.$0\csr_DMA_STATUS[31:0]
Creating decoders for process `\PSC_CPU_TimingTop.$flatten\u_cpu.\u_fetch_state.\u_fetch_fifo.$proc$../rtl/cpu/src/Fetch_Fifo.v:62$998'.
     1/68: $flatten\u_cpu.\u_fetch_state.\u_fetch_fifo.$4$mem2reg_rd$\pc_mem$../rtl/cpu/src/Fetch_Fifo.v:107$991_DATA[31:0]$1081
     2/68: $flatten\u_cpu.\u_fetch_state.\u_fetch_fifo.$4$mem2reg_rd$\mem$../rtl/cpu/src/Fetch_Fifo.v:106$990_DATA[31:0]$1080
     3/68: $flatten\u_cpu.\u_fetch_state.\u_fetch_fifo.$4$mem2reg_rd$\pc_mem$../rtl/cpu/src/Fetch_Fifo.v:95$987_DATA[31:0]$1073
     4/68: $flatten\u_cpu.\u_fetch_state.\u_fetch_fifo.$4$mem2reg_rd$\mem$../rtl/cpu/src/Fetch_Fifo.v:94$986_DATA[31:0]$1072
     5/68: $flatten\u_cpu.\u_fetch_state.\u_fetch_fifo.$3$mem2reg_wr$\pc_mem$../rtl/cpu/src/Fetch_Fifo.v:86$985_ADDR[1:0]$1050
     6/68: $flatten\u_cpu.\u_fetch_state.\u_fetch_fifo.$3$mem2reg_wr$\pc_mem$../rtl/cpu/src/Fetch_Fifo.v:86$985_DATA[31:0]$1051
     7/68: $flatten\u_cpu.\u_fetch_state.\u_fetch_fifo.$3$mem2reg_wr$\mem$../rtl/cpu/src/Fetch_Fifo.v:85$984_ADDR[1:0]$1048
     8/68: $flatten\u_cpu.\u_fetch_state.\u_fetch_fifo.$3$mem2reg_wr$\mem$../rtl/cpu/src/Fetch_Fifo.v:85$984_DATA[31:0]$1049
     9/68: $flatten\u_cpu.\u_fetch_state.\u_fetch_fifo.$3$mem2reg_rd$\pc_mem$../rtl/cpu/src/Fetch_Fifo.v:107$991_DATA[31:0]$1063
    10/68: $flatten\u_cpu.\u_fetch_state.\u_fetch_fifo.$3$mem2reg_rd$\pc_mem$../rtl/cpu/src/Fetch_Fifo.v:107$991_ADDR[1:0]$1062
    11/68: $flatten\u_cpu.\u_fetch_state.\u_fetch_fifo.$3$mem2reg_rd$\mem$../rtl/cpu/src/Fetch_Fifo.v:106$990_DATA[31:0]$1061
    12/68: $flatten\u_cpu.\u_fetch_state.\u_fetch_fifo.$3$mem2reg_rd$\mem$../rtl/cpu/src/Fetch_Fifo.v:106$990_ADDR[1:0]$1060
    13/68: $flatten\u_cpu.\u_fetch_state.\u_fetch_fifo.$3$mem2reg_wr$\pc_mem$../rtl/cpu/src/Fetch_Fifo.v:101$989_DATA[31:0]$1059
    14/68: $flatten\u_cpu.\u_fetch_state.\u_fetch_fifo.$3$mem2reg_wr$\pc_mem$../rtl/cpu/src/Fetch_Fifo.v:101$989_ADDR[1:0]$1058
    15/68: $flatten\u_cpu.\u_fetch_state.\u_fetch_fifo.$3$mem2reg_wr$\mem$../rtl/cpu/src/Fetch_Fifo.v:100$988_DATA[31:0]$1057
    16/68: $flatten\u_cpu.\u_fetch_state.\u_fetch_fifo.$3$mem2reg_wr$\mem$../rtl/cpu/src/Fetch_Fifo.v:100$988_ADDR[1:0]$1056
    17/68: $flatten\u_cpu.\u_fetch_state.\u_fetch_fifo.$3$mem2reg_rd$\pc_mem$../rtl/cpu/src/Fetch_Fifo.v:95$987_DATA[31:0]$1055
    18/68: $flatten\u_cpu.\u_fetch_state.\u_fetch_fifo.$3$mem2reg_rd$\pc_mem$../rtl/cpu/src/Fetch_Fifo.v:95$987_ADDR[1:0]$1054
    19/68: $flatten\u_cpu.\u_fetch_state.\u_fetch_fifo.$3$mem2reg_rd$\mem$../rtl/cpu/src/Fetch_Fifo.v:94$986_DATA[31:0]$1053
    20/68: $flatten\u_cpu.\u_fetch_state.\u_fetch_fifo.$3$mem2reg_rd$\mem$../rtl/cpu/src/Fetch_Fifo.v:94$986_ADDR[1:0]$1052
    21/68: $flatten\u_cpu.\u_fetch_state.\u_fetch_fifo.$2\i[31:0]
    22/68: $flatten\u_cpu.\u_fetch_state.\u_fetch_fifo.$2$mem2reg_rd$\pc_mem$../rtl/cpu/src/Fetch_Fifo.v:107$991_DATA[31:0]$1047
    23/68: $flatten\u_cpu.\u_fetch_state.\u_fetch_fifo.$2$mem2reg_rd$\pc_mem$../rtl/cpu/src/Fetch_Fifo.v:107$991_ADDR[1:0]$1046
    24/68: $flatten\u_cpu.\u_fetch_state.\u_fetch_fifo.$2$mem2reg_rd$\mem$../rtl/cpu/src/Fetch_Fifo.v:106$990_DATA[31:0]$1045
    25/68: $flatten\u_cpu.\u_fetch_state.\u_fetch_fifo.$2$mem2reg_rd$\mem$../rtl/cpu/src/Fetch_Fifo.v:106$990_ADDR[1:0]$1044
    26/68: $flatten\u_cpu.\u_fetch_state.\u_fetch_fifo.$2$mem2reg_wr$\pc_mem$../rtl/cpu/src/Fetch_Fifo.v:101$989_DATA[31:0]$1043
    27/68: $flatten\u_cpu.\u_fetch_state.\u_fetch_fifo.$2$mem2reg_wr$\pc_mem$../rtl/cpu/src/Fetch_Fifo.v:101$989_ADDR[1:0]$1042
    28/68: $flatten\u_cpu.\u_fetch_state.\u_fetch_fifo.$2$mem2reg_wr$\mem$../rtl/cpu/src/Fetch_Fifo.v:100$988_DATA[31:0]$1041
    29/68: $flatten\u_cpu.\u_fetch_state.\u_fetch_fifo.$2$mem2reg_wr$\mem$../rtl/cpu/src/Fetch_Fifo.v:100$988_ADDR[1:0]$1040
    30/68: $flatten\u_cpu.\u_fetch_state.\u_fetch_fifo.$2$mem2reg_rd$\pc_mem$../rtl/cpu/src/Fetch_Fifo.v:95$987_DATA[31:0]$1039
    31/68: $flatten\u_cpu.\u_fetch_state.\u_fetch_fifo.$2$mem2reg_rd$\pc_mem$../rtl/cpu/src/Fetch_Fifo.v:95$987_ADDR[1:0]$1038
    32/68: $flatten\u_cpu.\u_fetch_state.\u_fetch_fifo.$2$mem2reg_rd$\mem$../rtl/cpu/src/Fetch_Fifo.v:94$986_DATA[31:0]$1037
    33/68: $flatten\u_cpu.\u_fetch_state.\u_fetch_fifo.$2$mem2reg_rd$\mem$../rtl/cpu/src/Fetch_Fifo.v:94$986_ADDR[1:0]$1036
    34/68: $flatten\u_cpu.\u_fetch_state.\u_fetch_fifo.$2$mem2reg_wr$\pc_mem$../rtl/cpu/src/Fetch_Fifo.v:86$985_DATA[31:0]$1035
    35/68: $flatten\u_cpu.\u_fetch_state.\u_fetch_fifo.$2$mem2reg_wr$\pc_mem$../rtl/cpu/src/Fetch_Fifo.v:86$985_ADDR[1:0]$1034
    36/68: $flatten\u_cpu.\u_fetch_state.\u_fetch_fifo.$2$mem2reg_wr$\mem$../rtl/cpu/src/Fetch_Fifo.v:85$984_DATA[31:0]$1033
    37/68: $flatten\u_cpu.\u_fetch_state.\u_fetch_fifo.$2$mem2reg_wr$\mem$../rtl/cpu/src/Fetch_Fifo.v:85$984_ADDR[1:0]$1032
    38/68: $flatten\u_cpu.\u_fetch_state.\u_fetch_fifo.$1$mem2reg_rd$\pc_mem$../rtl/cpu/src/Fetch_Fifo.v:107$991_DATA[31:0]$1031
    39/68: $flatten\u_cpu.\u_fetch_state.\u_fetch_fifo.$1$mem2reg_rd$\pc_mem$../rtl/cpu/src/Fetch_Fifo.v:107$991_ADDR[1:0]$1030
    40/68: $flatten\u_cpu.\u_fetch_state.\u_fetch_fifo.$1$mem2reg_rd$\mem$../rtl/cpu/src/Fetch_Fifo.v:106$990_DATA[31:0]$1029
    41/68: $flatten\u_cpu.\u_fetch_state.\u_fetch_fifo.$1$mem2reg_rd$\mem$../rtl/cpu/src/Fetch_Fifo.v:106$990_ADDR[1:0]$1028
    42/68: $flatten\u_cpu.\u_fetch_state.\u_fetch_fifo.$1$mem2reg_wr$\pc_mem$../rtl/cpu/src/Fetch_Fifo.v:101$989_DATA[31:0]$1027
    43/68: $flatten\u_cpu.\u_fetch_state.\u_fetch_fifo.$1$mem2reg_wr$\pc_mem$../rtl/cpu/src/Fetch_Fifo.v:101$989_ADDR[1:0]$1026
    44/68: $flatten\u_cpu.\u_fetch_state.\u_fetch_fifo.$1$mem2reg_wr$\mem$../rtl/cpu/src/Fetch_Fifo.v:100$988_DATA[31:0]$1025
    45/68: $flatten\u_cpu.\u_fetch_state.\u_fetch_fifo.$1$mem2reg_wr$\mem$../rtl/cpu/src/Fetch_Fifo.v:100$988_ADDR[1:0]$1024
    46/68: $flatten\u_cpu.\u_fetch_state.\u_fetch_fifo.$1$mem2reg_rd$\pc_mem$../rtl/cpu/src/Fetch_Fifo.v:95$987_DATA[31:0]$1023
    47/68: $flatten\u_cpu.\u_fetch_state.\u_fetch_fifo.$1$mem2reg_rd$\pc_mem$../rtl/cpu/src/Fetch_Fifo.v:95$987_ADDR[1:0]$1022
    48/68: $flatten\u_cpu.\u_fetch_state.\u_fetch_fifo.$1$mem2reg_rd$\mem$../rtl/cpu/src/Fetch_Fifo.v:94$986_DATA[31:0]$1021
    49/68: $flatten\u_cpu.\u_fetch_state.\u_fetch_fifo.$1$mem2reg_rd$\mem$../rtl/cpu/src/Fetch_Fifo.v:94$986_ADDR[1:0]$1020
    50/68: $flatten\u_cpu.\u_fetch_state.\u_fetch_fifo.$1$mem2reg_wr$\pc_mem$../rtl/cpu/src/Fetch_Fifo.v:86$985_DATA[31:0]$1019
    51/68: $flatten\u_cpu.\u_fetch_state.\u_fetch_fifo.$1$mem2reg_wr$\pc_mem$../rtl/cpu/src/Fetch_Fifo.v:86$985_ADDR[1:0]$1018
    52/68: $flatten\u_cpu.\u_fetch_state.\u_fetch_fifo.$1$mem2reg_wr$\mem$../rtl/cpu/src/Fetch_Fifo.v:85$984_DATA[31:0]$1017
    53/68: $flatten\u_cpu.\u_fetch_state.\u_fetch_fifo.$1$mem2reg_wr$\mem$../rtl/cpu/src/Fetch_Fifo.v:85$984_ADDR[1:0]$1016
    54/68: $flatten\u_cpu.\u_fetch_state.\u_fetch_fifo.$1\i[31:0]
    55/68: $flatten\u_cpu.\u_fetch_state.\u_fetch_fifo.$0\pc_mem[3][31:0]
    56/68: $flatten\u_cpu.\u_fetch_state.\u_fetch_fifo.$0\pc_mem[2][31:0]
    57/68: $flatten\u_cpu.\u_fetch_state.\u_fetch_fifo.$0\pc_mem[1][31:0]
    58/68: $flatten\u_cpu.\u_fetch_state.\u_fetch_fifo.$0\pc_mem[0][31:0]
    59/68: $flatten\u_cpu.\u_fetch_state.\u_fetch_fifo.$0\mem[3][31:0]
    60/68: $flatten\u_cpu.\u_fetch_state.\u_fetch_fifo.$0\mem[2][31:0]
    61/68: $flatten\u_cpu.\u_fetch_state.\u_fetch_fifo.$0\mem[1][31:0]
    62/68: $flatten\u_cpu.\u_fetch_state.\u_fetch_fifo.$0\mem[0][31:0]
    63/68: $flatten\u_cpu.\u_fetch_state.\u_fetch_fifo.$0\count[2:0]
    64/68: $flatten\u_cpu.\u_fetch_state.\u_fetch_fifo.$0\rptr[1:0]
    65/68: $flatten\u_cpu.\u_fetch_state.\u_fetch_fifo.$0\wptr[1:0]
    66/68: $flatten\u_cpu.\u_fetch_state.\u_fetch_fifo.$0\out_pc_data[31:0]
    67/68: $flatten\u_cpu.\u_fetch_state.\u_fetch_fifo.$0\out_data[31:0]
    68/68: $flatten\u_cpu.\u_fetch_state.\u_fetch_fifo.$0\out_ready[0:0]
Creating decoders for process `\PSC_CPU_TimingTop.$flatten\u_cpu.\u_fetch_state.\u_fetch.$proc$../rtl/cpu/src/Fetch.v:26$240'.
     1/2: $flatten\u_cpu.\u_fetch_state.\u_fetch.$0\program_mem_read_valid[0:0]
     2/2: $flatten\u_cpu.\u_fetch_state.\u_fetch.$0\opcode[31:0]
Creating decoders for process `\PSC_CPU_TimingTop.$flatten\u_cpu.\u_fetch_state.\u_mmu_i.$proc$../rtl/cpu/src/MMU.v:137$673'.
     1/77: $flatten\u_cpu.\u_fetch_state.\u_mmu_i.$3\perm_ok$func$../rtl/cpu/src/MMU.v:287$663.x[0:0]$785
     2/77: $flatten\u_cpu.\u_fetch_state.\u_mmu_i.$3\perm_ok$func$../rtl/cpu/src/MMU.v:287$663.w[0:0]$784
     3/77: $flatten\u_cpu.\u_fetch_state.\u_mmu_i.$3\perm_ok$func$../rtl/cpu/src/MMU.v:287$663.r[0:0]$783
     4/77: $flatten\u_cpu.\u_fetch_state.\u_mmu_i.$3\perm_ok$func$../rtl/cpu/src/MMU.v:287$663.pte[31:0]$782
     5/77: $flatten\u_cpu.\u_fetch_state.\u_mmu_i.$3\perm_ok$func$../rtl/cpu/src/MMU.v:287$663.$result[0:0]$781
     6/77: $flatten\u_cpu.\u_fetch_state.\u_mmu_i.$5\perm_ok$func$../rtl/cpu/src/MMU.v:240$660.x[0:0]$765
     7/77: $flatten\u_cpu.\u_fetch_state.\u_mmu_i.$5\perm_ok$func$../rtl/cpu/src/MMU.v:240$660.w[0:0]$764
     8/77: $flatten\u_cpu.\u_fetch_state.\u_mmu_i.$5\perm_ok$func$../rtl/cpu/src/MMU.v:240$660.r[0:0]$763
     9/77: $flatten\u_cpu.\u_fetch_state.\u_mmu_i.$5\perm_ok$func$../rtl/cpu/src/MMU.v:240$660.pte[31:0]$762
    10/77: $flatten\u_cpu.\u_fetch_state.\u_mmu_i.$5\perm_ok$func$../rtl/cpu/src/MMU.v:240$660.$result[0:0]$761
    11/77: $flatten\u_cpu.\u_fetch_state.\u_mmu_i.$4\perm_ok$func$../rtl/cpu/src/MMU.v:240$660.x[0:0]$759
    12/77: $flatten\u_cpu.\u_fetch_state.\u_mmu_i.$4\perm_ok$func$../rtl/cpu/src/MMU.v:240$660.w[0:0]$758
    13/77: $flatten\u_cpu.\u_fetch_state.\u_mmu_i.$4\perm_ok$func$../rtl/cpu/src/MMU.v:240$660.r[0:0]$757
    14/77: $flatten\u_cpu.\u_fetch_state.\u_mmu_i.$4\perm_ok$func$../rtl/cpu/src/MMU.v:240$660.pte[31:0]$756
    15/77: $flatten\u_cpu.\u_fetch_state.\u_mmu_i.$4\perm_ok$func$../rtl/cpu/src/MMU.v:240$660.$result[0:0]$755
    16/77: $flatten\u_cpu.\u_fetch_state.\u_mmu_i.$3\perm_ok$func$../rtl/cpu/src/MMU.v:240$660.x[0:0]$753
    17/77: $flatten\u_cpu.\u_fetch_state.\u_mmu_i.$3\perm_ok$func$../rtl/cpu/src/MMU.v:240$660.w[0:0]$752
    18/77: $flatten\u_cpu.\u_fetch_state.\u_mmu_i.$3\perm_ok$func$../rtl/cpu/src/MMU.v:240$660.r[0:0]$751
    19/77: $flatten\u_cpu.\u_fetch_state.\u_mmu_i.$3\perm_ok$func$../rtl/cpu/src/MMU.v:240$660.pte[31:0]$750
    20/77: $flatten\u_cpu.\u_fetch_state.\u_mmu_i.$3\perm_ok$func$../rtl/cpu/src/MMU.v:240$660.$result[0:0]$749
    21/77: $flatten\u_cpu.\u_fetch_state.\u_mmu_i.$3\is_leaf$func$../rtl/cpu/src/MMU.v:234$659.pte[31:0]$748
    22/77: $flatten\u_cpu.\u_fetch_state.\u_mmu_i.$3\is_leaf$func$../rtl/cpu/src/MMU.v:234$659.$result[0:0]$747
    23/77: $flatten\u_cpu.\u_fetch_state.\u_mmu_i.$2\illegal_rw$func$../rtl/cpu/src/MMU.v:117$664.pte[31:0]$737
    24/77: $flatten\u_cpu.\u_fetch_state.\u_mmu_i.$2\illegal_rw$func$../rtl/cpu/src/MMU.v:117$664.$result[0:0]$736
    25/77: $flatten\u_cpu.\u_fetch_state.\u_mmu_i.$2\perm_ok$func$../rtl/cpu/src/MMU.v:287$663.x[0:0]$735
    26/77: $flatten\u_cpu.\u_fetch_state.\u_mmu_i.$2\perm_ok$func$../rtl/cpu/src/MMU.v:287$663.w[0:0]$734
    27/77: $flatten\u_cpu.\u_fetch_state.\u_mmu_i.$2\perm_ok$func$../rtl/cpu/src/MMU.v:287$663.r[0:0]$733
    28/77: $flatten\u_cpu.\u_fetch_state.\u_mmu_i.$2\perm_ok$func$../rtl/cpu/src/MMU.v:287$663.pte[31:0]$732
    29/77: $flatten\u_cpu.\u_fetch_state.\u_mmu_i.$2\perm_ok$func$../rtl/cpu/src/MMU.v:287$663.$result[0:0]$731
    30/77: $flatten\u_cpu.\u_fetch_state.\u_mmu_i.$2\pte_valid$func$../rtl/cpu/src/MMU.v:284$662.pte[31:0]$730
    31/77: $flatten\u_cpu.\u_fetch_state.\u_mmu_i.$2\pte_valid$func$../rtl/cpu/src/MMU.v:284$662.$result[0:0]$729
    32/77: $flatten\u_cpu.\u_fetch_state.\u_mmu_i.$2\illegal_rw$func$../rtl/cpu/src/MMU.v:117$661.pte[31:0]$728
    33/77: $flatten\u_cpu.\u_fetch_state.\u_mmu_i.$2\illegal_rw$func$../rtl/cpu/src/MMU.v:117$661.$result[0:0]$727
    34/77: $flatten\u_cpu.\u_fetch_state.\u_mmu_i.$2\perm_ok$func$../rtl/cpu/src/MMU.v:240$660.x[0:0]$726
    35/77: $flatten\u_cpu.\u_fetch_state.\u_mmu_i.$2\perm_ok$func$../rtl/cpu/src/MMU.v:240$660.w[0:0]$725
    36/77: $flatten\u_cpu.\u_fetch_state.\u_mmu_i.$2\perm_ok$func$../rtl/cpu/src/MMU.v:240$660.r[0:0]$724
    37/77: $flatten\u_cpu.\u_fetch_state.\u_mmu_i.$2\perm_ok$func$../rtl/cpu/src/MMU.v:240$660.pte[31:0]$723
    38/77: $flatten\u_cpu.\u_fetch_state.\u_mmu_i.$2\perm_ok$func$../rtl/cpu/src/MMU.v:240$660.$result[0:0]$722
    39/77: $flatten\u_cpu.\u_fetch_state.\u_mmu_i.$2\is_leaf$func$../rtl/cpu/src/MMU.v:234$659.pte[31:0]$721
    40/77: $flatten\u_cpu.\u_fetch_state.\u_mmu_i.$2\is_leaf$func$../rtl/cpu/src/MMU.v:234$659.$result[0:0]$720
    41/77: $flatten\u_cpu.\u_fetch_state.\u_mmu_i.$2\pte_valid$func$../rtl/cpu/src/MMU.v:231$658.pte[31:0]$719
    42/77: $flatten\u_cpu.\u_fetch_state.\u_mmu_i.$2\pte_valid$func$../rtl/cpu/src/MMU.v:231$658.$result[0:0]$718
    43/77: $flatten\u_cpu.\u_fetch_state.\u_mmu_i.$1\illegal_rw$func$../rtl/cpu/src/MMU.v:117$664.pte[31:0]$714
    44/77: $flatten\u_cpu.\u_fetch_state.\u_mmu_i.$1\illegal_rw$func$../rtl/cpu/src/MMU.v:117$664.$result[0:0]$713
    45/77: $flatten\u_cpu.\u_fetch_state.\u_mmu_i.$1\perm_ok$func$../rtl/cpu/src/MMU.v:287$663.x[0:0]$712
    46/77: $flatten\u_cpu.\u_fetch_state.\u_mmu_i.$1\perm_ok$func$../rtl/cpu/src/MMU.v:287$663.w[0:0]$711
    47/77: $flatten\u_cpu.\u_fetch_state.\u_mmu_i.$1\perm_ok$func$../rtl/cpu/src/MMU.v:287$663.r[0:0]$710
    48/77: $flatten\u_cpu.\u_fetch_state.\u_mmu_i.$1\perm_ok$func$../rtl/cpu/src/MMU.v:287$663.pte[31:0]$709
    49/77: $flatten\u_cpu.\u_fetch_state.\u_mmu_i.$1\perm_ok$func$../rtl/cpu/src/MMU.v:287$663.$result[0:0]$708
    50/77: $flatten\u_cpu.\u_fetch_state.\u_mmu_i.$1\pte_valid$func$../rtl/cpu/src/MMU.v:284$662.pte[31:0]$707
    51/77: $flatten\u_cpu.\u_fetch_state.\u_mmu_i.$1\pte_valid$func$../rtl/cpu/src/MMU.v:284$662.$result[0:0]$706
    52/77: $flatten\u_cpu.\u_fetch_state.\u_mmu_i.$1\illegal_rw$func$../rtl/cpu/src/MMU.v:117$661.pte[31:0]$705
    53/77: $flatten\u_cpu.\u_fetch_state.\u_mmu_i.$1\illegal_rw$func$../rtl/cpu/src/MMU.v:117$661.$result[0:0]$704
    54/77: $flatten\u_cpu.\u_fetch_state.\u_mmu_i.$1\perm_ok$func$../rtl/cpu/src/MMU.v:240$660.x[0:0]$703
    55/77: $flatten\u_cpu.\u_fetch_state.\u_mmu_i.$1\perm_ok$func$../rtl/cpu/src/MMU.v:240$660.w[0:0]$702
    56/77: $flatten\u_cpu.\u_fetch_state.\u_mmu_i.$1\perm_ok$func$../rtl/cpu/src/MMU.v:240$660.r[0:0]$701
    57/77: $flatten\u_cpu.\u_fetch_state.\u_mmu_i.$1\perm_ok$func$../rtl/cpu/src/MMU.v:240$660.pte[31:0]$700
    58/77: $flatten\u_cpu.\u_fetch_state.\u_mmu_i.$1\perm_ok$func$../rtl/cpu/src/MMU.v:240$660.$result[0:0]$699
    59/77: $flatten\u_cpu.\u_fetch_state.\u_mmu_i.$1\is_leaf$func$../rtl/cpu/src/MMU.v:234$659.pte[31:0]$698
    60/77: $flatten\u_cpu.\u_fetch_state.\u_mmu_i.$1\is_leaf$func$../rtl/cpu/src/MMU.v:234$659.$result[0:0]$697
    61/77: $flatten\u_cpu.\u_fetch_state.\u_mmu_i.$1\pte_valid$func$../rtl/cpu/src/MMU.v:231$658.pte[31:0]$696
    62/77: $flatten\u_cpu.\u_fetch_state.\u_mmu_i.$1\pte_valid$func$../rtl/cpu/src/MMU.v:231$658.$result[0:0]$695
    63/77: $flatten\u_cpu.\u_fetch_state.\u_mmu_i.$0\mem_valid[0:0]
    64/77: $flatten\u_cpu.\u_fetch_state.\u_mmu_i.$0\cache_vpn0[9:0]
    65/77: $flatten\u_cpu.\u_fetch_state.\u_mmu_i.$0\cache_pte_l0[31:0]
    66/77: $flatten\u_cpu.\u_fetch_state.\u_mmu_i.$0\l0_cached[0:0]
    67/77: $flatten\u_cpu.\u_fetch_state.\u_mmu_i.$0\cache_pte_l1[31:0]
    68/77: $flatten\u_cpu.\u_fetch_state.\u_mmu_i.$0\cache_vpn1[9:0]
    69/77: $flatten\u_cpu.\u_fetch_state.\u_mmu_i.$0\cache_root_ppn[21:0]
    70/77: $flatten\u_cpu.\u_fetch_state.\u_mmu_i.$0\pte_cached[0:0]
    71/77: $flatten\u_cpu.\u_fetch_state.\u_mmu_i.$0\pte_l0[31:0]
    72/77: $flatten\u_cpu.\u_fetch_state.\u_mmu_i.$0\pte_l1[31:0]
    73/77: $flatten\u_cpu.\u_fetch_state.\u_mmu_i.$0\mem_addr_34bit[33:0]
    74/77: $flatten\u_cpu.\u_fetch_state.\u_mmu_i.$0\paddr_34bit[33:0]
    75/77: $flatten\u_cpu.\u_fetch_state.\u_mmu_i.$0\sfence_vma_reg[0:0]
    76/77: $flatten\u_cpu.\u_fetch_state.\u_mmu_i.$0\state[3:0]
    77/77: $flatten\u_cpu.\u_fetch_state.\u_mmu_i.$0\page_fault[0:0]
Creating decoders for process `\PSC_CPU_TimingTop.$flatten\u_cpu.\u_fetch_state.$proc$../rtl/cpu/src/PSC_RV32ISP_Fetch.v:97$60'.
     1/23: $flatten\u_cpu.\u_fetch_state.$3\next_flush[0:0]
     2/23: $flatten\u_cpu.\u_fetch_state.$13\next_state[3:0]
     3/23: $flatten\u_cpu.\u_fetch_state.$12\next_state[3:0]
     4/23: $flatten\u_cpu.\u_fetch_state.$11\next_state[3:0]
     5/23: $flatten\u_cpu.\u_fetch_state.$10\next_state[3:0]
     6/23: $flatten\u_cpu.\u_fetch_state.$3\next_ready[0:0]
     7/23: $flatten\u_cpu.\u_fetch_state.$9\next_state[3:0]
     8/23: $flatten\u_cpu.\u_fetch_state.$8\next_state[3:0]
     9/23: $flatten\u_cpu.\u_fetch_state.$7\next_state[3:0]
    10/23: $flatten\u_cpu.\u_fetch_state.$4\next_pc[31:0]
    11/23: $flatten\u_cpu.\u_fetch_state.$6\next_state[3:0]
    12/23: $flatten\u_cpu.\u_fetch_state.$3\next_pc[31:0]
    13/23: $flatten\u_cpu.\u_fetch_state.$5\next_state[3:0]
    14/23: $flatten\u_cpu.\u_fetch_state.$4\next_state[3:0]
    15/23: $flatten\u_cpu.\u_fetch_state.$2\next_ready[0:0]
    16/23: $flatten\u_cpu.\u_fetch_state.$2\next_flush[0:0]
    17/23: $flatten\u_cpu.\u_fetch_state.$2\next_pc[31:0]
    18/23: $flatten\u_cpu.\u_fetch_state.$3\next_state[3:0]
    19/23: $flatten\u_cpu.\u_fetch_state.$2\next_state[3:0]
    20/23: $flatten\u_cpu.\u_fetch_state.$1\next_state[3:0]
    21/23: $flatten\u_cpu.\u_fetch_state.$1\next_ready[0:0]
    22/23: $flatten\u_cpu.\u_fetch_state.$1\next_flush[0:0]
    23/23: $flatten\u_cpu.\u_fetch_state.$1\next_pc[31:0]
Creating decoders for process `\PSC_CPU_TimingTop.$flatten\u_cpu.\u_fetch_state.$proc$../rtl/cpu/src/PSC_RV32ISP_Fetch.v:77$58'.
     1/4: $flatten\u_cpu.\u_fetch_state.$0\fetch_state[3:0]
     2/4: $flatten\u_cpu.\u_fetch_state.$0\fetch_fifo_flush[0:0]
     3/4: $flatten\u_cpu.\u_fetch_state.$0\fetch_pc[31:0]
     4/4: $flatten\u_cpu.\u_fetch_state.$0\fetch_ready[0:0]
Creating decoders for process `\PSC_CPU_TimingTop.$flatten\u_cpu.\u_execute_state.\u_regfile.$proc$../rtl/cpu/src/Register.v:21$627'.
     1/51: $flatten\u_cpu.\u_execute_state.\u_regfile.$3$mem2reg_rd$\registers$../rtl/cpu/src/Register.v:34$626_DATA[31:0]$655
     2/51: $flatten\u_cpu.\u_execute_state.\u_regfile.$3$mem2reg_rd$\registers$../rtl/cpu/src/Register.v:33$625_DATA[31:0]$652
     3/51: $flatten\u_cpu.\u_execute_state.\u_regfile.$3$mem2reg_wr$\registers$../rtl/cpu/src/Register.v:31$624_ADDR[4:0]$650
     4/51: $flatten\u_cpu.\u_execute_state.\u_regfile.$3$mem2reg_wr$\registers$../rtl/cpu/src/Register.v:31$624_DATA[31:0]$651
     5/51: $flatten\u_cpu.\u_execute_state.\u_regfile.$2$mem2reg_wr$\registers$../rtl/cpu/src/Register.v:31$624_DATA[31:0]$642
     6/51: $flatten\u_cpu.\u_execute_state.\u_regfile.$2$mem2reg_wr$\registers$../rtl/cpu/src/Register.v:31$624_ADDR[4:0]$641
     7/51: $flatten\u_cpu.\u_execute_state.\u_regfile.$2$mem2reg_rd$\registers$../rtl/cpu/src/Register.v:34$626_DATA[31:0]$646
     8/51: $flatten\u_cpu.\u_execute_state.\u_regfile.$2$mem2reg_rd$\registers$../rtl/cpu/src/Register.v:34$626_ADDR[4:0]$645
     9/51: $flatten\u_cpu.\u_execute_state.\u_regfile.$2$mem2reg_rd$\registers$../rtl/cpu/src/Register.v:33$625_DATA[31:0]$644
    10/51: $flatten\u_cpu.\u_execute_state.\u_regfile.$2$mem2reg_rd$\registers$../rtl/cpu/src/Register.v:33$625_ADDR[4:0]$643
    11/51: $flatten\u_cpu.\u_execute_state.\u_regfile.$1$mem2reg_rd$\registers$../rtl/cpu/src/Register.v:34$626_DATA[31:0]$640
    12/51: $flatten\u_cpu.\u_execute_state.\u_regfile.$1$mem2reg_rd$\registers$../rtl/cpu/src/Register.v:34$626_ADDR[4:0]$639
    13/51: $flatten\u_cpu.\u_execute_state.\u_regfile.$1$mem2reg_rd$\registers$../rtl/cpu/src/Register.v:33$625_DATA[31:0]$638
    14/51: $flatten\u_cpu.\u_execute_state.\u_regfile.$1$mem2reg_rd$\registers$../rtl/cpu/src/Register.v:33$625_ADDR[4:0]$637
    15/51: $flatten\u_cpu.\u_execute_state.\u_regfile.$1$mem2reg_wr$\registers$../rtl/cpu/src/Register.v:31$624_DATA[31:0]$636
    16/51: $flatten\u_cpu.\u_execute_state.\u_regfile.$1$mem2reg_wr$\registers$../rtl/cpu/src/Register.v:31$624_ADDR[4:0]$635
    17/51: $flatten\u_cpu.\u_execute_state.\u_regfile.$1\i[31:0]
    18/51: $flatten\u_cpu.\u_execute_state.\u_regfile.$0\registers[31][31:0]
    19/51: $flatten\u_cpu.\u_execute_state.\u_regfile.$0\registers[30][31:0]
    20/51: $flatten\u_cpu.\u_execute_state.\u_regfile.$0\registers[29][31:0]
    21/51: $flatten\u_cpu.\u_execute_state.\u_regfile.$0\registers[28][31:0]
    22/51: $flatten\u_cpu.\u_execute_state.\u_regfile.$0\registers[27][31:0]
    23/51: $flatten\u_cpu.\u_execute_state.\u_regfile.$0\registers[26][31:0]
    24/51: $flatten\u_cpu.\u_execute_state.\u_regfile.$0\registers[25][31:0]
    25/51: $flatten\u_cpu.\u_execute_state.\u_regfile.$0\registers[24][31:0]
    26/51: $flatten\u_cpu.\u_execute_state.\u_regfile.$0\registers[23][31:0]
    27/51: $flatten\u_cpu.\u_execute_state.\u_regfile.$0\registers[22][31:0]
    28/51: $flatten\u_cpu.\u_execute_state.\u_regfile.$0\registers[21][31:0]
    29/51: $flatten\u_cpu.\u_execute_state.\u_regfile.$0\registers[20][31:0]
    30/51: $flatten\u_cpu.\u_execute_state.\u_regfile.$0\registers[19][31:0]
    31/51: $flatten\u_cpu.\u_execute_state.\u_regfile.$0\registers[18][31:0]
    32/51: $flatten\u_cpu.\u_execute_state.\u_regfile.$0\registers[17][31:0]
    33/51: $flatten\u_cpu.\u_execute_state.\u_regfile.$0\registers[16][31:0]
    34/51: $flatten\u_cpu.\u_execute_state.\u_regfile.$0\registers[15][31:0]
    35/51: $flatten\u_cpu.\u_execute_state.\u_regfile.$0\registers[14][31:0]
    36/51: $flatten\u_cpu.\u_execute_state.\u_regfile.$0\registers[13][31:0]
    37/51: $flatten\u_cpu.\u_execute_state.\u_regfile.$0\registers[12][31:0]
    38/51: $flatten\u_cpu.\u_execute_state.\u_regfile.$0\registers[11][31:0]
    39/51: $flatten\u_cpu.\u_execute_state.\u_regfile.$0\registers[10][31:0]
    40/51: $flatten\u_cpu.\u_execute_state.\u_regfile.$0\registers[9][31:0]
    41/51: $flatten\u_cpu.\u_execute_state.\u_regfile.$0\registers[8][31:0]
    42/51: $flatten\u_cpu.\u_execute_state.\u_regfile.$0\registers[7][31:0]
    43/51: $flatten\u_cpu.\u_execute_state.\u_regfile.$0\registers[6][31:0]
    44/51: $flatten\u_cpu.\u_execute_state.\u_regfile.$0\registers[5][31:0]
    45/51: $flatten\u_cpu.\u_execute_state.\u_regfile.$0\registers[4][31:0]
    46/51: $flatten\u_cpu.\u_execute_state.\u_regfile.$0\registers[3][31:0]
    47/51: $flatten\u_cpu.\u_execute_state.\u_regfile.$0\registers[2][31:0]
    48/51: $flatten\u_cpu.\u_execute_state.\u_regfile.$0\registers[1][31:0]
    49/51: $flatten\u_cpu.\u_execute_state.\u_regfile.$0\registers[0][31:0]
    50/51: $flatten\u_cpu.\u_execute_state.\u_regfile.$0\reg_data_2[31:0]
    51/51: $flatten\u_cpu.\u_execute_state.\u_regfile.$0\reg_data_1[31:0]
Creating decoders for process `\PSC_CPU_TimingTop.$flatten\u_cpu.\u_execute_state.\u_memory_store.$proc$../rtl/cpu/src/MemoryStore.v:99$1108'.
     1/6: $flatten\u_cpu.\u_execute_state.\u_memory_store.$0\store_done[0:0]
     2/6: $flatten\u_cpu.\u_execute_state.\u_memory_store.$0\data_mem_write_valid[0:0]
     3/6: $flatten\u_cpu.\u_execute_state.\u_memory_store.$0\state[3:0]
     4/6: $flatten\u_cpu.\u_execute_state.\u_memory_store.$0\uart[8:0]
     5/6: $flatten\u_cpu.\u_execute_state.\u_memory_store.$0\out_pc[31:0]
     6/6: $flatten\u_cpu.\u_execute_state.\u_memory_store.$0\data_mem_write_data[31:0]
Creating decoders for process `\PSC_CPU_TimingTop.$flatten\u_cpu.\u_execute_state.\u_branch.$proc$../rtl/cpu/src/Branch.v:70$554'.
     1/17: $flatten\u_cpu.\u_execute_state.\u_branch.$4\BRANCH_EXEC$func$../rtl/cpu/src/Branch.v:92$553.$result[0:0]$572
     2/17: $flatten\u_cpu.\u_execute_state.\u_branch.$3\BRANCH_EXEC$func$../rtl/cpu/src/Branch.v:92$553.$result[0:0]$571
     3/17: $flatten\u_cpu.\u_execute_state.\u_branch.$2\BRANCH_EXEC$func$../rtl/cpu/src/Branch.v:92$553.$result[0:0]$566
     4/17: $flatten\u_cpu.\u_execute_state.\u_branch.$2\BRANCH_EXEC$func$../rtl/cpu/src/Branch.v:92$553.pc_sel[1:0]$570
     5/17: $flatten\u_cpu.\u_execute_state.\u_branch.$2\BRANCH_EXEC$func$../rtl/cpu/src/Branch.v:92$553.data2[31:0]$569
     6/17: $flatten\u_cpu.\u_execute_state.\u_branch.$2\BRANCH_EXEC$func$../rtl/cpu/src/Branch.v:92$553.data1[31:0]$568
     7/17: $flatten\u_cpu.\u_execute_state.\u_branch.$2\BRANCH_EXEC$func$../rtl/cpu/src/Branch.v:92$553.branch_op[2:0]$567
     8/17: $flatten\u_cpu.\u_execute_state.\u_branch.$1\BRANCH_EXEC$func$../rtl/cpu/src/Branch.v:92$553.pc_sel[1:0]$565
     9/17: $flatten\u_cpu.\u_execute_state.\u_branch.$1\BRANCH_EXEC$func$../rtl/cpu/src/Branch.v:92$553.data2[31:0]$564
    10/17: $flatten\u_cpu.\u_execute_state.\u_branch.$1\BRANCH_EXEC$func$../rtl/cpu/src/Branch.v:92$553.data1[31:0]$563
    11/17: $flatten\u_cpu.\u_execute_state.\u_branch.$1\BRANCH_EXEC$func$../rtl/cpu/src/Branch.v:92$553.branch_op[2:0]$562
    12/17: $flatten\u_cpu.\u_execute_state.\u_branch.$1\BRANCH_EXEC$func$../rtl/cpu/src/Branch.v:92$553.$result[0:0]$561
    13/17: $flatten\u_cpu.\u_execute_state.\u_branch.$0\branch_done[0:0]
    14/17: $flatten\u_cpu.\u_execute_state.\u_branch.$0\data_mem_read_valid[0:0]
    15/17: $flatten\u_cpu.\u_execute_state.\u_branch.$0\state[3:0]
    16/17: $flatten\u_cpu.\u_execute_state.\u_branch.$0\out_pc[31:0]
    17/17: $flatten\u_cpu.\u_execute_state.\u_branch.$0\pc_sel2[0:0]
Creating decoders for process `\PSC_CPU_TimingTop.$flatten\u_cpu.\u_execute_state.\u_mmu_d.$proc$../rtl/cpu/src/MMU.v:137$673'.
     1/77: $flatten\u_cpu.\u_execute_state.\u_mmu_d.$3\perm_ok$func$../rtl/cpu/src/MMU.v:287$663.x[0:0]$785
     2/77: $flatten\u_cpu.\u_execute_state.\u_mmu_d.$3\perm_ok$func$../rtl/cpu/src/MMU.v:287$663.w[0:0]$784
     3/77: $flatten\u_cpu.\u_execute_state.\u_mmu_d.$3\perm_ok$func$../rtl/cpu/src/MMU.v:287$663.r[0:0]$783
     4/77: $flatten\u_cpu.\u_execute_state.\u_mmu_d.$3\perm_ok$func$../rtl/cpu/src/MMU.v:287$663.pte[31:0]$782
     5/77: $flatten\u_cpu.\u_execute_state.\u_mmu_d.$3\perm_ok$func$../rtl/cpu/src/MMU.v:287$663.$result[0:0]$781
     6/77: $flatten\u_cpu.\u_execute_state.\u_mmu_d.$5\perm_ok$func$../rtl/cpu/src/MMU.v:240$660.x[0:0]$765
     7/77: $flatten\u_cpu.\u_execute_state.\u_mmu_d.$5\perm_ok$func$../rtl/cpu/src/MMU.v:240$660.w[0:0]$764
     8/77: $flatten\u_cpu.\u_execute_state.\u_mmu_d.$5\perm_ok$func$../rtl/cpu/src/MMU.v:240$660.r[0:0]$763
     9/77: $flatten\u_cpu.\u_execute_state.\u_mmu_d.$5\perm_ok$func$../rtl/cpu/src/MMU.v:240$660.pte[31:0]$762
    10/77: $flatten\u_cpu.\u_execute_state.\u_mmu_d.$5\perm_ok$func$../rtl/cpu/src/MMU.v:240$660.$result[0:0]$761
    11/77: $flatten\u_cpu.\u_execute_state.\u_mmu_d.$4\perm_ok$func$../rtl/cpu/src/MMU.v:240$660.x[0:0]$759
    12/77: $flatten\u_cpu.\u_execute_state.\u_mmu_d.$4\perm_ok$func$../rtl/cpu/src/MMU.v:240$660.w[0:0]$758
    13/77: $flatten\u_cpu.\u_execute_state.\u_mmu_d.$4\perm_ok$func$../rtl/cpu/src/MMU.v:240$660.r[0:0]$757
    14/77: $flatten\u_cpu.\u_execute_state.\u_mmu_d.$4\perm_ok$func$../rtl/cpu/src/MMU.v:240$660.pte[31:0]$756
    15/77: $flatten\u_cpu.\u_execute_state.\u_mmu_d.$4\perm_ok$func$../rtl/cpu/src/MMU.v:240$660.$result[0:0]$755
    16/77: $flatten\u_cpu.\u_execute_state.\u_mmu_d.$3\perm_ok$func$../rtl/cpu/src/MMU.v:240$660.x[0:0]$753
    17/77: $flatten\u_cpu.\u_execute_state.\u_mmu_d.$3\perm_ok$func$../rtl/cpu/src/MMU.v:240$660.w[0:0]$752
    18/77: $flatten\u_cpu.\u_execute_state.\u_mmu_d.$3\perm_ok$func$../rtl/cpu/src/MMU.v:240$660.r[0:0]$751
    19/77: $flatten\u_cpu.\u_execute_state.\u_mmu_d.$3\perm_ok$func$../rtl/cpu/src/MMU.v:240$660.pte[31:0]$750
    20/77: $flatten\u_cpu.\u_execute_state.\u_mmu_d.$3\perm_ok$func$../rtl/cpu/src/MMU.v:240$660.$result[0:0]$749
    21/77: $flatten\u_cpu.\u_execute_state.\u_mmu_d.$3\is_leaf$func$../rtl/cpu/src/MMU.v:234$659.pte[31:0]$748
    22/77: $flatten\u_cpu.\u_execute_state.\u_mmu_d.$3\is_leaf$func$../rtl/cpu/src/MMU.v:234$659.$result[0:0]$747
    23/77: $flatten\u_cpu.\u_execute_state.\u_mmu_d.$2\illegal_rw$func$../rtl/cpu/src/MMU.v:117$664.pte[31:0]$737
    24/77: $flatten\u_cpu.\u_execute_state.\u_mmu_d.$2\illegal_rw$func$../rtl/cpu/src/MMU.v:117$664.$result[0:0]$736
    25/77: $flatten\u_cpu.\u_execute_state.\u_mmu_d.$2\perm_ok$func$../rtl/cpu/src/MMU.v:287$663.x[0:0]$735
    26/77: $flatten\u_cpu.\u_execute_state.\u_mmu_d.$2\perm_ok$func$../rtl/cpu/src/MMU.v:287$663.w[0:0]$734
    27/77: $flatten\u_cpu.\u_execute_state.\u_mmu_d.$2\perm_ok$func$../rtl/cpu/src/MMU.v:287$663.r[0:0]$733
    28/77: $flatten\u_cpu.\u_execute_state.\u_mmu_d.$2\perm_ok$func$../rtl/cpu/src/MMU.v:287$663.pte[31:0]$732
    29/77: $flatten\u_cpu.\u_execute_state.\u_mmu_d.$2\perm_ok$func$../rtl/cpu/src/MMU.v:287$663.$result[0:0]$731
    30/77: $flatten\u_cpu.\u_execute_state.\u_mmu_d.$2\pte_valid$func$../rtl/cpu/src/MMU.v:284$662.pte[31:0]$730
    31/77: $flatten\u_cpu.\u_execute_state.\u_mmu_d.$2\pte_valid$func$../rtl/cpu/src/MMU.v:284$662.$result[0:0]$729
    32/77: $flatten\u_cpu.\u_execute_state.\u_mmu_d.$2\illegal_rw$func$../rtl/cpu/src/MMU.v:117$661.pte[31:0]$728
    33/77: $flatten\u_cpu.\u_execute_state.\u_mmu_d.$2\illegal_rw$func$../rtl/cpu/src/MMU.v:117$661.$result[0:0]$727
    34/77: $flatten\u_cpu.\u_execute_state.\u_mmu_d.$2\perm_ok$func$../rtl/cpu/src/MMU.v:240$660.x[0:0]$726
    35/77: $flatten\u_cpu.\u_execute_state.\u_mmu_d.$2\perm_ok$func$../rtl/cpu/src/MMU.v:240$660.w[0:0]$725
    36/77: $flatten\u_cpu.\u_execute_state.\u_mmu_d.$2\perm_ok$func$../rtl/cpu/src/MMU.v:240$660.r[0:0]$724
    37/77: $flatten\u_cpu.\u_execute_state.\u_mmu_d.$2\perm_ok$func$../rtl/cpu/src/MMU.v:240$660.pte[31:0]$723
    38/77: $flatten\u_cpu.\u_execute_state.\u_mmu_d.$2\perm_ok$func$../rtl/cpu/src/MMU.v:240$660.$result[0:0]$722
    39/77: $flatten\u_cpu.\u_execute_state.\u_mmu_d.$2\is_leaf$func$../rtl/cpu/src/MMU.v:234$659.pte[31:0]$721
    40/77: $flatten\u_cpu.\u_execute_state.\u_mmu_d.$2\is_leaf$func$../rtl/cpu/src/MMU.v:234$659.$result[0:0]$720
    41/77: $flatten\u_cpu.\u_execute_state.\u_mmu_d.$2\pte_valid$func$../rtl/cpu/src/MMU.v:231$658.pte[31:0]$719
    42/77: $flatten\u_cpu.\u_execute_state.\u_mmu_d.$2\pte_valid$func$../rtl/cpu/src/MMU.v:231$658.$result[0:0]$718
    43/77: $flatten\u_cpu.\u_execute_state.\u_mmu_d.$1\illegal_rw$func$../rtl/cpu/src/MMU.v:117$664.pte[31:0]$714
    44/77: $flatten\u_cpu.\u_execute_state.\u_mmu_d.$1\illegal_rw$func$../rtl/cpu/src/MMU.v:117$664.$result[0:0]$713
    45/77: $flatten\u_cpu.\u_execute_state.\u_mmu_d.$1\perm_ok$func$../rtl/cpu/src/MMU.v:287$663.x[0:0]$712
    46/77: $flatten\u_cpu.\u_execute_state.\u_mmu_d.$1\perm_ok$func$../rtl/cpu/src/MMU.v:287$663.w[0:0]$711
    47/77: $flatten\u_cpu.\u_execute_state.\u_mmu_d.$1\perm_ok$func$../rtl/cpu/src/MMU.v:287$663.r[0:0]$710
    48/77: $flatten\u_cpu.\u_execute_state.\u_mmu_d.$1\perm_ok$func$../rtl/cpu/src/MMU.v:287$663.pte[31:0]$709
    49/77: $flatten\u_cpu.\u_execute_state.\u_mmu_d.$1\perm_ok$func$../rtl/cpu/src/MMU.v:287$663.$result[0:0]$708
    50/77: $flatten\u_cpu.\u_execute_state.\u_mmu_d.$1\pte_valid$func$../rtl/cpu/src/MMU.v:284$662.pte[31:0]$707
    51/77: $flatten\u_cpu.\u_execute_state.\u_mmu_d.$1\pte_valid$func$../rtl/cpu/src/MMU.v:284$662.$result[0:0]$706
    52/77: $flatten\u_cpu.\u_execute_state.\u_mmu_d.$1\illegal_rw$func$../rtl/cpu/src/MMU.v:117$661.pte[31:0]$705
    53/77: $flatten\u_cpu.\u_execute_state.\u_mmu_d.$1\illegal_rw$func$../rtl/cpu/src/MMU.v:117$661.$result[0:0]$704
    54/77: $flatten\u_cpu.\u_execute_state.\u_mmu_d.$1\perm_ok$func$../rtl/cpu/src/MMU.v:240$660.x[0:0]$703
    55/77: $flatten\u_cpu.\u_execute_state.\u_mmu_d.$1\perm_ok$func$../rtl/cpu/src/MMU.v:240$660.w[0:0]$702
    56/77: $flatten\u_cpu.\u_execute_state.\u_mmu_d.$1\perm_ok$func$../rtl/cpu/src/MMU.v:240$660.r[0:0]$701
    57/77: $flatten\u_cpu.\u_execute_state.\u_mmu_d.$1\perm_ok$func$../rtl/cpu/src/MMU.v:240$660.pte[31:0]$700
    58/77: $flatten\u_cpu.\u_execute_state.\u_mmu_d.$1\perm_ok$func$../rtl/cpu/src/MMU.v:240$660.$result[0:0]$699
    59/77: $flatten\u_cpu.\u_execute_state.\u_mmu_d.$1\is_leaf$func$../rtl/cpu/src/MMU.v:234$659.pte[31:0]$698
    60/77: $flatten\u_cpu.\u_execute_state.\u_mmu_d.$1\is_leaf$func$../rtl/cpu/src/MMU.v:234$659.$result[0:0]$697
    61/77: $flatten\u_cpu.\u_execute_state.\u_mmu_d.$1\pte_valid$func$../rtl/cpu/src/MMU.v:231$658.pte[31:0]$696
    62/77: $flatten\u_cpu.\u_execute_state.\u_mmu_d.$1\pte_valid$func$../rtl/cpu/src/MMU.v:231$658.$result[0:0]$695
    63/77: $flatten\u_cpu.\u_execute_state.\u_mmu_d.$0\mem_valid[0:0]
    64/77: $flatten\u_cpu.\u_execute_state.\u_mmu_d.$0\cache_vpn0[9:0]
    65/77: $flatten\u_cpu.\u_execute_state.\u_mmu_d.$0\cache_pte_l0[31:0]
    66/77: $flatten\u_cpu.\u_execute_state.\u_mmu_d.$0\l0_cached[0:0]
    67/77: $flatten\u_cpu.\u_execute_state.\u_mmu_d.$0\cache_pte_l1[31:0]
    68/77: $flatten\u_cpu.\u_execute_state.\u_mmu_d.$0\cache_vpn1[9:0]
    69/77: $flatten\u_cpu.\u_execute_state.\u_mmu_d.$0\cache_root_ppn[21:0]
    70/77: $flatten\u_cpu.\u_execute_state.\u_mmu_d.$0\pte_cached[0:0]
    71/77: $flatten\u_cpu.\u_execute_state.\u_mmu_d.$0\pte_l0[31:0]
    72/77: $flatten\u_cpu.\u_execute_state.\u_mmu_d.$0\pte_l1[31:0]
    73/77: $flatten\u_cpu.\u_execute_state.\u_mmu_d.$0\mem_addr_34bit[33:0]
    74/77: $flatten\u_cpu.\u_execute_state.\u_mmu_d.$0\paddr_34bit[33:0]
    75/77: $flatten\u_cpu.\u_execute_state.\u_mmu_d.$0\sfence_vma_reg[0:0]
    76/77: $flatten\u_cpu.\u_execute_state.\u_mmu_d.$0\state[3:0]
    77/77: $flatten\u_cpu.\u_execute_state.\u_mmu_d.$0\page_fault[0:0]
Creating decoders for process `\PSC_CPU_TimingTop.$flatten\u_cpu.\u_execute_state.\u_execute.$proc$../rtl/cpu/src/Execute.v:174$474'.
     1/27: $flatten\u_cpu.\u_execute_state.\u_execute.$6\ALU_EXEC$func$../rtl/cpu/src/Execute.v:195$446.$result[31:0]$500
     2/27: $flatten\u_cpu.\u_execute_state.\u_execute.$5\ALU_EXEC$func$../rtl/cpu/src/Execute.v:195$446.$result[31:0]$496
     3/27: $flatten\u_cpu.\u_execute_state.\u_execute.$5\ALU_EXEC$func$../rtl/cpu/src/Execute.v:195$446.data2[31:0]$499
     4/27: $flatten\u_cpu.\u_execute_state.\u_execute.$5\ALU_EXEC$func$../rtl/cpu/src/Execute.v:195$446.data1[31:0]$498
     5/27: $flatten\u_cpu.\u_execute_state.\u_execute.$5\ALU_EXEC$func$../rtl/cpu/src/Execute.v:195$446.control[4:0]$497
     6/27: $flatten\u_cpu.\u_execute_state.\u_execute.$4\ALU_EXEC$func$../rtl/cpu/src/Execute.v:195$446.data2[31:0]$495
     7/27: $flatten\u_cpu.\u_execute_state.\u_execute.$4\ALU_EXEC$func$../rtl/cpu/src/Execute.v:195$446.data1[31:0]$494
     8/27: $flatten\u_cpu.\u_execute_state.\u_execute.$4\ALU_EXEC$func$../rtl/cpu/src/Execute.v:195$446.control[4:0]$493
     9/27: $flatten\u_cpu.\u_execute_state.\u_execute.$4\ALU_EXEC$func$../rtl/cpu/src/Execute.v:195$446.$result[31:0]$492
    10/27: $flatten\u_cpu.\u_execute_state.\u_execute.$3\ALU_EXEC$func$../rtl/cpu/src/Execute.v:195$446.data2[31:0]$491
    11/27: $flatten\u_cpu.\u_execute_state.\u_execute.$3\ALU_EXEC$func$../rtl/cpu/src/Execute.v:195$446.data1[31:0]$490
    12/27: $flatten\u_cpu.\u_execute_state.\u_execute.$3\ALU_EXEC$func$../rtl/cpu/src/Execute.v:195$446.control[4:0]$489
    13/27: $flatten\u_cpu.\u_execute_state.\u_execute.$3\ALU_EXEC$func$../rtl/cpu/src/Execute.v:195$446.$result[31:0]$488
    14/27: $flatten\u_cpu.\u_execute_state.\u_execute.$2\ALU_EXEC$func$../rtl/cpu/src/Execute.v:195$446.data2[31:0]$487
    15/27: $flatten\u_cpu.\u_execute_state.\u_execute.$2\ALU_EXEC$func$../rtl/cpu/src/Execute.v:195$446.data1[31:0]$486
    16/27: $flatten\u_cpu.\u_execute_state.\u_execute.$2\ALU_EXEC$func$../rtl/cpu/src/Execute.v:195$446.control[4:0]$485
    17/27: $flatten\u_cpu.\u_execute_state.\u_execute.$2\ALU_EXEC$func$../rtl/cpu/src/Execute.v:195$446.$result[31:0]$484
    18/27: $flatten\u_cpu.\u_execute_state.\u_execute.$1\ALU_EXEC$func$../rtl/cpu/src/Execute.v:195$446.data2[31:0]$483
    19/27: $flatten\u_cpu.\u_execute_state.\u_execute.$1\ALU_EXEC$func$../rtl/cpu/src/Execute.v:195$446.data1[31:0]$482
    20/27: $flatten\u_cpu.\u_execute_state.\u_execute.$1\ALU_EXEC$func$../rtl/cpu/src/Execute.v:195$446.control[4:0]$481
    21/27: $flatten\u_cpu.\u_execute_state.\u_execute.$1\ALU_EXEC$func$../rtl/cpu/src/Execute.v:195$446.$result[31:0]$480
    22/27: $flatten\u_cpu.\u_execute_state.\u_execute.$0\alu_done[0:0]
    23/27: $flatten\u_cpu.\u_execute_state.\u_execute.$0\state[3:0]
    24/27: $flatten\u_cpu.\u_execute_state.\u_execute.$0\out_pc[31:0]
    25/27: $flatten\u_cpu.\u_execute_state.\u_execute.$0\r_data2[31:0]
    26/27: $flatten\u_cpu.\u_execute_state.\u_execute.$0\r_data1[31:0]
    27/27: $flatten\u_cpu.\u_execute_state.\u_execute.$0\alu_data[31:0]
Creating decoders for process `\PSC_CPU_TimingTop.$flatten\u_cpu.\u_execute_state.\u_execute.\u_divider.$proc$../rtl/cpu/src/Execute_Divider.v:62$533'.
     1/10: $flatten\u_cpu.\u_execute_state.\u_execute.\u_divider.$0\remainder_out[31:0]
     2/10: $flatten\u_cpu.\u_execute_state.\u_execute.\u_divider.$0\quotient_out[31:0]
     3/10: $flatten\u_cpu.\u_execute_state.\u_execute.\u_divider.$0\remainder_neg[0:0]
     4/10: $flatten\u_cpu.\u_execute_state.\u_execute.\u_divider.$0\quotient_neg[0:0]
     5/10: $flatten\u_cpu.\u_execute_state.\u_execute.\u_divider.$0\remainder_reg[32:0]
     6/10: $flatten\u_cpu.\u_execute_state.\u_execute.\u_divider.$0\quotient_reg[31:0]
     7/10: $flatten\u_cpu.\u_execute_state.\u_execute.\u_divider.$0\divisor_abs[31:0]
     8/10: $flatten\u_cpu.\u_execute_state.\u_execute.\u_divider.$0\dividend_abs[31:0]
     9/10: $flatten\u_cpu.\u_execute_state.\u_execute.\u_divider.$0\state[3:0]
    10/10: $flatten\u_cpu.\u_execute_state.\u_execute.\u_divider.$0\count[5:0]
Creating decoders for process `\PSC_CPU_TimingTop.$flatten\u_cpu.\u_execute_state.\u_execute.\u_multiplexer.$proc$../rtl/cpu/src/Execute_Mul.v:39$551'.
     1/3: $flatten\u_cpu.\u_execute_state.\u_execute.\u_multiplexer.$0\done[0:0]
     2/3: $flatten\u_cpu.\u_execute_state.\u_execute.\u_multiplexer.$0\state[1:0]
     3/3: $flatten\u_cpu.\u_execute_state.\u_execute.\u_multiplexer.$0\mul_out[31:0]
Creating decoders for process `\PSC_CPU_TimingTop.$flatten\u_cpu.\u_execute_state.\u_execute.\u_multiplexer.$proc$../rtl/cpu/src/Execute_Mul.v:30$547'.
Creating decoders for process `\PSC_CPU_TimingTop.$flatten\u_cpu.\u_execute_state.\u_decorder.$proc$../rtl/cpu/src/Decorder.v:319$442'.
     1/30: $flatten\u_cpu.\u_execute_state.\u_decorder.$0\decode_done[0:0]
     2/30: $flatten\u_cpu.\u_execute_state.\u_decorder.$0\raise_illegal_instruction[0:0]
     3/30: $flatten\u_cpu.\u_execute_state.\u_decorder.$0\out_pc[31:0]
     4/30: $flatten\u_cpu.\u_execute_state.\u_decorder.$0\is_mret[0:0]
     5/30: $flatten\u_cpu.\u_execute_state.\u_decorder.$0\is_sret[0:0]
     6/30: $flatten\u_cpu.\u_execute_state.\u_decorder.$0\is_fence[0:0]
     7/30: $flatten\u_cpu.\u_execute_state.\u_decorder.$0\wb_sel[1:0]
     8/30: $flatten\u_cpu.\u_execute_state.\u_decorder.$0\w_addr[4:0]
     9/30: $flatten\u_cpu.\u_execute_state.\u_decorder.$0\r_addr2[4:0]
    10/30: $flatten\u_cpu.\u_execute_state.\u_decorder.$0\r_addr1[4:0]
    11/30: $flatten\u_cpu.\u_execute_state.\u_decorder.$0\is_op_imm[0:0]
    12/30: $flatten\u_cpu.\u_execute_state.\u_decorder.$0\is_R_type[0:0]
    13/30: $flatten\u_cpu.\u_execute_state.\u_decorder.$0\pc_sel[1:0]
    14/30: $flatten\u_cpu.\u_execute_state.\u_decorder.$0\rf_wen[0:0]
    15/30: $flatten\u_cpu.\u_execute_state.\u_decorder.$0\op2sel[0:0]
    16/30: $flatten\u_cpu.\u_execute_state.\u_decorder.$0\op1sel[0:0]
    17/30: $flatten\u_cpu.\u_execute_state.\u_decorder.$0\funct3[2:0]
    18/30: $flatten\u_cpu.\u_execute_state.\u_decorder.$0\alucon[4:0]
    19/30: $flatten\u_cpu.\u_execute_state.\u_decorder.$0\imm[31:0]
    20/30: $flatten\u_cpu.\u_execute_state.\u_decorder.$0\is_sfence_vma[0:0]
    21/30: $flatten\u_cpu.\u_execute_state.\u_decorder.$0\is_store[0:0]
    22/30: $flatten\u_cpu.\u_execute_state.\u_decorder.$0\is_load[0:0]
    23/30: $flatten\u_cpu.\u_execute_state.\u_decorder.$0\csr_zimm[4:0]
    24/30: $flatten\u_cpu.\u_execute_state.\u_decorder.$0\csr_addr[11:0]
    25/30: $flatten\u_cpu.\u_execute_state.\u_decorder.$0\csr_use_imm[0:0]
    26/30: $flatten\u_cpu.\u_execute_state.\u_decorder.$0\csr_cmd[1:0]
    27/30: $flatten\u_cpu.\u_execute_state.\u_decorder.$0\csr_wr[0:0]
    28/30: $flatten\u_cpu.\u_execute_state.\u_decorder.$0\is_ecall[0:0]
    29/30: $flatten\u_cpu.\u_execute_state.\u_decorder.$0\mem_rw[0:0]
    30/30: $flatten\u_cpu.\u_execute_state.\u_decorder.$0\is_fence_i[0:0]
Creating decoders for process `\PSC_CPU_TimingTop.$flatten\u_cpu.\u_execute_state.$proc$../rtl/cpu/src/PSC_RV32ISP_Execute.v:236$103'.
     1/2: $flatten\u_cpu.\u_execute_state.$0\ld_low2_q[1:0]
     2/2: $flatten\u_cpu.\u_execute_state.$0\data_mem_read_data_reg[31:0]
Creating decoders for process `\PSC_CPU_TimingTop.$flatten\u_cpu.\u_execute_state.$proc$../rtl/cpu/src/PSC_RV32ISP_Execute.v:159$99'.
     1/11: $flatten\u_cpu.\u_execute_state.$11\next_state[3:0]
     2/11: $flatten\u_cpu.\u_execute_state.$10\next_state[3:0]
     3/11: $flatten\u_cpu.\u_execute_state.$9\next_state[3:0]
     4/11: $flatten\u_cpu.\u_execute_state.$8\next_state[3:0]
     5/11: $flatten\u_cpu.\u_execute_state.$7\next_state[3:0]
     6/11: $flatten\u_cpu.\u_execute_state.$6\next_state[3:0]
     7/11: $flatten\u_cpu.\u_execute_state.$5\next_state[3:0]
     8/11: $flatten\u_cpu.\u_execute_state.$4\next_state[3:0]
     9/11: $flatten\u_cpu.\u_execute_state.$3\next_state[3:0]
    10/11: $flatten\u_cpu.\u_execute_state.$2\next_state[3:0]
    11/11: $flatten\u_cpu.\u_execute_state.$1\next_state[3:0]
Creating decoders for process `\PSC_CPU_TimingTop.$flatten\u_cpu.\u_execute_state.$proc$../rtl/cpu/src/PSC_RV32ISP_Execute.v:149$97'.
     1/1: $flatten\u_cpu.\u_execute_state.$0\execute_ready[0:0]
Creating decoders for process `\PSC_CPU_TimingTop.$flatten\u_cpu.\u_execute_state.$proc$../rtl/cpu/src/PSC_RV32ISP_Execute.v:133$92'.
     1/2: $flatten\u_cpu.\u_execute_state.$0\execute_state_d[3:0]
     2/2: $flatten\u_cpu.\u_execute_state.$0\execute_state[3:0]
Creating decoders for process `\PSC_CPU_TimingTop.$flatten\u_cpu.\u_execute_state.$proc$../rtl/cpu/src/PSC_RV32ISP_Execute.v:93$88'.
     1/1: $flatten\u_cpu.\u_execute_state.$0\pipeline_mode[0:0]
Creating decoders for process `\PSC_CPU_TimingTop.$proc$../rtl/timing/PSC_CPU_TimingTop.sv:206$977'.
     1/1: $0\timing_keep[0:0]
Creating decoders for process `\PSC_CPU_TimingTop.$proc$../rtl/timing/PSC_CPU_TimingTop.sv:41$969'.
     1/1: $0\stimulus[31:0]

20.4.8. Executing PROC_DLATCH pass (convert process syncs to latches).
No latch inferred for signal `\PSC_CPU_TimingTop.\u_cpu.u_csr.csr_apply$func$../rtl/cpu/src/Csr.v:329$798.$result' from process `\PSC_CPU_TimingTop.$flatten\u_cpu.\u_csr.$proc$../rtl/cpu/src/Csr.v:329$949'.
No latch inferred for signal `\PSC_CPU_TimingTop.\u_cpu.u_csr.csr_read_mux$func$../rtl/cpu/src/Csr.v:328$797.$result' from process `\PSC_CPU_TimingTop.$flatten\u_cpu.\u_csr.$proc$../rtl/cpu/src/Csr.v:328$934'.
No latch inferred for signal `\PSC_CPU_TimingTop.\u_cpu.u_fetch_state.next_pc' from process `\PSC_CPU_TimingTop.$flatten\u_cpu.\u_fetch_state.$proc$../rtl/cpu/src/PSC_RV32ISP_Fetch.v:97$60'.
No latch inferred for signal `\PSC_CPU_TimingTop.\u_cpu.u_fetch_state.next_state' from process `\PSC_CPU_TimingTop.$flatten\u_cpu.\u_fetch_state.$proc$../rtl/cpu/src/PSC_RV32ISP_Fetch.v:97$60'.
No latch inferred for signal `\PSC_CPU_TimingTop.\u_cpu.u_fetch_state.next_flush' from process `\PSC_CPU_TimingTop.$flatten\u_cpu.\u_fetch_state.$proc$../rtl/cpu/src/PSC_RV32ISP_Fetch.v:97$60'.
No latch inferred for signal `\PSC_CPU_TimingTop.\u_cpu.u_fetch_state.next_ready' from process `\PSC_CPU_TimingTop.$flatten\u_cpu.\u_fetch_state.$proc$../rtl/cpu/src/PSC_RV32ISP_Fetch.v:97$60'.
No latch inferred for signal `\PSC_CPU_TimingTop.\u_cpu.u_execute_state.u_execute.u_multiplexer.mul_ss' from process `\PSC_CPU_TimingTop.$flatten\u_cpu.\u_execute_state.\u_execute.\u_multiplexer.$proc$../rtl/cpu/src/Execute_Mul.v:30$547'.
No latch inferred for signal `\PSC_CPU_TimingTop.\u_cpu.u_execute_state.u_execute.u_multiplexer.mul_su' from process `\PSC_CPU_TimingTop.$flatten\u_cpu.\u_execute_state.\u_execute.\u_multiplexer.$proc$../rtl/cpu/src/Execute_Mul.v:30$547'.
No latch inferred for signal `\PSC_CPU_TimingTop.\u_cpu.u_execute_state.u_execute.u_multiplexer.mul_uu' from process `\PSC_CPU_TimingTop.$flatten\u_cpu.\u_execute_state.\u_execute.\u_multiplexer.$proc$../rtl/cpu/src/Execute_Mul.v:30$547'.
No latch inferred for signal `\PSC_CPU_TimingTop.\u_cpu.u_execute_state.next_state' from process `\PSC_CPU_TimingTop.$flatten\u_cpu.\u_execute_state.$proc$../rtl/cpu/src/PSC_RV32ISP_Execute.v:159$99'.

20.4.9. Executing PROC_DFF pass (convert process syncs to FFs).
Creating register for signal `\PSC_CPU_TimingTop.\u_cpu.cpu_state' using process `\PSC_CPU_TimingTop.$flatten\u_cpu.$proc$../rtl/cpu/src/PSC_RV32ISP_core.v:99$14'.
  created $adff cell `$procdff$7118' with positive edge clock and positive level reset.
Creating register for signal `\PSC_CPU_TimingTop.\u_cpu.fetch_valid' using process `\PSC_CPU_TimingTop.$flatten\u_cpu.$proc$../rtl/cpu/src/PSC_RV32ISP_core.v:99$14'.
  created $adff cell `$procdff$7123' with positive edge clock and positive level reset.
Creating register for signal `\PSC_CPU_TimingTop.\u_cpu.trap_pc_latch' using process `\PSC_CPU_TimingTop.$flatten\u_cpu.$proc$../rtl/cpu/src/PSC_RV32ISP_core.v:442$47'.
  created $dff cell `$procdff$7124' with positive edge clock.
Creating register for signal `\PSC_CPU_TimingTop.\u_cpu.pc' using process `\PSC_CPU_TimingTop.$flatten\u_cpu.$proc$../rtl/cpu/src/PSC_RV32ISP_core.v:464$55'.
  created $adff cell `$procdff$7129' with positive edge clock and positive level reset.
Creating register for signal `\PSC_CPU_TimingTop.\u_cpu.counter' using process `\PSC_CPU_TimingTop.$flatten\u_cpu.$proc$../rtl/cpu/src/PSC_RV32ISP_core.v:464$55'.
  created $adff cell `$procdff$7134' with positive edge clock and positive level reset.
Creating register for signal `\PSC_CPU_TimingTop.\u_cpu.u_csr.csr_DMA_CTRL' using process `\PSC_CPU_TimingTop.$flatten\u_cpu.\u_csr.$proc$../rtl/cpu/src/Csr.v:331$846'.
  created $adff cell `$procdff$7139' with positive edge clock and positive level reset.
Creating register for signal `\PSC_CPU_TimingTop.\u_cpu.u_csr.csr_DMA_WORDS' using process `\PSC_CPU_TimingTop.$flatten\u_cpu.\u_csr.$proc$../rtl/cpu/src/Csr.v:331$846'.
  created $adff cell `$procdff$7144' with positive edge clock and positive level reset.
Creating register for signal `\PSC_CPU_TimingTop.\u_cpu.u_csr.csr_DMA_SRC' using process `\PSC_CPU_TimingTop.$flatten\u_cpu.\u_csr.$proc$../rtl/cpu/src/Csr.v:331$846'.
  created $adff cell `$procdff$7149' with positive edge clock and positive level reset.
Creating register for signal `\PSC_CPU_TimingTop.\u_cpu.u_csr.csr_DMA_DST' using process `\PSC_CPU_TimingTop.$flatten\u_cpu.\u_csr.$proc$../rtl/cpu/src/Csr.v:331$846'.
  created $adff cell `$procdff$7154' with positive edge clock and positive level reset.
Creating register for signal `\PSC_CPU_TimingTop.\u_cpu.u_csr.csr_DCACHE_CTRL' using process `\PSC_CPU_TimingTop.$flatten\u_cpu.\u_csr.$proc$../rtl/cpu/src/Csr.v:331$846'.
  created $adff cell `$procdff$7159' with positive edge clock and positive level reset.
Creating register for signal `\PSC_CPU_TimingTop.\u_cpu.u_csr.csr_SA_CTRL' using process `\PSC_CPU_TimingTop.$flatten\u_cpu.\u_csr.$proc$../rtl/cpu/src/Csr.v:331$846'.
  created $adff cell `$procdff$7164' with positive edge clock and positive level reset.
Creating register for signal `\PSC_CPU_TimingTop.\u_cpu.u_csr.csr_SA_MODE' using process `\PSC_CPU_TimingTop.$flatten\u_cpu.\u_csr.$proc$../rtl/cpu/src/Csr.v:331$846'.
  created $adff cell `$procdff$7169' with positive edge clock and positive level reset.
Creating register for signal `\PSC_CPU_TimingTop.\u_cpu.u_csr.csr_SA_ADDR_A' using process `\PSC_CPU_TimingTop.$flatten\u_cpu.\u_csr.$proc$../rtl/cpu/src/Csr.v:331$846'.
  created $adff cell `$procdff$7174' with positive edge clock and positive level reset.
Creating register for signal `\PSC_CPU_TimingTop.\u_cpu.u_csr.csr_SA_ADDR_B' using process `\PSC_CPU_TimingTop.$flatten\u_cpu.\u_csr.$proc$../rtl/cpu/src/Csr.v:331$846'.
  created $adff cell `$procdff$7179' with positive edge clock and positive level reset.
Creating register for signal `\PSC_CPU_TimingTop.\u_cpu.u_csr.csr_SA_ADDR_C' using process `\PSC_CPU_TimingTop.$flatten\u_cpu.\u_csr.$proc$../rtl/cpu/src/Csr.v:331$846'.
  created $adff cell `$procdff$7184' with positive edge clock and positive level reset.
Creating register for signal `\PSC_CPU_TimingTop.\u_cpu.u_csr.csr_CPU_MON_CTRL' using process `\PSC_CPU_TimingTop.$flatten\u_cpu.\u_csr.$proc$../rtl/cpu/src/Csr.v:331$846'.
  created $adff cell `$procdff$7189' with positive edge clock and positive level reset.
Creating register for signal `\PSC_CPU_TimingTop.\u_cpu.u_csr.csr_mstatus' using process `\PSC_CPU_TimingTop.$flatten\u_cpu.\u_csr.$proc$../rtl/cpu/src/Csr.v:331$846'.
  created $adff cell `$procdff$7194' with positive edge clock and positive level reset.
Creating register for signal `\PSC_CPU_TimingTop.\u_cpu.u_csr.csr_medeleg' using process `\PSC_CPU_TimingTop.$flatten\u_cpu.\u_csr.$proc$../rtl/cpu/src/Csr.v:331$846'.
  created $adff cell `$procdff$7199' with positive edge clock and positive level reset.
Creating register for signal `\PSC_CPU_TimingTop.\u_cpu.u_csr.csr_mie' using process `\PSC_CPU_TimingTop.$flatten\u_cpu.\u_csr.$proc$../rtl/cpu/src/Csr.v:331$846'.
  created $adff cell `$procdff$7204' with positive edge clock and positive level reset.
Creating register for signal `\PSC_CPU_TimingTop.\u_cpu.u_csr.csr_mip' using process `\PSC_CPU_TimingTop.$flatten\u_cpu.\u_csr.$proc$../rtl/cpu/src/Csr.v:331$846'.
  created $adff cell `$procdff$7209' with positive edge clock and positive level reset.
Creating register for signal `\PSC_CPU_TimingTop.\u_cpu.u_csr.csr_mtvec' using process `\PSC_CPU_TimingTop.$flatten\u_cpu.\u_csr.$proc$../rtl/cpu/src/Csr.v:331$846'.
  created $adff cell `$procdff$7214' with positive edge clock and positive level reset.
Creating register for signal `\PSC_CPU_TimingTop.\u_cpu.u_csr.csr_mepc' using process `\PSC_CPU_TimingTop.$flatten\u_cpu.\u_csr.$proc$../rtl/cpu/src/Csr.v:331$846'.
  created $adff cell `$procdff$7219' with positive edge clock and positive level reset.
Creating register for signal `\PSC_CPU_TimingTop.\u_cpu.u_csr.csr_mcause' using process `\PSC_CPU_TimingTop.$flatten\u_cpu.\u_csr.$proc$../rtl/cpu/src/Csr.v:331$846'.
  created $adff cell `$procdff$7224' with positive edge clock and positive level reset.
Creating register for signal `\PSC_CPU_TimingTop.\u_cpu.u_csr.csr_sstatus' using process `\PSC_CPU_TimingTop.$flatten\u_cpu.\u_csr.$proc$../rtl/cpu/src/Csr.v:331$846'.
  created $adff cell `$procdff$7229' with positive edge clock and positive level reset.
Creating register for signal `\PSC_CPU_TimingTop.\u_cpu.u_csr.csr_stvec' using process `\PSC_CPU_TimingTop.$flatten\u_cpu.\u_csr.$proc$../rtl/cpu/src/Csr.v:331$846'.
  created $adff cell `$procdff$7234' with positive edge clock and positive level reset.
Creating register for signal `\PSC_CPU_TimingTop.\u_cpu.u_csr.csr_sepc' using process `\PSC_CPU_TimingTop.$flatten\u_cpu.\u_csr.$proc$../rtl/cpu/src/Csr.v:331$846'.
  created $adff cell `$procdff$7239' with positive edge clock and positive level reset.
Creating register for signal `\PSC_CPU_TimingTop.\u_cpu.u_csr.csr_scause' using process `\PSC_CPU_TimingTop.$flatten\u_cpu.\u_csr.$proc$../rtl/cpu/src/Csr.v:331$846'.
  created $adff cell `$procdff$7244' with positive edge clock and positive level reset.
Creating register for signal `\PSC_CPU_TimingTop.\u_cpu.u_csr.csr_stval' using process `\PSC_CPU_TimingTop.$flatten\u_cpu.\u_csr.$proc$../rtl/cpu/src/Csr.v:331$846'.
  created $adff cell `$procdff$7249' with positive edge clock and positive level reset.
Creating register for signal `\PSC_CPU_TimingTop.\u_cpu.u_csr.csr_satp' using process `\PSC_CPU_TimingTop.$flatten\u_cpu.\u_csr.$proc$../rtl/cpu/src/Csr.v:331$846'.
  created $adff cell `$procdff$7254' with positive edge clock and positive level reset.
Creating register for signal `\PSC_CPU_TimingTop.\u_cpu.u_csr.csr_mscratch' using process `\PSC_CPU_TimingTop.$flatten\u_cpu.\u_csr.$proc$../rtl/cpu/src/Csr.v:331$846'.
  created $adff cell `$procdff$7259' with positive edge clock and positive level reset.
Creating register for signal `\PSC_CPU_TimingTop.\u_cpu.u_csr.csr_mtval' using process `\PSC_CPU_TimingTop.$flatten\u_cpu.\u_csr.$proc$../rtl/cpu/src/Csr.v:331$846'.
  created $dff cell `$procdff$7266' with positive edge clock.
Creating register for signal `\PSC_CPU_TimingTop.\u_cpu.u_csr.csr_sie' using process `\PSC_CPU_TimingTop.$flatten\u_cpu.\u_csr.$proc$../rtl/cpu/src/Csr.v:331$846'.
  created $adff cell `$procdff$7271' with positive edge clock and positive level reset.
Creating register for signal `\PSC_CPU_TimingTop.\u_cpu.u_csr.csr_sscratch' using process `\PSC_CPU_TimingTop.$flatten\u_cpu.\u_csr.$proc$../rtl/cpu/src/Csr.v:331$846'.
  created $adff cell `$procdff$7276' with positive edge clock and positive level reset.
Creating register for signal `\PSC_CPU_TimingTop.\u_cpu.u_csr.csr_priv_mode' using process `\PSC_CPU_TimingTop.$flatten\u_cpu.\u_csr.$proc$../rtl/cpu/src/Csr.v:331$846'.
  created $adff cell `$procdff$7281' with positive edge clock and positive level reset.
Creating register for signal `\PSC_CPU_TimingTop.\u_cpu.u_csr.pack_tvec_direct$func$../rtl/cpu/src/Csr.v:381$799.$result' using process `\PSC_CPU_TimingTop.$flatten\u_cpu.\u_csr.$proc$../rtl/cpu/src/Csr.v:331$846'.
  created $adff cell `$procdff$7286' with positive edge clock and positive level reset.
Creating register for signal `\PSC_CPU_TimingTop.\u_cpu.u_csr.pack_tvec_direct$func$../rtl/cpu/src/Csr.v:381$799.v' using process `\PSC_CPU_TimingTop.$flatten\u_cpu.\u_csr.$proc$../rtl/cpu/src/Csr.v:331$846'.
  created $adff cell `$procdff$7291' with positive edge clock and positive level reset.
Creating register for signal `\PSC_CPU_TimingTop.\u_cpu.u_csr.pack_epc$func$../rtl/cpu/src/Csr.v:383$800.$result' using process `\PSC_CPU_TimingTop.$flatten\u_cpu.\u_csr.$proc$../rtl/cpu/src/Csr.v:331$846'.
  created $adff cell `$procdff$7296' with positive edge clock and positive level reset.
Creating register for signal `\PSC_CPU_TimingTop.\u_cpu.u_csr.pack_epc$func$../rtl/cpu/src/Csr.v:383$800.v' using process `\PSC_CPU_TimingTop.$flatten\u_cpu.\u_csr.$proc$../rtl/cpu/src/Csr.v:331$846'.
  created $adff cell `$procdff$7301' with positive edge clock and positive level reset.
Creating register for signal `\PSC_CPU_TimingTop.\u_cpu.u_csr.pack_satp_sv32$func$../rtl/cpu/src/Csr.v:390$801.$result' using process `\PSC_CPU_TimingTop.$flatten\u_cpu.\u_csr.$proc$../rtl/cpu/src/Csr.v:331$846'.
  created $adff cell `$procdff$7306' with positive edge clock and positive level reset.
Creating register for signal `\PSC_CPU_TimingTop.\u_cpu.u_csr.pack_satp_sv32$func$../rtl/cpu/src/Csr.v:390$801.v' using process `\PSC_CPU_TimingTop.$flatten\u_cpu.\u_csr.$proc$../rtl/cpu/src/Csr.v:331$846'.
  created $adff cell `$procdff$7311' with positive edge clock and positive level reset.
Creating register for signal `\PSC_CPU_TimingTop.\u_cpu.u_csr.pack_tvec_direct$func$../rtl/cpu/src/Csr.v:397$802.$result' using process `\PSC_CPU_TimingTop.$flatten\u_cpu.\u_csr.$proc$../rtl/cpu/src/Csr.v:331$846'.
  created $adff cell `$procdff$7316' with positive edge clock and positive level reset.
Creating register for signal `\PSC_CPU_TimingTop.\u_cpu.u_csr.pack_tvec_direct$func$../rtl/cpu/src/Csr.v:397$802.v' using process `\PSC_CPU_TimingTop.$flatten\u_cpu.\u_csr.$proc$../rtl/cpu/src/Csr.v:331$846'.
  created $adff cell `$procdff$7321' with positive edge clock and positive level reset.
Creating register for signal `\PSC_CPU_TimingTop.\u_cpu.u_csr.pack_epc$func$../rtl/cpu/src/Csr.v:399$803.$result' using process `\PSC_CPU_TimingTop.$flatten\u_cpu.\u_csr.$proc$../rtl/cpu/src/Csr.v:331$846'.
  created $adff cell `$procdff$7326' with positive edge clock and positive level reset.
Creating register for signal `\PSC_CPU_TimingTop.\u_cpu.u_csr.pack_epc$func$../rtl/cpu/src/Csr.v:399$803.v' using process `\PSC_CPU_TimingTop.$flatten\u_cpu.\u_csr.$proc$../rtl/cpu/src/Csr.v:331$846'.
  created $adff cell `$procdff$7331' with positive edge clock and positive level reset.
Creating register for signal `\PSC_CPU_TimingTop.\u_cpu.u_csr.pack_epc$func$../rtl/cpu/src/Csr.v:435$804.$result' using process `\PSC_CPU_TimingTop.$flatten\u_cpu.\u_csr.$proc$../rtl/cpu/src/Csr.v:331$846'.
  created $adff cell `$procdff$7336' with positive edge clock and positive level reset.
Creating register for signal `\PSC_CPU_TimingTop.\u_cpu.u_csr.pack_epc$func$../rtl/cpu/src/Csr.v:435$804.v' using process `\PSC_CPU_TimingTop.$flatten\u_cpu.\u_csr.$proc$../rtl/cpu/src/Csr.v:331$846'.
  created $adff cell `$procdff$7341' with positive edge clock and positive level reset.
Creating register for signal `\PSC_CPU_TimingTop.\u_cpu.u_csr.pack_epc$func$../rtl/cpu/src/Csr.v:447$805.$result' using process `\PSC_CPU_TimingTop.$flatten\u_cpu.\u_csr.$proc$../rtl/cpu/src/Csr.v:331$846'.
  created $adff cell `$procdff$7346' with positive edge clock and positive level reset.
Creating register for signal `\PSC_CPU_TimingTop.\u_cpu.u_csr.pack_epc$func$../rtl/cpu/src/Csr.v:447$805.v' using process `\PSC_CPU_TimingTop.$flatten\u_cpu.\u_csr.$proc$../rtl/cpu/src/Csr.v:331$846'.
  created $adff cell `$procdff$7351' with positive edge clock and positive level reset.
Creating register for signal `\PSC_CPU_TimingTop.\u_cpu.u_csr.pack_epc$func$../rtl/cpu/src/Csr.v:460$806.$result' using process `\PSC_CPU_TimingTop.$flatten\u_cpu.\u_csr.$proc$../rtl/cpu/src/Csr.v:331$846'.
  created $adff cell `$procdff$7356' with positive edge clock and positive level reset.
Creating register for signal `\PSC_CPU_TimingTop.\u_cpu.u_csr.pack_epc$func$../rtl/cpu/src/Csr.v:460$806.v' using process `\PSC_CPU_TimingTop.$flatten\u_cpu.\u_csr.$proc$../rtl/cpu/src/Csr.v:331$846'.
  created $adff cell `$procdff$7361' with positive edge clock and positive level reset.
Creating register for signal `\PSC_CPU_TimingTop.\u_cpu.u_csr.pack_epc$func$../rtl/cpu/src/Csr.v:477$807.$result' using process `\PSC_CPU_TimingTop.$flatten\u_cpu.\u_csr.$proc$../rtl/cpu/src/Csr.v:331$846'.
  created $adff cell `$procdff$7366' with positive edge clock and positive level reset.
Creating register for signal `\PSC_CPU_TimingTop.\u_cpu.u_csr.pack_epc$func$../rtl/cpu/src/Csr.v:477$807.v' using process `\PSC_CPU_TimingTop.$flatten\u_cpu.\u_csr.$proc$../rtl/cpu/src/Csr.v:331$846'.
  created $adff cell `$procdff$7371' with positive edge clock and positive level reset.
Creating register for signal `\PSC_CPU_TimingTop.\u_cpu.u_csr.csr_rdata' using process `\PSC_CPU_TimingTop.$flatten\u_cpu.\u_csr.$proc$../rtl/cpu/src/Csr.v:319$820'.
  created $adff cell `$procdff$7376' with positive edge clock and positive level reset.
Creating register for signal `\PSC_CPU_TimingTop.\u_cpu.u_csr.csr_read_mux$func$../rtl/cpu/src/Csr.v:324$795.$result' using process `\PSC_CPU_TimingTop.$flatten\u_cpu.\u_csr.$proc$../rtl/cpu/src/Csr.v:319$820'.
  created $adff cell `$procdff$7381' with positive edge clock and positive level reset.
Creating register for signal `\PSC_CPU_TimingTop.\u_cpu.u_csr.csr_read_mux$func$../rtl/cpu/src/Csr.v:324$795.a' using process `\PSC_CPU_TimingTop.$flatten\u_cpu.\u_csr.$proc$../rtl/cpu/src/Csr.v:319$820'.
  created $adff cell `$procdff$7386' with positive edge clock and positive level reset.
Creating register for signal `\PSC_CPU_TimingTop.\u_cpu.u_csr.sip_view$func$../rtl/cpu/src/Csr.v:291$796.$result' using process `\PSC_CPU_TimingTop.$flatten\u_cpu.\u_csr.$proc$../rtl/cpu/src/Csr.v:319$820'.
  created $adff cell `$procdff$7391' with positive edge clock and positive level reset.
Creating register for signal `\PSC_CPU_TimingTop.\u_cpu.u_csr.sip_view$func$../rtl/cpu/src/Csr.v:291$796.mip' using process `\PSC_CPU_TimingTop.$flatten\u_cpu.\u_csr.$proc$../rtl/cpu/src/Csr.v:319$820'.
  created $adff cell `$procdff$7396' with positive edge clock and positive level reset.
Creating register for signal `\PSC_CPU_TimingTop.\u_cpu.u_csr.sip_view$func$../rtl/cpu/src/Csr.v:291$796.v' using process `\PSC_CPU_TimingTop.$flatten\u_cpu.\u_csr.$proc$../rtl/cpu/src/Csr.v:319$820'.
  created $adff cell `$procdff$7401' with positive edge clock and positive level reset.
Creating register for signal `\PSC_CPU_TimingTop.\u_cpu.u_csr.csr_DMA_STATUS' using process `\PSC_CPU_TimingTop.$flatten\u_cpu.\u_csr.$proc$../rtl/cpu/src/Csr.v:205$818'.
  created $adff cell `$procdff$7406' with positive edge clock and positive level reset.
Creating register for signal `\PSC_CPU_TimingTop.\u_cpu.u_csr.csr_SA_STATUS' using process `\PSC_CPU_TimingTop.$flatten\u_cpu.\u_csr.$proc$../rtl/cpu/src/Csr.v:205$818'.
  created $adff cell `$procdff$7411' with positive edge clock and positive level reset.
Creating register for signal `\PSC_CPU_TimingTop.\u_cpu.u_csr.priv_mode' using process `\PSC_CPU_TimingTop.$flatten\u_cpu.\u_csr.$proc$../rtl/cpu/src/Csr.v:205$818'.
  created $adff cell `$procdff$7416' with positive edge clock and positive level reset.
Creating register for signal `\PSC_CPU_TimingTop.\u_cpu.u_csr.out_mstatus' using process `\PSC_CPU_TimingTop.$flatten\u_cpu.\u_csr.$proc$../rtl/cpu/src/Csr.v:205$818'.
  created $adff cell `$procdff$7421' with positive edge clock and positive level reset.
Creating register for signal `\PSC_CPU_TimingTop.\u_cpu.u_csr.out_medeleg' using process `\PSC_CPU_TimingTop.$flatten\u_cpu.\u_csr.$proc$../rtl/cpu/src/Csr.v:205$818'.
  created $adff cell `$procdff$7426' with positive edge clock and positive level reset.
Creating register for signal `\PSC_CPU_TimingTop.\u_cpu.u_csr.out_mie' using process `\PSC_CPU_TimingTop.$flatten\u_cpu.\u_csr.$proc$../rtl/cpu/src/Csr.v:205$818'.
  created $adff cell `$procdff$7431' with positive edge clock and positive level reset.
Creating register for signal `\PSC_CPU_TimingTop.\u_cpu.u_csr.out_mip' using process `\PSC_CPU_TimingTop.$flatten\u_cpu.\u_csr.$proc$../rtl/cpu/src/Csr.v:205$818'.
  created $adff cell `$procdff$7436' with positive edge clock and positive level reset.
Creating register for signal `\PSC_CPU_TimingTop.\u_cpu.u_csr.out_mtvec' using process `\PSC_CPU_TimingTop.$flatten\u_cpu.\u_csr.$proc$../rtl/cpu/src/Csr.v:205$818'.
  created $adff cell `$procdff$7441' with positive edge clock and positive level reset.
Creating register for signal `\PSC_CPU_TimingTop.\u_cpu.u_csr.out_mepc' using process `\PSC_CPU_TimingTop.$flatten\u_cpu.\u_csr.$proc$../rtl/cpu/src/Csr.v:205$818'.
  created $adff cell `$procdff$7446' with positive edge clock and positive level reset.
Creating register for signal `\PSC_CPU_TimingTop.\u_cpu.u_csr.out_mcause' using process `\PSC_CPU_TimingTop.$flatten\u_cpu.\u_csr.$proc$../rtl/cpu/src/Csr.v:205$818'.
  created $adff cell `$procdff$7451' with positive edge clock and positive level reset.
Creating register for signal `\PSC_CPU_TimingTop.\u_cpu.u_csr.out_sstatus' using process `\PSC_CPU_TimingTop.$flatten\u_cpu.\u_csr.$proc$../rtl/cpu/src/Csr.v:205$818'.
  created $adff cell `$procdff$7456' with positive edge clock and positive level reset.
Creating register for signal `\PSC_CPU_TimingTop.\u_cpu.u_csr.out_stvec' using process `\PSC_CPU_TimingTop.$flatten\u_cpu.\u_csr.$proc$../rtl/cpu/src/Csr.v:205$818'.
  created $adff cell `$procdff$7461' with positive edge clock and positive level reset.
Creating register for signal `\PSC_CPU_TimingTop.\u_cpu.u_csr.out_sepc' using process `\PSC_CPU_TimingTop.$flatten\u_cpu.\u_csr.$proc$../rtl/cpu/src/Csr.v:205$818'.
  created $adff cell `$procdff$7466' with positive edge clock and positive level reset.
Creating register for signal `\PSC_CPU_TimingTop.\u_cpu.u_csr.out_scause' using process `\PSC_CPU_TimingTop.$flatten\u_cpu.\u_csr.$proc$../rtl/cpu/src/Csr.v:205$818'.
  created $adff cell `$procdff$7471' with positive edge clock and positive level reset.
Creating register for signal `\PSC_CPU_TimingTop.\u_cpu.u_csr.out_stval' using process `\PSC_CPU_TimingTop.$flatten\u_cpu.\u_csr.$proc$../rtl/cpu/src/Csr.v:205$818'.
  created $adff cell `$procdff$7476' with positive edge clock and positive level reset.
Creating register for signal `\PSC_CPU_TimingTop.\u_cpu.u_csr.out_satp' using process `\PSC_CPU_TimingTop.$flatten\u_cpu.\u_csr.$proc$../rtl/cpu/src/Csr.v:205$818'.
  created $adff cell `$procdff$7481' with positive edge clock and positive level reset.
Creating register for signal `\PSC_CPU_TimingTop.\u_cpu.u_csr.out_DCACHE_CTRL' using process `\PSC_CPU_TimingTop.$flatten\u_cpu.\u_csr.$proc$../rtl/cpu/src/Csr.v:205$818'.
  created $adff cell `$procdff$7486' with positive edge clock and positive level reset.
Creating register for signal `\PSC_CPU_TimingTop.\u_cpu.u_csr.out_DMA_CTRL' using process `\PSC_CPU_TimingTop.$flatten\u_cpu.\u_csr.$proc$../rtl/cpu/src/Csr.v:205$818'.
  created $adff cell `$procdff$7491' with positive edge clock and positive level reset.
Creating register for signal `\PSC_CPU_TimingTop.\u_cpu.u_csr.out_DMA_WORDS' using process `\PSC_CPU_TimingTop.$flatten\u_cpu.\u_csr.$proc$../rtl/cpu/src/Csr.v:205$818'.
  created $adff cell `$procdff$7496' with positive edge clock and positive level reset.
Creating register for signal `\PSC_CPU_TimingTop.\u_cpu.u_csr.out_DMA_SRC' using process `\PSC_CPU_TimingTop.$flatten\u_cpu.\u_csr.$proc$../rtl/cpu/src/Csr.v:205$818'.
  created $adff cell `$procdff$7501' with positive edge clock and positive level reset.
Creating register for signal `\PSC_CPU_TimingTop.\u_cpu.u_csr.out_DMA_DST' using process `\PSC_CPU_TimingTop.$flatten\u_cpu.\u_csr.$proc$../rtl/cpu/src/Csr.v:205$818'.
  created $adff cell `$procdff$7506' with positive edge clock and positive level reset.
Creating register for signal `\PSC_CPU_TimingTop.\u_cpu.u_csr.out_SA_CTRL' using process `\PSC_CPU_TimingTop.$flatten\u_cpu.\u_csr.$proc$../rtl/cpu/src/Csr.v:205$818'.
  created $adff cell `$procdff$7511' with positive edge clock and positive level reset.
Creating register for signal `\PSC_CPU_TimingTop.\u_cpu.u_csr.out_SA_MODE' using process `\PSC_CPU_TimingTop.$flatten\u_cpu.\u_csr.$proc$../rtl/cpu/src/Csr.v:205$818'.
  created $dff cell `$procdff$7518' with positive edge clock.
Creating register for signal `\PSC_CPU_TimingTop.\u_cpu.u_csr.out_SA_ADDR_A' using process `\PSC_CPU_TimingTop.$flatten\u_cpu.\u_csr.$proc$../rtl/cpu/src/Csr.v:205$818'.
  created $adff cell `$procdff$7523' with positive edge clock and positive level reset.
Creating register for signal `\PSC_CPU_TimingTop.\u_cpu.u_csr.out_SA_ADDR_B' using process `\PSC_CPU_TimingTop.$flatten\u_cpu.\u_csr.$proc$../rtl/cpu/src/Csr.v:205$818'.
  created $adff cell `$procdff$7528' with positive edge clock and positive level reset.
Creating register for signal `\PSC_CPU_TimingTop.\u_cpu.u_csr.out_SA_ADDR_C' using process `\PSC_CPU_TimingTop.$flatten\u_cpu.\u_csr.$proc$../rtl/cpu/src/Csr.v:205$818'.
  created $adff cell `$procdff$7533' with positive edge clock and positive level reset.
Creating register for signal `\PSC_CPU_TimingTop.\u_cpu.u_csr.out_CPU_MON_CTRL' using process `\PSC_CPU_TimingTop.$flatten\u_cpu.\u_csr.$proc$../rtl/cpu/src/Csr.v:205$818'.
  created $adff cell `$procdff$7538' with positive edge clock and positive level reset.
Creating register for signal `\PSC_CPU_TimingTop.\u_cpu.u_fetch_state.u_fetch_fifo.i' using process `\PSC_CPU_TimingTop.$flatten\u_cpu.\u_fetch_state.\u_fetch_fifo.$proc$../rtl/cpu/src/Fetch_Fifo.v:62$998'.
  created $adff cell `$procdff$7543' with positive edge clock and positive level reset.
Creating register for signal `\PSC_CPU_TimingTop.\u_cpu.u_fetch_state.u_fetch_fifo.out_ready' using process `\PSC_CPU_TimingTop.$flatten\u_cpu.\u_fetch_state.\u_fetch_fifo.$proc$../rtl/cpu/src/Fetch_Fifo.v:62$998'.
  created $adff cell `$procdff$7548' with positive edge clock and positive level reset.
Creating register for signal `\PSC_CPU_TimingTop.\u_cpu.u_fetch_state.u_fetch_fifo.out_data' using process `\PSC_CPU_TimingTop.$flatten\u_cpu.\u_fetch_state.\u_fetch_fifo.$proc$../rtl/cpu/src/Fetch_Fifo.v:62$998'.
  created $adff cell `$procdff$7553' with positive edge clock and positive level reset.
Creating register for signal `\PSC_CPU_TimingTop.\u_cpu.u_fetch_state.u_fetch_fifo.out_pc_data' using process `\PSC_CPU_TimingTop.$flatten\u_cpu.\u_fetch_state.\u_fetch_fifo.$proc$../rtl/cpu/src/Fetch_Fifo.v:62$998'.
  created $adff cell `$procdff$7558' with positive edge clock and positive level reset.
Creating register for signal `\PSC_CPU_TimingTop.\u_cpu.u_fetch_state.u_fetch_fifo.wptr' using process `\PSC_CPU_TimingTop.$flatten\u_cpu.\u_fetch_state.\u_fetch_fifo.$proc$../rtl/cpu/src/Fetch_Fifo.v:62$998'.
  created $adff cell `$procdff$7563' with positive edge clock and positive level reset.
Creating register for signal `\PSC_CPU_TimingTop.\u_cpu.u_fetch_state.u_fetch_fifo.rptr' using process `\PSC_CPU_TimingTop.$flatten\u_cpu.\u_fetch_state.\u_fetch_fifo.$proc$../rtl/cpu/src/Fetch_Fifo.v:62$998'.
  created $adff cell `$procdff$7568' with positive edge clock and positive level reset.
Creating register for signal `\PSC_CPU_TimingTop.\u_cpu.u_fetch_state.u_fetch_fifo.count' using process `\PSC_CPU_TimingTop.$flatten\u_cpu.\u_fetch_state.\u_fetch_fifo.$proc$../rtl/cpu/src/Fetch_Fifo.v:62$998'.
  created $adff cell `$procdff$7573' with positive edge clock and positive level reset.
Creating register for signal `\PSC_CPU_TimingTop.\u_cpu.u_fetch_state.u_fetch_fifo.mem[0]' using process `\PSC_CPU_TimingTop.$flatten\u_cpu.\u_fetch_state.\u_fetch_fifo.$proc$../rtl/cpu/src/Fetch_Fifo.v:62$998'.
  created $adff cell `$procdff$7578' with positive edge clock and positive level reset.
Creating register for signal `\PSC_CPU_TimingTop.\u_cpu.u_fetch_state.u_fetch_fifo.mem[1]' using process `\PSC_CPU_TimingTop.$flatten\u_cpu.\u_fetch_state.\u_fetch_fifo.$proc$../rtl/cpu/src/Fetch_Fifo.v:62$998'.
  created $adff cell `$procdff$7583' with positive edge clock and positive level reset.
Creating register for signal `\PSC_CPU_TimingTop.\u_cpu.u_fetch_state.u_fetch_fifo.mem[2]' using process `\PSC_CPU_TimingTop.$flatten\u_cpu.\u_fetch_state.\u_fetch_fifo.$proc$../rtl/cpu/src/Fetch_Fifo.v:62$998'.
  created $adff cell `$procdff$7588' with positive edge clock and positive level reset.
Creating register for signal `\PSC_CPU_TimingTop.\u_cpu.u_fetch_state.u_fetch_fifo.mem[3]' using process `\PSC_CPU_TimingTop.$flatten\u_cpu.\u_fetch_state.\u_fetch_fifo.$proc$../rtl/cpu/src/Fetch_Fifo.v:62$998'.
  created $adff cell `$procdff$7593' with positive edge clock and positive level reset.
Creating register for signal `\PSC_CPU_TimingTop.\u_cpu.u_fetch_state.u_fetch_fifo.pc_mem[0]' using process `\PSC_CPU_TimingTop.$flatten\u_cpu.\u_fetch_state.\u_fetch_fifo.$proc$../rtl/cpu/src/Fetch_Fifo.v:62$998'.
  created $adff cell `$procdff$7598' with positive edge clock and positive level reset.
Creating register for signal `\PSC_CPU_TimingTop.\u_cpu.u_fetch_state.u_fetch_fifo.pc_mem[1]' using process `\PSC_CPU_TimingTop.$flatten\u_cpu.\u_fetch_state.\u_fetch_fifo.$proc$../rtl/cpu/src/Fetch_Fifo.v:62$998'.
  created $adff cell `$procdff$7603' with positive edge clock and positive level reset.
Creating register for signal `\PSC_CPU_TimingTop.\u_cpu.u_fetch_state.u_fetch_fifo.pc_mem[2]' using process `\PSC_CPU_TimingTop.$flatten\u_cpu.\u_fetch_state.\u_fetch_fifo.$proc$../rtl/cpu/src/Fetch_Fifo.v:62$998'.
  created $adff cell `$procdff$7608' with positive edge clock and positive level reset.
Creating register for signal `\PSC_CPU_TimingTop.\u_cpu.u_fetch_state.u_fetch_fifo.pc_mem[3]' using process `\PSC_CPU_TimingTop.$flatten\u_cpu.\u_fetch_state.\u_fetch_fifo.$proc$../rtl/cpu/src/Fetch_Fifo.v:62$998'.
  created $adff cell `$procdff$7613' with positive edge clock and positive level reset.
Creating register for signal `\PSC_CPU_TimingTop.$flatten\u_cpu.\u_fetch_state.\u_fetch_fifo.$mem2reg_wr$\mem$../rtl/cpu/src/Fetch_Fifo.v:85$984_ADDR' using process `\PSC_CPU_TimingTop.$flatten\u_cpu.\u_fetch_state.\u_fetch_fifo.$proc$../rtl/cpu/src/Fetch_Fifo.v:62$998'.
  created $adff cell `$procdff$7618' with positive edge clock and positive level reset.
Creating register for signal `\PSC_CPU_TimingTop.$flatten\u_cpu.\u_fetch_state.\u_fetch_fifo.$mem2reg_wr$\mem$../rtl/cpu/src/Fetch_Fifo.v:85$984_DATA' using process `\PSC_CPU_TimingTop.$flatten\u_cpu.\u_fetch_state.\u_fetch_fifo.$proc$../rtl/cpu/src/Fetch_Fifo.v:62$998'.
  created $adff cell `$procdff$7623' with positive edge clock and positive level reset.
Creating register for signal `\PSC_CPU_TimingTop.$flatten\u_cpu.\u_fetch_state.\u_fetch_fifo.$mem2reg_wr$\pc_mem$../rtl/cpu/src/Fetch_Fifo.v:86$985_ADDR' using process `\PSC_CPU_TimingTop.$flatten\u_cpu.\u_fetch_state.\u_fetch_fifo.$proc$../rtl/cpu/src/Fetch_Fifo.v:62$998'.
  created $adff cell `$procdff$7628' with positive edge clock and positive level reset.
Creating register for signal `\PSC_CPU_TimingTop.$flatten\u_cpu.\u_fetch_state.\u_fetch_fifo.$mem2reg_wr$\pc_mem$../rtl/cpu/src/Fetch_Fifo.v:86$985_DATA' using process `\PSC_CPU_TimingTop.$flatten\u_cpu.\u_fetch_state.\u_fetch_fifo.$proc$../rtl/cpu/src/Fetch_Fifo.v:62$998'.
  created $adff cell `$procdff$7633' with positive edge clock and positive level reset.
Creating register for signal `\PSC_CPU_TimingTop.$flatten\u_cpu.\u_fetch_state.\u_fetch_fifo.$mem2reg_rd$\mem$../rtl/cpu/src/Fetch_Fifo.v:94$986_ADDR' using process `\PSC_CPU_TimingTop.$flatten\u_cpu.\u_fetch_state.\u_fetch_fifo.$proc$../rtl/cpu/src/Fetch_Fifo.v:62$998'.
  created $adff cell `$procdff$7638' with positive edge clock and positive level reset.
Creating register for signal `\PSC_CPU_TimingTop.$flatten\u_cpu.\u_fetch_state.\u_fetch_fifo.$mem2reg_rd$\mem$../rtl/cpu/src/Fetch_Fifo.v:94$986_DATA' using process `\PSC_CPU_TimingTop.$flatten\u_cpu.\u_fetch_state.\u_fetch_fifo.$proc$../rtl/cpu/src/Fetch_Fifo.v:62$998'.
  created $adff cell `$procdff$7643' with positive edge clock and positive level reset.
Creating register for signal `\PSC_CPU_TimingTop.$flatten\u_cpu.\u_fetch_state.\u_fetch_fifo.$mem2reg_rd$\pc_mem$../rtl/cpu/src/Fetch_Fifo.v:95$987_ADDR' using process `\PSC_CPU_TimingTop.$flatten\u_cpu.\u_fetch_state.\u_fetch_fifo.$proc$../rtl/cpu/src/Fetch_Fifo.v:62$998'.
  created $adff cell `$procdff$7648' with positive edge clock and positive level reset.
Creating register for signal `\PSC_CPU_TimingTop.$flatten\u_cpu.\u_fetch_state.\u_fetch_fifo.$mem2reg_rd$\pc_mem$../rtl/cpu/src/Fetch_Fifo.v:95$987_DATA' using process `\PSC_CPU_TimingTop.$flatten\u_cpu.\u_fetch_state.\u_fetch_fifo.$proc$../rtl/cpu/src/Fetch_Fifo.v:62$998'.
  created $adff cell `$procdff$7653' with positive edge clock and positive level reset.
Creating register for signal `\PSC_CPU_TimingTop.$flatten\u_cpu.\u_fetch_state.\u_fetch_fifo.$mem2reg_wr$\mem$../rtl/cpu/src/Fetch_Fifo.v:100$988_ADDR' using process `\PSC_CPU_TimingTop.$flatten\u_cpu.\u_fetch_state.\u_fetch_fifo.$proc$../rtl/cpu/src/Fetch_Fifo.v:62$998'.
  created $adff cell `$procdff$7658' with positive edge clock and positive level reset.
Creating register for signal `\PSC_CPU_TimingTop.$flatten\u_cpu.\u_fetch_state.\u_fetch_fifo.$mem2reg_wr$\mem$../rtl/cpu/src/Fetch_Fifo.v:100$988_DATA' using process `\PSC_CPU_TimingTop.$flatten\u_cpu.\u_fetch_state.\u_fetch_fifo.$proc$../rtl/cpu/src/Fetch_Fifo.v:62$998'.
  created $adff cell `$procdff$7663' with positive edge clock and positive level reset.
Creating register for signal `\PSC_CPU_TimingTop.$flatten\u_cpu.\u_fetch_state.\u_fetch_fifo.$mem2reg_wr$\pc_mem$../rtl/cpu/src/Fetch_Fifo.v:101$989_ADDR' using process `\PSC_CPU_TimingTop.$flatten\u_cpu.\u_fetch_state.\u_fetch_fifo.$proc$../rtl/cpu/src/Fetch_Fifo.v:62$998'.
  created $adff cell `$procdff$7668' with positive edge clock and positive level reset.
Creating register for signal `\PSC_CPU_TimingTop.$flatten\u_cpu.\u_fetch_state.\u_fetch_fifo.$mem2reg_wr$\pc_mem$../rtl/cpu/src/Fetch_Fifo.v:101$989_DATA' using process `\PSC_CPU_TimingTop.$flatten\u_cpu.\u_fetch_state.\u_fetch_fifo.$proc$../rtl/cpu/src/Fetch_Fifo.v:62$998'.
  created $adff cell `$procdff$7673' with positive edge clock and positive level reset.
Creating register for signal `\PSC_CPU_TimingTop.$flatten\u_cpu.\u_fetch_state.\u_fetch_fifo.$mem2reg_rd$\mem$../rtl/cpu/src/Fetch_Fifo.v:106$990_ADDR' using process `\PSC_CPU_TimingTop.$flatten\u_cpu.\u_fetch_state.\u_fetch_fifo.$proc$../rtl/cpu/src/Fetch_Fifo.v:62$998'.
  created $adff cell `$procdff$7678' with positive edge clock and positive level reset.
Creating register for signal `\PSC_CPU_TimingTop.$flatten\u_cpu.\u_fetch_state.\u_fetch_fifo.$mem2reg_rd$\mem$../rtl/cpu/src/Fetch_Fifo.v:106$990_DATA' using process `\PSC_CPU_TimingTop.$flatten\u_cpu.\u_fetch_state.\u_fetch_fifo.$proc$../rtl/cpu/src/Fetch_Fifo.v:62$998'.
  created $adff cell `$procdff$7683' with positive edge clock and positive level reset.
Creating register for signal `\PSC_CPU_TimingTop.$flatten\u_cpu.\u_fetch_state.\u_fetch_fifo.$mem2reg_rd$\pc_mem$../rtl/cpu/src/Fetch_Fifo.v:107$991_ADDR' using process `\PSC_CPU_TimingTop.$flatten\u_cpu.\u_fetch_state.\u_fetch_fifo.$proc$../rtl/cpu/src/Fetch_Fifo.v:62$998'.
  created $adff cell `$procdff$7688' with positive edge clock and positive level reset.
Creating register for signal `\PSC_CPU_TimingTop.$flatten\u_cpu.\u_fetch_state.\u_fetch_fifo.$mem2reg_rd$\pc_mem$../rtl/cpu/src/Fetch_Fifo.v:107$991_DATA' using process `\PSC_CPU_TimingTop.$flatten\u_cpu.\u_fetch_state.\u_fetch_fifo.$proc$../rtl/cpu/src/Fetch_Fifo.v:62$998'.
  created $adff cell `$procdff$7693' with positive edge clock and positive level reset.
Creating register for signal `\PSC_CPU_TimingTop.\u_cpu.u_fetch_state.u_fetch.program_mem_read_valid' using process `\PSC_CPU_TimingTop.$flatten\u_cpu.\u_fetch_state.\u_fetch.$proc$../rtl/cpu/src/Fetch.v:26$240'.
  created $adff cell `$procdff$7698' with positive edge clock and positive level reset.
Creating register for signal `\PSC_CPU_TimingTop.\u_cpu.u_fetch_state.u_fetch.opcode' using process `\PSC_CPU_TimingTop.$flatten\u_cpu.\u_fetch_state.\u_fetch.$proc$../rtl/cpu/src/Fetch.v:26$240'.
  created $adff cell `$procdff$7703' with positive edge clock and positive level reset.
Creating register for signal `\PSC_CPU_TimingTop.\u_cpu.u_fetch_state.u_mmu_i.mem_valid' using process `\PSC_CPU_TimingTop.$flatten\u_cpu.\u_fetch_state.\u_mmu_i.$proc$../rtl/cpu/src/MMU.v:137$673'.
  created $adff cell `$procdff$7708' with positive edge clock and positive level reset.
Creating register for signal `\PSC_CPU_TimingTop.\u_cpu.u_fetch_state.u_mmu_i.page_fault' using process `\PSC_CPU_TimingTop.$flatten\u_cpu.\u_fetch_state.\u_mmu_i.$proc$../rtl/cpu/src/MMU.v:137$673'.
  created $adff cell `$procdff$7713' with positive edge clock and positive level reset.
Creating register for signal `\PSC_CPU_TimingTop.\u_cpu.u_fetch_state.u_mmu_i.state' using process `\PSC_CPU_TimingTop.$flatten\u_cpu.\u_fetch_state.\u_mmu_i.$proc$../rtl/cpu/src/MMU.v:137$673'.
  created $adff cell `$procdff$7718' with positive edge clock and positive level reset.
Creating register for signal `\PSC_CPU_TimingTop.\u_cpu.u_fetch_state.u_mmu_i.sfence_vma_reg' using process `\PSC_CPU_TimingTop.$flatten\u_cpu.\u_fetch_state.\u_mmu_i.$proc$../rtl/cpu/src/MMU.v:137$673'.
  created $adff cell `$procdff$7723' with positive edge clock and positive level reset.
Creating register for signal `\PSC_CPU_TimingTop.\u_cpu.u_fetch_state.u_mmu_i.paddr_34bit' using process `\PSC_CPU_TimingTop.$flatten\u_cpu.\u_fetch_state.\u_mmu_i.$proc$../rtl/cpu/src/MMU.v:137$673'.
  created $adff cell `$procdff$7728' with positive edge clock and positive level reset.
Creating register for signal `\PSC_CPU_TimingTop.\u_cpu.u_fetch_state.u_mmu_i.mem_addr_34bit' using process `\PSC_CPU_TimingTop.$flatten\u_cpu.\u_fetch_state.\u_mmu_i.$proc$../rtl/cpu/src/MMU.v:137$673'.
  created $adff cell `$procdff$7733' with positive edge clock and positive level reset.
Creating register for signal `\PSC_CPU_TimingTop.\u_cpu.u_fetch_state.u_mmu_i.pte_l1' using process `\PSC_CPU_TimingTop.$flatten\u_cpu.\u_fetch_state.\u_mmu_i.$proc$../rtl/cpu/src/MMU.v:137$673'.
  created $adff cell `$procdff$7738' with positive edge clock and positive level reset.
Creating register for signal `\PSC_CPU_TimingTop.\u_cpu.u_fetch_state.u_mmu_i.pte_l0' using process `\PSC_CPU_TimingTop.$flatten\u_cpu.\u_fetch_state.\u_mmu_i.$proc$../rtl/cpu/src/MMU.v:137$673'.
  created $adff cell `$procdff$7743' with positive edge clock and positive level reset.
Creating register for signal `\PSC_CPU_TimingTop.\u_cpu.u_fetch_state.u_mmu_i.pte_cached' using process `\PSC_CPU_TimingTop.$flatten\u_cpu.\u_fetch_state.\u_mmu_i.$proc$../rtl/cpu/src/MMU.v:137$673'.
  created $adff cell `$procdff$7748' with positive edge clock and positive level reset.
Creating register for signal `\PSC_CPU_TimingTop.\u_cpu.u_fetch_state.u_mmu_i.cache_root_ppn' using process `\PSC_CPU_TimingTop.$flatten\u_cpu.\u_fetch_state.\u_mmu_i.$proc$../rtl/cpu/src/MMU.v:137$673'.
  created $adff cell `$procdff$7753' with positive edge clock and positive level reset.
Creating register for signal `\PSC_CPU_TimingTop.\u_cpu.u_fetch_state.u_mmu_i.cache_vpn1' using process `\PSC_CPU_TimingTop.$flatten\u_cpu.\u_fetch_state.\u_mmu_i.$proc$../rtl/cpu/src/MMU.v:137$673'.
  created $adff cell `$procdff$7758' with positive edge clock and positive level reset.
Creating register for signal `\PSC_CPU_TimingTop.\u_cpu.u_fetch_state.u_mmu_i.cache_pte_l1' using process `\PSC_CPU_TimingTop.$flatten\u_cpu.\u_fetch_state.\u_mmu_i.$proc$../rtl/cpu/src/MMU.v:137$673'.
  created $adff cell `$procdff$7763' with positive edge clock and positive level reset.
Creating register for signal `\PSC_CPU_TimingTop.\u_cpu.u_fetch_state.u_mmu_i.l0_cached' using process `\PSC_CPU_TimingTop.$flatten\u_cpu.\u_fetch_state.\u_mmu_i.$proc$../rtl/cpu/src/MMU.v:137$673'.
  created $adff cell `$procdff$7768' with positive edge clock and positive level reset.
Creating register for signal `\PSC_CPU_TimingTop.\u_cpu.u_fetch_state.u_mmu_i.cache_pte_l0' using process `\PSC_CPU_TimingTop.$flatten\u_cpu.\u_fetch_state.\u_mmu_i.$proc$../rtl/cpu/src/MMU.v:137$673'.
  created $adff cell `$procdff$7773' with positive edge clock and positive level reset.
Creating register for signal `\PSC_CPU_TimingTop.\u_cpu.u_fetch_state.u_mmu_i.cache_vpn0' using process `\PSC_CPU_TimingTop.$flatten\u_cpu.\u_fetch_state.\u_mmu_i.$proc$../rtl/cpu/src/MMU.v:137$673'.
  created $adff cell `$procdff$7778' with positive edge clock and positive level reset.
Creating register for signal `\PSC_CPU_TimingTop.\u_cpu.u_fetch_state.u_mmu_i.pte_valid$func$../rtl/cpu/src/MMU.v:231$658.$result' using process `\PSC_CPU_TimingTop.$flatten\u_cpu.\u_fetch_state.\u_mmu_i.$proc$../rtl/cpu/src/MMU.v:137$673'.
  created $adff cell `$procdff$7783' with positive edge clock and positive level reset.
Creating register for signal `\PSC_CPU_TimingTop.\u_cpu.u_fetch_state.u_mmu_i.pte_valid$func$../rtl/cpu/src/MMU.v:231$658.pte' using process `\PSC_CPU_TimingTop.$flatten\u_cpu.\u_fetch_state.\u_mmu_i.$proc$../rtl/cpu/src/MMU.v:137$673'.
  created $adff cell `$procdff$7788' with positive edge clock and positive level reset.
Creating register for signal `\PSC_CPU_TimingTop.\u_cpu.u_fetch_state.u_mmu_i.is_leaf$func$../rtl/cpu/src/MMU.v:234$659.$result' using process `\PSC_CPU_TimingTop.$flatten\u_cpu.\u_fetch_state.\u_mmu_i.$proc$../rtl/cpu/src/MMU.v:137$673'.
  created $adff cell `$procdff$7793' with positive edge clock and positive level reset.
Creating register for signal `\PSC_CPU_TimingTop.\u_cpu.u_fetch_state.u_mmu_i.is_leaf$func$../rtl/cpu/src/MMU.v:234$659.pte' using process `\PSC_CPU_TimingTop.$flatten\u_cpu.\u_fetch_state.\u_mmu_i.$proc$../rtl/cpu/src/MMU.v:137$673'.
  created $adff cell `$procdff$7798' with positive edge clock and positive level reset.
Creating register for signal `\PSC_CPU_TimingTop.\u_cpu.u_fetch_state.u_mmu_i.perm_ok$func$../rtl/cpu/src/MMU.v:240$660.$result' using process `\PSC_CPU_TimingTop.$flatten\u_cpu.\u_fetch_state.\u_mmu_i.$proc$../rtl/cpu/src/MMU.v:137$673'.
  created $adff cell `$procdff$7803' with positive edge clock and positive level reset.
Creating register for signal `\PSC_CPU_TimingTop.\u_cpu.u_fetch_state.u_mmu_i.perm_ok$func$../rtl/cpu/src/MMU.v:240$660.pte' using process `\PSC_CPU_TimingTop.$flatten\u_cpu.\u_fetch_state.\u_mmu_i.$proc$../rtl/cpu/src/MMU.v:137$673'.
  created $adff cell `$procdff$7808' with positive edge clock and positive level reset.
Creating register for signal `\PSC_CPU_TimingTop.\u_cpu.u_fetch_state.u_mmu_i.perm_ok$func$../rtl/cpu/src/MMU.v:240$660.r' using process `\PSC_CPU_TimingTop.$flatten\u_cpu.\u_fetch_state.\u_mmu_i.$proc$../rtl/cpu/src/MMU.v:137$673'.
  created $adff cell `$procdff$7813' with positive edge clock and positive level reset.
Creating register for signal `\PSC_CPU_TimingTop.\u_cpu.u_fetch_state.u_mmu_i.perm_ok$func$../rtl/cpu/src/MMU.v:240$660.w' using process `\PSC_CPU_TimingTop.$flatten\u_cpu.\u_fetch_state.\u_mmu_i.$proc$../rtl/cpu/src/MMU.v:137$673'.
  created $adff cell `$procdff$7818' with positive edge clock and positive level reset.
Creating register for signal `\PSC_CPU_TimingTop.\u_cpu.u_fetch_state.u_mmu_i.perm_ok$func$../rtl/cpu/src/MMU.v:240$660.x' using process `\PSC_CPU_TimingTop.$flatten\u_cpu.\u_fetch_state.\u_mmu_i.$proc$../rtl/cpu/src/MMU.v:137$673'.
  created $adff cell `$procdff$7823' with positive edge clock and positive level reset.
Creating register for signal `\PSC_CPU_TimingTop.\u_cpu.u_fetch_state.u_mmu_i.illegal_rw$func$../rtl/cpu/src/MMU.v:117$661.$result' using process `\PSC_CPU_TimingTop.$flatten\u_cpu.\u_fetch_state.\u_mmu_i.$proc$../rtl/cpu/src/MMU.v:137$673'.
  created $adff cell `$procdff$7828' with positive edge clock and positive level reset.
Creating register for signal `\PSC_CPU_TimingTop.\u_cpu.u_fetch_state.u_mmu_i.illegal_rw$func$../rtl/cpu/src/MMU.v:117$661.pte' using process `\PSC_CPU_TimingTop.$flatten\u_cpu.\u_fetch_state.\u_mmu_i.$proc$../rtl/cpu/src/MMU.v:137$673'.
  created $adff cell `$procdff$7833' with positive edge clock and positive level reset.
Creating register for signal `\PSC_CPU_TimingTop.\u_cpu.u_fetch_state.u_mmu_i.pte_valid$func$../rtl/cpu/src/MMU.v:284$662.$result' using process `\PSC_CPU_TimingTop.$flatten\u_cpu.\u_fetch_state.\u_mmu_i.$proc$../rtl/cpu/src/MMU.v:137$673'.
  created $adff cell `$procdff$7838' with positive edge clock and positive level reset.
Creating register for signal `\PSC_CPU_TimingTop.\u_cpu.u_fetch_state.u_mmu_i.pte_valid$func$../rtl/cpu/src/MMU.v:284$662.pte' using process `\PSC_CPU_TimingTop.$flatten\u_cpu.\u_fetch_state.\u_mmu_i.$proc$../rtl/cpu/src/MMU.v:137$673'.
  created $adff cell `$procdff$7843' with positive edge clock and positive level reset.
Creating register for signal `\PSC_CPU_TimingTop.\u_cpu.u_fetch_state.u_mmu_i.perm_ok$func$../rtl/cpu/src/MMU.v:287$663.$result' using process `\PSC_CPU_TimingTop.$flatten\u_cpu.\u_fetch_state.\u_mmu_i.$proc$../rtl/cpu/src/MMU.v:137$673'.
  created $adff cell `$procdff$7848' with positive edge clock and positive level reset.
Creating register for signal `\PSC_CPU_TimingTop.\u_cpu.u_fetch_state.u_mmu_i.perm_ok$func$../rtl/cpu/src/MMU.v:287$663.pte' using process `\PSC_CPU_TimingTop.$flatten\u_cpu.\u_fetch_state.\u_mmu_i.$proc$../rtl/cpu/src/MMU.v:137$673'.
  created $adff cell `$procdff$7853' with positive edge clock and positive level reset.
Creating register for signal `\PSC_CPU_TimingTop.\u_cpu.u_fetch_state.u_mmu_i.perm_ok$func$../rtl/cpu/src/MMU.v:287$663.r' using process `\PSC_CPU_TimingTop.$flatten\u_cpu.\u_fetch_state.\u_mmu_i.$proc$../rtl/cpu/src/MMU.v:137$673'.
  created $adff cell `$procdff$7858' with positive edge clock and positive level reset.
Creating register for signal `\PSC_CPU_TimingTop.\u_cpu.u_fetch_state.u_mmu_i.perm_ok$func$../rtl/cpu/src/MMU.v:287$663.w' using process `\PSC_CPU_TimingTop.$flatten\u_cpu.\u_fetch_state.\u_mmu_i.$proc$../rtl/cpu/src/MMU.v:137$673'.
  created $adff cell `$procdff$7863' with positive edge clock and positive level reset.
Creating register for signal `\PSC_CPU_TimingTop.\u_cpu.u_fetch_state.u_mmu_i.perm_ok$func$../rtl/cpu/src/MMU.v:287$663.x' using process `\PSC_CPU_TimingTop.$flatten\u_cpu.\u_fetch_state.\u_mmu_i.$proc$../rtl/cpu/src/MMU.v:137$673'.
  created $adff cell `$procdff$7868' with positive edge clock and positive level reset.
Creating register for signal `\PSC_CPU_TimingTop.\u_cpu.u_fetch_state.u_mmu_i.illegal_rw$func$../rtl/cpu/src/MMU.v:117$664.$result' using process `\PSC_CPU_TimingTop.$flatten\u_cpu.\u_fetch_state.\u_mmu_i.$proc$../rtl/cpu/src/MMU.v:137$673'.
  created $adff cell `$procdff$7873' with positive edge clock and positive level reset.
Creating register for signal `\PSC_CPU_TimingTop.\u_cpu.u_fetch_state.u_mmu_i.illegal_rw$func$../rtl/cpu/src/MMU.v:117$664.pte' using process `\PSC_CPU_TimingTop.$flatten\u_cpu.\u_fetch_state.\u_mmu_i.$proc$../rtl/cpu/src/MMU.v:137$673'.
  created $adff cell `$procdff$7878' with positive edge clock and positive level reset.
Creating register for signal `\PSC_CPU_TimingTop.\u_cpu.u_fetch_state.fetch_ready' using process `\PSC_CPU_TimingTop.$flatten\u_cpu.\u_fetch_state.$proc$../rtl/cpu/src/PSC_RV32ISP_Fetch.v:77$58'.
  created $adff cell `$procdff$7883' with positive edge clock and positive level reset.
Creating register for signal `\PSC_CPU_TimingTop.\u_cpu.u_fetch_state.fetch_pc' using process `\PSC_CPU_TimingTop.$flatten\u_cpu.\u_fetch_state.$proc$../rtl/cpu/src/PSC_RV32ISP_Fetch.v:77$58'.
  created $adff cell `$procdff$7888' with positive edge clock and positive level reset.
Creating register for signal `\PSC_CPU_TimingTop.\u_cpu.u_fetch_state.fetch_state' using process `\PSC_CPU_TimingTop.$flatten\u_cpu.\u_fetch_state.$proc$../rtl/cpu/src/PSC_RV32ISP_Fetch.v:77$58'.
  created $adff cell `$procdff$7893' with positive edge clock and positive level reset.
Creating register for signal `\PSC_CPU_TimingTop.\u_cpu.u_fetch_state.fetch_fifo_flush' using process `\PSC_CPU_TimingTop.$flatten\u_cpu.\u_fetch_state.$proc$../rtl/cpu/src/PSC_RV32ISP_Fetch.v:77$58'.
  created $adff cell `$procdff$7898' with positive edge clock and positive level reset.
Creating register for signal `\PSC_CPU_TimingTop.\u_cpu.u_execute_state.u_regfile.i' using process `\PSC_CPU_TimingTop.$flatten\u_cpu.\u_execute_state.\u_regfile.$proc$../rtl/cpu/src/Register.v:21$627'.
  created $adff cell `$procdff$7903' with positive edge clock and positive level reset.
Creating register for signal `\PSC_CPU_TimingTop.\u_cpu.u_execute_state.u_regfile.reg_data_1' using process `\PSC_CPU_TimingTop.$flatten\u_cpu.\u_execute_state.\u_regfile.$proc$../rtl/cpu/src/Register.v:21$627'.
  created $adff cell `$procdff$7908' with positive edge clock and positive level reset.
Creating register for signal `\PSC_CPU_TimingTop.\u_cpu.u_execute_state.u_regfile.reg_data_2' using process `\PSC_CPU_TimingTop.$flatten\u_cpu.\u_execute_state.\u_regfile.$proc$../rtl/cpu/src/Register.v:21$627'.
  created $adff cell `$procdff$7913' with positive edge clock and positive level reset.
Creating register for signal `\PSC_CPU_TimingTop.\u_cpu.u_execute_state.u_regfile.registers[0]' using process `\PSC_CPU_TimingTop.$flatten\u_cpu.\u_execute_state.\u_regfile.$proc$../rtl/cpu/src/Register.v:21$627'.
  created $adff cell `$procdff$7918' with positive edge clock and positive level reset.
Creating register for signal `\PSC_CPU_TimingTop.\u_cpu.u_execute_state.u_regfile.registers[1]' using process `\PSC_CPU_TimingTop.$flatten\u_cpu.\u_execute_state.\u_regfile.$proc$../rtl/cpu/src/Register.v:21$627'.
  created $adff cell `$procdff$7923' with positive edge clock and positive level reset.
Creating register for signal `\PSC_CPU_TimingTop.\u_cpu.u_execute_state.u_regfile.registers[2]' using process `\PSC_CPU_TimingTop.$flatten\u_cpu.\u_execute_state.\u_regfile.$proc$../rtl/cpu/src/Register.v:21$627'.
  created $adff cell `$procdff$7928' with positive edge clock and positive level reset.
Creating register for signal `\PSC_CPU_TimingTop.\u_cpu.u_execute_state.u_regfile.registers[3]' using process `\PSC_CPU_TimingTop.$flatten\u_cpu.\u_execute_state.\u_regfile.$proc$../rtl/cpu/src/Register.v:21$627'.
  created $adff cell `$procdff$7933' with positive edge clock and positive level reset.
Creating register for signal `\PSC_CPU_TimingTop.\u_cpu.u_execute_state.u_regfile.registers[4]' using process `\PSC_CPU_TimingTop.$flatten\u_cpu.\u_execute_state.\u_regfile.$proc$../rtl/cpu/src/Register.v:21$627'.
  created $adff cell `$procdff$7938' with positive edge clock and positive level reset.
Creating register for signal `\PSC_CPU_TimingTop.\u_cpu.u_execute_state.u_regfile.registers[5]' using process `\PSC_CPU_TimingTop.$flatten\u_cpu.\u_execute_state.\u_regfile.$proc$../rtl/cpu/src/Register.v:21$627'.
  created $adff cell `$procdff$7943' with positive edge clock and positive level reset.
Creating register for signal `\PSC_CPU_TimingTop.\u_cpu.u_execute_state.u_regfile.registers[6]' using process `\PSC_CPU_TimingTop.$flatten\u_cpu.\u_execute_state.\u_regfile.$proc$../rtl/cpu/src/Register.v:21$627'.
  created $adff cell `$procdff$7948' with positive edge clock and positive level reset.
Creating register for signal `\PSC_CPU_TimingTop.\u_cpu.u_execute_state.u_regfile.registers[7]' using process `\PSC_CPU_TimingTop.$flatten\u_cpu.\u_execute_state.\u_regfile.$proc$../rtl/cpu/src/Register.v:21$627'.
  created $adff cell `$procdff$7953' with positive edge clock and positive level reset.
Creating register for signal `\PSC_CPU_TimingTop.\u_cpu.u_execute_state.u_regfile.registers[8]' using process `\PSC_CPU_TimingTop.$flatten\u_cpu.\u_execute_state.\u_regfile.$proc$../rtl/cpu/src/Register.v:21$627'.
  created $adff cell `$procdff$7958' with positive edge clock and positive level reset.
Creating register for signal `\PSC_CPU_TimingTop.\u_cpu.u_execute_state.u_regfile.registers[9]' using process `\PSC_CPU_TimingTop.$flatten\u_cpu.\u_execute_state.\u_regfile.$proc$../rtl/cpu/src/Register.v:21$627'.
  created $adff cell `$procdff$7963' with positive edge clock and positive level reset.
Creating register for signal `\PSC_CPU_TimingTop.\u_cpu.u_execute_state.u_regfile.registers[10]' using process `\PSC_CPU_TimingTop.$flatten\u_cpu.\u_execute_state.\u_regfile.$proc$../rtl/cpu/src/Register.v:21$627'.
  created $adff cell `$procdff$7968' with positive edge clock and positive level reset.
Creating register for signal `\PSC_CPU_TimingTop.\u_cpu.u_execute_state.u_regfile.registers[11]' using process `\PSC_CPU_TimingTop.$flatten\u_cpu.\u_execute_state.\u_regfile.$proc$../rtl/cpu/src/Register.v:21$627'.
  created $adff cell `$procdff$7973' with positive edge clock and positive level reset.
Creating register for signal `\PSC_CPU_TimingTop.\u_cpu.u_execute_state.u_regfile.registers[12]' using process `\PSC_CPU_TimingTop.$flatten\u_cpu.\u_execute_state.\u_regfile.$proc$../rtl/cpu/src/Register.v:21$627'.
  created $adff cell `$procdff$7978' with positive edge clock and positive level reset.
Creating register for signal `\PSC_CPU_TimingTop.\u_cpu.u_execute_state.u_regfile.registers[13]' using process `\PSC_CPU_TimingTop.$flatten\u_cpu.\u_execute_state.\u_regfile.$proc$../rtl/cpu/src/Register.v:21$627'.
  created $adff cell `$procdff$7983' with positive edge clock and positive level reset.
Creating register for signal `\PSC_CPU_TimingTop.\u_cpu.u_execute_state.u_regfile.registers[14]' using process `\PSC_CPU_TimingTop.$flatten\u_cpu.\u_execute_state.\u_regfile.$proc$../rtl/cpu/src/Register.v:21$627'.
  created $adff cell `$procdff$7988' with positive edge clock and positive level reset.
Creating register for signal `\PSC_CPU_TimingTop.\u_cpu.u_execute_state.u_regfile.registers[15]' using process `\PSC_CPU_TimingTop.$flatten\u_cpu.\u_execute_state.\u_regfile.$proc$../rtl/cpu/src/Register.v:21$627'.
  created $adff cell `$procdff$7993' with positive edge clock and positive level reset.
Creating register for signal `\PSC_CPU_TimingTop.\u_cpu.u_execute_state.u_regfile.registers[16]' using process `\PSC_CPU_TimingTop.$flatten\u_cpu.\u_execute_state.\u_regfile.$proc$../rtl/cpu/src/Register.v:21$627'.
  created $adff cell `$procdff$7998' with positive edge clock and positive level reset.
Creating register for signal `\PSC_CPU_TimingTop.\u_cpu.u_execute_state.u_regfile.registers[17]' using process `\PSC_CPU_TimingTop.$flatten\u_cpu.\u_execute_state.\u_regfile.$proc$../rtl/cpu/src/Register.v:21$627'.
  created $adff cell `$procdff$8003' with positive edge clock and positive level reset.
Creating register for signal `\PSC_CPU_TimingTop.\u_cpu.u_execute_state.u_regfile.registers[18]' using process `\PSC_CPU_TimingTop.$flatten\u_cpu.\u_execute_state.\u_regfile.$proc$../rtl/cpu/src/Register.v:21$627'.
  created $adff cell `$procdff$8008' with positive edge clock and positive level reset.
Creating register for signal `\PSC_CPU_TimingTop.\u_cpu.u_execute_state.u_regfile.registers[19]' using process `\PSC_CPU_TimingTop.$flatten\u_cpu.\u_execute_state.\u_regfile.$proc$../rtl/cpu/src/Register.v:21$627'.
  created $adff cell `$procdff$8013' with positive edge clock and positive level reset.
Creating register for signal `\PSC_CPU_TimingTop.\u_cpu.u_execute_state.u_regfile.registers[20]' using process `\PSC_CPU_TimingTop.$flatten\u_cpu.\u_execute_state.\u_regfile.$proc$../rtl/cpu/src/Register.v:21$627'.
  created $adff cell `$procdff$8018' with positive edge clock and positive level reset.
Creating register for signal `\PSC_CPU_TimingTop.\u_cpu.u_execute_state.u_regfile.registers[21]' using process `\PSC_CPU_TimingTop.$flatten\u_cpu.\u_execute_state.\u_regfile.$proc$../rtl/cpu/src/Register.v:21$627'.
  created $adff cell `$procdff$8023' with positive edge clock and positive level reset.
Creating register for signal `\PSC_CPU_TimingTop.\u_cpu.u_execute_state.u_regfile.registers[22]' using process `\PSC_CPU_TimingTop.$flatten\u_cpu.\u_execute_state.\u_regfile.$proc$../rtl/cpu/src/Register.v:21$627'.
  created $adff cell `$procdff$8028' with positive edge clock and positive level reset.
Creating register for signal `\PSC_CPU_TimingTop.\u_cpu.u_execute_state.u_regfile.registers[23]' using process `\PSC_CPU_TimingTop.$flatten\u_cpu.\u_execute_state.\u_regfile.$proc$../rtl/cpu/src/Register.v:21$627'.
  created $adff cell `$procdff$8033' with positive edge clock and positive level reset.
Creating register for signal `\PSC_CPU_TimingTop.\u_cpu.u_execute_state.u_regfile.registers[24]' using process `\PSC_CPU_TimingTop.$flatten\u_cpu.\u_execute_state.\u_regfile.$proc$../rtl/cpu/src/Register.v:21$627'.
  created $adff cell `$procdff$8038' with positive edge clock and positive level reset.
Creating register for signal `\PSC_CPU_TimingTop.\u_cpu.u_execute_state.u_regfile.registers[25]' using process `\PSC_CPU_TimingTop.$flatten\u_cpu.\u_execute_state.\u_regfile.$proc$../rtl/cpu/src/Register.v:21$627'.
  created $adff cell `$procdff$8043' with positive edge clock and positive level reset.
Creating register for signal `\PSC_CPU_TimingTop.\u_cpu.u_execute_state.u_regfile.registers[26]' using process `\PSC_CPU_TimingTop.$flatten\u_cpu.\u_execute_state.\u_regfile.$proc$../rtl/cpu/src/Register.v:21$627'.
  created $adff cell `$procdff$8048' with positive edge clock and positive level reset.
Creating register for signal `\PSC_CPU_TimingTop.\u_cpu.u_execute_state.u_regfile.registers[27]' using process `\PSC_CPU_TimingTop.$flatten\u_cpu.\u_execute_state.\u_regfile.$proc$../rtl/cpu/src/Register.v:21$627'.
  created $adff cell `$procdff$8053' with positive edge clock and positive level reset.
Creating register for signal `\PSC_CPU_TimingTop.\u_cpu.u_execute_state.u_regfile.registers[28]' using process `\PSC_CPU_TimingTop.$flatten\u_cpu.\u_execute_state.\u_regfile.$proc$../rtl/cpu/src/Register.v:21$627'.
  created $adff cell `$procdff$8058' with positive edge clock and positive level reset.
Creating register for signal `\PSC_CPU_TimingTop.\u_cpu.u_execute_state.u_regfile.registers[29]' using process `\PSC_CPU_TimingTop.$flatten\u_cpu.\u_execute_state.\u_regfile.$proc$../rtl/cpu/src/Register.v:21$627'.
  created $adff cell `$procdff$8063' with positive edge clock and positive level reset.
Creating register for signal `\PSC_CPU_TimingTop.\u_cpu.u_execute_state.u_regfile.registers[30]' using process `\PSC_CPU_TimingTop.$flatten\u_cpu.\u_execute_state.\u_regfile.$proc$../rtl/cpu/src/Register.v:21$627'.
  created $adff cell `$procdff$8068' with positive edge clock and positive level reset.
Creating register for signal `\PSC_CPU_TimingTop.\u_cpu.u_execute_state.u_regfile.registers[31]' using process `\PSC_CPU_TimingTop.$flatten\u_cpu.\u_execute_state.\u_regfile.$proc$../rtl/cpu/src/Register.v:21$627'.
  created $adff cell `$procdff$8073' with positive edge clock and positive level reset.
Creating register for signal `\PSC_CPU_TimingTop.$flatten\u_cpu.\u_execute_state.\u_regfile.$mem2reg_wr$\registers$../rtl/cpu/src/Register.v:31$624_ADDR' using process `\PSC_CPU_TimingTop.$flatten\u_cpu.\u_execute_state.\u_regfile.$proc$../rtl/cpu/src/Register.v:21$627'.
  created $adff cell `$procdff$8078' with positive edge clock and positive level reset.
Creating register for signal `\PSC_CPU_TimingTop.$flatten\u_cpu.\u_execute_state.\u_regfile.$mem2reg_wr$\registers$../rtl/cpu/src/Register.v:31$624_DATA' using process `\PSC_CPU_TimingTop.$flatten\u_cpu.\u_execute_state.\u_regfile.$proc$../rtl/cpu/src/Register.v:21$627'.
  created $adff cell `$procdff$8083' with positive edge clock and positive level reset.
Creating register for signal `\PSC_CPU_TimingTop.$flatten\u_cpu.\u_execute_state.\u_regfile.$mem2reg_rd$\registers$../rtl/cpu/src/Register.v:33$625_ADDR' using process `\PSC_CPU_TimingTop.$flatten\u_cpu.\u_execute_state.\u_regfile.$proc$../rtl/cpu/src/Register.v:21$627'.
  created $adff cell `$procdff$8088' with positive edge clock and positive level reset.
Creating register for signal `\PSC_CPU_TimingTop.$flatten\u_cpu.\u_execute_state.\u_regfile.$mem2reg_rd$\registers$../rtl/cpu/src/Register.v:33$625_DATA' using process `\PSC_CPU_TimingTop.$flatten\u_cpu.\u_execute_state.\u_regfile.$proc$../rtl/cpu/src/Register.v:21$627'.
  created $adff cell `$procdff$8093' with positive edge clock and positive level reset.
Creating register for signal `\PSC_CPU_TimingTop.$flatten\u_cpu.\u_execute_state.\u_regfile.$mem2reg_rd$\registers$../rtl/cpu/src/Register.v:34$626_ADDR' using process `\PSC_CPU_TimingTop.$flatten\u_cpu.\u_execute_state.\u_regfile.$proc$../rtl/cpu/src/Register.v:21$627'.
  created $adff cell `$procdff$8098' with positive edge clock and positive level reset.
Creating register for signal `\PSC_CPU_TimingTop.$flatten\u_cpu.\u_execute_state.\u_regfile.$mem2reg_rd$\registers$../rtl/cpu/src/Register.v:34$626_DATA' using process `\PSC_CPU_TimingTop.$flatten\u_cpu.\u_execute_state.\u_regfile.$proc$../rtl/cpu/src/Register.v:21$627'.
  created $adff cell `$procdff$8103' with positive edge clock and positive level reset.
Creating register for signal `\PSC_CPU_TimingTop.\u_cpu.u_execute_state.u_memory_store.data_mem_write_valid' using process `\PSC_CPU_TimingTop.$flatten\u_cpu.\u_execute_state.\u_memory_store.$proc$../rtl/cpu/src/MemoryStore.v:99$1108'.
  created $adff cell `$procdff$8108' with positive edge clock and positive level reset.
Creating register for signal `\PSC_CPU_TimingTop.\u_cpu.u_execute_state.u_memory_store.data_mem_write_data' using process `\PSC_CPU_TimingTop.$flatten\u_cpu.\u_execute_state.\u_memory_store.$proc$../rtl/cpu/src/MemoryStore.v:99$1108'.
  created $adff cell `$procdff$8113' with positive edge clock and positive level reset.
Creating register for signal `\PSC_CPU_TimingTop.\u_cpu.u_execute_state.u_memory_store.store_done' using process `\PSC_CPU_TimingTop.$flatten\u_cpu.\u_execute_state.\u_memory_store.$proc$../rtl/cpu/src/MemoryStore.v:99$1108'.
  created $adff cell `$procdff$8118' with positive edge clock and positive level reset.
Creating register for signal `\PSC_CPU_TimingTop.\u_cpu.u_execute_state.u_memory_store.out_pc' using process `\PSC_CPU_TimingTop.$flatten\u_cpu.\u_execute_state.\u_memory_store.$proc$../rtl/cpu/src/MemoryStore.v:99$1108'.
  created $adff cell `$procdff$8123' with positive edge clock and positive level reset.
Creating register for signal `\PSC_CPU_TimingTop.\u_cpu.u_execute_state.u_memory_store.uart' using process `\PSC_CPU_TimingTop.$flatten\u_cpu.\u_execute_state.\u_memory_store.$proc$../rtl/cpu/src/MemoryStore.v:99$1108'.
  created $adff cell `$procdff$8128' with positive edge clock and positive level reset.
Creating register for signal `\PSC_CPU_TimingTop.\u_cpu.u_execute_state.u_memory_store.state' using process `\PSC_CPU_TimingTop.$flatten\u_cpu.\u_execute_state.\u_memory_store.$proc$../rtl/cpu/src/MemoryStore.v:99$1108'.
  created $adff cell `$procdff$8133' with positive edge clock and positive level reset.
Creating register for signal `\PSC_CPU_TimingTop.\u_cpu.u_execute_state.u_branch.data_mem_read_valid' using process `\PSC_CPU_TimingTop.$flatten\u_cpu.\u_execute_state.\u_branch.$proc$../rtl/cpu/src/Branch.v:70$554'.
  created $adff cell `$procdff$8138' with positive edge clock and positive level reset.
Creating register for signal `\PSC_CPU_TimingTop.\u_cpu.u_execute_state.u_branch.pc_sel2' using process `\PSC_CPU_TimingTop.$flatten\u_cpu.\u_execute_state.\u_branch.$proc$../rtl/cpu/src/Branch.v:70$554'.
  created $adff cell `$procdff$8143' with positive edge clock and positive level reset.
Creating register for signal `\PSC_CPU_TimingTop.\u_cpu.u_execute_state.u_branch.branch_done' using process `\PSC_CPU_TimingTop.$flatten\u_cpu.\u_execute_state.\u_branch.$proc$../rtl/cpu/src/Branch.v:70$554'.
  created $adff cell `$procdff$8148' with positive edge clock and positive level reset.
Creating register for signal `\PSC_CPU_TimingTop.\u_cpu.u_execute_state.u_branch.out_pc' using process `\PSC_CPU_TimingTop.$flatten\u_cpu.\u_execute_state.\u_branch.$proc$../rtl/cpu/src/Branch.v:70$554'.
  created $adff cell `$procdff$8153' with positive edge clock and positive level reset.
Creating register for signal `\PSC_CPU_TimingTop.\u_cpu.u_execute_state.u_branch.state' using process `\PSC_CPU_TimingTop.$flatten\u_cpu.\u_execute_state.\u_branch.$proc$../rtl/cpu/src/Branch.v:70$554'.
  created $adff cell `$procdff$8158' with positive edge clock and positive level reset.
Creating register for signal `\PSC_CPU_TimingTop.\u_cpu.u_execute_state.u_branch.BRANCH_EXEC$func$../rtl/cpu/src/Branch.v:92$553.$result' using process `\PSC_CPU_TimingTop.$flatten\u_cpu.\u_execute_state.\u_branch.$proc$../rtl/cpu/src/Branch.v:70$554'.
  created $adff cell `$procdff$8163' with positive edge clock and positive level reset.
Creating register for signal `\PSC_CPU_TimingTop.\u_cpu.u_execute_state.u_branch.BRANCH_EXEC$func$../rtl/cpu/src/Branch.v:92$553.branch_op' using process `\PSC_CPU_TimingTop.$flatten\u_cpu.\u_execute_state.\u_branch.$proc$../rtl/cpu/src/Branch.v:70$554'.
  created $adff cell `$procdff$8168' with positive edge clock and positive level reset.
Creating register for signal `\PSC_CPU_TimingTop.\u_cpu.u_execute_state.u_branch.BRANCH_EXEC$func$../rtl/cpu/src/Branch.v:92$553.data1' using process `\PSC_CPU_TimingTop.$flatten\u_cpu.\u_execute_state.\u_branch.$proc$../rtl/cpu/src/Branch.v:70$554'.
  created $adff cell `$procdff$8173' with positive edge clock and positive level reset.
Creating register for signal `\PSC_CPU_TimingTop.\u_cpu.u_execute_state.u_branch.BRANCH_EXEC$func$../rtl/cpu/src/Branch.v:92$553.data2' using process `\PSC_CPU_TimingTop.$flatten\u_cpu.\u_execute_state.\u_branch.$proc$../rtl/cpu/src/Branch.v:70$554'.
  created $adff cell `$procdff$8178' with positive edge clock and positive level reset.
Creating register for signal `\PSC_CPU_TimingTop.\u_cpu.u_execute_state.u_branch.BRANCH_EXEC$func$../rtl/cpu/src/Branch.v:92$553.pc_sel' using process `\PSC_CPU_TimingTop.$flatten\u_cpu.\u_execute_state.\u_branch.$proc$../rtl/cpu/src/Branch.v:70$554'.
  created $adff cell `$procdff$8183' with positive edge clock and positive level reset.
Creating register for signal `\PSC_CPU_TimingTop.\u_cpu.u_execute_state.u_mmu_d.mem_valid' using process `\PSC_CPU_TimingTop.$flatten\u_cpu.\u_execute_state.\u_mmu_d.$proc$../rtl/cpu/src/MMU.v:137$673'.
  created $adff cell `$procdff$8188' with positive edge clock and positive level reset.
Creating register for signal `\PSC_CPU_TimingTop.\u_cpu.u_execute_state.u_mmu_d.page_fault' using process `\PSC_CPU_TimingTop.$flatten\u_cpu.\u_execute_state.\u_mmu_d.$proc$../rtl/cpu/src/MMU.v:137$673'.
  created $adff cell `$procdff$8193' with positive edge clock and positive level reset.
Creating register for signal `\PSC_CPU_TimingTop.\u_cpu.u_execute_state.u_mmu_d.state' using process `\PSC_CPU_TimingTop.$flatten\u_cpu.\u_execute_state.\u_mmu_d.$proc$../rtl/cpu/src/MMU.v:137$673'.
  created $adff cell `$procdff$8198' with positive edge clock and positive level reset.
Creating register for signal `\PSC_CPU_TimingTop.\u_cpu.u_execute_state.u_mmu_d.sfence_vma_reg' using process `\PSC_CPU_TimingTop.$flatten\u_cpu.\u_execute_state.\u_mmu_d.$proc$../rtl/cpu/src/MMU.v:137$673'.
  created $adff cell `$procdff$8203' with positive edge clock and positive level reset.
Creating register for signal `\PSC_CPU_TimingTop.\u_cpu.u_execute_state.u_mmu_d.paddr_34bit' using process `\PSC_CPU_TimingTop.$flatten\u_cpu.\u_execute_state.\u_mmu_d.$proc$../rtl/cpu/src/MMU.v:137$673'.
  created $adff cell `$procdff$8208' with positive edge clock and positive level reset.
Creating register for signal `\PSC_CPU_TimingTop.\u_cpu.u_execute_state.u_mmu_d.mem_addr_34bit' using process `\PSC_CPU_TimingTop.$flatten\u_cpu.\u_execute_state.\u_mmu_d.$proc$../rtl/cpu/src/MMU.v:137$673'.
  created $adff cell `$procdff$8213' with positive edge clock and positive level reset.
Creating register for signal `\PSC_CPU_TimingTop.\u_cpu.u_execute_state.u_mmu_d.pte_l1' using process `\PSC_CPU_TimingTop.$flatten\u_cpu.\u_execute_state.\u_mmu_d.$proc$../rtl/cpu/src/MMU.v:137$673'.
  created $adff cell `$procdff$8218' with positive edge clock and positive level reset.
Creating register for signal `\PSC_CPU_TimingTop.\u_cpu.u_execute_state.u_mmu_d.pte_l0' using process `\PSC_CPU_TimingTop.$flatten\u_cpu.\u_execute_state.\u_mmu_d.$proc$../rtl/cpu/src/MMU.v:137$673'.
  created $adff cell `$procdff$8223' with positive edge clock and positive level reset.
Creating register for signal `\PSC_CPU_TimingTop.\u_cpu.u_execute_state.u_mmu_d.pte_cached' using process `\PSC_CPU_TimingTop.$flatten\u_cpu.\u_execute_state.\u_mmu_d.$proc$../rtl/cpu/src/MMU.v:137$673'.
  created $adff cell `$procdff$8228' with positive edge clock and positive level reset.
Creating register for signal `\PSC_CPU_TimingTop.\u_cpu.u_execute_state.u_mmu_d.cache_root_ppn' using process `\PSC_CPU_TimingTop.$flatten\u_cpu.\u_execute_state.\u_mmu_d.$proc$../rtl/cpu/src/MMU.v:137$673'.
  created $adff cell `$procdff$8233' with positive edge clock and positive level reset.
Creating register for signal `\PSC_CPU_TimingTop.\u_cpu.u_execute_state.u_mmu_d.cache_vpn1' using process `\PSC_CPU_TimingTop.$flatten\u_cpu.\u_execute_state.\u_mmu_d.$proc$../rtl/cpu/src/MMU.v:137$673'.
  created $adff cell `$procdff$8238' with positive edge clock and positive level reset.
Creating register for signal `\PSC_CPU_TimingTop.\u_cpu.u_execute_state.u_mmu_d.cache_pte_l1' using process `\PSC_CPU_TimingTop.$flatten\u_cpu.\u_execute_state.\u_mmu_d.$proc$../rtl/cpu/src/MMU.v:137$673'.
  created $adff cell `$procdff$8243' with positive edge clock and positive level reset.
Creating register for signal `\PSC_CPU_TimingTop.\u_cpu.u_execute_state.u_mmu_d.l0_cached' using process `\PSC_CPU_TimingTop.$flatten\u_cpu.\u_execute_state.\u_mmu_d.$proc$../rtl/cpu/src/MMU.v:137$673'.
  created $adff cell `$procdff$8248' with positive edge clock and positive level reset.
Creating register for signal `\PSC_CPU_TimingTop.\u_cpu.u_execute_state.u_mmu_d.cache_pte_l0' using process `\PSC_CPU_TimingTop.$flatten\u_cpu.\u_execute_state.\u_mmu_d.$proc$../rtl/cpu/src/MMU.v:137$673'.
  created $adff cell `$procdff$8253' with positive edge clock and positive level reset.
Creating register for signal `\PSC_CPU_TimingTop.\u_cpu.u_execute_state.u_mmu_d.cache_vpn0' using process `\PSC_CPU_TimingTop.$flatten\u_cpu.\u_execute_state.\u_mmu_d.$proc$../rtl/cpu/src/MMU.v:137$673'.
  created $adff cell `$procdff$8258' with positive edge clock and positive level reset.
Creating register for signal `\PSC_CPU_TimingTop.\u_cpu.u_execute_state.u_mmu_d.pte_valid$func$../rtl/cpu/src/MMU.v:231$658.$result' using process `\PSC_CPU_TimingTop.$flatten\u_cpu.\u_execute_state.\u_mmu_d.$proc$../rtl/cpu/src/MMU.v:137$673'.
  created $adff cell `$procdff$8263' with positive edge clock and positive level reset.
Creating register for signal `\PSC_CPU_TimingTop.\u_cpu.u_execute_state.u_mmu_d.pte_valid$func$../rtl/cpu/src/MMU.v:231$658.pte' using process `\PSC_CPU_TimingTop.$flatten\u_cpu.\u_execute_state.\u_mmu_d.$proc$../rtl/cpu/src/MMU.v:137$673'.
  created $adff cell `$procdff$8268' with positive edge clock and positive level reset.
Creating register for signal `\PSC_CPU_TimingTop.\u_cpu.u_execute_state.u_mmu_d.is_leaf$func$../rtl/cpu/src/MMU.v:234$659.$result' using process `\PSC_CPU_TimingTop.$flatten\u_cpu.\u_execute_state.\u_mmu_d.$proc$../rtl/cpu/src/MMU.v:137$673'.
  created $adff cell `$procdff$8273' with positive edge clock and positive level reset.
Creating register for signal `\PSC_CPU_TimingTop.\u_cpu.u_execute_state.u_mmu_d.is_leaf$func$../rtl/cpu/src/MMU.v:234$659.pte' using process `\PSC_CPU_TimingTop.$flatten\u_cpu.\u_execute_state.\u_mmu_d.$proc$../rtl/cpu/src/MMU.v:137$673'.
  created $adff cell `$procdff$8278' with positive edge clock and positive level reset.
Creating register for signal `\PSC_CPU_TimingTop.\u_cpu.u_execute_state.u_mmu_d.perm_ok$func$../rtl/cpu/src/MMU.v:240$660.$result' using process `\PSC_CPU_TimingTop.$flatten\u_cpu.\u_execute_state.\u_mmu_d.$proc$../rtl/cpu/src/MMU.v:137$673'.
  created $adff cell `$procdff$8283' with positive edge clock and positive level reset.
Creating register for signal `\PSC_CPU_TimingTop.\u_cpu.u_execute_state.u_mmu_d.perm_ok$func$../rtl/cpu/src/MMU.v:240$660.pte' using process `\PSC_CPU_TimingTop.$flatten\u_cpu.\u_execute_state.\u_mmu_d.$proc$../rtl/cpu/src/MMU.v:137$673'.
  created $adff cell `$procdff$8288' with positive edge clock and positive level reset.
Creating register for signal `\PSC_CPU_TimingTop.\u_cpu.u_execute_state.u_mmu_d.perm_ok$func$../rtl/cpu/src/MMU.v:240$660.r' using process `\PSC_CPU_TimingTop.$flatten\u_cpu.\u_execute_state.\u_mmu_d.$proc$../rtl/cpu/src/MMU.v:137$673'.
  created $adff cell `$procdff$8293' with positive edge clock and positive level reset.
Creating register for signal `\PSC_CPU_TimingTop.\u_cpu.u_execute_state.u_mmu_d.perm_ok$func$../rtl/cpu/src/MMU.v:240$660.w' using process `\PSC_CPU_TimingTop.$flatten\u_cpu.\u_execute_state.\u_mmu_d.$proc$../rtl/cpu/src/MMU.v:137$673'.
  created $adff cell `$procdff$8298' with positive edge clock and positive level reset.
Creating register for signal `\PSC_CPU_TimingTop.\u_cpu.u_execute_state.u_mmu_d.perm_ok$func$../rtl/cpu/src/MMU.v:240$660.x' using process `\PSC_CPU_TimingTop.$flatten\u_cpu.\u_execute_state.\u_mmu_d.$proc$../rtl/cpu/src/MMU.v:137$673'.
  created $adff cell `$procdff$8303' with positive edge clock and positive level reset.
Creating register for signal `\PSC_CPU_TimingTop.\u_cpu.u_execute_state.u_mmu_d.illegal_rw$func$../rtl/cpu/src/MMU.v:117$661.$result' using process `\PSC_CPU_TimingTop.$flatten\u_cpu.\u_execute_state.\u_mmu_d.$proc$../rtl/cpu/src/MMU.v:137$673'.
  created $adff cell `$procdff$8308' with positive edge clock and positive level reset.
Creating register for signal `\PSC_CPU_TimingTop.\u_cpu.u_execute_state.u_mmu_d.illegal_rw$func$../rtl/cpu/src/MMU.v:117$661.pte' using process `\PSC_CPU_TimingTop.$flatten\u_cpu.\u_execute_state.\u_mmu_d.$proc$../rtl/cpu/src/MMU.v:137$673'.
  created $adff cell `$procdff$8313' with positive edge clock and positive level reset.
Creating register for signal `\PSC_CPU_TimingTop.\u_cpu.u_execute_state.u_mmu_d.pte_valid$func$../rtl/cpu/src/MMU.v:284$662.$result' using process `\PSC_CPU_TimingTop.$flatten\u_cpu.\u_execute_state.\u_mmu_d.$proc$../rtl/cpu/src/MMU.v:137$673'.
  created $adff cell `$procdff$8318' with positive edge clock and positive level reset.
Creating register for signal `\PSC_CPU_TimingTop.\u_cpu.u_execute_state.u_mmu_d.pte_valid$func$../rtl/cpu/src/MMU.v:284$662.pte' using process `\PSC_CPU_TimingTop.$flatten\u_cpu.\u_execute_state.\u_mmu_d.$proc$../rtl/cpu/src/MMU.v:137$673'.
  created $adff cell `$procdff$8323' with positive edge clock and positive level reset.
Creating register for signal `\PSC_CPU_TimingTop.\u_cpu.u_execute_state.u_mmu_d.perm_ok$func$../rtl/cpu/src/MMU.v:287$663.$result' using process `\PSC_CPU_TimingTop.$flatten\u_cpu.\u_execute_state.\u_mmu_d.$proc$../rtl/cpu/src/MMU.v:137$673'.
  created $adff cell `$procdff$8328' with positive edge clock and positive level reset.
Creating register for signal `\PSC_CPU_TimingTop.\u_cpu.u_execute_state.u_mmu_d.perm_ok$func$../rtl/cpu/src/MMU.v:287$663.pte' using process `\PSC_CPU_TimingTop.$flatten\u_cpu.\u_execute_state.\u_mmu_d.$proc$../rtl/cpu/src/MMU.v:137$673'.
  created $adff cell `$procdff$8333' with positive edge clock and positive level reset.
Creating register for signal `\PSC_CPU_TimingTop.\u_cpu.u_execute_state.u_mmu_d.perm_ok$func$../rtl/cpu/src/MMU.v:287$663.r' using process `\PSC_CPU_TimingTop.$flatten\u_cpu.\u_execute_state.\u_mmu_d.$proc$../rtl/cpu/src/MMU.v:137$673'.
  created $adff cell `$procdff$8338' with positive edge clock and positive level reset.
Creating register for signal `\PSC_CPU_TimingTop.\u_cpu.u_execute_state.u_mmu_d.perm_ok$func$../rtl/cpu/src/MMU.v:287$663.w' using process `\PSC_CPU_TimingTop.$flatten\u_cpu.\u_execute_state.\u_mmu_d.$proc$../rtl/cpu/src/MMU.v:137$673'.
  created $adff cell `$procdff$8343' with positive edge clock and positive level reset.
Creating register for signal `\PSC_CPU_TimingTop.\u_cpu.u_execute_state.u_mmu_d.perm_ok$func$../rtl/cpu/src/MMU.v:287$663.x' using process `\PSC_CPU_TimingTop.$flatten\u_cpu.\u_execute_state.\u_mmu_d.$proc$../rtl/cpu/src/MMU.v:137$673'.
  created $adff cell `$procdff$8348' with positive edge clock and positive level reset.
Creating register for signal `\PSC_CPU_TimingTop.\u_cpu.u_execute_state.u_mmu_d.illegal_rw$func$../rtl/cpu/src/MMU.v:117$664.$result' using process `\PSC_CPU_TimingTop.$flatten\u_cpu.\u_execute_state.\u_mmu_d.$proc$../rtl/cpu/src/MMU.v:137$673'.
  created $adff cell `$procdff$8353' with positive edge clock and positive level reset.
Creating register for signal `\PSC_CPU_TimingTop.\u_cpu.u_execute_state.u_mmu_d.illegal_rw$func$../rtl/cpu/src/MMU.v:117$664.pte' using process `\PSC_CPU_TimingTop.$flatten\u_cpu.\u_execute_state.\u_mmu_d.$proc$../rtl/cpu/src/MMU.v:137$673'.
  created $adff cell `$procdff$8358' with positive edge clock and positive level reset.
Creating register for signal `\PSC_CPU_TimingTop.\u_cpu.u_execute_state.u_execute.alu_data' using process `\PSC_CPU_TimingTop.$flatten\u_cpu.\u_execute_state.\u_execute.$proc$../rtl/cpu/src/Execute.v:174$474'.
  created $adff cell `$procdff$8363' with positive edge clock and positive level reset.
Creating register for signal `\PSC_CPU_TimingTop.\u_cpu.u_execute_state.u_execute.alu_done' using process `\PSC_CPU_TimingTop.$flatten\u_cpu.\u_execute_state.\u_execute.$proc$../rtl/cpu/src/Execute.v:174$474'.
  created $adff cell `$procdff$8368' with positive edge clock and positive level reset.
Creating register for signal `\PSC_CPU_TimingTop.\u_cpu.u_execute_state.u_execute.r_data1' using process `\PSC_CPU_TimingTop.$flatten\u_cpu.\u_execute_state.\u_execute.$proc$../rtl/cpu/src/Execute.v:174$474'.
  created $adff cell `$procdff$8373' with positive edge clock and positive level reset.
Creating register for signal `\PSC_CPU_TimingTop.\u_cpu.u_execute_state.u_execute.r_data2' using process `\PSC_CPU_TimingTop.$flatten\u_cpu.\u_execute_state.\u_execute.$proc$../rtl/cpu/src/Execute.v:174$474'.
  created $adff cell `$procdff$8378' with positive edge clock and positive level reset.
Creating register for signal `\PSC_CPU_TimingTop.\u_cpu.u_execute_state.u_execute.out_pc' using process `\PSC_CPU_TimingTop.$flatten\u_cpu.\u_execute_state.\u_execute.$proc$../rtl/cpu/src/Execute.v:174$474'.
  created $adff cell `$procdff$8383' with positive edge clock and positive level reset.
Creating register for signal `\PSC_CPU_TimingTop.\u_cpu.u_execute_state.u_execute.state' using process `\PSC_CPU_TimingTop.$flatten\u_cpu.\u_execute_state.\u_execute.$proc$../rtl/cpu/src/Execute.v:174$474'.
  created $adff cell `$procdff$8388' with positive edge clock and positive level reset.
Creating register for signal `\PSC_CPU_TimingTop.\u_cpu.u_execute_state.u_execute.ALU_EXEC$func$../rtl/cpu/src/Execute.v:195$446.$result' using process `\PSC_CPU_TimingTop.$flatten\u_cpu.\u_execute_state.\u_execute.$proc$../rtl/cpu/src/Execute.v:174$474'.
  created $adff cell `$procdff$8393' with positive edge clock and positive level reset.
Creating register for signal `\PSC_CPU_TimingTop.\u_cpu.u_execute_state.u_execute.ALU_EXEC$func$../rtl/cpu/src/Execute.v:195$446.control' using process `\PSC_CPU_TimingTop.$flatten\u_cpu.\u_execute_state.\u_execute.$proc$../rtl/cpu/src/Execute.v:174$474'.
  created $adff cell `$procdff$8398' with positive edge clock and positive level reset.
Creating register for signal `\PSC_CPU_TimingTop.\u_cpu.u_execute_state.u_execute.ALU_EXEC$func$../rtl/cpu/src/Execute.v:195$446.data1' using process `\PSC_CPU_TimingTop.$flatten\u_cpu.\u_execute_state.\u_execute.$proc$../rtl/cpu/src/Execute.v:174$474'.
  created $adff cell `$procdff$8403' with positive edge clock and positive level reset.
Creating register for signal `\PSC_CPU_TimingTop.\u_cpu.u_execute_state.u_execute.ALU_EXEC$func$../rtl/cpu/src/Execute.v:195$446.data2' using process `\PSC_CPU_TimingTop.$flatten\u_cpu.\u_execute_state.\u_execute.$proc$../rtl/cpu/src/Execute.v:174$474'.
  created $adff cell `$procdff$8408' with positive edge clock and positive level reset.
Creating register for signal `\PSC_CPU_TimingTop.\u_cpu.u_execute_state.u_execute.u_divider.count' using process `\PSC_CPU_TimingTop.$flatten\u_cpu.\u_execute_state.\u_execute.\u_divider.$proc$../rtl/cpu/src/Execute_Divider.v:62$533'.
  created $adff cell `$procdff$8413' with positive edge clock and positive level reset.
Creating register for signal `\PSC_CPU_TimingTop.\u_cpu.u_execute_state.u_execute.u_divider.state' using process `\PSC_CPU_TimingTop.$flatten\u_cpu.\u_execute_state.\u_execute.\u_divider.$proc$../rtl/cpu/src/Execute_Divider.v:62$533'.
  created $adff cell `$procdff$8418' with positive edge clock and positive level reset.
Creating register for signal `\PSC_CPU_TimingTop.\u_cpu.u_execute_state.u_execute.u_divider.dividend_abs' using process `\PSC_CPU_TimingTop.$flatten\u_cpu.\u_execute_state.\u_execute.\u_divider.$proc$../rtl/cpu/src/Execute_Divider.v:62$533'.
  created $adff cell `$procdff$8423' with positive edge clock and positive level reset.
Creating register for signal `\PSC_CPU_TimingTop.\u_cpu.u_execute_state.u_execute.u_divider.divisor_abs' using process `\PSC_CPU_TimingTop.$flatten\u_cpu.\u_execute_state.\u_execute.\u_divider.$proc$../rtl/cpu/src/Execute_Divider.v:62$533'.
  created $adff cell `$procdff$8428' with positive edge clock and positive level reset.
Creating register for signal `\PSC_CPU_TimingTop.\u_cpu.u_execute_state.u_execute.u_divider.quotient_reg' using process `\PSC_CPU_TimingTop.$flatten\u_cpu.\u_execute_state.\u_execute.\u_divider.$proc$../rtl/cpu/src/Execute_Divider.v:62$533'.
  created $adff cell `$procdff$8433' with positive edge clock and positive level reset.
Creating register for signal `\PSC_CPU_TimingTop.\u_cpu.u_execute_state.u_execute.u_divider.remainder_reg' using process `\PSC_CPU_TimingTop.$flatten\u_cpu.\u_execute_state.\u_execute.\u_divider.$proc$../rtl/cpu/src/Execute_Divider.v:62$533'.
  created $adff cell `$procdff$8438' with positive edge clock and positive level reset.
Creating register for signal `\PSC_CPU_TimingTop.\u_cpu.u_execute_state.u_execute.u_divider.quotient_neg' using process `\PSC_CPU_TimingTop.$flatten\u_cpu.\u_execute_state.\u_execute.\u_divider.$proc$../rtl/cpu/src/Execute_Divider.v:62$533'.
  created $adff cell `$procdff$8443' with positive edge clock and positive level reset.
Creating register for signal `\PSC_CPU_TimingTop.\u_cpu.u_execute_state.u_execute.u_divider.remainder_neg' using process `\PSC_CPU_TimingTop.$flatten\u_cpu.\u_execute_state.\u_execute.\u_divider.$proc$../rtl/cpu/src/Execute_Divider.v:62$533'.
  created $adff cell `$procdff$8448' with positive edge clock and positive level reset.
Creating register for signal `\PSC_CPU_TimingTop.\u_cpu.u_execute_state.u_execute.u_divider.quotient_out' using process `\PSC_CPU_TimingTop.$flatten\u_cpu.\u_execute_state.\u_execute.\u_divider.$proc$../rtl/cpu/src/Execute_Divider.v:62$533'.
  created $adff cell `$procdff$8453' with positive edge clock and positive level reset.
Creating register for signal `\PSC_CPU_TimingTop.\u_cpu.u_execute_state.u_execute.u_divider.remainder_out' using process `\PSC_CPU_TimingTop.$flatten\u_cpu.\u_execute_state.\u_execute.\u_divider.$proc$../rtl/cpu/src/Execute_Divider.v:62$533'.
  created $adff cell `$procdff$8458' with positive edge clock and positive level reset.
Creating register for signal `\PSC_CPU_TimingTop.\u_cpu.u_execute_state.u_execute.u_multiplexer.done' using process `\PSC_CPU_TimingTop.$flatten\u_cpu.\u_execute_state.\u_execute.\u_multiplexer.$proc$../rtl/cpu/src/Execute_Mul.v:39$551'.
  created $adff cell `$procdff$8463' with positive edge clock and positive level reset.
Creating register for signal `\PSC_CPU_TimingTop.\u_cpu.u_execute_state.u_execute.u_multiplexer.mul_out' using process `\PSC_CPU_TimingTop.$flatten\u_cpu.\u_execute_state.\u_execute.\u_multiplexer.$proc$../rtl/cpu/src/Execute_Mul.v:39$551'.
  created $adff cell `$procdff$8468' with positive edge clock and positive level reset.
Creating register for signal `\PSC_CPU_TimingTop.\u_cpu.u_execute_state.u_execute.u_multiplexer.state' using process `\PSC_CPU_TimingTop.$flatten\u_cpu.\u_execute_state.\u_execute.\u_multiplexer.$proc$../rtl/cpu/src/Execute_Mul.v:39$551'.
  created $adff cell `$procdff$8473' with positive edge clock and positive level reset.
Creating register for signal `\PSC_CPU_TimingTop.\u_cpu.u_execute_state.u_decorder.is_fence_i' using process `\PSC_CPU_TimingTop.$flatten\u_cpu.\u_execute_state.\u_decorder.$proc$../rtl/cpu/src/Decorder.v:319$442'.
  created $adff cell `$procdff$8478' with positive edge clock and positive level reset.
Creating register for signal `\PSC_CPU_TimingTop.\u_cpu.u_execute_state.u_decorder.mem_rw' using process `\PSC_CPU_TimingTop.$flatten\u_cpu.\u_execute_state.\u_decorder.$proc$../rtl/cpu/src/Decorder.v:319$442'.
  created $adff cell `$procdff$8483' with positive edge clock and positive level reset.
Creating register for signal `\PSC_CPU_TimingTop.\u_cpu.u_execute_state.u_decorder.is_ecall' using process `\PSC_CPU_TimingTop.$flatten\u_cpu.\u_execute_state.\u_decorder.$proc$../rtl/cpu/src/Decorder.v:319$442'.
  created $adff cell `$procdff$8488' with positive edge clock and positive level reset.
Creating register for signal `\PSC_CPU_TimingTop.\u_cpu.u_execute_state.u_decorder.csr_wr' using process `\PSC_CPU_TimingTop.$flatten\u_cpu.\u_execute_state.\u_decorder.$proc$../rtl/cpu/src/Decorder.v:319$442'.
  created $adff cell `$procdff$8493' with positive edge clock and positive level reset.
Creating register for signal `\PSC_CPU_TimingTop.\u_cpu.u_execute_state.u_decorder.csr_cmd' using process `\PSC_CPU_TimingTop.$flatten\u_cpu.\u_execute_state.\u_decorder.$proc$../rtl/cpu/src/Decorder.v:319$442'.
  created $adff cell `$procdff$8498' with positive edge clock and positive level reset.
Creating register for signal `\PSC_CPU_TimingTop.\u_cpu.u_execute_state.u_decorder.csr_use_imm' using process `\PSC_CPU_TimingTop.$flatten\u_cpu.\u_execute_state.\u_decorder.$proc$../rtl/cpu/src/Decorder.v:319$442'.
  created $adff cell `$procdff$8503' with positive edge clock and positive level reset.
Creating register for signal `\PSC_CPU_TimingTop.\u_cpu.u_execute_state.u_decorder.csr_addr' using process `\PSC_CPU_TimingTop.$flatten\u_cpu.\u_execute_state.\u_decorder.$proc$../rtl/cpu/src/Decorder.v:319$442'.
  created $adff cell `$procdff$8508' with positive edge clock and positive level reset.
Creating register for signal `\PSC_CPU_TimingTop.\u_cpu.u_execute_state.u_decorder.csr_zimm' using process `\PSC_CPU_TimingTop.$flatten\u_cpu.\u_execute_state.\u_decorder.$proc$../rtl/cpu/src/Decorder.v:319$442'.
  created $adff cell `$procdff$8513' with positive edge clock and positive level reset.
Creating register for signal `\PSC_CPU_TimingTop.\u_cpu.u_execute_state.u_decorder.is_load' using process `\PSC_CPU_TimingTop.$flatten\u_cpu.\u_execute_state.\u_decorder.$proc$../rtl/cpu/src/Decorder.v:319$442'.
  created $adff cell `$procdff$8518' with positive edge clock and positive level reset.
Creating register for signal `\PSC_CPU_TimingTop.\u_cpu.u_execute_state.u_decorder.is_store' using process `\PSC_CPU_TimingTop.$flatten\u_cpu.\u_execute_state.\u_decorder.$proc$../rtl/cpu/src/Decorder.v:319$442'.
  created $adff cell `$procdff$8523' with positive edge clock and positive level reset.
Creating register for signal `\PSC_CPU_TimingTop.\u_cpu.u_execute_state.u_decorder.is_sfence_vma' using process `\PSC_CPU_TimingTop.$flatten\u_cpu.\u_execute_state.\u_decorder.$proc$../rtl/cpu/src/Decorder.v:319$442'.
  created $adff cell `$procdff$8528' with positive edge clock and positive level reset.
Creating register for signal `\PSC_CPU_TimingTop.\u_cpu.u_execute_state.u_decorder.imm' using process `\PSC_CPU_TimingTop.$flatten\u_cpu.\u_execute_state.\u_decorder.$proc$../rtl/cpu/src/Decorder.v:319$442'.
  created $adff cell `$procdff$8533' with positive edge clock and positive level reset.
Creating register for signal `\PSC_CPU_TimingTop.\u_cpu.u_execute_state.u_decorder.alucon' using process `\PSC_CPU_TimingTop.$flatten\u_cpu.\u_execute_state.\u_decorder.$proc$../rtl/cpu/src/Decorder.v:319$442'.
  created $adff cell `$procdff$8538' with positive edge clock and positive level reset.
Creating register for signal `\PSC_CPU_TimingTop.\u_cpu.u_execute_state.u_decorder.funct3' using process `\PSC_CPU_TimingTop.$flatten\u_cpu.\u_execute_state.\u_decorder.$proc$../rtl/cpu/src/Decorder.v:319$442'.
  created $adff cell `$procdff$8543' with positive edge clock and positive level reset.
Creating register for signal `\PSC_CPU_TimingTop.\u_cpu.u_execute_state.u_decorder.op1sel' using process `\PSC_CPU_TimingTop.$flatten\u_cpu.\u_execute_state.\u_decorder.$proc$../rtl/cpu/src/Decorder.v:319$442'.
  created $adff cell `$procdff$8548' with positive edge clock and positive level reset.
Creating register for signal `\PSC_CPU_TimingTop.\u_cpu.u_execute_state.u_decorder.op2sel' using process `\PSC_CPU_TimingTop.$flatten\u_cpu.\u_execute_state.\u_decorder.$proc$../rtl/cpu/src/Decorder.v:319$442'.
  created $adff cell `$procdff$8553' with positive edge clock and positive level reset.
Creating register for signal `\PSC_CPU_TimingTop.\u_cpu.u_execute_state.u_decorder.rf_wen' using process `\PSC_CPU_TimingTop.$flatten\u_cpu.\u_execute_state.\u_decorder.$proc$../rtl/cpu/src/Decorder.v:319$442'.
  created $adff cell `$procdff$8558' with positive edge clock and positive level reset.
Creating register for signal `\PSC_CPU_TimingTop.\u_cpu.u_execute_state.u_decorder.pc_sel' using process `\PSC_CPU_TimingTop.$flatten\u_cpu.\u_execute_state.\u_decorder.$proc$../rtl/cpu/src/Decorder.v:319$442'.
  created $adff cell `$procdff$8563' with positive edge clock and positive level reset.
Creating register for signal `\PSC_CPU_TimingTop.\u_cpu.u_execute_state.u_decorder.is_R_type' using process `\PSC_CPU_TimingTop.$flatten\u_cpu.\u_execute_state.\u_decorder.$proc$../rtl/cpu/src/Decorder.v:319$442'.
  created $adff cell `$procdff$8568' with positive edge clock and positive level reset.
Creating register for signal `\PSC_CPU_TimingTop.\u_cpu.u_execute_state.u_decorder.is_op_imm' using process `\PSC_CPU_TimingTop.$flatten\u_cpu.\u_execute_state.\u_decorder.$proc$../rtl/cpu/src/Decorder.v:319$442'.
  created $adff cell `$procdff$8573' with positive edge clock and positive level reset.
Creating register for signal `\PSC_CPU_TimingTop.\u_cpu.u_execute_state.u_decorder.r_addr1' using process `\PSC_CPU_TimingTop.$flatten\u_cpu.\u_execute_state.\u_decorder.$proc$../rtl/cpu/src/Decorder.v:319$442'.
  created $adff cell `$procdff$8578' with positive edge clock and positive level reset.
Creating register for signal `\PSC_CPU_TimingTop.\u_cpu.u_execute_state.u_decorder.r_addr2' using process `\PSC_CPU_TimingTop.$flatten\u_cpu.\u_execute_state.\u_decorder.$proc$../rtl/cpu/src/Decorder.v:319$442'.
  created $adff cell `$procdff$8583' with positive edge clock and positive level reset.
Creating register for signal `\PSC_CPU_TimingTop.\u_cpu.u_execute_state.u_decorder.w_addr' using process `\PSC_CPU_TimingTop.$flatten\u_cpu.\u_execute_state.\u_decorder.$proc$../rtl/cpu/src/Decorder.v:319$442'.
  created $adff cell `$procdff$8588' with positive edge clock and positive level reset.
Creating register for signal `\PSC_CPU_TimingTop.\u_cpu.u_execute_state.u_decorder.wb_sel' using process `\PSC_CPU_TimingTop.$flatten\u_cpu.\u_execute_state.\u_decorder.$proc$../rtl/cpu/src/Decorder.v:319$442'.
  created $adff cell `$procdff$8593' with positive edge clock and positive level reset.
Creating register for signal `\PSC_CPU_TimingTop.\u_cpu.u_execute_state.u_decorder.is_fence' using process `\PSC_CPU_TimingTop.$flatten\u_cpu.\u_execute_state.\u_decorder.$proc$../rtl/cpu/src/Decorder.v:319$442'.
  created $adff cell `$procdff$8598' with positive edge clock and positive level reset.
Creating register for signal `\PSC_CPU_TimingTop.\u_cpu.u_execute_state.u_decorder.decode_done' using process `\PSC_CPU_TimingTop.$flatten\u_cpu.\u_execute_state.\u_decorder.$proc$../rtl/cpu/src/Decorder.v:319$442'.
  created $adff cell `$procdff$8603' with positive edge clock and positive level reset.
Creating register for signal `\PSC_CPU_TimingTop.\u_cpu.u_execute_state.u_decorder.is_sret' using process `\PSC_CPU_TimingTop.$flatten\u_cpu.\u_execute_state.\u_decorder.$proc$../rtl/cpu/src/Decorder.v:319$442'.
  created $adff cell `$procdff$8608' with positive edge clock and positive level reset.
Creating register for signal `\PSC_CPU_TimingTop.\u_cpu.u_execute_state.u_decorder.is_mret' using process `\PSC_CPU_TimingTop.$flatten\u_cpu.\u_execute_state.\u_decorder.$proc$../rtl/cpu/src/Decorder.v:319$442'.
  created $adff cell `$procdff$8613' with positive edge clock and positive level reset.
Creating register for signal `\PSC_CPU_TimingTop.\u_cpu.u_execute_state.u_decorder.out_pc' using process `\PSC_CPU_TimingTop.$flatten\u_cpu.\u_execute_state.\u_decorder.$proc$../rtl/cpu/src/Decorder.v:319$442'.
  created $adff cell `$procdff$8618' with positive edge clock and positive level reset.
Creating register for signal `\PSC_CPU_TimingTop.\u_cpu.u_execute_state.u_decorder.raise_illegal_instruction' using process `\PSC_CPU_TimingTop.$flatten\u_cpu.\u_execute_state.\u_decorder.$proc$../rtl/cpu/src/Decorder.v:319$442'.
  created $adff cell `$procdff$8623' with positive edge clock and positive level reset.
Creating register for signal `\PSC_CPU_TimingTop.\u_cpu.u_execute_state.data_mem_read_data_reg' using process `\PSC_CPU_TimingTop.$flatten\u_cpu.\u_execute_state.$proc$../rtl/cpu/src/PSC_RV32ISP_Execute.v:236$103'.
  created $adff cell `$procdff$8628' with positive edge clock and positive level reset.
Creating register for signal `\PSC_CPU_TimingTop.\u_cpu.u_execute_state.ld_low2_q' using process `\PSC_CPU_TimingTop.$flatten\u_cpu.\u_execute_state.$proc$../rtl/cpu/src/PSC_RV32ISP_Execute.v:236$103'.
  created $adff cell `$procdff$8633' with positive edge clock and positive level reset.
Creating register for signal `\PSC_CPU_TimingTop.\u_cpu.u_execute_state.execute_ready' using process `\PSC_CPU_TimingTop.$flatten\u_cpu.\u_execute_state.$proc$../rtl/cpu/src/PSC_RV32ISP_Execute.v:149$97'.
  created $adff cell `$procdff$8638' with positive edge clock and positive level reset.
Creating register for signal `\PSC_CPU_TimingTop.\u_cpu.u_execute_state.execute_state' using process `\PSC_CPU_TimingTop.$flatten\u_cpu.\u_execute_state.$proc$../rtl/cpu/src/PSC_RV32ISP_Execute.v:133$92'.
  created $adff cell `$procdff$8643' with positive edge clock and positive level reset.
Creating register for signal `\PSC_CPU_TimingTop.\u_cpu.u_execute_state.execute_state_d' using process `\PSC_CPU_TimingTop.$flatten\u_cpu.\u_execute_state.$proc$../rtl/cpu/src/PSC_RV32ISP_Execute.v:133$92'.
  created $adff cell `$procdff$8648' with positive edge clock and positive level reset.
Creating register for signal `\PSC_CPU_TimingTop.\u_cpu.u_execute_state.pipeline_mode' using process `\PSC_CPU_TimingTop.$flatten\u_cpu.\u_execute_state.$proc$../rtl/cpu/src/PSC_RV32ISP_Execute.v:93$88'.
  created $adff cell `$procdff$8653' with positive edge clock and positive level reset.
Creating register for signal `\PSC_CPU_TimingTop.\timing_keep' using process `\PSC_CPU_TimingTop.$proc$../rtl/timing/PSC_CPU_TimingTop.sv:206$977'.
  created $adff cell `$procdff$8658' with positive edge clock and positive level reset.
Creating register for signal `\PSC_CPU_TimingTop.\stimulus' using process `\PSC_CPU_TimingTop.$proc$../rtl/timing/PSC_CPU_TimingTop.sv:41$969'.
  created $adff cell `$procdff$8663' with positive edge clock and positive level reset.

20.4.10. Executing PROC_MEMWR pass (convert process memory writes to cells).

20.4.11. Executing PROC_CLEAN pass (remove empty switches from decision trees).
Found and cleaned up 4 empty switches in `\PSC_CPU_TimingTop.$flatten\u_cpu.$proc$../rtl/cpu/src/PSC_RV32ISP_core.v:99$14'.
Removing empty process `PSC_CPU_TimingTop.$flatten\u_cpu.$proc$../rtl/cpu/src/PSC_RV32ISP_core.v:99$14'.
Found and cleaned up 3 empty switches in `\PSC_CPU_TimingTop.$flatten\u_cpu.$proc$../rtl/cpu/src/PSC_RV32ISP_core.v:442$47'.
Removing empty process `PSC_CPU_TimingTop.$flatten\u_cpu.$proc$../rtl/cpu/src/PSC_RV32ISP_core.v:442$47'.
Found and cleaned up 2 empty switches in `\PSC_CPU_TimingTop.$flatten\u_cpu.$proc$../rtl/cpu/src/PSC_RV32ISP_core.v:464$55'.
Removing empty process `PSC_CPU_TimingTop.$flatten\u_cpu.$proc$../rtl/cpu/src/PSC_RV32ISP_core.v:464$55'.
Found and cleaned up 1 empty switch in `\PSC_CPU_TimingTop.$flatten\u_cpu.\u_csr.$proc$../rtl/cpu/src/Csr.v:329$949'.
Removing empty process `PSC_CPU_TimingTop.$flatten\u_cpu.\u_csr.$proc$../rtl/cpu/src/Csr.v:329$949'.
Found and cleaned up 1 empty switch in `\PSC_CPU_TimingTop.$flatten\u_cpu.\u_csr.$proc$../rtl/cpu/src/Csr.v:328$934'.
Removing empty process `PSC_CPU_TimingTop.$flatten\u_cpu.\u_csr.$proc$../rtl/cpu/src/Csr.v:328$934'.
Found and cleaned up 16 empty switches in `\PSC_CPU_TimingTop.$flatten\u_cpu.\u_csr.$proc$../rtl/cpu/src/Csr.v:331$846'.
Removing empty process `PSC_CPU_TimingTop.$flatten\u_cpu.\u_csr.$proc$../rtl/cpu/src/Csr.v:331$846'.
Found and cleaned up 2 empty switches in `\PSC_CPU_TimingTop.$flatten\u_cpu.\u_csr.$proc$../rtl/cpu/src/Csr.v:319$820'.
Removing empty process `PSC_CPU_TimingTop.$flatten\u_cpu.\u_csr.$proc$../rtl/cpu/src/Csr.v:319$820'.
Found and cleaned up 1 empty switch in `\PSC_CPU_TimingTop.$flatten\u_cpu.\u_csr.$proc$../rtl/cpu/src/Csr.v:205$818'.
Removing empty process `PSC_CPU_TimingTop.$flatten\u_cpu.\u_csr.$proc$../rtl/cpu/src/Csr.v:205$818'.
Found and cleaned up 10 empty switches in `\PSC_CPU_TimingTop.$flatten\u_cpu.\u_fetch_state.\u_fetch_fifo.$proc$../rtl/cpu/src/Fetch_Fifo.v:62$998'.
Removing empty process `PSC_CPU_TimingTop.$flatten\u_cpu.\u_fetch_state.\u_fetch_fifo.$proc$../rtl/cpu/src/Fetch_Fifo.v:62$998'.
Found and cleaned up 2 empty switches in `\PSC_CPU_TimingTop.$flatten\u_cpu.\u_fetch_state.\u_fetch.$proc$../rtl/cpu/src/Fetch.v:26$240'.
Removing empty process `PSC_CPU_TimingTop.$flatten\u_cpu.\u_fetch_state.\u_fetch.$proc$../rtl/cpu/src/Fetch.v:26$240'.
Found and cleaned up 19 empty switches in `\PSC_CPU_TimingTop.$flatten\u_cpu.\u_fetch_state.\u_mmu_i.$proc$../rtl/cpu/src/MMU.v:137$673'.
Removing empty process `PSC_CPU_TimingTop.$flatten\u_cpu.\u_fetch_state.\u_mmu_i.$proc$../rtl/cpu/src/MMU.v:137$673'.
Found and cleaned up 13 empty switches in `\PSC_CPU_TimingTop.$flatten\u_cpu.\u_fetch_state.$proc$../rtl/cpu/src/PSC_RV32ISP_Fetch.v:97$60'.
Removing empty process `PSC_CPU_TimingTop.$flatten\u_cpu.\u_fetch_state.$proc$../rtl/cpu/src/PSC_RV32ISP_Fetch.v:97$60'.
Found and cleaned up 1 empty switch in `\PSC_CPU_TimingTop.$flatten\u_cpu.\u_fetch_state.$proc$../rtl/cpu/src/PSC_RV32ISP_Fetch.v:77$58'.
Removing empty process `PSC_CPU_TimingTop.$flatten\u_cpu.\u_fetch_state.$proc$../rtl/cpu/src/PSC_RV32ISP_Fetch.v:77$58'.
Found and cleaned up 5 empty switches in `\PSC_CPU_TimingTop.$flatten\u_cpu.\u_execute_state.\u_regfile.$proc$../rtl/cpu/src/Register.v:21$627'.
Removing empty process `PSC_CPU_TimingTop.$flatten\u_cpu.\u_execute_state.\u_regfile.$proc$../rtl/cpu/src/Register.v:21$627'.
Found and cleaned up 7 empty switches in `\PSC_CPU_TimingTop.$flatten\u_cpu.\u_execute_state.\u_memory_store.$proc$../rtl/cpu/src/MemoryStore.v:99$1108'.
Removing empty process `PSC_CPU_TimingTop.$flatten\u_cpu.\u_execute_state.\u_memory_store.$proc$../rtl/cpu/src/MemoryStore.v:99$1108'.
Found and cleaned up 7 empty switches in `\PSC_CPU_TimingTop.$flatten\u_cpu.\u_execute_state.\u_branch.$proc$../rtl/cpu/src/Branch.v:70$554'.
Removing empty process `PSC_CPU_TimingTop.$flatten\u_cpu.\u_execute_state.\u_branch.$proc$../rtl/cpu/src/Branch.v:70$554'.
Found and cleaned up 19 empty switches in `\PSC_CPU_TimingTop.$flatten\u_cpu.\u_execute_state.\u_mmu_d.$proc$../rtl/cpu/src/MMU.v:137$673'.
Removing empty process `PSC_CPU_TimingTop.$flatten\u_cpu.\u_execute_state.\u_mmu_d.$proc$../rtl/cpu/src/MMU.v:137$673'.
Found and cleaned up 8 empty switches in `\PSC_CPU_TimingTop.$flatten\u_cpu.\u_execute_state.\u_execute.$proc$../rtl/cpu/src/Execute.v:174$474'.
Removing empty process `PSC_CPU_TimingTop.$flatten\u_cpu.\u_execute_state.\u_execute.$proc$../rtl/cpu/src/Execute.v:174$474'.
Found and cleaned up 7 empty switches in `\PSC_CPU_TimingTop.$flatten\u_cpu.\u_execute_state.\u_execute.\u_divider.$proc$../rtl/cpu/src/Execute_Divider.v:62$533'.
Removing empty process `PSC_CPU_TimingTop.$flatten\u_cpu.\u_execute_state.\u_execute.\u_divider.$proc$../rtl/cpu/src/Execute_Divider.v:62$533'.
Found and cleaned up 3 empty switches in `\PSC_CPU_TimingTop.$flatten\u_cpu.\u_execute_state.\u_execute.\u_multiplexer.$proc$../rtl/cpu/src/Execute_Mul.v:39$551'.
Removing empty process `PSC_CPU_TimingTop.$flatten\u_cpu.\u_execute_state.\u_execute.\u_multiplexer.$proc$../rtl/cpu/src/Execute_Mul.v:39$551'.
Removing empty process `PSC_CPU_TimingTop.$flatten\u_cpu.\u_execute_state.\u_execute.\u_multiplexer.$proc$../rtl/cpu/src/Execute_Mul.v:30$547'.
Found and cleaned up 1 empty switch in `\PSC_CPU_TimingTop.$flatten\u_cpu.\u_execute_state.\u_decorder.$proc$../rtl/cpu/src/Decorder.v:319$442'.
Removing empty process `PSC_CPU_TimingTop.$flatten\u_cpu.\u_execute_state.\u_decorder.$proc$../rtl/cpu/src/Decorder.v:319$442'.
Found and cleaned up 3 empty switches in `\PSC_CPU_TimingTop.$flatten\u_cpu.\u_execute_state.$proc$../rtl/cpu/src/PSC_RV32ISP_Execute.v:236$103'.
Removing empty process `PSC_CPU_TimingTop.$flatten\u_cpu.\u_execute_state.$proc$../rtl/cpu/src/PSC_RV32ISP_Execute.v:236$103'.
Found and cleaned up 11 empty switches in `\PSC_CPU_TimingTop.$flatten\u_cpu.\u_execute_state.$proc$../rtl/cpu/src/PSC_RV32ISP_Execute.v:159$99'.
Removing empty process `PSC_CPU_TimingTop.$flatten\u_cpu.\u_execute_state.$proc$../rtl/cpu/src/PSC_RV32ISP_Execute.v:159$99'.
Removing empty process `PSC_CPU_TimingTop.$flatten\u_cpu.\u_execute_state.$proc$../rtl/cpu/src/PSC_RV32ISP_Execute.v:149$97'.
Found and cleaned up 1 empty switch in `\PSC_CPU_TimingTop.$flatten\u_cpu.\u_execute_state.$proc$../rtl/cpu/src/PSC_RV32ISP_Execute.v:133$92'.
Removing empty process `PSC_CPU_TimingTop.$flatten\u_cpu.\u_execute_state.$proc$../rtl/cpu/src/PSC_RV32ISP_Execute.v:133$92'.
Found and cleaned up 3 empty switches in `\PSC_CPU_TimingTop.$flatten\u_cpu.\u_execute_state.$proc$../rtl/cpu/src/PSC_RV32ISP_Execute.v:93$88'.
Removing empty process `PSC_CPU_TimingTop.$flatten\u_cpu.\u_execute_state.$proc$../rtl/cpu/src/PSC_RV32ISP_Execute.v:93$88'.
Removing empty process `PSC_CPU_TimingTop.$proc$../rtl/timing/PSC_CPU_TimingTop.sv:206$977'.
Removing empty process `PSC_CPU_TimingTop.$proc$../rtl/timing/PSC_CPU_TimingTop.sv:41$969'.
Cleaned up 150 empty switches.

20.4.12. Executing OPT_EXPR pass (perform const folding).
Optimizing module PSC_CPU_TimingTop.
<suppressed ~847 debug messages>

20.5. Executing CHECK pass (checking for obvious problems).
Checking module PSC_CPU_TimingTop...
Found and reported 0 problems.

20.6. Executing FLATTEN pass (flatten design).

20.7. Executing TRIBUF pass.

20.8. Executing DEMINOUT pass (demote inout ports to input or output).

20.9. Executing OPT_EXPR pass (perform const folding).
Optimizing module PSC_CPU_TimingTop.

20.10. Executing OPT_CLEAN pass (remove unused cells and wires).
Finding unused cells or wires in module \PSC_CPU_TimingTop..
Removed 1082 unused cells and 3030 unused wires.
<suppressed ~1186 debug messages>

20.11. Executing CHECK pass (checking for obvious problems).
Checking module PSC_CPU_TimingTop...
Found and reported 0 problems.

20.12. Executing OPT pass (performing simple optimizations).

20.12.1. Executing OPT_EXPR pass (perform const folding).
Optimizing module PSC_CPU_TimingTop.

20.12.2. Executing OPT_MERGE pass (detect identical cells).
Finding identical cells in module `\PSC_CPU_TimingTop'.
Computing hashes of 1799 cells of `\PSC_CPU_TimingTop'.
Finding duplicate cells in `\PSC_CPU_TimingTop'.
Computing hashes of 1473 cells of `\PSC_CPU_TimingTop'.
Finding duplicate cells in `\PSC_CPU_TimingTop'.
Computing hashes of 1455 cells of `\PSC_CPU_TimingTop'.
Finding duplicate cells in `\PSC_CPU_TimingTop'.
<suppressed ~1032 debug messages>
Removed a total of 344 cells.

20.12.3. Executing OPT_MUXTREE pass (detect dead branches in mux trees).
Running muxtree optimizer on module \PSC_CPU_TimingTop..
  Creating internal representation of mux trees.
  Evaluating internal representation of mux trees.
      Replacing known input bits on port B of cell $procmux$6975: { \stimulus [15:0] \stimulus [31:16] } -> { \stimulus [15:4] 1'1 \stimulus [2:0] \stimulus [31:16] }
      Replacing known input bits on port B of cell $procmux$6273: { \stimulus [15:0] \stimulus [31:16] } -> { \stimulus [15:4] 1'1 \stimulus [2:0] \stimulus [31:16] }
      Replacing known input bits on port B of cell $procmux$6331: { \stimulus [15:0] \stimulus [31:16] } -> { \stimulus [15:4] 1'1 \stimulus [2:0] \stimulus [31:16] }
      Replacing known input bits on port B of cell $procmux$6351: { \stimulus [15:0] \stimulus [31:16] } -> { \stimulus [15:4] 1'1 \stimulus [2:0] \stimulus [31:16] }
      Replacing known input bits on port B of cell $procmux$6292: { \stimulus [15:0] \stimulus [31:16] } -> { \stimulus [15:4] 1'1 \stimulus [2:0] \stimulus [31:16] }
  Analyzing evaluation results.
    dead port 2/2 on $mux $procmux$6982.
    dead port 2/2 on $mux $procmux$6990.
    dead port 2/2 on $mux $procmux$6992.
    dead port 2/2 on $mux $procmux$6999.
    dead port 2/2 on $mux $procmux$7008.
    dead port 2/2 on $mux $procmux$7019.
    dead port 2/2 on $mux $procmux$7021.
    dead port 2/2 on $mux $procmux$7031.
    dead port 2/2 on $mux $procmux$7044.
    dead port 2/2 on $mux $procmux$7046.
    dead port 2/2 on $mux $procmux$7058.
    dead port 2/2 on $mux $procmux$7071.
    dead port 2/2 on $mux $procmux$7086.
    dead port 2/2 on $mux $procmux$5803.
    dead port 1/2 on $mux $procmux$3681.
    dead port 2/2 on $mux $procmux$3678.
    dead port 1/2 on $mux $procmux$3657.
    dead port 2/2 on $mux $procmux$3654.
    dead port 2/2 on $mux $procmux$5801.
    dead port 2/2 on $mux $procmux$3525.
    dead port 2/2 on $mux $procmux$3118.
    dead port 2/2 on $mux $procmux$3084.
    dead port 2/2 on $mux $procmux$3007.
    dead port 2/2 on $mux $procmux$2965.
    dead port 2/2 on $mux $procmux$2924.
    dead port 2/2 on $mux $procmux$2757.
    dead port 2/2 on $mux $procmux$2222.
    dead port 2/2 on $mux $procmux$2139.
    dead port 2/2 on $mux $procmux$2056.
    dead port 1/2 on $mux $procmux$4943.
    dead port 2/2 on $mux $procmux$1980.
    dead port 2/2 on $mux $procmux$1913.
    dead port 2/2 on $mux $procmux$1849.
    dead port 32/33 on $pmux $procmux$4909.
    dead port 1/2 on $mux $procmux$4907.
    dead port 2/2 on $mux $procmux$6506.
    dead port 2/2 on $mux $flatten\u_cpu.$ternary$../rtl/cpu/src/PSC_RV32ISP_core.v:179$35.
    dead port 2/2 on $mux $procmux$5814.
    dead port 1/2 on $mux $procmux$6509.
    dead port 1/2 on $mux $procmux$6512.
    dead port 32/33 on $pmux $procmux$4873.
    dead port 2/2 on $mux $procmux$4847.
    dead port 2/2 on $mux $procmux$4836.
    dead port 2/2 on $mux $procmux$4834.
    dead port 2/2 on $mux $procmux$6514.
    dead port 1/2 on $mux $procmux$4826.
    dead port 1/2 on $mux $procmux$4811.
    dead port 1/2 on $mux $procmux$4795.
    dead port 1/2 on $mux $procmux$4781.
    dead port 2/2 on $mux $procmux$4778.
    dead port 1/2 on $mux $procmux$4763.
    dead port 2/2 on $mux $procmux$4760.
    dead port 1/2 on $mux $procmux$4746.
    dead port 2/2 on $mux $procmux$4743.
    dead port 1/2 on $mux $procmux$4729.
    dead port 2/2 on $mux $procmux$4726.
    dead port 1/2 on $mux $procmux$4724.
    dead port 1/2 on $mux $procmux$4709.
    dead port 2/2 on $mux $procmux$4706.
    dead port 1/2 on $mux $procmux$4704.
    dead port 1/2 on $mux $procmux$4689.
    dead port 2/2 on $mux $procmux$4686.
    dead port 1/2 on $mux $procmux$4674.
    dead port 2/2 on $mux $procmux$4671.
    dead port 1/2 on $mux $procmux$4647.
    dead port 2/2 on $mux $procmux$4644.
    dead port 1/2 on $mux $procmux$4634.
    dead port 2/2 on $mux $procmux$4631.
    dead port 1/2 on $mux $procmux$4622.
    dead port 2/2 on $mux $procmux$4619.
    dead port 1/2 on $mux $procmux$4612.
    dead port 2/2 on $mux $procmux$4609.
    dead port 1/2 on $mux $procmux$4603.
    dead port 2/2 on $mux $procmux$4600.
Removed 74 multiplexer ports.
<suppressed ~1856 debug messages>

20.12.4. Executing OPT_REDUCE pass (consolidate $*mux and $reduce_* inputs).
  Optimizing cells in module \PSC_CPU_TimingTop.
    New ctrl vector for $pmux cell $procmux$6701: { $auto$opt_reduce.cc:137:opt_pmux$8669 $procmux$6714_CMP }
    New ctrl vector for $pmux cell $procmux$6718: { $procmux$6702_CMP $auto$opt_reduce.cc:137:opt_pmux$8671 $procmux$6723_CMP $procmux$6714_CMP }
    New ctrl vector for $pmux cell $procmux$3991: $auto$opt_reduce.cc:137:opt_pmux$8673
    New ctrl vector for $pmux cell $procmux$7089: { $procmux$6993_CMP $procmux$7092_CMP $procmux$6974_CMP $procmux$7022_CMP $procmux$7095_CMP $procmux$7047_CMP $procmux$7072_CMP $procmux$7098_CMP $procmux$7087_CMP }
    New ctrl vector for $pmux cell $procmux$6260: $auto$opt_reduce.cc:137:opt_pmux$8675
    New ctrl vector for $pmux cell $procmux$1473: { $auto$opt_reduce.cc:137:opt_pmux$8677 $procmux$1487_CMP }
    New ctrl vector for $pmux cell $procmux$4840: { $auto$opt_reduce.cc:137:opt_pmux$8679 $procmux$4842_CMP $procmux$4844_CMP $procmux$4845_CMP }
    New ctrl vector for $pmux cell $procmux$4818: { $auto$opt_reduce.cc:137:opt_pmux$8681 $procmux$4846_CMP }
    New ctrl vector for $pmux cell $procmux$4368: $auto$opt_reduce.cc:137:opt_pmux$8683
  Optimizing cells in module \PSC_CPU_TimingTop.
Performed a total of 9 changes.

20.12.5. Executing OPT_MERGE pass (detect identical cells).
Finding identical cells in module `\PSC_CPU_TimingTop'.
Computing hashes of 1391 cells of `\PSC_CPU_TimingTop'.
Finding duplicate cells in `\PSC_CPU_TimingTop'.
Computing hashes of 1383 cells of `\PSC_CPU_TimingTop'.
Finding duplicate cells in `\PSC_CPU_TimingTop'.
<suppressed ~24 debug messages>
Removed a total of 8 cells.

20.12.6. Executing OPT_DFF pass (perform DFF optimizations).

20.12.7. Executing OPT_CLEAN pass (remove unused cells and wires).
Finding unused cells or wires in module \PSC_CPU_TimingTop..
Removed 5 unused cells and 425 unused wires.
<suppressed ~7 debug messages>

20.12.8. Executing OPT_EXPR pass (perform const folding).
Optimizing module PSC_CPU_TimingTop.
<suppressed ~1 debug messages>

20.12.9. Rerunning OPT passes. (Maybe there is more to do..)

20.12.10. Executing OPT_MUXTREE pass (detect dead branches in mux trees).
Running muxtree optimizer on module \PSC_CPU_TimingTop..
  Creating internal representation of mux trees.
  Evaluating internal representation of mux trees.
  Analyzing evaluation results.
Removed 0 multiplexer ports.
<suppressed ~1775 debug messages>

20.12.11. Executing OPT_REDUCE pass (consolidate $*mux and $reduce_* inputs).
  Optimizing cells in module \PSC_CPU_TimingTop.
    New ctrl vector for $pmux cell $procmux$3984: $auto$opt_reduce.cc:137:opt_pmux$8685
    New ctrl vector for $pmux cell $procmux$3970: $auto$opt_reduce.cc:137:opt_pmux$8687
    New ctrl vector for $pmux cell $procmux$3963: $auto$opt_reduce.cc:137:opt_pmux$8689
    New ctrl vector for $pmux cell $procmux$3943: $auto$opt_reduce.cc:137:opt_pmux$8691
    New ctrl vector for $pmux cell $procmux$3927: $auto$opt_reduce.cc:137:opt_pmux$8693
    New ctrl vector for $pmux cell $procmux$3913: $auto$opt_reduce.cc:137:opt_pmux$8695
    New ctrl vector for $pmux cell $procmux$3901: $auto$opt_reduce.cc:137:opt_pmux$8697
  Optimizing cells in module \PSC_CPU_TimingTop.
Performed a total of 7 changes.

20.12.12. Executing OPT_MERGE pass (detect identical cells).
Finding identical cells in module `\PSC_CPU_TimingTop'.
Computing hashes of 1384 cells of `\PSC_CPU_TimingTop'.
Finding duplicate cells in `\PSC_CPU_TimingTop'.
Computing hashes of 1378 cells of `\PSC_CPU_TimingTop'.
Finding duplicate cells in `\PSC_CPU_TimingTop'.
<suppressed ~18 debug messages>
Removed a total of 6 cells.

20.12.13. Executing OPT_DFF pass (perform DFF optimizations).

20.12.14. Executing OPT_CLEAN pass (remove unused cells and wires).
Finding unused cells or wires in module \PSC_CPU_TimingTop..
Removed 0 unused cells and 7 unused wires.
<suppressed ~1 debug messages>

20.12.15. Executing OPT_EXPR pass (perform const folding).
Optimizing module PSC_CPU_TimingTop.

20.12.16. Rerunning OPT passes. (Maybe there is more to do..)

20.12.17. Executing OPT_MUXTREE pass (detect dead branches in mux trees).
Running muxtree optimizer on module \PSC_CPU_TimingTop..
  Creating internal representation of mux trees.
  Evaluating internal representation of mux trees.
  Analyzing evaluation results.
Removed 0 multiplexer ports.
<suppressed ~1754 debug messages>

20.12.18. Executing OPT_REDUCE pass (consolidate $*mux and $reduce_* inputs).
  Optimizing cells in module \PSC_CPU_TimingTop.
Performed a total of 0 changes.

20.12.19. Executing OPT_MERGE pass (detect identical cells).
Finding identical cells in module `\PSC_CPU_TimingTop'.
Computing hashes of 1378 cells of `\PSC_CPU_TimingTop'.
Finding duplicate cells in `\PSC_CPU_TimingTop'.
Removed a total of 0 cells.

20.12.20. Executing OPT_DFF pass (perform DFF optimizations).

20.12.21. Executing OPT_CLEAN pass (remove unused cells and wires).
Finding unused cells or wires in module \PSC_CPU_TimingTop..

20.12.22. Executing OPT_EXPR pass (perform const folding).
Optimizing module PSC_CPU_TimingTop.

20.12.23. Finished fast OPT passes. (There is nothing left to do.)

20.13. Executing FSM pass (extract and optimize FSM).

20.13.1. Executing FSM_DETECT pass (finding FSMs in design).
Found FSM state register PSC_CPU_TimingTop.u_cpu.u_fetch_state.u_mmu_i.state.
Found FSM state register PSC_CPU_TimingTop.u_cpu.u_fetch_state.fetch_state.
Found FSM state register PSC_CPU_TimingTop.u_cpu.u_execute_state.u_memory_store.state.
Found FSM state register PSC_CPU_TimingTop.u_cpu.u_execute_state.u_branch.state.
Found FSM state register PSC_CPU_TimingTop.u_cpu.u_execute_state.u_mmu_d.state.
Found FSM state register PSC_CPU_TimingTop.u_cpu.u_execute_state.u_execute.state.
Found FSM state register PSC_CPU_TimingTop.u_cpu.u_execute_state.u_execute.u_divider.state.
Found FSM state register PSC_CPU_TimingTop.u_cpu.u_execute_state.u_execute.u_multiplexer.state.
Found FSM state register PSC_CPU_TimingTop.u_cpu.u_execute_state.u_decorder.wb_sel.
Found FSM state register PSC_CPU_TimingTop.u_cpu.u_execute_state.u_decorder.pc_sel.
Found FSM state register PSC_CPU_TimingTop.u_cpu.u_execute_state.u_decorder.csr_cmd.
Found FSM state register PSC_CPU_TimingTop.u_cpu.cpu_state.
Not marking PSC_CPU_TimingTop.u_cpu.u_execute_state.execute_state as FSM state register:
    Users of register don't seem to benefit from recoding.

20.13.2. Executing FSM_EXTRACT pass (extracting FSM from design).
Extracting FSM `\u_cpu.u_fetch_state.u_mmu_i.state' from module `\PSC_CPU_TimingTop'.
  found $adff cell for state register: $procdff$7718
  root of input selection tree: $flatten\u_cpu.\u_fetch_state.\u_mmu_i.$0\state[3:0]
  found reset state: 4'0000 (from async reset)
  found ctrl input: $procmux$4502_CMP
  found ctrl input: $procmux$4377_CMP
  found ctrl input: $procmux$4369_CMP
  found ctrl input: $procmux$4452_CMP
  found ctrl input: $procmux$4403_CMP
  found ctrl input: $procmux$4370_CMP
  found ctrl input: $procmux$4469_CMP
  found ctrl input: $flatten\u_cpu.\u_fetch_state.\u_mmu_i.$eq$../rtl/cpu/src/MMU.v:172$715_Y
  found state code: 4'1000
  found ctrl input: \stimulus [6]
  found state code: 4'0111
  found state code: 4'0110
  found ctrl input: $flatten\u_cpu.\u_fetch_state.\u_mmu_i.$logic_and$../rtl/cpu/src/MMU.v:117$745_Y
  found ctrl input: $flatten\u_cpu.\u_fetch_state.\u_mmu_i.$logic_or$../rtl/cpu/src/MMU.v:109$754_Y
  found ctrl input: \u_cpu.u_fetch_state.u_mmu_i.l0_cache_hit
  found ctrl input: \stimulus [7]
  found state code: 4'0101
  found state code: 4'0100
  found state code: 4'0011
  found ctrl input: $flatten\u_cpu.\u_execute_state.\u_mmu_d.$logic_or$../rtl/cpu/src/MMU.v:193$740_Y
  found ctrl input: \u_cpu.u_fetch_state.u_mmu_i.cache_hit
  found state code: 4'0010
  found ctrl input: \u_cpu.u_fetch_state.i_MMU_enb
  found state code: 4'0001
  found ctrl output: \u_cpu.u_fetch_state.i_mmu_done
  found ctrl output: $procmux$4377_CMP
  found ctrl output: $procmux$4369_CMP
  found ctrl output: $procmux$4403_CMP
  found ctrl output: $procmux$4370_CMP
  found ctrl output: $flatten\u_cpu.\u_fetch_state.\u_mmu_i.$eq$../rtl/cpu/src/MMU.v:172$715_Y
  found ctrl output: $procmux$4502_CMP
  found ctrl output: $procmux$4452_CMP
  found ctrl output: $procmux$4469_CMP
  ctrl inputs: { \u_cpu.u_fetch_state.u_mmu_i.cache_hit \u_cpu.u_fetch_state.u_mmu_i.l0_cache_hit $flatten\u_cpu.\u_fetch_state.\u_mmu_i.$logic_and$../rtl/cpu/src/MMU.v:117$745_Y $flatten\u_cpu.\u_fetch_state.\u_mmu_i.$logic_or$../rtl/cpu/src/MMU.v:109$754_Y \u_cpu.u_fetch_state.i_MMU_enb $flatten\u_cpu.\u_execute_state.\u_mmu_d.$logic_or$../rtl/cpu/src/MMU.v:193$740_Y \stimulus [7:6] }
  ctrl outputs: { $procmux$4502_CMP $procmux$4469_CMP $procmux$4452_CMP $procmux$4403_CMP $procmux$4377_CMP $procmux$4370_CMP $procmux$4369_CMP $flatten\u_cpu.\u_fetch_state.\u_mmu_i.$0\state[3:0] $flatten\u_cpu.\u_fetch_state.\u_mmu_i.$eq$../rtl/cpu/src/MMU.v:172$715_Y \u_cpu.u_fetch_state.i_mmu_done }
  transition:     4'0000 8'----0--- ->     4'0000 13'0000000000010
  transition:     4'0000 8'----1--- ->     4'0001 13'0000000000110
  transition:     4'1000 8'-------- ->     4'0000 13'0000000000001
  transition:     4'0100 8'--0----- ->     4'1000 13'0010000100000
  transition:     4'0100 8'-010--0- ->     4'0100 13'0010000010000
  transition:     4'0100 8'-010--1- ->     4'0101 13'0010000010100
  transition:     4'0100 8'-110---- ->     4'0111 13'0010000011100
  transition:     4'0100 8'--11---- ->     4'1000 13'0010000100000
  transition:     4'0010 8'-------- ->     4'0011 13'0000010001100
  transition:     4'0110 8'-------0 ->     4'0110 13'0000100011000
  transition:     4'0110 8'-------1 ->     4'0111 13'0000100011100
  transition:     4'0001 8'0----00- ->     4'0001 13'0100000000100
  transition:     4'0001 8'0----01- ->     4'0010 13'0100000001000
  transition:     4'0001 8'1----0-- ->     4'0100 13'0100000010000
  transition:     4'0001 8'-----1-- ->     4'1000 13'0100000100000
  transition:     4'0101 8'-------- ->     4'0110 13'0000001011000
  transition:     4'0011 8'-------0 ->     4'0011 13'0001000001100
  transition:     4'0011 8'-------1 ->     4'0100 13'0001000010000
  transition:     4'0111 8'-------- ->     4'1000 13'1000000100000
Extracting FSM `\u_cpu.u_fetch_state.fetch_state' from module `\PSC_CPU_TimingTop'.
  found $adff cell for state register: $procdff$7893
  root of input selection tree: \u_cpu.u_fetch_state.next_state
  found reset state: 4'0000 (from async reset)
  found ctrl input: \u_cpu.u_execute_state.fifo_flush_sig
  found ctrl input: $procmux$4601_CMP
  found ctrl input: $procmux$4620_CMP
  found ctrl input: $procmux$4632_CMP
  found ctrl input: \u_cpu.u_fetch_state.u_mmu_i.cpu_state_done
  found ctrl input: \u_cpu.u_fetch_state.u_fetch.fetch_enb
  found ctrl input: $procmux$4687_CMP
  found ctrl input: \u_cpu.u_fetch_state.i_MMU_enb
  found ctrl input: $procmux$4707_CMP
  found ctrl input: $procmux$4779_CMP
  found ctrl input: $flatten\u_cpu.\u_fetch_state.$or$../rtl/cpu/src/PSC_RV32ISP_Fetch.v:227$64_Y
  found ctrl input: \u_cpu.u_fetch_state.i_mmu_done
  found ctrl input: \u_cpu.u_execute_state.execute_ready
  found ctrl input: \stimulus [1]
  found state code: 4'0001
  found ctrl input: \program_mem_read_valid
  found state code: 4'0101
  found state code: 4'0100
  found state code: 4'0011
  found ctrl input: \u_cpu.u_fetch_state.u_fetch_fifo.empty
  found ctrl input: \u_cpu.u_fetch_state.u_fetch_fifo.full
  found state code: 4'0010
  found ctrl input: \u_cpu.fetch_valid
  found ctrl input: $auto$opt_reduce.cc:137:opt_pmux$8679
  found state code: 4'1000
  found state code: 4'0111
  found state code: 4'1001
  found state code: 4'0110
  found ctrl output: $procmux$4620_CMP
  found ctrl output: $procmux$4601_CMP
  found ctrl output: $procmux$4779_CMP
  found ctrl output: $procmux$4632_CMP
  found ctrl output: \u_cpu.u_fetch_state.u_mmu_i.cpu_state_done
  found ctrl output: \u_cpu.u_fetch_state.u_fetch.fetch_enb
  found ctrl output: $procmux$4687_CMP
  found ctrl output: \u_cpu.u_fetch_state.i_MMU_enb
  found ctrl output: $procmux$4707_CMP
  ctrl inputs: { \u_cpu.fetch_valid \u_cpu.u_fetch_state.u_fetch_fifo.full \u_cpu.u_fetch_state.u_fetch_fifo.empty $flatten\u_cpu.\u_fetch_state.$or$../rtl/cpu/src/PSC_RV32ISP_Fetch.v:227$64_Y \u_cpu.u_fetch_state.i_mmu_done \u_cpu.u_execute_state.fifo_flush_sig \u_cpu.u_execute_state.execute_ready \stimulus [1] \program_mem_read_valid $auto$opt_reduce.cc:137:opt_pmux$8679 }
  ctrl outputs: { $procmux$4779_CMP $procmux$4707_CMP $procmux$4687_CMP $procmux$4632_CMP $procmux$4620_CMP $procmux$4601_CMP \u_cpu.u_fetch_state.u_fetch.fetch_enb \u_cpu.u_fetch_state.u_mmu_i.cpu_state_done \u_cpu.u_fetch_state.i_MMU_enb \u_cpu.u_fetch_state.next_state }
  transition:     4'0000 10'0----0---- ->     4'0000 13'1000000000000
  transition:     4'0000 10'1----0---- ->     4'0001 13'1000000000001
  transition:     4'0000 10'-----1---- ->     4'0000 13'1000000000000
  transition:     4'1000 10'----00---- ->     4'1000 13'0000100001000
  transition:     4'1000 10'----10---- ->     4'0000 13'0000100000000
  transition:     4'1000 10'-----1---- ->     4'1000 13'0000100001000
  transition:     4'0100 10'-----0--0- ->     4'0100 13'0000001000100
  transition:     4'0100 10'-----0--1- ->     4'0101 13'0000001000101
  transition:     4'0100 10'-----1---- ->     4'0111 13'0000001000111
  transition:     4'0010 10'-----0---- ->     4'0011 13'0000000010011
  transition:     4'0010 10'-----1---- ->     4'1000 13'0000000011000
  transition:     4'0110 10'-----00--- ->     4'0110 13'0001000000110
  transition:     4'0110 10'-----01--- ->     4'0000 13'0001000000000
  transition:     4'0110 10'-----1---- ->     4'0111 13'0001000000111
  transition:     4'0001 10'-00--0---- ->     4'0010 13'0100000000010
  transition:     4'0001 10'-10--0---- ->     4'0001 13'0100000000001
  transition:     4'0001 10'--1--0---- ->     4'0010 13'0100000000010
  transition:     4'0001 10'-----1---- ->     4'0111 13'0100000000111
  transition:     4'1001 10'---0-0---- ->     4'1001 13'0000010001001
  transition:     4'1001 10'---1-0---- ->     4'0000 13'0000010000000
  transition:     4'1001 10'-----1---- ->     4'1001 13'0000010001001
  transition:     4'0101 10'-----0-0-- ->     4'0101 13'0000000100101
  transition:     4'0101 10'-----0-1-- ->     4'0001 13'0000000100001
  transition:     4'0101 10'-----1-0-- ->     4'1001 13'0000000101001
  transition:     4'0101 10'-----1-1-- ->     4'0110 13'0000000100110
  transition:     4'0011 10'----00---- ->     4'0011 13'0010000000011
  transition:     4'0011 10'----10---- ->     4'0100 13'0010000000100
  transition:     4'0011 10'----01---- ->     4'1000 13'0010000001000
  transition:     4'0011 10'----11---- ->     4'0111 13'0010000000111
  transition:     4'0111 10'-----0---- ->     4'0000 13'0000000000000
  transition:     4'0111 10'-----1---- ->     4'0111 13'0000000000111
Extracting FSM `\u_cpu.u_execute_state.u_memory_store.state' from module `\PSC_CPU_TimingTop'.
  found $adff cell for state register: $procdff$8133
  root of input selection tree: $flatten\u_cpu.\u_execute_state.\u_memory_store.$0\state[3:0]
  found reset state: 4'0000 (from async reset)
  found ctrl input: $procmux$5751_CMP
  found ctrl input: $procmux$5754_CMP
  found ctrl input: $procmux$5748_CMP
  found ctrl input: $procmux$5763_CMP
  found ctrl input: \stimulus [5]
  found state code: 4'0100
  found ctrl input: \stimulus [4]
  found ctrl input: \u_cpu.u_execute_state.u_decorder.mem_rw
  found state code: 4'0010
  found ctrl input: \u_cpu.u_execute_state.u_memory_store.store_enb
  found state code: 4'0001
  found ctrl output: $procmux$5751_CMP
  found ctrl output: $procmux$5754_CMP
  found ctrl output: $procmux$5748_CMP
  found ctrl output: $procmux$5763_CMP
  ctrl inputs: { \u_cpu.u_execute_state.u_memory_store.store_enb \u_cpu.u_execute_state.u_decorder.mem_rw \stimulus [5:4] }
  ctrl outputs: { $procmux$5763_CMP $procmux$5754_CMP $procmux$5751_CMP $procmux$5748_CMP $flatten\u_cpu.\u_execute_state.\u_memory_store.$0\state[3:0] }
  transition:     4'0000 4'0--- ->     4'0000 8'10000000
  transition:     4'0000 4'1--- ->     4'0001 8'10000001
  transition:     4'0100 4'---- ->     4'0000 8'00100000
  transition:     4'0010 4'--0- ->     4'0010 8'01000010
  transition:     4'0010 4'--1- ->     4'0100 8'01000100
  transition:     4'0001 4'---0 ->     4'0001 8'00010001
  transition:     4'0001 4'-0-1 ->     4'0000 8'00010000
  transition:     4'0001 4'-1-1 ->     4'0010 8'00010010
Extracting FSM `\u_cpu.u_execute_state.u_branch.state' from module `\PSC_CPU_TimingTop'.
  found $adff cell for state register: $procdff$8158
  root of input selection tree: $flatten\u_cpu.\u_execute_state.\u_branch.$0\state[3:0]
  found reset state: 4'0000 (from async reset)
  found ctrl input: $procmux$5865_CMP
  found ctrl input: $procmux$5854_CMP
  found ctrl input: $procmux$5869_CMP
  found ctrl input: $procmux$5862_CMP
  found ctrl input: $procmux$5804_CMP
  found state code: 4'0100
  found ctrl input: \stimulus [3]
  found state code: 4'0011
  found ctrl input: \stimulus [4]
  found state code: 4'0010
  found ctrl input: \u_cpu.u_execute_state.u_branch.branch_enb
  found ctrl input: \u_cpu.u_execute_state.u_branch.is_load_store
  found state code: 4'0001
  found ctrl output: $procmux$5854_CMP
  found ctrl output: $procmux$5865_CMP
  found ctrl output: $procmux$5869_CMP
  found ctrl output: $procmux$5862_CMP
  found ctrl output: $procmux$5804_CMP
  ctrl inputs: { \u_cpu.u_execute_state.u_branch.branch_enb \u_cpu.u_execute_state.u_branch.is_load_store \stimulus [4:3] }
  ctrl outputs: { $procmux$5869_CMP $procmux$5865_CMP $procmux$5862_CMP $procmux$5854_CMP $procmux$5804_CMP $flatten\u_cpu.\u_execute_state.\u_branch.$0\state[3:0] }
  transition:     4'0000 4'0--- ->     4'0000 9'000010000
  transition:     4'0000 4'10-- ->     4'0011 9'000010011
  transition:     4'0000 4'11-- ->     4'0001 9'000010001
  transition:     4'0100 4'---- ->     4'0000 9'010000000
  transition:     4'0010 4'---0 ->     4'0010 9'100000010
  transition:     4'0010 4'---1 ->     4'0011 9'100000011
  transition:     4'0001 4'--0- ->     4'0001 9'001000001
  transition:     4'0001 4'--1- ->     4'0010 9'001000010
  transition:     4'0011 4'---- ->     4'0100 9'000100100
Extracting FSM `\u_cpu.u_execute_state.u_mmu_d.state' from module `\PSC_CPU_TimingTop'.
  found $adff cell for state register: $procdff$8198
  root of input selection tree: $flatten\u_cpu.\u_execute_state.\u_mmu_d.$0\state[3:0]
  found reset state: 4'0000 (from async reset)
  found ctrl input: $procmux$6394_CMP
  found ctrl input: $procmux$6269_CMP
  found ctrl input: $procmux$6261_CMP
  found ctrl input: $procmux$6344_CMP
  found ctrl input: $procmux$6295_CMP
  found ctrl input: $procmux$6262_CMP
  found ctrl input: $procmux$6361_CMP
  found ctrl input: $flatten\u_cpu.\u_execute_state.\u_mmu_d.$eq$../rtl/cpu/src/MMU.v:172$715_Y
  found state code: 4'1000
  found ctrl input: \stimulus [3]
  found state code: 4'0111
  found state code: 4'0110
  found ctrl input: $flatten\u_cpu.\u_execute_state.\u_mmu_d.$logic_and$../rtl/cpu/src/MMU.v:117$745_Y
  found ctrl input: $flatten\u_cpu.\u_execute_state.\u_mmu_d.$logic_or$../rtl/cpu/src/MMU.v:109$754_Y
  found ctrl input: \u_cpu.u_execute_state.u_mmu_d.l0_cache_hit
  found ctrl input: \stimulus [4]
  found state code: 4'0101
  found state code: 4'0100
  found state code: 4'0011
  found ctrl input: $flatten\u_cpu.\u_execute_state.\u_mmu_d.$logic_or$../rtl/cpu/src/MMU.v:193$740_Y
  found ctrl input: \u_cpu.u_execute_state.u_mmu_d.cache_hit
  found state code: 4'0010
  found ctrl input: \u_cpu.u_execute_state.u_mmu_d.MMU_enb
  found state code: 4'0001
  found ctrl output: \u_cpu.u_execute_state.d_mmu_done
  found ctrl output: $procmux$6262_CMP
  found ctrl output: $procmux$6295_CMP
  found ctrl output: $procmux$6269_CMP
  found ctrl output: $procmux$6344_CMP
  found ctrl output: $procmux$6361_CMP
  found ctrl output: $procmux$6394_CMP
  found ctrl output: $procmux$6261_CMP
  found ctrl output: $flatten\u_cpu.\u_execute_state.\u_mmu_d.$eq$../rtl/cpu/src/MMU.v:172$715_Y
  ctrl inputs: { \u_cpu.u_execute_state.u_mmu_d.MMU_enb \u_cpu.u_execute_state.u_mmu_d.cache_hit \u_cpu.u_execute_state.u_mmu_d.l0_cache_hit $flatten\u_cpu.\u_execute_state.\u_mmu_d.$logic_or$../rtl/cpu/src/MMU.v:193$740_Y $flatten\u_cpu.\u_execute_state.\u_mmu_d.$logic_and$../rtl/cpu/src/MMU.v:117$745_Y $flatten\u_cpu.\u_execute_state.\u_mmu_d.$logic_or$../rtl/cpu/src/MMU.v:109$754_Y \stimulus [4:3] }
  ctrl outputs: { $procmux$6394_CMP $procmux$6361_CMP $procmux$6344_CMP $procmux$6295_CMP $procmux$6269_CMP $procmux$6262_CMP $procmux$6261_CMP $flatten\u_cpu.\u_execute_state.\u_mmu_d.$0\state[3:0] $flatten\u_cpu.\u_execute_state.\u_mmu_d.$eq$../rtl/cpu/src/MMU.v:172$715_Y \u_cpu.u_execute_state.d_mmu_done }
  transition:     4'0000 8'0------- ->     4'0000 13'0000000000010
  transition:     4'0000 8'1------- ->     4'0001 13'0000000000110
  transition:     4'1000 8'-------- ->     4'0000 13'0000000000001
  transition:     4'0100 8'----0--- ->     4'1000 13'0010000100000
  transition:     4'0100 8'--0-100- ->     4'0100 13'0010000010000
  transition:     4'0100 8'--0-101- ->     4'0101 13'0010000010100
  transition:     4'0100 8'--1-10-- ->     4'0111 13'0010000011100
  transition:     4'0100 8'----11-- ->     4'1000 13'0010000100000
  transition:     4'0010 8'-------- ->     4'0011 13'0000010001100
  transition:     4'0110 8'-------0 ->     4'0110 13'0000100011000
  transition:     4'0110 8'-------1 ->     4'0111 13'0000100011100
  transition:     4'0001 8'-0-0--0- ->     4'0001 13'0100000000100
  transition:     4'0001 8'-0-0--1- ->     4'0010 13'0100000001000
  transition:     4'0001 8'-1-0---- ->     4'0100 13'0100000010000
  transition:     4'0001 8'---1---- ->     4'1000 13'0100000100000
  transition:     4'0101 8'-------- ->     4'0110 13'0000001011000
  transition:     4'0011 8'-------0 ->     4'0011 13'0001000001100
  transition:     4'0011 8'-------1 ->     4'0100 13'0001000010000
  transition:     4'0111 8'-------- ->     4'1000 13'1000000100000
Extracting FSM `\u_cpu.u_execute_state.u_execute.state' from module `\PSC_CPU_TimingTop'.
  found $adff cell for state register: $procdff$8388
  root of input selection tree: $flatten\u_cpu.\u_execute_state.\u_execute.$0\state[3:0]
  found reset state: 4'0000 (from async reset)
  found ctrl input: $flatten\u_cpu.\u_execute_state.\u_execute.$eq$../rtl/cpu/src/Execute.v:54$454_Y
  found ctrl input: $procmux$6723_CMP
  found ctrl input: $auto$opt_reduce.cc:137:opt_pmux$8671
  found ctrl input: $procmux$6702_CMP
  found ctrl input: \u_cpu.u_execute_state.u_execute.div_start
  found ctrl input: \u_cpu.u_execute_state.u_execute.mul_start
  found ctrl input: \u_cpu.u_execute_state.u_execute.execute_enb
  found state code: 4'0010
  found state code: 4'0101
  found state code: 4'0011
  found ctrl input: \u_cpu.u_execute_state.u_execute.div_done
  found state code: 4'0100
  found ctrl input: \u_cpu.u_execute_state.u_execute.u_multiplexer.done
  found ctrl output: $procmux$6702_CMP
  found ctrl output: $procmux$6703_CMP
  found ctrl output: $procmux$6704_CMP
  found ctrl output: $flatten\u_cpu.\u_execute_state.\u_execute.$eq$../rtl/cpu/src/Execute.v:54$454_Y
  found ctrl output: $procmux$6723_CMP
  ctrl inputs: { \u_cpu.u_execute_state.u_execute.execute_enb \u_cpu.u_execute_state.u_execute.div_start \u_cpu.u_execute_state.u_execute.div_done \u_cpu.u_execute_state.u_execute.mul_start \u_cpu.u_execute_state.u_execute.u_multiplexer.done $auto$opt_reduce.cc:137:opt_pmux$8671 }
  ctrl outputs: { $procmux$6723_CMP $procmux$6704_CMP $procmux$6703_CMP $procmux$6702_CMP $flatten\u_cpu.\u_execute_state.\u_execute.$eq$../rtl/cpu/src/Execute.v:54$454_Y $flatten\u_cpu.\u_execute_state.\u_execute.$0\state[3:0] }
  transition:     4'0000 6'00-0-- ->     4'0000 9'000010000
  transition:     4'0000 6'10-0-- ->     4'0010 9'000010010
  transition:     4'0000 6'-0-1-- ->     4'0101 9'000010101
  transition:     4'0000 6'-1---- ->     4'0011 9'000010011
  transition:     4'0100 6'------ ->     4'0000 9'001000000
  transition:     4'0010 6'------ ->     4'0000 9'010000000
  transition:     4'0101 6'----0- ->     4'0101 9'000100101
  transition:     4'0101 6'----1- ->     4'0000 9'000100000
  transition:     4'0011 6'--0--- ->     4'0011 9'100000011
  transition:     4'0011 6'--1--- ->     4'0100 9'100000100
Extracting FSM `\u_cpu.u_execute_state.u_execute.u_divider.state' from module `\PSC_CPU_TimingTop'.
  found $adff cell for state register: $procdff$8418
  root of input selection tree: $flatten\u_cpu.\u_execute_state.\u_execute.\u_divider.$0\state[3:0]
  found reset state: 4'0000 (from async reset)
  found ctrl input: \u_cpu.u_execute_state.u_execute.div_done
  found ctrl input: $procmux$6808_CMP
  found ctrl input: $procmux$6840_CMP
  found ctrl input: $procmux$6809_CMP
  found ctrl input: $procmux$6884_CMP
  found ctrl input: \u_cpu.u_execute_state.u_execute.div_start
  found state code: 4'0100
  found ctrl input: $flatten\u_cpu.\u_execute_state.\u_execute.\u_divider.$eq$../rtl/cpu/src/Execute_Divider.v:103$535_Y
  found ctrl input: $flatten\u_cpu.\u_execute_state.\u_execute.\u_divider.$eq$../rtl/cpu/src/Execute_Divider.v:120$537_Y
  found state code: 4'0011
  found state code: 4'0010
  found state code: 4'0001
  found ctrl output: $procmux$6808_CMP
  found ctrl output: $procmux$6809_CMP
  found ctrl output: $procmux$6840_CMP
  found ctrl output: \u_cpu.u_execute_state.u_execute.div_done
  found ctrl output: $procmux$6884_CMP
  ctrl inputs: { \u_cpu.u_execute_state.u_execute.div_start $flatten\u_cpu.\u_execute_state.\u_execute.\u_divider.$eq$../rtl/cpu/src/Execute_Divider.v:120$537_Y $flatten\u_cpu.\u_execute_state.\u_execute.\u_divider.$eq$../rtl/cpu/src/Execute_Divider.v:103$535_Y }
  ctrl outputs: { $procmux$6884_CMP $procmux$6840_CMP $procmux$6809_CMP $procmux$6808_CMP \u_cpu.u_execute_state.u_execute.div_done $flatten\u_cpu.\u_execute_state.\u_execute.\u_divider.$0\state[3:0] }
  transition:     4'0000 3'0-- ->     4'0000 9'100000000
  transition:     4'0000 3'1-- ->     4'0001 9'100000001
  transition:     4'0100 3'0-- ->     4'0000 9'000010000
  transition:     4'0100 3'1-- ->     4'0100 9'000010100
  transition:     4'0010 3'-00 ->     4'0010 9'010000010
  transition:     4'0010 3'-10 ->     4'0011 9'010000011
  transition:     4'0010 3'--1 ->     4'0011 9'010000011
  transition:     4'0001 3'--- ->     4'0010 9'001000010
  transition:     4'0011 3'--- ->     4'0100 9'000100100
Extracting FSM `\u_cpu.u_execute_state.u_execute.u_multiplexer.state' from module `\PSC_CPU_TimingTop'.
  found $adff cell for state register: $procdff$8473
  root of input selection tree: $flatten\u_cpu.\u_execute_state.\u_execute.\u_multiplexer.$0\state[1:0]
  found reset state: 2'00 (from async reset)
  found ctrl input: $procmux$6902_CMP
  found ctrl input: \u_cpu.u_execute_state.u_execute.mul_start
  found state code: 2'01
  found ctrl output: $procmux$6896_CMP
  found ctrl output: $procmux$6902_CMP
  ctrl inputs: \u_cpu.u_execute_state.u_execute.mul_start
  ctrl outputs: { $procmux$6902_CMP $procmux$6896_CMP $flatten\u_cpu.\u_execute_state.\u_execute.\u_multiplexer.$0\state[1:0] }
  transition:       2'00 1'0 ->       2'00 4'1000
  transition:       2'00 1'1 ->       2'01 4'1001
  transition:       2'01 1'- ->       2'00 4'0100
Extracting FSM `\u_cpu.u_execute_state.u_decorder.wb_sel' from module `\PSC_CPU_TimingTop'.
  found $adff cell for state register: $procdff$8593
  root of input selection tree: $flatten\u_cpu.\u_execute_state.\u_decorder.$0\wb_sel[1:0]
  found reset state: 2'00 (from async reset)
  found ctrl input: \u_cpu.u_execute_state.u_decorder.decode_enb
  found ctrl input: \u_cpu.u_execute_state.u_decorder.is_load_w
  found ctrl input: $flatten\u_cpu.\u_execute_state.\u_decorder.$logic_or$../rtl/cpu/src/Decorder.v:273$390_Y
  found ctrl input: \u_cpu.u_execute_state.u_decorder.is_csr_any
  found state code: 2'11
  found state code: 2'10
  found state code: 2'01
  found ctrl output: $flatten\u_cpu.\u_execute_state.\u_memory_store.$eq$../rtl/cpu/src/MemoryStore.v:162$1115_Y
  found ctrl output: $flatten\u_cpu.\u_execute_state.\u_memory_store.$eq$../rtl/cpu/src/MemoryStore.v:161$1114_Y
  found ctrl output: $flatten\u_cpu.\u_execute_state.\u_memory_store.$eq$../rtl/cpu/src/MemoryStore.v:160$1113_Y
  ctrl inputs: { \u_cpu.u_execute_state.u_decorder.decode_enb \u_cpu.u_execute_state.u_decorder.is_csr_any \u_cpu.u_execute_state.u_decorder.is_load_w $flatten\u_cpu.\u_execute_state.\u_decorder.$logic_or$../rtl/cpu/src/Decorder.v:273$390_Y }
  ctrl outputs: { $flatten\u_cpu.\u_execute_state.\u_memory_store.$eq$../rtl/cpu/src/MemoryStore.v:160$1113_Y $flatten\u_cpu.\u_execute_state.\u_memory_store.$eq$../rtl/cpu/src/MemoryStore.v:161$1114_Y $flatten\u_cpu.\u_execute_state.\u_memory_store.$eq$../rtl/cpu/src/MemoryStore.v:162$1115_Y $flatten\u_cpu.\u_execute_state.\u_decorder.$0\wb_sel[1:0] }
  transition:       2'00 4'0--- ->       2'00 5'10000
  transition:       2'00 4'1000 ->       2'00 5'10000
  transition:       2'00 4'1100 ->       2'11 5'10011
  transition:       2'00 4'1-01 ->       2'10 5'10010
  transition:       2'00 4'1-1- ->       2'01 5'10001
  transition:       2'10 4'0--- ->       2'10 5'00110
  transition:       2'10 4'1000 ->       2'00 5'00100
  transition:       2'10 4'1100 ->       2'11 5'00111
  transition:       2'10 4'1-01 ->       2'10 5'00110
  transition:       2'10 4'1-1- ->       2'01 5'00101
  transition:       2'01 4'0--- ->       2'01 5'01001
  transition:       2'01 4'1000 ->       2'00 5'01000
  transition:       2'01 4'1100 ->       2'11 5'01011
  transition:       2'01 4'1-01 ->       2'10 5'01010
  transition:       2'01 4'1-1- ->       2'01 5'01001
  transition:       2'11 4'0--- ->       2'11 5'00011
  transition:       2'11 4'1000 ->       2'00 5'00000
  transition:       2'11 4'1100 ->       2'11 5'00011
  transition:       2'11 4'1-01 ->       2'10 5'00010
  transition:       2'11 4'1-1- ->       2'01 5'00001
Extracting FSM `\u_cpu.u_execute_state.u_decorder.pc_sel' from module `\PSC_CPU_TimingTop'.
  found $adff cell for state register: $procdff$8563
  root of input selection tree: $flatten\u_cpu.\u_execute_state.\u_decorder.$0\pc_sel[1:0]
  found reset state: 2'00 (from async reset)
  found ctrl input: \u_cpu.u_execute_state.u_decorder.decode_enb
  found ctrl input: $flatten\u_cpu.\u_execute_state.\u_decorder.$eq$../rtl/cpu/src/Decorder.v:185$304_Y
  found ctrl input: $flatten\u_cpu.\u_execute_state.\u_decorder.$logic_or$../rtl/cpu/src/Decorder.v:296$435_Y
  found state code: 2'10
  found state code: 2'01
  found ctrl output: $procmux$5802_CMP
  found ctrl output: $procmux$5812_CMP
  ctrl inputs: { \u_cpu.u_execute_state.u_decorder.decode_enb $flatten\u_cpu.\u_execute_state.\u_decorder.$eq$../rtl/cpu/src/Decorder.v:185$304_Y $flatten\u_cpu.\u_execute_state.\u_decorder.$logic_or$../rtl/cpu/src/Decorder.v:296$435_Y }
  ctrl outputs: { $procmux$5812_CMP $procmux$5802_CMP $flatten\u_cpu.\u_execute_state.\u_decorder.$0\pc_sel[1:0] }
  transition:       2'00 3'0-- ->       2'00 4'0000
  transition:       2'00 3'100 ->       2'00 4'0000
  transition:       2'00 3'101 ->       2'10 4'0010
  transition:       2'00 3'11- ->       2'01 4'0001
  transition:       2'10 3'0-- ->       2'10 4'1010
  transition:       2'10 3'100 ->       2'00 4'1000
  transition:       2'10 3'101 ->       2'10 4'1010
  transition:       2'10 3'11- ->       2'01 4'1001
  transition:       2'01 3'0-- ->       2'01 4'0101
  transition:       2'01 3'100 ->       2'00 4'0100
  transition:       2'01 3'101 ->       2'10 4'0110
  transition:       2'01 3'11- ->       2'01 4'0101
Extracting FSM `\u_cpu.u_execute_state.u_decorder.csr_cmd' from module `\PSC_CPU_TimingTop'.
  found $adff cell for state register: $procdff$8498
  root of input selection tree: $flatten\u_cpu.\u_execute_state.\u_decorder.$0\csr_cmd[1:0]
  found reset state: 2'00 (from async reset)
  found ctrl input: \u_cpu.u_execute_state.u_decorder.decode_enb
  found ctrl input: $flatten\u_cpu.\u_execute_state.\u_decorder.$or$../rtl/cpu/src/Decorder.v:139$294_Y
  found ctrl input: $flatten\u_cpu.\u_execute_state.\u_decorder.$or$../rtl/cpu/src/Decorder.v:140$295_Y
  found ctrl input: $flatten\u_cpu.\u_execute_state.\u_decorder.$or$../rtl/cpu/src/Decorder.v:141$296_Y
  found state code: 2'10
  found state code: 2'01
  found ctrl output: $procmux$1512_CMP
  found ctrl output: $procmux$1513_CMP
  found ctrl output: $procmux$1514_CMP
  ctrl inputs: { \u_cpu.u_execute_state.u_decorder.decode_enb $flatten\u_cpu.\u_execute_state.\u_decorder.$or$../rtl/cpu/src/Decorder.v:139$294_Y $flatten\u_cpu.\u_execute_state.\u_decorder.$or$../rtl/cpu/src/Decorder.v:140$295_Y $flatten\u_cpu.\u_execute_state.\u_decorder.$or$../rtl/cpu/src/Decorder.v:141$296_Y }
  ctrl outputs: { $procmux$1514_CMP $procmux$1513_CMP $procmux$1512_CMP $flatten\u_cpu.\u_execute_state.\u_decorder.$0\csr_cmd[1:0] }
  transition:       2'00 4'0--- ->       2'00 5'10000
  transition:       2'00 4'1000 ->       2'00 5'10000
  transition:       2'00 4'1001 ->       2'10 5'10010
  transition:       2'00 4'101- ->       2'01 5'10001
  transition:       2'00 4'11-- ->       2'00 5'10000
  transition:       2'10 4'0--- ->       2'10 5'00110
  transition:       2'10 4'1000 ->       2'00 5'00100
  transition:       2'10 4'1001 ->       2'10 5'00110
  transition:       2'10 4'101- ->       2'01 5'00101
  transition:       2'10 4'11-- ->       2'00 5'00100
  transition:       2'01 4'0--- ->       2'01 5'01001
  transition:       2'01 4'1000 ->       2'00 5'01000
  transition:       2'01 4'1001 ->       2'10 5'01010
  transition:       2'01 4'101- ->       2'01 5'01001
  transition:       2'01 4'11-- ->       2'00 5'01000
Extracting FSM `\u_cpu.cpu_state' from module `\PSC_CPU_TimingTop'.
  found $adff cell for state register: $procdff$7118
  root of input selection tree: $flatten\u_cpu.$0\cpu_state[3:0]
  found reset state: 4'0000 (from async reset)
  found ctrl input: \u_cpu.u_execute_state.cpu_trap
  found ctrl input: $procmux$1475_CMP
  found ctrl input: $procmux$1476_CMP
  found ctrl input: \u_cpu.u_execute_state.execute_ready
  found state code: 4'0001
  found ctrl input: $flatten\u_cpu.$or$../rtl/cpu/src/PSC_RV32ISP_core.v:116$17_Y
  found state code: 4'0010
  found ctrl output: $procmux$1474_CMP
  found ctrl output: \u_cpu.u_execute_state.cpu_trap
  found ctrl output: $procmux$1475_CMP
  found ctrl output: $procmux$1476_CMP
  ctrl inputs: { $flatten\u_cpu.$or$../rtl/cpu/src/PSC_RV32ISP_core.v:116$17_Y \u_cpu.u_execute_state.execute_ready }
  ctrl outputs: { $procmux$1476_CMP $procmux$1475_CMP $procmux$1474_CMP $flatten\u_cpu.$0\cpu_state[3:0] \u_cpu.u_execute_state.cpu_trap }
  transition:     4'0000 2'-- ->     4'0001 8'10000010
  transition:     4'0010 2'-0 ->     4'0010 8'00000101
  transition:     4'0010 2'-1 ->     4'0001 8'00000011
  transition:     4'0001 2'0- ->     4'0001 8'01000010
  transition:     4'0001 2'1- ->     4'0010 8'01000100

20.13.3. Executing FSM_OPT pass (simple optimizations of FSMs).
Optimizing FSM `$fsm$\u_cpu.cpu_state$8776' from module `\PSC_CPU_TimingTop'.
Optimizing FSM `$fsm$\u_cpu.u_execute_state.u_decorder.csr_cmd$8771' from module `\PSC_CPU_TimingTop'.
Optimizing FSM `$fsm$\u_cpu.u_execute_state.u_decorder.pc_sel$8767' from module `\PSC_CPU_TimingTop'.
Optimizing FSM `$fsm$\u_cpu.u_execute_state.u_decorder.wb_sel$8762' from module `\PSC_CPU_TimingTop'.
Optimizing FSM `$fsm$\u_cpu.u_execute_state.u_execute.u_multiplexer.state$8758' from module `\PSC_CPU_TimingTop'.
Optimizing FSM `$fsm$\u_cpu.u_execute_state.u_execute.u_divider.state$8751' from module `\PSC_CPU_TimingTop'.
Optimizing FSM `$fsm$\u_cpu.u_execute_state.u_execute.state$8744' from module `\PSC_CPU_TimingTop'.
  Removing unused input signal $auto$opt_reduce.cc:137:opt_pmux$8671.
Optimizing FSM `$fsm$\u_cpu.u_execute_state.u_mmu_d.state$8733' from module `\PSC_CPU_TimingTop'.
Optimizing FSM `$fsm$\u_cpu.u_execute_state.u_branch.state$8726' from module `\PSC_CPU_TimingTop'.
Optimizing FSM `$fsm$\u_cpu.u_execute_state.u_memory_store.state$8720' from module `\PSC_CPU_TimingTop'.
Optimizing FSM `$fsm$\u_cpu.u_fetch_state.fetch_state$8709' from module `\PSC_CPU_TimingTop'.
  Removing unused input signal $auto$opt_reduce.cc:137:opt_pmux$8679.
Optimizing FSM `$fsm$\u_cpu.u_fetch_state.u_mmu_i.state$8698' from module `\PSC_CPU_TimingTop'.

20.13.4. Executing OPT_CLEAN pass (remove unused cells and wires).
Finding unused cells or wires in module \PSC_CPU_TimingTop..
Removed 147 unused cells and 155 unused wires.
<suppressed ~159 debug messages>

20.13.5. Executing FSM_OPT pass (simple optimizations of FSMs).
Optimizing FSM `$fsm$\u_cpu.cpu_state$8776' from module `\PSC_CPU_TimingTop'.
  Removing unused output signal $flatten\u_cpu.$0\cpu_state[3:0] [0].
  Removing unused output signal $flatten\u_cpu.$0\cpu_state[3:0] [1].
  Removing unused output signal $flatten\u_cpu.$0\cpu_state[3:0] [2].
  Removing unused output signal $flatten\u_cpu.$0\cpu_state[3:0] [3].
Optimizing FSM `$fsm$\u_cpu.u_execute_state.u_decorder.csr_cmd$8771' from module `\PSC_CPU_TimingTop'.
  Removing unused output signal $flatten\u_cpu.\u_execute_state.\u_decorder.$0\csr_cmd[1:0] [0].
  Removing unused output signal $flatten\u_cpu.\u_execute_state.\u_decorder.$0\csr_cmd[1:0] [1].
Optimizing FSM `$fsm$\u_cpu.u_fetch_state.u_mmu_i.state$8698' from module `\PSC_CPU_TimingTop'.
  Removing unused output signal $flatten\u_cpu.\u_fetch_state.\u_mmu_i.$0\state[3:0] [0].
  Removing unused output signal $flatten\u_cpu.\u_fetch_state.\u_mmu_i.$0\state[3:0] [1].
  Removing unused output signal $flatten\u_cpu.\u_fetch_state.\u_mmu_i.$0\state[3:0] [2].
  Removing unused output signal $flatten\u_cpu.\u_fetch_state.\u_mmu_i.$0\state[3:0] [3].
Optimizing FSM `$fsm$\u_cpu.u_fetch_state.fetch_state$8709' from module `\PSC_CPU_TimingTop'.
  Removing unused output signal \u_cpu.u_fetch_state.next_state [0].
  Removing unused output signal \u_cpu.u_fetch_state.next_state [1].
  Removing unused output signal \u_cpu.u_fetch_state.next_state [2].
  Removing unused output signal \u_cpu.u_fetch_state.next_state [3].
  Removing unused output signal $procmux$4620_CMP.
  Removing unused output signal $procmux$4632_CMP.
Optimizing FSM `$fsm$\u_cpu.u_execute_state.u_memory_store.state$8720' from module `\PSC_CPU_TimingTop'.
  Removing unused output signal $flatten\u_cpu.\u_execute_state.\u_memory_store.$0\state[3:0] [0].
  Removing unused output signal $flatten\u_cpu.\u_execute_state.\u_memory_store.$0\state[3:0] [1].
  Removing unused output signal $flatten\u_cpu.\u_execute_state.\u_memory_store.$0\state[3:0] [2].
  Removing unused output signal $flatten\u_cpu.\u_execute_state.\u_memory_store.$0\state[3:0] [3].
  Removing unused output signal $procmux$5751_CMP.
  Removing unused output signal $procmux$5754_CMP.
  Removing unused output signal $procmux$5763_CMP.
Optimizing FSM `$fsm$\u_cpu.u_execute_state.u_branch.state$8726' from module `\PSC_CPU_TimingTop'.
  Removing unused output signal $flatten\u_cpu.\u_execute_state.\u_branch.$0\state[3:0] [0].
  Removing unused output signal $flatten\u_cpu.\u_execute_state.\u_branch.$0\state[3:0] [1].
  Removing unused output signal $flatten\u_cpu.\u_execute_state.\u_branch.$0\state[3:0] [2].
  Removing unused output signal $flatten\u_cpu.\u_execute_state.\u_branch.$0\state[3:0] [3].
  Removing unused output signal $procmux$5865_CMP.
  Removing unused output signal $procmux$5869_CMP.
Optimizing FSM `$fsm$\u_cpu.u_execute_state.u_mmu_d.state$8733' from module `\PSC_CPU_TimingTop'.
  Removing unused output signal $flatten\u_cpu.\u_execute_state.\u_mmu_d.$0\state[3:0] [0].
  Removing unused output signal $flatten\u_cpu.\u_execute_state.\u_mmu_d.$0\state[3:0] [1].
  Removing unused output signal $flatten\u_cpu.\u_execute_state.\u_mmu_d.$0\state[3:0] [2].
  Removing unused output signal $flatten\u_cpu.\u_execute_state.\u_mmu_d.$0\state[3:0] [3].
Optimizing FSM `$fsm$\u_cpu.u_execute_state.u_execute.state$8744' from module `\PSC_CPU_TimingTop'.
  Removing unused output signal $flatten\u_cpu.\u_execute_state.\u_execute.$0\state[3:0] [0].
  Removing unused output signal $flatten\u_cpu.\u_execute_state.\u_execute.$0\state[3:0] [1].
  Removing unused output signal $flatten\u_cpu.\u_execute_state.\u_execute.$0\state[3:0] [2].
  Removing unused output signal $flatten\u_cpu.\u_execute_state.\u_execute.$0\state[3:0] [3].
  Removing unused output signal $procmux$6723_CMP.
Optimizing FSM `$fsm$\u_cpu.u_execute_state.u_execute.u_divider.state$8751' from module `\PSC_CPU_TimingTop'.
  Removing unused output signal $flatten\u_cpu.\u_execute_state.\u_execute.\u_divider.$0\state[3:0] [0].
  Removing unused output signal $flatten\u_cpu.\u_execute_state.\u_execute.\u_divider.$0\state[3:0] [1].
  Removing unused output signal $flatten\u_cpu.\u_execute_state.\u_execute.\u_divider.$0\state[3:0] [2].
  Removing unused output signal $flatten\u_cpu.\u_execute_state.\u_execute.\u_divider.$0\state[3:0] [3].
  Removing unused output signal $procmux$6884_CMP.
Optimizing FSM `$fsm$\u_cpu.u_execute_state.u_execute.u_multiplexer.state$8758' from module `\PSC_CPU_TimingTop'.
  Removing unused output signal $flatten\u_cpu.\u_execute_state.\u_execute.\u_multiplexer.$0\state[1:0] [0].
  Removing unused output signal $flatten\u_cpu.\u_execute_state.\u_execute.\u_multiplexer.$0\state[1:0] [1].
  Removing unused output signal $procmux$6902_CMP.
Optimizing FSM `$fsm$\u_cpu.u_execute_state.u_decorder.wb_sel$8762' from module `\PSC_CPU_TimingTop'.
  Removing unused output signal $flatten\u_cpu.\u_execute_state.\u_decorder.$0\wb_sel[1:0] [0].
  Removing unused output signal $flatten\u_cpu.\u_execute_state.\u_decorder.$0\wb_sel[1:0] [1].
Optimizing FSM `$fsm$\u_cpu.u_execute_state.u_decorder.pc_sel$8767' from module `\PSC_CPU_TimingTop'.
  Removing unused output signal $flatten\u_cpu.\u_execute_state.\u_decorder.$0\pc_sel[1:0] [0].
  Removing unused output signal $flatten\u_cpu.\u_execute_state.\u_decorder.$0\pc_sel[1:0] [1].

20.13.6. Executing FSM_RECODE pass (re-assigning FSM state encoding).
Recoding FSM `$fsm$\u_cpu.cpu_state$8776' from module `\PSC_CPU_TimingTop' using `auto' encoding:
  mapping auto encoding to `one-hot` for this FSM.
  0000 -> --1
  0010 -> -1-
  0001 -> 1--
Recoding FSM `$fsm$\u_cpu.u_execute_state.u_decorder.csr_cmd$8771' from module `\PSC_CPU_TimingTop' using `auto' encoding:
  mapping auto encoding to `one-hot` for this FSM.
  00 -> --1
  10 -> -1-
  01 -> 1--
Recoding FSM `$fsm$\u_cpu.u_fetch_state.u_mmu_i.state$8698' from module `\PSC_CPU_TimingTop' using `auto' encoding:
  mapping auto encoding to `one-hot` for this FSM.
  0000 -> --------1
  1000 -> -------1-
  0100 -> ------1--
  0010 -> -----1---
  0110 -> ----1----
  0001 -> ---1-----
  0101 -> --1------
  0011 -> -1-------
  0111 -> 1--------
Recoding FSM `$fsm$\u_cpu.u_fetch_state.fetch_state$8709' from module `\PSC_CPU_TimingTop' using `auto' encoding:
  mapping auto encoding to `one-hot` for this FSM.
  0000 -> ---------1
  1000 -> --------1-
  0100 -> -------1--
  0010 -> ------1---
  0110 -> -----1----
  0001 -> ----1-----
  1001 -> ---1------
  0101 -> --1-------
  0011 -> -1--------
  0111 -> 1---------
Recoding FSM `$fsm$\u_cpu.u_execute_state.u_memory_store.state$8720' from module `\PSC_CPU_TimingTop' using `auto' encoding:
  mapping auto encoding to `one-hot` for this FSM.
  0000 -> ---1
  0100 -> --1-
  0010 -> -1--
  0001 -> 1---
Recoding FSM `$fsm$\u_cpu.u_execute_state.u_branch.state$8726' from module `\PSC_CPU_TimingTop' using `auto' encoding:
  mapping auto encoding to `one-hot` for this FSM.
  0000 -> ----1
  0100 -> ---1-
  0010 -> --1--
  0001 -> -1---
  0011 -> 1----
Recoding FSM `$fsm$\u_cpu.u_execute_state.u_mmu_d.state$8733' from module `\PSC_CPU_TimingTop' using `auto' encoding:
  mapping auto encoding to `one-hot` for this FSM.
  0000 -> --------1
  1000 -> -------1-
  0100 -> ------1--
  0010 -> -----1---
  0110 -> ----1----
  0001 -> ---1-----
  0101 -> --1------
  0011 -> -1-------
  0111 -> 1--------
Recoding FSM `$fsm$\u_cpu.u_execute_state.u_execute.state$8744' from module `\PSC_CPU_TimingTop' using `auto' encoding:
  mapping auto encoding to `one-hot` for this FSM.
  0000 -> ----1
  0100 -> ---1-
  0010 -> --1--
  0101 -> -1---
  0011 -> 1----
Recoding FSM `$fsm$\u_cpu.u_execute_state.u_execute.u_divider.state$8751' from module `\PSC_CPU_TimingTop' using `auto' encoding:
  mapping auto encoding to `one-hot` for this FSM.
  0000 -> ----1
  0100 -> ---1-
  0010 -> --1--
  0001 -> -1---
  0011 -> 1----
Recoding FSM `$fsm$\u_cpu.u_execute_state.u_execute.u_multiplexer.state$8758' from module `\PSC_CPU_TimingTop' using `auto' encoding:
  mapping auto encoding to `one-hot` for this FSM.
  00 -> -1
  01 -> 1-
Recoding FSM `$fsm$\u_cpu.u_execute_state.u_decorder.wb_sel$8762' from module `\PSC_CPU_TimingTop' using `auto' encoding:
  mapping auto encoding to `one-hot` for this FSM.
  00 -> ---1
  10 -> --1-
  01 -> -1--
  11 -> 1---
Recoding FSM `$fsm$\u_cpu.u_execute_state.u_decorder.pc_sel$8767' from module `\PSC_CPU_TimingTop' using `auto' encoding:
  mapping auto encoding to `one-hot` for this FSM.
  00 -> --1
  10 -> -1-
  01 -> 1--

20.13.7. Executing FSM_INFO pass (dumping all available information on FSM cells).

FSM `$fsm$\u_cpu.cpu_state$8776' from module `PSC_CPU_TimingTop':
-------------------------------------

  Information on FSM $fsm$\u_cpu.cpu_state$8776 (\u_cpu.cpu_state):

  Number of input signals:    2
  Number of output signals:   4
  Number of state bits:       3

  Input signals:
    0: \u_cpu.u_execute_state.execute_ready
    1: $flatten\u_cpu.$or$../rtl/cpu/src/PSC_RV32ISP_core.v:116$17_Y

  Output signals:
    0: \u_cpu.u_execute_state.cpu_trap
    1: $procmux$1474_CMP
    2: $procmux$1475_CMP
    3: $procmux$1476_CMP

  State encoding:
    0:      3'--1  <RESET STATE>
    1:      3'-1-
    2:      3'1--

  Transition Table (state_in, ctrl_in, state_out, ctrl_out):
      0:     0 2'--   ->     2 4'1000
      1:     1 2'-0   ->     1 4'0001
      2:     1 2'-1   ->     2 4'0001
      3:     2 2'1-   ->     1 4'0100
      4:     2 2'0-   ->     2 4'0100

-------------------------------------

FSM `$fsm$\u_cpu.u_execute_state.u_decorder.csr_cmd$8771' from module `PSC_CPU_TimingTop':
-------------------------------------

  Information on FSM $fsm$\u_cpu.u_execute_state.u_decorder.csr_cmd$8771 (\u_cpu.u_execute_state.u_decorder.csr_cmd):

  Number of input signals:    4
  Number of output signals:   3
  Number of state bits:       3

  Input signals:
    0: $flatten\u_cpu.\u_execute_state.\u_decorder.$or$../rtl/cpu/src/Decorder.v:141$296_Y
    1: $flatten\u_cpu.\u_execute_state.\u_decorder.$or$../rtl/cpu/src/Decorder.v:140$295_Y
    2: $flatten\u_cpu.\u_execute_state.\u_decorder.$or$../rtl/cpu/src/Decorder.v:139$294_Y
    3: \u_cpu.u_execute_state.u_decorder.decode_enb

  Output signals:
    0: $procmux$1512_CMP
    1: $procmux$1513_CMP
    2: $procmux$1514_CMP

  State encoding:
    0:      3'--1  <RESET STATE>
    1:      3'-1-
    2:      3'1--

  Transition Table (state_in, ctrl_in, state_out, ctrl_out):
      0:     0 4'1000   ->     0 3'100
      1:     0 4'11--   ->     0 3'100
      2:     0 4'0---   ->     0 3'100
      3:     0 4'1001   ->     1 3'100
      4:     0 4'101-   ->     2 3'100
      5:     1 4'1000   ->     0 3'001
      6:     1 4'11--   ->     0 3'001
      7:     1 4'1001   ->     1 3'001
      8:     1 4'0---   ->     1 3'001
      9:     1 4'101-   ->     2 3'001
     10:     2 4'1000   ->     0 3'010
     11:     2 4'11--   ->     0 3'010
     12:     2 4'1001   ->     1 3'010
     13:     2 4'101-   ->     2 3'010
     14:     2 4'0---   ->     2 3'010

-------------------------------------

FSM `$fsm$\u_cpu.u_fetch_state.u_mmu_i.state$8698' from module `PSC_CPU_TimingTop':
-------------------------------------

  Information on FSM $fsm$\u_cpu.u_fetch_state.u_mmu_i.state$8698 (\u_cpu.u_fetch_state.u_mmu_i.state):

  Number of input signals:    8
  Number of output signals:   9
  Number of state bits:       9

  Input signals:
    0: \stimulus [6]
    1: \stimulus [7]
    2: $flatten\u_cpu.\u_execute_state.\u_mmu_d.$logic_or$../rtl/cpu/src/MMU.v:193$740_Y
    3: \u_cpu.u_fetch_state.i_MMU_enb
    4: $flatten\u_cpu.\u_fetch_state.\u_mmu_i.$logic_or$../rtl/cpu/src/MMU.v:109$754_Y
    5: $flatten\u_cpu.\u_fetch_state.\u_mmu_i.$logic_and$../rtl/cpu/src/MMU.v:117$745_Y
    6: \u_cpu.u_fetch_state.u_mmu_i.l0_cache_hit
    7: \u_cpu.u_fetch_state.u_mmu_i.cache_hit

  Output signals:
    0: \u_cpu.u_fetch_state.i_mmu_done
    1: $flatten\u_cpu.\u_fetch_state.\u_mmu_i.$eq$../rtl/cpu/src/MMU.v:172$715_Y
    2: $procmux$4369_CMP
    3: $procmux$4370_CMP
    4: $procmux$4377_CMP
    5: $procmux$4403_CMP
    6: $procmux$4452_CMP
    7: $procmux$4469_CMP
    8: $procmux$4502_CMP

  State encoding:
    0: 9'--------1  <RESET STATE>
    1: 9'-------1-
    2: 9'------1--
    3: 9'-----1---
    4: 9'----1----
    5: 9'---1-----
    6: 9'--1------
    7: 9'-1-------
    8: 9'1--------

  Transition Table (state_in, ctrl_in, state_out, ctrl_out):
      0:     0 8'----0---   ->     0 9'000000010
      1:     0 8'----1---   ->     5 9'000000010
      2:     1 8'--------   ->     0 9'000000001
      3:     2 8'--11----   ->     1 9'001000000
      4:     2 8'--0-----   ->     1 9'001000000
      5:     2 8'-010--0-   ->     2 9'001000000
      6:     2 8'-010--1-   ->     6 9'001000000
      7:     2 8'-110----   ->     8 9'001000000
      8:     3 8'--------   ->     7 9'000001000
      9:     4 8'-------0   ->     4 9'000010000
     10:     4 8'-------1   ->     8 9'000010000
     11:     5 8'-----1--   ->     1 9'010000000
     12:     5 8'1----0--   ->     2 9'010000000
     13:     5 8'0----01-   ->     3 9'010000000
     14:     5 8'0----00-   ->     5 9'010000000
     15:     6 8'--------   ->     4 9'000000100
     16:     7 8'-------1   ->     2 9'000100000
     17:     7 8'-------0   ->     7 9'000100000
     18:     8 8'--------   ->     1 9'100000000

-------------------------------------

FSM `$fsm$\u_cpu.u_fetch_state.fetch_state$8709' from module `PSC_CPU_TimingTop':
-------------------------------------

  Information on FSM $fsm$\u_cpu.u_fetch_state.fetch_state$8709 (\u_cpu.u_fetch_state.fetch_state):

  Number of input signals:    9
  Number of output signals:   7
  Number of state bits:      10

  Input signals:
    0: \program_mem_read_valid
    1: \stimulus [1]
    2: \u_cpu.u_execute_state.execute_ready
    3: \u_cpu.u_execute_state.fifo_flush_sig
    4: \u_cpu.u_fetch_state.i_mmu_done
    5: $flatten\u_cpu.\u_fetch_state.$or$../rtl/cpu/src/PSC_RV32ISP_Fetch.v:227$64_Y
    6: \u_cpu.u_fetch_state.u_fetch_fifo.empty
    7: \u_cpu.u_fetch_state.u_fetch_fifo.full
    8: \u_cpu.fetch_valid

  Output signals:
    0: \u_cpu.u_fetch_state.i_MMU_enb
    1: \u_cpu.u_fetch_state.u_mmu_i.cpu_state_done
    2: \u_cpu.u_fetch_state.u_fetch.fetch_enb
    3: $procmux$4601_CMP
    4: $procmux$4687_CMP
    5: $procmux$4707_CMP
    6: $procmux$4779_CMP

  State encoding:
    0: 10'---------1  <RESET STATE>
    1: 10'--------1-
    2: 10'-------1--
    3: 10'------1---
    4: 10'-----1----
    5: 10'----1-----
    6: 10'---1------
    7: 10'--1-------
    8: 10'-1--------
    9: 10'1---------

  Transition Table (state_in, ctrl_in, state_out, ctrl_out):
      0:     0 9'0----0---   ->     0 7'1000000
      1:     0 9'-----1---   ->     0 7'1000000
      2:     0 9'1----0---   ->     5 7'1000000
      3:     1 9'----10---   ->     0 7'0000000
      4:     1 9'----00---   ->     1 7'0000000
      5:     1 9'-----1---   ->     1 7'0000000
      6:     2 9'-----0--0   ->     2 7'0000100
      7:     2 9'-----0--1   ->     7 7'0000100
      8:     2 9'-----1---   ->     9 7'0000100
      9:     3 9'-----1---   ->     1 7'0000001
     10:     3 9'-----0---   ->     8 7'0000001
     11:     4 9'-----01--   ->     0 7'0000000
     12:     4 9'-----00--   ->     4 7'0000000
     13:     4 9'-----1---   ->     9 7'0000000
     14:     5 9'-00--0---   ->     3 7'0100000
     15:     5 9'--1--0---   ->     3 7'0100000
     16:     5 9'-10--0---   ->     5 7'0100000
     17:     5 9'-----1---   ->     9 7'0100000
     18:     6 9'---1-0---   ->     0 7'0001000
     19:     6 9'---0-0---   ->     6 7'0001000
     20:     6 9'-----1---   ->     6 7'0001000
     21:     7 9'-----1-1-   ->     4 7'0000010
     22:     7 9'-----0-1-   ->     5 7'0000010
     23:     7 9'-----1-0-   ->     6 7'0000010
     24:     7 9'-----0-0-   ->     7 7'0000010
     25:     8 9'----01---   ->     1 7'0010000
     26:     8 9'----10---   ->     2 7'0010000
     27:     8 9'----00---   ->     8 7'0010000
     28:     8 9'----11---   ->     9 7'0010000
     29:     9 9'-----0---   ->     0 7'0000000
     30:     9 9'-----1---   ->     9 7'0000000

-------------------------------------

FSM `$fsm$\u_cpu.u_execute_state.u_memory_store.state$8720' from module `PSC_CPU_TimingTop':
-------------------------------------

  Information on FSM $fsm$\u_cpu.u_execute_state.u_memory_store.state$8720 (\u_cpu.u_execute_state.u_memory_store.state):

  Number of input signals:    4
  Number of output signals:   1
  Number of state bits:       4

  Input signals:
    0: \stimulus [4]
    1: \stimulus [5]
    2: \u_cpu.u_execute_state.u_decorder.mem_rw
    3: \u_cpu.u_execute_state.u_memory_store.store_enb

  Output signals:
    0: $procmux$5748_CMP

  State encoding:
    0:     4'---1  <RESET STATE>
    1:     4'--1-
    2:     4'-1--
    3:     4'1---

  Transition Table (state_in, ctrl_in, state_out, ctrl_out):
      0:     0 4'0---   ->     0 1'0
      1:     0 4'1---   ->     3 1'0
      2:     1 4'----   ->     0 1'0
      3:     2 4'--1-   ->     1 1'0
      4:     2 4'--0-   ->     2 1'0
      5:     3 4'-0-1   ->     0 1'1
      6:     3 4'-1-1   ->     2 1'1
      7:     3 4'---0   ->     3 1'1

-------------------------------------

FSM `$fsm$\u_cpu.u_execute_state.u_branch.state$8726' from module `PSC_CPU_TimingTop':
-------------------------------------

  Information on FSM $fsm$\u_cpu.u_execute_state.u_branch.state$8726 (\u_cpu.u_execute_state.u_branch.state):

  Number of input signals:    4
  Number of output signals:   3
  Number of state bits:       5

  Input signals:
    0: \stimulus [3]
    1: \stimulus [4]
    2: \u_cpu.u_execute_state.u_branch.is_load_store
    3: \u_cpu.u_execute_state.u_branch.branch_enb

  Output signals:
    0: $procmux$5804_CMP
    1: $procmux$5854_CMP
    2: $procmux$5862_CMP

  State encoding:
    0:    5'----1  <RESET STATE>
    1:    5'---1-
    2:    5'--1--
    3:    5'-1---
    4:    5'1----

  Transition Table (state_in, ctrl_in, state_out, ctrl_out):
      0:     0 4'0---   ->     0 3'001
      1:     0 4'11--   ->     3 3'001
      2:     0 4'10--   ->     4 3'001
      3:     1 4'----   ->     0 3'000
      4:     2 4'---0   ->     2 3'000
      5:     2 4'---1   ->     4 3'000
      6:     3 4'--1-   ->     2 3'100
      7:     3 4'--0-   ->     3 3'100
      8:     4 4'----   ->     1 3'010

-------------------------------------

FSM `$fsm$\u_cpu.u_execute_state.u_mmu_d.state$8733' from module `PSC_CPU_TimingTop':
-------------------------------------

  Information on FSM $fsm$\u_cpu.u_execute_state.u_mmu_d.state$8733 (\u_cpu.u_execute_state.u_mmu_d.state):

  Number of input signals:    8
  Number of output signals:   9
  Number of state bits:       9

  Input signals:
    0: \stimulus [3]
    1: \stimulus [4]
    2: $flatten\u_cpu.\u_execute_state.\u_mmu_d.$logic_or$../rtl/cpu/src/MMU.v:109$754_Y
    3: $flatten\u_cpu.\u_execute_state.\u_mmu_d.$logic_and$../rtl/cpu/src/MMU.v:117$745_Y
    4: $flatten\u_cpu.\u_execute_state.\u_mmu_d.$logic_or$../rtl/cpu/src/MMU.v:193$740_Y
    5: \u_cpu.u_execute_state.u_mmu_d.l0_cache_hit
    6: \u_cpu.u_execute_state.u_mmu_d.cache_hit
    7: \u_cpu.u_execute_state.u_mmu_d.MMU_enb

  Output signals:
    0: \u_cpu.u_execute_state.d_mmu_done
    1: $flatten\u_cpu.\u_execute_state.\u_mmu_d.$eq$../rtl/cpu/src/MMU.v:172$715_Y
    2: $procmux$6261_CMP
    3: $procmux$6262_CMP
    4: $procmux$6269_CMP
    5: $procmux$6295_CMP
    6: $procmux$6344_CMP
    7: $procmux$6361_CMP
    8: $procmux$6394_CMP

  State encoding:
    0: 9'--------1  <RESET STATE>
    1: 9'-------1-
    2: 9'------1--
    3: 9'-----1---
    4: 9'----1----
    5: 9'---1-----
    6: 9'--1------
    7: 9'-1-------
    8: 9'1--------

  Transition Table (state_in, ctrl_in, state_out, ctrl_out):
      0:     0 8'0-------   ->     0 9'000000010
      1:     0 8'1-------   ->     5 9'000000010
      2:     1 8'--------   ->     0 9'000000001
      3:     2 8'----11--   ->     1 9'001000000
      4:     2 8'----0---   ->     1 9'001000000
      5:     2 8'--0-100-   ->     2 9'001000000
      6:     2 8'--0-101-   ->     6 9'001000000
      7:     2 8'--1-10--   ->     8 9'001000000
      8:     3 8'--------   ->     7 9'000001000
      9:     4 8'-------0   ->     4 9'000010000
     10:     4 8'-------1   ->     8 9'000010000
     11:     5 8'---1----   ->     1 9'010000000
     12:     5 8'-1-0----   ->     2 9'010000000
     13:     5 8'-0-0--1-   ->     3 9'010000000
     14:     5 8'-0-0--0-   ->     5 9'010000000
     15:     6 8'--------   ->     4 9'000000100
     16:     7 8'-------1   ->     2 9'000100000
     17:     7 8'-------0   ->     7 9'000100000
     18:     8 8'--------   ->     1 9'100000000

-------------------------------------

FSM `$fsm$\u_cpu.u_execute_state.u_execute.state$8744' from module `PSC_CPU_TimingTop':
-------------------------------------

  Information on FSM $fsm$\u_cpu.u_execute_state.u_execute.state$8744 (\u_cpu.u_execute_state.u_execute.state):

  Number of input signals:    5
  Number of output signals:   4
  Number of state bits:       5

  Input signals:
    0: \u_cpu.u_execute_state.u_execute.u_multiplexer.done
    1: \u_cpu.u_execute_state.u_execute.mul_start
    2: \u_cpu.u_execute_state.u_execute.div_done
    3: \u_cpu.u_execute_state.u_execute.div_start
    4: \u_cpu.u_execute_state.u_execute.execute_enb

  Output signals:
    0: $flatten\u_cpu.\u_execute_state.\u_execute.$eq$../rtl/cpu/src/Execute.v:54$454_Y
    1: $procmux$6702_CMP
    2: $procmux$6703_CMP
    3: $procmux$6704_CMP

  State encoding:
    0:    5'----1  <RESET STATE>
    1:    5'---1-
    2:    5'--1--
    3:    5'-1---
    4:    5'1----

  Transition Table (state_in, ctrl_in, state_out, ctrl_out):
      0:     0 5'00-0-   ->     0 4'0001
      1:     0 5'10-0-   ->     2 4'0001
      2:     0 5'-0-1-   ->     3 4'0001
      3:     0 5'-1---   ->     4 4'0001
      4:     1 5'-----   ->     0 4'0100
      5:     2 5'-----   ->     0 4'1000
      6:     3 5'----1   ->     0 4'0010
      7:     3 5'----0   ->     3 4'0010
      8:     4 5'--1--   ->     1 4'0000
      9:     4 5'--0--   ->     4 4'0000

-------------------------------------

FSM `$fsm$\u_cpu.u_execute_state.u_execute.u_divider.state$8751' from module `PSC_CPU_TimingTop':
-------------------------------------

  Information on FSM $fsm$\u_cpu.u_execute_state.u_execute.u_divider.state$8751 (\u_cpu.u_execute_state.u_execute.u_divider.state):

  Number of input signals:    3
  Number of output signals:   4
  Number of state bits:       5

  Input signals:
    0: $flatten\u_cpu.\u_execute_state.\u_execute.\u_divider.$eq$../rtl/cpu/src/Execute_Divider.v:103$535_Y
    1: $flatten\u_cpu.\u_execute_state.\u_execute.\u_divider.$eq$../rtl/cpu/src/Execute_Divider.v:120$537_Y
    2: \u_cpu.u_execute_state.u_execute.div_start

  Output signals:
    0: \u_cpu.u_execute_state.u_execute.div_done
    1: $procmux$6808_CMP
    2: $procmux$6809_CMP
    3: $procmux$6840_CMP

  State encoding:
    0:    5'----1  <RESET STATE>
    1:    5'---1-
    2:    5'--1--
    3:    5'-1---
    4:    5'1----

  Transition Table (state_in, ctrl_in, state_out, ctrl_out):
      0:     0 3'0--   ->     0 4'0000
      1:     0 3'1--   ->     3 4'0000
      2:     1 3'0--   ->     0 4'0001
      3:     1 3'1--   ->     1 4'0001
      4:     2 3'-00   ->     2 4'1000
      5:     2 3'-10   ->     4 4'1000
      6:     2 3'--1   ->     4 4'1000
      7:     3 3'---   ->     2 4'0100
      8:     4 3'---   ->     1 4'0010

-------------------------------------

FSM `$fsm$\u_cpu.u_execute_state.u_execute.u_multiplexer.state$8758' from module `PSC_CPU_TimingTop':
-------------------------------------

  Information on FSM $fsm$\u_cpu.u_execute_state.u_execute.u_multiplexer.state$8758 (\u_cpu.u_execute_state.u_execute.u_multiplexer.state):

  Number of input signals:    1
  Number of output signals:   1
  Number of state bits:       2

  Input signals:
    0: \u_cpu.u_execute_state.u_execute.mul_start

  Output signals:
    0: $procmux$6896_CMP

  State encoding:
    0:       2'-1  <RESET STATE>
    1:       2'1-

  Transition Table (state_in, ctrl_in, state_out, ctrl_out):
      0:     0 1'0   ->     0 1'0
      1:     0 1'1   ->     1 1'0
      2:     1 1'-   ->     0 1'1

-------------------------------------

FSM `$fsm$\u_cpu.u_execute_state.u_decorder.wb_sel$8762' from module `PSC_CPU_TimingTop':
-------------------------------------

  Information on FSM $fsm$\u_cpu.u_execute_state.u_decorder.wb_sel$8762 (\u_cpu.u_execute_state.u_decorder.wb_sel):

  Number of input signals:    4
  Number of output signals:   3
  Number of state bits:       4

  Input signals:
    0: $flatten\u_cpu.\u_execute_state.\u_decorder.$logic_or$../rtl/cpu/src/Decorder.v:273$390_Y
    1: \u_cpu.u_execute_state.u_decorder.is_load_w
    2: \u_cpu.u_execute_state.u_decorder.is_csr_any
    3: \u_cpu.u_execute_state.u_decorder.decode_enb

  Output signals:
    0: $flatten\u_cpu.\u_execute_state.\u_memory_store.$eq$../rtl/cpu/src/MemoryStore.v:162$1115_Y
    1: $flatten\u_cpu.\u_execute_state.\u_memory_store.$eq$../rtl/cpu/src/MemoryStore.v:161$1114_Y
    2: $flatten\u_cpu.\u_execute_state.\u_memory_store.$eq$../rtl/cpu/src/MemoryStore.v:160$1113_Y

  State encoding:
    0:     4'---1  <RESET STATE>
    1:     4'--1-
    2:     4'-1--
    3:     4'1---

  Transition Table (state_in, ctrl_in, state_out, ctrl_out):
      0:     0 4'1000   ->     0 3'100
      1:     0 4'0---   ->     0 3'100
      2:     0 4'1-01   ->     1 3'100
      3:     0 4'1-1-   ->     2 3'100
      4:     0 4'1100   ->     3 3'100
      5:     1 4'1000   ->     0 3'001
      6:     1 4'1-01   ->     1 3'001
      7:     1 4'0---   ->     1 3'001
      8:     1 4'1-1-   ->     2 3'001
      9:     1 4'1100   ->     3 3'001
     10:     2 4'1000   ->     0 3'010
     11:     2 4'1-01   ->     1 3'010
     12:     2 4'1-1-   ->     2 3'010
     13:     2 4'0---   ->     2 3'010
     14:     2 4'1100   ->     3 3'010
     15:     3 4'1000   ->     0 3'000
     16:     3 4'1-01   ->     1 3'000
     17:     3 4'1-1-   ->     2 3'000
     18:     3 4'1100   ->     3 3'000
     19:     3 4'0---   ->     3 3'000

-------------------------------------

FSM `$fsm$\u_cpu.u_execute_state.u_decorder.pc_sel$8767' from module `PSC_CPU_TimingTop':
-------------------------------------

  Information on FSM $fsm$\u_cpu.u_execute_state.u_decorder.pc_sel$8767 (\u_cpu.u_execute_state.u_decorder.pc_sel):

  Number of input signals:    3
  Number of output signals:   2
  Number of state bits:       3

  Input signals:
    0: $flatten\u_cpu.\u_execute_state.\u_decorder.$logic_or$../rtl/cpu/src/Decorder.v:296$435_Y
    1: $flatten\u_cpu.\u_execute_state.\u_decorder.$eq$../rtl/cpu/src/Decorder.v:185$304_Y
    2: \u_cpu.u_execute_state.u_decorder.decode_enb

  Output signals:
    0: $procmux$5802_CMP
    1: $procmux$5812_CMP

  State encoding:
    0:      3'--1  <RESET STATE>
    1:      3'-1-
    2:      3'1--

  Transition Table (state_in, ctrl_in, state_out, ctrl_out):
      0:     0 3'100   ->     0 2'00
      1:     0 3'0--   ->     0 2'00
      2:     0 3'101   ->     1 2'00
      3:     0 3'11-   ->     2 2'00
      4:     1 3'100   ->     0 2'10
      5:     1 3'101   ->     1 2'10
      6:     1 3'0--   ->     1 2'10
      7:     1 3'11-   ->     2 2'10
      8:     2 3'100   ->     0 2'01
      9:     2 3'101   ->     1 2'01
     10:     2 3'11-   ->     2 2'01
     11:     2 3'0--   ->     2 2'01

-------------------------------------

20.13.8. Executing FSM_MAP pass (mapping FSMs to basic logic).
Mapping FSM `$fsm$\u_cpu.cpu_state$8776' from module `\PSC_CPU_TimingTop'.
Mapping FSM `$fsm$\u_cpu.u_execute_state.u_decorder.csr_cmd$8771' from module `\PSC_CPU_TimingTop'.
Mapping FSM `$fsm$\u_cpu.u_fetch_state.u_mmu_i.state$8698' from module `\PSC_CPU_TimingTop'.
Mapping FSM `$fsm$\u_cpu.u_fetch_state.fetch_state$8709' from module `\PSC_CPU_TimingTop'.
Mapping FSM `$fsm$\u_cpu.u_execute_state.u_memory_store.state$8720' from module `\PSC_CPU_TimingTop'.
Mapping FSM `$fsm$\u_cpu.u_execute_state.u_branch.state$8726' from module `\PSC_CPU_TimingTop'.
Mapping FSM `$fsm$\u_cpu.u_execute_state.u_mmu_d.state$8733' from module `\PSC_CPU_TimingTop'.
Mapping FSM `$fsm$\u_cpu.u_execute_state.u_execute.state$8744' from module `\PSC_CPU_TimingTop'.
Mapping FSM `$fsm$\u_cpu.u_execute_state.u_execute.u_divider.state$8751' from module `\PSC_CPU_TimingTop'.
Mapping FSM `$fsm$\u_cpu.u_execute_state.u_execute.u_multiplexer.state$8758' from module `\PSC_CPU_TimingTop'.
Mapping FSM `$fsm$\u_cpu.u_execute_state.u_decorder.wb_sel$8762' from module `\PSC_CPU_TimingTop'.
Mapping FSM `$fsm$\u_cpu.u_execute_state.u_decorder.pc_sel$8767' from module `\PSC_CPU_TimingTop'.

20.14. Executing OPT pass (performing simple optimizations).

20.14.1. Executing OPT_EXPR pass (perform const folding).
Optimizing module PSC_CPU_TimingTop.
<suppressed ~70 debug messages>

20.14.2. Executing OPT_MERGE pass (detect identical cells).
Finding identical cells in module `\PSC_CPU_TimingTop'.
Computing hashes of 1482 cells of `\PSC_CPU_TimingTop'.
Finding duplicate cells in `\PSC_CPU_TimingTop'.
Computing hashes of 1466 cells of `\PSC_CPU_TimingTop'.
Finding duplicate cells in `\PSC_CPU_TimingTop'.
<suppressed ~48 debug messages>
Removed a total of 16 cells.

20.14.3. Executing OPT_MUXTREE pass (detect dead branches in mux trees).
Running muxtree optimizer on module \PSC_CPU_TimingTop..
  Creating internal representation of mux trees.
  Evaluating internal representation of mux trees.
  Analyzing evaluation results.
Removed 0 multiplexer ports.
<suppressed ~1669 debug messages>

20.14.4. Executing OPT_REDUCE pass (consolidate $*mux and $reduce_* inputs).
  Optimizing cells in module \PSC_CPU_TimingTop.
Performed a total of 0 changes.

20.14.5. Executing OPT_MERGE pass (detect identical cells).
Finding identical cells in module `\PSC_CPU_TimingTop'.
Computing hashes of 1466 cells of `\PSC_CPU_TimingTop'.
Finding duplicate cells in `\PSC_CPU_TimingTop'.
Removed a total of 0 cells.

20.14.6. Executing OPT_DFF pass (perform DFF optimizations).
Adding EN signal on $procdff$7533 ($adff) from module PSC_CPU_TimingTop (D = \u_cpu.u_csr.csr_SA_ADDR_C, Q = \u_cpu.u_csr.out_SA_ADDR_C).
Adding EN signal on $procdff$8538 ($adff) from module PSC_CPU_TimingTop (D = \u_cpu.u_execute_state.u_decorder.alucon_w, Q = \u_cpu.u_execute_state.u_decorder.alucon).
Adding EN signal on $procdff$7528 ($adff) from module PSC_CPU_TimingTop (D = \u_cpu.u_csr.csr_SA_ADDR_B, Q = \u_cpu.u_csr.out_SA_ADDR_B).
Adding EN signal on $procdff$7523 ($adff) from module PSC_CPU_TimingTop (D = \u_cpu.u_csr.csr_SA_ADDR_A, Q = \u_cpu.u_csr.out_SA_ADDR_A).
Adding EN signal on $procdff$7948 ($adff) from module PSC_CPU_TimingTop (D = \u_cpu.u_execute_state.u_memory_store.w_data, Q = \u_cpu.u_execute_state.u_regfile.registers[6]).
Adding EN signal on $procdff$7518 ($dff) from module PSC_CPU_TimingTop (D = \u_cpu.u_csr.csr_SA_MODE, Q = \u_cpu.u_csr.out_SA_MODE).
Adding EN signal on $procdff$7778 ($adff) from module PSC_CPU_TimingTop (D = \u_cpu.u_fetch_state.fetch_pc [21:12], Q = \u_cpu.u_fetch_state.u_mmu_i.cache_vpn0).
Adding EN signal on $procdff$8458 ($adff) from module PSC_CPU_TimingTop (D = $flatten\u_cpu.\u_execute_state.\u_execute.\u_divider.$0\remainder_out[31:0], Q = \u_cpu.u_execute_state.u_execute.u_divider.remainder_out).
Adding EN signal on $procdff$7511 ($adff) from module PSC_CPU_TimingTop (D = \u_cpu.u_csr.csr_SA_CTRL, Q = \u_cpu.u_csr.out_SA_CTRL).
Adding EN signal on $procdff$7923 ($adff) from module PSC_CPU_TimingTop (D = \u_cpu.u_execute_state.u_memory_store.w_data, Q = \u_cpu.u_execute_state.u_regfile.registers[1]).
Adding EN signal on $procdff$8553 ($adff) from module PSC_CPU_TimingTop (D = \u_cpu.u_execute_state.u_decorder.op2sel_w, Q = \u_cpu.u_execute_state.u_decorder.op2sel).
Adding EN signal on $procdff$7506 ($adff) from module PSC_CPU_TimingTop (D = \u_cpu.u_csr.csr_DMA_DST, Q = \u_cpu.u_csr.out_DMA_DST).
Adding EN signal on $procdff$7501 ($adff) from module PSC_CPU_TimingTop (D = \u_cpu.u_csr.csr_DMA_SRC, Q = \u_cpu.u_csr.out_DMA_SRC).
Adding EN signal on $procdff$8008 ($adff) from module PSC_CPU_TimingTop (D = \u_cpu.u_execute_state.u_memory_store.w_data, Q = \u_cpu.u_execute_state.u_regfile.registers[18]).
Adding EN signal on $procdff$8028 ($adff) from module PSC_CPU_TimingTop (D = \u_cpu.u_execute_state.u_memory_store.w_data, Q = \u_cpu.u_execute_state.u_regfile.registers[22]).
Adding EN signal on $procdff$7993 ($adff) from module PSC_CPU_TimingTop (D = \u_cpu.u_execute_state.u_memory_store.w_data, Q = \u_cpu.u_execute_state.u_regfile.registers[15]).
Adding EN signal on $procdff$8143 ($adff) from module PSC_CPU_TimingTop (D = $flatten\u_cpu.\u_execute_state.\u_branch.$3\BRANCH_EXEC$func$../rtl/cpu/src/Branch.v:92$553.$result[0:0]$571, Q = \u_cpu.u_execute_state.u_branch.pc_sel2).
Adding EN signal on $procdff$7496 ($adff) from module PSC_CPU_TimingTop (D = \u_cpu.u_csr.csr_DMA_WORDS, Q = \u_cpu.u_csr.out_DMA_WORDS).
Adding EN signal on $procdff$8048 ($adff) from module PSC_CPU_TimingTop (D = \u_cpu.u_execute_state.u_memory_store.w_data, Q = \u_cpu.u_execute_state.u_regfile.registers[26]).
Adding EN signal on $procdff$8488 ($adff) from module PSC_CPU_TimingTop (D = \u_cpu.u_execute_state.u_decorder.is_ecall_w, Q = \u_cpu.u_execute_state.u_decorder.is_ecall).
Adding EN signal on $procdff$8058 ($adff) from module PSC_CPU_TimingTop (D = \u_cpu.u_execute_state.u_memory_store.w_data, Q = \u_cpu.u_execute_state.u_regfile.registers[28]).
Adding EN signal on $procdff$7491 ($adff) from module PSC_CPU_TimingTop (D = \u_cpu.u_csr.csr_DMA_CTRL, Q = \u_cpu.u_csr.out_DMA_CTRL).
Adding EN signal on $procdff$8453 ($adff) from module PSC_CPU_TimingTop (D = $flatten\u_cpu.\u_execute_state.\u_execute.\u_divider.$0\quotient_out[31:0], Q = \u_cpu.u_execute_state.u_execute.u_divider.quotient_out).
Adding EN signal on $procdff$7486 ($adff) from module PSC_CPU_TimingTop (D = \u_cpu.u_csr.csr_DCACHE_CTRL, Q = \u_cpu.u_csr.out_DCACHE_CTRL).
Adding EN signal on $procdff$8533 ($adff) from module PSC_CPU_TimingTop (D = \u_cpu.u_execute_state.u_decorder.imm_w, Q = \u_cpu.u_execute_state.u_decorder.imm).
Adding EN signal on $procdff$8383 ($adff) from module PSC_CPU_TimingTop (D = \u_cpu.pc, Q = \u_cpu.u_execute_state.u_execute.out_pc).
Adding EN signal on $procdff$8128 ($adff) from module PSC_CPU_TimingTop (D = $procmux$5768_Y, Q = \u_cpu.u_execute_state.u_memory_store.uart).
Adding EN signal on $procdff$7963 ($adff) from module PSC_CPU_TimingTop (D = \u_cpu.u_execute_state.u_memory_store.w_data, Q = \u_cpu.u_execute_state.u_regfile.registers[9]).
Adding EN signal on $procdff$8653 ($adff) from module PSC_CPU_TimingTop (D = $flatten\u_cpu.\u_execute_state.$0\pipeline_mode[0:0], Q = \u_cpu.u_execute_state.pipeline_mode).
Adding EN signal on $procdff$8483 ($adff) from module PSC_CPU_TimingTop (D = \u_cpu.u_execute_state.u_decorder.mem_rw_w, Q = \u_cpu.u_execute_state.u_decorder.mem_rw).
Adding EN signal on $procdff$7481 ($adff) from module PSC_CPU_TimingTop (D = \u_cpu.u_csr.csr_satp, Q = \u_cpu.u_csr.out_satp).
Adding EN signal on $procdff$8113 ($adff) from module PSC_CPU_TimingTop (D = \u_cpu.u_execute_state.u_execute.r_data2, Q = \u_cpu.u_execute_state.u_memory_store.data_mem_write_data).
Adding EN signal on $procdff$7758 ($adff) from module PSC_CPU_TimingTop (D = \u_cpu.u_fetch_state.fetch_pc [31:22], Q = \u_cpu.u_fetch_state.u_mmu_i.cache_vpn1).
Adding EN signal on $procdff$7958 ($adff) from module PSC_CPU_TimingTop (D = \u_cpu.u_execute_state.u_memory_store.w_data, Q = \u_cpu.u_execute_state.u_regfile.registers[8]).
Adding EN signal on $procdff$8478 ($adff) from module PSC_CPU_TimingTop (D = \u_cpu.u_execute_state.u_decorder.is_fence_i_w, Q = \u_cpu.u_execute_state.u_decorder.is_fence_i).
Adding EN signal on $procdff$8643 ($adff) from module PSC_CPU_TimingTop (D = \u_cpu.u_execute_state.next_state, Q = \u_cpu.u_execute_state.execute_state).
Adding EN signal on $procdff$7988 ($adff) from module PSC_CPU_TimingTop (D = \u_cpu.u_execute_state.u_memory_store.w_data, Q = \u_cpu.u_execute_state.u_regfile.registers[14]).
Adding EN signal on $procdff$8588 ($adff) from module PSC_CPU_TimingTop (D = \u_cpu.u_fetch_state.u_fetch_fifo.out_data [11:7], Q = \u_cpu.u_execute_state.u_decorder.w_addr).
Adding EN signal on $procdff$7466 ($adff) from module PSC_CPU_TimingTop (D = \u_cpu.u_csr.csr_sepc, Q = \u_cpu.u_csr.out_sepc).
Adding EN signal on $procdff$8438 ($adff) from module PSC_CPU_TimingTop (D = $flatten\u_cpu.\u_execute_state.\u_execute.\u_divider.$0\remainder_reg[32:0], Q = \u_cpu.u_execute_state.u_execute.u_divider.remainder_reg).
Adding EN signal on $procdff$8573 ($adff) from module PSC_CPU_TimingTop (D = \u_cpu.u_execute_state.u_decorder.is_op_imm_w, Q = \u_cpu.u_execute_state.u_decorder.is_op_imm).
Adding EN signal on $procdff$7973 ($adff) from module PSC_CPU_TimingTop (D = \u_cpu.u_execute_state.u_memory_store.w_data, Q = \u_cpu.u_execute_state.u_regfile.registers[11]).
Adding EN signal on $procdff$7461 ($adff) from module PSC_CPU_TimingTop (D = \u_cpu.u_csr.csr_stvec, Q = \u_cpu.u_csr.out_stvec).
Adding EN signal on $procdff$8468 ($adff) from module PSC_CPU_TimingTop (D = $procmux$6904_Y, Q = \u_cpu.u_execute_state.u_execute.u_multiplexer.mul_out).
Adding EN signal on $procdff$7953 ($adff) from module PSC_CPU_TimingTop (D = \u_cpu.u_execute_state.u_memory_store.w_data, Q = \u_cpu.u_execute_state.u_regfile.registers[7]).
Adding EN signal on $procdff$8073 ($adff) from module PSC_CPU_TimingTop (D = \u_cpu.u_execute_state.u_memory_store.w_data, Q = \u_cpu.u_execute_state.u_regfile.registers[31]).
Adding EN signal on $procdff$7978 ($adff) from module PSC_CPU_TimingTop (D = \u_cpu.u_execute_state.u_memory_store.w_data, Q = \u_cpu.u_execute_state.u_regfile.registers[12]).
Adding EN signal on $procdff$7968 ($adff) from module PSC_CPU_TimingTop (D = \u_cpu.u_execute_state.u_memory_store.w_data, Q = \u_cpu.u_execute_state.u_regfile.registers[10]).
Adding EN signal on $procdff$7938 ($adff) from module PSC_CPU_TimingTop (D = \u_cpu.u_execute_state.u_memory_store.w_data, Q = \u_cpu.u_execute_state.u_regfile.registers[4]).
Adding EN signal on $procdff$7446 ($adff) from module PSC_CPU_TimingTop (D = \u_cpu.u_csr.csr_mepc, Q = \u_cpu.u_csr.out_mepc).
Adding EN signal on $procdff$8258 ($adff) from module PSC_CPU_TimingTop (D = \u_cpu.u_execute_state.u_execute.alu_data [21:12], Q = \u_cpu.u_execute_state.u_mmu_d.cache_vpn0).
Adding EN signal on $procdff$8558 ($adff) from module PSC_CPU_TimingTop (D = \u_cpu.u_execute_state.u_decorder.rf_wen_w, Q = \u_cpu.u_execute_state.u_decorder.rf_wen).
Adding EN signal on $procdff$7441 ($adff) from module PSC_CPU_TimingTop (D = \u_cpu.u_csr.csr_mtvec, Q = \u_cpu.u_csr.out_mtvec).
Adding EN signal on $procdff$8528 ($adff) from module PSC_CPU_TimingTop (D = \u_cpu.u_execute_state.u_decorder.is_sfence_vma_w, Q = \u_cpu.u_execute_state.u_decorder.is_sfence_vma).
Adding EN signal on $procdff$8568 ($adff) from module PSC_CPU_TimingTop (D = \u_cpu.u_execute_state.u_decorder.is_R_type_w, Q = \u_cpu.u_execute_state.u_decorder.is_R_type).
Adding EN signal on $procdff$8253 ($adff) from module PSC_CPU_TimingTop (D = { \stimulus [15:4] 1'1 \stimulus [2:0] \stimulus [31:16] }, Q = \u_cpu.u_execute_state.u_mmu_d.cache_pte_l0).
Adding EN signal on $procdff$7733 ($adff) from module PSC_CPU_TimingTop (D = $flatten\u_cpu.\u_fetch_state.\u_mmu_i.$0\mem_addr_34bit[33:0], Q = \u_cpu.u_fetch_state.u_mmu_i.mem_addr_34bit).
Adding EN signal on $procdff$7426 ($adff) from module PSC_CPU_TimingTop (D = \u_cpu.u_csr.csr_medeleg, Q = \u_cpu.u_csr.out_medeleg).
Adding EN signal on $procdff$8068 ($adff) from module PSC_CPU_TimingTop (D = \u_cpu.u_execute_state.u_memory_store.w_data, Q = \u_cpu.u_execute_state.u_regfile.registers[30]).
Adding EN signal on $procdff$8018 ($adff) from module PSC_CPU_TimingTop (D = \u_cpu.u_execute_state.u_memory_store.w_data, Q = \u_cpu.u_execute_state.u_regfile.registers[20]).
Adding EN signal on $procdff$7913 ($adff) from module PSC_CPU_TimingTop (D = $flatten\u_cpu.\u_execute_state.\u_regfile.$ternary$../rtl/cpu/src/Register.v:34$657_Y, Q = \u_cpu.u_execute_state.u_regfile.reg_data_2).
Adding EN signal on $procdff$8013 ($adff) from module PSC_CPU_TimingTop (D = \u_cpu.u_execute_state.u_memory_store.w_data, Q = \u_cpu.u_execute_state.u_regfile.registers[19]).
Adding EN signal on $procdff$7416 ($adff) from module PSC_CPU_TimingTop (D = \u_cpu.u_csr.csr_priv_mode, Q = \u_cpu.u_csr.priv_mode).
Adding EN signal on $procdff$7411 ($adff) from module PSC_CPU_TimingTop (D = { \stimulus [7:0] \stimulus [31:8] }, Q = \u_cpu.u_csr.csr_SA_STATUS).
Adding EN signal on $procdff$8633 ($adff) from module PSC_CPU_TimingTop (D = \u_cpu.u_execute_state.u_execute.alu_data [1:0], Q = \u_cpu.u_execute_state.ld_low2_q).
Adding EN signal on $procdff$7406 ($adff) from module PSC_CPU_TimingTop (D = { \stimulus [31:30] \csr_DMA_STATUS [29] \stimulus [28:27] \csr_DMA_STATUS [26] \stimulus [25:23] \csr_DMA_STATUS [22:21] \stimulus [20] \csr_DMA_STATUS [19] \stimulus [18:16] \csr_DMA_STATUS [15] \stimulus [14] \csr_DMA_STATUS [13] \stimulus [12] \csr_DMA_STATUS [11:10] \stimulus [9:8] \csr_DMA_STATUS [7:5] \stimulus [4:0] }, Q = \u_cpu.u_csr.csr_DMA_STATUS).
Adding EN signal on $procdff$8413 ($adff) from module PSC_CPU_TimingTop (D = $flatten\u_cpu.\u_execute_state.\u_execute.\u_divider.$0\count[5:0], Q = \u_cpu.u_execute_state.u_execute.u_divider.count).
Adding EN signal on $procdff$8583 ($adff) from module PSC_CPU_TimingTop (D = \u_cpu.u_fetch_state.u_fetch_fifo.out_data [24:20], Q = \u_cpu.u_execute_state.u_decorder.r_addr2).
Adding EN signal on $procdff$8243 ($adff) from module PSC_CPU_TimingTop (D = { \stimulus [15:4] 1'1 \stimulus [2:0] \stimulus [31:16] }, Q = \u_cpu.u_execute_state.u_mmu_d.cache_pte_l1).
Adding EN signal on $procdff$8428 ($adff) from module PSC_CPU_TimingTop (D = \u_cpu.u_execute_state.u_execute.u_divider.divisor_abs_w, Q = \u_cpu.u_execute_state.u_execute.u_divider.divisor_abs).
Adding EN signal on $procdff$8523 ($adff) from module PSC_CPU_TimingTop (D = \u_cpu.u_execute_state.u_decorder.is_store_w, Q = \u_cpu.u_execute_state.u_decorder.is_store).
Adding EN signal on $procdff$7763 ($adff) from module PSC_CPU_TimingTop (D = \mmu_data_mem_read_data, Q = \u_cpu.u_fetch_state.u_mmu_i.cache_pte_l1).
Adding EN signal on $procdff$8238 ($adff) from module PSC_CPU_TimingTop (D = \u_cpu.u_execute_state.u_execute.alu_data [31:22], Q = \u_cpu.u_execute_state.u_mmu_d.cache_vpn1).
Adding EN signal on $procdff$7376 ($adff) from module PSC_CPU_TimingTop (D = \u_cpu.u_csr.csr_read_mux$func$../rtl/cpu/src/Csr.v:328$797.$result, Q = \u_cpu.u_csr.csr_rdata).
Adding EN signal on $procdff$7908 ($adff) from module PSC_CPU_TimingTop (D = $flatten\u_cpu.\u_execute_state.\u_regfile.$ternary$../rtl/cpu/src/Register.v:33$654_Y, Q = \u_cpu.u_execute_state.u_regfile.reg_data_1).
Adding EN signal on $procdff$8548 ($adff) from module PSC_CPU_TimingTop (D = \u_cpu.u_execute_state.u_decorder.op1sel_w, Q = \u_cpu.u_execute_state.u_decorder.op1sel).
Adding EN signal on $procdff$8233 ($adff) from module PSC_CPU_TimingTop (D = \u_cpu.u_csr.out_satp [21:0], Q = \u_cpu.u_execute_state.u_mmu_d.cache_root_ppn).
Adding EN signal on $procdff$8003 ($adff) from module PSC_CPU_TimingTop (D = \u_cpu.u_execute_state.u_memory_store.w_data, Q = \u_cpu.u_execute_state.u_regfile.registers[17]).
Adding EN signal on $procdff$8023 ($adff) from module PSC_CPU_TimingTop (D = \u_cpu.u_execute_state.u_memory_store.w_data, Q = \u_cpu.u_execute_state.u_regfile.registers[21]).
Adding EN signal on $procdff$8518 ($adff) from module PSC_CPU_TimingTop (D = \u_cpu.u_execute_state.u_decorder.is_load_w, Q = \u_cpu.u_execute_state.u_decorder.is_load).
Adding EN signal on $procdff$8223 ($adff) from module PSC_CPU_TimingTop (D = $flatten\u_cpu.\u_execute_state.\u_mmu_d.$0\pte_l0[31:0], Q = \u_cpu.u_execute_state.u_mmu_d.pte_l0).
Adding EN signal on $procdff$7743 ($adff) from module PSC_CPU_TimingTop (D = $flatten\u_cpu.\u_fetch_state.\u_mmu_i.$0\pte_l0[31:0], Q = \u_cpu.u_fetch_state.u_mmu_i.pte_l0).
Adding EN signal on $procdff$8038 ($adff) from module PSC_CPU_TimingTop (D = \u_cpu.u_execute_state.u_memory_store.w_data, Q = \u_cpu.u_execute_state.u_regfile.registers[24]).
Adding EN signal on $procdff$8218 ($adff) from module PSC_CPU_TimingTop (D = $flatten\u_cpu.\u_execute_state.\u_mmu_d.$0\pte_l1[31:0], Q = \u_cpu.u_execute_state.u_mmu_d.pte_l1).
Adding EN signal on $procdff$8443 ($adff) from module PSC_CPU_TimingTop (D = \u_cpu.u_execute_state.u_execute.u_divider.quotient_neg_w, Q = \u_cpu.u_execute_state.u_execute.u_divider.quotient_neg).
Adding EN signal on $procdff$7933 ($adff) from module PSC_CPU_TimingTop (D = \u_cpu.u_execute_state.u_memory_store.w_data, Q = \u_cpu.u_execute_state.u_regfile.registers[3]).
Adding EN signal on $procdff$8063 ($adff) from module PSC_CPU_TimingTop (D = \u_cpu.u_execute_state.u_memory_store.w_data, Q = \u_cpu.u_execute_state.u_regfile.registers[29]).
Adding EN signal on $procdff$8213 ($adff) from module PSC_CPU_TimingTop (D = $flatten\u_cpu.\u_execute_state.\u_mmu_d.$0\mem_addr_34bit[33:0], Q = \u_cpu.u_execute_state.u_mmu_d.mem_addr_34bit).
Adding EN signal on $procdff$8628 ($adff) from module PSC_CPU_TimingTop (D = { \stimulus [15:4] 1'1 \stimulus [2:0] \stimulus [31:16] }, Q = \u_cpu.u_execute_state.data_mem_read_data_reg).
Adding EN signal on $procdff$8513 ($adff) from module PSC_CPU_TimingTop (D = \u_cpu.u_fetch_state.u_fetch_fifo.out_data [19:15], Q = \u_cpu.u_execute_state.u_decorder.csr_zimm).
Adding EN signal on $procdff$8208 ($adff) from module PSC_CPU_TimingTop (D = $flatten\u_cpu.\u_execute_state.\u_mmu_d.$0\paddr_34bit[33:0], Q = \u_cpu.u_execute_state.u_mmu_d.paddr_34bit).
Adding EN signal on $procdff$7728 ($adff) from module PSC_CPU_TimingTop (D = $flatten\u_cpu.\u_fetch_state.\u_mmu_i.$0\paddr_34bit[33:0], Q = \u_cpu.u_fetch_state.u_mmu_i.paddr_34bit).
Adding EN signal on $procdff$8613 ($adff) from module PSC_CPU_TimingTop (D = \u_cpu.u_execute_state.u_decorder.is_mret_w, Q = \u_cpu.u_execute_state.u_decorder.is_mret).
Adding EN signal on $procdff$7593 ($adff) from module PSC_CPU_TimingTop (D = $flatten\u_cpu.\u_fetch_state.\u_fetch_fifo.$0\mem[3][31:0], Q = \u_cpu.u_fetch_state.u_fetch_fifo.mem[3]).
Adding EN signal on $procdff$8043 ($adff) from module PSC_CPU_TimingTop (D = \u_cpu.u_execute_state.u_memory_store.w_data, Q = \u_cpu.u_execute_state.u_regfile.registers[25]).
Adding EN signal on $procdff$7281 ($adff) from module PSC_CPU_TimingTop (D = $procmux$2764_Y, Q = \u_cpu.u_csr.csr_priv_mode).
Adding EN signal on $procdff$7276 ($adff) from module PSC_CPU_TimingTop (D = \u_cpu.u_csr.csr_apply$func$../rtl/cpu/src/Csr.v:329$798.$result, Q = \u_cpu.u_csr.csr_sscratch).
Adding EN signal on $procdff$7773 ($adff) from module PSC_CPU_TimingTop (D = \mmu_data_mem_read_data, Q = \u_cpu.u_fetch_state.u_mmu_i.cache_pte_l0).
Adding EN signal on $procdff$7588 ($adff) from module PSC_CPU_TimingTop (D = $flatten\u_cpu.\u_fetch_state.\u_fetch_fifo.$0\mem[2][31:0], Q = \u_cpu.u_fetch_state.u_fetch_fifo.mem[2]).
Adding EN signal on $procdff$7271 ($adff) from module PSC_CPU_TimingTop (D = { 22'0000000000000000000000 \u_cpu.u_csr.csr_apply$func$../rtl/cpu/src/Csr.v:329$798.$result [9] 3'000 \u_cpu.u_csr.csr_apply$func$../rtl/cpu/src/Csr.v:329$798.$result [5] 3'000 \u_cpu.u_csr.csr_apply$func$../rtl/cpu/src/Csr.v:329$798.$result [1] 1'0 }, Q = \u_cpu.u_csr.csr_sie).
Adding EN signal on $procdff$7753 ($adff) from module PSC_CPU_TimingTop (D = \u_cpu.u_csr.out_satp [21:0], Q = \u_cpu.u_fetch_state.u_mmu_i.cache_root_ppn).
Adding EN signal on $procdff$7943 ($adff) from module PSC_CPU_TimingTop (D = \u_cpu.u_execute_state.u_memory_store.w_data, Q = \u_cpu.u_execute_state.u_regfile.registers[5]).
Adding EN signal on $procdff$7583 ($adff) from module PSC_CPU_TimingTop (D = $flatten\u_cpu.\u_fetch_state.\u_fetch_fifo.$0\mem[1][31:0], Q = \u_cpu.u_fetch_state.u_fetch_fifo.mem[1]).
Adding EN signal on $procdff$7259 ($adff) from module PSC_CPU_TimingTop (D = \u_cpu.u_csr.csr_apply$func$../rtl/cpu/src/Csr.v:329$798.$result, Q = \u_cpu.u_csr.csr_mscratch).
Adding EN signal on $procdff$8508 ($adff) from module PSC_CPU_TimingTop (D = \u_cpu.u_fetch_state.u_fetch_fifo.out_data [31:20], Q = \u_cpu.u_execute_state.u_decorder.csr_addr).
Adding EN signal on $procdff$7254 ($adff) from module PSC_CPU_TimingTop (D = \u_cpu.u_csr.csr_apply$func$../rtl/cpu/src/Csr.v:329$798.$result, Q = \u_cpu.u_csr.csr_satp).
Adding EN signal on $procdff$8363 ($adff) from module PSC_CPU_TimingTop (D = $flatten\u_cpu.\u_execute_state.\u_execute.$0\alu_data[31:0], Q = \u_cpu.u_execute_state.u_execute.alu_data).
Adding EN signal on $procdff$8448 ($adff) from module PSC_CPU_TimingTop (D = \u_cpu.u_execute_state.u_execute.u_divider.dividend_is_neg, Q = \u_cpu.u_execute_state.u_execute.u_divider.remainder_neg).
Adding EN signal on $procdff$7578 ($adff) from module PSC_CPU_TimingTop (D = $flatten\u_cpu.\u_fetch_state.\u_fetch_fifo.$0\mem[0][31:0], Q = \u_cpu.u_fetch_state.u_fetch_fifo.mem[0]).
Adding EN signal on $procdff$8543 ($adff) from module PSC_CPU_TimingTop (D = \u_cpu.u_fetch_state.u_fetch_fifo.out_data [14:12], Q = \u_cpu.u_execute_state.u_decorder.funct3).
Adding EN signal on $procdff$7239 ($adff) from module PSC_CPU_TimingTop (D = $flatten\u_cpu.\u_csr.$0\csr_sepc[31:0] [31:2], Q = \u_cpu.u_csr.csr_sepc [31:2]).
Adding EN signal on $procdff$7234 ($adff) from module PSC_CPU_TimingTop (D = { \u_cpu.u_csr.csr_apply$func$../rtl/cpu/src/Csr.v:329$798.$result [31:2] 2'00 }, Q = \u_cpu.u_csr.csr_stvec).
Adding EN signal on $procdff$7573 ($adff) from module PSC_CPU_TimingTop (D = $flatten\u_cpu.\u_fetch_state.\u_fetch_fifo.$0\count[2:0], Q = \u_cpu.u_fetch_state.u_fetch_fifo.count).
Adding EN signal on $procdff$7229 ($adff) from module PSC_CPU_TimingTop (D = { 12'000000000000 \u_cpu.u_csr.csr_apply$func$../rtl/cpu/src/Csr.v:329$798.$result [19:18] 15'000000000000000 }, Q = { \u_cpu.u_csr.csr_sstatus [31:9] \u_cpu.u_csr.csr_sstatus [7:6] \u_cpu.u_csr.csr_sstatus [4:2] \u_cpu.u_csr.csr_sstatus [0] }).
Adding EN signal on $procdff$7998 ($adff) from module PSC_CPU_TimingTop (D = \u_cpu.u_execute_state.u_memory_store.w_data, Q = \u_cpu.u_execute_state.u_regfile.registers[16]).
Adding EN signal on $procdff$8378 ($adff) from module PSC_CPU_TimingTop (D = \u_cpu.u_execute_state.u_regfile.reg_data_2, Q = \u_cpu.u_execute_state.u_execute.r_data2).
Adding EN signal on $procdff$8578 ($adff) from module PSC_CPU_TimingTop (D = \u_cpu.u_execute_state.u_decorder.r_addr1_w, Q = \u_cpu.u_execute_state.u_decorder.r_addr1).
Adding EN signal on $procdff$7568 ($adff) from module PSC_CPU_TimingTop (D = $flatten\u_cpu.\u_fetch_state.\u_fetch_fifo.$0\rptr[1:0], Q = \u_cpu.u_fetch_state.u_fetch_fifo.rptr).
Adding EN signal on $procdff$7214 ($adff) from module PSC_CPU_TimingTop (D = { \u_cpu.u_csr.csr_apply$func$../rtl/cpu/src/Csr.v:329$798.$result [31:2] 2'00 }, Q = \u_cpu.u_csr.csr_mtvec).
Adding EN signal on $procdff$8503 ($adff) from module PSC_CPU_TimingTop (D = \u_cpu.u_execute_state.u_decorder.is_csri, Q = \u_cpu.u_execute_state.u_decorder.csr_use_imm).
Adding EN signal on $procdff$7209 ($adff) from module PSC_CPU_TimingTop (D = { 20'00000000000000000000 \u_cpu.u_csr.csr_apply$func$../rtl/cpu/src/Csr.v:329$798.$result [11] 3'000 \u_cpu.u_csr.csr_apply$func$../rtl/cpu/src/Csr.v:329$798.$result [7] 6'000000 }, Q = { \u_cpu.u_csr.csr_mip [31:4] \u_cpu.u_csr.csr_mip [2:0] }).
Adding EN signal on $procdff$7209 ($adff) from module PSC_CPU_TimingTop (D = $procmux$2586_Y, Q = \u_cpu.u_csr.csr_mip [3]).
Adding EN signal on $procdff$7738 ($adff) from module PSC_CPU_TimingTop (D = $flatten\u_cpu.\u_fetch_state.\u_mmu_i.$0\pte_l1[31:0], Q = \u_cpu.u_fetch_state.u_mmu_i.pte_l1).
Adding EN signal on $procdff$7204 ($adff) from module PSC_CPU_TimingTop (D = { 20'00000000000000000000 \u_cpu.u_csr.csr_apply$func$../rtl/cpu/src/Csr.v:329$798.$result [11] 3'000 \u_cpu.u_csr.csr_apply$func$../rtl/cpu/src/Csr.v:329$798.$result [7] 3'000 \u_cpu.u_csr.csr_apply$func$../rtl/cpu/src/Csr.v:329$798.$result [3] 3'000 }, Q = \u_cpu.u_csr.csr_mie).
Adding EN signal on $procdff$7563 ($adff) from module PSC_CPU_TimingTop (D = $flatten\u_cpu.\u_fetch_state.\u_fetch_fifo.$0\wptr[1:0], Q = \u_cpu.u_fetch_state.u_fetch_fifo.wptr).
Adding EN signal on $procdff$7199 ($adff) from module PSC_CPU_TimingTop (D = \u_cpu.u_csr.csr_apply$func$../rtl/cpu/src/Csr.v:329$798.$result, Q = \u_cpu.u_csr.csr_medeleg).
Adding EN signal on $procdff$8033 ($adff) from module PSC_CPU_TimingTop (D = \u_cpu.u_execute_state.u_memory_store.w_data, Q = \u_cpu.u_execute_state.u_regfile.registers[23]).
Adding EN signal on $procdff$8623 ($adff) from module PSC_CPU_TimingTop (D = $flatten\u_cpu.\u_execute_state.\u_decorder.$or$../rtl/cpu/src/Decorder.v:394$444_Y, Q = \u_cpu.u_execute_state.u_decorder.raise_illegal_instruction).
Adding EN signal on $procdff$7194 ($adff) from module PSC_CPU_TimingTop (D = { \u_cpu.u_csr.csr_apply$func$../rtl/cpu/src/Csr.v:329$798.$result [31:13] \u_cpu.u_csr.csr_apply$func$../rtl/cpu/src/Csr.v:329$798.$result [10:8] \u_cpu.u_csr.csr_apply$func$../rtl/cpu/src/Csr.v:329$798.$result [6:4] \u_cpu.u_csr.csr_apply$func$../rtl/cpu/src/Csr.v:329$798.$result [2:0] }, Q = { \u_cpu.u_csr.csr_mstatus [31:13] \u_cpu.u_csr.csr_mstatus [10:8] \u_cpu.u_csr.csr_mstatus [6:4] \u_cpu.u_csr.csr_mstatus [2:0] }).
Adding EN signal on $procdff$7888 ($adff) from module PSC_CPU_TimingTop (D = $flatten\u_cpu.\u_fetch_state.$2\next_pc[31:0], Q = \u_cpu.u_fetch_state.fetch_pc).
Adding EN signal on $procdff$7189 ($adff) from module PSC_CPU_TimingTop (D = \u_cpu.u_csr.csr_apply$func$../rtl/cpu/src/Csr.v:329$798.$result, Q = \u_cpu.u_csr.csr_CPU_MON_CTRL).
Adding EN signal on $procdff$7184 ($adff) from module PSC_CPU_TimingTop (D = \u_cpu.u_csr.csr_apply$func$../rtl/cpu/src/Csr.v:329$798.$result, Q = \u_cpu.u_csr.csr_SA_ADDR_C).
Adding EN signal on $procdff$7928 ($adff) from module PSC_CPU_TimingTop (D = \u_cpu.u_execute_state.u_memory_store.w_data, Q = \u_cpu.u_execute_state.u_regfile.registers[2]).
Adding EN signal on $procdff$7179 ($adff) from module PSC_CPU_TimingTop (D = \u_cpu.u_csr.csr_apply$func$../rtl/cpu/src/Csr.v:329$798.$result, Q = \u_cpu.u_csr.csr_SA_ADDR_B).
Adding EN signal on $procdff$7174 ($adff) from module PSC_CPU_TimingTop (D = \u_cpu.u_csr.csr_apply$func$../rtl/cpu/src/Csr.v:329$798.$result, Q = \u_cpu.u_csr.csr_SA_ADDR_A).
Adding EN signal on $procdff$7553 ($adff) from module PSC_CPU_TimingTop (D = $flatten\u_cpu.\u_fetch_state.\u_fetch_fifo.$4$mem2reg_rd$\mem$../rtl/cpu/src/Fetch_Fifo.v:106$990_DATA[31:0]$1080, Q = \u_cpu.u_fetch_state.u_fetch_fifo.out_data).
Adding EN signal on $procdff$7169 ($adff) from module PSC_CPU_TimingTop (D = \u_cpu.u_csr.csr_apply$func$../rtl/cpu/src/Csr.v:329$798.$result, Q = \u_cpu.u_csr.csr_SA_MODE).
Adding EN signal on $procdff$7164 ($adff) from module PSC_CPU_TimingTop (D = \u_cpu.u_csr.csr_apply$func$../rtl/cpu/src/Csr.v:329$798.$result, Q = \u_cpu.u_csr.csr_SA_CTRL).
Adding EN signal on $procdff$8373 ($adff) from module PSC_CPU_TimingTop (D = \u_cpu.u_execute_state.u_regfile.reg_data_1, Q = \u_cpu.u_execute_state.u_execute.r_data1).
Adding EN signal on $procdff$7159 ($adff) from module PSC_CPU_TimingTop (D = \u_cpu.u_csr.csr_apply$func$../rtl/cpu/src/Csr.v:329$798.$result, Q = \u_cpu.u_csr.csr_DCACHE_CTRL).
Adding EN signal on $procdff$7548 ($adff) from module PSC_CPU_TimingTop (D = $procmux$3991_Y, Q = \u_cpu.u_fetch_state.u_fetch_fifo.out_ready).
Adding EN signal on $procdff$7154 ($adff) from module PSC_CPU_TimingTop (D = \u_cpu.u_csr.csr_apply$func$../rtl/cpu/src/Csr.v:329$798.$result, Q = \u_cpu.u_csr.csr_DMA_DST).
Adding EN signal on $procdff$8608 ($adff) from module PSC_CPU_TimingTop (D = \u_cpu.u_execute_state.u_decorder.is_sret_w, Q = \u_cpu.u_execute_state.u_decorder.is_sret).
Adding EN signal on $procdff$7149 ($adff) from module PSC_CPU_TimingTop (D = \u_cpu.u_csr.csr_apply$func$../rtl/cpu/src/Csr.v:329$798.$result, Q = \u_cpu.u_csr.csr_DMA_SRC).
Adding EN signal on $procdff$7144 ($adff) from module PSC_CPU_TimingTop (D = \u_cpu.u_csr.csr_apply$func$../rtl/cpu/src/Csr.v:329$798.$result, Q = \u_cpu.u_csr.csr_DMA_WORDS).
Adding EN signal on $procdff$7139 ($adff) from module PSC_CPU_TimingTop (D = \u_cpu.u_csr.csr_apply$func$../rtl/cpu/src/Csr.v:329$798.$result, Q = \u_cpu.u_csr.csr_DMA_CTRL).
Adding EN signal on $procdff$8423 ($adff) from module PSC_CPU_TimingTop (D = $flatten\u_cpu.\u_execute_state.\u_execute.\u_divider.$0\dividend_abs[31:0], Q = \u_cpu.u_execute_state.u_execute.u_divider.dividend_abs).
Adding EN signal on $procdff$7129 ($adff) from module PSC_CPU_TimingTop (D = \u_cpu.next_pc, Q = \u_cpu.pc).
Adding EN signal on $procdff$8153 ($adff) from module PSC_CPU_TimingTop (D = \u_cpu.u_execute_state.u_execute.out_pc, Q = \u_cpu.u_execute_state.u_branch.out_pc).
Adding EN signal on $procdff$7538 ($adff) from module PSC_CPU_TimingTop (D = \u_cpu.u_csr.csr_CPU_MON_CTRL, Q = \u_cpu.u_csr.out_CPU_MON_CTRL).
Adding SRST signal on $procdff$7124 ($dff) from module PSC_CPU_TimingTop (D = $procmux$1495_Y, Q = \u_cpu.trap_pc_latch, rval = 0).
Adding EN signal on $auto$ff.cc:337:slice$9821 ($sdff) from module PSC_CPU_TimingTop (D = $procmux$1493_Y, Q = \u_cpu.trap_pc_latch).
Adding EN signal on $procdff$7123 ($adff) from module PSC_CPU_TimingTop (D = $flatten\u_cpu.$0\fetch_valid[0:0], Q = \u_cpu.fetch_valid).
Adding EN signal on $procdff$8493 ($adff) from module PSC_CPU_TimingTop (D = \u_cpu.u_execute_state.u_decorder.is_csr_any, Q = \u_cpu.u_execute_state.u_decorder.csr_wr).
Adding EN signal on $procdff$8433 ($adff) from module PSC_CPU_TimingTop (D = $flatten\u_cpu.\u_execute_state.\u_execute.\u_divider.$0\quotient_reg[31:0], Q = \u_cpu.u_execute_state.u_execute.u_divider.quotient_reg).
Adding EN signal on $procdff$7983 ($adff) from module PSC_CPU_TimingTop (D = \u_cpu.u_execute_state.u_memory_store.w_data, Q = \u_cpu.u_execute_state.u_regfile.registers[13]).
Adding EN signal on $procdff$8053 ($adff) from module PSC_CPU_TimingTop (D = \u_cpu.u_execute_state.u_memory_store.w_data, Q = \u_cpu.u_execute_state.u_regfile.registers[27]).
Setting constant 0-bit at position 0 on $auto$ff.cc:337:slice$9714 ($adffe) from module PSC_CPU_TimingTop.
Setting constant 0-bit at position 1 on $auto$ff.cc:337:slice$9714 ($adffe) from module PSC_CPU_TimingTop.
Setting constant 0-bit at position 2 on $auto$ff.cc:337:slice$9714 ($adffe) from module PSC_CPU_TimingTop.
Setting constant 0-bit at position 3 on $auto$ff.cc:337:slice$9714 ($adffe) from module PSC_CPU_TimingTop.
Setting constant 0-bit at position 4 on $auto$ff.cc:337:slice$9714 ($adffe) from module PSC_CPU_TimingTop.
Setting constant 0-bit at position 5 on $auto$ff.cc:337:slice$9714 ($adffe) from module PSC_CPU_TimingTop.
Setting constant 0-bit at position 7 on $auto$ff.cc:337:slice$9714 ($adffe) from module PSC_CPU_TimingTop.
Setting constant 0-bit at position 8 on $auto$ff.cc:337:slice$9714 ($adffe) from module PSC_CPU_TimingTop.
Setting constant 0-bit at position 9 on $auto$ff.cc:337:slice$9714 ($adffe) from module PSC_CPU_TimingTop.
Setting constant 0-bit at position 11 on $auto$ff.cc:337:slice$9714 ($adffe) from module PSC_CPU_TimingTop.
Setting constant 0-bit at position 12 on $auto$ff.cc:337:slice$9714 ($adffe) from module PSC_CPU_TimingTop.
Setting constant 0-bit at position 13 on $auto$ff.cc:337:slice$9714 ($adffe) from module PSC_CPU_TimingTop.
Setting constant 0-bit at position 14 on $auto$ff.cc:337:slice$9714 ($adffe) from module PSC_CPU_TimingTop.
Setting constant 0-bit at position 15 on $auto$ff.cc:337:slice$9714 ($adffe) from module PSC_CPU_TimingTop.
Setting constant 0-bit at position 16 on $auto$ff.cc:337:slice$9714 ($adffe) from module PSC_CPU_TimingTop.
Setting constant 0-bit at position 17 on $auto$ff.cc:337:slice$9714 ($adffe) from module PSC_CPU_TimingTop.
Setting constant 0-bit at position 18 on $auto$ff.cc:337:slice$9714 ($adffe) from module PSC_CPU_TimingTop.
Setting constant 0-bit at position 19 on $auto$ff.cc:337:slice$9714 ($adffe) from module PSC_CPU_TimingTop.
Setting constant 0-bit at position 20 on $auto$ff.cc:337:slice$9714 ($adffe) from module PSC_CPU_TimingTop.
Setting constant 0-bit at position 21 on $auto$ff.cc:337:slice$9714 ($adffe) from module PSC_CPU_TimingTop.
Setting constant 0-bit at position 22 on $auto$ff.cc:337:slice$9714 ($adffe) from module PSC_CPU_TimingTop.
Setting constant 0-bit at position 23 on $auto$ff.cc:337:slice$9714 ($adffe) from module PSC_CPU_TimingTop.
Setting constant 0-bit at position 24 on $auto$ff.cc:337:slice$9714 ($adffe) from module PSC_CPU_TimingTop.
Setting constant 0-bit at position 25 on $auto$ff.cc:337:slice$9714 ($adffe) from module PSC_CPU_TimingTop.
Setting constant 0-bit at position 26 on $auto$ff.cc:337:slice$9714 ($adffe) from module PSC_CPU_TimingTop.
Setting constant 0-bit at position 27 on $auto$ff.cc:337:slice$9714 ($adffe) from module PSC_CPU_TimingTop.
Setting constant 0-bit at position 28 on $auto$ff.cc:337:slice$9714 ($adffe) from module PSC_CPU_TimingTop.
Setting constant 0-bit at position 29 on $auto$ff.cc:337:slice$9714 ($adffe) from module PSC_CPU_TimingTop.
Setting constant 0-bit at position 30 on $auto$ff.cc:337:slice$9714 ($adffe) from module PSC_CPU_TimingTop.
Setting constant 0-bit at position 0 on $auto$ff.cc:337:slice$9735 ($adffe) from module PSC_CPU_TimingTop.
Setting constant 0-bit at position 1 on $auto$ff.cc:337:slice$9735 ($adffe) from module PSC_CPU_TimingTop.
Setting constant 0-bit at position 2 on $auto$ff.cc:337:slice$9735 ($adffe) from module PSC_CPU_TimingTop.
Setting constant 0-bit at position 4 on $auto$ff.cc:337:slice$9735 ($adffe) from module PSC_CPU_TimingTop.
Setting constant 0-bit at position 5 on $auto$ff.cc:337:slice$9735 ($adffe) from module PSC_CPU_TimingTop.
Setting constant 0-bit at position 6 on $auto$ff.cc:337:slice$9735 ($adffe) from module PSC_CPU_TimingTop.
Setting constant 0-bit at position 8 on $auto$ff.cc:337:slice$9735 ($adffe) from module PSC_CPU_TimingTop.
Setting constant 0-bit at position 9 on $auto$ff.cc:337:slice$9735 ($adffe) from module PSC_CPU_TimingTop.
Setting constant 0-bit at position 10 on $auto$ff.cc:337:slice$9735 ($adffe) from module PSC_CPU_TimingTop.
Setting constant 0-bit at position 12 on $auto$ff.cc:337:slice$9735 ($adffe) from module PSC_CPU_TimingTop.
Setting constant 0-bit at position 13 on $auto$ff.cc:337:slice$9735 ($adffe) from module PSC_CPU_TimingTop.
Setting constant 0-bit at position 14 on $auto$ff.cc:337:slice$9735 ($adffe) from module PSC_CPU_TimingTop.
Setting constant 0-bit at position 15 on $auto$ff.cc:337:slice$9735 ($adffe) from module PSC_CPU_TimingTop.
Setting constant 0-bit at position 16 on $auto$ff.cc:337:slice$9735 ($adffe) from module PSC_CPU_TimingTop.
Setting constant 0-bit at position 17 on $auto$ff.cc:337:slice$9735 ($adffe) from module PSC_CPU_TimingTop.
Setting constant 0-bit at position 18 on $auto$ff.cc:337:slice$9735 ($adffe) from module PSC_CPU_TimingTop.
Setting constant 0-bit at position 19 on $auto$ff.cc:337:slice$9735 ($adffe) from module PSC_CPU_TimingTop.
Setting constant 0-bit at position 20 on $auto$ff.cc:337:slice$9735 ($adffe) from module PSC_CPU_TimingTop.
Setting constant 0-bit at position 21 on $auto$ff.cc:337:slice$9735 ($adffe) from module PSC_CPU_TimingTop.
Setting constant 0-bit at position 22 on $auto$ff.cc:337:slice$9735 ($adffe) from module PSC_CPU_TimingTop.
Setting constant 0-bit at position 23 on $auto$ff.cc:337:slice$9735 ($adffe) from module PSC_CPU_TimingTop.
Setting constant 0-bit at position 24 on $auto$ff.cc:337:slice$9735 ($adffe) from module PSC_CPU_TimingTop.
Setting constant 0-bit at position 25 on $auto$ff.cc:337:slice$9735 ($adffe) from module PSC_CPU_TimingTop.
Setting constant 0-bit at position 26 on $auto$ff.cc:337:slice$9735 ($adffe) from module PSC_CPU_TimingTop.
Setting constant 0-bit at position 27 on $auto$ff.cc:337:slice$9735 ($adffe) from module PSC_CPU_TimingTop.
Setting constant 0-bit at position 28 on $auto$ff.cc:337:slice$9735 ($adffe) from module PSC_CPU_TimingTop.
Setting constant 0-bit at position 29 on $auto$ff.cc:337:slice$9735 ($adffe) from module PSC_CPU_TimingTop.
Setting constant 0-bit at position 30 on $auto$ff.cc:337:slice$9735 ($adffe) from module PSC_CPU_TimingTop.
Setting constant 0-bit at position 31 on $auto$ff.cc:337:slice$9735 ($adffe) from module PSC_CPU_TimingTop.
Setting constant 0-bit at position 0 on $auto$ff.cc:337:slice$9710 ($adffe) from module PSC_CPU_TimingTop.
Setting constant 0-bit at position 1 on $auto$ff.cc:337:slice$9710 ($adffe) from module PSC_CPU_TimingTop.
Setting constant 0-bit at position 0 on $auto$ff.cc:337:slice$9692 ($adffe) from module PSC_CPU_TimingTop.
Setting constant 0-bit at position 1 on $auto$ff.cc:337:slice$9692 ($adffe) from module PSC_CPU_TimingTop.
Setting constant 0-bit at position 2 on $auto$ff.cc:337:slice$9692 ($adffe) from module PSC_CPU_TimingTop.
Setting constant 0-bit at position 3 on $auto$ff.cc:337:slice$9692 ($adffe) from module PSC_CPU_TimingTop.
Setting constant 0-bit at position 4 on $auto$ff.cc:337:slice$9692 ($adffe) from module PSC_CPU_TimingTop.
Setting constant 0-bit at position 5 on $auto$ff.cc:337:slice$9692 ($adffe) from module PSC_CPU_TimingTop.
Setting constant 0-bit at position 6 on $auto$ff.cc:337:slice$9692 ($adffe) from module PSC_CPU_TimingTop.
Setting constant 0-bit at position 7 on $auto$ff.cc:337:slice$9692 ($adffe) from module PSC_CPU_TimingTop.
Setting constant 0-bit at position 8 on $auto$ff.cc:337:slice$9692 ($adffe) from module PSC_CPU_TimingTop.
Setting constant 0-bit at position 9 on $auto$ff.cc:337:slice$9692 ($adffe) from module PSC_CPU_TimingTop.
Setting constant 0-bit at position 10 on $auto$ff.cc:337:slice$9692 ($adffe) from module PSC_CPU_TimingTop.
Setting constant 0-bit at position 11 on $auto$ff.cc:337:slice$9692 ($adffe) from module PSC_CPU_TimingTop.
Setting constant 0-bit at position 12 on $auto$ff.cc:337:slice$9692 ($adffe) from module PSC_CPU_TimingTop.
Setting constant 0-bit at position 13 on $auto$ff.cc:337:slice$9692 ($adffe) from module PSC_CPU_TimingTop.
Setting constant 0-bit at position 14 on $auto$ff.cc:337:slice$9692 ($adffe) from module PSC_CPU_TimingTop.
Setting constant 0-bit at position 17 on $auto$ff.cc:337:slice$9692 ($adffe) from module PSC_CPU_TimingTop.
Setting constant 0-bit at position 18 on $auto$ff.cc:337:slice$9692 ($adffe) from module PSC_CPU_TimingTop.
Setting constant 0-bit at position 19 on $auto$ff.cc:337:slice$9692 ($adffe) from module PSC_CPU_TimingTop.
Setting constant 0-bit at position 20 on $auto$ff.cc:337:slice$9692 ($adffe) from module PSC_CPU_TimingTop.
Setting constant 0-bit at position 21 on $auto$ff.cc:337:slice$9692 ($adffe) from module PSC_CPU_TimingTop.
Setting constant 0-bit at position 22 on $auto$ff.cc:337:slice$9692 ($adffe) from module PSC_CPU_TimingTop.
Setting constant 0-bit at position 23 on $auto$ff.cc:337:slice$9692 ($adffe) from module PSC_CPU_TimingTop.
Setting constant 0-bit at position 24 on $auto$ff.cc:337:slice$9692 ($adffe) from module PSC_CPU_TimingTop.
Setting constant 0-bit at position 25 on $auto$ff.cc:337:slice$9692 ($adffe) from module PSC_CPU_TimingTop.
Setting constant 0-bit at position 26 on $auto$ff.cc:337:slice$9692 ($adffe) from module PSC_CPU_TimingTop.
Setting constant 0-bit at position 27 on $auto$ff.cc:337:slice$9692 ($adffe) from module PSC_CPU_TimingTop.
Setting constant 0-bit at position 28 on $auto$ff.cc:337:slice$9692 ($adffe) from module PSC_CPU_TimingTop.
Setting constant 0-bit at position 0 on $auto$ff.cc:337:slice$9686 ($adffe) from module PSC_CPU_TimingTop.
Setting constant 0-bit at position 1 on $auto$ff.cc:337:slice$9686 ($adffe) from module PSC_CPU_TimingTop.
Setting constant 0-bit at position 0 on $auto$ff.cc:337:slice$9637 ($adffe) from module PSC_CPU_TimingTop.
Setting constant 0-bit at position 2 on $auto$ff.cc:337:slice$9637 ($adffe) from module PSC_CPU_TimingTop.
Setting constant 0-bit at position 3 on $auto$ff.cc:337:slice$9637 ($adffe) from module PSC_CPU_TimingTop.
Setting constant 0-bit at position 4 on $auto$ff.cc:337:slice$9637 ($adffe) from module PSC_CPU_TimingTop.
Setting constant 0-bit at position 6 on $auto$ff.cc:337:slice$9637 ($adffe) from module PSC_CPU_TimingTop.
Setting constant 0-bit at position 7 on $auto$ff.cc:337:slice$9637 ($adffe) from module PSC_CPU_TimingTop.
Setting constant 0-bit at position 8 on $auto$ff.cc:337:slice$9637 ($adffe) from module PSC_CPU_TimingTop.
Setting constant 0-bit at position 10 on $auto$ff.cc:337:slice$9637 ($adffe) from module PSC_CPU_TimingTop.
Setting constant 0-bit at position 11 on $auto$ff.cc:337:slice$9637 ($adffe) from module PSC_CPU_TimingTop.
Setting constant 0-bit at position 12 on $auto$ff.cc:337:slice$9637 ($adffe) from module PSC_CPU_TimingTop.
Setting constant 0-bit at position 13 on $auto$ff.cc:337:slice$9637 ($adffe) from module PSC_CPU_TimingTop.
Setting constant 0-bit at position 14 on $auto$ff.cc:337:slice$9637 ($adffe) from module PSC_CPU_TimingTop.
Setting constant 0-bit at position 15 on $auto$ff.cc:337:slice$9637 ($adffe) from module PSC_CPU_TimingTop.
Setting constant 0-bit at position 16 on $auto$ff.cc:337:slice$9637 ($adffe) from module PSC_CPU_TimingTop.
Setting constant 0-bit at position 17 on $auto$ff.cc:337:slice$9637 ($adffe) from module PSC_CPU_TimingTop.
Setting constant 0-bit at position 18 on $auto$ff.cc:337:slice$9637 ($adffe) from module PSC_CPU_TimingTop.
Setting constant 0-bit at position 19 on $auto$ff.cc:337:slice$9637 ($adffe) from module PSC_CPU_TimingTop.
Setting constant 0-bit at position 20 on $auto$ff.cc:337:slice$9637 ($adffe) from module PSC_CPU_TimingTop.
Setting constant 0-bit at position 21 on $auto$ff.cc:337:slice$9637 ($adffe) from module PSC_CPU_TimingTop.
Setting constant 0-bit at position 22 on $auto$ff.cc:337:slice$9637 ($adffe) from module PSC_CPU_TimingTop.
Setting constant 0-bit at position 23 on $auto$ff.cc:337:slice$9637 ($adffe) from module PSC_CPU_TimingTop.
Setting constant 0-bit at position 24 on $auto$ff.cc:337:slice$9637 ($adffe) from module PSC_CPU_TimingTop.
Setting constant 0-bit at position 25 on $auto$ff.cc:337:slice$9637 ($adffe) from module PSC_CPU_TimingTop.
Setting constant 0-bit at position 26 on $auto$ff.cc:337:slice$9637 ($adffe) from module PSC_CPU_TimingTop.
Setting constant 0-bit at position 27 on $auto$ff.cc:337:slice$9637 ($adffe) from module PSC_CPU_TimingTop.
Setting constant 0-bit at position 28 on $auto$ff.cc:337:slice$9637 ($adffe) from module PSC_CPU_TimingTop.
Setting constant 0-bit at position 29 on $auto$ff.cc:337:slice$9637 ($adffe) from module PSC_CPU_TimingTop.
Setting constant 0-bit at position 30 on $auto$ff.cc:337:slice$9637 ($adffe) from module PSC_CPU_TimingTop.
Setting constant 0-bit at position 31 on $auto$ff.cc:337:slice$9637 ($adffe) from module PSC_CPU_TimingTop.

20.14.7. Executing OPT_CLEAN pass (remove unused cells and wires).
Finding unused cells or wires in module \PSC_CPU_TimingTop..
Removed 263 unused cells and 380 unused wires.
<suppressed ~266 debug messages>

20.14.8. Executing OPT_EXPR pass (perform const folding).
Optimizing module PSC_CPU_TimingTop.
<suppressed ~31 debug messages>

20.14.9. Rerunning OPT passes. (Maybe there is more to do..)

20.14.10. Executing OPT_MUXTREE pass (detect dead branches in mux trees).
Running muxtree optimizer on module \PSC_CPU_TimingTop..
  Creating internal representation of mux trees.
  Evaluating internal representation of mux trees.
  Analyzing evaluation results.
Removed 0 multiplexer ports.
<suppressed ~511 debug messages>

20.14.11. Executing OPT_REDUCE pass (consolidate $*mux and $reduce_* inputs).
  Optimizing cells in module \PSC_CPU_TimingTop.
Performed a total of 0 changes.

20.14.12. Executing OPT_MERGE pass (detect identical cells).
Finding identical cells in module `\PSC_CPU_TimingTop'.
Computing hashes of 1390 cells of `\PSC_CPU_TimingTop'.
Finding duplicate cells in `\PSC_CPU_TimingTop'.
Computing hashes of 1358 cells of `\PSC_CPU_TimingTop'.
Finding duplicate cells in `\PSC_CPU_TimingTop'.
Computing hashes of 1355 cells of `\PSC_CPU_TimingTop'.
Finding duplicate cells in `\PSC_CPU_TimingTop'.
<suppressed ~105 debug messages>
Removed a total of 35 cells.

20.14.13. Executing OPT_DFF pass (perform DFF optimizations).
Setting constant 0-bit at position 0 on $auto$ff.cc:337:slice$9434 ($adffe) from module PSC_CPU_TimingTop.
Setting constant 0-bit at position 1 on $auto$ff.cc:337:slice$9434 ($adffe) from module PSC_CPU_TimingTop.
Setting constant 0-bit at position 0 on $auto$ff.cc:337:slice$9412 ($adffe) from module PSC_CPU_TimingTop.
Setting constant 0-bit at position 1 on $auto$ff.cc:337:slice$9412 ($adffe) from module PSC_CPU_TimingTop.

20.14.14. Executing OPT_CLEAN pass (remove unused cells and wires).
Finding unused cells or wires in module \PSC_CPU_TimingTop..
Removed 0 unused cells and 35 unused wires.
<suppressed ~1 debug messages>

20.14.15. Executing OPT_EXPR pass (perform const folding).
Optimizing module PSC_CPU_TimingTop.

20.14.16. Rerunning OPT passes. (Maybe there is more to do..)

20.14.17. Executing OPT_MUXTREE pass (detect dead branches in mux trees).
Running muxtree optimizer on module \PSC_CPU_TimingTop..
  Creating internal representation of mux trees.
  Evaluating internal representation of mux trees.
  Analyzing evaluation results.
Removed 0 multiplexer ports.
<suppressed ~515 debug messages>

20.14.18. Executing OPT_REDUCE pass (consolidate $*mux and $reduce_* inputs).
  Optimizing cells in module \PSC_CPU_TimingTop.
Performed a total of 0 changes.

20.14.19. Executing OPT_MERGE pass (detect identical cells).
Finding identical cells in module `\PSC_CPU_TimingTop'.
Computing hashes of 1355 cells of `\PSC_CPU_TimingTop'.
Finding duplicate cells in `\PSC_CPU_TimingTop'.
Removed a total of 0 cells.

20.14.20. Executing OPT_DFF pass (perform DFF optimizations).

20.14.21. Executing OPT_CLEAN pass (remove unused cells and wires).
Finding unused cells or wires in module \PSC_CPU_TimingTop..

20.14.22. Executing OPT_EXPR pass (perform const folding).
Optimizing module PSC_CPU_TimingTop.

20.14.23. Finished fast OPT passes. (There is nothing left to do.)

20.15. Executing WREDUCE pass (reducing word size of cells).
Removed top 1 bits (of 2) from port B of cell PSC_CPU_TimingTop.$auto$opt_dff.cc:351:make_patterns_logic$9670 ($ne).
Removed top 2 bits (of 34) from FF cell PSC_CPU_TimingTop.$auto$ff.cc:337:slice$9589 ($adffe).
Removed top 2 bits (of 34) from FF cell PSC_CPU_TimingTop.$auto$ff.cc:337:slice$9570 ($adffe).
Removed top 2 bits (of 34) from FF cell PSC_CPU_TimingTop.$auto$ff.cc:337:slice$9551 ($adffe).
Removed top 2 bits (of 34) from FF cell PSC_CPU_TimingTop.$auto$ff.cc:337:slice$9440 ($adffe).
Removed top 1 bits (of 33) from FF cell PSC_CPU_TimingTop.$auto$ff.cc:337:slice$9405 ($adffe).
Removed top 1 bits (of 2) from port B of cell PSC_CPU_TimingTop.$auto$opt_dff.cc:351:make_patterns_logic$9395 ($ne).
Removed top 1 bits (of 2) from port B of cell PSC_CPU_TimingTop.$auto$opt_dff.cc:351:make_patterns_logic$9393 ($ne).
Removed top 1 bits (of 2) from port B of cell PSC_CPU_TimingTop.$auto$fsm_map.cc:77:implement_pattern_cache$9196 ($eq).
Removed top 1 bits (of 4) from port B of cell PSC_CPU_TimingTop.$auto$fsm_map.cc:77:implement_pattern_cache$9153 ($eq).
Removed top 2 bits (of 3) from port B of cell PSC_CPU_TimingTop.$auto$fsm_map.cc:77:implement_pattern_cache$9135 ($eq).
Removed top 1 bits (of 4) from port B of cell PSC_CPU_TimingTop.$auto$fsm_map.cc:77:implement_pattern_cache$9126 ($eq).
Removed top 1 bits (of 2) from port B of cell PSC_CPU_TimingTop.$auto$fsm_map.cc:77:implement_pattern_cache$9033 ($eq).
Removed top 1 bits (of 2) from port B of cell PSC_CPU_TimingTop.$auto$fsm_map.cc:77:implement_pattern_cache$9000 ($eq).
Removed top 1 bits (of 2) from port B of cell PSC_CPU_TimingTop.$auto$fsm_map.cc:77:implement_pattern_cache$8974 ($eq).
Removed top 1 bits (of 2) from port B of cell PSC_CPU_TimingTop.$auto$fsm_map.cc:77:implement_pattern_cache$8936 ($eq).
Removed top 1 bits (of 2) from port B of cell PSC_CPU_TimingTop.$auto$fsm_map.cc:77:implement_pattern_cache$8907 ($eq).
Removed top 1 bits (of 4) from port B of cell PSC_CPU_TimingTop.$auto$fsm_map.cc:77:implement_pattern_cache$8885 ($eq).
Removed top 2 bits (of 3) from port B of cell PSC_CPU_TimingTop.$auto$fsm_map.cc:77:implement_pattern_cache$8867 ($eq).
Removed top 1 bits (of 4) from port B of cell PSC_CPU_TimingTop.$auto$fsm_map.cc:77:implement_pattern_cache$8858 ($eq).
Removed top 6 bits (of 9) from port B of cell PSC_CPU_TimingTop.$flatten\u_cpu.\u_execute_state.\u_decorder.$eq$../rtl/cpu/src/Decorder.v:284$403 ($eq).
Removed top 9 bits (of 10) from port B of cell PSC_CPU_TimingTop.$flatten\u_cpu.\u_execute_state.\u_decorder.$eq$../rtl/cpu/src/Decorder.v:283$402 ($eq).
Removed top 2 bits (of 5) from mux cell PSC_CPU_TimingTop.$flatten\u_cpu.\u_execute_state.\u_decorder.$ternary$../rtl/cpu/src/Decorder.v:256$364 ($mux).
Removed top 6 bits (of 7) from port B of cell PSC_CPU_TimingTop.$flatten\u_cpu.\u_execute_state.\u_decorder.$eq$../rtl/cpu/src/Decorder.v:202$320 ($eq).
Removed top 1 bits (of 7) from port B of cell PSC_CPU_TimingTop.$flatten\u_cpu.\u_execute_state.\u_decorder.$eq$../rtl/cpu/src/Decorder.v:201$319 ($eq).
Removed top 2 bits (of 7) from port B of cell PSC_CPU_TimingTop.$flatten\u_cpu.\u_execute_state.\u_decorder.$eq$../rtl/cpu/src/Decorder.v:188$312 ($eq).
Removed top 5 bits (of 7) from port B of cell PSC_CPU_TimingTop.$flatten\u_cpu.\u_execute_state.\u_decorder.$eq$../rtl/cpu/src/Decorder.v:187$307 ($eq).
Removed top 2 bits (of 7) from port B of cell PSC_CPU_TimingTop.$flatten\u_cpu.\u_execute_state.\u_decorder.$eq$../rtl/cpu/src/Decorder.v:187$306 ($eq).
Removed top 1 bits (of 7) from port B of cell PSC_CPU_TimingTop.$flatten\u_cpu.\u_execute_state.\u_decorder.$eq$../rtl/cpu/src/Decorder.v:186$305 ($eq).
Removed top 1 bits (of 7) from port B of cell PSC_CPU_TimingTop.$flatten\u_cpu.\u_execute_state.\u_decorder.$eq$../rtl/cpu/src/Decorder.v:146$300 ($eq).
Removed top 1 bits (of 3) from port B of cell PSC_CPU_TimingTop.$flatten\u_cpu.\u_execute_state.\u_decorder.$eq$../rtl/cpu/src/Decorder.v:127$281 ($eq).
Removed top 1 bits (of 3) from port B of cell PSC_CPU_TimingTop.$flatten\u_cpu.\u_execute_state.\u_decorder.$eq$../rtl/cpu/src/Decorder.v:126$279 ($eq).
Removed top 2 bits (of 3) from port B of cell PSC_CPU_TimingTop.$flatten\u_cpu.\u_execute_state.\u_decorder.$eq$../rtl/cpu/src/Decorder.v:120$271 ($eq).
Removed top 3 bits (of 7) from port B of cell PSC_CPU_TimingTop.$flatten\u_cpu.\u_execute_state.\u_decorder.$eq$../rtl/cpu/src/Decorder.v:112$268 ($eq).
Removed top 1 bits (of 2) from port B of cell PSC_CPU_TimingTop.$flatten\u_cpu.\u_execute_state.\u_decorder.$ne$../rtl/cpu/src/Decorder.v:106$264 ($ne).
Removed top 2 bits (of 12) from port B of cell PSC_CPU_TimingTop.$flatten\u_cpu.\u_execute_state.\u_decorder.$eq$../rtl/cpu/src/Decorder.v:102$262 ($eq).
Removed top 3 bits (of 12) from port B of cell PSC_CPU_TimingTop.$flatten\u_cpu.\u_execute_state.\u_decorder.$eq$../rtl/cpu/src/Decorder.v:98$258 ($eq).
Removed top 3 bits (of 7) from port B of cell PSC_CPU_TimingTop.$flatten\u_cpu.\u_execute_state.\u_decorder.$eq$../rtl/cpu/src/Decorder.v:83$245 ($eq).
Converting cell PSC_CPU_TimingTop.$flatten\u_cpu.\u_execute_state.\u_execute.\u_multiplexer.$mul$../rtl/cpu/src/Execute_Mul.v:31$548 ($mul) from unsigned to signed.
Removed top 32 bits (of 64) from port A of cell PSC_CPU_TimingTop.$flatten\u_cpu.\u_execute_state.\u_execute.\u_multiplexer.$mul$../rtl/cpu/src/Execute_Mul.v:31$548 ($mul).
Removed top 32 bits (of 64) from port B of cell PSC_CPU_TimingTop.$flatten\u_cpu.\u_execute_state.\u_execute.\u_multiplexer.$mul$../rtl/cpu/src/Execute_Mul.v:31$548 ($mul).
Converting cell PSC_CPU_TimingTop.$flatten\u_cpu.\u_execute_state.\u_execute.\u_multiplexer.$mul$../rtl/cpu/src/Execute_Mul.v:33$549 ($mul) from unsigned to signed.
Removed top 33 bits (of 65) from port A of cell PSC_CPU_TimingTop.$flatten\u_cpu.\u_execute_state.\u_execute.\u_multiplexer.$mul$../rtl/cpu/src/Execute_Mul.v:33$549 ($mul).
Removed top 32 bits (of 65) from port B of cell PSC_CPU_TimingTop.$flatten\u_cpu.\u_execute_state.\u_execute.\u_multiplexer.$mul$../rtl/cpu/src/Execute_Mul.v:33$549 ($mul).
Removed top 1 bits (of 65) from port Y of cell PSC_CPU_TimingTop.$flatten\u_cpu.\u_execute_state.\u_execute.\u_multiplexer.$mul$../rtl/cpu/src/Execute_Mul.v:33$549 ($mul).
Removed top 31 bits (of 32) from port B of cell PSC_CPU_TimingTop.$flatten\u_cpu.\u_execute_state.\u_execute.\u_divider.$add$../rtl/cpu/src/Execute_Divider.v:52$523 ($add).
Removed top 31 bits (of 32) from port B of cell PSC_CPU_TimingTop.$flatten\u_cpu.\u_execute_state.\u_execute.\u_divider.$add$../rtl/cpu/src/Execute_Divider.v:53$526 ($add).
Removed top 1 bits (of 33) from port B of cell PSC_CPU_TimingTop.$flatten\u_cpu.\u_execute_state.\u_execute.\u_divider.$ge$../rtl/cpu/src/Execute_Divider.v:59$531 ($ge).
Removed top 1 bits (of 33) from port B of cell PSC_CPU_TimingTop.$flatten\u_cpu.\u_execute_state.\u_execute.\u_divider.$sub$../rtl/cpu/src/Execute_Divider.v:60$532 ($sub).
Removed top 5 bits (of 6) from port B of cell PSC_CPU_TimingTop.$flatten\u_cpu.\u_execute_state.\u_execute.\u_divider.$sub$../rtl/cpu/src/Execute_Divider.v:118$536 ($sub).
Removed top 5 bits (of 6) from port B of cell PSC_CPU_TimingTop.$flatten\u_cpu.\u_execute_state.\u_execute.\u_divider.$eq$../rtl/cpu/src/Execute_Divider.v:120$537 ($eq).
Removed top 31 bits (of 32) from port B of cell PSC_CPU_TimingTop.$flatten\u_cpu.\u_execute_state.\u_execute.\u_divider.$add$../rtl/cpu/src/Execute_Divider.v:131$540 ($add).
Removed top 31 bits (of 32) from port B of cell PSC_CPU_TimingTop.$flatten\u_cpu.\u_execute_state.\u_execute.\u_divider.$add$../rtl/cpu/src/Execute_Divider.v:135$543 ($add).
Removed top 31 bits (of 32) from mux cell PSC_CPU_TimingTop.$flatten\u_cpu.\u_execute_state.\u_execute.$ternary$../rtl/cpu/src/Execute.v:137$507 ($mux).
Removed top 31 bits (of 32) from mux cell PSC_CPU_TimingTop.$flatten\u_cpu.\u_execute_state.\u_execute.$ternary$../rtl/cpu/src/Execute.v:136$505 ($mux).
Removed top 22 bits (of 34) from port B of cell PSC_CPU_TimingTop.$flatten\u_cpu.\u_execute_state.\u_mmu_d.$add$../rtl/cpu/src/MMU.v:260$775 ($add).
Removed top 22 bits (of 34) from port B of cell PSC_CPU_TimingTop.$flatten\u_cpu.\u_execute_state.\u_mmu_d.$add$../rtl/cpu/src/MMU.v:205$741 ($add).
Removed top 29 bits (of 32) from port B of cell PSC_CPU_TimingTop.$flatten\u_cpu.\u_execute_state.\u_memory_store.$add$../rtl/cpu/src/MemoryStore.v:162$1116 ($add).
Removed top 1 bits (of 3) from port B of cell PSC_CPU_TimingTop.$flatten\u_cpu.\u_execute_state.\u_memory_store.$eq$../rtl/cpu/src/MemoryStore.v:60$1092 ($eq).
Removed top 1 bits (of 2) from port B of cell PSC_CPU_TimingTop.$flatten\u_cpu.\u_execute_state.\u_memory_store.$eq$../rtl/cpu/src/MemoryStore.v:49$1083 ($eq).
Removed top 29 bits (of 32) from port B of cell PSC_CPU_TimingTop.$flatten\u_cpu.\u_fetch_state.$add$../rtl/cpu/src/PSC_RV32ISP_Fetch.v:163$63 ($add).
Removed top 22 bits (of 34) from port B of cell PSC_CPU_TimingTop.$flatten\u_cpu.\u_fetch_state.\u_mmu_i.$add$../rtl/cpu/src/MMU.v:260$775 ($add).
Removed top 22 bits (of 34) from port B of cell PSC_CPU_TimingTop.$flatten\u_cpu.\u_fetch_state.\u_mmu_i.$add$../rtl/cpu/src/MMU.v:205$741 ($add).
Removed top 1 bits (of 2) from port B of cell PSC_CPU_TimingTop.$flatten\u_cpu.\u_fetch_state.\u_fetch_fifo.$add$../rtl/cpu/src/Fetch_Fifo.v:92$1069 ($add).
Removed top 1 bits (of 2) from port B of cell PSC_CPU_TimingTop.$flatten\u_cpu.\u_fetch_state.\u_fetch_fifo.$add$../rtl/cpu/src/Fetch_Fifo.v:87$1065 ($add).
Removed top 29 bits (of 32) from port B of cell PSC_CPU_TimingTop.$flatten\u_cpu.$add$../rtl/cpu/src/PSC_RV32ISP_core.v:437$46 ($add).
Removed top 30 bits (of 32) from mux cell PSC_CPU_TimingTop.$flatten\u_cpu.$ternary$../rtl/cpu/src/PSC_RV32ISP_core.v:174$29 ($mux).
Removed top 1 bits (of 2) from port B of cell PSC_CPU_TimingTop.$flatten\u_cpu.$eq$../rtl/cpu/src/PSC_RV32ISP_core.v:157$20 ($eq).
Removed top 1 bits (of 12) from port B of cell PSC_CPU_TimingTop.$procmux$3257_CMP0 ($eq).
Removed top 1 bits (of 12) from port B of cell PSC_CPU_TimingTop.$procmux$3265_CMP0 ($eq).
Removed top 1 bits (of 12) from port B of cell PSC_CPU_TimingTop.$procmux$3274_CMP0 ($eq).
Removed top 1 bits (of 12) from port B of cell PSC_CPU_TimingTop.$procmux$3284_CMP0 ($eq).
Removed top 1 bits (of 12) from port B of cell PSC_CPU_TimingTop.$procmux$3295_CMP0 ($eq).
Removed top 1 bits (of 12) from port B of cell PSC_CPU_TimingTop.$procmux$3323_CMP0 ($eq).
Removed top 1 bits (of 12) from port B of cell PSC_CPU_TimingTop.$procmux$3336_CMP0 ($eq).
Removed top 1 bits (of 12) from port B of cell PSC_CPU_TimingTop.$procmux$3350_CMP0 ($eq).
Removed top 1 bits (of 12) from port B of cell PSC_CPU_TimingTop.$procmux$3365_CMP0 ($eq).
Removed top 1 bits (of 12) from port B of cell PSC_CPU_TimingTop.$procmux$3505_CMP0 ($eq).
Removed top 1 bits (of 12) from port B of cell PSC_CPU_TimingTop.$procmux$3506_CMP0 ($eq).
Removed top 2 bits (of 12) from port B of cell PSC_CPU_TimingTop.$procmux$3507_CMP0 ($eq).
Removed top 2 bits (of 12) from port B of cell PSC_CPU_TimingTop.$procmux$3508_CMP0 ($eq).
Removed top 2 bits (of 12) from port B of cell PSC_CPU_TimingTop.$procmux$3509_CMP0 ($eq).
Removed top 2 bits (of 12) from port B of cell PSC_CPU_TimingTop.$procmux$3510_CMP0 ($eq).
Removed top 2 bits (of 12) from port B of cell PSC_CPU_TimingTop.$procmux$3511_CMP0 ($eq).
Removed top 2 bits (of 12) from port B of cell PSC_CPU_TimingTop.$procmux$3512_CMP0 ($eq).
Removed top 2 bits (of 12) from port B of cell PSC_CPU_TimingTop.$procmux$3513_CMP0 ($eq).
Removed top 2 bits (of 12) from port B of cell PSC_CPU_TimingTop.$procmux$3514_CMP0 ($eq).
Removed top 2 bits (of 12) from port B of cell PSC_CPU_TimingTop.$procmux$3515_CMP0 ($eq).
Removed top 3 bits (of 12) from port B of cell PSC_CPU_TimingTop.$procmux$3516_CMP0 ($eq).
Removed top 3 bits (of 12) from port B of cell PSC_CPU_TimingTop.$procmux$3517_CMP0 ($eq).
Removed top 3 bits (of 12) from port B of cell PSC_CPU_TimingTop.$procmux$3518_CMP0 ($eq).
Removed top 3 bits (of 12) from port B of cell PSC_CPU_TimingTop.$procmux$3519_CMP0 ($eq).
Removed top 3 bits (of 12) from port B of cell PSC_CPU_TimingTop.$procmux$3520_CMP0 ($eq).
Removed top 3 bits (of 12) from port B of cell PSC_CPU_TimingTop.$procmux$3521_CMP0 ($eq).
Removed top 3 bits (of 12) from port B of cell PSC_CPU_TimingTop.$procmux$3522_CMP0 ($eq).
Removed top 3 bits (of 12) from port B of cell PSC_CPU_TimingTop.$procmux$3523_CMP0 ($eq).
Removed top 3 bits (of 12) from port B of cell PSC_CPU_TimingTop.$procmux$3524_CMP0 ($eq).
Removed top 1 bits (of 2) from port B of cell PSC_CPU_TimingTop.$procmux$3676_CMP0 ($eq).
Removed top 1 bits (of 2) from port B of cell PSC_CPU_TimingTop.$procmux$3932_CMP0 ($eq).
Removed top 1 bits (of 2) from port B of cell PSC_CPU_TimingTop.$procmux$3993_CMP0 ($eq).
Removed top 2 bits (of 34) from mux cell PSC_CPU_TimingTop.$procmux$4484 ($pmux).
Removed top 2 bits (of 34) from mux cell PSC_CPU_TimingTop.$procmux$4490 ($mux).
Removed top 2 bits (of 34) from mux cell PSC_CPU_TimingTop.$procmux$4501 ($pmux).
Removed top 2 bits (of 34) from mux cell PSC_CPU_TimingTop.$procmux$4513 ($mux).
Removed top 2 bits (of 34) from mux cell PSC_CPU_TimingTop.$procmux$4517 ($mux).
Removed top 1 bits (of 5) from port B of cell PSC_CPU_TimingTop.$procmux$4890_CMP0 ($eq).
Removed top 1 bits (of 5) from port B of cell PSC_CPU_TimingTop.$procmux$4891_CMP0 ($eq).
Removed top 1 bits (of 5) from port B of cell PSC_CPU_TimingTop.$procmux$4892_CMP0 ($eq).
Removed top 1 bits (of 5) from port B of cell PSC_CPU_TimingTop.$procmux$4893_CMP0 ($eq).
Removed top 1 bits (of 5) from port B of cell PSC_CPU_TimingTop.$procmux$4894_CMP0 ($eq).
Removed top 1 bits (of 5) from port B of cell PSC_CPU_TimingTop.$procmux$4895_CMP0 ($eq).
Removed top 1 bits (of 5) from port B of cell PSC_CPU_TimingTop.$procmux$4896_CMP0 ($eq).
Removed top 1 bits (of 5) from port B of cell PSC_CPU_TimingTop.$procmux$4897_CMP0 ($eq).
Removed top 2 bits (of 5) from port B of cell PSC_CPU_TimingTop.$procmux$4898_CMP0 ($eq).
Removed top 2 bits (of 5) from port B of cell PSC_CPU_TimingTop.$procmux$4899_CMP0 ($eq).
Removed top 2 bits (of 5) from port B of cell PSC_CPU_TimingTop.$procmux$4900_CMP0 ($eq).
Removed top 2 bits (of 5) from port B of cell PSC_CPU_TimingTop.$procmux$4901_CMP0 ($eq).
Removed top 3 bits (of 5) from port B of cell PSC_CPU_TimingTop.$procmux$4902_CMP0 ($eq).
Removed top 3 bits (of 5) from port B of cell PSC_CPU_TimingTop.$procmux$4903_CMP0 ($eq).
Removed top 4 bits (of 5) from port B of cell PSC_CPU_TimingTop.$procmux$4904_CMP0 ($eq).
Removed top 1 bits (of 5) from port B of cell PSC_CPU_TimingTop.$procmux$4926_CMP0 ($eq).
Removed top 1 bits (of 5) from port B of cell PSC_CPU_TimingTop.$procmux$4927_CMP0 ($eq).
Removed top 1 bits (of 5) from port B of cell PSC_CPU_TimingTop.$procmux$4928_CMP0 ($eq).
Removed top 1 bits (of 5) from port B of cell PSC_CPU_TimingTop.$procmux$4929_CMP0 ($eq).
Removed top 1 bits (of 5) from port B of cell PSC_CPU_TimingTop.$procmux$4930_CMP0 ($eq).
Removed top 1 bits (of 5) from port B of cell PSC_CPU_TimingTop.$procmux$4931_CMP0 ($eq).
Removed top 1 bits (of 5) from port B of cell PSC_CPU_TimingTop.$procmux$4932_CMP0 ($eq).
Removed top 1 bits (of 5) from port B of cell PSC_CPU_TimingTop.$procmux$4933_CMP0 ($eq).
Removed top 2 bits (of 5) from port B of cell PSC_CPU_TimingTop.$procmux$4934_CMP0 ($eq).
Removed top 2 bits (of 5) from port B of cell PSC_CPU_TimingTop.$procmux$4935_CMP0 ($eq).
Removed top 2 bits (of 5) from port B of cell PSC_CPU_TimingTop.$procmux$4936_CMP0 ($eq).
Removed top 2 bits (of 5) from port B of cell PSC_CPU_TimingTop.$procmux$4937_CMP0 ($eq).
Removed top 3 bits (of 5) from port B of cell PSC_CPU_TimingTop.$procmux$4938_CMP0 ($eq).
Removed top 3 bits (of 5) from port B of cell PSC_CPU_TimingTop.$procmux$4939_CMP0 ($eq).
Removed top 4 bits (of 5) from port B of cell PSC_CPU_TimingTop.$procmux$4940_CMP0 ($eq).
Removed top 1 bits (of 5) from port B of cell PSC_CPU_TimingTop.$procmux$5242_CMP0 ($eq).
Removed top 1 bits (of 5) from port B of cell PSC_CPU_TimingTop.$procmux$5267_CMP0 ($eq).
Removed top 1 bits (of 5) from port B of cell PSC_CPU_TimingTop.$procmux$5293_CMP0 ($eq).
Removed top 1 bits (of 5) from port B of cell PSC_CPU_TimingTop.$procmux$5320_CMP0 ($eq).
Removed top 1 bits (of 5) from port B of cell PSC_CPU_TimingTop.$procmux$5348_CMP0 ($eq).
Removed top 1 bits (of 5) from port B of cell PSC_CPU_TimingTop.$procmux$5377_CMP0 ($eq).
Removed top 1 bits (of 5) from port B of cell PSC_CPU_TimingTop.$procmux$5407_CMP0 ($eq).
Removed top 1 bits (of 5) from port B of cell PSC_CPU_TimingTop.$procmux$5438_CMP0 ($eq).
Removed top 2 bits (of 5) from port B of cell PSC_CPU_TimingTop.$procmux$5470_CMP0 ($eq).
Removed top 2 bits (of 5) from port B of cell PSC_CPU_TimingTop.$procmux$5503_CMP0 ($eq).
Removed top 2 bits (of 5) from port B of cell PSC_CPU_TimingTop.$procmux$5537_CMP0 ($eq).
Removed top 2 bits (of 5) from port B of cell PSC_CPU_TimingTop.$procmux$5572_CMP0 ($eq).
Removed top 3 bits (of 5) from port B of cell PSC_CPU_TimingTop.$procmux$5608_CMP0 ($eq).
Removed top 3 bits (of 5) from port B of cell PSC_CPU_TimingTop.$procmux$5645_CMP0 ($eq).
Removed top 4 bits (of 5) from port B of cell PSC_CPU_TimingTop.$procmux$5683_CMP0 ($eq).
Removed top 2 bits (of 3) from port B of cell PSC_CPU_TimingTop.$procmux$5799_CMP0 ($eq).
Removed top 2 bits (of 34) from mux cell PSC_CPU_TimingTop.$procmux$6376 ($pmux).
Removed top 2 bits (of 34) from mux cell PSC_CPU_TimingTop.$procmux$6382 ($mux).
Removed top 2 bits (of 34) from mux cell PSC_CPU_TimingTop.$procmux$6393 ($pmux).
Removed top 2 bits (of 34) from mux cell PSC_CPU_TimingTop.$procmux$6405 ($mux).
Removed top 2 bits (of 34) from mux cell PSC_CPU_TimingTop.$procmux$6409 ($mux).
Removed top 2 bits (of 5) from port B of cell PSC_CPU_TimingTop.$procmux$6496_CMP0 ($eq).
Removed top 2 bits (of 5) from port B of cell PSC_CPU_TimingTop.$procmux$6497_CMP0 ($eq).
Removed top 2 bits (of 5) from port B of cell PSC_CPU_TimingTop.$procmux$6499_CMP0 ($eq).
Removed top 2 bits (of 5) from port B of cell PSC_CPU_TimingTop.$procmux$6500_CMP0 ($eq).
Removed top 3 bits (of 5) from port B of cell PSC_CPU_TimingTop.$procmux$6501_CMP0 ($eq).
Removed top 3 bits (of 5) from port B of cell PSC_CPU_TimingTop.$procmux$6502_CMP0 ($eq).
Removed top 4 bits (of 5) from port B of cell PSC_CPU_TimingTop.$procmux$6503_CMP0 ($eq).
Removed top 1 bits (of 33) from mux cell PSC_CPU_TimingTop.$procmux$6839 ($pmux).
Removed top 31 bits (of 32) from mux cell PSC_CPU_TimingTop.$procmux$6846 ($mux).
Removed top 1 bits (of 2) from port B of cell PSC_CPU_TimingTop.$procmux$6907_CMP0 ($eq).
Removed top 1 bits (of 4) from port B of cell PSC_CPU_TimingTop.$procmux$6974_CMP0 ($eq).
Removed top 1 bits (of 4) from port B of cell PSC_CPU_TimingTop.$procmux$7022_CMP0 ($eq).
Removed top 2 bits (of 4) from port B of cell PSC_CPU_TimingTop.$procmux$7047_CMP0 ($eq).
Removed top 2 bits (of 4) from port B of cell PSC_CPU_TimingTop.$procmux$7072_CMP0 ($eq).
Removed top 1 bits (of 4) from port B of cell PSC_CPU_TimingTop.$procmux$7092_CMP0 ($eq).
Removed top 1 bits (of 4) from port B of cell PSC_CPU_TimingTop.$procmux$7095_CMP0 ($eq).
Removed top 3 bits (of 4) from port B of cell PSC_CPU_TimingTop.$procmux$7098_CMP0 ($eq).
Removed top 2 bits (of 34) from mux cell PSC_CPU_TimingTop.$procmux$4482 ($mux).
Removed top 2 bits (of 34) from mux cell PSC_CPU_TimingTop.$procmux$4487 ($mux).
Removed top 2 bits (of 34) from mux cell PSC_CPU_TimingTop.$procmux$4499 ($mux).
Removed top 2 bits (of 34) from mux cell PSC_CPU_TimingTop.$procmux$4510 ($mux).
Removed top 2 bits (of 34) from mux cell PSC_CPU_TimingTop.$procmux$6374 ($mux).
Removed top 2 bits (of 34) from mux cell PSC_CPU_TimingTop.$procmux$6379 ($mux).
Removed top 2 bits (of 34) from mux cell PSC_CPU_TimingTop.$procmux$6391 ($mux).
Removed top 2 bits (of 34) from mux cell PSC_CPU_TimingTop.$procmux$6402 ($mux).
Removed top 1 bits (of 33) from mux cell PSC_CPU_TimingTop.$procmux$6837 ($mux).
Removed top 2 bits (of 34) from port Y of cell PSC_CPU_TimingTop.$flatten\u_cpu.\u_execute_state.\u_mmu_d.$add$../rtl/cpu/src/MMU.v:205$741 ($add).
Removed top 2 bits (of 34) from port A of cell PSC_CPU_TimingTop.$flatten\u_cpu.\u_execute_state.\u_mmu_d.$add$../rtl/cpu/src/MMU.v:205$741 ($add).
Removed top 2 bits (of 34) from port Y of cell PSC_CPU_TimingTop.$flatten\u_cpu.\u_fetch_state.\u_mmu_i.$add$../rtl/cpu/src/MMU.v:205$741 ($add).
Removed top 2 bits (of 34) from port A of cell PSC_CPU_TimingTop.$flatten\u_cpu.\u_fetch_state.\u_mmu_i.$add$../rtl/cpu/src/MMU.v:205$741 ($add).
Removed top 2 bits (of 34) from mux cell PSC_CPU_TimingTop.$procmux$4479 ($mux).
Removed top 2 bits (of 34) from mux cell PSC_CPU_TimingTop.$procmux$4496 ($mux).
Removed top 2 bits (of 34) from mux cell PSC_CPU_TimingTop.$procmux$4508 ($mux).
Removed top 2 bits (of 34) from mux cell PSC_CPU_TimingTop.$procmux$6371 ($mux).
Removed top 2 bits (of 34) from mux cell PSC_CPU_TimingTop.$procmux$6388 ($mux).
Removed top 2 bits (of 34) from mux cell PSC_CPU_TimingTop.$procmux$6400 ($mux).
Removed top 1 bits (of 33) from mux cell PSC_CPU_TimingTop.$procmux$6834 ($mux).
Removed top 2 bits (of 32) from FF cell PSC_CPU_TimingTop.$auto$ff.cc:337:slice$9517 ($adffe).
Removed top 2 bits (of 32) from FF cell PSC_CPU_TimingTop.$auto$ff.cc:337:slice$9504 ($adffe).
Removed top 1 bits (of 33) from port Y of cell PSC_CPU_TimingTop.$flatten\u_cpu.\u_execute_state.\u_execute.\u_divider.$sub$../rtl/cpu/src/Execute_Divider.v:60$532 ($sub).
Removed top 1 bits (of 33) from port A of cell PSC_CPU_TimingTop.$flatten\u_cpu.\u_execute_state.\u_execute.\u_divider.$sub$../rtl/cpu/src/Execute_Divider.v:60$532 ($sub).
Removed top 2 bits (of 34) from mux cell PSC_CPU_TimingTop.$procmux$4476 ($mux).
Removed top 2 bits (of 34) from mux cell PSC_CPU_TimingTop.$procmux$4505 ($mux).
Removed top 2 bits (of 34) from mux cell PSC_CPU_TimingTop.$procmux$6368 ($mux).
Removed top 2 bits (of 34) from mux cell PSC_CPU_TimingTop.$procmux$6397 ($mux).
Removed top 2 bits (of 34) from port Y of cell PSC_CPU_TimingTop.$flatten\u_cpu.\u_execute_state.\u_mmu_d.$add$../rtl/cpu/src/MMU.v:260$775 ($add).
Removed top 2 bits (of 34) from port A of cell PSC_CPU_TimingTop.$flatten\u_cpu.\u_execute_state.\u_mmu_d.$add$../rtl/cpu/src/MMU.v:260$775 ($add).
Removed top 2 bits (of 34) from port Y of cell PSC_CPU_TimingTop.$flatten\u_cpu.\u_fetch_state.\u_mmu_i.$add$../rtl/cpu/src/MMU.v:260$775 ($add).
Removed top 2 bits (of 34) from port A of cell PSC_CPU_TimingTop.$flatten\u_cpu.\u_fetch_state.\u_mmu_i.$add$../rtl/cpu/src/MMU.v:260$775 ($add).
Removed top 2 bits (of 32) from mux cell PSC_CPU_TimingTop.$procmux$4441 ($pmux).
Removed top 2 bits (of 32) from mux cell PSC_CPU_TimingTop.$procmux$6333 ($pmux).
Removed top 2 bits (of 32) from FF cell PSC_CPU_TimingTop.$auto$ff.cc:337:slice$9724 ($adffe).
Removed top 2 bits (of 32) from FF cell PSC_CPU_TimingTop.$auto$ff.cc:337:slice$9533 ($adffe).
Removed top 2 bits (of 32) from mux cell PSC_CPU_TimingTop.$procmux$4450 ($mux).
Removed top 2 bits (of 32) from mux cell PSC_CPU_TimingTop.$procmux$4461 ($pmux).
Removed top 2 bits (of 32) from mux cell PSC_CPU_TimingTop.$procmux$6342 ($mux).
Removed top 2 bits (of 32) from mux cell PSC_CPU_TimingTop.$procmux$6353 ($pmux).
Removed top 2 bits (of 32) from mux cell PSC_CPU_TimingTop.$procmux$4447 ($mux).
Removed top 2 bits (of 32) from mux cell PSC_CPU_TimingTop.$procmux$4459 ($mux).
Removed top 2 bits (of 32) from mux cell PSC_CPU_TimingTop.$procmux$4467 ($mux).
Removed top 2 bits (of 32) from mux cell PSC_CPU_TimingTop.$procmux$6331 ($mux).
Removed top 2 bits (of 32) from mux cell PSC_CPU_TimingTop.$procmux$6339 ($mux).
Removed top 2 bits (of 32) from mux cell PSC_CPU_TimingTop.$procmux$6359 ($mux).
Removed top 2 bits (of 32) from mux cell PSC_CPU_TimingTop.$procmux$4444 ($mux).
Removed top 2 bits (of 32) from mux cell PSC_CPU_TimingTop.$procmux$4464 ($mux).
Removed top 2 bits (of 32) from mux cell PSC_CPU_TimingTop.$procmux$6336 ($mux).
Removed top 2 bits (of 32) from mux cell PSC_CPU_TimingTop.$procmux$6356 ($mux).
Removed top 2 bits (of 32) from FF cell PSC_CPU_TimingTop.$auto$ff.cc:337:slice$9627 ($adffe).
Removed top 2 bits (of 32) from FF cell PSC_CPU_TimingTop.$auto$ff.cc:337:slice$9485 ($adffe).
Removed top 2 bits (of 32) from FF cell PSC_CPU_TimingTop.$auto$ff.cc:337:slice$9480 ($adffe).
Removed top 2 bits (of 32) from FF cell PSC_CPU_TimingTop.$auto$ff.cc:337:slice$9437 ($adffe).
Removed top 1 bits (of 33) from wire PSC_CPU_TimingTop.$procmux$6834_Y.
Removed top 19 bits (of 32) from wire PSC_CPU_TimingTop.$flatten\u_cpu.\u_csr.$0\csr_mstatus[31:0].
Removed top 23 bits (of 32) from wire PSC_CPU_TimingTop.$flatten\u_cpu.\u_csr.$0\csr_sstatus[31:0].
Removed top 2 bits (of 34) from wire PSC_CPU_TimingTop.$flatten\u_cpu.\u_fetch_state.\u_mmu_i.$0\paddr_34bit[33:0].
Removed top 2 bits (of 34) from wire PSC_CPU_TimingTop.$flatten\u_cpu.\u_fetch_state.\u_mmu_i.$0\mem_addr_34bit[33:0].
Removed top 2 bits (of 32) from wire PSC_CPU_TimingTop.$flatten\u_cpu.\u_fetch_state.\u_mmu_i.$0\pte_l1[31:0].
Removed top 2 bits (of 32) from wire PSC_CPU_TimingTop.$flatten\u_cpu.\u_fetch_state.\u_mmu_i.$0\pte_l0[31:0].
Removed top 2 bits (of 34) from wire PSC_CPU_TimingTop.$flatten\u_cpu.\u_fetch_state.\u_mmu_i.$add$../rtl/cpu/src/MMU.v:205$741_Y.
Removed top 2 bits (of 34) from wire PSC_CPU_TimingTop.$flatten\u_cpu.\u_fetch_state.\u_mmu_i.$add$../rtl/cpu/src/MMU.v:260$775_Y.
Removed top 2 bits (of 32) from wire PSC_CPU_TimingTop.$procmux$6331_Y.
Removed top 2 bits (of 32) from wire PSC_CPU_TimingTop.$procmux$6336_Y.
Removed top 2 bits (of 32) from wire PSC_CPU_TimingTop.$procmux$6339_Y.
Removed top 2 bits (of 32) from wire PSC_CPU_TimingTop.$procmux$6342_Y.
Removed top 2 bits (of 32) from wire PSC_CPU_TimingTop.$procmux$6356_Y.
Removed top 2 bits (of 32) from wire PSC_CPU_TimingTop.$procmux$6359_Y.
Removed top 2 bits (of 34) from wire PSC_CPU_TimingTop.$procmux$6368_Y.
Removed top 2 bits (of 34) from wire PSC_CPU_TimingTop.$procmux$6371_Y.
Removed top 2 bits (of 34) from wire PSC_CPU_TimingTop.$procmux$6374_Y.
Removed top 2 bits (of 34) from wire PSC_CPU_TimingTop.$procmux$6379_Y.
Removed top 2 bits (of 34) from wire PSC_CPU_TimingTop.$procmux$6382_Y.
Removed top 2 bits (of 34) from wire PSC_CPU_TimingTop.$procmux$6388_Y.
Removed top 2 bits (of 34) from wire PSC_CPU_TimingTop.$procmux$6391_Y.
Removed top 2 bits (of 34) from wire PSC_CPU_TimingTop.$procmux$6397_Y.
Removed top 2 bits (of 34) from wire PSC_CPU_TimingTop.$procmux$6400_Y.
Removed top 2 bits (of 34) from wire PSC_CPU_TimingTop.$procmux$6402_Y.
Removed top 2 bits (of 34) from wire PSC_CPU_TimingTop.$procmux$6405_Y.
Removed top 2 bits (of 34) from wire PSC_CPU_TimingTop.$procmux$6409_Y.
Removed top 2 bits (of 34) from wire PSC_CPU_TimingTop.$procmux$4517_Y.
Removed top 2 bits (of 34) from wire PSC_CPU_TimingTop.$flatten\u_cpu.\u_execute_state.\u_mmu_d.$0\paddr_34bit[33:0].
Removed top 2 bits (of 34) from wire PSC_CPU_TimingTop.$flatten\u_cpu.\u_execute_state.\u_mmu_d.$0\mem_addr_34bit[33:0].
Removed top 2 bits (of 32) from wire PSC_CPU_TimingTop.$flatten\u_cpu.\u_execute_state.\u_mmu_d.$0\pte_l1[31:0].
Removed top 2 bits (of 32) from wire PSC_CPU_TimingTop.$flatten\u_cpu.\u_execute_state.\u_mmu_d.$0\pte_l0[31:0].
Removed top 2 bits (of 34) from wire PSC_CPU_TimingTop.$procmux$4513_Y.
Removed top 2 bits (of 34) from wire PSC_CPU_TimingTop.$procmux$4510_Y.
Removed top 2 bits (of 34) from wire PSC_CPU_TimingTop.$procmux$4508_Y.
Removed top 2 bits (of 34) from wire PSC_CPU_TimingTop.$procmux$4505_Y.
Removed top 2 bits (of 34) from wire PSC_CPU_TimingTop.$procmux$4499_Y.
Removed top 2 bits (of 34) from wire PSC_CPU_TimingTop.$procmux$4496_Y.
Removed top 2 bits (of 34) from wire PSC_CPU_TimingTop.$procmux$4490_Y.
Removed top 2 bits (of 34) from wire PSC_CPU_TimingTop.$procmux$4487_Y.
Removed top 30 bits (of 32) from wire PSC_CPU_TimingTop.$flatten\u_cpu.$ternary$../rtl/cpu/src/PSC_RV32ISP_core.v:174$29_Y.
Removed top 2 bits (of 34) from wire PSC_CPU_TimingTop.$flatten\u_cpu.\u_execute_state.\u_mmu_d.$add$../rtl/cpu/src/MMU.v:205$741_Y.
Removed top 2 bits (of 34) from wire PSC_CPU_TimingTop.$procmux$4482_Y.
Removed top 2 bits (of 34) from wire PSC_CPU_TimingTop.$procmux$4479_Y.
Removed top 2 bits (of 34) from wire PSC_CPU_TimingTop.$procmux$4476_Y.
Removed top 2 bits (of 34) from wire PSC_CPU_TimingTop.$flatten\u_cpu.\u_execute_state.\u_mmu_d.$add$../rtl/cpu/src/MMU.v:260$775_Y.
Removed top 2 bits (of 32) from wire PSC_CPU_TimingTop.$procmux$4467_Y.
Removed top 2 bits (of 32) from wire PSC_CPU_TimingTop.$procmux$4464_Y.
Removed top 2 bits (of 32) from wire PSC_CPU_TimingTop.$procmux$4450_Y.
Removed top 2 bits (of 32) from wire PSC_CPU_TimingTop.$procmux$4447_Y.
Removed top 31 bits (of 32) from wire PSC_CPU_TimingTop.$flatten\u_cpu.\u_execute_state.\u_execute.$ternary$../rtl/cpu/src/Execute.v:136$505_Y.
Removed top 31 bits (of 32) from wire PSC_CPU_TimingTop.$flatten\u_cpu.\u_execute_state.\u_execute.$ternary$../rtl/cpu/src/Execute.v:137$507_Y.
Removed top 1 bits (of 33) from wire PSC_CPU_TimingTop.$flatten\u_cpu.\u_execute_state.\u_execute.\u_divider.$0\remainder_reg[32:0].
Removed top 2 bits (of 32) from wire PSC_CPU_TimingTop.$procmux$4444_Y.
Removed top 1 bits (of 33) from wire PSC_CPU_TimingTop.$procmux$6837_Y.
Removed top 2 bits (of 32) from wire PSC_CPU_TimingTop.$procmux$4439_Y.
Removed top 2 bits (of 5) from wire PSC_CPU_TimingTop.$flatten\u_cpu.\u_execute_state.\u_decorder.$ternary$../rtl/cpu/src/Decorder.v:256$364_Y.

20.16. Executing PEEPOPT pass (run peephole optimizers).

20.17. Executing OPT_CLEAN pass (remove unused cells and wires).
Finding unused cells or wires in module \PSC_CPU_TimingTop..
Removed 0 unused cells and 57 unused wires.
<suppressed ~1 debug messages>

20.18. Executing SHARE pass (SAT-based resource sharing).
Found 6 cells in module PSC_CPU_TimingTop that may be considered for resource sharing.
  Analyzing resource sharing options for $flatten\u_cpu.\u_execute_state.\u_execute.\u_multiplexer.$mul$../rtl/cpu/src/Execute_Mul.v:31$548 ($mul):
    Found 1 activation_patterns using ctrl signal $procmux$6907_CMP.
    Found 2 candidates: $flatten\u_cpu.\u_execute_state.\u_execute.\u_multiplexer.$mul$../rtl/cpu/src/Execute_Mul.v:33$549 $flatten\u_cpu.\u_execute_state.\u_execute.\u_multiplexer.$mul$../rtl/cpu/src/Execute_Mul.v:36$550
    Analyzing resource sharing with $flatten\u_cpu.\u_execute_state.\u_execute.\u_multiplexer.$mul$../rtl/cpu/src/Execute_Mul.v:33$549 ($mul):
      Found 1 activation_patterns using ctrl signal $procmux$6906_CMP.
      Activation pattern for cell $flatten\u_cpu.\u_execute_state.\u_execute.\u_multiplexer.$mul$../rtl/cpu/src/Execute_Mul.v:31$548: $procmux$6907_CMP = 1'1
      Activation pattern for cell $flatten\u_cpu.\u_execute_state.\u_execute.\u_multiplexer.$mul$../rtl/cpu/src/Execute_Mul.v:33$549: $procmux$6906_CMP = 1'1
      Size of SAT problem: 2 cells, 30 variables, 77 clauses
      According to the SAT solver this pair of cells can be shared.
      Activation signal for $flatten\u_cpu.\u_execute_state.\u_execute.\u_multiplexer.$mul$../rtl/cpu/src/Execute_Mul.v:31$548: $auto$share.cc:1066:make_cell_activation_logic$9901
      New cell: $auto$share.cc:667:make_supercell$9908 ($mul)
  Analyzing resource sharing options for $auto$share.cc:667:make_supercell$9908 ($mul):
    Found 2 activation_patterns using ctrl signal { $procmux$6907_CMP $procmux$6906_CMP }.
    Found 1 candidates: $flatten\u_cpu.\u_execute_state.\u_execute.\u_multiplexer.$mul$../rtl/cpu/src/Execute_Mul.v:36$550
    Analyzing resource sharing with $flatten\u_cpu.\u_execute_state.\u_execute.\u_multiplexer.$mul$../rtl/cpu/src/Execute_Mul.v:36$550 ($mul):
      Found 2 activation_patterns using ctrl signal { $procmux$6908_CMP $procmux$6905_CMP }.
      Activation pattern for cell $auto$share.cc:667:make_supercell$9908: $procmux$6907_CMP = 1'1
      Activation pattern for cell $auto$share.cc:667:make_supercell$9908: $procmux$6906_CMP = 1'1
      Activation pattern for cell $flatten\u_cpu.\u_execute_state.\u_execute.\u_multiplexer.$mul$../rtl/cpu/src/Execute_Mul.v:36$550: $procmux$6905_CMP = 1'1
      Activation pattern for cell $flatten\u_cpu.\u_execute_state.\u_execute.\u_multiplexer.$mul$../rtl/cpu/src/Execute_Mul.v:36$550: $procmux$6908_CMP = 1'1
      Size of SAT problem: 4 cells, 50 variables, 133 clauses
      According to the SAT solver this pair of cells can be shared.
      Activation signal for $auto$share.cc:667:make_supercell$9908: $auto$share.cc:1076:make_cell_activation_logic$9914
      New cell: $auto$share.cc:667:make_supercell$9921 ($mul)
  Analyzing resource sharing options for $auto$share.cc:667:make_supercell$9921 ($mul):
    Found 4 activation_patterns using ctrl signal { $procmux$6908_CMP $procmux$6907_CMP $procmux$6906_CMP $procmux$6905_CMP }.
    No candidates found.
  Analyzing resource sharing options for $flatten\u_cpu.\u_execute_state.\u_execute.$sshr$../rtl/cpu/src/Execute.v:140$510 ($sshr):
    Found 1 activation_patterns using ctrl signal { $procmux$6498_CMP \u_cpu.u_execute_state.u_execute.execute_enb \u_cpu.u_execute_state.u_execute.div_start \u_cpu.u_execute_state.u_execute.mul_start \u_cpu.u_execute_state.u_execute.state [0] }.
    No candidates found.
  Analyzing resource sharing options for $flatten\u_cpu.\u_execute_state.\u_execute.$shr$../rtl/cpu/src/Execute.v:139$509 ($shr):
    Found 1 activation_patterns using ctrl signal { $procmux$6499_CMP \u_cpu.u_execute_state.u_execute.execute_enb \u_cpu.u_execute_state.u_execute.div_start \u_cpu.u_execute_state.u_execute.mul_start \u_cpu.u_execute_state.u_execute.state [0] }.
    No candidates found.
  Analyzing resource sharing options for $flatten\u_cpu.\u_execute_state.\u_execute.$shl$../rtl/cpu/src/Execute.v:135$503 ($shl):
    Found 1 activation_patterns using ctrl signal { $procmux$6503_CMP \u_cpu.u_execute_state.u_execute.execute_enb \u_cpu.u_execute_state.u_execute.div_start \u_cpu.u_execute_state.u_execute.mul_start \u_cpu.u_execute_state.u_execute.state [0] }.
    No candidates found.
Removing 4 cells in module PSC_CPU_TimingTop:
  Removing cell $flatten\u_cpu.\u_execute_state.\u_execute.\u_multiplexer.$mul$../rtl/cpu/src/Execute_Mul.v:36$550 ($mul).
  Removing cell $auto$share.cc:667:make_supercell$9908 ($mul).
  Removing cell $flatten\u_cpu.\u_execute_state.\u_execute.\u_multiplexer.$mul$../rtl/cpu/src/Execute_Mul.v:33$549 ($mul).
  Removing cell $flatten\u_cpu.\u_execute_state.\u_execute.\u_multiplexer.$mul$../rtl/cpu/src/Execute_Mul.v:31$548 ($mul).

20.19. Executing TECHMAP pass (map to technology primitives).

20.19.1. Executing Verilog-2005 frontend: /home/haruhiko/Program/PSC_RV32I/PSC-ONE/hardware/sim/yosys/build/share/mul2dsp.v
Parsing Verilog input from `/home/haruhiko/Program/PSC_RV32I/PSC-ONE/hardware/sim/yosys/build/share/mul2dsp.v' to AST representation.
Generating RTLIL representation for module `\_80_mul'.
Generating RTLIL representation for module `\_90_soft_mul'.
Successfully finished Verilog frontend.

20.19.2. Continuing TECHMAP pass.
Using template $paramod$5efeea90693f84d3d630c641baa632b310460194\_80_mul for cells of type $mul.
No more expansions possible.
<suppressed ~85 debug messages>

20.20. Executing TECHMAP pass (map to technology primitives).

20.20.1. Executing Verilog-2005 frontend: /home/haruhiko/Program/PSC_RV32I/PSC-ONE/hardware/sim/yosys/build/share/mul2dsp.v
Parsing Verilog input from `/home/haruhiko/Program/PSC_RV32I/PSC-ONE/hardware/sim/yosys/build/share/mul2dsp.v' to AST representation.
Generating RTLIL representation for module `\_80_mul'.
Generating RTLIL representation for module `\_90_soft_mul'.
Successfully finished Verilog frontend.

20.20.2. Continuing TECHMAP pass.
No more expansions possible.
<suppressed ~4 debug messages>

20.21. Executing TECHMAP pass (map to technology primitives).

20.21.1. Executing Verilog-2005 frontend: /home/haruhiko/Program/PSC_RV32I/PSC-ONE/hardware/sim/yosys/build/share/mul2dsp.v
Parsing Verilog input from `/home/haruhiko/Program/PSC_RV32I/PSC-ONE/hardware/sim/yosys/build/share/mul2dsp.v' to AST representation.
Generating RTLIL representation for module `\_80_mul'.
Generating RTLIL representation for module `\_90_soft_mul'.
Successfully finished Verilog frontend.

20.21.2. Continuing TECHMAP pass.
No more expansions possible.
<suppressed ~4 debug messages>

20.22. Executing TECHMAP pass (map to technology primitives).

20.22.1. Executing Verilog-2005 frontend: /home/haruhiko/Program/PSC_RV32I/PSC-ONE/hardware/sim/yosys/build/share/mul2dsp.v
Parsing Verilog input from `/home/haruhiko/Program/PSC_RV32I/PSC-ONE/hardware/sim/yosys/build/share/mul2dsp.v' to AST representation.
Generating RTLIL representation for module `\_80_mul'.
Generating RTLIL representation for module `\_90_soft_mul'.
Successfully finished Verilog frontend.

20.22.2. Continuing TECHMAP pass.
No more expansions possible.
<suppressed ~4 debug messages>

20.23. Executing TECHMAP pass (map to technology primitives).

20.23.1. Executing Verilog-2005 frontend: /home/haruhiko/Program/PSC_RV32I/PSC-ONE/hardware/sim/yosys/build/share/gowin/dsp_map.v
Parsing Verilog input from `/home/haruhiko/Program/PSC_RV32I/PSC-ONE/hardware/sim/yosys/build/share/gowin/dsp_map.v' to AST representation.
Generating RTLIL representation for module `$__MUL9X9'.
Generating RTLIL representation for module `$__MUL18X18'.
Generating RTLIL representation for module `$__MUL36X36'.
Successfully finished Verilog frontend.

20.23.2. Continuing TECHMAP pass.
Using template $paramod$cab44938621dd05d2a5bc88986a9d2222ce17057$__MUL36X36 for cells of type $__MUL36X36.
No more expansions possible.
<suppressed ~25 debug messages>

20.24. Executing ALUMACC pass (create $alu and $macc cells).
Extracting $alu and $macc cells in module PSC_CPU_TimingTop:
  creating $macc model for $auto$share.cc:688:make_supercell$9910 ($pos).
  creating $macc model for $auto$share.cc:687:make_supercell$9909 ($pos).
  creating $macc model for $auto$share.cc:687:make_supercell$9922 ($pos).
  creating $macc model for $flatten\u_cpu.$add$../rtl/cpu/src/PSC_RV32ISP_core.v:437$46 ($add).
  creating $macc model for $flatten\u_cpu.\u_fetch_state.\u_fetch_fifo.$add$../rtl/cpu/src/Fetch_Fifo.v:87$1065 ($add).
  creating $macc model for $flatten\u_cpu.\u_fetch_state.\u_fetch_fifo.$add$../rtl/cpu/src/Fetch_Fifo.v:88$1067 ($add).
  creating $macc model for $flatten\u_cpu.\u_fetch_state.\u_fetch_fifo.$add$../rtl/cpu/src/Fetch_Fifo.v:92$1069 ($add).
  creating $macc model for $flatten\u_cpu.\u_fetch_state.\u_fetch_fifo.$sub$../rtl/cpu/src/Fetch_Fifo.v:93$1071 ($sub).
  creating $macc model for $flatten\u_cpu.\u_fetch_state.\u_mmu_i.$add$../rtl/cpu/src/MMU.v:205$741 ($add).
  creating $macc model for $flatten\u_cpu.\u_fetch_state.\u_mmu_i.$add$../rtl/cpu/src/MMU.v:260$775 ($add).
  creating $macc model for $flatten\u_cpu.\u_fetch_state.$add$../rtl/cpu/src/PSC_RV32ISP_Fetch.v:163$63 ($add).
  creating $macc model for $flatten\u_cpu.\u_execute_state.\u_memory_store.$add$../rtl/cpu/src/MemoryStore.v:162$1116 ($add).
  creating $macc model for $flatten\u_cpu.\u_execute_state.\u_mmu_d.$add$../rtl/cpu/src/MMU.v:205$741 ($add).
  creating $macc model for $flatten\u_cpu.\u_execute_state.\u_mmu_d.$add$../rtl/cpu/src/MMU.v:260$775 ($add).
  creating $macc model for $flatten\u_cpu.\u_execute_state.\u_execute.$add$../rtl/cpu/src/Execute.v:133$501 ($add).
  creating $macc model for $flatten\u_cpu.\u_execute_state.\u_execute.$sub$../rtl/cpu/src/Execute.v:134$502 ($sub).
  creating $macc model for $flatten\u_cpu.\u_execute_state.\u_execute.\u_divider.$add$../rtl/cpu/src/Execute_Divider.v:135$543 ($add).
  creating $macc model for $flatten\u_cpu.\u_execute_state.\u_execute.\u_divider.$add$../rtl/cpu/src/Execute_Divider.v:131$540 ($add).
  creating $macc model for $flatten\u_cpu.\u_execute_state.\u_execute.\u_divider.$sub$../rtl/cpu/src/Execute_Divider.v:118$536 ($sub).
  creating $macc model for $flatten\u_cpu.\u_execute_state.\u_execute.\u_divider.$sub$../rtl/cpu/src/Execute_Divider.v:60$532 ($sub).
  creating $macc model for $flatten\u_cpu.\u_execute_state.\u_execute.\u_divider.$add$../rtl/cpu/src/Execute_Divider.v:53$526 ($add).
  creating $macc model for $flatten\u_cpu.\u_execute_state.\u_execute.\u_divider.$add$../rtl/cpu/src/Execute_Divider.v:52$523 ($add).
  creating $macc model for $auto$share.cc:688:make_supercell$9923 ($pos).
  creating $alu model for $macc $auto$share.cc:688:make_supercell$9923.
  creating $alu model for $macc $flatten\u_cpu.\u_execute_state.\u_execute.\u_divider.$add$../rtl/cpu/src/Execute_Divider.v:52$523.
  creating $alu model for $macc $flatten\u_cpu.\u_execute_state.\u_execute.\u_divider.$add$../rtl/cpu/src/Execute_Divider.v:53$526.
  creating $alu model for $macc $flatten\u_cpu.\u_execute_state.\u_execute.\u_divider.$sub$../rtl/cpu/src/Execute_Divider.v:60$532.
  creating $alu model for $macc $flatten\u_cpu.\u_execute_state.\u_execute.\u_divider.$sub$../rtl/cpu/src/Execute_Divider.v:118$536.
  creating $alu model for $macc $flatten\u_cpu.\u_execute_state.\u_execute.\u_divider.$add$../rtl/cpu/src/Execute_Divider.v:131$540.
  creating $alu model for $macc $flatten\u_cpu.\u_execute_state.\u_execute.\u_divider.$add$../rtl/cpu/src/Execute_Divider.v:135$543.
  creating $alu model for $macc $flatten\u_cpu.\u_execute_state.\u_execute.$sub$../rtl/cpu/src/Execute.v:134$502.
  creating $alu model for $macc $flatten\u_cpu.\u_execute_state.\u_execute.$add$../rtl/cpu/src/Execute.v:133$501.
  creating $alu model for $macc $flatten\u_cpu.\u_execute_state.\u_mmu_d.$add$../rtl/cpu/src/MMU.v:260$775.
  creating $alu model for $macc $flatten\u_cpu.\u_execute_state.\u_mmu_d.$add$../rtl/cpu/src/MMU.v:205$741.
  creating $alu model for $macc $flatten\u_cpu.\u_execute_state.\u_memory_store.$add$../rtl/cpu/src/MemoryStore.v:162$1116.
  creating $alu model for $macc $flatten\u_cpu.\u_fetch_state.$add$../rtl/cpu/src/PSC_RV32ISP_Fetch.v:163$63.
  creating $alu model for $macc $flatten\u_cpu.\u_fetch_state.\u_mmu_i.$add$../rtl/cpu/src/MMU.v:260$775.
  creating $alu model for $macc $flatten\u_cpu.\u_fetch_state.\u_mmu_i.$add$../rtl/cpu/src/MMU.v:205$741.
  creating $alu model for $macc $flatten\u_cpu.\u_fetch_state.\u_fetch_fifo.$sub$../rtl/cpu/src/Fetch_Fifo.v:93$1071.
  creating $alu model for $macc $flatten\u_cpu.\u_fetch_state.\u_fetch_fifo.$add$../rtl/cpu/src/Fetch_Fifo.v:92$1069.
  creating $alu model for $macc $flatten\u_cpu.\u_fetch_state.\u_fetch_fifo.$add$../rtl/cpu/src/Fetch_Fifo.v:88$1067.
  creating $alu model for $macc $flatten\u_cpu.\u_fetch_state.\u_fetch_fifo.$add$../rtl/cpu/src/Fetch_Fifo.v:87$1065.
  creating $alu model for $macc $flatten\u_cpu.$add$../rtl/cpu/src/PSC_RV32ISP_core.v:437$46.
  creating $alu model for $macc $auto$share.cc:687:make_supercell$9922.
  creating $alu model for $macc $auto$share.cc:687:make_supercell$9909.
  creating $alu model for $macc $auto$share.cc:688:make_supercell$9910.
  creating $alu model for $flatten\u_cpu.\u_execute_state.\u_branch.$lt$../rtl/cpu/src/Branch.v:44$577 ($lt): new $alu
  creating $alu model for $flatten\u_cpu.\u_execute_state.\u_branch.$ge$../rtl/cpu/src/Branch.v:46$579 ($ge): merged with $flatten\u_cpu.\u_execute_state.\u_branch.$lt$../rtl/cpu/src/Branch.v:44$577.
  creating $alu model for $flatten\u_cpu.\u_execute_state.\u_branch.$lt$../rtl/cpu/src/Branch.v:48$581 ($lt): merged with $flatten\u_cpu.\u_execute_state.\u_branch.$lt$../rtl/cpu/src/Branch.v:44$577.
  creating $alu model for $flatten\u_cpu.\u_execute_state.\u_branch.$ge$../rtl/cpu/src/Branch.v:50$583 ($ge): merged with $flatten\u_cpu.\u_execute_state.\u_branch.$lt$../rtl/cpu/src/Branch.v:44$577.
  creating $alu model for $flatten\u_cpu.\u_execute_state.\u_execute.$lt$../rtl/cpu/src/Execute.v:136$504 ($lt): merged with $flatten\u_cpu.\u_execute_state.\u_execute.$sub$../rtl/cpu/src/Execute.v:134$502.
  creating $alu model for $flatten\u_cpu.\u_execute_state.\u_execute.$lt$../rtl/cpu/src/Execute.v:137$506 ($lt): merged with $flatten\u_cpu.\u_execute_state.\u_execute.$sub$../rtl/cpu/src/Execute.v:134$502.
  creating $alu model for $flatten\u_cpu.\u_execute_state.\u_execute.\u_divider.$ge$../rtl/cpu/src/Execute_Divider.v:59$531 ($ge): new $alu
  creating $alu model for $flatten\u_cpu.\u_execute_state.\u_branch.$eq$../rtl/cpu/src/Branch.v:40$573 ($eq): merged with $flatten\u_cpu.\u_execute_state.\u_branch.$lt$../rtl/cpu/src/Branch.v:44$577.
  creating $alu model for $flatten\u_cpu.\u_execute_state.\u_branch.$ne$../rtl/cpu/src/Branch.v:42$575 ($ne): merged with $flatten\u_cpu.\u_execute_state.\u_branch.$lt$../rtl/cpu/src/Branch.v:44$577.
  creating $alu model for $flatten\u_cpu.\u_execute_state.\u_execute.\u_divider.$eq$../rtl/cpu/src/Execute_Divider.v:120$537 ($eq): merged with $flatten\u_cpu.\u_execute_state.\u_execute.\u_divider.$sub$../rtl/cpu/src/Execute_Divider.v:118$536.
  creating $alu cell for $flatten\u_cpu.\u_execute_state.\u_execute.\u_divider.$ge$../rtl/cpu/src/Execute_Divider.v:59$531: $auto$alumacc.cc:548:replace_alu$9927
  creating $alu cell for $flatten\u_cpu.\u_execute_state.\u_branch.$lt$../rtl/cpu/src/Branch.v:44$577, $flatten\u_cpu.\u_execute_state.\u_branch.$ge$../rtl/cpu/src/Branch.v:46$579, $flatten\u_cpu.\u_execute_state.\u_branch.$lt$../rtl/cpu/src/Branch.v:48$581, $flatten\u_cpu.\u_execute_state.\u_branch.$ge$../rtl/cpu/src/Branch.v:50$583, $flatten\u_cpu.\u_execute_state.\u_branch.$eq$../rtl/cpu/src/Branch.v:40$573, $flatten\u_cpu.\u_execute_state.\u_branch.$ne$../rtl/cpu/src/Branch.v:42$575: $auto$alumacc.cc:548:replace_alu$9940
  creating $pos cell for $auto$share.cc:688:make_supercell$9910: $auto$alumacc.cc:538:replace_alu$9965
  creating $pos cell for $auto$share.cc:687:make_supercell$9909: $auto$alumacc.cc:538:replace_alu$9966
  creating $alu cell for $flatten\u_cpu.$add$../rtl/cpu/src/PSC_RV32ISP_core.v:437$46: $auto$alumacc.cc:548:replace_alu$9967
  creating $alu cell for $flatten\u_cpu.\u_fetch_state.\u_fetch_fifo.$add$../rtl/cpu/src/Fetch_Fifo.v:87$1065: $auto$alumacc.cc:548:replace_alu$9970
  creating $alu cell for $flatten\u_cpu.\u_fetch_state.\u_fetch_fifo.$add$../rtl/cpu/src/Fetch_Fifo.v:88$1067: $auto$alumacc.cc:548:replace_alu$9973
  creating $alu cell for $flatten\u_cpu.\u_fetch_state.\u_fetch_fifo.$add$../rtl/cpu/src/Fetch_Fifo.v:92$1069: $auto$alumacc.cc:548:replace_alu$9976
  creating $alu cell for $flatten\u_cpu.\u_fetch_state.\u_fetch_fifo.$sub$../rtl/cpu/src/Fetch_Fifo.v:93$1071: $auto$alumacc.cc:548:replace_alu$9979
  creating $alu cell for $flatten\u_cpu.\u_fetch_state.\u_mmu_i.$add$../rtl/cpu/src/MMU.v:205$741: $auto$alumacc.cc:548:replace_alu$9982
  creating $alu cell for $flatten\u_cpu.\u_fetch_state.\u_mmu_i.$add$../rtl/cpu/src/MMU.v:260$775: $auto$alumacc.cc:548:replace_alu$9985
  creating $alu cell for $flatten\u_cpu.\u_fetch_state.$add$../rtl/cpu/src/PSC_RV32ISP_Fetch.v:163$63: $auto$alumacc.cc:548:replace_alu$9988
  creating $alu cell for $flatten\u_cpu.\u_execute_state.\u_memory_store.$add$../rtl/cpu/src/MemoryStore.v:162$1116: $auto$alumacc.cc:548:replace_alu$9991
  creating $alu cell for $flatten\u_cpu.\u_execute_state.\u_mmu_d.$add$../rtl/cpu/src/MMU.v:205$741: $auto$alumacc.cc:548:replace_alu$9994
  creating $alu cell for $flatten\u_cpu.\u_execute_state.\u_mmu_d.$add$../rtl/cpu/src/MMU.v:260$775: $auto$alumacc.cc:548:replace_alu$9997
  creating $alu cell for $flatten\u_cpu.\u_execute_state.\u_execute.$add$../rtl/cpu/src/Execute.v:133$501: $auto$alumacc.cc:548:replace_alu$10000
  creating $alu cell for $flatten\u_cpu.\u_execute_state.\u_execute.$sub$../rtl/cpu/src/Execute.v:134$502, $flatten\u_cpu.\u_execute_state.\u_execute.$lt$../rtl/cpu/src/Execute.v:136$504, $flatten\u_cpu.\u_execute_state.\u_execute.$lt$../rtl/cpu/src/Execute.v:137$506: $auto$alumacc.cc:548:replace_alu$10003
  creating $alu cell for $flatten\u_cpu.\u_execute_state.\u_execute.\u_divider.$add$../rtl/cpu/src/Execute_Divider.v:135$543: $auto$alumacc.cc:548:replace_alu$10012
  creating $alu cell for $flatten\u_cpu.\u_execute_state.\u_execute.\u_divider.$add$../rtl/cpu/src/Execute_Divider.v:131$540: $auto$alumacc.cc:548:replace_alu$10015
  creating $alu cell for $flatten\u_cpu.\u_execute_state.\u_execute.\u_divider.$sub$../rtl/cpu/src/Execute_Divider.v:118$536, $flatten\u_cpu.\u_execute_state.\u_execute.\u_divider.$eq$../rtl/cpu/src/Execute_Divider.v:120$537: $auto$alumacc.cc:548:replace_alu$10018
  creating $alu cell for $flatten\u_cpu.\u_execute_state.\u_execute.\u_divider.$sub$../rtl/cpu/src/Execute_Divider.v:60$532: $auto$alumacc.cc:548:replace_alu$10023
  creating $alu cell for $flatten\u_cpu.\u_execute_state.\u_execute.\u_divider.$add$../rtl/cpu/src/Execute_Divider.v:53$526: $auto$alumacc.cc:548:replace_alu$10026
  creating $alu cell for $flatten\u_cpu.\u_execute_state.\u_execute.\u_divider.$add$../rtl/cpu/src/Execute_Divider.v:52$523: $auto$alumacc.cc:548:replace_alu$10029
  creating $pos cell for $auto$share.cc:687:make_supercell$9922: $auto$alumacc.cc:538:replace_alu$10032
  creating $pos cell for $auto$share.cc:688:make_supercell$9923: $auto$alumacc.cc:538:replace_alu$10033
  created 21 $alu and 0 $macc cells.

20.25. Executing OPT pass (performing simple optimizations).

20.25.1. Executing OPT_EXPR pass (perform const folding).
Optimizing module PSC_CPU_TimingTop.
<suppressed ~7 debug messages>

20.25.2. Executing OPT_MERGE pass (detect identical cells).
Finding identical cells in module `\PSC_CPU_TimingTop'.
Computing hashes of 1373 cells of `\PSC_CPU_TimingTop'.
Finding duplicate cells in `\PSC_CPU_TimingTop'.
Computing hashes of 1371 cells of `\PSC_CPU_TimingTop'.
Finding duplicate cells in `\PSC_CPU_TimingTop'.
<suppressed ~6 debug messages>
Removed a total of 2 cells.

20.25.3. Executing OPT_MUXTREE pass (detect dead branches in mux trees).
Running muxtree optimizer on module \PSC_CPU_TimingTop..
  Creating internal representation of mux trees.
  Evaluating internal representation of mux trees.
  Analyzing evaluation results.
Removed 0 multiplexer ports.
<suppressed ~520 debug messages>

20.25.4. Executing OPT_REDUCE pass (consolidate $*mux and $reduce_* inputs).
  Optimizing cells in module \PSC_CPU_TimingTop.
    New ctrl vector for $pmux cell $procmux$6904: { $procmux$6905_CMP $auto$opt_reduce.cc:137:opt_pmux$10035 $procmux$6908_CMP }
  Optimizing cells in module \PSC_CPU_TimingTop.
Performed a total of 1 changes.

20.25.5. Executing OPT_MERGE pass (detect identical cells).
Finding identical cells in module `\PSC_CPU_TimingTop'.
Computing hashes of 1372 cells of `\PSC_CPU_TimingTop'.
Finding duplicate cells in `\PSC_CPU_TimingTop'.
Computing hashes of 1371 cells of `\PSC_CPU_TimingTop'.
Finding duplicate cells in `\PSC_CPU_TimingTop'.
<suppressed ~3 debug messages>
Removed a total of 1 cells.

20.25.6. Executing OPT_DFF pass (perform DFF optimizations).

20.25.7. Executing OPT_CLEAN pass (remove unused cells and wires).
Finding unused cells or wires in module \PSC_CPU_TimingTop..
Removed 2 unused cells and 26 unused wires.
<suppressed ~5 debug messages>

20.25.8. Executing OPT_EXPR pass (perform const folding).
Optimizing module PSC_CPU_TimingTop.

20.25.9. Rerunning OPT passes. (Maybe there is more to do..)

20.25.10. Executing OPT_MUXTREE pass (detect dead branches in mux trees).
Running muxtree optimizer on module \PSC_CPU_TimingTop..
  Creating internal representation of mux trees.
  Evaluating internal representation of mux trees.
  Analyzing evaluation results.
Removed 0 multiplexer ports.
<suppressed ~520 debug messages>

20.25.11. Executing OPT_REDUCE pass (consolidate $*mux and $reduce_* inputs).
  Optimizing cells in module \PSC_CPU_TimingTop.
    New ctrl vector for $pmux cell $procmux$6904: { $procmux$6908_CMP $auto$opt_reduce.cc:137:opt_pmux$10037 }
    New input vector for $reduce_or cell $auto$opt_reduce.cc:131:opt_pmux$10036: { $procmux$6905_CMP $auto$share.cc:1066:make_cell_activation_logic$9901 $auto$share.cc:1066:make_cell_activation_logic$9911 [1] }
  Optimizing cells in module \PSC_CPU_TimingTop.
Performed a total of 2 changes.

20.25.12. Executing OPT_MERGE pass (detect identical cells).
Finding identical cells in module `\PSC_CPU_TimingTop'.
Computing hashes of 1368 cells of `\PSC_CPU_TimingTop'.
Finding duplicate cells in `\PSC_CPU_TimingTop'.
Removed a total of 0 cells.

20.25.13. Executing OPT_DFF pass (perform DFF optimizations).

20.25.14. Executing OPT_CLEAN pass (remove unused cells and wires).
Finding unused cells or wires in module \PSC_CPU_TimingTop..

20.25.15. Executing OPT_EXPR pass (perform const folding).
Optimizing module PSC_CPU_TimingTop.

20.25.16. Rerunning OPT passes. (Maybe there is more to do..)

20.25.17. Executing OPT_MUXTREE pass (detect dead branches in mux trees).
Running muxtree optimizer on module \PSC_CPU_TimingTop..
  Creating internal representation of mux trees.
  Evaluating internal representation of mux trees.
  Analyzing evaluation results.
Removed 0 multiplexer ports.
<suppressed ~520 debug messages>

20.25.18. Executing OPT_REDUCE pass (consolidate $*mux and $reduce_* inputs).
  Optimizing cells in module \PSC_CPU_TimingTop.
Performed a total of 0 changes.

20.25.19. Executing OPT_MERGE pass (detect identical cells).
Finding identical cells in module `\PSC_CPU_TimingTop'.
Computing hashes of 1368 cells of `\PSC_CPU_TimingTop'.
Finding duplicate cells in `\PSC_CPU_TimingTop'.
Removed a total of 0 cells.

20.25.20. Executing OPT_DFF pass (perform DFF optimizations).

20.25.21. Executing OPT_CLEAN pass (remove unused cells and wires).
Finding unused cells or wires in module \PSC_CPU_TimingTop..

20.25.22. Executing OPT_EXPR pass (perform const folding).
Optimizing module PSC_CPU_TimingTop.

20.25.23. Finished fast OPT passes. (There is nothing left to do.)

20.26. Executing MEMORY pass.

20.26.1. Executing OPT_MEM pass (optimize memories).
Performed a total of 0 transformations.

20.26.2. Executing OPT_MEM_PRIORITY pass (removing unnecessary memory write priority relations).
Performed a total of 0 transformations.

20.26.3. Executing OPT_MEM_FEEDBACK pass (finding memory read-to-write feedback paths).

20.26.4. Executing MEMORY_BMUX2ROM pass (converting muxes to ROMs).

20.26.5. Executing MEMORY_DFF pass (merging $dff cells to $memrd).

20.26.6. Executing OPT_CLEAN pass (remove unused cells and wires).
Finding unused cells or wires in module \PSC_CPU_TimingTop..

20.26.7. Executing MEMORY_SHARE pass (consolidating $memrd/$memwr cells).

20.26.8. Executing OPT_MEM_WIDEN pass (optimize memories where all ports are wide).
Performed a total of 0 transformations.

20.26.9. Executing OPT_CLEAN pass (remove unused cells and wires).
Finding unused cells or wires in module \PSC_CPU_TimingTop..

20.26.10. Executing MEMORY_COLLECT pass (generating $mem cells).

20.27. Executing OPT_CLEAN pass (remove unused cells and wires).
Finding unused cells or wires in module \PSC_CPU_TimingTop..

20.28. Executing MEMORY_LIBMAP pass (mapping memories to cells).

20.29. Executing TECHMAP pass (map to technology primitives).

20.29.1. Executing Verilog-2005 frontend: /home/haruhiko/Program/PSC_RV32I/PSC-ONE/hardware/sim/yosys/build/share/gowin/lutrams_map.v
Parsing Verilog input from `/home/haruhiko/Program/PSC_RV32I/PSC-ONE/hardware/sim/yosys/build/share/gowin/lutrams_map.v' to AST representation.
Generating RTLIL representation for module `$__GOWIN_LUTRAM_'.
Successfully finished Verilog frontend.

20.29.2. Executing Verilog-2005 frontend: /home/haruhiko/Program/PSC_RV32I/PSC-ONE/hardware/sim/yosys/build/share/gowin/brams_map.v
Parsing Verilog input from `/home/haruhiko/Program/PSC_RV32I/PSC-ONE/hardware/sim/yosys/build/share/gowin/brams_map.v' to AST representation.
Generating RTLIL representation for module `$__GOWIN_SP_'.
Generating RTLIL representation for module `$__GOWIN_DP_'.
Generating RTLIL representation for module `$__GOWIN_SDP_'.
Successfully finished Verilog frontend.

20.29.3. Continuing TECHMAP pass.
No more expansions possible.
<suppressed ~6 debug messages>

20.30. Executing OPT pass (performing simple optimizations).

20.30.1. Executing OPT_EXPR pass (perform const folding).
Optimizing module PSC_CPU_TimingTop.
<suppressed ~143 debug messages>

20.30.2. Executing OPT_MERGE pass (detect identical cells).
Finding identical cells in module `\PSC_CPU_TimingTop'.
Computing hashes of 1284 cells of `\PSC_CPU_TimingTop'.
Finding duplicate cells in `\PSC_CPU_TimingTop'.
Computing hashes of 1279 cells of `\PSC_CPU_TimingTop'.
Finding duplicate cells in `\PSC_CPU_TimingTop'.
<suppressed ~15 debug messages>
Removed a total of 5 cells.

20.30.3. Executing OPT_DFF pass (perform DFF optimizations).
Adding EN signal on $auto$ff.cc:337:slice$9752 ($adffe) from module PSC_CPU_TimingTop (D = $flatten\u_cpu.\u_fetch_state.$2\next_pc[31:0] [1:0], Q = \u_cpu.u_fetch_state.fetch_pc [1:0]).
Adding EN signal on $auto$ff.cc:337:slice$9818 ($adffe) from module PSC_CPU_TimingTop (D = \u_cpu.next_pc [1:0], Q = \u_cpu.pc [1:0]).

20.30.4. Executing OPT_CLEAN pass (remove unused cells and wires).
Finding unused cells or wires in module \PSC_CPU_TimingTop..
Removed 4 unused cells and 102 unused wires.
<suppressed ~8 debug messages>

20.30.5. Rerunning OPT passes. (Removed registers in this run.)

20.30.6. Executing OPT_EXPR pass (perform const folding).
Optimizing module PSC_CPU_TimingTop.
<suppressed ~1 debug messages>

20.30.7. Executing OPT_MERGE pass (detect identical cells).
Finding identical cells in module `\PSC_CPU_TimingTop'.
Computing hashes of 1278 cells of `\PSC_CPU_TimingTop'.
Finding duplicate cells in `\PSC_CPU_TimingTop'.
Removed a total of 0 cells.

20.30.8. Executing OPT_DFF pass (perform DFF optimizations).

20.30.9. Executing OPT_CLEAN pass (remove unused cells and wires).
Finding unused cells or wires in module \PSC_CPU_TimingTop..

20.30.10. Finished fast OPT passes.

20.31. Executing MEMORY_MAP pass (converting memories to logic and flip-flops).

20.32. Executing OPT pass (performing simple optimizations).

20.32.1. Executing OPT_EXPR pass (perform const folding).
Optimizing module PSC_CPU_TimingTop.

20.32.2. Executing OPT_MERGE pass (detect identical cells).
Finding identical cells in module `\PSC_CPU_TimingTop'.
Computing hashes of 1278 cells of `\PSC_CPU_TimingTop'.
Finding duplicate cells in `\PSC_CPU_TimingTop'.
Removed a total of 0 cells.

20.32.3. Executing OPT_MUXTREE pass (detect dead branches in mux trees).
Running muxtree optimizer on module \PSC_CPU_TimingTop..
  Creating internal representation of mux trees.
  Evaluating internal representation of mux trees.
  Analyzing evaluation results.
Removed 0 multiplexer ports.
<suppressed ~414 debug messages>

20.32.4. Executing OPT_REDUCE pass (consolidate $*mux and $reduce_* inputs).
  Optimizing cells in module \PSC_CPU_TimingTop.
    New input vector for $reduce_and cell $auto$opt_dff.cc:368:make_patterns_logic$10243: { $auto$fsm_map.cc:74:implement_pattern_cache$8922 $auto$opt_dff.cc:350:make_patterns_logic$9753 $auto$opt_dff.cc:350:make_patterns_logic$9755 $auto$opt_dff.cc:350:make_patterns_logic$10240 }
    Consolidated identical input bits for $mux cell $auto$share.cc:661:make_supercell$9906:
      Old ports: A={ 1'0 \u_cpu.u_execute_state.u_execute.s_data2_w }, B={ \u_cpu.u_execute_state.u_execute.s_data2_w [31] \u_cpu.u_execute_state.u_execute.s_data2_w }, Y=$auto$share.cc:658:make_supercell$9904
      New ports: A=1'0, B=\u_cpu.u_execute_state.u_execute.s_data2_w [31], Y=$auto$share.cc:658:make_supercell$9904 [32]
      New connections: $auto$share.cc:658:make_supercell$9904 [31:0] = \u_cpu.u_execute_state.u_execute.s_data2_w
    Consolidated identical input bits for $mux cell $procmux$7042:
      Old ports: A=4'0100, B=4'1001, Y=$flatten\u_cpu.\u_execute_state.$4\next_state[3:0]
      New ports: A=2'10, B=2'01, Y={ $flatten\u_cpu.\u_execute_state.$4\next_state[3:0] [2] $flatten\u_cpu.\u_execute_state.$4\next_state[3:0] [0] }
      New connections: { $flatten\u_cpu.\u_execute_state.$4\next_state[3:0] [3] $flatten\u_cpu.\u_execute_state.$4\next_state[3:0] [1] } = { $flatten\u_cpu.\u_execute_state.$4\next_state[3:0] [0] 1'0 }
    Consolidated identical input bits for $pmux cell $procmux$4501:
      Old ports: A=\u_cpu.u_fetch_state.fetch_pc, B={ \u_cpu.u_fetch_state.u_mmu_i.pte_l1 [29:20] \u_cpu.u_fetch_state.fetch_pc [21:0] \u_cpu.u_fetch_state.u_mmu_i.pte_l0 [29:10] \u_cpu.u_fetch_state.fetch_pc [11:0] }, Y=$auto$wreduce.cc:513:run$9847 [31:0]
      New ports: A=\u_cpu.u_fetch_state.fetch_pc [31:12], B={ \u_cpu.u_fetch_state.u_mmu_i.pte_l1 [29:20] \u_cpu.u_fetch_state.fetch_pc [21:12] \u_cpu.u_fetch_state.u_mmu_i.pte_l0 [29:10] }, Y=$auto$wreduce.cc:513:run$9847 [31:12]
      New connections: $auto$wreduce.cc:513:run$9847 [11:0] = \u_cpu.u_fetch_state.fetch_pc [11:0]
    Consolidated identical input bits for $mux cell $procmux$4484:
      Old ports: A={ \u_cpu.u_csr.out_satp [19:0] \u_cpu.u_fetch_state.fetch_pc [31:22] 2'00 }, B={ \u_cpu.u_fetch_state.u_mmu_i.pte_l1 [29:10] \u_cpu.u_fetch_state.fetch_pc [21:12] 2'00 }, Y=$auto$wreduce.cc:513:run$9848 [31:0]
      New ports: A={ \u_cpu.u_csr.out_satp [19:0] \u_cpu.u_fetch_state.fetch_pc [31:22] }, B={ \u_cpu.u_fetch_state.u_mmu_i.pte_l1 [29:10] \u_cpu.u_fetch_state.fetch_pc [21:12] }, Y=$auto$wreduce.cc:513:run$9848 [31:2]
      New connections: $auto$wreduce.cc:513:run$9848 [1:0] = 2'00
    Consolidated identical input bits for $mux cell $procmux$2755:
      Old ports: A=2'11, B=2'01, Y=$procmux$2755_Y
      New ports: A=1'1, B=1'0, Y=$procmux$2755_Y [1]
      New connections: $procmux$2755_Y [0] = 1'1
    Consolidated identical input bits for $mux cell $procmux$1493:
      Old ports: A={ \u_cpu.u_csr.out_mtvec [31:2] 2'00 }, B={ \u_cpu.u_csr.out_stvec [31:2] 2'00 }, Y=$procmux$1493_Y
      New ports: A=\u_cpu.u_csr.out_mtvec [31:2], B=\u_cpu.u_csr.out_stvec [31:2], Y=$procmux$1493_Y [31:2]
      New connections: $procmux$1493_Y [1:0] = 2'00
    Consolidated identical input bits for $mux cell $flatten\u_cpu.$ternary$../rtl/cpu/src/PSC_RV32ISP_core.v:174$29:
      Old ports: A=2'01, B=2'11, Y=$auto$wreduce.cc:513:run$9884 [1:0]
      New ports: A=1'0, B=1'1, Y=$auto$wreduce.cc:513:run$9884 [1]
      New connections: $auto$wreduce.cc:513:run$9884 [0] = 1'1
    Consolidated identical input bits for $mux cell $flatten\u_cpu.$ternary$../rtl/cpu/src/PSC_RV32ISP_core.v:174$30:
      Old ports: A=0, B={ 30'000000000000000000000000000011 $auto$wreduce.cc:513:run$9884 [1:0] }, Y=$flatten\u_cpu.$ternary$../rtl/cpu/src/PSC_RV32ISP_core.v:174$30_Y
      New ports: A=3'000, B={ 1'1 $auto$wreduce.cc:513:run$9884 [1:0] }, Y=$flatten\u_cpu.$ternary$../rtl/cpu/src/PSC_RV32ISP_core.v:174$30_Y [2:0]
      New connections: $flatten\u_cpu.$ternary$../rtl/cpu/src/PSC_RV32ISP_core.v:174$30_Y [31:3] = { 28'0000000000000000000000000000 $flatten\u_cpu.$ternary$../rtl/cpu/src/PSC_RV32ISP_core.v:174$30_Y [2] }
    Consolidated identical input bits for $mux cell $auto$share.cc:660:make_supercell$9918:
      Old ports: A={ 1'0 \u_cpu.u_execute_state.u_execute.s_data1_w }, B={ \u_cpu.u_execute_state.u_execute.s_data1_w [31] \u_cpu.u_execute_state.u_execute.s_data1_w }, Y=$techmap9924$auto$share.cc:667:make_supercell$9921.A
      New ports: A=1'0, B=\u_cpu.u_execute_state.u_execute.s_data1_w [31], Y=$techmap9924$auto$share.cc:667:make_supercell$9921.A [32]
      New connections: $techmap9924$auto$share.cc:667:make_supercell$9921.A [31:0] = \u_cpu.u_execute_state.u_execute.s_data1_w
    Consolidated identical input bits for $mux cell $flatten\u_cpu.\u_execute_state.\u_decorder.$ternary$../rtl/cpu/src/Decorder.v:188$314:
      Old ports: A=0, B={ \u_cpu.u_fetch_state.u_fetch_fifo.out_data [31:12] 12'000000000000 }, Y=$flatten\u_cpu.\u_execute_state.\u_decorder.$ternary$../rtl/cpu/src/Decorder.v:188$314_Y
      New ports: A=20'00000000000000000000, B=\u_cpu.u_fetch_state.u_fetch_fifo.out_data [31:12], Y=$flatten\u_cpu.\u_execute_state.\u_decorder.$ternary$../rtl/cpu/src/Decorder.v:188$314_Y [31:12]
      New connections: $flatten\u_cpu.\u_execute_state.\u_decorder.$ternary$../rtl/cpu/src/Decorder.v:188$314_Y [11:0] = 12'000000000000
    Consolidated identical input bits for $pmux cell $procmux$6393:
      Old ports: A=\u_cpu.u_execute_state.u_execute.alu_data, B={ \u_cpu.u_execute_state.u_mmu_d.pte_l1 [29:20] \u_cpu.u_execute_state.u_execute.alu_data [21:0] \u_cpu.u_execute_state.u_mmu_d.pte_l0 [29:10] \u_cpu.u_execute_state.u_execute.alu_data [11:0] }, Y=$auto$wreduce.cc:513:run$9872 [31:0]
      New ports: A=\u_cpu.u_execute_state.u_execute.alu_data [31:12], B={ \u_cpu.u_execute_state.u_mmu_d.pte_l1 [29:20] \u_cpu.u_execute_state.u_execute.alu_data [21:12] \u_cpu.u_execute_state.u_mmu_d.pte_l0 [29:10] }, Y=$auto$wreduce.cc:513:run$9872 [31:12]
      New connections: $auto$wreduce.cc:513:run$9872 [11:0] = \u_cpu.u_execute_state.u_execute.alu_data [11:0]
    Consolidated identical input bits for $mux cell $procmux$6376:
      Old ports: A={ \u_cpu.u_csr.out_satp [19:0] \u_cpu.u_execute_state.u_execute.alu_data [31:22] 2'00 }, B={ \u_cpu.u_execute_state.u_mmu_d.pte_l1 [29:10] \u_cpu.u_execute_state.u_execute.alu_data [21:12] 2'00 }, Y=$auto$wreduce.cc:513:run$9873 [31:0]
      New ports: A={ \u_cpu.u_csr.out_satp [19:0] \u_cpu.u_execute_state.u_execute.alu_data [31:22] }, B={ \u_cpu.u_execute_state.u_mmu_d.pte_l1 [29:10] \u_cpu.u_execute_state.u_execute.alu_data [21:12] }, Y=$auto$wreduce.cc:513:run$9873 [31:2]
      New connections: $auto$wreduce.cc:513:run$9873 [1:0] = 2'00
  Optimizing cells in module \PSC_CPU_TimingTop.
    Consolidated identical input bits for $mux cell $flatten\u_cpu.$ternary$../rtl/cpu/src/PSC_RV32ISP_core.v:174$30:
      Old ports: A=3'000, B={ 1'1 $auto$wreduce.cc:513:run$9884 [1:0] }, Y=$flatten\u_cpu.$ternary$../rtl/cpu/src/PSC_RV32ISP_core.v:174$30_Y [2:0]
      New ports: A=2'00, B={ $auto$wreduce.cc:513:run$9884 [1] 1'1 }, Y=$flatten\u_cpu.$ternary$../rtl/cpu/src/PSC_RV32ISP_core.v:174$30_Y [1:0]
      New connections: $flatten\u_cpu.$ternary$../rtl/cpu/src/PSC_RV32ISP_core.v:174$30_Y [2] = $flatten\u_cpu.$ternary$../rtl/cpu/src/PSC_RV32ISP_core.v:174$30_Y [0]
    Consolidated identical input bits for $mux cell $flatten\u_cpu.$ternary$../rtl/cpu/src/PSC_RV32ISP_core.v:173$31:
      Old ports: A=$flatten\u_cpu.$ternary$../rtl/cpu/src/PSC_RV32ISP_core.v:174$30_Y, B=12, Y=$flatten\u_cpu.$ternary$../rtl/cpu/src/PSC_RV32ISP_core.v:173$31_Y
      New ports: A=$flatten\u_cpu.$ternary$../rtl/cpu/src/PSC_RV32ISP_core.v:174$30_Y [2:0], B=3'100, Y=$flatten\u_cpu.$ternary$../rtl/cpu/src/PSC_RV32ISP_core.v:173$31_Y [2:0]
      New connections: $flatten\u_cpu.$ternary$../rtl/cpu/src/PSC_RV32ISP_core.v:173$31_Y [31:3] = { 28'0000000000000000000000000000 $flatten\u_cpu.$ternary$../rtl/cpu/src/PSC_RV32ISP_core.v:173$31_Y [2] }
    Consolidated identical input bits for $mux cell $auto$share.cc:661:make_supercell$9919:
      Old ports: A={ 1'0 \u_cpu.u_execute_state.u_execute.s_data2_w }, B=$auto$share.cc:658:make_supercell$9904, Y=$techmap9924$auto$share.cc:667:make_supercell$9921.B
      New ports: A=1'0, B=$auto$share.cc:658:make_supercell$9904 [32], Y=$techmap9924$auto$share.cc:667:make_supercell$9921.B [32]
      New connections: $techmap9924$auto$share.cc:667:make_supercell$9921.B [31:0] = \u_cpu.u_execute_state.u_execute.s_data2_w
  Optimizing cells in module \PSC_CPU_TimingTop.
    Consolidated identical input bits for $mux cell $flatten\u_cpu.$ternary$../rtl/cpu/src/PSC_RV32ISP_core.v:172$32:
      Old ports: A=$flatten\u_cpu.$ternary$../rtl/cpu/src/PSC_RV32ISP_core.v:173$31_Y, B=2, Y=$flatten\u_cpu.$ternary$../rtl/cpu/src/PSC_RV32ISP_core.v:172$32_Y
      New ports: A=$flatten\u_cpu.$ternary$../rtl/cpu/src/PSC_RV32ISP_core.v:173$31_Y [2:0], B=3'010, Y=$flatten\u_cpu.$ternary$../rtl/cpu/src/PSC_RV32ISP_core.v:172$32_Y [2:0]
      New connections: $flatten\u_cpu.$ternary$../rtl/cpu/src/PSC_RV32ISP_core.v:172$32_Y [31:3] = { 28'0000000000000000000000000000 $flatten\u_cpu.$ternary$../rtl/cpu/src/PSC_RV32ISP_core.v:172$32_Y [2] }
  Optimizing cells in module \PSC_CPU_TimingTop.
    Consolidated identical input bits for $mux cell $flatten\u_cpu.$ternary$../rtl/cpu/src/PSC_RV32ISP_core.v:171$33:
      Old ports: A=$flatten\u_cpu.$ternary$../rtl/cpu/src/PSC_RV32ISP_core.v:172$32_Y, B=9, Y=$flatten\u_cpu.$ternary$../rtl/cpu/src/PSC_RV32ISP_core.v:171$33_Y
      New ports: A={ $flatten\u_cpu.$ternary$../rtl/cpu/src/PSC_RV32ISP_core.v:172$32_Y [2] $flatten\u_cpu.$ternary$../rtl/cpu/src/PSC_RV32ISP_core.v:172$32_Y [2:0] }, B=4'1001, Y=$flatten\u_cpu.$ternary$../rtl/cpu/src/PSC_RV32ISP_core.v:171$33_Y [3:0]
      New connections: $flatten\u_cpu.$ternary$../rtl/cpu/src/PSC_RV32ISP_core.v:171$33_Y [31:4] = 28'0000000000000000000000000000
  Optimizing cells in module \PSC_CPU_TimingTop.
    Consolidated identical input bits for $mux cell $flatten\u_cpu.$ternary$../rtl/cpu/src/PSC_RV32ISP_core.v:170$34:
      Old ports: A=$flatten\u_cpu.$ternary$../rtl/cpu/src/PSC_RV32ISP_core.v:171$33_Y, B=8, Y=\u_cpu.trap_scause
      New ports: A=$flatten\u_cpu.$ternary$../rtl/cpu/src/PSC_RV32ISP_core.v:171$33_Y [3:0], B=4'1000, Y=\u_cpu.trap_scause [3:0]
      New connections: \u_cpu.trap_scause [31:4] = 28'0000000000000000000000000000
  Optimizing cells in module \PSC_CPU_TimingTop.
Performed a total of 19 changes.

20.32.5. Executing OPT_MERGE pass (detect identical cells).
Finding identical cells in module `\PSC_CPU_TimingTop'.
Computing hashes of 1278 cells of `\PSC_CPU_TimingTop'.
Finding duplicate cells in `\PSC_CPU_TimingTop'.
Removed a total of 0 cells.

20.32.6. Executing OPT_DFF pass (perform DFF optimizations).

20.32.7. Executing OPT_CLEAN pass (remove unused cells and wires).
Finding unused cells or wires in module \PSC_CPU_TimingTop..

20.32.8. Executing OPT_EXPR pass (perform const folding).
Optimizing module PSC_CPU_TimingTop.

20.32.9. Rerunning OPT passes. (Maybe there is more to do..)

20.32.10. Executing OPT_MUXTREE pass (detect dead branches in mux trees).
Running muxtree optimizer on module \PSC_CPU_TimingTop..
  Creating internal representation of mux trees.
  Evaluating internal representation of mux trees.
  Analyzing evaluation results.
Removed 0 multiplexer ports.
<suppressed ~414 debug messages>

20.32.11. Executing OPT_REDUCE pass (consolidate $*mux and $reduce_* inputs).
  Optimizing cells in module \PSC_CPU_TimingTop.
Performed a total of 0 changes.

20.32.12. Executing OPT_MERGE pass (detect identical cells).
Finding identical cells in module `\PSC_CPU_TimingTop'.
Computing hashes of 1278 cells of `\PSC_CPU_TimingTop'.
Finding duplicate cells in `\PSC_CPU_TimingTop'.
Removed a total of 0 cells.

20.32.13. Executing OPT_DFF pass (perform DFF optimizations).
Setting constant 0-bit at position 0 on $auto$ff.cc:337:slice$9822 ($sdffe) from module PSC_CPU_TimingTop.
Setting constant 0-bit at position 1 on $auto$ff.cc:337:slice$9822 ($sdffe) from module PSC_CPU_TimingTop.
Setting constant 0-bit at position 0 on $auto$ff.cc:337:slice$9551 ($adffe) from module PSC_CPU_TimingTop.
Setting constant 0-bit at position 1 on $auto$ff.cc:337:slice$9551 ($adffe) from module PSC_CPU_TimingTop.
Setting constant 0-bit at position 0 on $auto$ff.cc:337:slice$9440 ($adffe) from module PSC_CPU_TimingTop.
Setting constant 0-bit at position 1 on $auto$ff.cc:337:slice$9440 ($adffe) from module PSC_CPU_TimingTop.

20.32.14. Executing OPT_CLEAN pass (remove unused cells and wires).
Finding unused cells or wires in module \PSC_CPU_TimingTop..

20.32.15. Executing OPT_EXPR pass (perform const folding).
Optimizing module PSC_CPU_TimingTop.

20.32.16. Rerunning OPT passes. (Maybe there is more to do..)

20.32.17. Executing OPT_MUXTREE pass (detect dead branches in mux trees).
Running muxtree optimizer on module \PSC_CPU_TimingTop..
  Creating internal representation of mux trees.
  Evaluating internal representation of mux trees.
  Analyzing evaluation results.
Removed 0 multiplexer ports.
<suppressed ~414 debug messages>

20.32.18. Executing OPT_REDUCE pass (consolidate $*mux and $reduce_* inputs).
  Optimizing cells in module \PSC_CPU_TimingTop.
Performed a total of 0 changes.

20.32.19. Executing OPT_MERGE pass (detect identical cells).
Finding identical cells in module `\PSC_CPU_TimingTop'.
Computing hashes of 1278 cells of `\PSC_CPU_TimingTop'.
Finding duplicate cells in `\PSC_CPU_TimingTop'.
Removed a total of 0 cells.

20.32.20. Executing OPT_DFF pass (perform DFF optimizations).

20.32.21. Executing OPT_CLEAN pass (remove unused cells and wires).
Finding unused cells or wires in module \PSC_CPU_TimingTop..

20.32.22. Executing OPT_EXPR pass (perform const folding).
Optimizing module PSC_CPU_TimingTop.

20.32.23. Finished fast OPT passes. (There is nothing left to do.)

20.33. Executing TECHMAP pass (map to technology primitives).

20.33.1. Executing Verilog-2005 frontend: /home/haruhiko/Program/PSC_RV32I/PSC-ONE/hardware/sim/yosys/build/share/techmap.v
Parsing Verilog input from `/home/haruhiko/Program/PSC_RV32I/PSC-ONE/hardware/sim/yosys/build/share/techmap.v' to AST representation.
Generating RTLIL representation for module `\_90_simplemap_bool_ops'.
Generating RTLIL representation for module `\_90_simplemap_reduce_ops'.
Generating RTLIL representation for module `\_90_simplemap_logic_ops'.
Generating RTLIL representation for module `\_90_simplemap_compare_ops'.
Generating RTLIL representation for module `\_90_simplemap_various'.
Generating RTLIL representation for module `\_90_simplemap_registers'.
Generating RTLIL representation for module `\_90_shift_ops_shr_shl_sshl_sshr'.
Generating RTLIL representation for module `\_90_shift_shiftx'.
Generating RTLIL representation for module `\_90_fa'.
Generating RTLIL representation for module `\_90_lcu_brent_kung'.
Generating RTLIL representation for module `\_90_alu'.
Generating RTLIL representation for module `\_90_macc'.
Generating RTLIL representation for module `\_90_alumacc'.
Generating RTLIL representation for module `$__div_mod_u'.
Generating RTLIL representation for module `$__div_mod_trunc'.
Generating RTLIL representation for module `\_90_div'.
Generating RTLIL representation for module `\_90_mod'.
Generating RTLIL representation for module `$__div_mod_floor'.
Generating RTLIL representation for module `\_90_divfloor'.
Generating RTLIL representation for module `\_90_modfloor'.
Generating RTLIL representation for module `\_90_pow'.
Generating RTLIL representation for module `\_90_demux'.
Generating RTLIL representation for module `\_90_lut'.
Generating RTLIL representation for module `$connect'.
Generating RTLIL representation for module `$input_port'.
Successfully finished Verilog frontend.

20.33.2. Executing Verilog-2005 frontend: /home/haruhiko/Program/PSC_RV32I/PSC-ONE/hardware/sim/yosys/build/share/gowin/arith_map.v
Parsing Verilog input from `/home/haruhiko/Program/PSC_RV32I/PSC-ONE/hardware/sim/yosys/build/share/gowin/arith_map.v' to AST representation.
Generating RTLIL representation for module `\_80_gw1n_alu'.
Successfully finished Verilog frontend.

20.33.3. Continuing TECHMAP pass.
Using extmapper simplemap for cells of type $sdffe.
Using extmapper simplemap for cells of type $adffe.
Using extmapper simplemap for cells of type $reduce_and.
Using extmapper simplemap for cells of type $reduce_bool.
Using extmapper simplemap for cells of type $ne.
Using extmapper simplemap for cells of type $reduce_or.
Using template $paramod$6a42b6fefed750f8a1c58eab59479d960557103c\_80_gw1n_alu for cells of type $alu.
Using template $paramod$fbc7873bff55778c0b3173955b7e4bce1d9d6834\_80_gw1n_alu for cells of type $alu.
Using template $paramod$a04dd9d4d8b430140c4ff94b50470fb380fda2a0\_80_gw1n_alu for cells of type $alu.
Using extmapper simplemap for cells of type $xor.
Using template $paramod$44a13d10af618e7fbe7b9aad2f6151ffcee1e2fa\_80_gw1n_alu for cells of type $alu.
Using template $paramod$b8c0a997bce700f23568a5ada79cc6781d1f5ca0\_80_gw1n_alu for cells of type $alu.
Using template $paramod$175e67c02b86e96b1288b9dc100122520d7240d8\_90_alu for cells of type $alu.
Using template $paramod$3ef7d3dd227da7627a99c5e5a6a4deb817573e39\_80_gw1n_alu for cells of type $alu.
Using extmapper simplemap for cells of type $not.
Using extmapper simplemap for cells of type $or.
Using template $paramod$2653f68ddb8eab7b1907b4a20767b72a824a7a36\_80_gw1n_alu for cells of type $alu.
Using template $paramod$ba2b8c117ce4915aa78c6334bae512cf5c3ff68e\_80_gw1n_alu for cells of type $alu.
Using extmapper simplemap for cells of type $mux.
Using extmapper simplemap for cells of type $adff.
Using extmapper simplemap for cells of type $dffe.
Using extmapper simplemap for cells of type $and.
Using extmapper simplemap for cells of type $eq.
Using extmapper simplemap for cells of type $logic_not.
Using extmapper simplemap for cells of type $logic_or.
Using extmapper simplemap for cells of type $logic_and.
Using template $paramod$constmap:6111415c3ecfd9bb520e2072bfee38e7d8bfb139$paramod$e765c459d3029c22a22a27989e94858fd9ebfa9c\_90_shift_ops_shr_shl_sshl_sshr for cells of type $sshr.
Using template $paramod$constmap:6111415c3ecfd9bb520e2072bfee38e7d8bfb139$paramod$feecc7a0dbd012970970f2858f15e786e251f677\_90_shift_ops_shr_shl_sshl_sshr for cells of type $shr.
Using template $paramod$constmap:6111415c3ecfd9bb520e2072bfee38e7d8bfb139$paramod$335cfd09f1afa8139c4aafcbbe5f361887b79c5e\_90_shift_ops_shr_shl_sshl_sshr for cells of type $shl.
Using template $paramod$constmap:4126eb7cb4eddb322fe90f5a482509c358f9c44e$paramod$02b60208ac93d2301d670b5de84ce20d775abc7f\_90_shift_shiftx for cells of type $shiftx.
Using extmapper simplemap for cells of type $pmux.
Using extmapper simplemap for cells of type $pos.
Using template $paramod\_90_fa\WIDTH=32'00000000000000000000000000000010 for cells of type $fa.
Using template $paramod\_90_lcu_brent_kung\WIDTH=32'00000000000000000000000000000010 for cells of type $lcu.
No more expansions possible.
<suppressed ~3714 debug messages>

20.34. Executing OPT pass (performing simple optimizations).

20.34.1. Executing OPT_EXPR pass (perform const folding).
Optimizing module PSC_CPU_TimingTop.
<suppressed ~4247 debug messages>

20.34.2. Executing OPT_MERGE pass (detect identical cells).
Finding identical cells in module `\PSC_CPU_TimingTop'.
Computing hashes of 17910 cells of `\PSC_CPU_TimingTop'.
Finding duplicate cells in `\PSC_CPU_TimingTop'.
Computing hashes of 16920 cells of `\PSC_CPU_TimingTop'.
Finding duplicate cells in `\PSC_CPU_TimingTop'.
Computing hashes of 16538 cells of `\PSC_CPU_TimingTop'.
Finding duplicate cells in `\PSC_CPU_TimingTop'.
Computing hashes of 16382 cells of `\PSC_CPU_TimingTop'.
Finding duplicate cells in `\PSC_CPU_TimingTop'.
Computing hashes of 16344 cells of `\PSC_CPU_TimingTop'.
Finding duplicate cells in `\PSC_CPU_TimingTop'.
Computing hashes of 16341 cells of `\PSC_CPU_TimingTop'.
Finding duplicate cells in `\PSC_CPU_TimingTop'.
<suppressed ~4707 debug messages>
Removed a total of 1569 cells.

20.34.3. Executing OPT_DFF pass (perform DFF optimizations).

20.34.4. Executing OPT_CLEAN pass (remove unused cells and wires).
Finding unused cells or wires in module \PSC_CPU_TimingTop..
Removed 384 unused cells and 3018 unused wires.
<suppressed ~385 debug messages>

20.34.5. Finished fast OPT passes.

20.35. Executing IOPADMAP pass (mapping inputs/outputs to IO-PAD cells).
Mapping port PSC_CPU_TimingTop.timing_keep using OBUF.
Mapping port PSC_CPU_TimingTop.reset_n using IBUF.
Mapping port PSC_CPU_TimingTop.clock using IBUF.

20.36. Executing OPT_CLEAN pass (remove unused cells and wires).
Finding unused cells or wires in module \PSC_CPU_TimingTop..
Removed 0 unused cells and 2 unused wires.
<suppressed ~1 debug messages>

20.37. Executing DFFLEGALIZE pass (convert FFs and LATCHes to types supported by the target).

20.38. Executing TECHMAP pass (map to technology primitives).

20.38.1. Executing Verilog-2005 frontend: /home/haruhiko/Program/PSC_RV32I/PSC-ONE/hardware/sim/yosys/build/share/gowin/cells_map.v
Parsing Verilog input from `/home/haruhiko/Program/PSC_RV32I/PSC-ONE/hardware/sim/yosys/build/share/gowin/cells_map.v' to AST representation.
Generating RTLIL representation for module `$_DFF_N_'.
Generating RTLIL representation for module `$_DFF_P_'.
Generating RTLIL representation for module `$_DFFE_PP_'.
Generating RTLIL representation for module `$_DFFE_NP_'.
Generating RTLIL representation for module `$_SDFF_PP0_'.
Generating RTLIL representation for module `$_SDFF_NP0_'.
Generating RTLIL representation for module `$_SDFFE_PP0P_'.
Generating RTLIL representation for module `$_SDFFE_NP0P_'.
Generating RTLIL representation for module `$_SDFF_PP1_'.
Generating RTLIL representation for module `$_SDFF_NP1_'.
Generating RTLIL representation for module `$_SDFFE_PP1P_'.
Generating RTLIL representation for module `$_SDFFE_NP1P_'.
Generating RTLIL representation for module `$_DFF_PP1_'.
Generating RTLIL representation for module `$_DFF_NP1_'.
Generating RTLIL representation for module `$_DFF_PP0_'.
Generating RTLIL representation for module `$_DFF_NP0_'.
Generating RTLIL representation for module `$_DFFE_PP1P_'.
Generating RTLIL representation for module `$_DFFE_NP1P_'.
Generating RTLIL representation for module `$_DFFE_PP0P_'.
Generating RTLIL representation for module `$_DFFE_NP0P_'.
Generating RTLIL representation for module `$lut'.
Successfully finished Verilog frontend.

20.38.2. Continuing TECHMAP pass.
Using template $_DFF_PP0_ for cells of type $_DFF_PP0_.
Using template $_DFF_PP1_ for cells of type $_DFF_PP1_.
Using template $_DFFE_PP0P_ for cells of type $_DFFE_PP0P_.
Using template $_DFFE_PP1P_ for cells of type $_DFFE_PP1P_.
Using template $_DFFE_PP_ for cells of type $_DFFE_PP_.
Using template $_SDFFE_PP0P_ for cells of type $_SDFFE_PP0P_.
No more expansions possible.
<suppressed ~3751 debug messages>

20.39. Executing TECHMAP pass (map to technology primitives).

20.39.1. Executing Verilog-2005 frontend: /home/haruhiko/Program/PSC_RV32I/PSC-ONE/hardware/sim/yosys/build/share/gowin/cells_latch.v
Parsing Verilog input from `/home/haruhiko/Program/PSC_RV32I/PSC-ONE/hardware/sim/yosys/build/share/gowin/cells_latch.v' to AST representation.
Generating RTLIL representation for module `$_DLATCH_P_'.
Generating RTLIL representation for module `$_DLATCH_N_'.
Generating RTLIL representation for module `$_DLATCH_PP0_'.
Generating RTLIL representation for module `$_DLATCH_NP0_'.
Generating RTLIL representation for module `$_DLATCH_PP1_'.
Generating RTLIL representation for module `$_DLATCH_NP1_'.
Successfully finished Verilog frontend.

20.39.2. Continuing TECHMAP pass.
No more expansions possible.
<suppressed ~8 debug messages>

20.40. Executing OPT_EXPR pass (perform const folding).
Optimizing module PSC_CPU_TimingTop.
<suppressed ~102 debug messages>

20.41. Executing SIMPLEMAP pass (map simple cells to gate primitives).

20.42. Executing SORT pass.

20.43. Executing Verilog-2005 frontend: /home/haruhiko/Program/PSC_RV32I/PSC-ONE/hardware/sim/yosys/build/share/abc9_model.v
Parsing Verilog input from `/home/haruhiko/Program/PSC_RV32I/PSC-ONE/hardware/sim/yosys/build/share/abc9_model.v' to AST representation.
Generating RTLIL representation for module `$__ABC9_DELAY'.
Generating RTLIL representation for module `$__ABC9_SCC_BREAKER'.
Generating RTLIL representation for module `$__DFF_N__$abc9_flop'.
Generating RTLIL representation for module `$__DFF_P__$abc9_flop'.
Successfully finished Verilog frontend.

20.44. Executing ABC9 pass.

20.44.1. Executing ABC9_OPS pass (helper functions for ABC9).

20.44.2. Executing ABC9_OPS pass (helper functions for ABC9).

20.44.3. Executing PROC pass (convert processes to netlists).

20.44.3.1. Executing PROC_CLEAN pass (remove empty switches from decision trees).
Found and cleaned up 1 empty switch in `$paramod\ALU\ALU_MODE=s32'00000000000000000000000000000010.$proc$/home/haruhiko/Program/PSC_RV32I/PSC-ONE/hardware/sim/yosys/build/share/gowin/cells_sim.v:1064$51343'.
Cleaned up 1 empty switch.

20.44.3.2. Executing PROC_RMDEAD pass (remove dead branches from decision trees).
Removed a total of 0 dead cases.

20.44.3.3. Executing PROC_PRUNE pass (remove redundant assignments in processes).
Removed 0 redundant assignments.
Promoted 4 assignments to connections.

20.44.3.4. Executing PROC_INIT pass (extract init attributes).

20.44.3.5. Executing PROC_ARST pass (detect async resets in processes).

20.44.3.6. Executing PROC_ROM pass (convert switches to ROMs).
Converted 0 switches.

20.44.3.7. Executing PROC_MUX pass (convert decision trees to multiplexers).
Creating decoders for process `$paramod\ALU\ALU_MODE=s32'00000000000000000000000000000010.$proc$/home/haruhiko/Program/PSC_RV32I/PSC-ONE/hardware/sim/yosys/build/share/gowin/cells_sim.v:1064$51343'.

20.44.3.8. Executing PROC_DLATCH pass (convert process syncs to latches).
No latch inferred for signal `$paramod\ALU\ALU_MODE=s32'00000000000000000000000000000010.\C' from process `$paramod\ALU\ALU_MODE=s32'00000000000000000000000000000010.$proc$/home/haruhiko/Program/PSC_RV32I/PSC-ONE/hardware/sim/yosys/build/share/gowin/cells_sim.v:1064$51343'.
No latch inferred for signal `$paramod\ALU\ALU_MODE=s32'00000000000000000000000000000010.\S' from process `$paramod\ALU\ALU_MODE=s32'00000000000000000000000000000010.$proc$/home/haruhiko/Program/PSC_RV32I/PSC-ONE/hardware/sim/yosys/build/share/gowin/cells_sim.v:1064$51343'.

20.44.3.9. Executing PROC_DFF pass (convert process syncs to FFs).

20.44.3.10. Executing PROC_MEMWR pass (convert process memory writes to cells).

20.44.3.11. Executing PROC_CLEAN pass (remove empty switches from decision trees).
Removing empty process `$paramod\ALU\ALU_MODE=s32'00000000000000000000000000000010.$proc$/home/haruhiko/Program/PSC_RV32I/PSC-ONE/hardware/sim/yosys/build/share/gowin/cells_sim.v:1064$51343'.
Cleaned up 0 empty switches.

20.44.4. Executing PROC pass (convert processes to netlists).

20.44.4.1. Executing PROC_CLEAN pass (remove empty switches from decision trees).
Cleaned up 0 empty switches.

20.44.4.2. Executing PROC_RMDEAD pass (remove dead branches from decision trees).
Marked 1 switch rules as full_case in process $proc$/home/haruhiko/Program/PSC_RV32I/PSC-ONE/hardware/sim/yosys/build/share/gowin/cells_sim.v:348$1336 in module DFFCE.
Removed a total of 0 dead cases.

20.44.4.3. Executing PROC_PRUNE pass (remove redundant assignments in processes).
Removed 0 redundant assignments.
Promoted 1 assignment to connection.

20.44.4.4. Executing PROC_INIT pass (extract init attributes).
Found init rule in `\DFFCE.$proc$/home/haruhiko/Program/PSC_RV32I/PSC-ONE/hardware/sim/yosys/build/share/gowin/cells_sim.v:339$1337'.
  Set init value: \Q = 1'0

20.44.4.5. Executing PROC_ARST pass (detect async resets in processes).
Found async reset \CLEAR in `\DFFCE.$proc$/home/haruhiko/Program/PSC_RV32I/PSC-ONE/hardware/sim/yosys/build/share/gowin/cells_sim.v:348$1336'.

20.44.4.6. Executing PROC_ROM pass (convert switches to ROMs).
Converted 0 switches.
<suppressed ~1 debug messages>

20.44.4.7. Executing PROC_MUX pass (convert decision trees to multiplexers).
Creating decoders for process `\DFFCE.$proc$/home/haruhiko/Program/PSC_RV32I/PSC-ONE/hardware/sim/yosys/build/share/gowin/cells_sim.v:339$1337'.
Creating decoders for process `\DFFCE.$proc$/home/haruhiko/Program/PSC_RV32I/PSC-ONE/hardware/sim/yosys/build/share/gowin/cells_sim.v:348$1336'.
     1/1: $0\Q[0:0]

20.44.4.8. Executing PROC_DLATCH pass (convert process syncs to latches).

20.44.4.9. Executing PROC_DFF pass (convert process syncs to FFs).
Creating register for signal `\DFFCE.\Q' using process `\DFFCE.$proc$/home/haruhiko/Program/PSC_RV32I/PSC-ONE/hardware/sim/yosys/build/share/gowin/cells_sim.v:348$1336'.
  created $adff cell `$procdff$51352' with positive edge clock and positive level reset.

20.44.4.10. Executing PROC_MEMWR pass (convert process memory writes to cells).

20.44.4.11. Executing PROC_CLEAN pass (remove empty switches from decision trees).
Removing empty process `DFFCE.$proc$/home/haruhiko/Program/PSC_RV32I/PSC-ONE/hardware/sim/yosys/build/share/gowin/cells_sim.v:339$1337'.
Found and cleaned up 1 empty switch in `\DFFCE.$proc$/home/haruhiko/Program/PSC_RV32I/PSC-ONE/hardware/sim/yosys/build/share/gowin/cells_sim.v:348$1336'.
Removing empty process `DFFCE.$proc$/home/haruhiko/Program/PSC_RV32I/PSC-ONE/hardware/sim/yosys/build/share/gowin/cells_sim.v:348$1336'.
Cleaned up 1 empty switch.

20.44.5. Executing PROC pass (convert processes to netlists).

20.44.5.1. Executing PROC_CLEAN pass (remove empty switches from decision trees).
Cleaned up 0 empty switches.

20.44.5.2. Executing PROC_RMDEAD pass (remove dead branches from decision trees).
Marked 1 switch rules as full_case in process $proc$/home/haruhiko/Program/PSC_RV32I/PSC-ONE/hardware/sim/yosys/build/share/gowin/cells_sim.v:309$1332 in module DFFPE.
Removed a total of 0 dead cases.

20.44.5.3. Executing PROC_PRUNE pass (remove redundant assignments in processes).
Removed 0 redundant assignments.
Promoted 1 assignment to connection.

20.44.5.4. Executing PROC_INIT pass (extract init attributes).
Found init rule in `\DFFPE.$proc$/home/haruhiko/Program/PSC_RV32I/PSC-ONE/hardware/sim/yosys/build/share/gowin/cells_sim.v:300$1333'.
  Set init value: \Q = 1'1

20.44.5.5. Executing PROC_ARST pass (detect async resets in processes).
Found async reset \PRESET in `\DFFPE.$proc$/home/haruhiko/Program/PSC_RV32I/PSC-ONE/hardware/sim/yosys/build/share/gowin/cells_sim.v:309$1332'.

20.44.5.6. Executing PROC_ROM pass (convert switches to ROMs).
Converted 0 switches.
<suppressed ~1 debug messages>

20.44.5.7. Executing PROC_MUX pass (convert decision trees to multiplexers).
Creating decoders for process `\DFFPE.$proc$/home/haruhiko/Program/PSC_RV32I/PSC-ONE/hardware/sim/yosys/build/share/gowin/cells_sim.v:300$1333'.
Creating decoders for process `\DFFPE.$proc$/home/haruhiko/Program/PSC_RV32I/PSC-ONE/hardware/sim/yosys/build/share/gowin/cells_sim.v:309$1332'.
     1/1: $0\Q[0:0]

20.44.5.8. Executing PROC_DLATCH pass (convert process syncs to latches).

20.44.5.9. Executing PROC_DFF pass (convert process syncs to FFs).
Creating register for signal `\DFFPE.\Q' using process `\DFFPE.$proc$/home/haruhiko/Program/PSC_RV32I/PSC-ONE/hardware/sim/yosys/build/share/gowin/cells_sim.v:309$1332'.
  created $adff cell `$procdff$51357' with positive edge clock and positive level reset.

20.44.5.10. Executing PROC_MEMWR pass (convert process memory writes to cells).

20.44.5.11. Executing PROC_CLEAN pass (remove empty switches from decision trees).
Removing empty process `DFFPE.$proc$/home/haruhiko/Program/PSC_RV32I/PSC-ONE/hardware/sim/yosys/build/share/gowin/cells_sim.v:300$1333'.
Found and cleaned up 1 empty switch in `\DFFPE.$proc$/home/haruhiko/Program/PSC_RV32I/PSC-ONE/hardware/sim/yosys/build/share/gowin/cells_sim.v:309$1332'.
Removing empty process `DFFPE.$proc$/home/haruhiko/Program/PSC_RV32I/PSC-ONE/hardware/sim/yosys/build/share/gowin/cells_sim.v:309$1332'.
Cleaned up 1 empty switch.

20.44.6. Executing PROC pass (convert processes to netlists).

20.44.6.1. Executing PROC_CLEAN pass (remove empty switches from decision trees).
Cleaned up 0 empty switches.

20.44.6.2. Executing PROC_RMDEAD pass (remove dead branches from decision trees).
Marked 1 switch rules as full_case in process $proc$/home/haruhiko/Program/PSC_RV32I/PSC-ONE/hardware/sim/yosys/build/share/gowin/cells_sim.v:328$1334 in module DFFC.
Removed a total of 0 dead cases.

20.44.6.3. Executing PROC_PRUNE pass (remove redundant assignments in processes).
Removed 1 redundant assignment.
Promoted 1 assignment to connection.

20.44.6.4. Executing PROC_INIT pass (extract init attributes).
Found init rule in `\DFFC.$proc$/home/haruhiko/Program/PSC_RV32I/PSC-ONE/hardware/sim/yosys/build/share/gowin/cells_sim.v:320$1335'.
  Set init value: \Q = 1'0

20.44.6.5. Executing PROC_ARST pass (detect async resets in processes).
Found async reset \CLEAR in `\DFFC.$proc$/home/haruhiko/Program/PSC_RV32I/PSC-ONE/hardware/sim/yosys/build/share/gowin/cells_sim.v:328$1334'.

20.44.6.6. Executing PROC_ROM pass (convert switches to ROMs).
Converted 0 switches.

20.44.6.7. Executing PROC_MUX pass (convert decision trees to multiplexers).
Creating decoders for process `\DFFC.$proc$/home/haruhiko/Program/PSC_RV32I/PSC-ONE/hardware/sim/yosys/build/share/gowin/cells_sim.v:320$1335'.
Creating decoders for process `\DFFC.$proc$/home/haruhiko/Program/PSC_RV32I/PSC-ONE/hardware/sim/yosys/build/share/gowin/cells_sim.v:328$1334'.
     1/1: $0\Q[0:0]

20.44.6.8. Executing PROC_DLATCH pass (convert process syncs to latches).

20.44.6.9. Executing PROC_DFF pass (convert process syncs to FFs).
Creating register for signal `\DFFC.\Q' using process `\DFFC.$proc$/home/haruhiko/Program/PSC_RV32I/PSC-ONE/hardware/sim/yosys/build/share/gowin/cells_sim.v:328$1334'.
  created $adff cell `$procdff$51360' with positive edge clock and positive level reset.

20.44.6.10. Executing PROC_MEMWR pass (convert process memory writes to cells).

20.44.6.11. Executing PROC_CLEAN pass (remove empty switches from decision trees).
Removing empty process `DFFC.$proc$/home/haruhiko/Program/PSC_RV32I/PSC-ONE/hardware/sim/yosys/build/share/gowin/cells_sim.v:320$1335'.
Removing empty process `DFFC.$proc$/home/haruhiko/Program/PSC_RV32I/PSC-ONE/hardware/sim/yosys/build/share/gowin/cells_sim.v:328$1334'.
Cleaned up 0 empty switches.

20.44.7. Executing PROC pass (convert processes to netlists).

20.44.7.1. Executing PROC_CLEAN pass (remove empty switches from decision trees).
Cleaned up 0 empty switches.

20.44.7.2. Executing PROC_RMDEAD pass (remove dead branches from decision trees).
Marked 1 switch rules as full_case in process $proc$/home/haruhiko/Program/PSC_RV32I/PSC-ONE/hardware/sim/yosys/build/share/gowin/cells_sim.v:289$1330 in module DFFP.
Removed a total of 0 dead cases.

20.44.7.3. Executing PROC_PRUNE pass (remove redundant assignments in processes).
Removed 1 redundant assignment.
Promoted 1 assignment to connection.

20.44.7.4. Executing PROC_INIT pass (extract init attributes).
Found init rule in `\DFFP.$proc$/home/haruhiko/Program/PSC_RV32I/PSC-ONE/hardware/sim/yosys/build/share/gowin/cells_sim.v:281$1331'.
  Set init value: \Q = 1'1

20.44.7.5. Executing PROC_ARST pass (detect async resets in processes).
Found async reset \PRESET in `\DFFP.$proc$/home/haruhiko/Program/PSC_RV32I/PSC-ONE/hardware/sim/yosys/build/share/gowin/cells_sim.v:289$1330'.

20.44.7.6. Executing PROC_ROM pass (convert switches to ROMs).
Converted 0 switches.

20.44.7.7. Executing PROC_MUX pass (convert decision trees to multiplexers).
Creating decoders for process `\DFFP.$proc$/home/haruhiko/Program/PSC_RV32I/PSC-ONE/hardware/sim/yosys/build/share/gowin/cells_sim.v:281$1331'.
Creating decoders for process `\DFFP.$proc$/home/haruhiko/Program/PSC_RV32I/PSC-ONE/hardware/sim/yosys/build/share/gowin/cells_sim.v:289$1330'.
     1/1: $0\Q[0:0]

20.44.7.8. Executing PROC_DLATCH pass (convert process syncs to latches).

20.44.7.9. Executing PROC_DFF pass (convert process syncs to FFs).
Creating register for signal `\DFFP.\Q' using process `\DFFP.$proc$/home/haruhiko/Program/PSC_RV32I/PSC-ONE/hardware/sim/yosys/build/share/gowin/cells_sim.v:289$1330'.
  created $adff cell `$procdff$51363' with positive edge clock and positive level reset.

20.44.7.10. Executing PROC_MEMWR pass (convert process memory writes to cells).

20.44.7.11. Executing PROC_CLEAN pass (remove empty switches from decision trees).
Removing empty process `DFFP.$proc$/home/haruhiko/Program/PSC_RV32I/PSC-ONE/hardware/sim/yosys/build/share/gowin/cells_sim.v:281$1331'.
Removing empty process `DFFP.$proc$/home/haruhiko/Program/PSC_RV32I/PSC-ONE/hardware/sim/yosys/build/share/gowin/cells_sim.v:289$1330'.
Cleaned up 0 empty switches.

20.44.8. Executing SCC pass (detecting logic loops).
Found 0 SCCs in module PSC_CPU_TimingTop.
Found 0 SCCs.

20.44.9. Executing ABC9_OPS pass (helper functions for ABC9).

20.44.10. Executing TECHMAP pass (map to technology primitives).

20.44.10.1. Executing Verilog-2005 frontend: /home/haruhiko/Program/PSC_RV32I/PSC-ONE/hardware/sim/yosys/build/share/techmap.v
Parsing Verilog input from `/home/haruhiko/Program/PSC_RV32I/PSC-ONE/hardware/sim/yosys/build/share/techmap.v' to AST representation.
Generating RTLIL representation for module `\_90_simplemap_bool_ops'.
Generating RTLIL representation for module `\_90_simplemap_reduce_ops'.
Generating RTLIL representation for module `\_90_simplemap_logic_ops'.
Generating RTLIL representation for module `\_90_simplemap_compare_ops'.
Generating RTLIL representation for module `\_90_simplemap_various'.
Generating RTLIL representation for module `\_90_simplemap_registers'.
Generating RTLIL representation for module `\_90_shift_ops_shr_shl_sshl_sshr'.
Generating RTLIL representation for module `\_90_shift_shiftx'.
Generating RTLIL representation for module `\_90_fa'.
Generating RTLIL representation for module `\_90_lcu_brent_kung'.
Generating RTLIL representation for module `\_90_alu'.
Generating RTLIL representation for module `\_90_macc'.
Generating RTLIL representation for module `\_90_alumacc'.
Generating RTLIL representation for module `$__div_mod_u'.
Generating RTLIL representation for module `$__div_mod_trunc'.
Generating RTLIL representation for module `\_90_div'.
Generating RTLIL representation for module `\_90_mod'.
Generating RTLIL representation for module `$__div_mod_floor'.
Generating RTLIL representation for module `\_90_divfloor'.
Generating RTLIL representation for module `\_90_modfloor'.
Generating RTLIL representation for module `\_90_pow'.
Generating RTLIL representation for module `\_90_demux'.
Generating RTLIL representation for module `\_90_lut'.
Generating RTLIL representation for module `$connect'.
Generating RTLIL representation for module `$input_port'.
Successfully finished Verilog frontend.

20.44.10.2. Continuing TECHMAP pass.
No more expansions possible.
<suppressed ~234 debug messages>

20.44.11. Executing OPT pass (performing simple optimizations).

20.44.11.1. Executing OPT_EXPR pass (perform const folding).
Optimizing module DFFCE.
Optimizing module DFFPE.
Optimizing module DFFC.
Optimizing module DFFP.

20.44.11.2. Executing OPT_MERGE pass (detect identical cells).
Finding identical cells in module `\DFFCE'.
Computing hashes of 2 cells of `\DFFCE'.
Finding duplicate cells in `\DFFCE'.
Finding identical cells in module `\DFFPE'.
Computing hashes of 2 cells of `\DFFPE'.
Finding duplicate cells in `\DFFPE'.
Finding identical cells in module `\DFFC'.
Computing hashes of 2 cells of `\DFFC'.
Finding duplicate cells in `\DFFC'.
Finding identical cells in module `\DFFP'.
Computing hashes of 2 cells of `\DFFP'.
Finding duplicate cells in `\DFFP'.
Removed a total of 0 cells.

20.44.11.3. Executing OPT_MUXTREE pass (detect dead branches in mux trees).
Running muxtree optimizer on module \DFFCE..
  Creating internal representation of mux trees.
  No muxes found in this module.
Running muxtree optimizer on module \DFFPE..
  Creating internal representation of mux trees.
  No muxes found in this module.
Running muxtree optimizer on module \DFFC..
  Creating internal representation of mux trees.
  No muxes found in this module.
Running muxtree optimizer on module \DFFP..
  Creating internal representation of mux trees.
  No muxes found in this module.
Removed 0 multiplexer ports.

20.44.11.4. Executing OPT_REDUCE pass (consolidate $*mux and $reduce_* inputs).
  Optimizing cells in module \DFFCE.
  Optimizing cells in module \DFFPE.
  Optimizing cells in module \DFFC.
  Optimizing cells in module \DFFP.
Performed a total of 0 changes.

20.44.11.5. Executing OPT_MERGE pass (detect identical cells).
Finding identical cells in module `\DFFCE'.
Computing hashes of 2 cells of `\DFFCE'.
Finding duplicate cells in `\DFFCE'.
Finding identical cells in module `\DFFPE'.
Computing hashes of 2 cells of `\DFFPE'.
Finding duplicate cells in `\DFFPE'.
Finding identical cells in module `\DFFC'.
Computing hashes of 2 cells of `\DFFC'.
Finding duplicate cells in `\DFFC'.
Finding identical cells in module `\DFFP'.
Computing hashes of 2 cells of `\DFFP'.
Finding duplicate cells in `\DFFP'.
Removed a total of 0 cells.

20.44.11.6. Executing OPT_DFF pass (perform DFF optimizations).

20.44.11.7. Executing OPT_CLEAN pass (remove unused cells and wires).
Finding unused cells or wires in module \DFFCE..
Finding unused cells or wires in module \DFFPE..
Finding unused cells or wires in module \DFFC..
Finding unused cells or wires in module \DFFP..

20.44.11.8. Executing OPT_EXPR pass (perform const folding).
Optimizing module DFFCE.
Optimizing module DFFPE.
Optimizing module DFFC.
Optimizing module DFFP.

20.44.11.9. Finished fast OPT passes. (There is nothing left to do.)

20.44.12. Executing TECHMAP pass (map to technology primitives).

20.44.12.1. Executing Verilog-2005 frontend: /home/haruhiko/Program/PSC_RV32I/PSC-ONE/hardware/sim/yosys/build/share/abc9_map.v
Parsing Verilog input from `/home/haruhiko/Program/PSC_RV32I/PSC-ONE/hardware/sim/yosys/build/share/abc9_map.v' to AST representation.
Successfully finished Verilog frontend.

20.44.12.2. Continuing TECHMAP pass.
Using template DFFC for cells of type DFFC.
Using template DFFP for cells of type DFFP.
Using template DFFCE for cells of type DFFCE.
Using template DFFPE for cells of type DFFPE.
No more expansions possible.
<suppressed ~3672 debug messages>

20.44.13. Executing Verilog-2005 frontend: /home/haruhiko/Program/PSC_RV32I/PSC-ONE/hardware/sim/yosys/build/share/abc9_model.v
Parsing Verilog input from `/home/haruhiko/Program/PSC_RV32I/PSC-ONE/hardware/sim/yosys/build/share/abc9_model.v' to AST representation.
Replacing existing blackbox module `$__ABC9_DELAY' at /home/haruhiko/Program/PSC_RV32I/PSC-ONE/hardware/sim/yosys/build/share/abc9_model.v:2.1-7.10.
Generating RTLIL representation for module `$__ABC9_DELAY'.
Replacing existing blackbox module `$__ABC9_SCC_BREAKER' at /home/haruhiko/Program/PSC_RV32I/PSC-ONE/hardware/sim/yosys/build/share/abc9_model.v:9.1-11.10.
Generating RTLIL representation for module `$__ABC9_SCC_BREAKER'.
Replacing existing module `$__DFF_N__$abc9_flop' at /home/haruhiko/Program/PSC_RV32I/PSC-ONE/hardware/sim/yosys/build/share/abc9_model.v:14.1-20.10.
Generating RTLIL representation for module `$__DFF_N__$abc9_flop'.
Replacing existing module `$__DFF_P__$abc9_flop' at /home/haruhiko/Program/PSC_RV32I/PSC-ONE/hardware/sim/yosys/build/share/abc9_model.v:23.1-29.10.
Generating RTLIL representation for module `$__DFF_P__$abc9_flop'.
Successfully finished Verilog frontend.

20.44.14. Executing ABC9_OPS pass (helper functions for ABC9).
<suppressed ~156 debug messages>

20.44.15. Executing ABC9_OPS pass (helper functions for ABC9).

20.44.16. Executing ABC9_OPS pass (helper functions for ABC9).
<suppressed ~2 debug messages>

20.44.17. Executing TECHMAP pass (map to technology primitives).

20.44.17.1. Executing Verilog-2005 frontend: /home/haruhiko/Program/PSC_RV32I/PSC-ONE/hardware/sim/yosys/build/share/techmap.v
Parsing Verilog input from `/home/haruhiko/Program/PSC_RV32I/PSC-ONE/hardware/sim/yosys/build/share/techmap.v' to AST representation.
Generating RTLIL representation for module `\_90_simplemap_bool_ops'.
Generating RTLIL representation for module `\_90_simplemap_reduce_ops'.
Generating RTLIL representation for module `\_90_simplemap_logic_ops'.
Generating RTLIL representation for module `\_90_simplemap_compare_ops'.
Generating RTLIL representation for module `\_90_simplemap_various'.
Generating RTLIL representation for module `\_90_simplemap_registers'.
Generating RTLIL representation for module `\_90_shift_ops_shr_shl_sshl_sshr'.
Generating RTLIL representation for module `\_90_shift_shiftx'.
Generating RTLIL representation for module `\_90_fa'.
Generating RTLIL representation for module `\_90_lcu_brent_kung'.
Generating RTLIL representation for module `\_90_alu'.
Generating RTLIL representation for module `\_90_macc'.
Generating RTLIL representation for module `\_90_alumacc'.
Generating RTLIL representation for module `$__div_mod_u'.
Generating RTLIL representation for module `$__div_mod_trunc'.
Generating RTLIL representation for module `\_90_div'.
Generating RTLIL representation for module `\_90_mod'.
Generating RTLIL representation for module `$__div_mod_floor'.
Generating RTLIL representation for module `\_90_divfloor'.
Generating RTLIL representation for module `\_90_modfloor'.
Generating RTLIL representation for module `\_90_pow'.
Generating RTLIL representation for module `\_90_demux'.
Generating RTLIL representation for module `\_90_lut'.
Generating RTLIL representation for module `$connect'.
Generating RTLIL representation for module `$input_port'.
Successfully finished Verilog frontend.

20.44.17.2. Continuing TECHMAP pass.
Using template $paramod\ALU\ALU_MODE=s32'00000000000000000000000000000010 for cells of type $paramod\ALU\ALU_MODE=s32'00000000000000000000000000000010.
Using extmapper simplemap for cells of type $mux.
Using extmapper simplemap for cells of type $xor.
Using extmapper simplemap for cells of type $not.
No more expansions possible.
<suppressed ~243 debug messages>

20.44.18. Executing OPT pass (performing simple optimizations).

20.44.18.1. Executing OPT_EXPR pass (perform const folding).
Optimizing module PSC_CPU_TimingTop.

20.44.18.2. Executing OPT_MERGE pass (detect identical cells).
Finding identical cells in module `\PSC_CPU_TimingTop'.
Computing hashes of 14 cells of `\PSC_CPU_TimingTop'.
Finding duplicate cells in `\PSC_CPU_TimingTop'.
Removed a total of 0 cells.

20.44.18.3. Executing OPT_MUXTREE pass (detect dead branches in mux trees).
Running muxtree optimizer on module \PSC_CPU_TimingTop..
  Creating internal representation of mux trees.
  No muxes found in this module.
Removed 0 multiplexer ports.

20.44.18.4. Executing OPT_REDUCE pass (consolidate $*mux and $reduce_* inputs).
  Optimizing cells in module \PSC_CPU_TimingTop.
Performed a total of 0 changes.

20.44.18.5. Executing OPT_MERGE pass (detect identical cells).
Finding identical cells in module `\PSC_CPU_TimingTop'.
Computing hashes of 14 cells of `\PSC_CPU_TimingTop'.
Finding duplicate cells in `\PSC_CPU_TimingTop'.
Removed a total of 0 cells.

20.44.18.6. Executing OPT_DFF pass (perform DFF optimizations).

20.44.18.7. Executing OPT_CLEAN pass (remove unused cells and wires).
Finding unused cells or wires in module \PSC_CPU_TimingTop..
Removed 0 unused cells and 16 unused wires.
<suppressed ~1 debug messages>

20.44.18.8. Executing OPT_EXPR pass (perform const folding).
Optimizing module PSC_CPU_TimingTop.

20.44.18.9. Rerunning OPT passes. (Maybe there is more to do..)

20.44.18.10. Executing OPT_MUXTREE pass (detect dead branches in mux trees).
Running muxtree optimizer on module \PSC_CPU_TimingTop..
  Creating internal representation of mux trees.
  No muxes found in this module.
Removed 0 multiplexer ports.

20.44.18.11. Executing OPT_REDUCE pass (consolidate $*mux and $reduce_* inputs).
  Optimizing cells in module \PSC_CPU_TimingTop.
Performed a total of 0 changes.

20.44.18.12. Executing OPT_MERGE pass (detect identical cells).
Finding identical cells in module `\PSC_CPU_TimingTop'.
Computing hashes of 14 cells of `\PSC_CPU_TimingTop'.
Finding duplicate cells in `\PSC_CPU_TimingTop'.
Removed a total of 0 cells.

20.44.18.13. Executing OPT_DFF pass (perform DFF optimizations).

20.44.18.14. Executing OPT_CLEAN pass (remove unused cells and wires).
Finding unused cells or wires in module \PSC_CPU_TimingTop..

20.44.18.15. Executing OPT_EXPR pass (perform const folding).
Optimizing module PSC_CPU_TimingTop.

20.44.18.16. Finished fast OPT passes. (There is nothing left to do.)

20.44.19. Executing AIGMAP pass (map logic to AIG).
Module PSC_CPU_TimingTop: replaced 5 cells with 35 new cells, skipped 9 cells.
  replaced 2 cell types:
       2 $_MUX_
       3 $_XOR_
  not replaced 2 cell types:
       1 $_NOT_
       8 $specify2

20.44.20. Executing AIGMAP pass (map logic to AIG).
Module PSC_CPU_TimingTop: replaced 7650 cells with 41916 new cells, skipped 15759 cells.
  replaced 3 cell types:
    3578 $_MUX_
    3878 $_OR_
     194 $_XOR_
  not replaced 19 cell types:
    3453 $_AND_
    4348 $_NOT_
      15 $scopeinfo
       2 IBUF
      32 DFFE
      30 DFFRE
      26 DFFP
       7 DFFPE
     226 DFFC
    3407 DFFCE
       1 OBUF
       1 MULT36X36
     391 $paramod\ALU\ALU_MODE=s32'00000000000000000000000000000010
    3407 DFFCE_$abc9_byp
       7 DFFPE_$abc9_byp
     226 DFFC_$abc9_byp
      26 DFFP_$abc9_byp
      92 $paramod$__ABC9_DELAY\DELAY=32'00000000000000000000000000111111
      62 $paramod$__ABC9_DELAY\DELAY=32'00000000000000000000001001000000

20.44.20.1. Executing ABC9_OPS pass (helper functions for ABC9).

20.44.20.2. Executing ABC9_OPS pass (helper functions for ABC9).

20.44.20.3. Executing XAIGER backend.
<suppressed ~3739 debug messages>
Extracted 18647 AND gates and 60222 wires from module `PSC_CPU_TimingTop' to a netlist network with 3797 inputs and 6645 outputs.

20.44.20.4. Executing ABC9_EXE pass (technology mapping using ABC9).

20.44.20.5. Executing ABC9.
Running ABC command: "<yosys-exe-dir>/yosys-abc" -s -f <abc-temp-dir>/abc.script 2>&1
ABC: ======== ABC command line "source <abc-temp-dir>/abc.script"
ABC: + read_lut <abc-temp-dir>/input.lut 
ABC: + read_box <abc-temp-dir>/input.box 
ABC: + &read <abc-temp-dir>/input.xaig 
ABC: + &ps 
ABC: <abc-temp-dir>/input : i/o =   3797/   6645  and =   16519  lev =   33 (0.94)  mem = 0.56 MB  box = 4211  bb = 3820
ABC: Warning: AIG with boxes has internal fanout in 0 complex flops and 32 carries.
ABC: + &scorr 
ABC: Warning: The network is combinational.
ABC: + &sweep 
ABC: + &dc2 
ABC: + &dch -f -r 
ABC: + &ps 
ABC: <abc-temp-dir>/input : i/o =   3797/   6645  and =   22903  lev =   17 (0.66)  mem = 0.63 MB  ch = 2255  box = 4211  bb = 3820
ABC: cst =       0  cls =   2010  lit =    2255  unused =   27037  proof =     0
ABC: Warning: AIG with boxes has internal fanout in 0 complex flops and 32 carries.
ABC: + &if -W 500 -v 
ABC: K = 8. Memory (bytes): Truth =    0. Cut =   80. Obj =  160. Set =  816. CutMin = no
ABC: Node =   22903.  Ch =  2010.  Total mem =    7.89 MB. Peak cut mem =    0.38 MB.
ABC: P:  Del = 13126.00.  Ar =   35772.0.  Edge =    25439.  Cut =   369897.  T =     0.06 sec
ABC: P:  Del = 12748.00.  Ar =   34954.0.  Edge =    24867.  Cut =   367220.  T =     0.06 sec
ABC: P:  Del = 12748.00.  Ar =   13851.0.  Edge =    20601.  Cut =   778300.  T =     0.14 sec
ABC: F:  Del = 12746.00.  Ar =    7216.0.  Edge =    17699.  Cut =   539045.  T =     0.11 sec
ABC: A:  Del = 12736.00.  Ar =    6340.0.  Edge =    16613.  Cut =   509150.  T =     0.16 sec
ABC: A:  Del = 12736.00.  Ar =    6205.0.  Edge =    16537.  Cut =   513475.  T =     0.16 sec
ABC: Total time =     0.68 sec
ABC: + &write -n <abc-temp-dir>/output.aig 
ABC: + &mfs 
ABC: + &ps -l 
ABC: <abc-temp-dir>/input : i/o =   3797/   6645  and =   14151  lev =   19 (0.71)  mem = 0.53 MB  box = 4210  bb = 3820
ABC: Mapping (K=8)  :  lut =   4207  edge =   16218  lev =    7 (0.34)  levB =   37  mem = 0.24 MB
ABC: LUT = 4207 : 2=401 9.5 %  3=953 22.7 %  4=2006 47.7 %  5=659 15.7 %  6=118 2.8 %  7=30 0.7 %  8=40 1.0 %  Ave = 3.86
ABC: Warning: AIG with boxes has internal fanout in 0 complex flops and 32 carries.
ABC: + &write -n <abc-temp-dir>/output.aig 
ABC: + &verify 
ABC: Networks are equivalent.  Time =     0.36 sec
ABC: + time 
ABC: elapse: 3.05 seconds, total: 3.05 seconds

20.44.20.6. Executing AIGER frontend.
<suppressed ~11 debug messages>
Removed 19750 unused cells and 39904 unused wires.

20.44.20.7. Executing ABC_OPS_REINTEGRATE pass (reintegrate ABC mapped design into module).
ABC RESULTS:              $lut cells:     4369
ABC RESULTS:   $paramod\ALU\ALU_MODE=s32'00000000000000000000000000000010 cells:      390
ABC RESULTS:   \DFFCE_$abc9_byp cells:     3407
ABC RESULTS:   \DFFPE_$abc9_byp cells:        7
ABC RESULTS:   \DFFC_$abc9_byp cells:      226
ABC RESULTS:   \DFFP_$abc9_byp cells:       26
ABC RESULTS:           input signals:     3672
ABC RESULTS:          output signals:     4159
<suppressed ~20885 debug messages>
Removing temp directory.

20.44.21. Executing TECHMAP pass (map to technology primitives).

20.44.21.1. Executing Verilog-2005 frontend: /home/haruhiko/Program/PSC_RV32I/PSC-ONE/hardware/sim/yosys/build/share/abc9_unmap.v
Parsing Verilog input from `/home/haruhiko/Program/PSC_RV32I/PSC-ONE/hardware/sim/yosys/build/share/abc9_unmap.v' to AST representation.
Generating RTLIL representation for module `$__DFF_x__$abc9_flop'.
Generating RTLIL representation for module `$__ABC9_SCC_BREAKER'.
Successfully finished Verilog frontend.

20.44.21.2. Continuing TECHMAP pass.
Using template DFFCE_$abc9_byp for cells of type DFFCE_$abc9_byp.
Using template DFFPE_$abc9_byp for cells of type DFFPE_$abc9_byp.
Using template $paramod\ALU\ALU_MODE=s32'00000000000000000000000000000010 for cells of type $paramod\ALU\ALU_MODE=s32'00000000000000000000000000000010.
Using template DFFC_$abc9_byp for cells of type DFFC_$abc9_byp.
Using template DFFP_$abc9_byp for cells of type DFFP_$abc9_byp.
No more expansions possible.
<suppressed ~4066 debug messages>
Removed 466 unused cells and 130187 unused wires.

20.45. Executing TECHMAP pass (map to technology primitives).

20.45.1. Executing Verilog-2005 frontend: /home/haruhiko/Program/PSC_RV32I/PSC-ONE/hardware/sim/yosys/build/share/gowin/cells_map.v
Parsing Verilog input from `/home/haruhiko/Program/PSC_RV32I/PSC-ONE/hardware/sim/yosys/build/share/gowin/cells_map.v' to AST representation.
Generating RTLIL representation for module `$_DFF_N_'.
Generating RTLIL representation for module `$_DFF_P_'.
Generating RTLIL representation for module `$_DFFE_PP_'.
Generating RTLIL representation for module `$_DFFE_NP_'.
Generating RTLIL representation for module `$_SDFF_PP0_'.
Generating RTLIL representation for module `$_SDFF_NP0_'.
Generating RTLIL representation for module `$_SDFFE_PP0P_'.
Generating RTLIL representation for module `$_SDFFE_NP0P_'.
Generating RTLIL representation for module `$_SDFF_PP1_'.
Generating RTLIL representation for module `$_SDFF_NP1_'.
Generating RTLIL representation for module `$_SDFFE_PP1P_'.
Generating RTLIL representation for module `$_SDFFE_NP1P_'.
Generating RTLIL representation for module `$_DFF_PP1_'.
Generating RTLIL representation for module `$_DFF_NP1_'.
Generating RTLIL representation for module `$_DFF_PP0_'.
Generating RTLIL representation for module `$_DFF_NP0_'.
Generating RTLIL representation for module `$_DFFE_PP1P_'.
Generating RTLIL representation for module `$_DFFE_NP1P_'.
Generating RTLIL representation for module `$_DFFE_PP0P_'.
Generating RTLIL representation for module `$_DFFE_NP0P_'.
Generating RTLIL representation for module `$lut'.
Successfully finished Verilog frontend.

20.45.2. Continuing TECHMAP pass.
Using template $paramod$lut\WIDTH=32'00000000000000000000000000000010\LUT=4'1000 for cells of type $lut.
Using template $paramod$lut\WIDTH=32'00000000000000000000000000000010\LUT=4'0010 for cells of type $lut.
Using template $paramod$1241d759e3df4cac11dc7c99c36b0d1b07f7a673$lut for cells of type $lut.
Using template $paramod$lut\WIDTH=32'00000000000000000000000000000011\LUT=8'10010000 for cells of type $lut.
Using template $paramod$b40080b643baa8bb528ec249e10d82b2d80dfed9$lut for cells of type $lut.
Using template $paramod$lut\WIDTH=32'00000000000000000000000000000010\LUT=4'0100 for cells of type $lut.
Using template $paramod$c6a1f9ea79b7bb1672d5d3c63312684d0f3defb6$lut for cells of type $lut.
Using template $paramod$7d35f3eb4056e6484203c99fe42cfcf1dfaba704$lut for cells of type $lut.
Using template $paramod$b4410865e8124402796f9dfbf73ef8d279fdbd08$lut for cells of type $lut.
Using template $paramod$549a24c0b77071744eefd28bf11342e15d6bc181$lut for cells of type $lut.
Using template $paramod$b287726797d0722f64e731f1134f7c05af8f1578$lut for cells of type $lut.
Using template $paramod$b424223c39cb509749e5cec0c2d24d71f0cb5cad$lut for cells of type $lut.
Using template $paramod$571404c0889eaf57f492cb5e37f8acb5df5852f9$lut for cells of type $lut.
Using template $paramod$234fd643079033ba0cbc98ff572df9b7b7a0dc86$lut for cells of type $lut.
Using template $paramod$9851cb11f88bbbf4a516c0595f3b0113b1f100c4$lut for cells of type $lut.
Using template $paramod$32ccf65669c41e1e3bce1f16051f6d60ad96a2a0$lut for cells of type $lut.
Using template $paramod$233b70872b0d11ad6386b65bc4d8864ac02395bb$lut for cells of type $lut.
Using template $paramod$8d7a8d6e3356de09670738ba85f2c6b874f6b06d$lut for cells of type $lut.
Using template $paramod$df196ed0a1da5c4a58c5e08a1dac304fd3fccaab$lut for cells of type $lut.
Using template $paramod$cad45b6c9da81941161a13849773fe2ed4bc1c6f$lut for cells of type $lut.
Using template $paramod$bdd0743498c1b082701359850a99d6fbd624c0dd$lut for cells of type $lut.
Using template $paramod$lut\WIDTH=32'00000000000000000000000000000011\LUT=8'10110000 for cells of type $lut.
Using template $paramod$251994398653c4cf8de320f1e306e535d5d2d624$lut for cells of type $lut.
Using template $paramod$21cc6457f9fd5ca6a5f2bc9b74e2cabd4ccc450b$lut for cells of type $lut.
Using template $paramod$lut\WIDTH=32'00000000000000000000000000000010\LUT=4'1110 for cells of type $lut.
Using template $paramod$359fe4e746656bf9c72aecaff84fc7bdea9f55a5$lut for cells of type $lut.
Using template $paramod$017d8c8b5f8f0bd543e7b1e7d026dcb67424a519$lut for cells of type $lut.
Using template $paramod$272652f6c6fbe9a75eff76e45cc7e2788835518b$lut for cells of type $lut.
Using template $paramod$lut\WIDTH=32'00000000000000000000000000000011\LUT=8'01000000 for cells of type $lut.
Using template $paramod$lut\WIDTH=32'00000000000000000000000000000011\LUT=8'10000000 for cells of type $lut.
Using template $paramod$364c9ffbffac467d60dfec81bba4e18476c15602$lut for cells of type $lut.
Using template $paramod$a50be0e6fa3a01511bb234559cb74fb8bd3e2061$lut for cells of type $lut.
Using template $paramod$91cf3b8946a6c260321b0156c1a86ce6a2bf132f$lut for cells of type $lut.
Using template $paramod$3e63470ea7a06b3eefdfb990254dd83d20fa13a7$lut for cells of type $lut.
Using template $paramod$lut\WIDTH=32'00000000000000000000000000000010\LUT=4'0001 for cells of type $lut.
Using template $paramod$6e238df02989b317f10820a22773676e71120644$lut for cells of type $lut.
Using template $paramod$6a9b42dd2737c91073e6a695b8ac858c4a8587d7$lut for cells of type $lut.
Using template $paramod$lut\WIDTH=32'00000000000000000000000000000011\LUT=8'00000010 for cells of type $lut.
Using template $paramod$0f52647588235a7349ddd3f3432c9ac1e33ad9e1$lut for cells of type $lut.
Using template $paramod$18fa685a8cdb30eb6c664aa12d728a07c3fe94f1$lut for cells of type $lut.
Using template $paramod$65d5d5c1e01bf41ee659754efba932f3d99198e5$lut for cells of type $lut.
Using template $paramod$2d07c1a6c53c7b878509360922c4fa5ebedc3011$lut for cells of type $lut.
Using template $paramod$2382b0dd4cb27fd4312681c40a6dd179c2a7a26a$lut for cells of type $lut.
Using template $paramod$6d6beead1425af15cf78b27fd9b11b41b5d4bce8$lut for cells of type $lut.
Using template $paramod$lut\WIDTH=32'00000000000000000000000000000011\LUT=8'01101001 for cells of type $lut.
Using template $paramod$a47fa4e0fee43b4c8b359b05b04c6d9a7f2997b4$lut for cells of type $lut.
Using template $paramod$lut\WIDTH=32'00000000000000000000000000000011\LUT=8'10101110 for cells of type $lut.
Using template $paramod$a9a0d3da8e2570975000fd954dff796c3807df01$lut for cells of type $lut.
Using template $paramod$20aecb9a781743d0e93608b1c1e7d62ffc3a69a9$lut for cells of type $lut.
Using template $paramod$101238f3d8d49ab12a9b49a2f01cd503b26e9c61$lut for cells of type $lut.
Using template $paramod$88a106be73851c7a5d1740739afdb4dbd65330dc$lut for cells of type $lut.
Using template $paramod$lut\WIDTH=32'00000000000000000000000000000011\LUT=8'00000001 for cells of type $lut.
Using template $paramod$2053f8b25c48342a3aa1c7d71b0b276989d6ab17$lut for cells of type $lut.
Using template $paramod$c008a0e04a619fae7dc24ad8d9ced1ac0a77c787$lut for cells of type $lut.
Using template $paramod$658b9ed803f0d3d335616d3858b53e0a2522f1e8$lut for cells of type $lut.
Using template $paramod$98af7b9f15f9bcb2cf337070e28618f9acd3dbc6$lut for cells of type $lut.
Using template $paramod$c9355c14671e8569b2b55b2828d4fd95591ab987$lut for cells of type $lut.
Using template $paramod$b97e0daea39d6f046341bf61a3ae1e8057930a27$lut for cells of type $lut.
Using template $paramod$7562591c3bc7c6604ad78ee509201bbf2678b52a$lut for cells of type $lut.
Using template $paramod$c362ad8dedc7d166ed978091aca319ab1e81a2d4$lut for cells of type $lut.
Using template $paramod$873c285bdccf0ac2b60d2304ea5cd14bf211d2a6$lut for cells of type $lut.
Using template $paramod$ddace04fba544e6adc4cdda6a50048ddd7c111af$lut for cells of type $lut.
Using template $paramod$525425bfbe66d72ee88210d059d9a74f55ab8de8$lut for cells of type $lut.
Using template $paramod$64bf9dd42b805c2539271cbde68150c459ab38d7$lut for cells of type $lut.
Using template $paramod$f8f63b209b7230e81958663ff24fef1613156af7$lut for cells of type $lut.
Using template $paramod$5455e102e4f2cda63886cdec332098ec6d1e8eb6$lut for cells of type $lut.
Using template $paramod$ac900b499a04baaa5fb1f01d5be3931f444eb51c$lut for cells of type $lut.
Using template $paramod$8e44661def013b6bf9fe6f8b049ef2c838d749f9$lut for cells of type $lut.
Using template $paramod$a61894994cd9adb292c475bc561ef555f5281b8f$lut for cells of type $lut.
Using template $paramod$lut\WIDTH=32'00000000000000000000000000000011\LUT=8'00001110 for cells of type $lut.
Using template $paramod$lut\WIDTH=32'00000000000000000000000000000011\LUT=8'11011000 for cells of type $lut.
Using template $paramod$lut\WIDTH=32'00000000000000000000000000000011\LUT=8'11010000 for cells of type $lut.
Using template $paramod$49f93da3bc72e2487024a93848b25121b5791efb$lut for cells of type $lut.
Using template $paramod$b254004e52e31d6991f04f6113897c64fa1650ce$lut for cells of type $lut.
Using template $paramod$lut\WIDTH=32'00000000000000000000000000000011\LUT=8'00000100 for cells of type $lut.
Using template $paramod$lut\WIDTH=32'00000000000000000000000000000011\LUT=8'01000111 for cells of type $lut.
Using template $paramod$9e354de8d358bf081aa0c089488ea3bc5b7c2fd9$lut for cells of type $lut.
Using template $paramod$c1a19a87ccbbb03d43a72335db63f692ddf82cc1$lut for cells of type $lut.
Using template $paramod$lut\WIDTH=32'00000000000000000000000000000011\LUT=8'11001010 for cells of type $lut.
Using template $paramod$064d521d83642b87d3856fae3463aaf3f19a55bd$lut for cells of type $lut.
Using template $paramod$088ada469cd921cbd73626d3022f20b63b4b0ce1$lut for cells of type $lut.
Using template $paramod$lut\WIDTH=32'00000000000000000000000000000011\LUT=8'11000100 for cells of type $lut.
Using template $paramod$6abb3d72173d52349fa1ad8c19ac9e12694ba824$lut for cells of type $lut.
Using template $paramod$c471af5667a682bd131a5b479e58e470d1b2b7cd$lut for cells of type $lut.
Using template $paramod$e51a8a571bee774247b38f52d6e85fd62ae52cea$lut for cells of type $lut.
Using template $paramod$lut\WIDTH=32'00000000000000000000000000000011\LUT=8'00000111 for cells of type $lut.
Using template $paramod$lut\WIDTH=32'00000000000000000000000000000011\LUT=8'11101100 for cells of type $lut.
Using template $paramod$47d363ae7b1a0e81207e02fe31af85b6bf36a2ac$lut for cells of type $lut.
Using template $paramod$lut\WIDTH=32'00000000000000000000000000000011\LUT=8'01001111 for cells of type $lut.
Using template $paramod$15efa44280f2a77bf023b68f95d9df5681d9dd99$lut for cells of type $lut.
Using template $paramod$lut\WIDTH=32'00000000000000000000000000000011\LUT=8'00111011 for cells of type $lut.
Using template $paramod$cad8f5c808e91f937dcf797b89e646787b39867a$lut for cells of type $lut.
Using template $paramod$766f851776a2d25e13728c9147ddfe7ff70917a3$lut for cells of type $lut.
Using template $paramod$82673390559c31c5c254e2af437fb96468de985d$lut for cells of type $lut.
Using template $paramod$fdf0e07d2c9b8f2818ceb289727e70c33a92be0e$lut for cells of type $lut.
Using template $paramod$lut\WIDTH=32'00000000000000000000000000000011\LUT=8'11110010 for cells of type $lut.
Using template $paramod$eaea85d27cc0950ed001348e061727a194f5cf9c$lut for cells of type $lut.
Using template $paramod$a1cfe99817bd6d57a83efd5e1c3fc26a743b692f$lut for cells of type $lut.
Using template $paramod$lut\WIDTH=32'00000000000000000000000000000011\LUT=8'00011111 for cells of type $lut.
Using template $paramod$lut\WIDTH=32'00000000000000000000000000000011\LUT=8'11110100 for cells of type $lut.
Using template $paramod$19457468c03b53ec09024ada785c6816b7d0407d$lut for cells of type $lut.
Using template $paramod$lut\WIDTH=32'00000000000000000000000000000011\LUT=8'00001000 for cells of type $lut.
Using template $paramod$lut\WIDTH=32'00000000000000000000000000000011\LUT=8'00100000 for cells of type $lut.
Using template $paramod$4e7bd8d60e46d3c55781afa359a265eb1ced5243$lut for cells of type $lut.
Using template $paramod$lut\WIDTH=32'00000000000000000000000000000011\LUT=8'11100000 for cells of type $lut.
Using template $paramod$47a8214374025465e226fa66bee690ff33268a25$lut for cells of type $lut.
Using template $paramod$dd860dc915df955be7c55367504d6e99660c7b0b$lut for cells of type $lut.
Using template $paramod$lut\WIDTH=32'00000000000000000000000000000011\LUT=8'11101111 for cells of type $lut.
Using template $paramod$7bb6a37e65823eeb4b38c370fec30ab082759a14$lut for cells of type $lut.
Using template $paramod$59f2a3e232df3029c8bc36978b9bbe72a71dfb5a$lut for cells of type $lut.
Using template $paramod$9bdc414229f06e785dc8fd97a243faa9336e164a$lut for cells of type $lut.
Using template $paramod$648d5b3c4c08a2b5e6752f60f9134dd7da5b02b9$lut for cells of type $lut.
Using template $paramod$c28a8b7ce0535d090c4cfb52e9c74affd52b110c$lut for cells of type $lut.
Using template $paramod$lut\WIDTH=32'00000000000000000000000000000011\LUT=8'00101111 for cells of type $lut.
Using template $paramod$lut\WIDTH=32'00000000000000000000000000000010\LUT=4'0111 for cells of type $lut.
Using template $paramod$lut\WIDTH=32'00000000000000000000000000000011\LUT=8'11100100 for cells of type $lut.
Using template $paramod$de273d25f15c0e35d4108e94f7e3bd92c2e83118$lut for cells of type $lut.
Using template $paramod$f9b9f1cbd00203481f89f5b6fba172368b8c6ec8$lut for cells of type $lut.
Using template $paramod$6f5e0a907ea3b99cc1f8fb9410a23284c6161e2e$lut for cells of type $lut.
Using template $paramod$7ab9923d0deb8740481299bdce75fcc867b60bf9$lut for cells of type $lut.
Using template $paramod$5ebf07799ccb2b63d787d8ef38b36f220c39918c$lut for cells of type $lut.
Using template $paramod$5e9374f44a27c3f8a1c38af244ec43ceb4fb8d4f$lut for cells of type $lut.
Using template $paramod$38400b76de2b00d7d5f8f09de118b82fd1b8be0a$lut for cells of type $lut.
Using template $paramod$43b0747bc42dcbceae57f8d4249385f3c971ed93$lut for cells of type $lut.
Using template $paramod$ec3f27bc5b38dcc226e96aa386e36444a73293b5$lut for cells of type $lut.
Using template $paramod$lut\WIDTH=32'00000000000000000000000000000011\LUT=8'00100111 for cells of type $lut.
Using template $paramod$lut\WIDTH=32'00000000000000000000000000000011\LUT=8'01110000 for cells of type $lut.
Using template $paramod$137eb5a4f81b37e0662c86380ec06b882a77b1ef$lut for cells of type $lut.
Using template $paramod$c396810659ce3e836f5b3844ee8af5f00267813b$lut for cells of type $lut.
Using template $paramod$f9813472aa48e533b3838c6f2316dc2e78c66111$lut for cells of type $lut.
Using template $paramod$lut\WIDTH=32'00000000000000000000000000000011\LUT=8'00010000 for cells of type $lut.
Using template $paramod$9f6bc32305fc769fa11e4327bee073e3fbe84018$lut for cells of type $lut.
Using template $paramod$eba7de026ff587370e320127e266317dae097a89$lut for cells of type $lut.
Using template $paramod$lut\WIDTH=32'00000000000000000000000000000011\LUT=8'00110101 for cells of type $lut.
Using template $paramod$7568f250845f5e48a2bf43bb4313f99f56645f84$lut for cells of type $lut.
Using template $paramod$f55f4b90ec8e3e648d5c29eab1fa5ddd64b3f973$lut for cells of type $lut.
Using template $paramod$6b7c9c56fc2a32a479d463d5f3b0d3f4673b67f1$lut for cells of type $lut.
Using template $paramod$f20b2ac9e8403e32b318cb1da15d5b49822af164$lut for cells of type $lut.
Using template $paramod$153c6cdaaddbc43e6ef3facd06aa851de33910ae$lut for cells of type $lut.
Using template $paramod$17c27ffdda03355f95b2ba5edc73ca082237c935$lut for cells of type $lut.
Using template $paramod$lut\WIDTH=32'00000000000000000000000000000011\LUT=8'10101000 for cells of type $lut.
Using template $paramod$6f3f060a82077d7722793a80a7f81ffcda8e7f4d$lut for cells of type $lut.
Using template $paramod$lut\WIDTH=32'00000000000000000000000000000011\LUT=8'00110001 for cells of type $lut.
Using template $paramod$5b4b4ed558983d9f3ab4c896a7a011d129b0db9a$lut for cells of type $lut.
Using template $paramod$7e20acef13bb7ee436ba963e52c62d75e6221a80$lut for cells of type $lut.
Using template $paramod$adb84e058b0f32ce56f004e6ffa19883ace75fc0$lut for cells of type $lut.
Using template $paramod$10e49d2f1e8089c525a2d7c7727c3cd97821c76c$lut for cells of type $lut.
Using template $paramod$2b2b3565ec13859d2b24f2fa297fa46249270140$lut for cells of type $lut.
Using template $paramod$168aeef333136ff4f1f2ce3a62c8b6d1ffc7dc28$lut for cells of type $lut.
Using template $paramod$61c4cbf8581170b67138b98e32863cf2de767f72$lut for cells of type $lut.
Using template $paramod$lut\WIDTH=32'00000000000000000000000000000011\LUT=8'01101100 for cells of type $lut.
Using template $paramod$lut\WIDTH=32'00000000000000000000000000000011\LUT=8'10100010 for cells of type $lut.
Using template $paramod$4d9437f28ee827cf4006287c53ecaa1266100fca$lut for cells of type $lut.
Using template $paramod$a988852add2bdce7c1dfac786401ba7c7bc832c1$lut for cells of type $lut.
Using template $paramod$1843b3c15f2447d117e2d5de9b00f791ef5f9fa3$lut for cells of type $lut.
Using template $paramod$fc2d00b85cc0b52fc96a78c37cedffc80ff04080$lut for cells of type $lut.
Using template $paramod$316a80854e4e81b9a9ad78bbddcbf2f8da9893f1$lut for cells of type $lut.
Using template $paramod$e54349d9a634ecff5f53629ed023a0262d334efb$lut for cells of type $lut.
Using template $paramod$94d2f1f461ef911482e15efdba185521de732c99$lut for cells of type $lut.
Using template $paramod$332a399730bfc61adea04021a76b1c4e4030f37d$lut for cells of type $lut.
Using template $paramod$lut\WIDTH=32'00000000000000000000000000000011\LUT=8'10101100 for cells of type $lut.
Using template $paramod$2014354416722209de7d48370ab008bc2278a034$lut for cells of type $lut.
Using template $paramod$a05170b3f2d3fcb0bf88d37e810984e864962880$lut for cells of type $lut.
Using template $paramod$a1d323730045824cfc84bb9f4ee8031f1c4dcc9e$lut for cells of type $lut.
Using template $paramod$2ea69c779d6c1b79ac5a87b0d1523c67d5628dba$lut for cells of type $lut.
Using template $paramod$41c7b5613b9c5e9a2ba5076319c213014d5015d3$lut for cells of type $lut.
Using template $paramod$fe4be41ca99978dcdb8f8c64fa471e60bfede3a5$lut for cells of type $lut.
Using template $paramod$62e34d236b5cf9e50e7481784c0097067a15fba4$lut for cells of type $lut.
Using template $paramod$c8c2f45d9083177b70913b41d4370d01f048f309$lut for cells of type $lut.
Using template $paramod$bfb5ab3a19686520a4dbcd8c95866876c0b1e94a$lut for cells of type $lut.
Using template $paramod$fdcae86fcfd036c1880a04306ae771a9d7579c31$lut for cells of type $lut.
Using template $paramod$aec19cfe281ef64070e6d886f61e514738c151c3$lut for cells of type $lut.
Using template $paramod$9f677d578ecfdb7840a8908616cfaf32846c4c7e$lut for cells of type $lut.
Using template $paramod$50ae037bea16070af222263fc6c06efd57346ae1$lut for cells of type $lut.
Using template $paramod$8512f4fb47fa9596f76cdbe5b407a5b54df368e7$lut for cells of type $lut.
Using template $paramod$6b6f761adca8eb5ddd7da1fd1b9446b71383e407$lut for cells of type $lut.
Using template $paramod$1f575543d734f2d93dfcc8f91b30fb001334bb95$lut for cells of type $lut.
Using template $paramod$d7ec878ecfa8f5f7604d3e91692b5d4c2ee758ad$lut for cells of type $lut.
Using template $paramod$efa87d16d31dcff6e90739471fed729a161079c1$lut for cells of type $lut.
Using template $paramod$f3ada871809f362efd8eb0c4fb952bb5c98f0750$lut for cells of type $lut.
Using template $paramod$ce5c75e8689d86a2284735e9b1aaaf5cc40b83d5$lut for cells of type $lut.
Using template $paramod$da98d9e875932ba6a280d468e3b5f7014491d245$lut for cells of type $lut.
Using template $paramod$c3824456c6ddd3b93155b4eb311090c2022b4594$lut for cells of type $lut.
Using template $paramod$756d59461b5f5d8d55264c1bee5c670af4220275$lut for cells of type $lut.
Using template $paramod$00ac4aed4342e779b085d633e930287e40c108df$lut for cells of type $lut.
Using template $paramod$8da769980acf217c1853bc70dc457359aaba97cd$lut for cells of type $lut.
Using template $paramod$lut\WIDTH=32'00000000000000000000000000000011\LUT=8'11100010 for cells of type $lut.
Using template $paramod$ff05785cf4c2405b4031fe11a4b329b0d701ff79$lut for cells of type $lut.
Using template $paramod$0c822c65361ce832091b6c90f1a02f1ee0b109d4$lut for cells of type $lut.
Using template $paramod$6d05ee5be4fbc817e6482b590e1831ddde15ffbe$lut for cells of type $lut.
Using template $paramod$7425d6b117f514d343b9172026ed9ca0b449e677$lut for cells of type $lut.
Using template $paramod$9b39edf2b4be36681a7ce473537f2a556c611cd6$lut for cells of type $lut.
Using template $paramod$018d71a0fe325d6362687fe53ac13dd6340e400d$lut for cells of type $lut.
Using template $paramod$c4af7f2c88559dab5f19c52110f1d82cb05f465f$lut for cells of type $lut.
Using template $paramod$70a6f8b5e7c26d543ee5df54b2e21d28a007a4bc$lut for cells of type $lut.
Using template $paramod$0079324da11d2f78abfe97890ea41133196e94ad$lut for cells of type $lut.
Using template $paramod$57cb949512d9233b81b9458f6b34fdb7f1d16bb1$lut for cells of type $lut.
Using template $paramod$9a6dd4ade5155328254b56c204046aa5d03d4faf$lut for cells of type $lut.
Using template $paramod$fa74a0c88139affb36a9520a3f8eeccd214333ad$lut for cells of type $lut.
Using template $paramod$8c24dc0cdd336b7fb88bbf7eed45cec5cbae862b$lut for cells of type $lut.
Using template $paramod$f3e1547c4b47e64c590e75cf09078b2507c8cc75$lut for cells of type $lut.
Using template $paramod$lut\WIDTH=32'00000000000000000000000000000011\LUT=8'11101010 for cells of type $lut.
Using template $paramod$eaacf9809ed87d6f801a5466f6f5f3d660730e88$lut for cells of type $lut.
Using template $paramod$e49f6e3576ef1a6d2f58c54414dbb786af8cc869$lut for cells of type $lut.
Using template $paramod$b45e5cb971154e30a797eecb0461619c3eeae12d$lut for cells of type $lut.
Using template $paramod$9e394303e290a474880b56f98766417009256d93$lut for cells of type $lut.
Using template $paramod$053427f7f5ea07d59a8194fc808f0dbdb8dee48b$lut for cells of type $lut.
Using template $paramod$ac4dbf6d9af8c1ea86e43bcba9659ac4ce44cf9c$lut for cells of type $lut.
Using template $paramod$a5516fc31d1e552de2435200bb732b4d4ad63a9c$lut for cells of type $lut.
Using template $paramod$4e09fb85ad5980549134c5674f63e37de31e60bc$lut for cells of type $lut.
Using template $paramod$5f892cbccc8e0b846db30004f6a576906c92120c$lut for cells of type $lut.
Using template $paramod$43779580bfffd5d5a9f321249a174febf1dac288$lut for cells of type $lut.
Using template $paramod$f056b3cf42701dfc7f540d463578d46c622fe830$lut for cells of type $lut.
Using template $paramod$992bdc10cff2c6edd722994f0e1044bc863f79f7$lut for cells of type $lut.
Using template $paramod$b86b68a00733dbecb31d58a14a13683475a2002a$lut for cells of type $lut.
Using template $paramod$782961deb8dc512aef835b73aa3765da3ab3c15c$lut for cells of type $lut.
Using template $paramod$810e0f22d547104f8208898922f6ac2444aeece7$lut for cells of type $lut.
Using template $paramod$fca001e3e0b52158a872e76e56c01ec10dfbb1de$lut for cells of type $lut.
Using template $paramod$09aa9417fd88913fc6bc6c592566d96eaea6c5a3$lut for cells of type $lut.
Using template $paramod$904c124329d6be71f57732173a0941a3a8dc700b$lut for cells of type $lut.
Using template $paramod$lut\WIDTH=32'00000000000000000000000000000011\LUT=8'11111000 for cells of type $lut.
Using template $paramod$22401499cdd44f3533d03c4b246566376c46a67b$lut for cells of type $lut.
Using template $paramod$8f57cd70abb82f54e0913f9a888c1eabb8bdef77$lut for cells of type $lut.
Using template $paramod$0a2e15861925234a0b75705adbd89b1bf1e4fc97$lut for cells of type $lut.
Using template $paramod$f503ae6dd13af4ce255f26a38c5b2bb42d3444fc$lut for cells of type $lut.
Using template $paramod$27b9fef8ac0ecc4ceedd1c98c3d8cc78581f9415$lut for cells of type $lut.
Using template $paramod$11ec7271d8e6e5aeaace08c13e4c601f10e31038$lut for cells of type $lut.
Using template $paramod$a15fd389a2f54cb7b94707b25934d226e68d9e2e$lut for cells of type $lut.
Using template $paramod$75f3374828b48086585f04f99e54e3ec5da21772$lut for cells of type $lut.
Using template $paramod$lut\WIDTH=32'00000000000000000000000000000011\LUT=8'00001011 for cells of type $lut.
Using template $paramod$59588e43ce1b66a08ee96b9ebd30b356b86435c0$lut for cells of type $lut.
Using template $paramod$05ee258efa1b2fc2faec31cd1366da9e52b16ffe$lut for cells of type $lut.
Using template $paramod$bfdad4442e7d2db36ff38fb4eb2d12a06f3cdd02$lut for cells of type $lut.
Using template $paramod$c5f3c57a6d466a2f42208bafb8985b96ce884440$lut for cells of type $lut.
Using template $paramod$fa0c6448977a3fa355e005a1d2136b2edf93470a$lut for cells of type $lut.
Using template $paramod$30305e55a780880b9c824fe3509a4d981acb0f2b$lut for cells of type $lut.
Using template $paramod$a02b6a4cc1c8f908261f4b32370979aaf793731a$lut for cells of type $lut.
Using template $paramod$575b200168b9e109c2ed99df4359056f2c6696ac$lut for cells of type $lut.
Using template $paramod$608f40069c27841a5b3bdf03643a34bdc8974072$lut for cells of type $lut.
Using template $paramod$5afdc7428159757eedf89ce514f7efa32b31c8e7$lut for cells of type $lut.
Using template $paramod$c5966e98773f1c185668bb7f5b6385d25e498be1$lut for cells of type $lut.
Using template $paramod$8e372f228d23a3492ef5dd0b49f18bb5aa6a661f$lut for cells of type $lut.
Using template $paramod$2d94117999fd86b6337b22e5e2a118c02b925902$lut for cells of type $lut.
Using template $paramod$2611d34d8522222788bb46b9d77699d670bf198c$lut for cells of type $lut.
Using template $paramod$3702268f692b8bf258e428f65d3bca4e1f76d98b$lut for cells of type $lut.
Using template $paramod$6120fbe528207a7271481c3d22c0d57b8e6c1c25$lut for cells of type $lut.
Using template $paramod$lut\WIDTH=32'00000000000000000000000000000011\LUT=8'00100011 for cells of type $lut.
Using template $paramod$f9c39d2fd312a11ad2ece96904742ecf7236a0e2$lut for cells of type $lut.
Using template $paramod$lut\WIDTH=32'00000000000000000000000000000011\LUT=8'11001110 for cells of type $lut.
Using template $paramod$56e6d8a28a52006bb4e50e077743f0a2163235af$lut for cells of type $lut.
Using template $paramod$e96913eb14d58c1ec1047a1c7e88dc30cc0422b6$lut for cells of type $lut.
Using template $paramod$16894c241be5ea1f024e9339dea788b4dbe184ae$lut for cells of type $lut.
Using template $paramod$18df3812bc12364e5ebcb6c3ed05c0294e4c26fc$lut for cells of type $lut.
Using template $paramod$e2d96f36ef28053ecd27167cd95b944485ac3146$lut for cells of type $lut.
Using template $paramod$085cb83d0db09780ae5aa544a0f286ba9445143f$lut for cells of type $lut.
Using template $paramod$c24ed72ebb67e9ead6029e42e909ef7fc0abbb11$lut for cells of type $lut.
Using template $paramod$afddf753bc06379024ae15bcee2a9be2a1e56428$lut for cells of type $lut.
Using template $paramod$59848369e5f408d15e0c8c710ff689c98ce02999$lut for cells of type $lut.
Using template $paramod$lut\WIDTH=32'00000000000000000000000000000011\LUT=8'10111010 for cells of type $lut.
Using template $paramod$e6b62369302e1a57b32042fd2a7836dbed452325$lut for cells of type $lut.
Using template $paramod$179512a187da069f3b79ef6612a41e494e7d54b6$lut for cells of type $lut.
Using template $paramod$bc1b4015629668c115fec1f5621f3fd04d0d4422$lut for cells of type $lut.
Using template $paramod$758b4222337a03385771850572021957248fd9a2$lut for cells of type $lut.
Using template $paramod$lut\WIDTH=32'00000000000000000000000000000010\LUT=4'1101 for cells of type $lut.
Using template $paramod$cb1cae1d769d1725019074d13c68aa9b421d6b1d$lut for cells of type $lut.
Using template $paramod$facdc3a0a713586f782b485381f6b75218644344$lut for cells of type $lut.
Using template $paramod$2766a5474671ce15b31d4ca5775340eaf9a0c604$lut for cells of type $lut.
Using template $paramod$097592bb16245531f0716c5ddb18d7090f9c7d9d$lut for cells of type $lut.
Using template $paramod$584e4a38268562e2142ef24a574198cdf8d42be8$lut for cells of type $lut.
Using template $paramod$7ccb46ee9b56c39e0a7d82a185b08cb026e04fbc$lut for cells of type $lut.
Using template $paramod$8cc1cfa7fb4903f15d364ea010ef6bf89e6983b8$lut for cells of type $lut.
Using template $paramod$e51648591bee63e59d7dba273a1f34c052ffbcb3$lut for cells of type $lut.
Using template $paramod$af9afa97a86ed965cd3ddb88f85a3c26bc8c150b$lut for cells of type $lut.
Using template $paramod$d6a246575d0ba3dcbbccd768ad41b602f82ff057$lut for cells of type $lut.
Using template $paramod$5a7cb60a3b0f1540de23dd079761800656ad1380$lut for cells of type $lut.
Using template $paramod$deb8ccb1b1693a0c3b7880fbfdb7111e4eb6a3e3$lut for cells of type $lut.
Using template $paramod$620940ed3b6354118c928782aa33a41ec1c4b97e$lut for cells of type $lut.
Using template $paramod$caa7250968ac8bae0c5edf0a2f5799e8c51ee847$lut for cells of type $lut.
Using template $paramod$c5f689f2cc5714dbcb5935134009503adac12228$lut for cells of type $lut.
Using template $paramod$f5f41ee5d60dede31a2b59f58ec46b167939d713$lut for cells of type $lut.
Using template $paramod$5358084ba3382ef3534f9000e304ee7828ae99e8$lut for cells of type $lut.
Using template $paramod$55290dc5b2d325b1a51b6c31876bbb759b0b4b79$lut for cells of type $lut.
Using template $paramod$cf652acbfbf67d2248e3045cd0f09c58ca55886c$lut for cells of type $lut.
Using template $paramod$027a94e10ce038e863529547aef57aad8717e4f7$lut for cells of type $lut.
Using template $paramod$454e59632667e20eb4cf56d8ee01df45f9a10f81$lut for cells of type $lut.
Using template $paramod$a03fbc1b972bea5ce28b0e77c8fea07ed54314ff$lut for cells of type $lut.
Using template $paramod$5fd25e2f91b2099ffecf5b49b99cc225361fcd7f$lut for cells of type $lut.
Using template $paramod$b691c0f75dbca22ed00abd48815a6ca23e3b1d16$lut for cells of type $lut.
Using template $paramod$89c72ec49bde35da437f8c204ba3f7ff92c24ae9$lut for cells of type $lut.
Using template $paramod$85254d29132058a1fe9c73b2ef780c01bc206579$lut for cells of type $lut.
Using template $paramod$36c6711b244bacc36bc172d745e201e3ca09505f$lut for cells of type $lut.
Using template $paramod$9982a995908da8c9326bab3f4301aac45b3f8390$lut for cells of type $lut.
Using template $paramod$527ddc710e6e530e9706a3399c7d6194fe49b5e1$lut for cells of type $lut.
Using template $paramod$1b21bfe3f0f701f19b91b9d9f4b2cb25c52e0379$lut for cells of type $lut.
Using template $paramod$7ccdf98f9c57bd9956f5b5e1da6a5592a244087c$lut for cells of type $lut.
Using template $paramod$8b81775fb73b10ccf3a57c39fc26126ef8a47ddb$lut for cells of type $lut.
Using template $paramod$ef1a1724303b83e68cf559fac460cf5b41678613$lut for cells of type $lut.
Using template $paramod$987d4c6b9265ec278a119d59a96dbc9e6ffc65bc$lut for cells of type $lut.
Using template $paramod$dcfdb3fa71ceb378dfa1144ba1a0c85ecb1f4699$lut for cells of type $lut.
Using template $paramod$d5b95ef1c89d834e3e72966caf0c9ff97c5cfa95$lut for cells of type $lut.
Using template $paramod$077f0a484d58dac4e3c69c4cba040f8b2cba23bf$lut for cells of type $lut.
Using template $paramod$fef56f84e67733df8b69decc4c062947188ee7d4$lut for cells of type $lut.
Using template $paramod$298457b410a99c68e9ccb530c11cad94a1ddcacc$lut for cells of type $lut.
Using template $paramod$c79843a7a21eda73c585e76a35dd51b0a4d6fd36$lut for cells of type $lut.
Using template $paramod$2f23ee9496edbb044d48f324aa9a472e448048c6$lut for cells of type $lut.
Using template $paramod$6d7cc275871d0ceead401cadfae2ff1124665ec4$lut for cells of type $lut.
Using template $paramod$d964a061002df8c8c5a99fc130263c7339c1f128$lut for cells of type $lut.
Using template $paramod$c581f6382c881129fac55eec32fe31b4c289a2e5$lut for cells of type $lut.
Using template $paramod$df6b12cebabc3b2db650658c5e894d03a346e968$lut for cells of type $lut.
Using template $paramod$4c0221505c29b55a66f4801128a7e9ab143964dc$lut for cells of type $lut.
Using template $paramod$4b23d751b3e1d7cde9cd1766bf20ceee12e38a3d$lut for cells of type $lut.
Using template $paramod$46a64e40864a1f47f66c52ab5959b931c09ae0c4$lut for cells of type $lut.
Using template $paramod$d2a1a3b18350dd0754abc41ae3ec8d880a85d26a$lut for cells of type $lut.
Using template $paramod$ac977fdb827743bc5fe009760f4eb846eab5907d$lut for cells of type $lut.
Using template $paramod$896ed47860542f5b317e8ecb6db17e90c36ffa18$lut for cells of type $lut.
Using template $paramod$bba54c1ef87367812b4c15f4aed5ac70773df775$lut for cells of type $lut.
Using template $paramod$b009a26b33c3ca109c016cf968a774c0d66687bb$lut for cells of type $lut.
Using template $paramod$f8d1fae558296452d745cd8313d30c321cede540$lut for cells of type $lut.
Using template $paramod$9abf91ce523fc33103b2cbf03d589b0a32225945$lut for cells of type $lut.
Using template $paramod$eb117e6cc6cf95759acbf9d33d7a66af3bc722fb$lut for cells of type $lut.
Using template $paramod$be48d952fcad8a16b8d84daa4c48a3065f343e5e$lut for cells of type $lut.
Using template $paramod$bbf8c65f00b09f2cf68e6ca5410fa9a0c7a5e2b9$lut for cells of type $lut.
Using template $paramod$2e0fd651ab536ddf2afd30af26b1a2532281e83a$lut for cells of type $lut.
Using template $paramod$219b71aec9a19e7a27754ed85a7d6cdad9e5ec96$lut for cells of type $lut.
Using template $paramod$e7b426eae000b89d796af796d4b7ee5e19666b58$lut for cells of type $lut.
Using template $paramod$21ead65014607f890ca2db9fb9bf3f85a1ead8b7$lut for cells of type $lut.
Using template $paramod$4cd14e0bd92f0948de7ddedb7d7404ddb412b14c$lut for cells of type $lut.
Using template $paramod$7414177db6562311e5dc527140c3ec0a4adc0dfd$lut for cells of type $lut.
Using template $paramod$18221e54be804f70e224d125fdd820daa33074a8$lut for cells of type $lut.
Using template $paramod$e134ec2a47a2462a591072e65d34fb15b81c90e0$lut for cells of type $lut.
Using template $paramod$lut\WIDTH=32'00000000000000000000000000000011\LUT=8'10111111 for cells of type $lut.
Using template $paramod$57799c45a97eabc8015b4531c8aff258c3a1e8d1$lut for cells of type $lut.
Using template $paramod$6be89be82c6a0a7aa011a7195b90648feddf7cdf$lut for cells of type $lut.
Using template $paramod$2645ed3928f2726e8ccb403cb23252de43b617d7$lut for cells of type $lut.
Using template $paramod$4978360fe53bdcf6193c85aac631cf6592e5a5ce$lut for cells of type $lut.
Using template $paramod$754de39ed130ebada7aeb3070e006acfbe8b91ee$lut for cells of type $lut.
Using template $paramod$2415e097463e194e98af13f3ca160474b3f8965a$lut for cells of type $lut.
Using template $paramod$9f2f146893d269900bb68ba0244b254b88c2c459$lut for cells of type $lut.
Using template $paramod$1d32a0ab89422b24991079d2ecc65cd376b0fb20$lut for cells of type $lut.
Using template $paramod$4b815e6c998e04ad0d0242e44b0c58a7a9d0b3b6$lut for cells of type $lut.
Using template $paramod$8f8f3ed0dfbd822273417c0b66ef033f29ee6b95$lut for cells of type $lut.
Using template $paramod$bb4fff1cc3b827238aa40993cafede1c5beecbe3$lut for cells of type $lut.
Using template $paramod$542e2fdf39f66ee0d9684372297ec1f9c72087d5$lut for cells of type $lut.
Using template $paramod$de4bc97149bcf262e2c17952b5272c303f6faa3d$lut for cells of type $lut.
Using template $paramod$9056530fd25c6aca13d410ac118fc373553a0956$lut for cells of type $lut.
Using template $paramod$deb9c04b2247e9028ddd7bdb0eb764bf0df817f1$lut for cells of type $lut.
Using template $paramod$df29fe9e6d6d694a9cc5697e4251bf7d8cd4d8e4$lut for cells of type $lut.
Using template $paramod$f1f4ded91f07f4febf2b028d0cf9511ec24c6375$lut for cells of type $lut.
Using template $paramod$26918802e6ed329b7afdcbcae3efbad76693779f$lut for cells of type $lut.
Using template $paramod$6e424bd4a747f8421ac946af3d9bb3a47fd0b233$lut for cells of type $lut.
Using template $paramod$3f943b31daf852ed1ca222e5bb6488e4bbd6a0e6$lut for cells of type $lut.
Using template $paramod$6950e9de2aefe70607b6f9e0146503e470bd163f$lut for cells of type $lut.
Using template $paramod$fcb78ce0e54b5c5b90d6c7aba02506156ebdc19b$lut for cells of type $lut.
Using template $paramod$8bd60826b0dc9977833f6e7b947dcaf9f2b4a1ed$lut for cells of type $lut.
Using template $paramod$8829675bb8c52553aed9f101ec0d5ef0c865e5c7$lut for cells of type $lut.
Using template $paramod$cb524bfa5025c75a34db1fd8a32c9b6024eb6300$lut for cells of type $lut.
Using template $paramod$27afc857afce01759dc5ec06d745c4ebbc6b7d00$lut for cells of type $lut.
Using template $paramod$lut\WIDTH=32'00000000000000000000000000000011\LUT=8'01111111 for cells of type $lut.
Using template $paramod$332530260df33f1e6567b344a898a29636fd4f0f$lut for cells of type $lut.
Using template $paramod$64ed40f74e19bff7f50592ea328f713c3f8b3f50$lut for cells of type $lut.
Using template $paramod$8696f458b0bc45d72f187617e991118b6ed26c4f$lut for cells of type $lut.
Using template $paramod$ffc2ea81a65101fbef8a332deddf112494d27163$lut for cells of type $lut.
Using template $paramod$16f20b38b883c5ed09415bde89777e71cb022bf7$lut for cells of type $lut.
Using template $paramod$13a2b293a90a9ba3936e43791a7270926317a8cd$lut for cells of type $lut.
Using template $paramod$b55cd9bdb27ec4e7ad01aa46c11cd2a63b194e11$lut for cells of type $lut.
Using template $paramod$2ae22ed255cc0f3746c71b5da2407ee38a2a66e6$lut for cells of type $lut.
Using template $paramod$6df2bdde0dda2853f5f5b9a550fd1a1d6cc3fb87$lut for cells of type $lut.
Using template $paramod$50a768a08f7f23a676d837b4988fd201bac43201$lut for cells of type $lut.
Using template $paramod$040aca90b8bda4198bd3e0d4f83f21e99133e588$lut for cells of type $lut.
Using template $paramod$3a2ca5d7f63e699db58c7f1d5654b3c44f1fdabb$lut for cells of type $lut.
Using template $paramod$5e146864f6687b1300af26d11617b84468c71c1a$lut for cells of type $lut.
Using template $paramod$130af793a2ec6ecceb3e0ef509cf6b180e856b6f$lut for cells of type $lut.
Using template $paramod$7e9df0afb32b76fe5fce0691b8752aca650057fa$lut for cells of type $lut.
Using template $paramod$4a6a17cedded192f5fd46d2ecb6a1024124bcf37$lut for cells of type $lut.
Using template $paramod$6b0849254d6c87461fb93e37cc18f089f61eb912$lut for cells of type $lut.
Using template $paramod$ffc05a226acfd31e6af5121b0fe98d90f7462941$lut for cells of type $lut.
Using template $paramod$fbcbfca28bb2be9e92bd90049e94d256e043287a$lut for cells of type $lut.
Using template $paramod$72a031eaf8ef8a1324f4db867c7c39e3ee843be5$lut for cells of type $lut.
Using template $paramod$0be2fcb97125c0209eae4ca50e8442f731542f45$lut for cells of type $lut.
Using template $paramod$58df2c605746858c7e53492c8f57d6f1fafa12d2$lut for cells of type $lut.
Using template $paramod$072c06211f8609d4e6fed153eac34eeb4340cc5e$lut for cells of type $lut.
Using template $paramod$1db944cb3db4da24078b09a2e98006754b9c38ce$lut for cells of type $lut.
Using template $paramod$d678848fef9e290e587a11f9c0404202a74becc2$lut for cells of type $lut.
Using template $paramod$3baa217d80d2ec8deb7e2d9f3af5700961e1318c$lut for cells of type $lut.
Using template $paramod$a963fba887c239b896a9825143b0ce2f360f8510$lut for cells of type $lut.
Using template $paramod$c2e4d18863b280cead5d0a3785620e488f1342ae$lut for cells of type $lut.
Using template $paramod$41cf3e7f9a592734c11550fc575af1ecb816015d$lut for cells of type $lut.
Using template $paramod$a6e23494019bebb202ca142cebd4eaee4630f3d7$lut for cells of type $lut.
Using template $paramod$1f558a0e2b5ea2f5d786f22b4d11b36d85b5fd5e$lut for cells of type $lut.
Using template $paramod$da52acd1d877e12a2c8ab7b5e7120ab2346bb818$lut for cells of type $lut.
Using template $paramod$8f725f9edc97dc364f03450d4fd6390a8488e6fd$lut for cells of type $lut.
Using template $paramod$a79bfc300ba0ff1447ae130a5cd6bcab88f4709c$lut for cells of type $lut.
Using template $paramod$lut\WIDTH=32'00000000000000000000000000000011\LUT=8'01100000 for cells of type $lut.
Using template $paramod$4a07e58d56bc3adfb4cffd4aa8021cb23a419b49$lut for cells of type $lut.
Using template $paramod$05112538d839d77a1ec6d0f86dc0be8061d91010$lut for cells of type $lut.
Using template $paramod$d79e8c7f0cb3bd049a34d82ec5fe688d444e5a52$lut for cells of type $lut.
Using template $paramod$ae98319258060748490df54cb4d84e8b780d8f10$lut for cells of type $lut.
Using template $paramod$9731a072a742f430c4d78d3335adb08a98b80f3d$lut for cells of type $lut.
Using template $paramod$3ec5e45cb3e54de9dbe908707155b5f9917c9370$lut for cells of type $lut.
Using template $paramod$efede997b62889766862bce12551340d93066477$lut for cells of type $lut.
Using template $paramod$95db1638ec01590b0c70fc881c26eb8d8eaacebd$lut for cells of type $lut.
Using template $paramod$b587e1dcd8f8a9800d395e4aeecac52c55d6f585$lut for cells of type $lut.
Using template $paramod$92798a88dd2ca788e71ef329a7a7b083cdf54006$lut for cells of type $lut.
Using template $paramod$f5c5b56521a6811444a94cf8aec11258bf0a108d$lut for cells of type $lut.
Using template $paramod$b1680225cc6a5792caa95f54b8b3218fae21705d$lut for cells of type $lut.
Using template $paramod$d3185319b5c99da719afc2e6b2580a0af7d6917b$lut for cells of type $lut.
Using template $paramod$58b39464b4dbddafba708670e1f0b127384cc58e$lut for cells of type $lut.
Using template $paramod$04225d319e7a72f60a9d4ded4511d6e75966538c$lut for cells of type $lut.
Using template $paramod$a38d839da727397fea2027f2601f041b89703446$lut for cells of type $lut.
Using template $paramod$lut\WIDTH=32'00000000000000000000000000000011\LUT=8'00011011 for cells of type $lut.
Using template $paramod$7a0b348a7069d0c8f44afe945e212fcf3f3fd64c$lut for cells of type $lut.
Using template $paramod$6b0e0a4d4e7299f231a4955f052bfb7f48aecd59$lut for cells of type $lut.
Using template $paramod$5219cb748a17c74060cc10def6611ce9bcc93377$lut for cells of type $lut.
Using template $paramod$e4dff000e90dabe4b3213aa6a84477dfffcbb5b4$lut for cells of type $lut.
Using template $paramod$871ca7f7aa41c6c6469fe9a5ea94bdd88aa58c96$lut for cells of type $lut.
Using template $paramod$82b4a585d1edcb5c6e755dc9bd3392228a1c1304$lut for cells of type $lut.
Using template $paramod$57db67c9b4c7c49765c11cfa5912d38cd9a5ad67$lut for cells of type $lut.
Using template $paramod$11e34a52cd5334f30dc30e0722b8be9cc79c68ca$lut for cells of type $lut.
Using template $paramod$94274895e262b0fcec950ec875bb04490d881c2c$lut for cells of type $lut.
Using template $paramod$ab53300f8092b79cda11e709fa216b2cbf975b82$lut for cells of type $lut.
Using template $paramod$ab2d8c2b9d8aa7f76721394c261b87284f763090$lut for cells of type $lut.
Using template $paramod$bded74361a92d7c0dd0d538374ebf3737ee1149e$lut for cells of type $lut.
Using template $paramod$a6b2d4693fada6bebbe4480262641915d709d280$lut for cells of type $lut.
Using template $paramod$4dd14408e746b028fd485b38e18b269d1a1bab3e$lut for cells of type $lut.
Using template $paramod$30eb259cfce3a73e53d7c6188fd0f5e520ef6c9c$lut for cells of type $lut.
Using template $paramod$b98595853f77cdc5e8e2a871a9dd57b347c6c026$lut for cells of type $lut.
Using template $paramod$7f8dcbbcc0931c3398304053d9bb53ce1acb1b1f$lut for cells of type $lut.
Using template $paramod$4972722c284f07fee673f7cb99e6a36ce4a244f0$lut for cells of type $lut.
Using template $paramod$ab8bb87959c5d7cfa27886cee1355b38e054a61a$lut for cells of type $lut.
Using template $paramod$lut\WIDTH=32'00000000000000000000000000000011\LUT=8'01101111 for cells of type $lut.
Using template $paramod$lut\WIDTH=32'00000000000000000000000000000010\LUT=4'1011 for cells of type $lut.
Using template $paramod$f65af1b660a013aeaba9a5dc41e6bdede642e3c3$lut for cells of type $lut.
Using template $paramod$d25c5ed7cce01a2a4804202e877356eeec4db6a1$lut for cells of type $lut.
Using template $paramod$58bd588a49a6a3b9d057d75f907cb4932e1635f6$lut for cells of type $lut.
Using template $paramod$lut\WIDTH=32'00000000000000000000000000000011\LUT=8'10001111 for cells of type $lut.
Using template $paramod$4ccd54f46aa2a362171cc25f5c2a03bc73bbd95e$lut for cells of type $lut.
Using template $paramod$5d33cfa6a45c55d19e75fa773f09299628aedc6c$lut for cells of type $lut.
Using template $paramod$bef7fff73d7847e500891f20145b83b119b2bb41$lut for cells of type $lut.
Using template $paramod$e81ef05a8d90ddcaf5a950a0af5992b653da17a4$lut for cells of type $lut.
Using template $paramod$21f85498bbf2569632aa8a2850dbfb43278040d1$lut for cells of type $lut.
Using template $paramod$a5dd9ee10fc2202a29791f7d68d4afcce241aee5$lut for cells of type $lut.
Using template $paramod$7a6813d55cd0544230b73f23ee74991f8100cff6$lut for cells of type $lut.
Using template $paramod$c831672acd65cc75bef465c0aeffc0ab1c767372$lut for cells of type $lut.
Using template $paramod$460b6b62a201368696aa1d6a8b3317db9cc61fce$lut for cells of type $lut.
Using template $paramod$lut\WIDTH=32'00000000000000000000000000000001\LUT=2'01 for cells of type $lut.
Using template $paramod$ce5131ac3ccd0f42065e88bcc5ae5a518d038119$lut for cells of type $lut.
Using template $paramod$56816554deebe056ecb846d5d4a927b68b8ab003$lut for cells of type $lut.
Using template $paramod$d6ca727e39f31d51d29072e0f33aa09c65e37336$lut for cells of type $lut.
Using template $paramod$lut\WIDTH=32'00000000000000000000000000000011\LUT=8'00111010 for cells of type $lut.
Using template $paramod$708ffcede5aa4384d9eddd7eb5a2b4bd4d153c64$lut for cells of type $lut.
Using template $paramod$7e8d331d1e06632d29fbdf6c3afc2de1856d3c67$lut for cells of type $lut.
Using template $paramod$20235ca863361fbc253329cfc7eeea38c77404dc$lut for cells of type $lut.
Using template $paramod$f258f431a7c2fc52205873e71cd6683fdc689824$lut for cells of type $lut.
Using template $paramod$1c4dba04c7b1b6f9ae2fbd2ebcdbd37f5c14a3e3$lut for cells of type $lut.
Using template $paramod$2d16d98a73f779592a6ae68ab4ee6d7b27d3ccb4$lut for cells of type $lut.
Using template $paramod$eb4a0f66177ad203b86b8051d514450d3f3c3c75$lut for cells of type $lut.
Using template $paramod$d315acbf930db7c20b3f4ac2dad3b7982b1f437c$lut for cells of type $lut.
Using template $paramod$11d98a734fddb972e4bcf061987d6c0007a7bbfa$lut for cells of type $lut.
Using template $paramod$784f4711405f84982df518be1f8d295ab4d5b427$lut for cells of type $lut.
Using template $paramod$abb431c2f750d341a856ff4171c01e8d1285db4f$lut for cells of type $lut.
Using template $paramod$8cac5452d526045503c5864c3a1dac0121c7053e$lut for cells of type $lut.
Using template $paramod$baa939b0bd5b3e0c8760492528669bd58f640542$lut for cells of type $lut.
Using template $paramod$3ccc8a0343690013bb756c3332fd7186af8f5e23$lut for cells of type $lut.
Using template $paramod$94a443be1edad63f6b9c0b4485aae8accf9687bc$lut for cells of type $lut.
Using template $paramod$lut\WIDTH=32'00000000000000000000000000000011\LUT=8'01010011 for cells of type $lut.
Using template $paramod$aa7131eb1ca20ec0fdf8cf9dd3564882e527243e$lut for cells of type $lut.
Using template $paramod$0b98d57eebe002497534ff025c7cc94ef35ccecd$lut for cells of type $lut.
Using template $paramod$f1288c61e1976cd1c22fb713b327527c63a6fc07$lut for cells of type $lut.
Using template $paramod$973818279bc95792902f3c09371fd2407d04a2a5$lut for cells of type $lut.
Using template $paramod$af01034afe1bdbc87587d263805971d96e724ed7$lut for cells of type $lut.
Using template $paramod$7e8fe64f22f1153a85bf31be98f3c990173d62ab$lut for cells of type $lut.
Using template $paramod$4dadb42277ca8b13135d9d114cc14ac9f52e3690$lut for cells of type $lut.
Using template $paramod$c5b694ec89d7629b942ccf6a9be1d39e24f8edec$lut for cells of type $lut.
Using template $paramod$83e17534f85521f5ee3e157e194f73c27721abb8$lut for cells of type $lut.
Using template $paramod$9162d918752d4b85056aac66184b659245de3372$lut for cells of type $lut.
Using template $paramod$a82a699dba54b8465366aeb90aba90d3d29adde0$lut for cells of type $lut.
Using template $paramod$beae4210b922fc9ba2fcc4008a7474b475e38c50$lut for cells of type $lut.
Using template $paramod$9320eab54bc21ebb88b1f56260e94d6ea21909b7$lut for cells of type $lut.
Using template $paramod$c07d61aaf1d93e15249de987e8fd0ca391dbd52a$lut for cells of type $lut.
Using template $paramod$7f4670b933e9d0d313fe2dbe752fa82b1cf04d5c$lut for cells of type $lut.
Using template $paramod$82687d3ad8130b5b49618b6a28f43c60b5130fe1$lut for cells of type $lut.
Using template $paramod$a5788e8bd3559e65ba7c6a1d93529c6fb76569b9$lut for cells of type $lut.
Using template $paramod$e18f748eafb5310e673f5658f78bc20692b467e5$lut for cells of type $lut.
Using template $paramod$fe89c52e83c5b0456317806a3190c48a5e8494e5$lut for cells of type $lut.
Using template $paramod$b7685cb0c8a6753256bc84bc31d36a443c15fab7$lut for cells of type $lut.
Using template $paramod$fd904e9e35cfd343a9df248824bd3f1408724879$lut for cells of type $lut.
Using template $paramod$ee24fa264605a3f0d95b03ac1eba3c20f96f9895$lut for cells of type $lut.
Using template $paramod$9c6e6a10ea00e5b0682f6243b802d7839a398197$lut for cells of type $lut.
Using template $paramod$lut\WIDTH=32'00000000000000000000000000000011\LUT=8'10010011 for cells of type $lut.
Using template $paramod$b9d3baa367e429670fdcc099dbbeb654f38fd2cd$lut for cells of type $lut.
Using template $paramod$6b2d68f7a41e880df45686f55b7b5d1e9ad53f5c$lut for cells of type $lut.
Using template $paramod$lut\WIDTH=32'00000000000000000000000000000011\LUT=8'10010110 for cells of type $lut.
Using template $paramod$lut\WIDTH=32'00000000000000000000000000000011\LUT=8'01111000 for cells of type $lut.
Using template $paramod$ffc80aea4aa44f0166b2d4713ba5912f56e92991$lut for cells of type $lut.
Using template $paramod$lut\WIDTH=32'00000000000000000000000000000011\LUT=8'00101110 for cells of type $lut.
Using template $paramod$e921de49b13be7086dcab3758b6123b04765c0d8$lut for cells of type $lut.
Using template $paramod$43fec278f0c61a4fa618b63ef5f86102d3dc473a$lut for cells of type $lut.
Using template $paramod$lut\WIDTH=32'00000000000000000000000000000011\LUT=8'00000110 for cells of type $lut.
Using template $paramod$33631921643a1280a00dcca5a3c4780e3104a3a3$lut for cells of type $lut.
Using template $paramod$9012d8b502c883155256cbe7ecb6b0a0ae1ddcda$lut for cells of type $lut.
Using template $paramod$5deee810bcf6de2cf166f23e0d992456da37f30b$lut for cells of type $lut.
Using template $paramod$ba7b4568c306470a7f204c239212739869e234a1$lut for cells of type $lut.
Using template $paramod$cd21174565395677c2b92ace961eae6f157c056f$lut for cells of type $lut.
Using template $paramod$342f23af67b56ceaf0ae13541d76bd80a0c0e97e$lut for cells of type $lut.
Using template $paramod$d76edc10344198fdbbc083cbc9765a888a1f48f2$lut for cells of type $lut.
Using template $paramod$9e46fd2aa1866c7725012323035ea4bf7873bfeb$lut for cells of type $lut.
Using template $paramod$52fff9e56e72ea7ba0438be276221256c87f3756$lut for cells of type $lut.
Using template $paramod$82d60f384517db7fedc79e85c8cedd2a3901942e$lut for cells of type $lut.
Using template $paramod$lut\WIDTH=32'00000000000000000000000000000011\LUT=8'10111000 for cells of type $lut.
Using template $paramod$58be4e12578fd01a63b5512aa5e6a001c3ac42a2$lut for cells of type $lut.
Using template $paramod$29c142aa8fa1002414251345df2e74414f35d86d$lut for cells of type $lut.
Using template $paramod$0ce2ad9c8c40f6ed7cccbdc3c75dc3a650831e89$lut for cells of type $lut.
Using template $paramod$lut\WIDTH=32'00000000000000000000000000000011\LUT=8'00011101 for cells of type $lut.
Using template $paramod$ba07846b1e706d3eb2010a528b0f0417e3645924$lut for cells of type $lut.
Using template $paramod$lut\WIDTH=32'00000000000000000000000000000011\LUT=8'00010101 for cells of type $lut.
Using template $paramod$ee6944635a66b35a2c008244d1b98fdaec97fc5f$lut for cells of type $lut.
Using template $paramod$a36debbcfde9e32a01ea5076ccf3d75225452c4d$lut for cells of type $lut.
Using template $paramod$1b48bc962a0c1e178183f21032378372adc5e26c$lut for cells of type $lut.
Using template $paramod$b5e9279c2a0b0a66c0834c2794172d23580bfe35$lut for cells of type $lut.
Using template $paramod$89eceb2e718b23b2af021a7972cc1552e8aaab14$lut for cells of type $lut.
Using template $paramod$4d1bf23aa47c1ac4930b829df9b99f2a661b59d6$lut for cells of type $lut.
Using template $paramod$lut\WIDTH=32'00000000000000000000000000000011\LUT=8'01011100 for cells of type $lut.
Using template $paramod$0f456ccbc7317d533334bf5a43b1d6d10f655a33$lut for cells of type $lut.
Using template $paramod$7aa8140c7d6de3160b21e7ff84e0f93f69f7fcc6$lut for cells of type $lut.
Using template $paramod$a191129d10a368b82781b98ff31865427345b51c$lut for cells of type $lut.
Using template $paramod$62fc4ac57a0b73f1d95465f30f5df060addcd3ec$lut for cells of type $lut.
Using template $paramod$6fb99b8fd174cc30fec5389743a5d91efcd01cc3$lut for cells of type $lut.
Using template $paramod$dc8eb389b2fc3ec6a78d93ff9b548b7fd27b6950$lut for cells of type $lut.
Using template $paramod$5ed5175515d9b338c768b629a4453a3b20349cfb$lut for cells of type $lut.
Using template $paramod$55d571fe14ca57320c1f8a7b2e030443a4f8564b$lut for cells of type $lut.
Using template $paramod$7e3515a49bd45a151c3c9c5c1d237742240fbc59$lut for cells of type $lut.
Using template $paramod$f8982640d63166a9901fe975ddb541f4beaae82f$lut for cells of type $lut.
Using template $paramod$167798b685f5f7ba9a245d9ff902338107e9e26a$lut for cells of type $lut.
Using template $paramod$764e3ef3028bfde6a76e915d08a185267c24c741$lut for cells of type $lut.
Using template $paramod$170f2a9474fb2fd9144f0d3f2e23b0a78e4cbd31$lut for cells of type $lut.
Using template $paramod$72043e0aa7fa64cb454e3c2ca3dbe1636171896a$lut for cells of type $lut.
Using template $paramod$ea9d17a7e85348e07c53c67a719ee6d4275933ac$lut for cells of type $lut.
Using template $paramod$f18e022837e17395b0b8aaf15d318c444bc4e1f5$lut for cells of type $lut.
Using template $paramod$b0f5cef057a01e41fb8c452ca8657336225484a7$lut for cells of type $lut.
Using template $paramod$e3c946b5e884ef69d11afb56a4be35c15e9bb656$lut for cells of type $lut.
Using template $paramod$4b2297966ddb718657b80566604f97685ffc0120$lut for cells of type $lut.
Using template $paramod$dcc21784e78c87ae1da6dbcac2b27a3ac5c4d394$lut for cells of type $lut.
Using template $paramod$f29e0efb95ed0e7d6d3b2edc6e6bc198c9d53617$lut for cells of type $lut.
Using template $paramod$faf6e9795ae630b52d88b86f0a502b3aed1b606e$lut for cells of type $lut.
Using template $paramod$2d5a7258435cd8ce93fe2b428154eb5b09dafeb3$lut for cells of type $lut.
Using template $paramod$c4fb423673dc939064fab696976dcc2ae1692b54$lut for cells of type $lut.
Using template $paramod$82a48e5f5771a531ca9edba4cc6af5165f5035d5$lut for cells of type $lut.
Using template $paramod$3a32a7587b9f95b908af04fb9b75cd3eae00b58e$lut for cells of type $lut.
Using template $paramod$e9792071954b5e3a3a5646e14b3913538e75095a$lut for cells of type $lut.
Using template $paramod$9664483609d9e726df9697364de1aad825ad3979$lut for cells of type $lut.
Using template $paramod$2acc56796dae1e7bbd8d34441a24f749523f3d30$lut for cells of type $lut.
Using template $paramod$7f3617f4b24dd2e899782b88617aab9578e70e0f$lut for cells of type $lut.
Using template $paramod$fda405a555789473a510abaa32dcac3de8f3ad41$lut for cells of type $lut.
Using template $paramod$6c90266f5608b37196395a4849bed236106a21e5$lut for cells of type $lut.
Using template $paramod$7ecbcc4785b452ead0b74dbf2f3a7a299b104e3e$lut for cells of type $lut.
Using template $paramod$a40d45e2c58c3493fd706f4fafd4cd724a009660$lut for cells of type $lut.
Using template $paramod$70f958c3e26a2f4001cf0c7ee40d2876499dd290$lut for cells of type $lut.
Using template $paramod$d6e1cd7764552a68c34ba84308adb05564626a92$lut for cells of type $lut.
Using template $paramod$cc7dce79a6c034945d914e06bca08a33e61e3cfc$lut for cells of type $lut.
Using template $paramod$16c7e5b275a4bed09dfa984043cb39ff22a6755e$lut for cells of type $lut.
Using template $paramod$59a7f2b618227af9792e433a8716b0a8f016b424$lut for cells of type $lut.
Using template $paramod$3029ba2046a00f51ac0a6617a5e91aaa769658f2$lut for cells of type $lut.
Using template $paramod$e1004112103a964392718657d65ecd664a8268fe$lut for cells of type $lut.
Using template $paramod$cc32a05866f608aca38637d6c7ba9e5d077e8484$lut for cells of type $lut.
Using template $paramod$bb600e80482bfe1b706617423277a0fa77c4472b$lut for cells of type $lut.
Using template $paramod$e3903ec20770a7b59c7ad2413836f1b5c467cedb$lut for cells of type $lut.
Using template $paramod$304da48626d7235a63ceabc39bcf10f57ea72186$lut for cells of type $lut.
Using template $paramod$c4d574e2ce1009cee6651c3c1de77b4a1089320f$lut for cells of type $lut.
Using template $paramod$0baf3ee4dd8e47c9afecae7665bbe66063bd6cbe$lut for cells of type $lut.
Using template $paramod$481d06a3072ced8bd53554a3a37a9a3294af05f1$lut for cells of type $lut.
Using template $paramod$9b968d4b667cde9f5fba6476ad4f70fd13086bc2$lut for cells of type $lut.
Using template $paramod$e266855316c6db3a72afcba443a670907e1a6f58$lut for cells of type $lut.
Using template $paramod$dadff75c617cf87bb5b8cfe47ca6c69fb6925370$lut for cells of type $lut.
Using template $paramod$a044494cdedc87d353d6ed032d6cefb4a562feea$lut for cells of type $lut.
Using template $paramod$f952a61282a1708ec9ed32a856c16cf7f691af85$lut for cells of type $lut.
Using template $paramod$dd699927a568ce21deb69a94c2008634da4a5f64$lut for cells of type $lut.
Using template $paramod$3129c64ac02f22952f34386bd50757aae06cd5a6$lut for cells of type $lut.
Using template $paramod$95897b2bdf0a324a055005d664d455061dfb74a9$lut for cells of type $lut.
Using template $paramod$d94893256d21a0ee2c65d7177ece4d7768cb30be$lut for cells of type $lut.
Using template $paramod$1a68958bb4adc2ec2ba83bf40f3e8c81e7bc45a8$lut for cells of type $lut.
Using template $paramod$184a70bdb6b3d27cb20f96ba8b9acbeadb8e2de9$lut for cells of type $lut.
Using template $paramod$1ba94fa58196014d697192781f0a90fa159996dd$lut for cells of type $lut.
Using template $paramod$2ffaf9ee28181f96a599cb3e8005897767a86da2$lut for cells of type $lut.
Using template $paramod$77ef5c042ba426f70c75bd5d7371c17220c5f28d$lut for cells of type $lut.
Using template $paramod$7344ad36f973329813a191a5c67fb11d5a026859$lut for cells of type $lut.
Using template $paramod$23a2459225cf47e5b5282c530ad7e5a819a841d7$lut for cells of type $lut.
Using template $paramod$2687393074da03194ec9b0e43ec37a6119033db3$lut for cells of type $lut.
Using template $paramod$2d5bd80311edb4c7911f05c0a13e1abe22364c8a$lut for cells of type $lut.
Using template $paramod$f8bf7ce2cfc03a2fcdba016d95c65c16f5a9e768$lut for cells of type $lut.
Using template $paramod$579b0ca5bbd628bcea35143a72617fd0428bee49$lut for cells of type $lut.
Using template $paramod$54dbee6f5f992582c951075b7cbb22131c6ab481$lut for cells of type $lut.
Using template $paramod$d1125bf81a73b30973b05d36a05316dd244f7c95$lut for cells of type $lut.
Using template $paramod$e4e96a5dece796d779288739da28d0f9a19e7c8a$lut for cells of type $lut.
Using template $paramod$b07cfb4bd0106c6323e1e348100453f1eae6a804$lut for cells of type $lut.
Using template $paramod$682fb525e28526aa2b14d0a7620dca8eb11c5730$lut for cells of type $lut.
Using template $paramod$6ccefaf8ce04bfd5321abe86b26e09cadba5b353$lut for cells of type $lut.
Using template $paramod$a95aeb58822b83840ad0d33221e28b316b409b83$lut for cells of type $lut.
Using template $paramod$917576ddbb1a3c9b2d803f381885c975f5dbed4a$lut for cells of type $lut.
Using template $paramod$5e4db6c562bc631c762c6d5df46b6026c6212c31$lut for cells of type $lut.
Using template $paramod$65154b9e3de2eaa68b66a149421b5fb4ceb93e9e$lut for cells of type $lut.
Using template $paramod$0b72ed9354606aa696f8aeb31940da5721b1eab7$lut for cells of type $lut.
Using template $paramod$36da4afa0e429ab3901e704c81ba81a2b49979dd$lut for cells of type $lut.
Using template $paramod$d301d16e525fdafac6455a6e235db1f466969d5e$lut for cells of type $lut.
Using template $paramod$6d750ee364e5cb02208039f7320c0ba93cf35228$lut for cells of type $lut.
Using template $paramod$7b8626cb65b6f47822cdf0413478eeecb763869f$lut for cells of type $lut.
Using template $paramod$1c9c04438537b97821983e38cbd6b1b54378145c$lut for cells of type $lut.
Using template $paramod$5b319dac0e50eb9676d8bdb6ec4c43863f646d55$lut for cells of type $lut.
Using template $paramod$f25f0cb0cefb5bcd61d8261c0136fabc4bf02e75$lut for cells of type $lut.
Using template $paramod$915deb8c74cf0a2112f126b24dfeeeecb462cd1b$lut for cells of type $lut.
Using template $paramod$a688acff55d32ce3ce8dc93cec97efa2647eb906$lut for cells of type $lut.
Using template $paramod$9226d8237b35bcf3e4152eb8f1fd14e007c791ae$lut for cells of type $lut.
Using template $paramod$113a3958fe2593d13faf770e232202582b8082fe$lut for cells of type $lut.
Using template $paramod$7a304f4cc33557f2483dc5919be108a1249ae1f1$lut for cells of type $lut.
Using template $paramod$a7bb2fcedebbb9c0e8dcb9d3283e7237f236c51f$lut for cells of type $lut.
Using template $paramod$9a5e821c2142d8b2c1282c0d47483477653058c6$lut for cells of type $lut.
Using template $paramod$98de9ef08fc35f91c1446acf8ddeeebbb4fe99dd$lut for cells of type $lut.
Using template $paramod$6431c688476747c9362502cacfebfbd13cbdb9aa$lut for cells of type $lut.
Using template $paramod$a878288dd1685e62fc93f005329f2dbcbda5f3fa$lut for cells of type $lut.
Using template $paramod$bdadf1069ffc3d65d1051e43b44b40b941e74ce1$lut for cells of type $lut.
Using template $paramod$3cf6f458822ed4e66b065cf52283fcc1181dbf3f$lut for cells of type $lut.
Using template $paramod$f66a6a0c776f26a66ad8e17ce2b2779fac73c175$lut for cells of type $lut.
Using template $paramod$3c373388c47a57e078f9be0ac4a9d0e4f803188b$lut for cells of type $lut.
Using template $paramod$0c6ea17d4455069da3b48c9f67fe378e3e67cf4d$lut for cells of type $lut.
Using template $paramod$a2b4ddfa3906001b2ef9f2414d79c3048f2a3a6e$lut for cells of type $lut.
Using template $paramod$f969c19810719e4925de974179039b91aeb40417$lut for cells of type $lut.
Using template $paramod$2faaaa726efbdf6284b98d57d7fb3b19ee90db7b$lut for cells of type $lut.
Using template $paramod$bf0d0292861bdee659ef5cbc5e58b330ac5871f9$lut for cells of type $lut.
Using template $paramod$f6f8fced0a923ae9357dde5cf34f9fdbab6fcfef$lut for cells of type $lut.
Using template $paramod$08d0a44a88460fbeb5b9e0fa317656c2eb24799b$lut for cells of type $lut.
Using template $paramod$98933e1e777f6689d6fa6502785d0b6c4f8016bc$lut for cells of type $lut.
Using template $paramod$a7f24765c661c8f3c22d51263f549d3f20dc5bae$lut for cells of type $lut.
Using template $paramod$450360f536c42bbaac70f84edff45771beefbc0e$lut for cells of type $lut.
Using template $paramod$99e82365b644edc75d475ad1288cea55ce02fa6d$lut for cells of type $lut.
Using template $paramod$61bc98ece8c76bffd4acdf40e5f231340cba90fc$lut for cells of type $lut.
Using template $paramod$7be5ba6537bbd61f594c56628aabac8a2fd8927a$lut for cells of type $lut.
Using template $paramod$4c7eb701c0e83fe23be3e2d490960b6791a4f9c8$lut for cells of type $lut.
Using template $paramod$932e48bb5739258388ac4d422f325c9874f1c9f7$lut for cells of type $lut.
Using template $paramod$7b6dba9da7b24ba15cc91d483adc1cbb42ec924c$lut for cells of type $lut.
Using template $paramod$fe2a2092e59dad18521a96dc1297df0bc556da90$lut for cells of type $lut.
Using template $paramod$3100d21e241918b08f6af57a3c81b29de08d0af9$lut for cells of type $lut.
Using template $paramod$cda6c38f304375d98bf175a7ee219705dc34d5ba$lut for cells of type $lut.
Using template $paramod$a8c6cd85000baddfe6199109552f5357528f25a0$lut for cells of type $lut.
Using template $paramod$ec45d625c97878122f52d1008e2e797e79d5ac49$lut for cells of type $lut.
Using template $paramod$c315fd171a22ad0b563d890e3adda172ea240769$lut for cells of type $lut.
Using template $paramod$b4ed91079207aebc40c1d9a3d241f374611c4f0a$lut for cells of type $lut.
Using template $paramod$9f18f1fe9efe630955a9cd3a986ff680b7e411fe$lut for cells of type $lut.
Using template $paramod$67b2f5fcc4dba822ea1e4efaada88a746f36dcb9$lut for cells of type $lut.
Using template $paramod$45d60671611ea4f56d80243b1a48ae06d0eea575$lut for cells of type $lut.
Using template $paramod$1988a58294dc127f3eda5954fbf0560eb2f79bbc$lut for cells of type $lut.
Using template $paramod$aa22e94246b36e2cf01c175bbd947110b378bc83$lut for cells of type $lut.
Using template $paramod$4efb437589849f70c5690147862ac83c13c58c7d$lut for cells of type $lut.
Using template $paramod$fcc99795a236fc868bbabde3ed5bb9e2ac5bfd54$lut for cells of type $lut.
Using template $paramod$be0a47518f4977b69cec46909e677c99262b050b$lut for cells of type $lut.
Using template $paramod$4ad33ba086922978cd39b51435f218457f765798$lut for cells of type $lut.
Using template $paramod$37a4aba9e0d923598a7950a52af983bffaf3c7e8$lut for cells of type $lut.
Using template $paramod$73a73b7d165ecfa25d2b13d5ed9f81605247acb8$lut for cells of type $lut.
Using template $paramod$eb5d1b2da0d37dd0004b7adf49bf402a8deb2f4d$lut for cells of type $lut.
Using template $paramod$fe2ccc9771c7f3621af3392ea69c0322e13310d4$lut for cells of type $lut.
Using template $paramod$5943587bbcc42bd9f8ba62517472354a9dda1fff$lut for cells of type $lut.
Using template $paramod$522137fac70f649ec6cc45a468559c214bd4ea3a$lut for cells of type $lut.
Using template $paramod$08aa66c0e0871c21ba3a49eaa5deb6fa76637979$lut for cells of type $lut.
Using template $paramod$27af436a4436bbefc8f1ed9df1277823fdcafb1c$lut for cells of type $lut.
Using template $paramod$77dbe141bb132a16a4fc629fe1cf4969960281c7$lut for cells of type $lut.
Using template $paramod$464a6abce6a12dab67d750ece2a4515b1621d5c5$lut for cells of type $lut.
Using template $paramod$487f9aae7d665d6750507eec9315df43dda5bf18$lut for cells of type $lut.
Using template $paramod$ff1f9dcf30897d58a0b5e7c127520d52017baada$lut for cells of type $lut.
Using template $paramod$29492e4b689210ff3fe11e9e43fbf1d64bce115d$lut for cells of type $lut.
Using template $paramod$277234d3a89cdba483de4f792ba5154264691367$lut for cells of type $lut.
Using template $paramod$dde6676c9215bf39e430bd1d123eee1fd5add8da$lut for cells of type $lut.
Using template $paramod$1fe220b00039cd72da04295ff61628f4170b8fe7$lut for cells of type $lut.
Using template $paramod$9f11756002edfb3c7e0b49a2e8bb4c2bee3f7972$lut for cells of type $lut.
Using template $paramod$00a5bc45e6667f51f28d5b4677f421958cecc119$lut for cells of type $lut.
Using template $paramod$5ab2d8e149f0f7bcfbfcf4f4c985070a69c11a8b$lut for cells of type $lut.
Using template $paramod$787713dfac813be14f1e0dd6891ff076cca166c6$lut for cells of type $lut.
Using template $paramod$3d59415a0c47833ffbe2f8c96f054d04ae7e210c$lut for cells of type $lut.
Using template $paramod$ad613afc829d52a92e64dfa523312b8c0e094ccb$lut for cells of type $lut.
Using template $paramod$4ae368514cac557f65a3597f83323bfb7726be9f$lut for cells of type $lut.
Using template $paramod$a804bcb448029153e6ef048387a9708d625866d7$lut for cells of type $lut.
Using template $paramod$1384e04f5ed36f3bca923d2a479538fa746cf25b$lut for cells of type $lut.
Using template $paramod$1586a58c6a760617b4b5d01599ede162e4d17c8f$lut for cells of type $lut.
Using template $paramod$692927e279b3d5c42ee4aacb287247c0b34943ed$lut for cells of type $lut.
Using template $paramod$13c37b3451803efee998a7caca8dd42631c5fbc4$lut for cells of type $lut.
Using template $paramod$a2bd6d95ea990255230f029a8c6404e8fe51f10e$lut for cells of type $lut.
Using template $paramod$734cb5d7d83659ae4da13abb9e04fafa8dc19119$lut for cells of type $lut.
Using template $paramod$f74bfa0f1b98e30c4b84dbbc3891d6218f8d0411$lut for cells of type $lut.
Using template $paramod$0648a9971338eb5e0ed691e2a77f7ac35ca33a48$lut for cells of type $lut.
Using template $paramod$6d6efac44da74a17a7c4094a5db2955b22ae3d64$lut for cells of type $lut.
Using template $paramod$499616f2ea39c08ad706fc98c6af1d777dd86c00$lut for cells of type $lut.
Using template $paramod$a8b9d246dbe0b213bc5e1342ad757b5a4d67c5e3$lut for cells of type $lut.
Using template $paramod$ade3ce82337a44b5efe26d5b60b67d3985151066$lut for cells of type $lut.
Using template $paramod$e5de6d527749aca5ef554b3a89783e46227ca531$lut for cells of type $lut.
Using template $paramod$a8e6df6a5fd67f9332baa9f73dc6aab00a9ffbfb$lut for cells of type $lut.
Using template $paramod$4815e73be92b2abc2908b81a5c4253c0898e54e3$lut for cells of type $lut.
Using template $paramod$3ea204def377caabc430046f1e44ac36396d461c$lut for cells of type $lut.
Using template $paramod$85692f5b3fc98bd0fb1364a923ed9637b3b59188$lut for cells of type $lut.
Using template $paramod$c032ecaf9c6b86208e66344ba6e00fe493a86759$lut for cells of type $lut.
Using template $paramod$9bc66c184dc9e64605cf896309ff01859d219d88$lut for cells of type $lut.
Using template $paramod$6ad186b2f286159073808731cac5377c83bae84a$lut for cells of type $lut.
Using template $paramod$421ce0be61c56198fe55d70c93d5b912e7a51b42$lut for cells of type $lut.
Using template $paramod$89fc6258569a3527eb8ac2d549edb9a5f8a9a842$lut for cells of type $lut.
Using template $paramod$b2c1f6fbaa59cc5aea7f046b07f55565d220e1b5$lut for cells of type $lut.
Using template $paramod$c3e3a0cb9630cac522ec92b4f6554e9063074c84$lut for cells of type $lut.
Using template $paramod$62b9261783e1c871dc7ed21dfc7db1289c795d54$lut for cells of type $lut.
Using template $paramod$1745a5a42de54efb888b0c26451e41a3a032b4d8$lut for cells of type $lut.
Using template $paramod$8317234c4ac8c48e196b8dd0d345ac3c7ea0ecb8$lut for cells of type $lut.
Using template $paramod$abcb5fbaf05047b08e81278eddcf384fefedb385$lut for cells of type $lut.
Using template $paramod$e5e1b5fdcbb651683ee014a51735894626627dde$lut for cells of type $lut.
Using template $paramod$1508212f3a9b85ac6927422cfeb20341c3f77087$lut for cells of type $lut.
Using template $paramod$5c14c15c6bf511be408334b79f77503048f28fb1$lut for cells of type $lut.
Using template $paramod$414745c3083bd4192a576e32d527cecdfb1afd82$lut for cells of type $lut.
Using template $paramod$3af94fe0c3ff10b1381528f87cab244531482eeb$lut for cells of type $lut.
Using template $paramod$66a3f2d07b22020ac86b8a4a0939ecf68c5aea4f$lut for cells of type $lut.
Using template $paramod$34b90d907d72be5cf08afa9856cc38afb1ed8d78$lut for cells of type $lut.
Using template $paramod$469c7420ff616ee1d38fa47fdef516af90223fcd$lut for cells of type $lut.
Using template $paramod$6ebf219cee9afa486ec4f9b5b77b8942b0d86728$lut for cells of type $lut.
Using template $paramod$54a0d8fb0d3317708171e2c8906e940b9088c600$lut for cells of type $lut.
Using template $paramod$1b019fb2691c89746677f175fc508aec5b1beaab$lut for cells of type $lut.
Using template $paramod$738daacac7a6d80a89b2d97109b90db9b2708a27$lut for cells of type $lut.
Using template $paramod$cd389182271445ce97441bf40746553b4bd1a410$lut for cells of type $lut.
Using template $paramod$4707c6262dbd977a997ea0d316c44334f1faf8be$lut for cells of type $lut.
Using template $paramod$b1bc968427d381dc89a2e76a35ca756ee0feb4e5$lut for cells of type $lut.
Using template $paramod$1ad95fb0e990181553de8eb1ec526935576ff579$lut for cells of type $lut.
Using template $paramod$c56e53332e8adfbb2d82d38677282b45eb878a02$lut for cells of type $lut.
Using template $paramod$d8eb60378ab2dc447d57917a589bf320cd7c58a9$lut for cells of type $lut.
Using template $paramod$afce1d56efcf6a7ba1609a0c15ffe1362613d5aa$lut for cells of type $lut.
Using template $paramod$731dc829e7b349206e4fac8c1f00ce5144b68d6c$lut for cells of type $lut.
Using template $paramod$0de324c7ea23a12fd409dae71111a1728fb91e81$lut for cells of type $lut.
Using template $paramod$0e65573cf44da362c61aaffcfdd7a6f55a6f6397$lut for cells of type $lut.
Using template $paramod$bf117737e9b41b08dbf58bbf83ac65f30bd1839d$lut for cells of type $lut.
Using template $paramod$69365e5c84c79bccd1734911229cb9f1bf7ad7e7$lut for cells of type $lut.
Using template $paramod$08f6289d95c88a689c57b64dca6edca2f2a8a906$lut for cells of type $lut.
Using template $paramod$707570469c9202052e2edae0bc42d2e2253e1e62$lut for cells of type $lut.
Using template $paramod$3be75cff7e72cf31361a38a62ce9f91b8c34f58c$lut for cells of type $lut.
Using template $paramod$08f0ce2f50f236921bc42c0b95f6bccd2d44ef82$lut for cells of type $lut.
Using template $paramod$8931f7a998dd4f93f60e781f2a75660308742c8d$lut for cells of type $lut.
Using template $paramod$a61ab558fba26d1c54e391bae20370eb1eb1a477$lut for cells of type $lut.
Using template $paramod$ac5104b0f31e073ac445859404a5ecbcf6edcff5$lut for cells of type $lut.
Using template $paramod$53a4629c14cd144e5681b5958742a912f4009658$lut for cells of type $lut.
Using template $paramod$79cd3165fa74f8326ac39e9723c6f254a5b4f26a$lut for cells of type $lut.
Using template $paramod$8ee719fea47d9860102cb16aac878c3827fa71d3$lut for cells of type $lut.
Using template $paramod$71a96c621bf23b139038ce199a04f47b853774b7$lut for cells of type $lut.
Using template $paramod$147d39c870e290bddd1c2f6f32b4b46e23a15166$lut for cells of type $lut.
Using template $paramod$9ed928189645e69f59fd117ef04f1543589376d8$lut for cells of type $lut.
Using template $paramod$a7ca568ae0e7b61bc4a79e0327dd2a7f13948d0d$lut for cells of type $lut.
Using template $paramod$db7419dc78db0aa83552e63ddca8bd42d0deb484$lut for cells of type $lut.
Using template $paramod$35bb43ec68c5abe82e3e00a76591cc9dd185f537$lut for cells of type $lut.
Using template $paramod$281cc53abe53e5eed198abfb7811a5ac4b602380$lut for cells of type $lut.
Using template $paramod$556c69dc46ef4798e751bb353ac057129ae20bb0$lut for cells of type $lut.
Using template $paramod$693b2706ca522f5849d7240532881f8f08ca2f8d$lut for cells of type $lut.
Using template $paramod$864bdd2cd6134e0b219cccf7e695756e7641f611$lut for cells of type $lut.
Using template $paramod$12ab3e060b983b2a6dd70f2b3ae3699b70774d7b$lut for cells of type $lut.
Using template $paramod$0cc1007e841d11e0ac9bffea4c86cec2dffc5826$lut for cells of type $lut.
Using template $paramod$bb36235b043bb4c8927b551311cab5e4a360d184$lut for cells of type $lut.
Using template $paramod$c8c4c8b4b921aa8f2de5b651fda7870b49345356$lut for cells of type $lut.
Using template $paramod$f6bdfe6bd9c088b976751e8399371fab8bb384a1$lut for cells of type $lut.
Using template $paramod$19efaaa083c56d12d527225832548080b47c20f8$lut for cells of type $lut.
Using template $paramod$d1680e4b7951b5d586e80250cb144fd9e8a1c813$lut for cells of type $lut.
Using template $paramod$17c8ac9b23ed3be0cd542bec30d6abced24a1f78$lut for cells of type $lut.
Using template $paramod$3529b3a16132ff20a98976e6f1c1445f68ad7599$lut for cells of type $lut.
Using template $paramod$aad72af640fd3808b96db51bb8b23c293ec78e62$lut for cells of type $lut.
Using template $paramod$95930368f65ad8a3e3b96c716393cab212e37f82$lut for cells of type $lut.
Using template $paramod$b7a1efe717b647719c889b69d8085888bd4923b9$lut for cells of type $lut.
Using template $paramod$1cfab8793392a34bf4d0d4d9be47926f376a4019$lut for cells of type $lut.
Using template $paramod$0b498a8ea80dfcf166d7fb884f1855297e9852a9$lut for cells of type $lut.
Using template $paramod$4ad2a7899ad351822f5cd2be6b9f1f41245607fe$lut for cells of type $lut.
Using template $paramod$86b514036fc0bf1d7fa8100394a3aef6f5240d06$lut for cells of type $lut.
Using template $paramod$6b0dc706ecc2e8a6f254707fe009d4364465fd2b$lut for cells of type $lut.
Using template $paramod$38db26ec267af4c8b7410e997e53bd7e9b44438e$lut for cells of type $lut.
Using template $paramod$ffd13d8f135d5253c7565faae38cd586639f9cae$lut for cells of type $lut.
Using template $paramod$b2cf396a87c419558f44844ab7e8a10ee53a7c09$lut for cells of type $lut.
Using template $paramod$5dd1b056278e172553759e15bb955ca552d62635$lut for cells of type $lut.
Using template $paramod$d8d3b65d457fc38329d805a3eca754a191ed1895$lut for cells of type $lut.
Using template $paramod$41004c0a410127f307b8d35c76e6d956b01ccffb$lut for cells of type $lut.
Using template $paramod$5ea623bba11172a006d9243069ea246a469538de$lut for cells of type $lut.
Using template $paramod$28ac42cb303ad8b86982901c4e37bb184fa4277d$lut for cells of type $lut.
Using template $paramod$e47f32c53a8dfef3b6cf5fec701e0ab9b5abfbde$lut for cells of type $lut.
Using template $paramod$19213a69a68af034dbcf7019f95a4556fdefe204$lut for cells of type $lut.
Using template $paramod$b4b64fc9bbbd57dcbc5b62827f08bee46d2a3173$lut for cells of type $lut.
Using template $paramod$df0263c5a519ce42e40e87dd9034a386ee62d724$lut for cells of type $lut.
Using template $paramod$a424b4922abee7ef234f334c7d0174282a380405$lut for cells of type $lut.
Using template $paramod$32c0df3407085dc731cf46f58d628b3dd7f8d793$lut for cells of type $lut.
Using template $paramod$56bfb9c7bc4e9d036b2c8ade273bc395ad3f1805$lut for cells of type $lut.
Using template $paramod$f4adad8e191b21d56f4e7d54cebc91411821cd3a$lut for cells of type $lut.
Using template $paramod$6d61b004e253a612d047a5fefe65f4f43c691b2c$lut for cells of type $lut.
Using template $paramod$209d4d5e8a5e533fe909afe821a39df8a448f91b$lut for cells of type $lut.
Using template $paramod$d87a490884ae9e6ce83c67663e76e87cdae32eab$lut for cells of type $lut.
Using template $paramod$504f462ce75e9264622f7c848f952e04336dbb96$lut for cells of type $lut.
Using template $paramod$7e982f534644db7712dbdc5d4e474c83f26ed17f$lut for cells of type $lut.
Using template $paramod$550b2dfb13c425f6bbad4184223ac73bc1fdcac5$lut for cells of type $lut.
Using template $paramod$cba70b6e653a9200d4db4a28a637d318ceb4e4f3$lut for cells of type $lut.
Using template $paramod$1cde32e5217d13aab78482fc260d28fc6d74cf6a$lut for cells of type $lut.
Using template $paramod$ba85f63a4215dee28b46e886e4de0ddc059d0ced$lut for cells of type $lut.
Using template $paramod$5d3b9542cca8b9bb4154030129723aac2ee4b858$lut for cells of type $lut.
Using template $paramod$6a8e6f95c37df270ad38afcfe64000a6493e3cca$lut for cells of type $lut.
Using template $paramod$d13e3b018d5e97d08ba38366ddbd68cecb1b2d89$lut for cells of type $lut.
Using template $paramod$42b83ae56e485e5ef656945ca2878dda840bb840$lut for cells of type $lut.
Using template $paramod$2451eec59830521c3c5765ffb7233d1c20997b87$lut for cells of type $lut.
Using template $paramod$738a5b0c83896ed1e0727aed77d894de9b80428f$lut for cells of type $lut.
Using template $paramod$ebc14eee242518ac229d8f8ff04caa754812c658$lut for cells of type $lut.
Using template $paramod$b9c46ff01066b9bf07cfea7ab6766dc5f765b094$lut for cells of type $lut.
Using template $paramod$eba7bd3307c34aa2504d43425a42c999ca5814d2$lut for cells of type $lut.
Using template $paramod$47de333ce84d68e151ea1c521e13923a077a35f9$lut for cells of type $lut.
Using template $paramod$d956dc2b1dc245537b7dbfaa706451a33a162c39$lut for cells of type $lut.
Using template $paramod$beffb93cd7a623240785d869221e91ea537723ad$lut for cells of type $lut.
Using template $paramod$759a69f4ab222e76e22022c2e77ce9c8116f17e1$lut for cells of type $lut.
Using template $paramod$bcff4bc3009f0f700fa0b92beb881b3d7d69d9fc$lut for cells of type $lut.
Using template $paramod$7822cdbaefcc0c718a77afc73597b2712b99efc6$lut for cells of type $lut.
Using template $paramod$ad4713b363bceddf24d3cbfecb8eff691677860d$lut for cells of type $lut.
Using template $paramod$42fd86394004644f8b65f45319623d3257d5fd71$lut for cells of type $lut.
Using template $paramod$77f46c92077c4898aa79269c69eb757287b496ce$lut for cells of type $lut.
Using template $paramod$89135ad4a3f2af0de66e8e800d4e6bb8718c8cc7$lut for cells of type $lut.
Using template $paramod$fe1996ab73a7b68bb24188a4b8893da010921ec8$lut for cells of type $lut.
Using template $paramod$1d1e155fc10facdd19402c8070badcb616e59a57$lut for cells of type $lut.
Using template $paramod$16110c30c9a2cf9978bdbc1c3b3d3b91a381326a$lut for cells of type $lut.
Using template $paramod$94983b04d7f94ceda7cf956cdc180d276f578ab4$lut for cells of type $lut.
Using template $paramod$97da7d31f5bc200c828332d49ad6b0a87ca763fc$lut for cells of type $lut.
Using template $paramod$58608f1f1bc9eae735b8283527de14aaf98fe4f6$lut for cells of type $lut.
Using template $paramod$c9774f1a705829dfbe9ff4a854cf333aeac784fc$lut for cells of type $lut.
Using template $paramod$1673e5c722c4cd4d125382ea6f2176eb91336522$lut for cells of type $lut.
Using template $paramod$c69ffc5430dc7fc0ec56a417028b59b4d1de9c0c$lut for cells of type $lut.
Using template $paramod$380499de7bc3d1bebc6ec92d4cc733a7ca339911$lut for cells of type $lut.
Using template $paramod$552e3322e4b067f4d534291d7d7f0fa4db22b890$lut for cells of type $lut.
Using template $paramod$82e41d0cb65b7e6a7cec2c2bdbff883dc152630c$lut for cells of type $lut.
Using template $paramod$9b32c291434ca6e795d80536dcc4c0c1c9fdd095$lut for cells of type $lut.
Using template $paramod$476539fda82f462248e13bca08b98aea5ad36f85$lut for cells of type $lut.
Using template $paramod$f7a0bb1974c16bd3189a1b7eed818ae621ada6d8$lut for cells of type $lut.
Using template $paramod$82ea02127e79e464d22e94feb94d7e8f5c68470d$lut for cells of type $lut.
Using template $paramod$cd51cb1f757a414e15118d03cc75d020140a7f51$lut for cells of type $lut.
Using template $paramod$9ca8573ccf8c28a344292d0e7b2a83537731f9be$lut for cells of type $lut.
Using template $paramod$658e51ccc964ecfd153f3fc403d332cd4b38c3a8$lut for cells of type $lut.
Using template $paramod$5359a91fc51e91734f324d69b53cc2923edf18d7$lut for cells of type $lut.
Using template $paramod$25e347ea68d0a37e6ec89a3d8824b9d52e250ab2$lut for cells of type $lut.
Using template $paramod$f7841b59a661d1f04e1df006d4da8ad960a8fe5c$lut for cells of type $lut.
Using template $paramod$5407923940ffd36040ca3908200b7d33c5a75839$lut for cells of type $lut.
Using template $paramod$4efd1b47743553d2acd3bf9d6f9320a0d69e4d5a$lut for cells of type $lut.
Using template $paramod$09a7aba071ac90fd65cd7ec44461dbfa320e363f$lut for cells of type $lut.
Using template $paramod$d28e34a6f59e3597741493ac0652aa6d8551c0a8$lut for cells of type $lut.
Using template $paramod$fd6b224d2a643c71d653730396b244a248f4875e$lut for cells of type $lut.
Using template $paramod$ba9511f77db202cc3855cd48267e45bcfbb66dfb$lut for cells of type $lut.
Using template $paramod$16b98de4afe1e9145170d75b8f8983b294177c46$lut for cells of type $lut.
Using template $paramod$89d4775dc4a3896a85c9d974b80e40d6ecfc0d05$lut for cells of type $lut.
Using template $paramod$245e8a36489151c6825613c1537d688c6c169d1a$lut for cells of type $lut.
Using template $paramod$06fc2007402bd8374714ba45b03265cdb5b17eb9$lut for cells of type $lut.
Using template $paramod$1e18bb222b874015e5ffcc6f06d22a0714fbcf43$lut for cells of type $lut.
Using template $paramod$4f2db683d0759952c7b089497ecbe7d61d831333$lut for cells of type $lut.
Using template $paramod$861bab54acb097652710beb87a9de60ab0208faa$lut for cells of type $lut.
Using template $paramod$e20efc9f166747b317f7c0782a4685b0a666ba02$lut for cells of type $lut.
Using template $paramod$2bfb7645c6c4424af1ad4812a5f4b9918e8652f9$lut for cells of type $lut.
Using template $paramod$77d2e1db305b9c2ffef2eada98a090f444e1a7cb$lut for cells of type $lut.
Using template $paramod$6efdbb6d7f7b97a05eb03ddab327892b92ffefaa$lut for cells of type $lut.
Using template $paramod$8cade53abc1422f2ea5289867a2fa36222647539$lut for cells of type $lut.
Using template $paramod$10072a6aa544a7599cdaecae04df7aa617b324ab$lut for cells of type $lut.
Using template $paramod$53fd6a82e0ee38a221451447da17a994f5eddda7$lut for cells of type $lut.
Using template $paramod$a46cc8a6800ececa93f76107020318b68dee38fb$lut for cells of type $lut.
Using template $paramod$45efc02529f202e81a17d32671d07144fc6f96d2$lut for cells of type $lut.
Using template $paramod$ee6682f13f4058ad3f1adfcfc64fc4b737208600$lut for cells of type $lut.
Using template $paramod$7444f4c942f54cd75b24aca934492b6d6000e5e1$lut for cells of type $lut.
Using template $paramod$fe37f7bcfc39dd0533b42ede3cd356e7a5da8aba$lut for cells of type $lut.
Using template $paramod$002ed79c193c27b725365a8debb2810e64fa6282$lut for cells of type $lut.
Using template $paramod$eae3df0999a8fae8c4206cd9d483f838d71a5038$lut for cells of type $lut.
Using template $paramod$4fecd6f048c13201e253aa7a8c8071b66ae8f69c$lut for cells of type $lut.
Using template $paramod$192a64039ad3603cfdcd6f82a09b2326e25a487e$lut for cells of type $lut.
Using template $paramod$86defe88452fae32295f586ebfe0a8c893432385$lut for cells of type $lut.
Using template $paramod$114f411e55293703ac4ed0b5f515c44741f9daea$lut for cells of type $lut.
Using template $paramod$8fd3287a198df2731597e76c2922832948f2d014$lut for cells of type $lut.
Using template $paramod$75bd864a9bb454f81effe3d4358df239afa6b520$lut for cells of type $lut.
Using template $paramod$c105c3ef2f9a8105b3df66cbb6aad4c6c690aa8f$lut for cells of type $lut.
Using template $paramod$21bab29215e4f8491d51f75a3671b82a8beefc76$lut for cells of type $lut.
Using template $paramod$288ba902c5b9c471789afa59d5c1e17a67b6fff3$lut for cells of type $lut.
Using template $paramod$160f9f692abc597b8db66d1905d2e53f9d300ac8$lut for cells of type $lut.
Using template $paramod$1987f59cf217be80abbc97df201045b2769abf5a$lut for cells of type $lut.
Using template $paramod$ecb6e06fd7b7e42a0ee7f51e375493ae8948f874$lut for cells of type $lut.
Using template $paramod$3cfa929b51715ac2f034ec5080593e83e6fbac5d$lut for cells of type $lut.
Using template $paramod$992db0fe5b32a9e65bb92af1193111e4bf1ec618$lut for cells of type $lut.
Using template $paramod$f97ecfdfadfa012b5829f78f445dea1d42cb5d97$lut for cells of type $lut.
Using template $paramod$4a72cc874a09f7571ce22b9b7f3a01b548d01090$lut for cells of type $lut.
Using template $paramod$ed77db2538e22cc657782f3ebe72607bff50f20d$lut for cells of type $lut.
Using template $paramod$5de1ab5aa2e04107cc45fd4806a01784e64dd5a4$lut for cells of type $lut.
Using template $paramod$fced1e4a68a3ccd8a77f0172a7a27e31013c73a7$lut for cells of type $lut.
Using template $paramod$a52099cef019bbe114de53cfbdef9b6de0e07cac$lut for cells of type $lut.
Using template $paramod$94e62327b28ca3ac5dcb57b952d3c42041e0f527$lut for cells of type $lut.
Using template $paramod$d533f56bcf1f1917c846516aeb39dc464036a534$lut for cells of type $lut.
Using template $paramod$99295e9f3d7704828774f7a3b83d518feb6da067$lut for cells of type $lut.
Using template $paramod$74369a623bda69da6caff7fc50ab0b3eb4b721e0$lut for cells of type $lut.
Using template $paramod$3cf48b122484ab712b9eef468fe2a5a5338f5c02$lut for cells of type $lut.
Using template $paramod$7a8e5c3fa4e3d650ba2cf8228c6ca0c6eb6f2b6e$lut for cells of type $lut.
Using template $paramod$577fccbdce443e77b85b3a1fd131d9100bee56a7$lut for cells of type $lut.
Using template $paramod$eef522c64bbb8297c3eeca5286aa7fb338deea74$lut for cells of type $lut.
Using template $paramod$6d21dd8b50d05c2d6bd4dc3b573e4251c51198a4$lut for cells of type $lut.
Using template $paramod$be106a8c4bdde6d58fff0a70d09715f9f05ba414$lut for cells of type $lut.
Using template $paramod$5a74b8808b6d65a440f8d0a04af841d25f5761af$lut for cells of type $lut.
Using template $paramod$354f2ac3a7509923d916a7ac67ed9130e56c61a4$lut for cells of type $lut.
Using template $paramod$ed246fec792910965b65c217891f84d77db569ce$lut for cells of type $lut.
Using template $paramod$85a26b535b1022500133d997d3eb55b9a96acbca$lut for cells of type $lut.
Using template $paramod$5ebf83bd8de369ecf9cc01294808e948caf6f223$lut for cells of type $lut.
Using template $paramod$2f12f6ad65bb6b3f80c9f21484f3a5583d79343a$lut for cells of type $lut.
Using template $paramod$9033fd63b8b5202e4d645ca59a8a6af0039ec857$lut for cells of type $lut.
Using template $paramod$e961da90a771f5989ad3eb701bff5437ac65eaae$lut for cells of type $lut.
Using template $paramod$d3b491358a37ae783c96ad59cd8d3841c9ae868c$lut for cells of type $lut.
Using template $paramod$123ed58fdad6bd174205e241bd14569fcfbbe887$lut for cells of type $lut.
Using template $paramod$8d1bcf5bb4960c654c15a2347a91187aab4b3343$lut for cells of type $lut.
Using template $paramod$ced7cc3d10c5b72dad9ed1805d688804fd799e9e$lut for cells of type $lut.
Using template $paramod$9860859c065cdba53450984813d75036f670492e$lut for cells of type $lut.
Using template $paramod$acd9985771b06b08582586e30628f80f1f678215$lut for cells of type $lut.
Using template $paramod$201c94ba3de667d13dac70ed4313fd567eb62231$lut for cells of type $lut.
Using template $paramod$e872ba8d74c87dbc8bfa934d1358fa7dbe519d0d$lut for cells of type $lut.
Using template $paramod$9e03b231bb647f7f967cbaaa5e7b22306357ace6$lut for cells of type $lut.
Using template $paramod$c4bc37259a25bc3d4b4607eeddd5e7f2213078d0$lut for cells of type $lut.
Using template $paramod$ffd80437981ecdce8ce6d421aec00a2868945101$lut for cells of type $lut.
Using template $paramod$ca67dce876c87700a775c02ea788898b91107f77$lut for cells of type $lut.
Using template $paramod$73f4b33353e367d0c2e2ee3d1828b5669b4fef00$lut for cells of type $lut.
Using template $paramod$d374583eb959c46713177adbd3e3858468b2e570$lut for cells of type $lut.
Using template $paramod$b05caddbd9c6f85b97d2808cc8655dbba67095eb$lut for cells of type $lut.
Using template $paramod$0117c7a6e583e9ec130af6ebd8fb9b5dc397820d$lut for cells of type $lut.
Using template $paramod$3ae70c96a303dcfa2adae6cd3477fe1febd9310d$lut for cells of type $lut.
Using template $paramod$6f7a3bd7ae75325075e415ed2fbc99bd2071771b$lut for cells of type $lut.
Using template $paramod$4413121ee105ce55f0061069eefef0c095c61b72$lut for cells of type $lut.
Using template $paramod$863e1ebcab6cb9cd176a2abfef2e9e12c6a307d8$lut for cells of type $lut.
Using template $paramod$7a4f6b2bd429dab3e09c06857508c4d52b690d7b$lut for cells of type $lut.
Using template $paramod$0766549592e73ecda79007a398169eec103e0476$lut for cells of type $lut.
Using template $paramod$2fb30fd1a923deb913348c7aba7453bbeed0a1d0$lut for cells of type $lut.
Using template $paramod$f1bdf5268949b7a35eadbfacdb53293543d36a3a$lut for cells of type $lut.
Using template $paramod$a7b20c71c1a86ca9d49e30c79fb21cc476d0c51d$lut for cells of type $lut.
Using template $paramod$92e2a83a0bedc5783bc83c1c96b9148becebdfcd$lut for cells of type $lut.
Using template $paramod$8dac58ce1928352042995a4bab9cd4d66cb6ed77$lut for cells of type $lut.
Using template $paramod$7570d21f564f7068cebb1f85532ae419586d87ce$lut for cells of type $lut.
Using template $paramod$5438be6f7c2a9d8ddccf544d20d755291e69016e$lut for cells of type $lut.
Using template $paramod$2fce62c67413630166512ed5ea867e4dc08dc814$lut for cells of type $lut.
Using template $paramod$df888b51e4fe54c2399089c29896210b34e9500e$lut for cells of type $lut.
Using template $paramod$2a5e3169bb24b32f77d566362fe95e0c74908f86$lut for cells of type $lut.
Using template $paramod$89ec720a93ca6ebe82d4c201a15bf142b1540ca9$lut for cells of type $lut.
Using template $paramod$c74b9c1762e662271316667161c2b341dcf3cae6$lut for cells of type $lut.
Using template $paramod$b19846ef51b9964dadba1ada32fb04c74dad7903$lut for cells of type $lut.
Using template $paramod$564a101209d840c148cce1814f25ffee1cd09eb4$lut for cells of type $lut.
Using template $paramod$c0417e30a1b4ca2a715c6fd3de4da9ef86acf74a$lut for cells of type $lut.
Using template $paramod$21fa8e78513f0796e92382002fcea9a01f9e76e4$lut for cells of type $lut.
Using template $paramod$ea62da0361966a3487ef798cb38999b7e8c16f96$lut for cells of type $lut.
Using template $paramod$a99b4b2eeb8c72b1ce5a348397d8064017056805$lut for cells of type $lut.
Using template $paramod$b4dac328a4079f4bfa96ea4b662e9761cdb03e7d$lut for cells of type $lut.
Using template $paramod$fea7da747dcd8fd3ed513784f5e06fafe88ff983$lut for cells of type $lut.
Using template $paramod$0e6e2c2f27aa692c572a0f95fa737ada9b8194fb$lut for cells of type $lut.
Using template $paramod$833d34ab0778b8ab26954256c7b757dc583820a2$lut for cells of type $lut.
Using template $paramod$3ec96f3551a625656208093617d7cbb4d9a31421$lut for cells of type $lut.
Using template $paramod$3301a043be1967bb6b2c5ada5205597272543b1e$lut for cells of type $lut.
Using template $paramod$04a5cb6a01256c638200174cdff4f3814933dbcd$lut for cells of type $lut.
Using template $paramod$f33e99172207e3d37aa3d39f6a5da07291994b5d$lut for cells of type $lut.
Using template $paramod$a964f8ed466638f11766930007624f9261481a37$lut for cells of type $lut.
Using template $paramod$9689afed18f7c17926562342619d32be605e99f6$lut for cells of type $lut.
Using template $paramod$d2bf4538ff75dfb2a6b7b73dff7193f9c2896286$lut for cells of type $lut.
Using template $paramod$ca5260a7d4465766f86c5fda2a1c99dcb46d8d4a$lut for cells of type $lut.
Using template $paramod$0bb1486eaa88be7c7f7fb0fc28980d9a599b0991$lut for cells of type $lut.
Using template $paramod$d2e7b66a0bc0e8adbb1fb28d1d7065d6e337ed61$lut for cells of type $lut.
Using template $paramod$492caac845e76d403c55c74589be4ef32dfd0d7e$lut for cells of type $lut.
Using template $paramod$1f3d9e41b8852a046a8964629407ac2a74581a71$lut for cells of type $lut.
Using template $paramod$54561102c8bc1dff34a98e3e39bb8e466d7953c0$lut for cells of type $lut.
Using template $paramod$f804160aded9271e6ad4c148aa9779872ea8cf3b$lut for cells of type $lut.
Using template $paramod$c32f81a432904408c6a89f6494945f9f64209b93$lut for cells of type $lut.
Using template $paramod$6538a0cc1cb4735c85844288da470623605e12b8$lut for cells of type $lut.
Using template $paramod$51b9fb880314b8e5a4a535514b760933bae5634e$lut for cells of type $lut.
Using template $paramod$699f3469352c14479c82d7b8dfe919d5fbc78ca9$lut for cells of type $lut.
Using template $paramod$841633599ee7e6af3f2f82b86d4c518922d4c8ce$lut for cells of type $lut.
Using template $paramod$6e1239e3eeb749e971540f65c4fe0465b5fd7886$lut for cells of type $lut.
Using template $paramod$337a0b5c7308df122e7ffd5ae1bb1fae6da8b1ad$lut for cells of type $lut.
Using template $paramod$b2c4074000e4b445c8589e7b077c1f143916d3c6$lut for cells of type $lut.
Using template $paramod$55454b3bf40e5849e37a176be236e0b2863171b7$lut for cells of type $lut.
Using template $paramod$f8ef4fbeb1e8e5d5b460d5f5a72d557d3844a5be$lut for cells of type $lut.
Using template $paramod$b3594aaa5137b38c39581edb19ac40e55e8814af$lut for cells of type $lut.
Using template $paramod$7b5bf06d6b2a9675c1f077cf2be599db9d72e81c$lut for cells of type $lut.
Using template $paramod$6f32b880c9dd6d42706c7b27b53f93933f1b0c8e$lut for cells of type $lut.
Using template $paramod$9103eeef8651abb551c86023fc8079961403be79$lut for cells of type $lut.
Using template $paramod$f1631d778a3765d7331cb48b56bb3bda8d0063ea$lut for cells of type $lut.
Using template $paramod$00345789ed7707daec516e0f84d885fc9044d602$lut for cells of type $lut.
Using template $paramod$dc29552d4a7f22cd83192d932d090cfa144f41b6$lut for cells of type $lut.
Using template $paramod$46cf2fe0da4bcb16f7471bcbeb0a4a8823f341c9$lut for cells of type $lut.
Using template $paramod$678c47164456b46e93a0104b28d0ba4934f1aea4$lut for cells of type $lut.
Using template $paramod$c1ee88c180ab3a15336def3136a05ebaa1b17c31$lut for cells of type $lut.
Using template $paramod$9e9fef4f3fd44718fedd9427391d2d2692bc4ac7$lut for cells of type $lut.
Using template $paramod$97130752e2fc662da5caa86cfddb84ce1905f0c6$lut for cells of type $lut.
Using template $paramod$4beea8afae77c1d55fc77dda61a7504259d54699$lut for cells of type $lut.
Using template $paramod$1df080f2cd98c6056ef201d23e18e2bb641d9514$lut for cells of type $lut.
Using template $paramod$806e1d5a9c314649481401ba21b83fc949d6bd7d$lut for cells of type $lut.
Using template $paramod$6a9e6a7be18da3b2738a3c440c25aefc246735de$lut for cells of type $lut.
Using template $paramod$6c07a0be3b7e660009c9244d0ada1abd9bf45357$lut for cells of type $lut.
Using template $paramod$6af023d04780a6b54e8dd53dc6126bcf1a45e79b$lut for cells of type $lut.
Using template $paramod$1e05b31d9ef5a73a22c0e9c3140c467da6bb9561$lut for cells of type $lut.
Using template $paramod$ca491800930489338c17fc957f3bd0f0c71d214a$lut for cells of type $lut.
Using template $paramod$2aefd88dc7c82a794e835ccc7c7c2616999e3b99$lut for cells of type $lut.
Using template $paramod$e58c4970c88c4be5292a829cada363965ca7ff9b$lut for cells of type $lut.
Using template $paramod$3fb7222163584f61f86d6a051682370d73d93321$lut for cells of type $lut.
Using template $paramod$2342366952c03ae80b2e7c485b2d9e130bd7ccf3$lut for cells of type $lut.
Using template $paramod$3a15f0f0706d7d75109c4f8e9a1b81ee0b034c9d$lut for cells of type $lut.
Using template $paramod$afaeb2e188b86954d3dfec94b286b8bd89485e66$lut for cells of type $lut.
Using template $paramod$09cc4092863845b78909d22e15cc84bf00de5950$lut for cells of type $lut.
Using template $paramod$7d4e04944d5fde38c2a72267408dbfbe61944c60$lut for cells of type $lut.
Using template $paramod$d05798ff87240e4135d7ea9179e479f41c7781cf$lut for cells of type $lut.
Using template $paramod$b58b9e6fd801cf809016438ee734fb9cfea1e19f$lut for cells of type $lut.
Using template $paramod$2bf13edab60c162142f99d43cb40a20ffaa37dfb$lut for cells of type $lut.
Using template $paramod$7fada8943c2195f85f2014a04604c99b0ae31f58$lut for cells of type $lut.
Using template $paramod$0ed4736b1191795b6e8974125fad0ebba3bd2971$lut for cells of type $lut.
Using template $paramod$a2404a68f45b7b35fb74d71cc7c28d4a6e8bf566$lut for cells of type $lut.
Using template $paramod$45b781be2d3e3c12da03451bf43ad36bf1ed767b$lut for cells of type $lut.
Using template $paramod$1105389d7dd9bb30649af81306ba16328e2f6e49$lut for cells of type $lut.
Using template $paramod$3aac200b1ee408e2209f36da43590d012f3b4c43$lut for cells of type $lut.
Using template $paramod$53f12c95ac336b34337beace0e085d789dff2029$lut for cells of type $lut.
Using template $paramod$7590453ecc5dba52fef1b7f30cef40329723142b$lut for cells of type $lut.
Using template $paramod$79ffb7edd4e3610caf2f8499686a4bfaa81ed9c3$lut for cells of type $lut.
Using template $paramod$b585b421d8b8a2155e4dc343595c78cad45729cb$lut for cells of type $lut.
Using template $paramod$24a619cdb973c2c92bfa3b73899cd597fff22fdc$lut for cells of type $lut.
Using template $paramod$84168a83ff4aa08f6e217228fb089e5ec14b935b$lut for cells of type $lut.
Using template $paramod$da0ff5370765bfdf09119684091cd941258cb629$lut for cells of type $lut.
Using template $paramod$7a749fb8a37ace20016fab86d1e429bfd309ec0b$lut for cells of type $lut.
Using template $paramod$07435e1d9525c63d40298b9414e20f2e7955c97e$lut for cells of type $lut.
Using template $paramod$5a8ca4272ffdc55d2ce418860b005d0af8598e53$lut for cells of type $lut.
Using template $paramod$23507b295a1be85c1d2fa7d62bc38392357d5ee0$lut for cells of type $lut.
Using template $paramod$6f5bbefa1079d4f182a7686d416e82c7eeb73388$lut for cells of type $lut.
Using template $paramod$cd68256025bbc4a377de1005bcd03d02acfe75ad$lut for cells of type $lut.
Using template $paramod$90013a2c859fc0946067d6dceee8adbec544bf63$lut for cells of type $lut.
Using template $paramod$483d2505bcfa63f4262fb17c5d9a82e84469f8e4$lut for cells of type $lut.
Using template $paramod$217d114340474702e91687c3c31a847f20bb5bc8$lut for cells of type $lut.
Using template $paramod$a8ec169c3847ff3744fb66d169e985fd1b1bce65$lut for cells of type $lut.
Using template $paramod$e9011383c853888c1b75e7a295eb1511225038c8$lut for cells of type $lut.
Using template $paramod$6cb9e38bcaf618f5948093b5734ad63bc3d6b9f6$lut for cells of type $lut.
Using template $paramod$d367e05a0861acf121235994a4fff23da56c8723$lut for cells of type $lut.
Using template $paramod$8f6bec787a3337fac89493b032dcc42ab6787b76$lut for cells of type $lut.
Using template $paramod$1ee5f258df10caab55441ff3170844321f396a32$lut for cells of type $lut.
Using template $paramod$0cdfe84a2d9dab1759c988a7c35c07108107c919$lut for cells of type $lut.
Using template $paramod$2f9f41e733730926c1b3bb9547f6cfb862f5e474$lut for cells of type $lut.
Using template $paramod$c1504a9d65993355c514e13fac0a4787130cc6b3$lut for cells of type $lut.
Using template $paramod$569c7f24a2dc8f7cc68781653c84d40af6bf28f6$lut for cells of type $lut.
Using template $paramod$b1cd7f37ddb2e1a85ea1edbed0635324f78aeeb2$lut for cells of type $lut.
Using template $paramod$81d9d2a1a8c48e8b1af8b3352e0c5b28e71a4832$lut for cells of type $lut.
Using template $paramod$ae0b55bc278c615386dec1aa72a70607cee69412$lut for cells of type $lut.
Using template $paramod$5bcffba64a4b9bff64898c5e4806e03eb4035021$lut for cells of type $lut.
Using template $paramod$4f3d4d938d5236fea2bf7065d2781f8ab2263d98$lut for cells of type $lut.
Using template $paramod$2fe70dc8f7d8d4c53e12686d9863d9ad022a4f68$lut for cells of type $lut.
Using template $paramod$8270516418a6dc70a988349f790d65f2ee040239$lut for cells of type $lut.
Using template $paramod$cd482eac0add600f1f71148158343ab4da3c251c$lut for cells of type $lut.
Using template $paramod$922cdb86778f08a4ff533a22d24adefef536b74d$lut for cells of type $lut.
Using template $paramod$3100559ac358b4448656c3c1bb9c2c3464b5327c$lut for cells of type $lut.
Using template $paramod$2c65781288120ff851373ebff577855f8586142f$lut for cells of type $lut.
Using template $paramod$2f14ba59dec30a3ecd03a3496ab46722012d8c15$lut for cells of type $lut.
Using template $paramod$263a40855bb77428060edb394588da72807397e4$lut for cells of type $lut.
Using template $paramod$ae7dec30d5d5608b8478412cdcc080c4e68a8343$lut for cells of type $lut.
Using template $paramod$4a6ff1cab31afe9410a8298daba897a495e54748$lut for cells of type $lut.
Using template $paramod$e3d029cabf2b7c68afa8400b9084ee4ecf1e95b8$lut for cells of type $lut.
Using template $paramod$38eb41627b73166bbe454e6a54f14d2c3bea9c81$lut for cells of type $lut.
Using template $paramod$0f40fb2eaad9f3c2c716749bd25ad4d63aea6f15$lut for cells of type $lut.
Using template $paramod$0f7f83b0baee43db60e24ff5c3ca0af421353e68$lut for cells of type $lut.
Using template $paramod$1d612b3f6804ca5d9481119b147431902b7df824$lut for cells of type $lut.
Using template $paramod$8d2d81c48a78e09d8be8dac5eea76133c2e4a012$lut for cells of type $lut.
Using template $paramod$29a312c6b203015a8d2d2fe119999e5a14ad8dad$lut for cells of type $lut.
Using template $paramod$64c7885e4c5f0feffd2447bcbd830563256d9e9e$lut for cells of type $lut.
Using template $paramod$e53093c2c7bf6048ed1817e71018c15c41dd29d2$lut for cells of type $lut.
Using template $paramod$033f7feb7101c84af52fd39e3798503d2cd24184$lut for cells of type $lut.
Using template $paramod$aa761ae8d31522237d28f2841ab833de449d6b21$lut for cells of type $lut.
Using template $paramod$babd5ea92821eed0bdddfc168b62cdabe74dbc80$lut for cells of type $lut.
Using template $paramod$635fe4a6c982fd4aa1bfc2982c64d5c2ca89d26e$lut for cells of type $lut.
Using template $paramod$38c7fcd4a247f7a31804655dc7ceecea5a6bce4c$lut for cells of type $lut.
Using template $paramod$b7999cccf07e64a426eff857b5a6c42b7ee00b07$lut for cells of type $lut.
Using template $paramod$d55595ff16d4ea28a33a3ed40a41f0874ca543fc$lut for cells of type $lut.
Using template $paramod$4a00add1ff2cc4be750f170a6a5b9a4dff257656$lut for cells of type $lut.
Using template $paramod$5adc0744972d412a87bad377fc9b6173013074e5$lut for cells of type $lut.
Using template $paramod$86415ea9360489d589946a964aabdd6d217316f1$lut for cells of type $lut.
Using template $paramod$0ff37db538f449f4cef94698b70020f8aa7815de$lut for cells of type $lut.
Using template $paramod$8461a38da2644081983cd5b082d7f6c55a8dc5b7$lut for cells of type $lut.
Using template $paramod$ecc8f136f6aed415e047a0ef706f98ca5d1ce334$lut for cells of type $lut.
Using template $paramod$bfed80fff028d6a9c1a598c204ceb33fe4527111$lut for cells of type $lut.
Using template $paramod$3d71bebdeba3b5a2c4cb46b3a6f3256323be0efc$lut for cells of type $lut.
Using template $paramod$04ae10f7d848c17f6abdd4c00ba30939b2cb4eb5$lut for cells of type $lut.
Using template $paramod$149f41c146f3d7df72799e86c14a5edee10b80ab$lut for cells of type $lut.
Using template $paramod$dd40424d1afe2d073c7afc82923873f7808975e0$lut for cells of type $lut.
Using template $paramod$cff92abd3d9f345148724f56b6df59d142de4a0d$lut for cells of type $lut.
Using template $paramod$4235a43a6aecdc0bd892229a2fd00105012c4cc2$lut for cells of type $lut.
Using template $paramod$884d19a8f4e838a510585821c3ccb240bf278b74$lut for cells of type $lut.
Using template $paramod$0a730600c4997355241d9431486b769770e7e495$lut for cells of type $lut.
Using template $paramod$9c3f509be86af3d9bd45d5e54a276af626b188e0$lut for cells of type $lut.
Using template $paramod$dcf4fbf5dd6dd62e12a093afc5d248fa23ff4b69$lut for cells of type $lut.
Using template $paramod$a656bd97abf11f38b1acb7acffea22941e779dd0$lut for cells of type $lut.
Using template $paramod$a02fc0949b66293aed42216b15e4c01307ad2492$lut for cells of type $lut.
Using template $paramod$2661aa2601af93e362041e04a59405a491f36855$lut for cells of type $lut.
Using template $paramod$6c324f274cc55723981ff93567f8f06ed63bcee3$lut for cells of type $lut.
Using template $paramod$8d5941bf0853299e05bea28334fd100393da0231$lut for cells of type $lut.
Using template $paramod$009b37308cb81fbdc794bab14b07b77b1fb32231$lut for cells of type $lut.
Using template $paramod$0d9fc2407c5c49e438d46b56bf1746c33cb60598$lut for cells of type $lut.
Using template $paramod$a0827538d701500986552d164e6297287a1b289b$lut for cells of type $lut.
Using template $paramod$4c2505780dcaf660a12d953fb50ad266c4f33c3b$lut for cells of type $lut.
Using template $paramod$577c8513e942674c591c000524d69489957d1ca6$lut for cells of type $lut.
Using template $paramod$70c0d6909a62e5d36be6af46f83c8c033bb2c9cb$lut for cells of type $lut.
Using template $paramod$0832fe92b930662ba59b9d4cd99902bc6dab2bdc$lut for cells of type $lut.
Using template $paramod$9b33da8ea32c2f09b1587882d129fafb837a895e$lut for cells of type $lut.
Using template $paramod$b6f31fa9289d32f8dd3b2d8b60d2358aa3095ef5$lut for cells of type $lut.
Using template $paramod$a0cf25a462775f827a095ab1cfae41bffe2a7b04$lut for cells of type $lut.
Using template $paramod$80e38befe88284ac9c3f5b16f8287b8c7a66a9a0$lut for cells of type $lut.
Using template $paramod$fc2b5519b242fc4878a114aaab3e1ba68f7448bc$lut for cells of type $lut.
Using template $paramod$aa9840d47646229deeecf1c2d874b1c3c19d3506$lut for cells of type $lut.
Using template $paramod$286aacc5b7a4731baff54bdc707da7383edcba0f$lut for cells of type $lut.
Using template $paramod$12200dedf80e24798f95ab249faac946198bba19$lut for cells of type $lut.
Using template $paramod$a2ec3508948d817801e321c2d67872a42743211d$lut for cells of type $lut.
Using template $paramod$4b5ba183f0c902915fed9be9a86840ce5b096561$lut for cells of type $lut.
Using template $paramod$3a2ea7d766def2f91e62a614180c123fa94eced9$lut for cells of type $lut.
Using template $paramod$24509d29dfd0edf53671a5ca5d6addd97532192a$lut for cells of type $lut.
Using template $paramod$bab68ab50f7db25dbb7e9d068bcbdb07cd9c810a$lut for cells of type $lut.
Using template $paramod$9c83190cb7e48bb3a6ae53b261370c80c7b95001$lut for cells of type $lut.
Using template $paramod$0fa21108fabdcdf2057d3da9cbd80dfc7faf800c$lut for cells of type $lut.
Using template $paramod$32c6fe6a3d9daebf0bd184b48c48407ada1b9c41$lut for cells of type $lut.
Using template $paramod$aa3e2175579ff485a7424f602beddb2c2c9b4a26$lut for cells of type $lut.
Using template $paramod$18466a6241b972ac920afb9f8d801647771333be$lut for cells of type $lut.
Using template $paramod$ef52b013a926e4d3ca4d329069a8b8de2973f29c$lut for cells of type $lut.
Using template $paramod$3329062fb78d4e04fb9c29a3eddd89a58216185d$lut for cells of type $lut.
Using template $paramod$d27c53f0d323567562c5777b6241dab4b15ee8f6$lut for cells of type $lut.
Using template $paramod$715978642dcf87ac9d13a97cbe8097971c1c9139$lut for cells of type $lut.
Using template $paramod$b621481f872588e7a755518850fcb01da9d363ff$lut for cells of type $lut.
Using template $paramod$d454ab3104cb642dc27b95f0d3e6a58cd8aaba91$lut for cells of type $lut.
Using template $paramod$065951c326493bf4d565da773d1afef56d340be9$lut for cells of type $lut.
Using template $paramod$1a53a64462d4f858578125b32b97b155596668d8$lut for cells of type $lut.
Using template $paramod$f966fe45febbed5cd1f3f426a2b52b7466801792$lut for cells of type $lut.
Using template $paramod$b78c7a2fce4be929f18f8d40eed31b60979872ae$lut for cells of type $lut.
Using template $paramod$b5eb66e2b14fe54cbafc0fe382ae010bc5046dcf$lut for cells of type $lut.
Using template $paramod$6a1857b3c28c64cf73f7145639cc4e6e58ac4735$lut for cells of type $lut.
Using template $paramod$442b2d1d6355ef0ab941bb5c629a560d8ab64c5f$lut for cells of type $lut.
Using template $paramod$ecfe3c5622f21e2ab9aa85d6600e38a931ef9128$lut for cells of type $lut.
Using template $paramod$e88fd4964a1fec2c840276119a37af8117100980$lut for cells of type $lut.
Using template $paramod$235ac5b240c334dc34a49d771618866987c926a2$lut for cells of type $lut.
Using template $paramod$7a437dd504a6796ff087aac0f68ba9c5a2f3b076$lut for cells of type $lut.
Using template $paramod$7a44d7a29e658f79fded008243c8ec59cc1f7cff$lut for cells of type $lut.
Using template $paramod$59e0bf5ae22091a4c1be74fa2982612c311b001e$lut for cells of type $lut.
Using template $paramod$91155ba6fe8dd64ab08026ed7c7af7fd09871b70$lut for cells of type $lut.
Using template $paramod$c925c0fb535e01c9813f1a8765ed3449a2348e5f$lut for cells of type $lut.
Using template $paramod$c9447db0c377e9dbc772148767caf7e176756f04$lut for cells of type $lut.
Using template $paramod$f58fc7eb00d6fba9fdf454df30c7f5c9db5a2236$lut for cells of type $lut.
Using template $paramod$cb9389d3bcc7824cbc8eb11c8ac4986b2acbae18$lut for cells of type $lut.
Using template $paramod$755075e70788c8abc2ecf7716a7dd519c086efb4$lut for cells of type $lut.
Using template $paramod$0bfaa34ef6d5b8c233add8f10ba847a550719cf0$lut for cells of type $lut.
Using template $paramod$823f1b7526ca0bb96bc70cbef4bab5ddbeba828c$lut for cells of type $lut.
Using template $paramod$a6766e320d89b19a2c01d85f24c777926c5a5c21$lut for cells of type $lut.
Using template $paramod$d1f00954996213f851210819611ddfcef51210bd$lut for cells of type $lut.
Using template $paramod$47181dcfc5a6013ee1e6e2d6e8b01b015ede57e5$lut for cells of type $lut.
Using template $paramod$cf174632b927f5e6ba0aebb22ee4c62ffb5cc2be$lut for cells of type $lut.
Using template $paramod$626707b1a4b9e7bd2355faaa37fa9ff185e19277$lut for cells of type $lut.
Using template $paramod$69a6eefe328d25bca11b474880ab96735346adde$lut for cells of type $lut.
Using template $paramod$3599f17ff1da01453315c8d608fbe2d4deabc019$lut for cells of type $lut.
Using template $paramod$26c6eee984c99ab7c3bb4a85cab5854f70684cc5$lut for cells of type $lut.
Using template $paramod$c4317ce71fd098ee9773a56ffbf981ca9b1cf1dc$lut for cells of type $lut.
Using template $paramod$7df0b07ae890769771a62bb7c40c6ea37395e5fe$lut for cells of type $lut.
Using template $paramod$bdb6cb1f928072e2e7aee42cc945b8e4028c29d5$lut for cells of type $lut.
Using template $paramod$1cbbcf65799720c0dc30475aeb2865e544d7f6f3$lut for cells of type $lut.
Using template $paramod$29611526d3ec9d0383c3b986b52eb5e5bcdba076$lut for cells of type $lut.
Using template $paramod$63ee312084de28cf6d80157600fb7679de0b774c$lut for cells of type $lut.
Using template $paramod$d4ed84d5cc8a4b6170b6f5384f2795f77ef21b90$lut for cells of type $lut.
Using template $paramod$553ad1788482a5ac12e37da9cc71005a907d4b61$lut for cells of type $lut.
Using template $paramod$30c533b674a301a1454f1633588c09e9341ed140$lut for cells of type $lut.
Using template $paramod$58e71104dae03e7c180e8c2e06f567b992f4b033$lut for cells of type $lut.
Using template $paramod$b78bd73cafcc7f58ab505bc8704fb847166ed0ca$lut for cells of type $lut.
Using template $paramod$7a36951baf95cd2183bd59cb8867efd49cdcf08c$lut for cells of type $lut.
Using template $paramod$72955665f8ce24645d548f7d38c193e48893f64c$lut for cells of type $lut.
Using template $paramod$7fe24deb5be6b61f1965c52414cee2423fe7f117$lut for cells of type $lut.
Using template $paramod$452a6869e85f719f86f8f3a7bf5b8f0bfff6cd3d$lut for cells of type $lut.
Using template $paramod$8d851d28cc6649dceb72243ebcd89c3d1f5adab1$lut for cells of type $lut.
Using template $paramod$1f88ef13908845e60aa74cdc82e03999593a16e5$lut for cells of type $lut.
Using template $paramod$c81cb9bc76835b8ea56652108042fa98529158a3$lut for cells of type $lut.
Using template $paramod$b9e507cc7cea7a7e36937afee47233722e91b54b$lut for cells of type $lut.
Using template $paramod$f49fb6b34f74bc0e4b39ba7c0f3298d843cb3cef$lut for cells of type $lut.
Using template $paramod$94ac6b7bbb88d0cc562c4733f2e9fc3ea86715bc$lut for cells of type $lut.
Using template $paramod$13d158997ca79d6eb34e8e50728196d6c4c0a02c$lut for cells of type $lut.
Using template $paramod$61a327313cb1ebcc9d3d4c56f5e25ab687b24c60$lut for cells of type $lut.
Using template $paramod$f758f2ed051391a4e99c1366dd7e811574cddf79$lut for cells of type $lut.
Using template $paramod$60858462211c5ea93fb51eca3e98f5a13f5c2948$lut for cells of type $lut.
Using template $paramod$0e893f8462387f1ba6decf30b45abe7f36d8d3ea$lut for cells of type $lut.
Using template $paramod$f67053edb34022bbb6fe34cd3bebc7f881bdc769$lut for cells of type $lut.
Using template $paramod$45521219d0e6b31367aab2f144723519e9b48bb5$lut for cells of type $lut.
Using template $paramod$513da52efd11196dbb6a78b4fc291f7013843478$lut for cells of type $lut.
Using template $paramod$a618568e98a9cb3df992124e8cb37ea79dd31f14$lut for cells of type $lut.
Using template $paramod$2b6473e42a96d91255286e26a9c92864d24bce58$lut for cells of type $lut.
Using template $paramod$21da01df47f0369729afcf06579531ea178e39a4$lut for cells of type $lut.
Using template $paramod$fb86f34f307c1138a80b2d5f50c95dc67dd1765a$lut for cells of type $lut.
Using template $paramod$197c1c4d59f97afa3f346d358b403f8ec0ff64c1$lut for cells of type $lut.
Using template $paramod$c230f9d053ddc52c14e4f66223aa19f3de187c96$lut for cells of type $lut.
Using template $paramod$58646a6b893305d389eb9421a29facb59b09f920$lut for cells of type $lut.
No more expansions possible.
<suppressed ~23385 debug messages>

20.46. Executing OPT_LUT_INS pass (discard unused LUT inputs).
Optimizing LUTs in PSC_CPU_TimingTop.
  Optimizing lut $abc$139407$lut$aiger139406$8684.genblk1.genblk1.genblk1.genblk1.genblk1.genblk1.genblk1.genblk1.lut1.genblk1.genblk1.genblk1.genblk1.genblk1.genblk1.genblk1.lut0.genblk1.genblk1.genblk1.genblk1.genblk1.genblk1.lut0.genblk1.genblk1.genblk1.genblk1.genblk1.lut0 (4 -> 0)
  Optimizing lut $abc$139407$lut$aiger139406$8684.genblk1.genblk1.genblk1.genblk1.genblk1.genblk1.genblk1.genblk1.lut1.genblk1.genblk1.genblk1.genblk1.genblk1.genblk1.genblk1.lut1.genblk1.genblk1.genblk1.genblk1.genblk1.genblk1.lut1.genblk1.genblk1.genblk1.genblk1.genblk1.lut0 (4 -> 0)
  Optimizing lut $abc$139407$lut$aiger139406$8684.genblk1.genblk1.genblk1.genblk1.genblk1.genblk1.genblk1.genblk1.lut1.genblk1.genblk1.genblk1.genblk1.genblk1.genblk1.genblk1.lut1.genblk1.genblk1.genblk1.genblk1.genblk1.genblk1.lut0.genblk1.genblk1.genblk1.genblk1.genblk1.lut0 (4 -> 0)
  Optimizing lut $abc$139407$lut$aiger139406$8684.genblk1.genblk1.genblk1.genblk1.genblk1.genblk1.genblk1.genblk1.lut0.genblk1.genblk1.genblk1.genblk1.genblk1.genblk1.genblk1.lut0.genblk1.genblk1.genblk1.genblk1.genblk1.genblk1.lut1.genblk1.genblk1.genblk1.genblk1.genblk1.lut0 (4 -> 0)
  Optimizing lut $abc$139407$lut$aiger139406$8684.genblk1.genblk1.genblk1.genblk1.genblk1.genblk1.genblk1.genblk1.lut0.genblk1.genblk1.genblk1.genblk1.genblk1.genblk1.genblk1.lut1.genblk1.genblk1.genblk1.genblk1.genblk1.genblk1.lut1.genblk1.genblk1.genblk1.genblk1.genblk1.lut0 (4 -> 0)
  Optimizing lut $abc$139407$lut$aiger139406$8684.genblk1.genblk1.genblk1.genblk1.genblk1.genblk1.genblk1.genblk1.lut0.genblk1.genblk1.genblk1.genblk1.genblk1.genblk1.genblk1.lut1.genblk1.genblk1.genblk1.genblk1.genblk1.genblk1.lut0.genblk1.genblk1.genblk1.genblk1.genblk1.lut0 (4 -> 0)
  Optimizing lut $abc$139407$lut$aiger139406$8616.genblk1.genblk1.genblk1.genblk1.genblk1.genblk1.genblk1.genblk1.lut1.genblk1.genblk1.genblk1.genblk1.genblk1.genblk1.genblk1.lut0.genblk1.genblk1.genblk1.genblk1.genblk1.genblk1.lut1.genblk1.genblk1.genblk1.genblk1.genblk1.lut0 (4 -> 0)
  Optimizing lut $abc$139407$lut$aiger139406$8616.genblk1.genblk1.genblk1.genblk1.genblk1.genblk1.genblk1.genblk1.lut1.genblk1.genblk1.genblk1.genblk1.genblk1.genblk1.genblk1.lut0.genblk1.genblk1.genblk1.genblk1.genblk1.genblk1.lut0.genblk1.genblk1.genblk1.genblk1.genblk1.lut0 (4 -> 0)
  Optimizing lut $abc$139407$lut$aiger139406$8616.genblk1.genblk1.genblk1.genblk1.genblk1.genblk1.genblk1.genblk1.lut1.genblk1.genblk1.genblk1.genblk1.genblk1.genblk1.genblk1.lut1.genblk1.genblk1.genblk1.genblk1.genblk1.genblk1.lut1.genblk1.genblk1.genblk1.genblk1.genblk1.lut0 (4 -> 0)
  Optimizing lut $abc$139407$lut$aiger139406$8616.genblk1.genblk1.genblk1.genblk1.genblk1.genblk1.genblk1.genblk1.lut1.genblk1.genblk1.genblk1.genblk1.genblk1.genblk1.genblk1.lut1.genblk1.genblk1.genblk1.genblk1.genblk1.genblk1.lut0.genblk1.genblk1.genblk1.genblk1.genblk1.lut0 (4 -> 0)
  Optimizing lut $abc$139407$lut$aiger139406$8616.genblk1.genblk1.genblk1.genblk1.genblk1.genblk1.genblk1.genblk1.lut0.genblk1.genblk1.genblk1.genblk1.genblk1.genblk1.genblk1.lut0.genblk1.genblk1.genblk1.genblk1.genblk1.genblk1.lut1.genblk1.genblk1.genblk1.genblk1.genblk1.lut0 (4 -> 0)
  Optimizing lut $abc$139407$lut$aiger139406$8616.genblk1.genblk1.genblk1.genblk1.genblk1.genblk1.genblk1.genblk1.lut0.genblk1.genblk1.genblk1.genblk1.genblk1.genblk1.genblk1.lut0.genblk1.genblk1.genblk1.genblk1.genblk1.genblk1.lut0.genblk1.genblk1.genblk1.genblk1.genblk1.lut0 (4 -> 0)
  Optimizing lut $abc$139407$lut$aiger139406$8616.genblk1.genblk1.genblk1.genblk1.genblk1.genblk1.genblk1.genblk1.lut0.genblk1.genblk1.genblk1.genblk1.genblk1.genblk1.genblk1.lut1.genblk1.genblk1.genblk1.genblk1.genblk1.genblk1.lut1.genblk1.genblk1.genblk1.genblk1.genblk1.lut0 (4 -> 0)
  Optimizing lut $abc$139407$lut$aiger139406$8616.genblk1.genblk1.genblk1.genblk1.genblk1.genblk1.genblk1.genblk1.lut0.genblk1.genblk1.genblk1.genblk1.genblk1.genblk1.genblk1.lut1.genblk1.genblk1.genblk1.genblk1.genblk1.genblk1.lut0.genblk1.genblk1.genblk1.genblk1.genblk1.lut0 (4 -> 0)
  Optimizing lut $abc$139407$lut$aiger139406$9136.genblk1.genblk1.genblk1.genblk1.genblk1.genblk1.genblk1.genblk1.lut1.genblk1.genblk1.genblk1.genblk1.genblk1.genblk1.genblk1.lut0.genblk1.genblk1.genblk1.genblk1.genblk1.genblk1.lut1.genblk1.genblk1.genblk1.genblk1.genblk1.lut0 (4 -> 0)
  Optimizing lut $abc$139407$lut$aiger139406$9136.genblk1.genblk1.genblk1.genblk1.genblk1.genblk1.genblk1.genblk1.lut1.genblk1.genblk1.genblk1.genblk1.genblk1.genblk1.genblk1.lut0.genblk1.genblk1.genblk1.genblk1.genblk1.genblk1.lut0.genblk1.genblk1.genblk1.genblk1.genblk1.lut0 (4 -> 0)
  Optimizing lut $abc$139407$lut$aiger139406$9136.genblk1.genblk1.genblk1.genblk1.genblk1.genblk1.genblk1.genblk1.lut1.genblk1.genblk1.genblk1.genblk1.genblk1.genblk1.genblk1.lut1.genblk1.genblk1.genblk1.genblk1.genblk1.genblk1.lut1.genblk1.genblk1.genblk1.genblk1.genblk1.lut0 (4 -> 0)
  Optimizing lut $abc$139407$lut$aiger139406$9136.genblk1.genblk1.genblk1.genblk1.genblk1.genblk1.genblk1.genblk1.lut0.genblk1.genblk1.genblk1.genblk1.genblk1.genblk1.genblk1.lut0.genblk1.genblk1.genblk1.genblk1.genblk1.genblk1.lut1.genblk1.genblk1.genblk1.genblk1.genblk1.lut0 (4 -> 0)
  Optimizing lut $abc$139407$lut$aiger139406$9136.genblk1.genblk1.genblk1.genblk1.genblk1.genblk1.genblk1.genblk1.lut0.genblk1.genblk1.genblk1.genblk1.genblk1.genblk1.genblk1.lut0.genblk1.genblk1.genblk1.genblk1.genblk1.genblk1.lut0.genblk1.genblk1.genblk1.genblk1.genblk1.lut0 (4 -> 0)
  Optimizing lut $abc$139407$lut$aiger139406$9136.genblk1.genblk1.genblk1.genblk1.genblk1.genblk1.genblk1.genblk1.lut0.genblk1.genblk1.genblk1.genblk1.genblk1.genblk1.genblk1.lut1.genblk1.genblk1.genblk1.genblk1.genblk1.genblk1.lut1.genblk1.genblk1.genblk1.genblk1.genblk1.lut0 (4 -> 0)
  Optimizing lut $abc$139407$lut$aiger139406$9136.genblk1.genblk1.genblk1.genblk1.genblk1.genblk1.genblk1.genblk1.lut0.genblk1.genblk1.genblk1.genblk1.genblk1.genblk1.genblk1.lut1.genblk1.genblk1.genblk1.genblk1.genblk1.genblk1.lut0.genblk1.genblk1.genblk1.genblk1.genblk1.lut0 (4 -> 0)
  Optimizing lut $abc$139407$lut$aiger139406$8475.genblk1.genblk1.genblk1.genblk1.genblk1.genblk1.genblk1.genblk1.lut1.genblk1.genblk1.genblk1.genblk1.genblk1.genblk1.genblk1.lut0.genblk1.genblk1.genblk1.genblk1.genblk1.genblk1.lut1.genblk1.genblk1.genblk1.genblk1.genblk1.lut0 (4 -> 0)
  Optimizing lut $abc$139407$lut$aiger139406$8475.genblk1.genblk1.genblk1.genblk1.genblk1.genblk1.genblk1.genblk1.lut1.genblk1.genblk1.genblk1.genblk1.genblk1.genblk1.genblk1.lut0.genblk1.genblk1.genblk1.genblk1.genblk1.genblk1.lut0.genblk1.genblk1.genblk1.genblk1.genblk1.lut0 (4 -> 0)
  Optimizing lut $abc$139407$lut$aiger139406$8475.genblk1.genblk1.genblk1.genblk1.genblk1.genblk1.genblk1.genblk1.lut1.genblk1.genblk1.genblk1.genblk1.genblk1.genblk1.genblk1.lut1.genblk1.genblk1.genblk1.genblk1.genblk1.genblk1.lut1.genblk1.genblk1.genblk1.genblk1.genblk1.lut0 (4 -> 0)
  Optimizing lut $abc$139407$lut$aiger139406$8475.genblk1.genblk1.genblk1.genblk1.genblk1.genblk1.genblk1.genblk1.lut0.genblk1.genblk1.genblk1.genblk1.genblk1.genblk1.genblk1.lut0.genblk1.genblk1.genblk1.genblk1.genblk1.genblk1.lut1.genblk1.genblk1.genblk1.genblk1.genblk1.lut0 (4 -> 0)
  Optimizing lut $abc$139407$lut$aiger139406$8475.genblk1.genblk1.genblk1.genblk1.genblk1.genblk1.genblk1.genblk1.lut0.genblk1.genblk1.genblk1.genblk1.genblk1.genblk1.genblk1.lut0.genblk1.genblk1.genblk1.genblk1.genblk1.genblk1.lut0.genblk1.genblk1.genblk1.genblk1.genblk1.lut0 (4 -> 0)
  Optimizing lut $abc$139407$lut$aiger139406$8475.genblk1.genblk1.genblk1.genblk1.genblk1.genblk1.genblk1.genblk1.lut0.genblk1.genblk1.genblk1.genblk1.genblk1.genblk1.genblk1.lut1.genblk1.genblk1.genblk1.genblk1.genblk1.genblk1.lut1.genblk1.genblk1.genblk1.genblk1.genblk1.lut0 (4 -> 0)
  Optimizing lut $abc$139407$lut$aiger139406$8475.genblk1.genblk1.genblk1.genblk1.genblk1.genblk1.genblk1.genblk1.lut0.genblk1.genblk1.genblk1.genblk1.genblk1.genblk1.genblk1.lut1.genblk1.genblk1.genblk1.genblk1.genblk1.genblk1.lut0.genblk1.genblk1.genblk1.genblk1.genblk1.lut0 (4 -> 0)
  Optimizing lut $abc$139407$lut$aiger139406$8638.genblk1.genblk1.genblk1.genblk1.genblk1.genblk1.genblk1.genblk1.lut1.genblk1.genblk1.genblk1.genblk1.genblk1.genblk1.genblk1.lut0.genblk1.genblk1.genblk1.genblk1.genblk1.genblk1.lut1.genblk1.genblk1.genblk1.genblk1.genblk1.lut0 (4 -> 0)
  Optimizing lut $abc$139407$lut$aiger139406$8638.genblk1.genblk1.genblk1.genblk1.genblk1.genblk1.genblk1.genblk1.lut1.genblk1.genblk1.genblk1.genblk1.genblk1.genblk1.genblk1.lut0.genblk1.genblk1.genblk1.genblk1.genblk1.genblk1.lut0.genblk1.genblk1.genblk1.genblk1.genblk1.lut0 (4 -> 0)
  Optimizing lut $abc$139407$lut$aiger139406$8638.genblk1.genblk1.genblk1.genblk1.genblk1.genblk1.genblk1.genblk1.lut1.genblk1.genblk1.genblk1.genblk1.genblk1.genblk1.genblk1.lut1.genblk1.genblk1.genblk1.genblk1.genblk1.genblk1.lut1.genblk1.genblk1.genblk1.genblk1.genblk1.lut0 (4 -> 0)
  Optimizing lut $abc$139407$lut$aiger139406$8638.genblk1.genblk1.genblk1.genblk1.genblk1.genblk1.genblk1.genblk1.lut1.genblk1.genblk1.genblk1.genblk1.genblk1.genblk1.genblk1.lut1.genblk1.genblk1.genblk1.genblk1.genblk1.genblk1.lut0.genblk1.genblk1.genblk1.genblk1.genblk1.lut0 (4 -> 0)
  Optimizing lut $abc$139407$lut$aiger139406$8638.genblk1.genblk1.genblk1.genblk1.genblk1.genblk1.genblk1.genblk1.lut0.genblk1.genblk1.genblk1.genblk1.genblk1.genblk1.genblk1.lut0.genblk1.genblk1.genblk1.genblk1.genblk1.genblk1.lut1.genblk1.genblk1.genblk1.genblk1.genblk1.lut0 (4 -> 0)
  Optimizing lut $abc$139407$lut$aiger139406$8638.genblk1.genblk1.genblk1.genblk1.genblk1.genblk1.genblk1.genblk1.lut0.genblk1.genblk1.genblk1.genblk1.genblk1.genblk1.genblk1.lut0.genblk1.genblk1.genblk1.genblk1.genblk1.genblk1.lut0.genblk1.genblk1.genblk1.genblk1.genblk1.lut0 (4 -> 0)
  Optimizing lut $abc$139407$lut$aiger139406$8638.genblk1.genblk1.genblk1.genblk1.genblk1.genblk1.genblk1.genblk1.lut0.genblk1.genblk1.genblk1.genblk1.genblk1.genblk1.genblk1.lut1.genblk1.genblk1.genblk1.genblk1.genblk1.genblk1.lut1.genblk1.genblk1.genblk1.genblk1.genblk1.lut0 (4 -> 0)
  Optimizing lut $abc$139407$lut$aiger139406$8638.genblk1.genblk1.genblk1.genblk1.genblk1.genblk1.genblk1.genblk1.lut0.genblk1.genblk1.genblk1.genblk1.genblk1.genblk1.genblk1.lut1.genblk1.genblk1.genblk1.genblk1.genblk1.genblk1.lut0.genblk1.genblk1.genblk1.genblk1.genblk1.lut0 (4 -> 0)
  Optimizing lut $abc$139407$lut$aiger139406$8518.genblk1.genblk1.genblk1.genblk1.genblk1.genblk1.genblk1.genblk1.lut1.genblk1.genblk1.genblk1.genblk1.genblk1.genblk1.genblk1.lut0.genblk1.genblk1.genblk1.genblk1.genblk1.genblk1.lut1.genblk1.genblk1.genblk1.genblk1.genblk1.lut0 (4 -> 0)
  Optimizing lut $abc$139407$lut$aiger139406$8518.genblk1.genblk1.genblk1.genblk1.genblk1.genblk1.genblk1.genblk1.lut1.genblk1.genblk1.genblk1.genblk1.genblk1.genblk1.genblk1.lut0.genblk1.genblk1.genblk1.genblk1.genblk1.genblk1.lut0.genblk1.genblk1.genblk1.genblk1.genblk1.lut0 (4 -> 0)
  Optimizing lut $abc$139407$lut$aiger139406$8518.genblk1.genblk1.genblk1.genblk1.genblk1.genblk1.genblk1.genblk1.lut1.genblk1.genblk1.genblk1.genblk1.genblk1.genblk1.genblk1.lut1.genblk1.genblk1.genblk1.genblk1.genblk1.genblk1.lut0.genblk1.genblk1.genblk1.genblk1.genblk1.lut0 (4 -> 0)
  Optimizing lut $abc$139407$lut$aiger139406$8518.genblk1.genblk1.genblk1.genblk1.genblk1.genblk1.genblk1.genblk1.lut0.genblk1.genblk1.genblk1.genblk1.genblk1.genblk1.genblk1.lut0.genblk1.genblk1.genblk1.genblk1.genblk1.genblk1.lut1.genblk1.genblk1.genblk1.genblk1.genblk1.lut0 (4 -> 0)
  Optimizing lut $abc$139407$lut$aiger139406$8518.genblk1.genblk1.genblk1.genblk1.genblk1.genblk1.genblk1.genblk1.lut0.genblk1.genblk1.genblk1.genblk1.genblk1.genblk1.genblk1.lut0.genblk1.genblk1.genblk1.genblk1.genblk1.genblk1.lut0.genblk1.genblk1.genblk1.genblk1.genblk1.lut0 (4 -> 0)
  Optimizing lut $abc$139407$lut$aiger139406$8518.genblk1.genblk1.genblk1.genblk1.genblk1.genblk1.genblk1.genblk1.lut0.genblk1.genblk1.genblk1.genblk1.genblk1.genblk1.genblk1.lut1.genblk1.genblk1.genblk1.genblk1.genblk1.genblk1.lut1.genblk1.genblk1.genblk1.genblk1.genblk1.lut0 (4 -> 0)
  Optimizing lut $abc$139407$lut$aiger139406$8518.genblk1.genblk1.genblk1.genblk1.genblk1.genblk1.genblk1.genblk1.lut0.genblk1.genblk1.genblk1.genblk1.genblk1.genblk1.genblk1.lut1.genblk1.genblk1.genblk1.genblk1.genblk1.genblk1.lut0.genblk1.genblk1.genblk1.genblk1.genblk1.lut0 (4 -> 0)
  Optimizing lut $abc$139407$lut$aiger139406$8583.genblk1.genblk1.genblk1.genblk1.genblk1.genblk1.genblk1.lut1.genblk1.genblk1.genblk1.genblk1.genblk1.genblk1.lut0.genblk1.genblk1.genblk1.genblk1.genblk1.lut1 (4 -> 0)
  Optimizing lut $abc$139407$lut$aiger139406$9159.genblk1.genblk1.genblk1.genblk1.genblk1.genblk1.genblk1.genblk1.lut1.genblk1.genblk1.genblk1.genblk1.genblk1.genblk1.genblk1.lut0.genblk1.genblk1.genblk1.genblk1.genblk1.genblk1.lut0.genblk1.genblk1.genblk1.genblk1.genblk1.lut0 (4 -> 0)
  Optimizing lut $abc$139407$lut$aiger139406$9159.genblk1.genblk1.genblk1.genblk1.genblk1.genblk1.genblk1.genblk1.lut1.genblk1.genblk1.genblk1.genblk1.genblk1.genblk1.genblk1.lut1.genblk1.genblk1.genblk1.genblk1.genblk1.genblk1.lut0.genblk1.genblk1.genblk1.genblk1.genblk1.lut0 (4 -> 0)
  Optimizing lut $abc$139407$lut$aiger139406$9159.genblk1.genblk1.genblk1.genblk1.genblk1.genblk1.genblk1.genblk1.lut0.genblk1.genblk1.genblk1.genblk1.genblk1.genblk1.genblk1.lut0.genblk1.genblk1.genblk1.genblk1.genblk1.genblk1.lut1.genblk1.genblk1.genblk1.genblk1.genblk1.lut0 (4 -> 0)
  Optimizing lut $abc$139407$lut$aiger139406$9159.genblk1.genblk1.genblk1.genblk1.genblk1.genblk1.genblk1.genblk1.lut0.genblk1.genblk1.genblk1.genblk1.genblk1.genblk1.genblk1.lut0.genblk1.genblk1.genblk1.genblk1.genblk1.genblk1.lut0.genblk1.genblk1.genblk1.genblk1.genblk1.lut0 (4 -> 0)
  Optimizing lut $abc$139407$lut$aiger139406$9159.genblk1.genblk1.genblk1.genblk1.genblk1.genblk1.genblk1.genblk1.lut0.genblk1.genblk1.genblk1.genblk1.genblk1.genblk1.genblk1.lut1.genblk1.genblk1.genblk1.genblk1.genblk1.genblk1.lut1.genblk1.genblk1.genblk1.genblk1.genblk1.lut0 (4 -> 0)
  Optimizing lut $abc$139407$lut$aiger139406$9159.genblk1.genblk1.genblk1.genblk1.genblk1.genblk1.genblk1.genblk1.lut0.genblk1.genblk1.genblk1.genblk1.genblk1.genblk1.genblk1.lut1.genblk1.genblk1.genblk1.genblk1.genblk1.genblk1.lut0.genblk1.genblk1.genblk1.genblk1.genblk1.lut0 (4 -> 0)
  Optimizing lut $abc$139407$lut$aiger139406$8549.genblk1.genblk1.genblk1.genblk1.genblk1.genblk1.genblk1.genblk1.lut1.genblk1.genblk1.genblk1.genblk1.genblk1.genblk1.genblk1.lut0.genblk1.genblk1.genblk1.genblk1.genblk1.genblk1.lut1.genblk1.genblk1.genblk1.genblk1.genblk1.lut0 (4 -> 0)
  Optimizing lut $abc$139407$lut$aiger139406$8549.genblk1.genblk1.genblk1.genblk1.genblk1.genblk1.genblk1.genblk1.lut1.genblk1.genblk1.genblk1.genblk1.genblk1.genblk1.genblk1.lut0.genblk1.genblk1.genblk1.genblk1.genblk1.genblk1.lut0.genblk1.genblk1.genblk1.genblk1.genblk1.lut0 (4 -> 0)
  Optimizing lut $abc$139407$lut$aiger139406$8549.genblk1.genblk1.genblk1.genblk1.genblk1.genblk1.genblk1.genblk1.lut1.genblk1.genblk1.genblk1.genblk1.genblk1.genblk1.genblk1.lut1.genblk1.genblk1.genblk1.genblk1.genblk1.genblk1.lut1.genblk1.genblk1.genblk1.genblk1.genblk1.lut0 (4 -> 0)
  Optimizing lut $abc$139407$lut$aiger139406$8549.genblk1.genblk1.genblk1.genblk1.genblk1.genblk1.genblk1.genblk1.lut1.genblk1.genblk1.genblk1.genblk1.genblk1.genblk1.genblk1.lut1.genblk1.genblk1.genblk1.genblk1.genblk1.genblk1.lut0.genblk1.genblk1.genblk1.genblk1.genblk1.lut0 (4 -> 0)
  Optimizing lut $abc$139407$lut$aiger139406$8549.genblk1.genblk1.genblk1.genblk1.genblk1.genblk1.genblk1.genblk1.lut0.genblk1.genblk1.genblk1.genblk1.genblk1.genblk1.genblk1.lut0.genblk1.genblk1.genblk1.genblk1.genblk1.genblk1.lut1.genblk1.genblk1.genblk1.genblk1.genblk1.lut0 (4 -> 0)
  Optimizing lut $abc$139407$lut$aiger139406$8549.genblk1.genblk1.genblk1.genblk1.genblk1.genblk1.genblk1.genblk1.lut0.genblk1.genblk1.genblk1.genblk1.genblk1.genblk1.genblk1.lut0.genblk1.genblk1.genblk1.genblk1.genblk1.genblk1.lut0.genblk1.genblk1.genblk1.genblk1.genblk1.lut0 (4 -> 0)
  Optimizing lut $abc$139407$lut$aiger139406$8549.genblk1.genblk1.genblk1.genblk1.genblk1.genblk1.genblk1.genblk1.lut0.genblk1.genblk1.genblk1.genblk1.genblk1.genblk1.genblk1.lut1.genblk1.genblk1.genblk1.genblk1.genblk1.genblk1.lut1.genblk1.genblk1.genblk1.genblk1.genblk1.lut0 (4 -> 0)
  Optimizing lut $abc$139407$lut$aiger139406$8549.genblk1.genblk1.genblk1.genblk1.genblk1.genblk1.genblk1.genblk1.lut0.genblk1.genblk1.genblk1.genblk1.genblk1.genblk1.genblk1.lut1.genblk1.genblk1.genblk1.genblk1.genblk1.genblk1.lut0.genblk1.genblk1.genblk1.genblk1.genblk1.lut0 (4 -> 0)
  Optimizing lut $abc$139407$lut$aiger139406$8560.genblk1.genblk1.genblk1.genblk1.genblk1.genblk1.genblk1.genblk1.lut1.genblk1.genblk1.genblk1.genblk1.genblk1.genblk1.genblk1.lut0.genblk1.genblk1.genblk1.genblk1.genblk1.genblk1.lut1.genblk1.genblk1.genblk1.genblk1.genblk1.lut0 (4 -> 0)
  Optimizing lut $abc$139407$lut$aiger139406$8560.genblk1.genblk1.genblk1.genblk1.genblk1.genblk1.genblk1.genblk1.lut1.genblk1.genblk1.genblk1.genblk1.genblk1.genblk1.genblk1.lut0.genblk1.genblk1.genblk1.genblk1.genblk1.genblk1.lut0.genblk1.genblk1.genblk1.genblk1.genblk1.lut0 (4 -> 0)
  Optimizing lut $abc$139407$lut$aiger139406$8560.genblk1.genblk1.genblk1.genblk1.genblk1.genblk1.genblk1.genblk1.lut1.genblk1.genblk1.genblk1.genblk1.genblk1.genblk1.genblk1.lut1.genblk1.genblk1.genblk1.genblk1.genblk1.genblk1.lut0.genblk1.genblk1.genblk1.genblk1.genblk1.lut0 (4 -> 0)
  Optimizing lut $abc$139407$lut$aiger139406$8560.genblk1.genblk1.genblk1.genblk1.genblk1.genblk1.genblk1.genblk1.lut0.genblk1.genblk1.genblk1.genblk1.genblk1.genblk1.genblk1.lut0.genblk1.genblk1.genblk1.genblk1.genblk1.genblk1.lut1.genblk1.genblk1.genblk1.genblk1.genblk1.lut0 (4 -> 0)
  Optimizing lut $abc$139407$lut$aiger139406$8560.genblk1.genblk1.genblk1.genblk1.genblk1.genblk1.genblk1.genblk1.lut0.genblk1.genblk1.genblk1.genblk1.genblk1.genblk1.genblk1.lut0.genblk1.genblk1.genblk1.genblk1.genblk1.genblk1.lut0.genblk1.genblk1.genblk1.genblk1.genblk1.lut0 (4 -> 0)
  Optimizing lut $abc$139407$lut$aiger139406$8560.genblk1.genblk1.genblk1.genblk1.genblk1.genblk1.genblk1.genblk1.lut0.genblk1.genblk1.genblk1.genblk1.genblk1.genblk1.genblk1.lut1.genblk1.genblk1.genblk1.genblk1.genblk1.genblk1.lut1.genblk1.genblk1.genblk1.genblk1.genblk1.lut0 (4 -> 0)
  Optimizing lut $abc$139407$lut$aiger139406$8560.genblk1.genblk1.genblk1.genblk1.genblk1.genblk1.genblk1.genblk1.lut0.genblk1.genblk1.genblk1.genblk1.genblk1.genblk1.genblk1.lut1.genblk1.genblk1.genblk1.genblk1.genblk1.genblk1.lut0.genblk1.genblk1.genblk1.genblk1.genblk1.lut0 (4 -> 0)
  Optimizing lut $abc$139407$lut$aiger139406$8699.genblk1.genblk1.genblk1.genblk1.genblk1.genblk1.genblk1.genblk1.lut1.genblk1.genblk1.genblk1.genblk1.genblk1.genblk1.genblk1.lut0.genblk1.genblk1.genblk1.genblk1.genblk1.genblk1.lut1.genblk1.genblk1.genblk1.genblk1.genblk1.lut0 (4 -> 0)
  Optimizing lut $abc$139407$lut$aiger139406$8699.genblk1.genblk1.genblk1.genblk1.genblk1.genblk1.genblk1.genblk1.lut1.genblk1.genblk1.genblk1.genblk1.genblk1.genblk1.genblk1.lut0.genblk1.genblk1.genblk1.genblk1.genblk1.genblk1.lut0.genblk1.genblk1.genblk1.genblk1.genblk1.lut0 (4 -> 0)
  Optimizing lut $abc$139407$lut$aiger139406$8699.genblk1.genblk1.genblk1.genblk1.genblk1.genblk1.genblk1.genblk1.lut1.genblk1.genblk1.genblk1.genblk1.genblk1.genblk1.genblk1.lut1.genblk1.genblk1.genblk1.genblk1.genblk1.genblk1.lut1.genblk1.genblk1.genblk1.genblk1.genblk1.lut0 (4 -> 0)
  Optimizing lut $abc$139407$lut$aiger139406$8699.genblk1.genblk1.genblk1.genblk1.genblk1.genblk1.genblk1.genblk1.lut1.genblk1.genblk1.genblk1.genblk1.genblk1.genblk1.genblk1.lut1.genblk1.genblk1.genblk1.genblk1.genblk1.genblk1.lut0.genblk1.genblk1.genblk1.genblk1.genblk1.lut0 (4 -> 0)
  Optimizing lut $abc$139407$lut$aiger139406$8699.genblk1.genblk1.genblk1.genblk1.genblk1.genblk1.genblk1.genblk1.lut0.genblk1.genblk1.genblk1.genblk1.genblk1.genblk1.genblk1.lut0.genblk1.genblk1.genblk1.genblk1.genblk1.genblk1.lut1.genblk1.genblk1.genblk1.genblk1.genblk1.lut0 (4 -> 0)
  Optimizing lut $abc$139407$lut$aiger139406$8699.genblk1.genblk1.genblk1.genblk1.genblk1.genblk1.genblk1.genblk1.lut0.genblk1.genblk1.genblk1.genblk1.genblk1.genblk1.genblk1.lut0.genblk1.genblk1.genblk1.genblk1.genblk1.genblk1.lut0.genblk1.genblk1.genblk1.genblk1.genblk1.lut0 (4 -> 0)
  Optimizing lut $abc$139407$lut$aiger139406$8699.genblk1.genblk1.genblk1.genblk1.genblk1.genblk1.genblk1.genblk1.lut0.genblk1.genblk1.genblk1.genblk1.genblk1.genblk1.genblk1.lut1.genblk1.genblk1.genblk1.genblk1.genblk1.genblk1.lut1.genblk1.genblk1.genblk1.genblk1.genblk1.lut0 (4 -> 0)
  Optimizing lut $abc$139407$lut$aiger139406$8699.genblk1.genblk1.genblk1.genblk1.genblk1.genblk1.genblk1.genblk1.lut0.genblk1.genblk1.genblk1.genblk1.genblk1.genblk1.genblk1.lut1.genblk1.genblk1.genblk1.genblk1.genblk1.genblk1.lut0.genblk1.genblk1.genblk1.genblk1.genblk1.lut0 (4 -> 0)
  Optimizing lut $abc$139407$lut$aiger139406$10619.genblk1.genblk1.genblk1.genblk1.genblk1.genblk1.genblk1.lut1.genblk1.genblk1.genblk1.genblk1.genblk1.genblk1.lut0.genblk1.genblk1.genblk1.genblk1.genblk1.lut1 (4 -> 0)
  Optimizing lut $abc$139407$lut$aiger139406$8653.genblk1.genblk1.genblk1.genblk1.genblk1.genblk1.genblk1.genblk1.lut1.genblk1.genblk1.genblk1.genblk1.genblk1.genblk1.genblk1.lut0.genblk1.genblk1.genblk1.genblk1.genblk1.genblk1.lut0.genblk1.genblk1.genblk1.genblk1.genblk1.lut0 (4 -> 0)
  Optimizing lut $abc$139407$lut$aiger139406$8653.genblk1.genblk1.genblk1.genblk1.genblk1.genblk1.genblk1.genblk1.lut1.genblk1.genblk1.genblk1.genblk1.genblk1.genblk1.genblk1.lut1.genblk1.genblk1.genblk1.genblk1.genblk1.genblk1.lut1.genblk1.genblk1.genblk1.genblk1.genblk1.lut0 (4 -> 0)
  Optimizing lut $abc$139407$lut$aiger139406$8653.genblk1.genblk1.genblk1.genblk1.genblk1.genblk1.genblk1.genblk1.lut1.genblk1.genblk1.genblk1.genblk1.genblk1.genblk1.genblk1.lut1.genblk1.genblk1.genblk1.genblk1.genblk1.genblk1.lut0.genblk1.genblk1.genblk1.genblk1.genblk1.lut0 (4 -> 0)
  Optimizing lut $abc$139407$lut$aiger139406$8653.genblk1.genblk1.genblk1.genblk1.genblk1.genblk1.genblk1.genblk1.lut0.genblk1.genblk1.genblk1.genblk1.genblk1.genblk1.genblk1.lut0.genblk1.genblk1.genblk1.genblk1.genblk1.genblk1.lut1.genblk1.genblk1.genblk1.genblk1.genblk1.lut0 (4 -> 0)
  Optimizing lut $abc$139407$lut$aiger139406$8653.genblk1.genblk1.genblk1.genblk1.genblk1.genblk1.genblk1.genblk1.lut0.genblk1.genblk1.genblk1.genblk1.genblk1.genblk1.genblk1.lut0.genblk1.genblk1.genblk1.genblk1.genblk1.genblk1.lut0.genblk1.genblk1.genblk1.genblk1.genblk1.lut0 (4 -> 0)
  Optimizing lut $abc$139407$lut$aiger139406$8653.genblk1.genblk1.genblk1.genblk1.genblk1.genblk1.genblk1.genblk1.lut0.genblk1.genblk1.genblk1.genblk1.genblk1.genblk1.genblk1.lut1.genblk1.genblk1.genblk1.genblk1.genblk1.genblk1.lut1.genblk1.genblk1.genblk1.genblk1.genblk1.lut0 (4 -> 0)
  Optimizing lut $abc$139407$lut$aiger139406$8653.genblk1.genblk1.genblk1.genblk1.genblk1.genblk1.genblk1.genblk1.lut0.genblk1.genblk1.genblk1.genblk1.genblk1.genblk1.genblk1.lut1.genblk1.genblk1.genblk1.genblk1.genblk1.genblk1.lut0.genblk1.genblk1.genblk1.genblk1.genblk1.lut0 (4 -> 0)
  Optimizing lut $abc$139407$lut$aiger139406$8670.genblk1.genblk1.genblk1.genblk1.genblk1.genblk1.genblk1.genblk1.lut1.genblk1.genblk1.genblk1.genblk1.genblk1.genblk1.genblk1.lut0.genblk1.genblk1.genblk1.genblk1.genblk1.genblk1.lut1.genblk1.genblk1.genblk1.genblk1.genblk1.lut0 (4 -> 0)
  Optimizing lut $abc$139407$lut$aiger139406$8670.genblk1.genblk1.genblk1.genblk1.genblk1.genblk1.genblk1.genblk1.lut1.genblk1.genblk1.genblk1.genblk1.genblk1.genblk1.genblk1.lut0.genblk1.genblk1.genblk1.genblk1.genblk1.genblk1.lut0.genblk1.genblk1.genblk1.genblk1.genblk1.lut0 (4 -> 0)
  Optimizing lut $abc$139407$lut$aiger139406$8670.genblk1.genblk1.genblk1.genblk1.genblk1.genblk1.genblk1.genblk1.lut1.genblk1.genblk1.genblk1.genblk1.genblk1.genblk1.genblk1.lut1.genblk1.genblk1.genblk1.genblk1.genblk1.genblk1.lut1.genblk1.genblk1.genblk1.genblk1.genblk1.lut0 (4 -> 0)
  Optimizing lut $abc$139407$lut$aiger139406$8670.genblk1.genblk1.genblk1.genblk1.genblk1.genblk1.genblk1.genblk1.lut1.genblk1.genblk1.genblk1.genblk1.genblk1.genblk1.genblk1.lut1.genblk1.genblk1.genblk1.genblk1.genblk1.genblk1.lut0.genblk1.genblk1.genblk1.genblk1.genblk1.lut0 (4 -> 0)
  Optimizing lut $abc$139407$lut$aiger139406$8670.genblk1.genblk1.genblk1.genblk1.genblk1.genblk1.genblk1.genblk1.lut0.genblk1.genblk1.genblk1.genblk1.genblk1.genblk1.genblk1.lut0.genblk1.genblk1.genblk1.genblk1.genblk1.genblk1.lut1.genblk1.genblk1.genblk1.genblk1.genblk1.lut0 (4 -> 0)
  Optimizing lut $abc$139407$lut$aiger139406$8670.genblk1.genblk1.genblk1.genblk1.genblk1.genblk1.genblk1.genblk1.lut0.genblk1.genblk1.genblk1.genblk1.genblk1.genblk1.genblk1.lut0.genblk1.genblk1.genblk1.genblk1.genblk1.genblk1.lut0.genblk1.genblk1.genblk1.genblk1.genblk1.lut0 (4 -> 0)
  Optimizing lut $abc$139407$lut$aiger139406$8670.genblk1.genblk1.genblk1.genblk1.genblk1.genblk1.genblk1.genblk1.lut0.genblk1.genblk1.genblk1.genblk1.genblk1.genblk1.genblk1.lut1.genblk1.genblk1.genblk1.genblk1.genblk1.genblk1.lut1.genblk1.genblk1.genblk1.genblk1.genblk1.lut0 (4 -> 0)
  Optimizing lut $abc$139407$lut$aiger139406$8670.genblk1.genblk1.genblk1.genblk1.genblk1.genblk1.genblk1.genblk1.lut0.genblk1.genblk1.genblk1.genblk1.genblk1.genblk1.genblk1.lut1.genblk1.genblk1.genblk1.genblk1.genblk1.genblk1.lut0.genblk1.genblk1.genblk1.genblk1.genblk1.lut0 (4 -> 0)
  Optimizing lut $abc$139407$lut$aiger139406$8677.genblk1.genblk1.genblk1.genblk1.genblk1.genblk1.genblk1.genblk1.lut1.genblk1.genblk1.genblk1.genblk1.genblk1.genblk1.genblk1.lut0.genblk1.genblk1.genblk1.genblk1.genblk1.genblk1.lut1.genblk1.genblk1.genblk1.genblk1.genblk1.lut0 (4 -> 0)
  Optimizing lut $abc$139407$lut$aiger139406$8677.genblk1.genblk1.genblk1.genblk1.genblk1.genblk1.genblk1.genblk1.lut1.genblk1.genblk1.genblk1.genblk1.genblk1.genblk1.genblk1.lut0.genblk1.genblk1.genblk1.genblk1.genblk1.genblk1.lut0.genblk1.genblk1.genblk1.genblk1.genblk1.lut0 (4 -> 0)
  Optimizing lut $abc$139407$lut$aiger139406$8677.genblk1.genblk1.genblk1.genblk1.genblk1.genblk1.genblk1.genblk1.lut1.genblk1.genblk1.genblk1.genblk1.genblk1.genblk1.genblk1.lut1.genblk1.genblk1.genblk1.genblk1.genblk1.genblk1.lut1.genblk1.genblk1.genblk1.genblk1.genblk1.lut0 (4 -> 0)
  Optimizing lut $abc$139407$lut$aiger139406$8677.genblk1.genblk1.genblk1.genblk1.genblk1.genblk1.genblk1.genblk1.lut1.genblk1.genblk1.genblk1.genblk1.genblk1.genblk1.genblk1.lut1.genblk1.genblk1.genblk1.genblk1.genblk1.genblk1.lut0.genblk1.genblk1.genblk1.genblk1.genblk1.lut0 (4 -> 0)
  Optimizing lut $abc$139407$lut$aiger139406$8677.genblk1.genblk1.genblk1.genblk1.genblk1.genblk1.genblk1.genblk1.lut0.genblk1.genblk1.genblk1.genblk1.genblk1.genblk1.genblk1.lut0.genblk1.genblk1.genblk1.genblk1.genblk1.genblk1.lut1.genblk1.genblk1.genblk1.genblk1.genblk1.lut0 (4 -> 0)
  Optimizing lut $abc$139407$lut$aiger139406$8677.genblk1.genblk1.genblk1.genblk1.genblk1.genblk1.genblk1.genblk1.lut0.genblk1.genblk1.genblk1.genblk1.genblk1.genblk1.genblk1.lut0.genblk1.genblk1.genblk1.genblk1.genblk1.genblk1.lut0.genblk1.genblk1.genblk1.genblk1.genblk1.lut0 (4 -> 0)
  Optimizing lut $abc$139407$lut$aiger139406$8677.genblk1.genblk1.genblk1.genblk1.genblk1.genblk1.genblk1.genblk1.lut0.genblk1.genblk1.genblk1.genblk1.genblk1.genblk1.genblk1.lut1.genblk1.genblk1.genblk1.genblk1.genblk1.genblk1.lut1.genblk1.genblk1.genblk1.genblk1.genblk1.lut0 (4 -> 0)
  Optimizing lut $abc$139407$lut$aiger139406$8677.genblk1.genblk1.genblk1.genblk1.genblk1.genblk1.genblk1.genblk1.lut0.genblk1.genblk1.genblk1.genblk1.genblk1.genblk1.genblk1.lut1.genblk1.genblk1.genblk1.genblk1.genblk1.genblk1.lut0.genblk1.genblk1.genblk1.genblk1.genblk1.lut0 (4 -> 0)
  Optimizing lut $abc$139407$lut$aiger139406$8691.genblk1.genblk1.genblk1.genblk1.genblk1.genblk1.genblk1.genblk1.lut1.genblk1.genblk1.genblk1.genblk1.genblk1.genblk1.genblk1.lut0.genblk1.genblk1.genblk1.genblk1.genblk1.genblk1.lut1.genblk1.genblk1.genblk1.genblk1.genblk1.lut0 (4 -> 0)
  Optimizing lut $abc$139407$lut$aiger139406$8691.genblk1.genblk1.genblk1.genblk1.genblk1.genblk1.genblk1.genblk1.lut1.genblk1.genblk1.genblk1.genblk1.genblk1.genblk1.genblk1.lut0.genblk1.genblk1.genblk1.genblk1.genblk1.genblk1.lut0.genblk1.genblk1.genblk1.genblk1.genblk1.lut0 (4 -> 0)
  Optimizing lut $abc$139407$lut$aiger139406$8691.genblk1.genblk1.genblk1.genblk1.genblk1.genblk1.genblk1.genblk1.lut1.genblk1.genblk1.genblk1.genblk1.genblk1.genblk1.genblk1.lut1.genblk1.genblk1.genblk1.genblk1.genblk1.genblk1.lut1.genblk1.genblk1.genblk1.genblk1.genblk1.lut0 (4 -> 0)
  Optimizing lut $abc$139407$lut$aiger139406$8691.genblk1.genblk1.genblk1.genblk1.genblk1.genblk1.genblk1.genblk1.lut1.genblk1.genblk1.genblk1.genblk1.genblk1.genblk1.genblk1.lut1.genblk1.genblk1.genblk1.genblk1.genblk1.genblk1.lut0.genblk1.genblk1.genblk1.genblk1.genblk1.lut0 (4 -> 0)
  Optimizing lut $abc$139407$lut$aiger139406$8691.genblk1.genblk1.genblk1.genblk1.genblk1.genblk1.genblk1.genblk1.lut0.genblk1.genblk1.genblk1.genblk1.genblk1.genblk1.genblk1.lut0.genblk1.genblk1.genblk1.genblk1.genblk1.genblk1.lut1.genblk1.genblk1.genblk1.genblk1.genblk1.lut0 (4 -> 1)
  Optimizing lut $abc$139407$lut$aiger139406$8691.genblk1.genblk1.genblk1.genblk1.genblk1.genblk1.genblk1.genblk1.lut0.genblk1.genblk1.genblk1.genblk1.genblk1.genblk1.genblk1.lut0.genblk1.genblk1.genblk1.genblk1.genblk1.genblk1.lut0.genblk1.genblk1.genblk1.genblk1.genblk1.lut0 (4 -> 0)
  Optimizing lut $abc$139407$lut$aiger139406$8691.genblk1.genblk1.genblk1.genblk1.genblk1.genblk1.genblk1.genblk1.lut0.genblk1.genblk1.genblk1.genblk1.genblk1.genblk1.genblk1.lut1.genblk1.genblk1.genblk1.genblk1.genblk1.genblk1.lut1.genblk1.genblk1.genblk1.genblk1.genblk1.lut0 (4 -> 0)
  Optimizing lut $abc$139407$lut$aiger139406$8691.genblk1.genblk1.genblk1.genblk1.genblk1.genblk1.genblk1.genblk1.lut0.genblk1.genblk1.genblk1.genblk1.genblk1.genblk1.genblk1.lut1.genblk1.genblk1.genblk1.genblk1.genblk1.genblk1.lut0.genblk1.genblk1.genblk1.genblk1.genblk1.lut0 (4 -> 0)
  Optimizing lut $abc$139407$lut$aiger139406$8713.genblk1.genblk1.genblk1.genblk1.genblk1.genblk1.genblk1.lut1.genblk1.genblk1.genblk1.genblk1.genblk1.genblk1.lut0.genblk1.genblk1.genblk1.genblk1.genblk1.lut1 (4 -> 0)
  Optimizing lut $abc$139407$lut$aiger139406$8740.genblk1.genblk1.genblk1.genblk1.genblk1.genblk1.genblk1.genblk1.lut1.genblk1.genblk1.genblk1.genblk1.genblk1.genblk1.genblk1.lut0.genblk1.genblk1.genblk1.genblk1.genblk1.genblk1.lut0.genblk1.genblk1.genblk1.genblk1.genblk1.lut0 (4 -> 2)
  Optimizing lut $abc$139407$lut$aiger139406$8740.genblk1.genblk1.genblk1.genblk1.genblk1.genblk1.genblk1.genblk1.lut1.genblk1.genblk1.genblk1.genblk1.genblk1.genblk1.genblk1.lut1.genblk1.genblk1.genblk1.genblk1.genblk1.genblk1.lut1.genblk1.genblk1.genblk1.genblk1.genblk1.lut0 (4 -> 2)
  Optimizing lut $abc$139407$lut$aiger139406$8740.genblk1.genblk1.genblk1.genblk1.genblk1.genblk1.genblk1.genblk1.lut0.genblk1.genblk1.genblk1.genblk1.genblk1.genblk1.genblk1.lut0.genblk1.genblk1.genblk1.genblk1.genblk1.genblk1.lut1.genblk1.genblk1.genblk1.genblk1.genblk1.lut0 (4 -> 2)
  Optimizing lut $abc$139407$lut$aiger139406$8740.genblk1.genblk1.genblk1.genblk1.genblk1.genblk1.genblk1.genblk1.lut0.genblk1.genblk1.genblk1.genblk1.genblk1.genblk1.genblk1.lut0.genblk1.genblk1.genblk1.genblk1.genblk1.genblk1.lut0.genblk1.genblk1.genblk1.genblk1.genblk1.lut0 (4 -> 2)
  Optimizing lut $abc$139407$lut$aiger139406$8740.genblk1.genblk1.genblk1.genblk1.genblk1.genblk1.genblk1.genblk1.lut0.genblk1.genblk1.genblk1.genblk1.genblk1.genblk1.genblk1.lut1.genblk1.genblk1.genblk1.genblk1.genblk1.genblk1.lut1.genblk1.genblk1.genblk1.genblk1.genblk1.lut0 (4 -> 2)
  Optimizing lut $abc$139407$lut$aiger139406$8740.genblk1.genblk1.genblk1.genblk1.genblk1.genblk1.genblk1.genblk1.lut0.genblk1.genblk1.genblk1.genblk1.genblk1.genblk1.genblk1.lut1.genblk1.genblk1.genblk1.genblk1.genblk1.genblk1.lut0.genblk1.genblk1.genblk1.genblk1.genblk1.lut0 (4 -> 2)
  Optimizing lut $auto$abc_ops_reintegrate.cc:652:reintegrate$139417.genblk1.genblk1.genblk1.genblk1.genblk1.genblk1.genblk1.genblk1.lut1.genblk1.genblk1.genblk1.genblk1.genblk1.genblk1.genblk1.lut0.genblk1.genblk1.genblk1.genblk1.genblk1.genblk1.lut1.genblk1.genblk1.genblk1.genblk1.genblk1.lut0 (4 -> 2)
  Optimizing lut $auto$abc_ops_reintegrate.cc:652:reintegrate$139417.genblk1.genblk1.genblk1.genblk1.genblk1.genblk1.genblk1.genblk1.lut1.genblk1.genblk1.genblk1.genblk1.genblk1.genblk1.genblk1.lut0.genblk1.genblk1.genblk1.genblk1.genblk1.genblk1.lut0.genblk1.genblk1.genblk1.genblk1.genblk1.lut0 (4 -> 2)
  Optimizing lut $auto$abc_ops_reintegrate.cc:652:reintegrate$139417.genblk1.genblk1.genblk1.genblk1.genblk1.genblk1.genblk1.genblk1.lut1.genblk1.genblk1.genblk1.genblk1.genblk1.genblk1.genblk1.lut1.genblk1.genblk1.genblk1.genblk1.genblk1.genblk1.lut1.genblk1.genblk1.genblk1.genblk1.genblk1.lut0 (4 -> 2)
  Optimizing lut $auto$abc_ops_reintegrate.cc:652:reintegrate$139417.genblk1.genblk1.genblk1.genblk1.genblk1.genblk1.genblk1.genblk1.lut0.genblk1.genblk1.genblk1.genblk1.genblk1.genblk1.genblk1.lut0.genblk1.genblk1.genblk1.genblk1.genblk1.genblk1.lut1.genblk1.genblk1.genblk1.genblk1.genblk1.lut0 (4 -> 2)
  Optimizing lut $auto$abc_ops_reintegrate.cc:652:reintegrate$139417.genblk1.genblk1.genblk1.genblk1.genblk1.genblk1.genblk1.genblk1.lut0.genblk1.genblk1.genblk1.genblk1.genblk1.genblk1.genblk1.lut0.genblk1.genblk1.genblk1.genblk1.genblk1.genblk1.lut0.genblk1.genblk1.genblk1.genblk1.genblk1.lut0 (4 -> 2)
  Optimizing lut $auto$abc_ops_reintegrate.cc:652:reintegrate$139417.genblk1.genblk1.genblk1.genblk1.genblk1.genblk1.genblk1.genblk1.lut0.genblk1.genblk1.genblk1.genblk1.genblk1.genblk1.genblk1.lut1.genblk1.genblk1.genblk1.genblk1.genblk1.genblk1.lut1.genblk1.genblk1.genblk1.genblk1.genblk1.lut0 (4 -> 2)
  Optimizing lut $auto$abc_ops_reintegrate.cc:652:reintegrate$139417.genblk1.genblk1.genblk1.genblk1.genblk1.genblk1.genblk1.genblk1.lut0.genblk1.genblk1.genblk1.genblk1.genblk1.genblk1.genblk1.lut1.genblk1.genblk1.genblk1.genblk1.genblk1.genblk1.lut0.genblk1.genblk1.genblk1.genblk1.genblk1.lut0 (4 -> 2)
  Optimizing lut $abc$139407$lut$aiger139406$11428.genblk1.genblk1.genblk1.genblk1.genblk1.genblk1.genblk1.lut1.genblk1.genblk1.genblk1.genblk1.genblk1.genblk1.lut0.genblk1.genblk1.genblk1.genblk1.genblk1.lut1 (4 -> 3)
  Optimizing lut $abc$139407$lut$aiger139406$8542.genblk1.genblk1.genblk1.genblk1.genblk1.genblk1.genblk1.genblk1.lut1.genblk1.genblk1.genblk1.genblk1.genblk1.genblk1.genblk1.lut0.genblk1.genblk1.genblk1.genblk1.genblk1.genblk1.lut0.genblk1.genblk1.genblk1.genblk1.genblk1.lut0 (4 -> 0)
  Optimizing lut $abc$139407$lut$aiger139406$8542.genblk1.genblk1.genblk1.genblk1.genblk1.genblk1.genblk1.genblk1.lut1.genblk1.genblk1.genblk1.genblk1.genblk1.genblk1.genblk1.lut1.genblk1.genblk1.genblk1.genblk1.genblk1.genblk1.lut1.genblk1.genblk1.genblk1.genblk1.genblk1.lut0 (4 -> 0)
  Optimizing lut $abc$139407$lut$aiger139406$8542.genblk1.genblk1.genblk1.genblk1.genblk1.genblk1.genblk1.genblk1.lut1.genblk1.genblk1.genblk1.genblk1.genblk1.genblk1.genblk1.lut1.genblk1.genblk1.genblk1.genblk1.genblk1.genblk1.lut0.genblk1.genblk1.genblk1.genblk1.genblk1.lut0 (4 -> 0)
  Optimizing lut $abc$139407$lut$aiger139406$8542.genblk1.genblk1.genblk1.genblk1.genblk1.genblk1.genblk1.genblk1.lut0.genblk1.genblk1.genblk1.genblk1.genblk1.genblk1.genblk1.lut0.genblk1.genblk1.genblk1.genblk1.genblk1.genblk1.lut1.genblk1.genblk1.genblk1.genblk1.genblk1.lut0 (4 -> 0)
  Optimizing lut $abc$139407$lut$aiger139406$8542.genblk1.genblk1.genblk1.genblk1.genblk1.genblk1.genblk1.genblk1.lut0.genblk1.genblk1.genblk1.genblk1.genblk1.genblk1.genblk1.lut0.genblk1.genblk1.genblk1.genblk1.genblk1.genblk1.lut0.genblk1.genblk1.genblk1.genblk1.genblk1.lut0 (4 -> 0)
  Optimizing lut $abc$139407$lut$aiger139406$8542.genblk1.genblk1.genblk1.genblk1.genblk1.genblk1.genblk1.genblk1.lut0.genblk1.genblk1.genblk1.genblk1.genblk1.genblk1.genblk1.lut1.genblk1.genblk1.genblk1.genblk1.genblk1.genblk1.lut1.genblk1.genblk1.genblk1.genblk1.genblk1.lut0 (4 -> 0)
  Optimizing lut $abc$139407$lut$aiger139406$8542.genblk1.genblk1.genblk1.genblk1.genblk1.genblk1.genblk1.genblk1.lut0.genblk1.genblk1.genblk1.genblk1.genblk1.genblk1.genblk1.lut1.genblk1.genblk1.genblk1.genblk1.genblk1.genblk1.lut0.genblk1.genblk1.genblk1.genblk1.genblk1.lut0 (4 -> 0)
  Optimizing lut $abc$139407$lut$aiger139406$8589.genblk1.genblk1.genblk1.genblk1.genblk1.genblk1.genblk1.lut1.genblk1.genblk1.genblk1.genblk1.genblk1.genblk1.lut0.genblk1.genblk1.genblk1.genblk1.genblk1.lut1 (4 -> 0)
  Optimizing lut $abc$139407$lut$aiger139406$8660.genblk1.genblk1.genblk1.genblk1.genblk1.genblk1.genblk1.genblk1.lut1.genblk1.genblk1.genblk1.genblk1.genblk1.genblk1.genblk1.lut0.genblk1.genblk1.genblk1.genblk1.genblk1.genblk1.lut0.genblk1.genblk1.genblk1.genblk1.genblk1.lut0 (4 -> 1)
  Optimizing lut $abc$139407$lut$aiger139406$8660.genblk1.genblk1.genblk1.genblk1.genblk1.genblk1.genblk1.genblk1.lut1.genblk1.genblk1.genblk1.genblk1.genblk1.genblk1.genblk1.lut1.genblk1.genblk1.genblk1.genblk1.genblk1.genblk1.lut0.genblk1.genblk1.genblk1.genblk1.genblk1.lut0 (4 -> 1)
  Optimizing lut $abc$139407$lut$aiger139406$8660.genblk1.genblk1.genblk1.genblk1.genblk1.genblk1.genblk1.genblk1.lut0.genblk1.genblk1.genblk1.genblk1.genblk1.genblk1.genblk1.lut0.genblk1.genblk1.genblk1.genblk1.genblk1.genblk1.lut1.genblk1.genblk1.genblk1.genblk1.genblk1.lut0 (4 -> 1)
  Optimizing lut $abc$139407$lut$aiger139406$8660.genblk1.genblk1.genblk1.genblk1.genblk1.genblk1.genblk1.genblk1.lut0.genblk1.genblk1.genblk1.genblk1.genblk1.genblk1.genblk1.lut0.genblk1.genblk1.genblk1.genblk1.genblk1.genblk1.lut0.genblk1.genblk1.genblk1.genblk1.genblk1.lut0 (4 -> 1)
  Optimizing lut $abc$139407$lut$aiger139406$8660.genblk1.genblk1.genblk1.genblk1.genblk1.genblk1.genblk1.genblk1.lut0.genblk1.genblk1.genblk1.genblk1.genblk1.genblk1.genblk1.lut1.genblk1.genblk1.genblk1.genblk1.genblk1.genblk1.lut1.genblk1.genblk1.genblk1.genblk1.genblk1.lut0 (4 -> 1)
  Optimizing lut $abc$139407$lut$aiger139406$8660.genblk1.genblk1.genblk1.genblk1.genblk1.genblk1.genblk1.genblk1.lut0.genblk1.genblk1.genblk1.genblk1.genblk1.genblk1.genblk1.lut1.genblk1.genblk1.genblk1.genblk1.genblk1.genblk1.lut0.genblk1.genblk1.genblk1.genblk1.genblk1.lut0 (4 -> 1)
  Optimizing lut $auto$abc_ops_reintegrate.cc:652:reintegrate$139757.genblk1.genblk1.genblk1.genblk1.genblk1.genblk1.genblk1.genblk1.lut1.genblk1.genblk1.genblk1.genblk1.genblk1.genblk1.genblk1.lut0.genblk1.genblk1.genblk1.genblk1.genblk1.genblk1.lut0.genblk1.genblk1.genblk1.genblk1.genblk1.lut0 (4 -> 0)
  Optimizing lut $auto$abc_ops_reintegrate.cc:652:reintegrate$139757.genblk1.genblk1.genblk1.genblk1.genblk1.genblk1.genblk1.genblk1.lut1.genblk1.genblk1.genblk1.genblk1.genblk1.genblk1.genblk1.lut1.genblk1.genblk1.genblk1.genblk1.genblk1.genblk1.lut1.genblk1.genblk1.genblk1.genblk1.genblk1.lut0 (4 -> 0)
  Optimizing lut $auto$abc_ops_reintegrate.cc:652:reintegrate$139757.genblk1.genblk1.genblk1.genblk1.genblk1.genblk1.genblk1.genblk1.lut1.genblk1.genblk1.genblk1.genblk1.genblk1.genblk1.genblk1.lut1.genblk1.genblk1.genblk1.genblk1.genblk1.genblk1.lut0.genblk1.genblk1.genblk1.genblk1.genblk1.lut0 (4 -> 0)
  Optimizing lut $auto$abc_ops_reintegrate.cc:652:reintegrate$139757.genblk1.genblk1.genblk1.genblk1.genblk1.genblk1.genblk1.genblk1.lut0.genblk1.genblk1.genblk1.genblk1.genblk1.genblk1.genblk1.lut0.genblk1.genblk1.genblk1.genblk1.genblk1.genblk1.lut1.genblk1.genblk1.genblk1.genblk1.genblk1.lut0 (4 -> 0)
  Optimizing lut $auto$abc_ops_reintegrate.cc:652:reintegrate$139757.genblk1.genblk1.genblk1.genblk1.genblk1.genblk1.genblk1.genblk1.lut0.genblk1.genblk1.genblk1.genblk1.genblk1.genblk1.genblk1.lut0.genblk1.genblk1.genblk1.genblk1.genblk1.genblk1.lut0.genblk1.genblk1.genblk1.genblk1.genblk1.lut0 (4 -> 0)
  Optimizing lut $auto$abc_ops_reintegrate.cc:652:reintegrate$139757.genblk1.genblk1.genblk1.genblk1.genblk1.genblk1.genblk1.genblk1.lut0.genblk1.genblk1.genblk1.genblk1.genblk1.genblk1.genblk1.lut1.genblk1.genblk1.genblk1.genblk1.genblk1.genblk1.lut1.genblk1.genblk1.genblk1.genblk1.genblk1.lut0 (4 -> 0)
  Optimizing lut $auto$abc_ops_reintegrate.cc:652:reintegrate$139757.genblk1.genblk1.genblk1.genblk1.genblk1.genblk1.genblk1.genblk1.lut0.genblk1.genblk1.genblk1.genblk1.genblk1.genblk1.genblk1.lut1.genblk1.genblk1.genblk1.genblk1.genblk1.genblk1.lut0.genblk1.genblk1.genblk1.genblk1.genblk1.lut0 (4 -> 0)
  Optimizing lut $auto$abc_ops_reintegrate.cc:652:reintegrate$139748.genblk1.genblk1.genblk1.genblk1.genblk1.genblk1.genblk1.genblk1.lut1.genblk1.genblk1.genblk1.genblk1.genblk1.genblk1.genblk1.lut0.genblk1.genblk1.genblk1.genblk1.genblk1.genblk1.lut1.genblk1.genblk1.genblk1.genblk1.genblk1.lut0 (4 -> 0)
  Optimizing lut $auto$abc_ops_reintegrate.cc:652:reintegrate$139748.genblk1.genblk1.genblk1.genblk1.genblk1.genblk1.genblk1.genblk1.lut1.genblk1.genblk1.genblk1.genblk1.genblk1.genblk1.genblk1.lut0.genblk1.genblk1.genblk1.genblk1.genblk1.genblk1.lut0.genblk1.genblk1.genblk1.genblk1.genblk1.lut0 (4 -> 0)
  Optimizing lut $auto$abc_ops_reintegrate.cc:652:reintegrate$139748.genblk1.genblk1.genblk1.genblk1.genblk1.genblk1.genblk1.genblk1.lut1.genblk1.genblk1.genblk1.genblk1.genblk1.genblk1.genblk1.lut1.genblk1.genblk1.genblk1.genblk1.genblk1.genblk1.lut1.genblk1.genblk1.genblk1.genblk1.genblk1.lut0 (4 -> 0)
  Optimizing lut $auto$abc_ops_reintegrate.cc:652:reintegrate$139748.genblk1.genblk1.genblk1.genblk1.genblk1.genblk1.genblk1.genblk1.lut1.genblk1.genblk1.genblk1.genblk1.genblk1.genblk1.genblk1.lut1.genblk1.genblk1.genblk1.genblk1.genblk1.genblk1.lut0.genblk1.genblk1.genblk1.genblk1.genblk1.lut0 (4 -> 0)
  Optimizing lut $auto$abc_ops_reintegrate.cc:652:reintegrate$139748.genblk1.genblk1.genblk1.genblk1.genblk1.genblk1.genblk1.genblk1.lut0.genblk1.genblk1.genblk1.genblk1.genblk1.genblk1.genblk1.lut0.genblk1.genblk1.genblk1.genblk1.genblk1.genblk1.lut1.genblk1.genblk1.genblk1.genblk1.genblk1.lut0 (4 -> 0)
  Optimizing lut $auto$abc_ops_reintegrate.cc:652:reintegrate$139748.genblk1.genblk1.genblk1.genblk1.genblk1.genblk1.genblk1.genblk1.lut0.genblk1.genblk1.genblk1.genblk1.genblk1.genblk1.genblk1.lut0.genblk1.genblk1.genblk1.genblk1.genblk1.genblk1.lut0.genblk1.genblk1.genblk1.genblk1.genblk1.lut0 (4 -> 0)
  Optimizing lut $auto$abc_ops_reintegrate.cc:652:reintegrate$139748.genblk1.genblk1.genblk1.genblk1.genblk1.genblk1.genblk1.genblk1.lut0.genblk1.genblk1.genblk1.genblk1.genblk1.genblk1.genblk1.lut1.genblk1.genblk1.genblk1.genblk1.genblk1.genblk1.lut1.genblk1.genblk1.genblk1.genblk1.genblk1.lut0 (4 -> 0)
  Optimizing lut $auto$abc_ops_reintegrate.cc:652:reintegrate$139748.genblk1.genblk1.genblk1.genblk1.genblk1.genblk1.genblk1.genblk1.lut0.genblk1.genblk1.genblk1.genblk1.genblk1.genblk1.genblk1.lut1.genblk1.genblk1.genblk1.genblk1.genblk1.genblk1.lut0.genblk1.genblk1.genblk1.genblk1.genblk1.lut0 (4 -> 0)
  Optimizing lut $auto$abc_ops_reintegrate.cc:652:reintegrate$139747.genblk1.genblk1.genblk1.genblk1.genblk1.genblk1.genblk1.genblk1.lut1.genblk1.genblk1.genblk1.genblk1.genblk1.genblk1.genblk1.lut0.genblk1.genblk1.genblk1.genblk1.genblk1.genblk1.lut1.genblk1.genblk1.genblk1.genblk1.genblk1.lut0 (4 -> 0)
  Optimizing lut $auto$abc_ops_reintegrate.cc:652:reintegrate$139747.genblk1.genblk1.genblk1.genblk1.genblk1.genblk1.genblk1.genblk1.lut1.genblk1.genblk1.genblk1.genblk1.genblk1.genblk1.genblk1.lut0.genblk1.genblk1.genblk1.genblk1.genblk1.genblk1.lut0.genblk1.genblk1.genblk1.genblk1.genblk1.lut0 (4 -> 0)
  Optimizing lut $auto$abc_ops_reintegrate.cc:652:reintegrate$139747.genblk1.genblk1.genblk1.genblk1.genblk1.genblk1.genblk1.genblk1.lut1.genblk1.genblk1.genblk1.genblk1.genblk1.genblk1.genblk1.lut1.genblk1.genblk1.genblk1.genblk1.genblk1.genblk1.lut1.genblk1.genblk1.genblk1.genblk1.genblk1.lut0 (4 -> 0)
  Optimizing lut $auto$abc_ops_reintegrate.cc:652:reintegrate$139747.genblk1.genblk1.genblk1.genblk1.genblk1.genblk1.genblk1.genblk1.lut1.genblk1.genblk1.genblk1.genblk1.genblk1.genblk1.genblk1.lut1.genblk1.genblk1.genblk1.genblk1.genblk1.genblk1.lut0.genblk1.genblk1.genblk1.genblk1.genblk1.lut0 (4 -> 0)
  Optimizing lut $auto$abc_ops_reintegrate.cc:652:reintegrate$139747.genblk1.genblk1.genblk1.genblk1.genblk1.genblk1.genblk1.genblk1.lut0.genblk1.genblk1.genblk1.genblk1.genblk1.genblk1.genblk1.lut0.genblk1.genblk1.genblk1.genblk1.genblk1.genblk1.lut1.genblk1.genblk1.genblk1.genblk1.genblk1.lut0 (4 -> 0)
  Optimizing lut $auto$abc_ops_reintegrate.cc:652:reintegrate$139747.genblk1.genblk1.genblk1.genblk1.genblk1.genblk1.genblk1.genblk1.lut0.genblk1.genblk1.genblk1.genblk1.genblk1.genblk1.genblk1.lut0.genblk1.genblk1.genblk1.genblk1.genblk1.genblk1.lut0.genblk1.genblk1.genblk1.genblk1.genblk1.lut0 (4 -> 0)
  Optimizing lut $auto$abc_ops_reintegrate.cc:652:reintegrate$139747.genblk1.genblk1.genblk1.genblk1.genblk1.genblk1.genblk1.genblk1.lut0.genblk1.genblk1.genblk1.genblk1.genblk1.genblk1.genblk1.lut1.genblk1.genblk1.genblk1.genblk1.genblk1.genblk1.lut1.genblk1.genblk1.genblk1.genblk1.genblk1.lut0 (4 -> 0)
  Optimizing lut $auto$abc_ops_reintegrate.cc:652:reintegrate$139747.genblk1.genblk1.genblk1.genblk1.genblk1.genblk1.genblk1.genblk1.lut0.genblk1.genblk1.genblk1.genblk1.genblk1.genblk1.genblk1.lut1.genblk1.genblk1.genblk1.genblk1.genblk1.genblk1.lut0.genblk1.genblk1.genblk1.genblk1.genblk1.lut0 (4 -> 0)
  Optimizing lut $auto$abc_ops_reintegrate.cc:652:reintegrate$139746.genblk1.genblk1.genblk1.genblk1.genblk1.genblk1.genblk1.genblk1.lut1.genblk1.genblk1.genblk1.genblk1.genblk1.genblk1.genblk1.lut0.genblk1.genblk1.genblk1.genblk1.genblk1.genblk1.lut1.genblk1.genblk1.genblk1.genblk1.genblk1.lut0 (4 -> 0)
  Optimizing lut $auto$abc_ops_reintegrate.cc:652:reintegrate$139746.genblk1.genblk1.genblk1.genblk1.genblk1.genblk1.genblk1.genblk1.lut1.genblk1.genblk1.genblk1.genblk1.genblk1.genblk1.genblk1.lut0.genblk1.genblk1.genblk1.genblk1.genblk1.genblk1.lut0.genblk1.genblk1.genblk1.genblk1.genblk1.lut0 (4 -> 0)
  Optimizing lut $auto$abc_ops_reintegrate.cc:652:reintegrate$139746.genblk1.genblk1.genblk1.genblk1.genblk1.genblk1.genblk1.genblk1.lut1.genblk1.genblk1.genblk1.genblk1.genblk1.genblk1.genblk1.lut1.genblk1.genblk1.genblk1.genblk1.genblk1.genblk1.lut1.genblk1.genblk1.genblk1.genblk1.genblk1.lut0 (4 -> 0)
  Optimizing lut $auto$abc_ops_reintegrate.cc:652:reintegrate$139746.genblk1.genblk1.genblk1.genblk1.genblk1.genblk1.genblk1.genblk1.lut1.genblk1.genblk1.genblk1.genblk1.genblk1.genblk1.genblk1.lut1.genblk1.genblk1.genblk1.genblk1.genblk1.genblk1.lut0.genblk1.genblk1.genblk1.genblk1.genblk1.lut0 (4 -> 0)
  Optimizing lut $auto$abc_ops_reintegrate.cc:652:reintegrate$139746.genblk1.genblk1.genblk1.genblk1.genblk1.genblk1.genblk1.genblk1.lut0.genblk1.genblk1.genblk1.genblk1.genblk1.genblk1.genblk1.lut0.genblk1.genblk1.genblk1.genblk1.genblk1.genblk1.lut1.genblk1.genblk1.genblk1.genblk1.genblk1.lut0 (4 -> 0)
  Optimizing lut $auto$abc_ops_reintegrate.cc:652:reintegrate$139746.genblk1.genblk1.genblk1.genblk1.genblk1.genblk1.genblk1.genblk1.lut0.genblk1.genblk1.genblk1.genblk1.genblk1.genblk1.genblk1.lut0.genblk1.genblk1.genblk1.genblk1.genblk1.genblk1.lut0.genblk1.genblk1.genblk1.genblk1.genblk1.lut0 (4 -> 0)
  Optimizing lut $auto$abc_ops_reintegrate.cc:652:reintegrate$139746.genblk1.genblk1.genblk1.genblk1.genblk1.genblk1.genblk1.genblk1.lut0.genblk1.genblk1.genblk1.genblk1.genblk1.genblk1.genblk1.lut1.genblk1.genblk1.genblk1.genblk1.genblk1.genblk1.lut1.genblk1.genblk1.genblk1.genblk1.genblk1.lut0 (4 -> 0)
  Optimizing lut $auto$abc_ops_reintegrate.cc:652:reintegrate$139746.genblk1.genblk1.genblk1.genblk1.genblk1.genblk1.genblk1.genblk1.lut0.genblk1.genblk1.genblk1.genblk1.genblk1.genblk1.genblk1.lut1.genblk1.genblk1.genblk1.genblk1.genblk1.genblk1.lut0.genblk1.genblk1.genblk1.genblk1.genblk1.lut0 (4 -> 0)
  Optimizing lut $abc$139407$lut$aiger139406$13210.genblk1.genblk1.genblk1.genblk1.genblk1.genblk1.genblk1.genblk1.lut1.genblk1.genblk1.genblk1.genblk1.genblk1.genblk1.genblk1.lut0.genblk1.genblk1.genblk1.genblk1.genblk1.genblk1.lut1.genblk1.genblk1.genblk1.genblk1.genblk1.lut0 (4 -> 3)
  Optimizing lut $abc$139407$lut$aiger139406$13210.genblk1.genblk1.genblk1.genblk1.genblk1.genblk1.genblk1.genblk1.lut1.genblk1.genblk1.genblk1.genblk1.genblk1.genblk1.genblk1.lut0.genblk1.genblk1.genblk1.genblk1.genblk1.genblk1.lut0.genblk1.genblk1.genblk1.genblk1.genblk1.lut0 (4 -> 3)
  Optimizing lut $abc$139407$lut$aiger139406$13210.genblk1.genblk1.genblk1.genblk1.genblk1.genblk1.genblk1.genblk1.lut1.genblk1.genblk1.genblk1.genblk1.genblk1.genblk1.genblk1.lut1.genblk1.genblk1.genblk1.genblk1.genblk1.genblk1.lut1.genblk1.genblk1.genblk1.genblk1.genblk1.lut0 (4 -> 3)
  Optimizing lut $abc$139407$lut$aiger139406$13210.genblk1.genblk1.genblk1.genblk1.genblk1.genblk1.genblk1.genblk1.lut1.genblk1.genblk1.genblk1.genblk1.genblk1.genblk1.genblk1.lut1.genblk1.genblk1.genblk1.genblk1.genblk1.genblk1.lut0.genblk1.genblk1.genblk1.genblk1.genblk1.lut0 (4 -> 3)
  Optimizing lut $abc$139407$lut$aiger139406$13210.genblk1.genblk1.genblk1.genblk1.genblk1.genblk1.genblk1.genblk1.lut0.genblk1.genblk1.genblk1.genblk1.genblk1.genblk1.genblk1.lut0.genblk1.genblk1.genblk1.genblk1.genblk1.genblk1.lut1.genblk1.genblk1.genblk1.genblk1.genblk1.lut0 (4 -> 3)
  Optimizing lut $abc$139407$lut$aiger139406$13210.genblk1.genblk1.genblk1.genblk1.genblk1.genblk1.genblk1.genblk1.lut0.genblk1.genblk1.genblk1.genblk1.genblk1.genblk1.genblk1.lut0.genblk1.genblk1.genblk1.genblk1.genblk1.genblk1.lut0.genblk1.genblk1.genblk1.genblk1.genblk1.lut0 (4 -> 3)
  Optimizing lut $abc$139407$lut$aiger139406$13210.genblk1.genblk1.genblk1.genblk1.genblk1.genblk1.genblk1.genblk1.lut0.genblk1.genblk1.genblk1.genblk1.genblk1.genblk1.genblk1.lut1.genblk1.genblk1.genblk1.genblk1.genblk1.genblk1.lut1.genblk1.genblk1.genblk1.genblk1.genblk1.lut0 (4 -> 3)
  Optimizing lut $abc$139407$lut$aiger139406$13210.genblk1.genblk1.genblk1.genblk1.genblk1.genblk1.genblk1.genblk1.lut0.genblk1.genblk1.genblk1.genblk1.genblk1.genblk1.genblk1.lut1.genblk1.genblk1.genblk1.genblk1.genblk1.genblk1.lut0.genblk1.genblk1.genblk1.genblk1.genblk1.lut0 (4 -> 3)
  Optimizing lut $abc$139407$lut$aiger139406$13250.genblk1.genblk1.genblk1.genblk1.genblk1.genblk1.genblk1.genblk1.lut1.genblk1.genblk1.genblk1.genblk1.genblk1.genblk1.genblk1.lut0.genblk1.genblk1.genblk1.genblk1.genblk1.genblk1.lut1.genblk1.genblk1.genblk1.genblk1.genblk1.lut0 (4 -> 3)
  Optimizing lut $abc$139407$lut$aiger139406$13250.genblk1.genblk1.genblk1.genblk1.genblk1.genblk1.genblk1.genblk1.lut1.genblk1.genblk1.genblk1.genblk1.genblk1.genblk1.genblk1.lut0.genblk1.genblk1.genblk1.genblk1.genblk1.genblk1.lut0.genblk1.genblk1.genblk1.genblk1.genblk1.lut0 (4 -> 3)
  Optimizing lut $abc$139407$lut$aiger139406$13250.genblk1.genblk1.genblk1.genblk1.genblk1.genblk1.genblk1.genblk1.lut1.genblk1.genblk1.genblk1.genblk1.genblk1.genblk1.genblk1.lut1.genblk1.genblk1.genblk1.genblk1.genblk1.genblk1.lut1.genblk1.genblk1.genblk1.genblk1.genblk1.lut0 (4 -> 3)
  Optimizing lut $abc$139407$lut$aiger139406$13250.genblk1.genblk1.genblk1.genblk1.genblk1.genblk1.genblk1.genblk1.lut1.genblk1.genblk1.genblk1.genblk1.genblk1.genblk1.genblk1.lut1.genblk1.genblk1.genblk1.genblk1.genblk1.genblk1.lut0.genblk1.genblk1.genblk1.genblk1.genblk1.lut0 (4 -> 3)
  Optimizing lut $abc$139407$lut$aiger139406$13250.genblk1.genblk1.genblk1.genblk1.genblk1.genblk1.genblk1.genblk1.lut0.genblk1.genblk1.genblk1.genblk1.genblk1.genblk1.genblk1.lut0.genblk1.genblk1.genblk1.genblk1.genblk1.genblk1.lut1.genblk1.genblk1.genblk1.genblk1.genblk1.lut0 (4 -> 3)
  Optimizing lut $abc$139407$lut$aiger139406$13250.genblk1.genblk1.genblk1.genblk1.genblk1.genblk1.genblk1.genblk1.lut0.genblk1.genblk1.genblk1.genblk1.genblk1.genblk1.genblk1.lut0.genblk1.genblk1.genblk1.genblk1.genblk1.genblk1.lut0.genblk1.genblk1.genblk1.genblk1.genblk1.lut0 (4 -> 3)
  Optimizing lut $abc$139407$lut$aiger139406$13250.genblk1.genblk1.genblk1.genblk1.genblk1.genblk1.genblk1.genblk1.lut0.genblk1.genblk1.genblk1.genblk1.genblk1.genblk1.genblk1.lut1.genblk1.genblk1.genblk1.genblk1.genblk1.genblk1.lut1.genblk1.genblk1.genblk1.genblk1.genblk1.lut0 (4 -> 3)
  Optimizing lut $abc$139407$lut$aiger139406$13250.genblk1.genblk1.genblk1.genblk1.genblk1.genblk1.genblk1.genblk1.lut0.genblk1.genblk1.genblk1.genblk1.genblk1.genblk1.genblk1.lut1.genblk1.genblk1.genblk1.genblk1.genblk1.genblk1.lut0.genblk1.genblk1.genblk1.genblk1.genblk1.lut0 (4 -> 3)
  Optimizing lut $auto$abc_ops_reintegrate.cc:652:reintegrate$139741.genblk1.genblk1.genblk1.genblk1.genblk1.genblk1.genblk1.lut1.genblk1.genblk1.genblk1.genblk1.genblk1.genblk1.lut0.genblk1.genblk1.genblk1.genblk1.genblk1.lut1 (4 -> 0)
  Optimizing lut $abc$139407$lut$aiger139406$13655.genblk1.genblk1.genblk1.genblk1.genblk1.genblk1.genblk1.genblk1.lut1.genblk1.genblk1.genblk1.genblk1.genblk1.genblk1.genblk1.lut0.genblk1.genblk1.genblk1.genblk1.genblk1.genblk1.lut0.genblk1.genblk1.genblk1.genblk1.genblk1.lut0 (4 -> 0)
  Optimizing lut $abc$139407$lut$aiger139406$13655.genblk1.genblk1.genblk1.genblk1.genblk1.genblk1.genblk1.genblk1.lut1.genblk1.genblk1.genblk1.genblk1.genblk1.genblk1.genblk1.lut1.genblk1.genblk1.genblk1.genblk1.genblk1.genblk1.lut0.genblk1.genblk1.genblk1.genblk1.genblk1.lut0 (4 -> 0)
  Optimizing lut $abc$139407$lut$aiger139406$13655.genblk1.genblk1.genblk1.genblk1.genblk1.genblk1.genblk1.genblk1.lut0.genblk1.genblk1.genblk1.genblk1.genblk1.genblk1.genblk1.lut0.genblk1.genblk1.genblk1.genblk1.genblk1.genblk1.lut1.genblk1.genblk1.genblk1.genblk1.genblk1.lut0 (4 -> 0)
  Optimizing lut $abc$139407$lut$aiger139406$13655.genblk1.genblk1.genblk1.genblk1.genblk1.genblk1.genblk1.genblk1.lut0.genblk1.genblk1.genblk1.genblk1.genblk1.genblk1.genblk1.lut0.genblk1.genblk1.genblk1.genblk1.genblk1.genblk1.lut0.genblk1.genblk1.genblk1.genblk1.genblk1.lut0 (4 -> 0)
  Optimizing lut $abc$139407$lut$aiger139406$13655.genblk1.genblk1.genblk1.genblk1.genblk1.genblk1.genblk1.genblk1.lut0.genblk1.genblk1.genblk1.genblk1.genblk1.genblk1.genblk1.lut1.genblk1.genblk1.genblk1.genblk1.genblk1.genblk1.lut1.genblk1.genblk1.genblk1.genblk1.genblk1.lut0 (4 -> 0)
  Optimizing lut $abc$139407$lut$aiger139406$13655.genblk1.genblk1.genblk1.genblk1.genblk1.genblk1.genblk1.genblk1.lut0.genblk1.genblk1.genblk1.genblk1.genblk1.genblk1.genblk1.lut1.genblk1.genblk1.genblk1.genblk1.genblk1.genblk1.lut0.genblk1.genblk1.genblk1.genblk1.genblk1.lut0 (4 -> 0)
  Optimizing lut $abc$139407$lut$aiger139406$13662.genblk1.genblk1.genblk1.genblk1.genblk1.genblk1.genblk1.genblk1.lut1.genblk1.genblk1.genblk1.genblk1.genblk1.genblk1.genblk1.lut0.genblk1.genblk1.genblk1.genblk1.genblk1.genblk1.lut1.genblk1.genblk1.genblk1.genblk1.genblk1.lut0 (4 -> 0)
  Optimizing lut $abc$139407$lut$aiger139406$13662.genblk1.genblk1.genblk1.genblk1.genblk1.genblk1.genblk1.genblk1.lut1.genblk1.genblk1.genblk1.genblk1.genblk1.genblk1.genblk1.lut0.genblk1.genblk1.genblk1.genblk1.genblk1.genblk1.lut0.genblk1.genblk1.genblk1.genblk1.genblk1.lut0 (4 -> 0)
  Optimizing lut $abc$139407$lut$aiger139406$13662.genblk1.genblk1.genblk1.genblk1.genblk1.genblk1.genblk1.genblk1.lut1.genblk1.genblk1.genblk1.genblk1.genblk1.genblk1.genblk1.lut1.genblk1.genblk1.genblk1.genblk1.genblk1.genblk1.lut1.genblk1.genblk1.genblk1.genblk1.genblk1.lut0 (4 -> 0)
  Optimizing lut $abc$139407$lut$aiger139406$13662.genblk1.genblk1.genblk1.genblk1.genblk1.genblk1.genblk1.genblk1.lut1.genblk1.genblk1.genblk1.genblk1.genblk1.genblk1.genblk1.lut1.genblk1.genblk1.genblk1.genblk1.genblk1.genblk1.lut0.genblk1.genblk1.genblk1.genblk1.genblk1.lut0 (4 -> 0)
  Optimizing lut $abc$139407$lut$aiger139406$13662.genblk1.genblk1.genblk1.genblk1.genblk1.genblk1.genblk1.genblk1.lut0.genblk1.genblk1.genblk1.genblk1.genblk1.genblk1.genblk1.lut0.genblk1.genblk1.genblk1.genblk1.genblk1.genblk1.lut1.genblk1.genblk1.genblk1.genblk1.genblk1.lut0 (4 -> 1)
  Optimizing lut $abc$139407$lut$aiger139406$13662.genblk1.genblk1.genblk1.genblk1.genblk1.genblk1.genblk1.genblk1.lut0.genblk1.genblk1.genblk1.genblk1.genblk1.genblk1.genblk1.lut0.genblk1.genblk1.genblk1.genblk1.genblk1.genblk1.lut0.genblk1.genblk1.genblk1.genblk1.genblk1.lut0 (4 -> 0)
  Optimizing lut $abc$139407$lut$aiger139406$13662.genblk1.genblk1.genblk1.genblk1.genblk1.genblk1.genblk1.genblk1.lut0.genblk1.genblk1.genblk1.genblk1.genblk1.genblk1.genblk1.lut1.genblk1.genblk1.genblk1.genblk1.genblk1.genblk1.lut1.genblk1.genblk1.genblk1.genblk1.genblk1.lut0 (4 -> 0)
  Optimizing lut $abc$139407$lut$aiger139406$13662.genblk1.genblk1.genblk1.genblk1.genblk1.genblk1.genblk1.genblk1.lut0.genblk1.genblk1.genblk1.genblk1.genblk1.genblk1.genblk1.lut1.genblk1.genblk1.genblk1.genblk1.genblk1.genblk1.lut0.genblk1.genblk1.genblk1.genblk1.genblk1.lut0 (4 -> 0)
  Optimizing lut $abc$139407$lut$aiger139406$13683.genblk1.genblk1.genblk1.genblk1.genblk1.genblk1.genblk1.genblk1.lut1.genblk1.genblk1.genblk1.genblk1.genblk1.genblk1.genblk1.lut0.genblk1.genblk1.genblk1.genblk1.genblk1.genblk1.lut1.genblk1.genblk1.genblk1.genblk1.genblk1.lut0 (4 -> 0)
  Optimizing lut $abc$139407$lut$aiger139406$13683.genblk1.genblk1.genblk1.genblk1.genblk1.genblk1.genblk1.genblk1.lut1.genblk1.genblk1.genblk1.genblk1.genblk1.genblk1.genblk1.lut0.genblk1.genblk1.genblk1.genblk1.genblk1.genblk1.lut0.genblk1.genblk1.genblk1.genblk1.genblk1.lut0 (4 -> 0)
  Optimizing lut $abc$139407$lut$aiger139406$13683.genblk1.genblk1.genblk1.genblk1.genblk1.genblk1.genblk1.genblk1.lut1.genblk1.genblk1.genblk1.genblk1.genblk1.genblk1.genblk1.lut1.genblk1.genblk1.genblk1.genblk1.genblk1.genblk1.lut1.genblk1.genblk1.genblk1.genblk1.genblk1.lut0 (4 -> 0)
  Optimizing lut $abc$139407$lut$aiger139406$13683.genblk1.genblk1.genblk1.genblk1.genblk1.genblk1.genblk1.genblk1.lut1.genblk1.genblk1.genblk1.genblk1.genblk1.genblk1.genblk1.lut1.genblk1.genblk1.genblk1.genblk1.genblk1.genblk1.lut0.genblk1.genblk1.genblk1.genblk1.genblk1.lut0 (4 -> 0)
  Optimizing lut $abc$139407$lut$aiger139406$13683.genblk1.genblk1.genblk1.genblk1.genblk1.genblk1.genblk1.genblk1.lut0.genblk1.genblk1.genblk1.genblk1.genblk1.genblk1.genblk1.lut0.genblk1.genblk1.genblk1.genblk1.genblk1.genblk1.lut1.genblk1.genblk1.genblk1.genblk1.genblk1.lut0 (4 -> 0)
  Optimizing lut $abc$139407$lut$aiger139406$13683.genblk1.genblk1.genblk1.genblk1.genblk1.genblk1.genblk1.genblk1.lut0.genblk1.genblk1.genblk1.genblk1.genblk1.genblk1.genblk1.lut0.genblk1.genblk1.genblk1.genblk1.genblk1.genblk1.lut0.genblk1.genblk1.genblk1.genblk1.genblk1.lut0 (4 -> 0)
  Optimizing lut $abc$139407$lut$aiger139406$13683.genblk1.genblk1.genblk1.genblk1.genblk1.genblk1.genblk1.genblk1.lut0.genblk1.genblk1.genblk1.genblk1.genblk1.genblk1.genblk1.lut1.genblk1.genblk1.genblk1.genblk1.genblk1.genblk1.lut1.genblk1.genblk1.genblk1.genblk1.genblk1.lut0 (4 -> 0)
  Optimizing lut $abc$139407$lut$aiger139406$13683.genblk1.genblk1.genblk1.genblk1.genblk1.genblk1.genblk1.genblk1.lut0.genblk1.genblk1.genblk1.genblk1.genblk1.genblk1.genblk1.lut1.genblk1.genblk1.genblk1.genblk1.genblk1.genblk1.lut0.genblk1.genblk1.genblk1.genblk1.genblk1.lut0 (4 -> 0)
  Optimizing lut $abc$139407$lut$aiger139406$13690.genblk1.genblk1.genblk1.genblk1.genblk1.genblk1.genblk1.genblk1.lut1.genblk1.genblk1.genblk1.genblk1.genblk1.genblk1.genblk1.lut0.genblk1.genblk1.genblk1.genblk1.genblk1.genblk1.lut1.genblk1.genblk1.genblk1.genblk1.genblk1.lut0 (4 -> 0)
  Optimizing lut $abc$139407$lut$aiger139406$13690.genblk1.genblk1.genblk1.genblk1.genblk1.genblk1.genblk1.genblk1.lut1.genblk1.genblk1.genblk1.genblk1.genblk1.genblk1.genblk1.lut0.genblk1.genblk1.genblk1.genblk1.genblk1.genblk1.lut0.genblk1.genblk1.genblk1.genblk1.genblk1.lut0 (4 -> 0)
  Optimizing lut $abc$139407$lut$aiger139406$13690.genblk1.genblk1.genblk1.genblk1.genblk1.genblk1.genblk1.genblk1.lut1.genblk1.genblk1.genblk1.genblk1.genblk1.genblk1.genblk1.lut1.genblk1.genblk1.genblk1.genblk1.genblk1.genblk1.lut1.genblk1.genblk1.genblk1.genblk1.genblk1.lut0 (4 -> 0)
  Optimizing lut $abc$139407$lut$aiger139406$13690.genblk1.genblk1.genblk1.genblk1.genblk1.genblk1.genblk1.genblk1.lut1.genblk1.genblk1.genblk1.genblk1.genblk1.genblk1.genblk1.lut1.genblk1.genblk1.genblk1.genblk1.genblk1.genblk1.lut0.genblk1.genblk1.genblk1.genblk1.genblk1.lut0 (4 -> 0)
  Optimizing lut $abc$139407$lut$aiger139406$13690.genblk1.genblk1.genblk1.genblk1.genblk1.genblk1.genblk1.genblk1.lut0.genblk1.genblk1.genblk1.genblk1.genblk1.genblk1.genblk1.lut0.genblk1.genblk1.genblk1.genblk1.genblk1.genblk1.lut1.genblk1.genblk1.genblk1.genblk1.genblk1.lut0 (4 -> 0)
  Optimizing lut $abc$139407$lut$aiger139406$13690.genblk1.genblk1.genblk1.genblk1.genblk1.genblk1.genblk1.genblk1.lut0.genblk1.genblk1.genblk1.genblk1.genblk1.genblk1.genblk1.lut0.genblk1.genblk1.genblk1.genblk1.genblk1.genblk1.lut0.genblk1.genblk1.genblk1.genblk1.genblk1.lut0 (4 -> 0)
  Optimizing lut $abc$139407$lut$aiger139406$13690.genblk1.genblk1.genblk1.genblk1.genblk1.genblk1.genblk1.genblk1.lut0.genblk1.genblk1.genblk1.genblk1.genblk1.genblk1.genblk1.lut1.genblk1.genblk1.genblk1.genblk1.genblk1.genblk1.lut1.genblk1.genblk1.genblk1.genblk1.genblk1.lut0 (4 -> 0)
  Optimizing lut $abc$139407$lut$aiger139406$13690.genblk1.genblk1.genblk1.genblk1.genblk1.genblk1.genblk1.genblk1.lut0.genblk1.genblk1.genblk1.genblk1.genblk1.genblk1.genblk1.lut1.genblk1.genblk1.genblk1.genblk1.genblk1.genblk1.lut0.genblk1.genblk1.genblk1.genblk1.genblk1.lut0 (4 -> 0)
  Optimizing lut $abc$139407$lut$aiger139406$13697.genblk1.genblk1.genblk1.genblk1.genblk1.genblk1.genblk1.genblk1.lut1.genblk1.genblk1.genblk1.genblk1.genblk1.genblk1.genblk1.lut0.genblk1.genblk1.genblk1.genblk1.genblk1.genblk1.lut1.genblk1.genblk1.genblk1.genblk1.genblk1.lut0 (4 -> 0)
  Optimizing lut $abc$139407$lut$aiger139406$13697.genblk1.genblk1.genblk1.genblk1.genblk1.genblk1.genblk1.genblk1.lut1.genblk1.genblk1.genblk1.genblk1.genblk1.genblk1.genblk1.lut0.genblk1.genblk1.genblk1.genblk1.genblk1.genblk1.lut0.genblk1.genblk1.genblk1.genblk1.genblk1.lut0 (4 -> 0)
  Optimizing lut $abc$139407$lut$aiger139406$13697.genblk1.genblk1.genblk1.genblk1.genblk1.genblk1.genblk1.genblk1.lut1.genblk1.genblk1.genblk1.genblk1.genblk1.genblk1.genblk1.lut1.genblk1.genblk1.genblk1.genblk1.genblk1.genblk1.lut1.genblk1.genblk1.genblk1.genblk1.genblk1.lut0 (4 -> 0)
  Optimizing lut $abc$139407$lut$aiger139406$13697.genblk1.genblk1.genblk1.genblk1.genblk1.genblk1.genblk1.genblk1.lut1.genblk1.genblk1.genblk1.genblk1.genblk1.genblk1.genblk1.lut1.genblk1.genblk1.genblk1.genblk1.genblk1.genblk1.lut0.genblk1.genblk1.genblk1.genblk1.genblk1.lut0 (4 -> 0)
  Optimizing lut $abc$139407$lut$aiger139406$13697.genblk1.genblk1.genblk1.genblk1.genblk1.genblk1.genblk1.genblk1.lut0.genblk1.genblk1.genblk1.genblk1.genblk1.genblk1.genblk1.lut0.genblk1.genblk1.genblk1.genblk1.genblk1.genblk1.lut1.genblk1.genblk1.genblk1.genblk1.genblk1.lut0 (4 -> 0)
  Optimizing lut $abc$139407$lut$aiger139406$13697.genblk1.genblk1.genblk1.genblk1.genblk1.genblk1.genblk1.genblk1.lut0.genblk1.genblk1.genblk1.genblk1.genblk1.genblk1.genblk1.lut0.genblk1.genblk1.genblk1.genblk1.genblk1.genblk1.lut0.genblk1.genblk1.genblk1.genblk1.genblk1.lut0 (4 -> 0)
  Optimizing lut $abc$139407$lut$aiger139406$13697.genblk1.genblk1.genblk1.genblk1.genblk1.genblk1.genblk1.genblk1.lut0.genblk1.genblk1.genblk1.genblk1.genblk1.genblk1.genblk1.lut1.genblk1.genblk1.genblk1.genblk1.genblk1.genblk1.lut1.genblk1.genblk1.genblk1.genblk1.genblk1.lut0 (4 -> 0)
  Optimizing lut $abc$139407$lut$aiger139406$13697.genblk1.genblk1.genblk1.genblk1.genblk1.genblk1.genblk1.genblk1.lut0.genblk1.genblk1.genblk1.genblk1.genblk1.genblk1.genblk1.lut1.genblk1.genblk1.genblk1.genblk1.genblk1.genblk1.lut0.genblk1.genblk1.genblk1.genblk1.genblk1.lut0 (4 -> 0)
  Optimizing lut $abc$139407$lut$aiger139406$13703.genblk1.genblk1.genblk1.genblk1.genblk1.genblk1.genblk1.lut1.genblk1.genblk1.genblk1.genblk1.genblk1.genblk1.lut0.genblk1.genblk1.genblk1.genblk1.genblk1.lut1 (4 -> 0)
  Optimizing lut $abc$139407$lut$aiger139406$13855.genblk1.genblk1.genblk1.genblk1.genblk1.genblk1.genblk1.genblk1.lut1.genblk1.genblk1.genblk1.genblk1.genblk1.genblk1.genblk1.lut0.genblk1.genblk1.genblk1.genblk1.genblk1.genblk1.lut0.genblk1.genblk1.genblk1.genblk1.genblk1.lut0 (4 -> 3)
  Optimizing lut $abc$139407$lut$aiger139406$13855.genblk1.genblk1.genblk1.genblk1.genblk1.genblk1.genblk1.genblk1.lut1.genblk1.genblk1.genblk1.genblk1.genblk1.genblk1.genblk1.lut1.genblk1.genblk1.genblk1.genblk1.genblk1.genblk1.lut1.genblk1.genblk1.genblk1.genblk1.genblk1.lut0 (4 -> 3)
  Optimizing lut $abc$139407$lut$aiger139406$13855.genblk1.genblk1.genblk1.genblk1.genblk1.genblk1.genblk1.genblk1.lut1.genblk1.genblk1.genblk1.genblk1.genblk1.genblk1.genblk1.lut1.genblk1.genblk1.genblk1.genblk1.genblk1.genblk1.lut0.genblk1.genblk1.genblk1.genblk1.genblk1.lut0 (4 -> 3)
  Optimizing lut $abc$139407$lut$aiger139406$13855.genblk1.genblk1.genblk1.genblk1.genblk1.genblk1.genblk1.genblk1.lut0.genblk1.genblk1.genblk1.genblk1.genblk1.genblk1.genblk1.lut0.genblk1.genblk1.genblk1.genblk1.genblk1.genblk1.lut1.genblk1.genblk1.genblk1.genblk1.genblk1.lut0 (4 -> 3)
  Optimizing lut $abc$139407$lut$aiger139406$13855.genblk1.genblk1.genblk1.genblk1.genblk1.genblk1.genblk1.genblk1.lut0.genblk1.genblk1.genblk1.genblk1.genblk1.genblk1.genblk1.lut0.genblk1.genblk1.genblk1.genblk1.genblk1.genblk1.lut0.genblk1.genblk1.genblk1.genblk1.genblk1.lut0 (4 -> 3)
  Optimizing lut $abc$139407$lut$aiger139406$13855.genblk1.genblk1.genblk1.genblk1.genblk1.genblk1.genblk1.genblk1.lut0.genblk1.genblk1.genblk1.genblk1.genblk1.genblk1.genblk1.lut1.genblk1.genblk1.genblk1.genblk1.genblk1.genblk1.lut1.genblk1.genblk1.genblk1.genblk1.genblk1.lut0 (4 -> 3)
  Optimizing lut $abc$139407$lut$aiger139406$13855.genblk1.genblk1.genblk1.genblk1.genblk1.genblk1.genblk1.genblk1.lut0.genblk1.genblk1.genblk1.genblk1.genblk1.genblk1.genblk1.lut1.genblk1.genblk1.genblk1.genblk1.genblk1.genblk1.lut0.genblk1.genblk1.genblk1.genblk1.genblk1.lut0 (4 -> 3)
  Optimizing lut $abc$139407$lut$aiger139406$13918.genblk1.genblk1.genblk1.genblk1.genblk1.genblk1.genblk1.genblk1.lut1.genblk1.genblk1.genblk1.genblk1.genblk1.genblk1.genblk1.lut0.genblk1.genblk1.genblk1.genblk1.genblk1.genblk1.lut1.genblk1.genblk1.genblk1.genblk1.genblk1.lut0 (4 -> 0)
  Optimizing lut $abc$139407$lut$aiger139406$13918.genblk1.genblk1.genblk1.genblk1.genblk1.genblk1.genblk1.genblk1.lut1.genblk1.genblk1.genblk1.genblk1.genblk1.genblk1.genblk1.lut0.genblk1.genblk1.genblk1.genblk1.genblk1.genblk1.lut0.genblk1.genblk1.genblk1.genblk1.genblk1.lut0 (4 -> 1)
  Optimizing lut $abc$139407$lut$aiger139406$13918.genblk1.genblk1.genblk1.genblk1.genblk1.genblk1.genblk1.genblk1.lut1.genblk1.genblk1.genblk1.genblk1.genblk1.genblk1.genblk1.lut1.genblk1.genblk1.genblk1.genblk1.genblk1.genblk1.lut0.genblk1.genblk1.genblk1.genblk1.genblk1.lut0 (4 -> 1)
  Optimizing lut $abc$139407$lut$aiger139406$13918.genblk1.genblk1.genblk1.genblk1.genblk1.genblk1.genblk1.genblk1.lut0.genblk1.genblk1.genblk1.genblk1.genblk1.genblk1.genblk1.lut0.genblk1.genblk1.genblk1.genblk1.genblk1.genblk1.lut1.genblk1.genblk1.genblk1.genblk1.genblk1.lut0 (4 -> 1)
  Optimizing lut $abc$139407$lut$aiger139406$13918.genblk1.genblk1.genblk1.genblk1.genblk1.genblk1.genblk1.genblk1.lut0.genblk1.genblk1.genblk1.genblk1.genblk1.genblk1.genblk1.lut0.genblk1.genblk1.genblk1.genblk1.genblk1.genblk1.lut0.genblk1.genblk1.genblk1.genblk1.genblk1.lut0 (4 -> 1)
  Optimizing lut $abc$139407$lut$aiger139406$13918.genblk1.genblk1.genblk1.genblk1.genblk1.genblk1.genblk1.genblk1.lut0.genblk1.genblk1.genblk1.genblk1.genblk1.genblk1.genblk1.lut1.genblk1.genblk1.genblk1.genblk1.genblk1.genblk1.lut1.genblk1.genblk1.genblk1.genblk1.genblk1.lut0 (4 -> 1)
  Optimizing lut $abc$139407$lut$aiger139406$13918.genblk1.genblk1.genblk1.genblk1.genblk1.genblk1.genblk1.genblk1.lut0.genblk1.genblk1.genblk1.genblk1.genblk1.genblk1.genblk1.lut1.genblk1.genblk1.genblk1.genblk1.genblk1.genblk1.lut0.genblk1.genblk1.genblk1.genblk1.genblk1.lut0 (4 -> 1)
  Optimizing lut $abc$139407$lut$aiger139406$9387.genblk1.genblk1.genblk1.genblk1.genblk1.genblk1.genblk1.genblk1.lut1.genblk1.genblk1.genblk1.genblk1.genblk1.genblk1.genblk1.lut0.genblk1.genblk1.genblk1.genblk1.genblk1.genblk1.lut1.genblk1.genblk1.genblk1.genblk1.genblk1.lut0 (4 -> 3)
  Optimizing lut $abc$139407$lut$aiger139406$9387.genblk1.genblk1.genblk1.genblk1.genblk1.genblk1.genblk1.genblk1.lut1.genblk1.genblk1.genblk1.genblk1.genblk1.genblk1.genblk1.lut0.genblk1.genblk1.genblk1.genblk1.genblk1.genblk1.lut0.genblk1.genblk1.genblk1.genblk1.genblk1.lut0 (4 -> 3)
  Optimizing lut $abc$139407$lut$aiger139406$9387.genblk1.genblk1.genblk1.genblk1.genblk1.genblk1.genblk1.genblk1.lut1.genblk1.genblk1.genblk1.genblk1.genblk1.genblk1.genblk1.lut1.genblk1.genblk1.genblk1.genblk1.genblk1.genblk1.lut1.genblk1.genblk1.genblk1.genblk1.genblk1.lut0 (4 -> 3)
  Optimizing lut $abc$139407$lut$aiger139406$9387.genblk1.genblk1.genblk1.genblk1.genblk1.genblk1.genblk1.genblk1.lut1.genblk1.genblk1.genblk1.genblk1.genblk1.genblk1.genblk1.lut1.genblk1.genblk1.genblk1.genblk1.genblk1.genblk1.lut0.genblk1.genblk1.genblk1.genblk1.genblk1.lut0 (4 -> 3)
  Optimizing lut $abc$139407$lut$aiger139406$9387.genblk1.genblk1.genblk1.genblk1.genblk1.genblk1.genblk1.genblk1.lut0.genblk1.genblk1.genblk1.genblk1.genblk1.genblk1.genblk1.lut0.genblk1.genblk1.genblk1.genblk1.genblk1.genblk1.lut1.genblk1.genblk1.genblk1.genblk1.genblk1.lut0 (4 -> 3)
  Optimizing lut $abc$139407$lut$aiger139406$9387.genblk1.genblk1.genblk1.genblk1.genblk1.genblk1.genblk1.genblk1.lut0.genblk1.genblk1.genblk1.genblk1.genblk1.genblk1.genblk1.lut0.genblk1.genblk1.genblk1.genblk1.genblk1.genblk1.lut0.genblk1.genblk1.genblk1.genblk1.genblk1.lut0 (4 -> 3)
  Optimizing lut $abc$139407$lut$aiger139406$9387.genblk1.genblk1.genblk1.genblk1.genblk1.genblk1.genblk1.genblk1.lut0.genblk1.genblk1.genblk1.genblk1.genblk1.genblk1.genblk1.lut1.genblk1.genblk1.genblk1.genblk1.genblk1.genblk1.lut1.genblk1.genblk1.genblk1.genblk1.genblk1.lut0 (4 -> 3)
  Optimizing lut $abc$139407$lut$aiger139406$9387.genblk1.genblk1.genblk1.genblk1.genblk1.genblk1.genblk1.genblk1.lut0.genblk1.genblk1.genblk1.genblk1.genblk1.genblk1.genblk1.lut1.genblk1.genblk1.genblk1.genblk1.genblk1.genblk1.lut0.genblk1.genblk1.genblk1.genblk1.genblk1.lut0 (4 -> 3)
  Optimizing lut $abc$139407$lut$aiger139406$14818.genblk1.genblk1.genblk1.genblk1.genblk1.genblk1.genblk1.lut1.genblk1.genblk1.genblk1.genblk1.genblk1.genblk1.lut0.genblk1.genblk1.genblk1.genblk1.genblk1.lut1 (4 -> 0)
  Optimizing lut $abc$139407$lut$aiger139406$15175.genblk1.genblk1.genblk1.genblk1.genblk1.genblk1.genblk1.genblk1.lut1.genblk1.genblk1.genblk1.genblk1.genblk1.genblk1.genblk1.lut0.genblk1.genblk1.genblk1.genblk1.genblk1.genblk1.lut0.genblk1.genblk1.genblk1.genblk1.genblk1.lut0 (4 -> 0)
  Optimizing lut $abc$139407$lut$aiger139406$15175.genblk1.genblk1.genblk1.genblk1.genblk1.genblk1.genblk1.genblk1.lut1.genblk1.genblk1.genblk1.genblk1.genblk1.genblk1.genblk1.lut1.genblk1.genblk1.genblk1.genblk1.genblk1.genblk1.lut1.genblk1.genblk1.genblk1.genblk1.genblk1.lut0 (4 -> 0)
  Optimizing lut $abc$139407$lut$aiger139406$15175.genblk1.genblk1.genblk1.genblk1.genblk1.genblk1.genblk1.genblk1.lut1.genblk1.genblk1.genblk1.genblk1.genblk1.genblk1.genblk1.lut1.genblk1.genblk1.genblk1.genblk1.genblk1.genblk1.lut0.genblk1.genblk1.genblk1.genblk1.genblk1.lut0 (4 -> 0)
  Optimizing lut $abc$139407$lut$aiger139406$15175.genblk1.genblk1.genblk1.genblk1.genblk1.genblk1.genblk1.genblk1.lut0.genblk1.genblk1.genblk1.genblk1.genblk1.genblk1.genblk1.lut0.genblk1.genblk1.genblk1.genblk1.genblk1.genblk1.lut1.genblk1.genblk1.genblk1.genblk1.genblk1.lut0 (4 -> 0)
  Optimizing lut $abc$139407$lut$aiger139406$15175.genblk1.genblk1.genblk1.genblk1.genblk1.genblk1.genblk1.genblk1.lut0.genblk1.genblk1.genblk1.genblk1.genblk1.genblk1.genblk1.lut0.genblk1.genblk1.genblk1.genblk1.genblk1.genblk1.lut0.genblk1.genblk1.genblk1.genblk1.genblk1.lut0 (4 -> 0)
  Optimizing lut $abc$139407$lut$aiger139406$15175.genblk1.genblk1.genblk1.genblk1.genblk1.genblk1.genblk1.genblk1.lut0.genblk1.genblk1.genblk1.genblk1.genblk1.genblk1.genblk1.lut1.genblk1.genblk1.genblk1.genblk1.genblk1.genblk1.lut1.genblk1.genblk1.genblk1.genblk1.genblk1.lut0 (4 -> 0)
  Optimizing lut $abc$139407$lut$aiger139406$15175.genblk1.genblk1.genblk1.genblk1.genblk1.genblk1.genblk1.genblk1.lut0.genblk1.genblk1.genblk1.genblk1.genblk1.genblk1.genblk1.lut1.genblk1.genblk1.genblk1.genblk1.genblk1.genblk1.lut0.genblk1.genblk1.genblk1.genblk1.genblk1.lut0 (4 -> 0)
  Optimizing lut $abc$139407$lut$aiger139406$15182.genblk1.genblk1.genblk1.genblk1.genblk1.genblk1.genblk1.genblk1.lut1.genblk1.genblk1.genblk1.genblk1.genblk1.genblk1.genblk1.lut0.genblk1.genblk1.genblk1.genblk1.genblk1.genblk1.lut1.genblk1.genblk1.genblk1.genblk1.genblk1.lut0 (4 -> 0)
  Optimizing lut $abc$139407$lut$aiger139406$15182.genblk1.genblk1.genblk1.genblk1.genblk1.genblk1.genblk1.genblk1.lut1.genblk1.genblk1.genblk1.genblk1.genblk1.genblk1.genblk1.lut0.genblk1.genblk1.genblk1.genblk1.genblk1.genblk1.lut0.genblk1.genblk1.genblk1.genblk1.genblk1.lut0 (4 -> 0)
  Optimizing lut $abc$139407$lut$aiger139406$15182.genblk1.genblk1.genblk1.genblk1.genblk1.genblk1.genblk1.genblk1.lut1.genblk1.genblk1.genblk1.genblk1.genblk1.genblk1.genblk1.lut1.genblk1.genblk1.genblk1.genblk1.genblk1.genblk1.lut1.genblk1.genblk1.genblk1.genblk1.genblk1.lut0 (4 -> 0)
  Optimizing lut $abc$139407$lut$aiger139406$15182.genblk1.genblk1.genblk1.genblk1.genblk1.genblk1.genblk1.genblk1.lut1.genblk1.genblk1.genblk1.genblk1.genblk1.genblk1.genblk1.lut1.genblk1.genblk1.genblk1.genblk1.genblk1.genblk1.lut0.genblk1.genblk1.genblk1.genblk1.genblk1.lut0 (4 -> 0)
  Optimizing lut $abc$139407$lut$aiger139406$15182.genblk1.genblk1.genblk1.genblk1.genblk1.genblk1.genblk1.genblk1.lut0.genblk1.genblk1.genblk1.genblk1.genblk1.genblk1.genblk1.lut0.genblk1.genblk1.genblk1.genblk1.genblk1.genblk1.lut1.genblk1.genblk1.genblk1.genblk1.genblk1.lut0 (4 -> 0)
  Optimizing lut $abc$139407$lut$aiger139406$15182.genblk1.genblk1.genblk1.genblk1.genblk1.genblk1.genblk1.genblk1.lut0.genblk1.genblk1.genblk1.genblk1.genblk1.genblk1.genblk1.lut1.genblk1.genblk1.genblk1.genblk1.genblk1.genblk1.lut1.genblk1.genblk1.genblk1.genblk1.genblk1.lut0 (4 -> 0)
  Optimizing lut $abc$139407$lut$aiger139406$15182.genblk1.genblk1.genblk1.genblk1.genblk1.genblk1.genblk1.genblk1.lut0.genblk1.genblk1.genblk1.genblk1.genblk1.genblk1.genblk1.lut1.genblk1.genblk1.genblk1.genblk1.genblk1.genblk1.lut0.genblk1.genblk1.genblk1.genblk1.genblk1.lut0 (4 -> 0)
  Optimizing lut $abc$139407$lut$aiger139406$16106.genblk1.genblk1.genblk1.genblk1.genblk1.genblk1.genblk1.lut1.genblk1.genblk1.genblk1.genblk1.genblk1.genblk1.lut0.genblk1.genblk1.genblk1.genblk1.genblk1.lut1 (4 -> 0)
  Optimizing lut $auto$abc_ops_reintegrate.cc:652:reintegrate$139562.genblk1.genblk1.genblk1.genblk1.genblk1.genblk1.genblk1.genblk1.lut1.genblk1.genblk1.genblk1.genblk1.genblk1.genblk1.genblk1.lut0.genblk1.genblk1.genblk1.genblk1.genblk1.genblk1.lut0.genblk1.genblk1.genblk1.genblk1.genblk1.lut0 (4 -> 2)
  Optimizing lut $auto$abc_ops_reintegrate.cc:652:reintegrate$139562.genblk1.genblk1.genblk1.genblk1.genblk1.genblk1.genblk1.genblk1.lut1.genblk1.genblk1.genblk1.genblk1.genblk1.genblk1.genblk1.lut1.genblk1.genblk1.genblk1.genblk1.genblk1.genblk1.lut1.genblk1.genblk1.genblk1.genblk1.genblk1.lut0 (4 -> 2)
  Optimizing lut $auto$abc_ops_reintegrate.cc:652:reintegrate$139562.genblk1.genblk1.genblk1.genblk1.genblk1.genblk1.genblk1.genblk1.lut1.genblk1.genblk1.genblk1.genblk1.genblk1.genblk1.genblk1.lut1.genblk1.genblk1.genblk1.genblk1.genblk1.genblk1.lut0.genblk1.genblk1.genblk1.genblk1.genblk1.lut0 (4 -> 2)
  Optimizing lut $auto$abc_ops_reintegrate.cc:652:reintegrate$139562.genblk1.genblk1.genblk1.genblk1.genblk1.genblk1.genblk1.genblk1.lut0.genblk1.genblk1.genblk1.genblk1.genblk1.genblk1.genblk1.lut0.genblk1.genblk1.genblk1.genblk1.genblk1.genblk1.lut1.genblk1.genblk1.genblk1.genblk1.genblk1.lut0 (4 -> 2)
  Optimizing lut $auto$abc_ops_reintegrate.cc:652:reintegrate$139562.genblk1.genblk1.genblk1.genblk1.genblk1.genblk1.genblk1.genblk1.lut0.genblk1.genblk1.genblk1.genblk1.genblk1.genblk1.genblk1.lut0.genblk1.genblk1.genblk1.genblk1.genblk1.genblk1.lut0.genblk1.genblk1.genblk1.genblk1.genblk1.lut0 (4 -> 2)
  Optimizing lut $auto$abc_ops_reintegrate.cc:652:reintegrate$139562.genblk1.genblk1.genblk1.genblk1.genblk1.genblk1.genblk1.genblk1.lut0.genblk1.genblk1.genblk1.genblk1.genblk1.genblk1.genblk1.lut1.genblk1.genblk1.genblk1.genblk1.genblk1.genblk1.lut1.genblk1.genblk1.genblk1.genblk1.genblk1.lut0 (4 -> 2)
  Optimizing lut $auto$abc_ops_reintegrate.cc:652:reintegrate$139562.genblk1.genblk1.genblk1.genblk1.genblk1.genblk1.genblk1.genblk1.lut0.genblk1.genblk1.genblk1.genblk1.genblk1.genblk1.genblk1.lut1.genblk1.genblk1.genblk1.genblk1.genblk1.genblk1.lut0.genblk1.genblk1.genblk1.genblk1.genblk1.lut0 (4 -> 2)
  Optimizing lut $auto$abc_ops_reintegrate.cc:652:reintegrate$139554.genblk1.genblk1.genblk1.genblk1.genblk1.genblk1.genblk1.genblk1.lut1.genblk1.genblk1.genblk1.genblk1.genblk1.genblk1.genblk1.lut0.genblk1.genblk1.genblk1.genblk1.genblk1.genblk1.lut1.genblk1.genblk1.genblk1.genblk1.genblk1.lut0 (4 -> 2)
  Optimizing lut $auto$abc_ops_reintegrate.cc:652:reintegrate$139554.genblk1.genblk1.genblk1.genblk1.genblk1.genblk1.genblk1.genblk1.lut1.genblk1.genblk1.genblk1.genblk1.genblk1.genblk1.genblk1.lut0.genblk1.genblk1.genblk1.genblk1.genblk1.genblk1.lut0.genblk1.genblk1.genblk1.genblk1.genblk1.lut0 (4 -> 2)
  Optimizing lut $auto$abc_ops_reintegrate.cc:652:reintegrate$139554.genblk1.genblk1.genblk1.genblk1.genblk1.genblk1.genblk1.genblk1.lut1.genblk1.genblk1.genblk1.genblk1.genblk1.genblk1.genblk1.lut1.genblk1.genblk1.genblk1.genblk1.genblk1.genblk1.lut1.genblk1.genblk1.genblk1.genblk1.genblk1.lut0 (4 -> 2)
  Optimizing lut $auto$abc_ops_reintegrate.cc:652:reintegrate$139554.genblk1.genblk1.genblk1.genblk1.genblk1.genblk1.genblk1.genblk1.lut1.genblk1.genblk1.genblk1.genblk1.genblk1.genblk1.genblk1.lut1.genblk1.genblk1.genblk1.genblk1.genblk1.genblk1.lut0.genblk1.genblk1.genblk1.genblk1.genblk1.lut0 (4 -> 2)
  Optimizing lut $auto$abc_ops_reintegrate.cc:652:reintegrate$139554.genblk1.genblk1.genblk1.genblk1.genblk1.genblk1.genblk1.genblk1.lut0.genblk1.genblk1.genblk1.genblk1.genblk1.genblk1.genblk1.lut0.genblk1.genblk1.genblk1.genblk1.genblk1.genblk1.lut1.genblk1.genblk1.genblk1.genblk1.genblk1.lut0 (4 -> 2)
  Optimizing lut $auto$abc_ops_reintegrate.cc:652:reintegrate$139554.genblk1.genblk1.genblk1.genblk1.genblk1.genblk1.genblk1.genblk1.lut0.genblk1.genblk1.genblk1.genblk1.genblk1.genblk1.genblk1.lut0.genblk1.genblk1.genblk1.genblk1.genblk1.genblk1.lut0.genblk1.genblk1.genblk1.genblk1.genblk1.lut0 (4 -> 2)
  Optimizing lut $auto$abc_ops_reintegrate.cc:652:reintegrate$139554.genblk1.genblk1.genblk1.genblk1.genblk1.genblk1.genblk1.genblk1.lut0.genblk1.genblk1.genblk1.genblk1.genblk1.genblk1.genblk1.lut1.genblk1.genblk1.genblk1.genblk1.genblk1.genblk1.lut1.genblk1.genblk1.genblk1.genblk1.genblk1.lut0 (4 -> 2)
  Optimizing lut $auto$abc_ops_reintegrate.cc:652:reintegrate$139538.genblk1.genblk1.genblk1.genblk1.genblk1.genblk1.genblk1.genblk1.lut1.genblk1.genblk1.genblk1.genblk1.genblk1.genblk1.genblk1.lut0.genblk1.genblk1.genblk1.genblk1.genblk1.genblk1.lut1.genblk1.genblk1.genblk1.genblk1.genblk1.lut0 (4 -> 2)
  Optimizing lut $auto$abc_ops_reintegrate.cc:652:reintegrate$139538.genblk1.genblk1.genblk1.genblk1.genblk1.genblk1.genblk1.genblk1.lut1.genblk1.genblk1.genblk1.genblk1.genblk1.genblk1.genblk1.lut0.genblk1.genblk1.genblk1.genblk1.genblk1.genblk1.lut0.genblk1.genblk1.genblk1.genblk1.genblk1.lut0 (4 -> 2)
  Optimizing lut $auto$abc_ops_reintegrate.cc:652:reintegrate$139538.genblk1.genblk1.genblk1.genblk1.genblk1.genblk1.genblk1.genblk1.lut1.genblk1.genblk1.genblk1.genblk1.genblk1.genblk1.genblk1.lut1.genblk1.genblk1.genblk1.genblk1.genblk1.genblk1.lut1.genblk1.genblk1.genblk1.genblk1.genblk1.lut0 (4 -> 2)
  Optimizing lut $auto$abc_ops_reintegrate.cc:652:reintegrate$139538.genblk1.genblk1.genblk1.genblk1.genblk1.genblk1.genblk1.genblk1.lut1.genblk1.genblk1.genblk1.genblk1.genblk1.genblk1.genblk1.lut1.genblk1.genblk1.genblk1.genblk1.genblk1.genblk1.lut0.genblk1.genblk1.genblk1.genblk1.genblk1.lut0 (4 -> 2)
  Optimizing lut $auto$abc_ops_reintegrate.cc:652:reintegrate$139538.genblk1.genblk1.genblk1.genblk1.genblk1.genblk1.genblk1.genblk1.lut0.genblk1.genblk1.genblk1.genblk1.genblk1.genblk1.genblk1.lut0.genblk1.genblk1.genblk1.genblk1.genblk1.genblk1.lut1.genblk1.genblk1.genblk1.genblk1.genblk1.lut0 (4 -> 2)
  Optimizing lut $auto$abc_ops_reintegrate.cc:652:reintegrate$139538.genblk1.genblk1.genblk1.genblk1.genblk1.genblk1.genblk1.genblk1.lut0.genblk1.genblk1.genblk1.genblk1.genblk1.genblk1.genblk1.lut0.genblk1.genblk1.genblk1.genblk1.genblk1.genblk1.lut0.genblk1.genblk1.genblk1.genblk1.genblk1.lut0 (4 -> 2)
  Optimizing lut $auto$abc_ops_reintegrate.cc:652:reintegrate$139538.genblk1.genblk1.genblk1.genblk1.genblk1.genblk1.genblk1.genblk1.lut0.genblk1.genblk1.genblk1.genblk1.genblk1.genblk1.genblk1.lut1.genblk1.genblk1.genblk1.genblk1.genblk1.genblk1.lut1.genblk1.genblk1.genblk1.genblk1.genblk1.lut0 (4 -> 3)
  Optimizing lut $auto$abc_ops_reintegrate.cc:652:reintegrate$139538.genblk1.genblk1.genblk1.genblk1.genblk1.genblk1.genblk1.genblk1.lut0.genblk1.genblk1.genblk1.genblk1.genblk1.genblk1.genblk1.lut1.genblk1.genblk1.genblk1.genblk1.genblk1.genblk1.lut0.genblk1.genblk1.genblk1.genblk1.genblk1.lut0 (4 -> 1)
  Optimizing lut $auto$abc_ops_reintegrate.cc:652:reintegrate$139530.genblk1.genblk1.genblk1.genblk1.genblk1.genblk1.genblk1.genblk1.lut1.genblk1.genblk1.genblk1.genblk1.genblk1.genblk1.genblk1.lut0.genblk1.genblk1.genblk1.genblk1.genblk1.genblk1.lut1.genblk1.genblk1.genblk1.genblk1.genblk1.lut0 (4 -> 3)
  Optimizing lut $auto$abc_ops_reintegrate.cc:652:reintegrate$139530.genblk1.genblk1.genblk1.genblk1.genblk1.genblk1.genblk1.genblk1.lut1.genblk1.genblk1.genblk1.genblk1.genblk1.genblk1.genblk1.lut0.genblk1.genblk1.genblk1.genblk1.genblk1.genblk1.lut0.genblk1.genblk1.genblk1.genblk1.genblk1.lut0 (4 -> 1)
  Optimizing lut $auto$abc_ops_reintegrate.cc:652:reintegrate$139530.genblk1.genblk1.genblk1.genblk1.genblk1.genblk1.genblk1.genblk1.lut1.genblk1.genblk1.genblk1.genblk1.genblk1.genblk1.genblk1.lut1.genblk1.genblk1.genblk1.genblk1.genblk1.genblk1.lut1.genblk1.genblk1.genblk1.genblk1.genblk1.lut0 (4 -> 2)
  Optimizing lut $auto$abc_ops_reintegrate.cc:652:reintegrate$139530.genblk1.genblk1.genblk1.genblk1.genblk1.genblk1.genblk1.genblk1.lut1.genblk1.genblk1.genblk1.genblk1.genblk1.genblk1.genblk1.lut1.genblk1.genblk1.genblk1.genblk1.genblk1.genblk1.lut0.genblk1.genblk1.genblk1.genblk1.genblk1.lut0 (4 -> 2)
  Optimizing lut $auto$abc_ops_reintegrate.cc:652:reintegrate$139530.genblk1.genblk1.genblk1.genblk1.genblk1.genblk1.genblk1.genblk1.lut0.genblk1.genblk1.genblk1.genblk1.genblk1.genblk1.genblk1.lut0.genblk1.genblk1.genblk1.genblk1.genblk1.genblk1.lut1.genblk1.genblk1.genblk1.genblk1.genblk1.lut0 (4 -> 2)
  Optimizing lut $auto$abc_ops_reintegrate.cc:652:reintegrate$139530.genblk1.genblk1.genblk1.genblk1.genblk1.genblk1.genblk1.genblk1.lut0.genblk1.genblk1.genblk1.genblk1.genblk1.genblk1.genblk1.lut0.genblk1.genblk1.genblk1.genblk1.genblk1.genblk1.lut0.genblk1.genblk1.genblk1.genblk1.genblk1.lut0 (4 -> 2)
  Optimizing lut $auto$abc_ops_reintegrate.cc:652:reintegrate$139530.genblk1.genblk1.genblk1.genblk1.genblk1.genblk1.genblk1.genblk1.lut0.genblk1.genblk1.genblk1.genblk1.genblk1.genblk1.genblk1.lut1.genblk1.genblk1.genblk1.genblk1.genblk1.genblk1.lut1.genblk1.genblk1.genblk1.genblk1.genblk1.lut0 (4 -> 2)
  Optimizing lut $auto$abc_ops_reintegrate.cc:652:reintegrate$139530.genblk1.genblk1.genblk1.genblk1.genblk1.genblk1.genblk1.genblk1.lut0.genblk1.genblk1.genblk1.genblk1.genblk1.genblk1.genblk1.lut1.genblk1.genblk1.genblk1.genblk1.genblk1.genblk1.lut0.genblk1.genblk1.genblk1.genblk1.genblk1.lut0 (4 -> 2)
  Optimizing lut $auto$abc_ops_reintegrate.cc:652:reintegrate$139517.genblk1.genblk1.genblk1.genblk1.genblk1.genblk1.genblk1.lut1.genblk1.genblk1.genblk1.genblk1.genblk1.genblk1.lut0.genblk1.genblk1.genblk1.genblk1.genblk1.lut1 (4 -> 0)
  Optimizing lut $auto$abc_ops_reintegrate.cc:652:reintegrate$139493.genblk1.genblk1.genblk1.genblk1.genblk1.genblk1.genblk1.genblk1.lut1.genblk1.genblk1.genblk1.genblk1.genblk1.genblk1.genblk1.lut0.genblk1.genblk1.genblk1.genblk1.genblk1.genblk1.lut0.genblk1.genblk1.genblk1.genblk1.genblk1.lut0 (4 -> 2)
  Optimizing lut $auto$abc_ops_reintegrate.cc:652:reintegrate$139493.genblk1.genblk1.genblk1.genblk1.genblk1.genblk1.genblk1.genblk1.lut1.genblk1.genblk1.genblk1.genblk1.genblk1.genblk1.genblk1.lut1.genblk1.genblk1.genblk1.genblk1.genblk1.genblk1.lut0.genblk1.genblk1.genblk1.genblk1.genblk1.lut0 (4 -> 2)
  Optimizing lut $auto$abc_ops_reintegrate.cc:652:reintegrate$139493.genblk1.genblk1.genblk1.genblk1.genblk1.genblk1.genblk1.genblk1.lut0.genblk1.genblk1.genblk1.genblk1.genblk1.genblk1.genblk1.lut0.genblk1.genblk1.genblk1.genblk1.genblk1.genblk1.lut1.genblk1.genblk1.genblk1.genblk1.genblk1.lut0 (4 -> 2)
  Optimizing lut $auto$abc_ops_reintegrate.cc:652:reintegrate$139493.genblk1.genblk1.genblk1.genblk1.genblk1.genblk1.genblk1.genblk1.lut0.genblk1.genblk1.genblk1.genblk1.genblk1.genblk1.genblk1.lut0.genblk1.genblk1.genblk1.genblk1.genblk1.genblk1.lut0.genblk1.genblk1.genblk1.genblk1.genblk1.lut0 (4 -> 2)
  Optimizing lut $auto$abc_ops_reintegrate.cc:652:reintegrate$139493.genblk1.genblk1.genblk1.genblk1.genblk1.genblk1.genblk1.genblk1.lut0.genblk1.genblk1.genblk1.genblk1.genblk1.genblk1.genblk1.lut1.genblk1.genblk1.genblk1.genblk1.genblk1.genblk1.lut1.genblk1.genblk1.genblk1.genblk1.genblk1.lut0 (4 -> 2)
  Optimizing lut $auto$abc_ops_reintegrate.cc:652:reintegrate$139493.genblk1.genblk1.genblk1.genblk1.genblk1.genblk1.genblk1.genblk1.lut0.genblk1.genblk1.genblk1.genblk1.genblk1.genblk1.genblk1.lut1.genblk1.genblk1.genblk1.genblk1.genblk1.genblk1.lut0.genblk1.genblk1.genblk1.genblk1.genblk1.lut0 (4 -> 2)
  Optimizing lut $abc$139407$lut$aiger139406$21488.genblk1.genblk1.genblk1.genblk1.genblk1.genblk1.genblk1.lut1.genblk1.genblk1.genblk1.genblk1.genblk1.genblk1.lut0.genblk1.genblk1.genblk1.genblk1.genblk1.lut1 (4 -> 0)
  Optimizing lut $abc$139407$lut$aiger139406$22399.genblk1.genblk1.genblk1.genblk1.genblk1.genblk1.genblk1.genblk1.lut1.genblk1.genblk1.genblk1.genblk1.genblk1.genblk1.genblk1.lut0.genblk1.genblk1.genblk1.genblk1.genblk1.genblk1.lut0.genblk1.genblk1.genblk1.genblk1.genblk1.lut0 (4 -> 3)
  Optimizing lut $abc$139407$lut$aiger139406$22399.genblk1.genblk1.genblk1.genblk1.genblk1.genblk1.genblk1.genblk1.lut1.genblk1.genblk1.genblk1.genblk1.genblk1.genblk1.genblk1.lut1.genblk1.genblk1.genblk1.genblk1.genblk1.genblk1.lut0.genblk1.genblk1.genblk1.genblk1.genblk1.lut0 (4 -> 3)
  Optimizing lut $abc$139407$lut$aiger139406$22399.genblk1.genblk1.genblk1.genblk1.genblk1.genblk1.genblk1.genblk1.lut0.genblk1.genblk1.genblk1.genblk1.genblk1.genblk1.genblk1.lut0.genblk1.genblk1.genblk1.genblk1.genblk1.genblk1.lut1.genblk1.genblk1.genblk1.genblk1.genblk1.lut0 (4 -> 0)
  Optimizing lut $abc$139407$lut$aiger139406$22399.genblk1.genblk1.genblk1.genblk1.genblk1.genblk1.genblk1.genblk1.lut0.genblk1.genblk1.genblk1.genblk1.genblk1.genblk1.genblk1.lut0.genblk1.genblk1.genblk1.genblk1.genblk1.genblk1.lut0.genblk1.genblk1.genblk1.genblk1.genblk1.lut0 (4 -> 0)
  Optimizing lut $abc$139407$lut$aiger139406$22399.genblk1.genblk1.genblk1.genblk1.genblk1.genblk1.genblk1.genblk1.lut0.genblk1.genblk1.genblk1.genblk1.genblk1.genblk1.genblk1.lut1.genblk1.genblk1.genblk1.genblk1.genblk1.genblk1.lut1.genblk1.genblk1.genblk1.genblk1.genblk1.lut0 (4 -> 0)
  Optimizing lut $abc$139407$lut$aiger139406$22399.genblk1.genblk1.genblk1.genblk1.genblk1.genblk1.genblk1.genblk1.lut0.genblk1.genblk1.genblk1.genblk1.genblk1.genblk1.genblk1.lut1.genblk1.genblk1.genblk1.genblk1.genblk1.genblk1.lut0.genblk1.genblk1.genblk1.genblk1.genblk1.lut0 (4 -> 0)
  Optimizing lut $abc$139407$lut$aiger139406$9713.genblk1.genblk1.genblk1.genblk1.genblk1.genblk1.genblk1.genblk1.lut1.genblk1.genblk1.genblk1.genblk1.genblk1.genblk1.genblk1.lut0.genblk1.genblk1.genblk1.genblk1.genblk1.genblk1.lut1.genblk1.genblk1.genblk1.genblk1.genblk1.lut0 (4 -> 0)
  Optimizing lut $abc$139407$lut$aiger139406$9713.genblk1.genblk1.genblk1.genblk1.genblk1.genblk1.genblk1.genblk1.lut1.genblk1.genblk1.genblk1.genblk1.genblk1.genblk1.genblk1.lut0.genblk1.genblk1.genblk1.genblk1.genblk1.genblk1.lut0.genblk1.genblk1.genblk1.genblk1.genblk1.lut0 (4 -> 0)
  Optimizing lut $abc$139407$lut$aiger139406$9713.genblk1.genblk1.genblk1.genblk1.genblk1.genblk1.genblk1.genblk1.lut1.genblk1.genblk1.genblk1.genblk1.genblk1.genblk1.genblk1.lut1.genblk1.genblk1.genblk1.genblk1.genblk1.genblk1.lut1.genblk1.genblk1.genblk1.genblk1.genblk1.lut0 (4 -> 0)
  Optimizing lut $abc$139407$lut$aiger139406$9713.genblk1.genblk1.genblk1.genblk1.genblk1.genblk1.genblk1.genblk1.lut1.genblk1.genblk1.genblk1.genblk1.genblk1.genblk1.genblk1.lut1.genblk1.genblk1.genblk1.genblk1.genblk1.genblk1.lut0.genblk1.genblk1.genblk1.genblk1.genblk1.lut0 (4 -> 0)
  Optimizing lut $abc$139407$lut$aiger139406$9713.genblk1.genblk1.genblk1.genblk1.genblk1.genblk1.genblk1.genblk1.lut0.genblk1.genblk1.genblk1.genblk1.genblk1.genblk1.genblk1.lut0.genblk1.genblk1.genblk1.genblk1.genblk1.genblk1.lut1.genblk1.genblk1.genblk1.genblk1.genblk1.lut0 (4 -> 0)
  Optimizing lut $abc$139407$lut$aiger139406$9713.genblk1.genblk1.genblk1.genblk1.genblk1.genblk1.genblk1.genblk1.lut0.genblk1.genblk1.genblk1.genblk1.genblk1.genblk1.genblk1.lut0.genblk1.genblk1.genblk1.genblk1.genblk1.genblk1.lut0.genblk1.genblk1.genblk1.genblk1.genblk1.lut0 (4 -> 0)
  Optimizing lut $abc$139407$lut$aiger$o10101.genblk1.genblk1.genblk1.genblk1.genblk1.genblk1.genblk1.lut1.genblk1.genblk1.genblk1.genblk1.genblk1.genblk1.lut0.genblk1.genblk1.genblk1.genblk1.genblk1.lut1 (4 -> 3)
  Optimizing lut $abc$139407$lut$aiger$o13596.genblk1.genblk1.genblk1.genblk1.genblk1.genblk1.genblk1.lut0.genblk1.genblk1.genblk1.genblk1.genblk1.genblk1.lut0.genblk1.genblk1.genblk1.genblk1.genblk1.lut0 (4 -> 0)
  Optimizing lut $abc$139407$lut$aiger$o13596.genblk1.genblk1.genblk1.genblk1.genblk1.genblk1.genblk1.lut1.genblk1.genblk1.genblk1.genblk1.genblk1.genblk1.lut1.genblk1.genblk1.genblk1.genblk1.genblk1.lut0 (4 -> 0)
  Optimizing lut $abc$139407$lut$aiger$o13596.genblk1.genblk1.genblk1.genblk1.genblk1.genblk1.genblk1.lut1.genblk1.genblk1.genblk1.genblk1.genblk1.genblk1.lut0.genblk1.genblk1.genblk1.genblk1.genblk1.lut0 (4 -> 0)
  Optimizing lut $abc$139407$lut$aiger$o13583.genblk1.genblk1.genblk1.genblk1.genblk1.genblk1.genblk1.lut0.genblk1.genblk1.genblk1.genblk1.genblk1.genblk1.lut1.genblk1.genblk1.genblk1.genblk1.genblk1.lut0 (4 -> 0)
  Optimizing lut $abc$139407$lut$aiger$o13583.genblk1.genblk1.genblk1.genblk1.genblk1.genblk1.genblk1.lut0.genblk1.genblk1.genblk1.genblk1.genblk1.genblk1.lut0.genblk1.genblk1.genblk1.genblk1.genblk1.lut0 (4 -> 0)
  Optimizing lut $abc$139407$lut$aiger$o13583.genblk1.genblk1.genblk1.genblk1.genblk1.genblk1.genblk1.lut1.genblk1.genblk1.genblk1.genblk1.genblk1.genblk1.lut1.genblk1.genblk1.genblk1.genblk1.genblk1.lut0 (4 -> 0)
  Optimizing lut $abc$139407$lut$aiger$o13583.genblk1.genblk1.genblk1.genblk1.genblk1.genblk1.genblk1.lut1.genblk1.genblk1.genblk1.genblk1.genblk1.genblk1.lut0.genblk1.genblk1.genblk1.genblk1.genblk1.lut0 (4 -> 0)
  Optimizing lut $abc$139407$lut$aiger$o15476.genblk1.genblk1.genblk1.genblk1.genblk1.genblk1.lut0.genblk1.genblk1.genblk1.genblk1.genblk1.lut1 (4 -> 1)
  Optimizing lut $abc$139407$lut$aiger$o10101.genblk1.genblk1.genblk1.genblk1.genblk1.genblk1.genblk1.lut0.genblk1.genblk1.genblk1.genblk1.genblk1.genblk1.lut0.genblk1.genblk1.genblk1.genblk1.genblk1.lut0 (4 -> 3)
  Optimizing lut $abc$139407$lut$aiger$o10101.genblk1.genblk1.genblk1.genblk1.genblk1.genblk1.genblk1.lut1.genblk1.genblk1.genblk1.genblk1.genblk1.genblk1.lut1.genblk1.genblk1.genblk1.genblk1.genblk1.lut0 (4 -> 3)
  Optimizing lut $abc$139407$lut$aiger$o10101.genblk1.genblk1.genblk1.genblk1.genblk1.genblk1.genblk1.lut1.genblk1.genblk1.genblk1.genblk1.genblk1.genblk1.lut0.genblk1.genblk1.genblk1.genblk1.genblk1.lut0 (4 -> 3)
  Optimizing lut $auto$abc_ops_reintegrate.cc:652:reintegrate$139409.genblk1.genblk1.genblk1.genblk1.genblk1.genblk1.lut0.genblk1.genblk1.genblk1.genblk1.genblk1.lut1 (4 -> 3)
  Optimizing lut $abc$139407$lut$aiger139406$9713.genblk1.genblk1.genblk1.genblk1.genblk1.genblk1.genblk1.genblk1.lut1.genblk1.genblk1.genblk1.genblk1.genblk1.genblk1.genblk1.lut1.genblk1.genblk1.genblk1.genblk1.genblk1.genblk1.lut0.genblk1.genblk1.genblk1.genblk1.genblk1.lut1 (4 -> 0)
  Optimizing lut $abc$139407$lut$aiger139406$9713.genblk1.genblk1.genblk1.genblk1.genblk1.genblk1.genblk1.genblk1.lut1.genblk1.genblk1.genblk1.genblk1.genblk1.genblk1.genblk1.lut0.genblk1.genblk1.genblk1.genblk1.genblk1.genblk1.lut0.genblk1.genblk1.genblk1.genblk1.genblk1.lut1 (4 -> 0)
  Optimizing lut $abc$139407$lut$aiger139406$22399.genblk1.genblk1.genblk1.genblk1.genblk1.genblk1.genblk1.genblk1.lut0.genblk1.genblk1.genblk1.genblk1.genblk1.genblk1.genblk1.lut1.genblk1.genblk1.genblk1.genblk1.genblk1.genblk1.lut0.genblk1.genblk1.genblk1.genblk1.genblk1.lut1 (4 -> 0)
  Optimizing lut $abc$139407$lut$aiger139406$9684.genblk1.genblk1.genblk1.genblk1.genblk1.genblk1.lut0.genblk1.genblk1.genblk1.genblk1.genblk1.lut1 (4 -> 0)
  Optimizing lut $auto$abc_ops_reintegrate.cc:652:reintegrate$139493.genblk1.genblk1.genblk1.genblk1.genblk1.genblk1.genblk1.genblk1.lut0.genblk1.genblk1.genblk1.genblk1.genblk1.genblk1.genblk1.lut1.genblk1.genblk1.genblk1.genblk1.genblk1.genblk1.lut0.genblk1.genblk1.genblk1.genblk1.genblk1.lut1 (4 -> 2)
  Optimizing lut $auto$abc_ops_reintegrate.cc:652:reintegrate$139432.genblk1.genblk1.genblk1.genblk1.genblk1.genblk1.genblk1.lut0.genblk1.genblk1.genblk1.genblk1.genblk1.genblk1.lut1.genblk1.genblk1.genblk1.genblk1.genblk1.lut0 (4 -> 0)
  Optimizing lut $auto$abc_ops_reintegrate.cc:652:reintegrate$139432.genblk1.genblk1.genblk1.genblk1.genblk1.genblk1.genblk1.lut0.genblk1.genblk1.genblk1.genblk1.genblk1.genblk1.lut0.genblk1.genblk1.genblk1.genblk1.genblk1.lut0 (4 -> 0)
  Optimizing lut $auto$abc_ops_reintegrate.cc:652:reintegrate$139432.genblk1.genblk1.genblk1.genblk1.genblk1.genblk1.genblk1.lut1.genblk1.genblk1.genblk1.genblk1.genblk1.genblk1.lut1.genblk1.genblk1.genblk1.genblk1.genblk1.lut0 (4 -> 0)
  Optimizing lut $auto$abc_ops_reintegrate.cc:652:reintegrate$139432.genblk1.genblk1.genblk1.genblk1.genblk1.genblk1.genblk1.lut1.genblk1.genblk1.genblk1.genblk1.genblk1.genblk1.lut0.genblk1.genblk1.genblk1.genblk1.genblk1.lut0 (4 -> 0)
  Optimizing lut $abc$139407$lut$aiger139406$22168.genblk1.genblk1.genblk1.genblk1.genblk1.genblk1.lut0.genblk1.genblk1.genblk1.genblk1.genblk1.lut1 (4 -> 0)
  Optimizing lut $abc$139407$lut$aiger139406$22155.genblk1.genblk1.genblk1.genblk1.genblk1.genblk1.genblk1.lut0.genblk1.genblk1.genblk1.genblk1.genblk1.genblk1.lut0.genblk1.genblk1.genblk1.genblk1.genblk1.lut0 (4 -> 0)
  Optimizing lut $abc$139407$lut$aiger139406$22155.genblk1.genblk1.genblk1.genblk1.genblk1.genblk1.genblk1.lut1.genblk1.genblk1.genblk1.genblk1.genblk1.genblk1.lut0.genblk1.genblk1.genblk1.genblk1.genblk1.lut0 (4 -> 3)
  Optimizing lut $abc$139407$lut$aiger139406$21905.genblk1.genblk1.genblk1.genblk1.genblk1.genblk1.lut0.genblk1.genblk1.genblk1.genblk1.genblk1.lut1 (4 -> 0)
  Optimizing lut $abc$139407$lut$aiger139406$21488.genblk1.genblk1.genblk1.genblk1.genblk1.genblk1.genblk1.lut0.genblk1.genblk1.genblk1.genblk1.genblk1.genblk1.lut0.genblk1.genblk1.genblk1.genblk1.genblk1.lut0 (4 -> 0)
  Optimizing lut $abc$139407$lut$aiger139406$21488.genblk1.genblk1.genblk1.genblk1.genblk1.genblk1.genblk1.lut1.genblk1.genblk1.genblk1.genblk1.genblk1.genblk1.lut1.genblk1.genblk1.genblk1.genblk1.genblk1.lut0 (4 -> 0)
  Optimizing lut $abc$139407$lut$aiger139406$21488.genblk1.genblk1.genblk1.genblk1.genblk1.genblk1.genblk1.lut1.genblk1.genblk1.genblk1.genblk1.genblk1.genblk1.lut0.genblk1.genblk1.genblk1.genblk1.genblk1.lut0 (4 -> 0)
  Optimizing lut $abc$139407$lut$aiger139406$21457.genblk1.genblk1.genblk1.genblk1.genblk1.genblk1.lut0.genblk1.genblk1.genblk1.genblk1.genblk1.lut1 (4 -> 0)
  Optimizing lut $auto$abc_ops_reintegrate.cc:652:reintegrate$139493.genblk1.genblk1.genblk1.genblk1.genblk1.genblk1.genblk1.genblk1.lut1.genblk1.genblk1.genblk1.genblk1.genblk1.genblk1.genblk1.lut1.genblk1.genblk1.genblk1.genblk1.genblk1.genblk1.lut0.genblk1.genblk1.genblk1.genblk1.genblk1.lut1 (4 -> 2)
  Optimizing lut $auto$abc_ops_reintegrate.cc:652:reintegrate$139493.genblk1.genblk1.genblk1.genblk1.genblk1.genblk1.genblk1.genblk1.lut1.genblk1.genblk1.genblk1.genblk1.genblk1.genblk1.genblk1.lut0.genblk1.genblk1.genblk1.genblk1.genblk1.genblk1.lut0.genblk1.genblk1.genblk1.genblk1.genblk1.lut1 (4 -> 2)
  Optimizing lut $auto$abc_ops_reintegrate.cc:652:reintegrate$139530.genblk1.genblk1.genblk1.genblk1.genblk1.genblk1.genblk1.genblk1.lut0.genblk1.genblk1.genblk1.genblk1.genblk1.genblk1.genblk1.lut1.genblk1.genblk1.genblk1.genblk1.genblk1.genblk1.lut0.genblk1.genblk1.genblk1.genblk1.genblk1.lut1 (4 -> 2)
  Optimizing lut $abc$139407$lut$aiger139406$20388.genblk1.genblk1.genblk1.genblk1.genblk1.genblk1.genblk1.lut0.genblk1.genblk1.genblk1.genblk1.genblk1.genblk1.lut0.genblk1.genblk1.genblk1.genblk1.genblk1.lut0 (4 -> 3)
  Optimizing lut $abc$139407$lut$aiger139406$20388.genblk1.genblk1.genblk1.genblk1.genblk1.genblk1.genblk1.lut1.genblk1.genblk1.genblk1.genblk1.genblk1.genblk1.lut1.genblk1.genblk1.genblk1.genblk1.genblk1.lut0 (4 -> 0)
  Optimizing lut $abc$139407$lut$aiger139406$20388.genblk1.genblk1.genblk1.genblk1.genblk1.genblk1.genblk1.lut1.genblk1.genblk1.genblk1.genblk1.genblk1.genblk1.lut0.genblk1.genblk1.genblk1.genblk1.genblk1.lut0 (4 -> 0)
  Optimizing lut $auto$abc_ops_reintegrate.cc:652:reintegrate$139497.genblk1.genblk1.genblk1.genblk1.genblk1.genblk1.lut0.genblk1.genblk1.genblk1.genblk1.genblk1.lut1 (4 -> 3)
  Optimizing lut $auto$abc_ops_reintegrate.cc:652:reintegrate$139517.genblk1.genblk1.genblk1.genblk1.genblk1.genblk1.genblk1.lut0.genblk1.genblk1.genblk1.genblk1.genblk1.genblk1.lut0.genblk1.genblk1.genblk1.genblk1.genblk1.lut0 (4 -> 0)
  Optimizing lut $auto$abc_ops_reintegrate.cc:652:reintegrate$139517.genblk1.genblk1.genblk1.genblk1.genblk1.genblk1.genblk1.lut1.genblk1.genblk1.genblk1.genblk1.genblk1.genblk1.lut1.genblk1.genblk1.genblk1.genblk1.genblk1.lut0 (4 -> 0)
  Optimizing lut $auto$abc_ops_reintegrate.cc:652:reintegrate$139517.genblk1.genblk1.genblk1.genblk1.genblk1.genblk1.genblk1.lut1.genblk1.genblk1.genblk1.genblk1.genblk1.genblk1.lut0.genblk1.genblk1.genblk1.genblk1.genblk1.lut0 (4 -> 0)
  Optimizing lut $auto$abc_ops_reintegrate.cc:652:reintegrate$139530.genblk1.genblk1.genblk1.genblk1.genblk1.genblk1.genblk1.genblk1.lut0.genblk1.genblk1.genblk1.genblk1.genblk1.genblk1.genblk1.lut0.genblk1.genblk1.genblk1.genblk1.genblk1.genblk1.lut0.genblk1.genblk1.genblk1.genblk1.genblk1.lut1 (4 -> 2)
  Optimizing lut $auto$abc_ops_reintegrate.cc:652:reintegrate$139530.genblk1.genblk1.genblk1.genblk1.genblk1.genblk1.genblk1.genblk1.lut1.genblk1.genblk1.genblk1.genblk1.genblk1.genblk1.genblk1.lut1.genblk1.genblk1.genblk1.genblk1.genblk1.genblk1.lut0.genblk1.genblk1.genblk1.genblk1.genblk1.lut1 (4 -> 2)
  Optimizing lut $auto$abc_ops_reintegrate.cc:652:reintegrate$139530.genblk1.genblk1.genblk1.genblk1.genblk1.genblk1.genblk1.genblk1.lut1.genblk1.genblk1.genblk1.genblk1.genblk1.genblk1.genblk1.lut0.genblk1.genblk1.genblk1.genblk1.genblk1.genblk1.lut0.genblk1.genblk1.genblk1.genblk1.genblk1.lut1 (4 -> 3)
  Optimizing lut $auto$abc_ops_reintegrate.cc:652:reintegrate$139538.genblk1.genblk1.genblk1.genblk1.genblk1.genblk1.genblk1.genblk1.lut0.genblk1.genblk1.genblk1.genblk1.genblk1.genblk1.genblk1.lut1.genblk1.genblk1.genblk1.genblk1.genblk1.genblk1.lut0.genblk1.genblk1.genblk1.genblk1.genblk1.lut1 (4 -> 3)
  Optimizing lut $auto$abc_ops_reintegrate.cc:652:reintegrate$139538.genblk1.genblk1.genblk1.genblk1.genblk1.genblk1.genblk1.genblk1.lut0.genblk1.genblk1.genblk1.genblk1.genblk1.genblk1.genblk1.lut0.genblk1.genblk1.genblk1.genblk1.genblk1.genblk1.lut0.genblk1.genblk1.genblk1.genblk1.genblk1.lut1 (4 -> 2)
  Optimizing lut $auto$abc_ops_reintegrate.cc:652:reintegrate$139538.genblk1.genblk1.genblk1.genblk1.genblk1.genblk1.genblk1.genblk1.lut1.genblk1.genblk1.genblk1.genblk1.genblk1.genblk1.genblk1.lut1.genblk1.genblk1.genblk1.genblk1.genblk1.genblk1.lut0.genblk1.genblk1.genblk1.genblk1.genblk1.lut1 (4 -> 2)
  Optimizing lut $auto$abc_ops_reintegrate.cc:652:reintegrate$139538.genblk1.genblk1.genblk1.genblk1.genblk1.genblk1.genblk1.genblk1.lut1.genblk1.genblk1.genblk1.genblk1.genblk1.genblk1.genblk1.lut0.genblk1.genblk1.genblk1.genblk1.genblk1.genblk1.lut0.genblk1.genblk1.genblk1.genblk1.genblk1.lut1 (4 -> 2)
  Optimizing lut $auto$abc_ops_reintegrate.cc:652:reintegrate$139554.genblk1.genblk1.genblk1.genblk1.genblk1.genblk1.genblk1.genblk1.lut0.genblk1.genblk1.genblk1.genblk1.genblk1.genblk1.genblk1.lut1.genblk1.genblk1.genblk1.genblk1.genblk1.genblk1.lut0.genblk1.genblk1.genblk1.genblk1.genblk1.lut1 (4 -> 2)
  Optimizing lut $auto$abc_ops_reintegrate.cc:652:reintegrate$139554.genblk1.genblk1.genblk1.genblk1.genblk1.genblk1.genblk1.genblk1.lut1.genblk1.genblk1.genblk1.genblk1.genblk1.genblk1.genblk1.lut1.genblk1.genblk1.genblk1.genblk1.genblk1.genblk1.lut0.genblk1.genblk1.genblk1.genblk1.genblk1.lut1 (4 -> 2)
  Optimizing lut $auto$abc_ops_reintegrate.cc:652:reintegrate$139554.genblk1.genblk1.genblk1.genblk1.genblk1.genblk1.genblk1.genblk1.lut1.genblk1.genblk1.genblk1.genblk1.genblk1.genblk1.genblk1.lut0.genblk1.genblk1.genblk1.genblk1.genblk1.genblk1.lut0.genblk1.genblk1.genblk1.genblk1.genblk1.lut1 (4 -> 2)
  Optimizing lut $auto$abc_ops_reintegrate.cc:652:reintegrate$139562.genblk1.genblk1.genblk1.genblk1.genblk1.genblk1.genblk1.genblk1.lut0.genblk1.genblk1.genblk1.genblk1.genblk1.genblk1.genblk1.lut1.genblk1.genblk1.genblk1.genblk1.genblk1.genblk1.lut0.genblk1.genblk1.genblk1.genblk1.genblk1.lut1 (4 -> 2)
  Optimizing lut $auto$abc_ops_reintegrate.cc:652:reintegrate$139562.genblk1.genblk1.genblk1.genblk1.genblk1.genblk1.genblk1.genblk1.lut1.genblk1.genblk1.genblk1.genblk1.genblk1.genblk1.genblk1.lut1.genblk1.genblk1.genblk1.genblk1.genblk1.genblk1.lut0.genblk1.genblk1.genblk1.genblk1.genblk1.lut1 (4 -> 2)
  Optimizing lut $auto$abc_ops_reintegrate.cc:652:reintegrate$139562.genblk1.genblk1.genblk1.genblk1.genblk1.genblk1.genblk1.genblk1.lut1.genblk1.genblk1.genblk1.genblk1.genblk1.genblk1.genblk1.lut0.genblk1.genblk1.genblk1.genblk1.genblk1.genblk1.lut0.genblk1.genblk1.genblk1.genblk1.genblk1.lut1 (4 -> 2)
  Optimizing lut $abc$139407$lut$aiger139406$15182.genblk1.genblk1.genblk1.genblk1.genblk1.genblk1.genblk1.genblk1.lut0.genblk1.genblk1.genblk1.genblk1.genblk1.genblk1.genblk1.lut1.genblk1.genblk1.genblk1.genblk1.genblk1.genblk1.lut0.genblk1.genblk1.genblk1.genblk1.genblk1.lut1 (4 -> 0)
  Optimizing lut $abc$139407$lut$aiger139406$17542.genblk1.genblk1.genblk1.genblk1.genblk1.genblk1.genblk1.lut1.genblk1.genblk1.genblk1.genblk1.genblk1.genblk1.lut1.genblk1.genblk1.genblk1.genblk1.genblk1.lut0 (4 -> 0)
  Optimizing lut $abc$139407$lut$aiger139406$17542.genblk1.genblk1.genblk1.genblk1.genblk1.genblk1.genblk1.lut1.genblk1.genblk1.genblk1.genblk1.genblk1.genblk1.lut0.genblk1.genblk1.genblk1.genblk1.genblk1.lut0 (4 -> 0)
  Optimizing lut $auto$abc_ops_reintegrate.cc:652:reintegrate$139608.genblk1.genblk1.genblk1.genblk1.genblk1.genblk1.genblk1.lut0.genblk1.genblk1.genblk1.genblk1.genblk1.genblk1.lut0.genblk1.genblk1.genblk1.genblk1.genblk1.lut0 (4 -> 0)
  Optimizing lut $auto$abc_ops_reintegrate.cc:652:reintegrate$139608.genblk1.genblk1.genblk1.genblk1.genblk1.genblk1.genblk1.lut1.genblk1.genblk1.genblk1.genblk1.genblk1.genblk1.lut1.genblk1.genblk1.genblk1.genblk1.genblk1.lut0 (4 -> 0)
  Optimizing lut $auto$abc_ops_reintegrate.cc:652:reintegrate$139608.genblk1.genblk1.genblk1.genblk1.genblk1.genblk1.genblk1.lut1.genblk1.genblk1.genblk1.genblk1.genblk1.genblk1.lut0.genblk1.genblk1.genblk1.genblk1.genblk1.lut0 (4 -> 0)
  Optimizing lut $auto$abc_ops_reintegrate.cc:652:reintegrate$139643.genblk1.genblk1.genblk1.genblk1.genblk1.genblk1.genblk1.lut0.genblk1.genblk1.genblk1.genblk1.genblk1.genblk1.lut0.genblk1.genblk1.genblk1.genblk1.genblk1.lut0 (4 -> 2)
  Optimizing lut $auto$abc_ops_reintegrate.cc:652:reintegrate$139643.genblk1.genblk1.genblk1.genblk1.genblk1.genblk1.genblk1.lut1.genblk1.genblk1.genblk1.genblk1.genblk1.genblk1.lut1.genblk1.genblk1.genblk1.genblk1.genblk1.lut0 (4 -> 2)
  Optimizing lut $auto$abc_ops_reintegrate.cc:652:reintegrate$139643.genblk1.genblk1.genblk1.genblk1.genblk1.genblk1.genblk1.lut1.genblk1.genblk1.genblk1.genblk1.genblk1.genblk1.lut0.genblk1.genblk1.genblk1.genblk1.genblk1.lut0 (4 -> 3)
  Optimizing lut $abc$139407$lut$aiger139406$16106.genblk1.genblk1.genblk1.genblk1.genblk1.genblk1.genblk1.lut0.genblk1.genblk1.genblk1.genblk1.genblk1.genblk1.lut1.genblk1.genblk1.genblk1.genblk1.genblk1.lut0 (4 -> 0)
  Optimizing lut $abc$139407$lut$aiger139406$16106.genblk1.genblk1.genblk1.genblk1.genblk1.genblk1.genblk1.lut0.genblk1.genblk1.genblk1.genblk1.genblk1.genblk1.lut0.genblk1.genblk1.genblk1.genblk1.genblk1.lut0 (4 -> 0)
  Optimizing lut $abc$139407$lut$aiger139406$16106.genblk1.genblk1.genblk1.genblk1.genblk1.genblk1.genblk1.lut1.genblk1.genblk1.genblk1.genblk1.genblk1.genblk1.lut1.genblk1.genblk1.genblk1.genblk1.genblk1.lut0 (4 -> 0)
  Optimizing lut $abc$139407$lut$aiger139406$16106.genblk1.genblk1.genblk1.genblk1.genblk1.genblk1.genblk1.lut1.genblk1.genblk1.genblk1.genblk1.genblk1.genblk1.lut0.genblk1.genblk1.genblk1.genblk1.genblk1.lut0 (4 -> 0)
  Optimizing lut $abc$139407$lut$aiger139406$16099.genblk1.genblk1.genblk1.genblk1.genblk1.genblk1.lut0.genblk1.genblk1.genblk1.genblk1.genblk1.lut1 (4 -> 3)
  Optimizing lut $abc$139407$lut$aiger139406$15182.genblk1.genblk1.genblk1.genblk1.genblk1.genblk1.genblk1.genblk1.lut1.genblk1.genblk1.genblk1.genblk1.genblk1.genblk1.genblk1.lut1.genblk1.genblk1.genblk1.genblk1.genblk1.genblk1.lut0.genblk1.genblk1.genblk1.genblk1.genblk1.lut1 (4 -> 0)
  Optimizing lut $abc$139407$lut$aiger139406$15182.genblk1.genblk1.genblk1.genblk1.genblk1.genblk1.genblk1.genblk1.lut1.genblk1.genblk1.genblk1.genblk1.genblk1.genblk1.genblk1.lut0.genblk1.genblk1.genblk1.genblk1.genblk1.genblk1.lut0.genblk1.genblk1.genblk1.genblk1.genblk1.lut1 (4 -> 0)
  Optimizing lut $abc$139407$lut$aiger139406$15175.genblk1.genblk1.genblk1.genblk1.genblk1.genblk1.genblk1.genblk1.lut0.genblk1.genblk1.genblk1.genblk1.genblk1.genblk1.genblk1.lut1.genblk1.genblk1.genblk1.genblk1.genblk1.genblk1.lut0.genblk1.genblk1.genblk1.genblk1.genblk1.lut1 (4 -> 0)
  Optimizing lut $abc$139407$lut$aiger139406$15175.genblk1.genblk1.genblk1.genblk1.genblk1.genblk1.genblk1.genblk1.lut0.genblk1.genblk1.genblk1.genblk1.genblk1.genblk1.genblk1.lut0.genblk1.genblk1.genblk1.genblk1.genblk1.genblk1.lut0.genblk1.genblk1.genblk1.genblk1.genblk1.lut1 (4 -> 0)
  Optimizing lut $abc$139407$lut$aiger139406$15175.genblk1.genblk1.genblk1.genblk1.genblk1.genblk1.genblk1.genblk1.lut1.genblk1.genblk1.genblk1.genblk1.genblk1.genblk1.genblk1.lut1.genblk1.genblk1.genblk1.genblk1.genblk1.genblk1.lut0.genblk1.genblk1.genblk1.genblk1.genblk1.lut1 (4 -> 0)
  Optimizing lut $abc$139407$lut$aiger139406$15175.genblk1.genblk1.genblk1.genblk1.genblk1.genblk1.genblk1.genblk1.lut1.genblk1.genblk1.genblk1.genblk1.genblk1.genblk1.genblk1.lut0.genblk1.genblk1.genblk1.genblk1.genblk1.genblk1.lut0.genblk1.genblk1.genblk1.genblk1.genblk1.lut1 (4 -> 0)
  Optimizing lut $abc$139407$lut$aiger139406$9387.genblk1.genblk1.genblk1.genblk1.genblk1.genblk1.genblk1.genblk1.lut0.genblk1.genblk1.genblk1.genblk1.genblk1.genblk1.genblk1.lut1.genblk1.genblk1.genblk1.genblk1.genblk1.genblk1.lut0.genblk1.genblk1.genblk1.genblk1.genblk1.lut1 (4 -> 3)
  Optimizing lut $abc$139407$lut$aiger139406$15161.genblk1.genblk1.genblk1.genblk1.genblk1.genblk1.genblk1.lut0.genblk1.genblk1.genblk1.genblk1.genblk1.genblk1.lut1.genblk1.genblk1.genblk1.genblk1.genblk1.lut0 (4 -> 0)
  Optimizing lut $abc$139407$lut$aiger139406$15161.genblk1.genblk1.genblk1.genblk1.genblk1.genblk1.genblk1.lut0.genblk1.genblk1.genblk1.genblk1.genblk1.genblk1.lut0.genblk1.genblk1.genblk1.genblk1.genblk1.lut0 (4 -> 0)
  Optimizing lut $abc$139407$lut$aiger139406$15161.genblk1.genblk1.genblk1.genblk1.genblk1.genblk1.genblk1.lut1.genblk1.genblk1.genblk1.genblk1.genblk1.genblk1.lut1.genblk1.genblk1.genblk1.genblk1.genblk1.lut0 (4 -> 0)
  Optimizing lut $abc$139407$lut$aiger139406$15151.genblk1.genblk1.genblk1.genblk1.genblk1.genblk1.lut0.genblk1.genblk1.genblk1.genblk1.genblk1.lut1 (4 -> 3)
  Optimizing lut $abc$139407$lut$aiger139406$14824.genblk1.genblk1.genblk1.genblk1.genblk1.genblk1.genblk1.lut1.genblk1.genblk1.genblk1.genblk1.genblk1.genblk1.lut1.genblk1.genblk1.genblk1.genblk1.genblk1.lut0 (4 -> 0)
  Optimizing lut $abc$139407$lut$aiger139406$14824.genblk1.genblk1.genblk1.genblk1.genblk1.genblk1.genblk1.lut1.genblk1.genblk1.genblk1.genblk1.genblk1.genblk1.lut0.genblk1.genblk1.genblk1.genblk1.genblk1.lut0 (4 -> 0)
  Optimizing lut $abc$139407$lut$aiger139406$14818.genblk1.genblk1.genblk1.genblk1.genblk1.genblk1.genblk1.lut0.genblk1.genblk1.genblk1.genblk1.genblk1.genblk1.lut1.genblk1.genblk1.genblk1.genblk1.genblk1.lut0 (4 -> 0)
  Optimizing lut $abc$139407$lut$aiger139406$14818.genblk1.genblk1.genblk1.genblk1.genblk1.genblk1.genblk1.lut0.genblk1.genblk1.genblk1.genblk1.genblk1.genblk1.lut0.genblk1.genblk1.genblk1.genblk1.genblk1.lut0 (4 -> 0)
  Optimizing lut $abc$139407$lut$aiger139406$14818.genblk1.genblk1.genblk1.genblk1.genblk1.genblk1.genblk1.lut1.genblk1.genblk1.genblk1.genblk1.genblk1.genblk1.lut0.genblk1.genblk1.genblk1.genblk1.genblk1.lut0 (4 -> 0)
  Optimizing lut $abc$139407$lut$aiger139406$9387.genblk1.genblk1.genblk1.genblk1.genblk1.genblk1.genblk1.genblk1.lut1.genblk1.genblk1.genblk1.genblk1.genblk1.genblk1.genblk1.lut1.genblk1.genblk1.genblk1.genblk1.genblk1.genblk1.lut0.genblk1.genblk1.genblk1.genblk1.genblk1.lut1 (4 -> 3)
  Optimizing lut $abc$139407$lut$aiger139406$9387.genblk1.genblk1.genblk1.genblk1.genblk1.genblk1.genblk1.genblk1.lut1.genblk1.genblk1.genblk1.genblk1.genblk1.genblk1.genblk1.lut0.genblk1.genblk1.genblk1.genblk1.genblk1.genblk1.lut0.genblk1.genblk1.genblk1.genblk1.genblk1.lut1 (4 -> 3)
  Optimizing lut $abc$139407$lut$aiger139406$13918.genblk1.genblk1.genblk1.genblk1.genblk1.genblk1.genblk1.genblk1.lut0.genblk1.genblk1.genblk1.genblk1.genblk1.genblk1.genblk1.lut1.genblk1.genblk1.genblk1.genblk1.genblk1.genblk1.lut0.genblk1.genblk1.genblk1.genblk1.genblk1.lut1 (4 -> 1)
  Optimizing lut $abc$139407$lut$aiger139406$13918.genblk1.genblk1.genblk1.genblk1.genblk1.genblk1.genblk1.genblk1.lut1.genblk1.genblk1.genblk1.genblk1.genblk1.genblk1.genblk1.lut1.genblk1.genblk1.genblk1.genblk1.genblk1.genblk1.lut0.genblk1.genblk1.genblk1.genblk1.genblk1.lut1 (4 -> 1)
  Optimizing lut $abc$139407$lut$aiger139406$13918.genblk1.genblk1.genblk1.genblk1.genblk1.genblk1.genblk1.genblk1.lut1.genblk1.genblk1.genblk1.genblk1.genblk1.genblk1.genblk1.lut0.genblk1.genblk1.genblk1.genblk1.genblk1.genblk1.lut0.genblk1.genblk1.genblk1.genblk1.genblk1.lut1 (4 -> 1)
  Optimizing lut $abc$139407$lut$aiger139406$13855.genblk1.genblk1.genblk1.genblk1.genblk1.genblk1.genblk1.genblk1.lut0.genblk1.genblk1.genblk1.genblk1.genblk1.genblk1.genblk1.lut1.genblk1.genblk1.genblk1.genblk1.genblk1.genblk1.lut0.genblk1.genblk1.genblk1.genblk1.genblk1.lut1 (4 -> 3)
  Optimizing lut $abc$139407$lut$aiger139406$13855.genblk1.genblk1.genblk1.genblk1.genblk1.genblk1.genblk1.genblk1.lut1.genblk1.genblk1.genblk1.genblk1.genblk1.genblk1.genblk1.lut1.genblk1.genblk1.genblk1.genblk1.genblk1.genblk1.lut0.genblk1.genblk1.genblk1.genblk1.genblk1.lut1 (4 -> 3)
  Optimizing lut $abc$139407$lut$aiger139406$13855.genblk1.genblk1.genblk1.genblk1.genblk1.genblk1.genblk1.genblk1.lut1.genblk1.genblk1.genblk1.genblk1.genblk1.genblk1.genblk1.lut0.genblk1.genblk1.genblk1.genblk1.genblk1.genblk1.lut0.genblk1.genblk1.genblk1.genblk1.genblk1.lut1 (4 -> 3)
  Optimizing lut $abc$139407$lut$aiger139406$13697.genblk1.genblk1.genblk1.genblk1.genblk1.genblk1.genblk1.genblk1.lut0.genblk1.genblk1.genblk1.genblk1.genblk1.genblk1.genblk1.lut1.genblk1.genblk1.genblk1.genblk1.genblk1.genblk1.lut0.genblk1.genblk1.genblk1.genblk1.genblk1.lut1 (4 -> 0)
  Optimizing lut $auto$abc_ops_reintegrate.cc:652:reintegrate$139727.genblk1.genblk1.genblk1.genblk1.genblk1.genblk1.lut0.genblk1.genblk1.genblk1.genblk1.genblk1.lut1 (4 -> 0)
  Optimizing lut $abc$139407$lut$aiger139406$13703.genblk1.genblk1.genblk1.genblk1.genblk1.genblk1.genblk1.lut1.genblk1.genblk1.genblk1.genblk1.genblk1.genblk1.lut1.genblk1.genblk1.genblk1.genblk1.genblk1.lut0 (4 -> 0)
  Optimizing lut $abc$139407$lut$aiger139406$13703.genblk1.genblk1.genblk1.genblk1.genblk1.genblk1.genblk1.lut1.genblk1.genblk1.genblk1.genblk1.genblk1.genblk1.lut0.genblk1.genblk1.genblk1.genblk1.genblk1.lut0 (4 -> 0)
  Optimizing lut $abc$139407$lut$aiger139406$13697.genblk1.genblk1.genblk1.genblk1.genblk1.genblk1.genblk1.genblk1.lut0.genblk1.genblk1.genblk1.genblk1.genblk1.genblk1.genblk1.lut0.genblk1.genblk1.genblk1.genblk1.genblk1.genblk1.lut0.genblk1.genblk1.genblk1.genblk1.genblk1.lut1 (4 -> 0)
  Optimizing lut $abc$139407$lut$aiger139406$13697.genblk1.genblk1.genblk1.genblk1.genblk1.genblk1.genblk1.genblk1.lut1.genblk1.genblk1.genblk1.genblk1.genblk1.genblk1.genblk1.lut1.genblk1.genblk1.genblk1.genblk1.genblk1.genblk1.lut0.genblk1.genblk1.genblk1.genblk1.genblk1.lut1 (4 -> 0)
  Optimizing lut $abc$139407$lut$aiger139406$13697.genblk1.genblk1.genblk1.genblk1.genblk1.genblk1.genblk1.genblk1.lut1.genblk1.genblk1.genblk1.genblk1.genblk1.genblk1.genblk1.lut0.genblk1.genblk1.genblk1.genblk1.genblk1.genblk1.lut0.genblk1.genblk1.genblk1.genblk1.genblk1.lut1 (4 -> 0)
  Optimizing lut $abc$139407$lut$aiger139406$13690.genblk1.genblk1.genblk1.genblk1.genblk1.genblk1.genblk1.genblk1.lut0.genblk1.genblk1.genblk1.genblk1.genblk1.genblk1.genblk1.lut1.genblk1.genblk1.genblk1.genblk1.genblk1.genblk1.lut0.genblk1.genblk1.genblk1.genblk1.genblk1.lut1 (4 -> 0)
  Optimizing lut $abc$139407$lut$aiger139406$13690.genblk1.genblk1.genblk1.genblk1.genblk1.genblk1.genblk1.genblk1.lut0.genblk1.genblk1.genblk1.genblk1.genblk1.genblk1.genblk1.lut0.genblk1.genblk1.genblk1.genblk1.genblk1.genblk1.lut0.genblk1.genblk1.genblk1.genblk1.genblk1.lut1 (4 -> 0)
  Optimizing lut $abc$139407$lut$aiger139406$13690.genblk1.genblk1.genblk1.genblk1.genblk1.genblk1.genblk1.genblk1.lut1.genblk1.genblk1.genblk1.genblk1.genblk1.genblk1.genblk1.lut1.genblk1.genblk1.genblk1.genblk1.genblk1.genblk1.lut0.genblk1.genblk1.genblk1.genblk1.genblk1.lut1 (4 -> 0)
  Optimizing lut $abc$139407$lut$aiger139406$13690.genblk1.genblk1.genblk1.genblk1.genblk1.genblk1.genblk1.genblk1.lut1.genblk1.genblk1.genblk1.genblk1.genblk1.genblk1.genblk1.lut0.genblk1.genblk1.genblk1.genblk1.genblk1.genblk1.lut0.genblk1.genblk1.genblk1.genblk1.genblk1.lut1 (4 -> 0)
  Optimizing lut $abc$139407$lut$aiger139406$13683.genblk1.genblk1.genblk1.genblk1.genblk1.genblk1.genblk1.genblk1.lut0.genblk1.genblk1.genblk1.genblk1.genblk1.genblk1.genblk1.lut1.genblk1.genblk1.genblk1.genblk1.genblk1.genblk1.lut0.genblk1.genblk1.genblk1.genblk1.genblk1.lut1 (4 -> 0)
  Optimizing lut $abc$139407$lut$aiger139406$13683.genblk1.genblk1.genblk1.genblk1.genblk1.genblk1.genblk1.genblk1.lut0.genblk1.genblk1.genblk1.genblk1.genblk1.genblk1.genblk1.lut0.genblk1.genblk1.genblk1.genblk1.genblk1.genblk1.lut0.genblk1.genblk1.genblk1.genblk1.genblk1.lut1 (4 -> 0)
  Optimizing lut $abc$139407$lut$aiger139406$13683.genblk1.genblk1.genblk1.genblk1.genblk1.genblk1.genblk1.genblk1.lut1.genblk1.genblk1.genblk1.genblk1.genblk1.genblk1.genblk1.lut1.genblk1.genblk1.genblk1.genblk1.genblk1.genblk1.lut0.genblk1.genblk1.genblk1.genblk1.genblk1.lut1 (4 -> 0)
  Optimizing lut $abc$139407$lut$aiger139406$13683.genblk1.genblk1.genblk1.genblk1.genblk1.genblk1.genblk1.genblk1.lut1.genblk1.genblk1.genblk1.genblk1.genblk1.genblk1.genblk1.lut0.genblk1.genblk1.genblk1.genblk1.genblk1.genblk1.lut0.genblk1.genblk1.genblk1.genblk1.genblk1.lut1 (4 -> 0)
  Optimizing lut $abc$139407$lut$aiger139406$13662.genblk1.genblk1.genblk1.genblk1.genblk1.genblk1.genblk1.genblk1.lut0.genblk1.genblk1.genblk1.genblk1.genblk1.genblk1.genblk1.lut1.genblk1.genblk1.genblk1.genblk1.genblk1.genblk1.lut0.genblk1.genblk1.genblk1.genblk1.genblk1.lut1 (4 -> 0)
  Optimizing lut $abc$139407$lut$aiger139406$13662.genblk1.genblk1.genblk1.genblk1.genblk1.genblk1.genblk1.genblk1.lut0.genblk1.genblk1.genblk1.genblk1.genblk1.genblk1.genblk1.lut0.genblk1.genblk1.genblk1.genblk1.genblk1.genblk1.lut0.genblk1.genblk1.genblk1.genblk1.genblk1.lut1 (4 -> 3)
  Optimizing lut $abc$139407$lut$aiger139406$13662.genblk1.genblk1.genblk1.genblk1.genblk1.genblk1.genblk1.genblk1.lut1.genblk1.genblk1.genblk1.genblk1.genblk1.genblk1.genblk1.lut1.genblk1.genblk1.genblk1.genblk1.genblk1.genblk1.lut0.genblk1.genblk1.genblk1.genblk1.genblk1.lut1 (4 -> 0)
  Optimizing lut $abc$139407$lut$aiger139406$13662.genblk1.genblk1.genblk1.genblk1.genblk1.genblk1.genblk1.genblk1.lut1.genblk1.genblk1.genblk1.genblk1.genblk1.genblk1.genblk1.lut0.genblk1.genblk1.genblk1.genblk1.genblk1.genblk1.lut0.genblk1.genblk1.genblk1.genblk1.genblk1.lut1 (4 -> 0)
  Optimizing lut $abc$139407$lut$aiger139406$13655.genblk1.genblk1.genblk1.genblk1.genblk1.genblk1.genblk1.genblk1.lut0.genblk1.genblk1.genblk1.genblk1.genblk1.genblk1.genblk1.lut1.genblk1.genblk1.genblk1.genblk1.genblk1.genblk1.lut0.genblk1.genblk1.genblk1.genblk1.genblk1.lut1 (4 -> 0)
  Optimizing lut $abc$139407$lut$aiger139406$13655.genblk1.genblk1.genblk1.genblk1.genblk1.genblk1.genblk1.genblk1.lut0.genblk1.genblk1.genblk1.genblk1.genblk1.genblk1.genblk1.lut0.genblk1.genblk1.genblk1.genblk1.genblk1.genblk1.lut0.genblk1.genblk1.genblk1.genblk1.genblk1.lut1 (4 -> 0)
  Optimizing lut $abc$139407$lut$aiger139406$13655.genblk1.genblk1.genblk1.genblk1.genblk1.genblk1.genblk1.genblk1.lut1.genblk1.genblk1.genblk1.genblk1.genblk1.genblk1.genblk1.lut1.genblk1.genblk1.genblk1.genblk1.genblk1.genblk1.lut0.genblk1.genblk1.genblk1.genblk1.genblk1.lut1 (4 -> 0)
  Optimizing lut $abc$139407$lut$aiger139406$13655.genblk1.genblk1.genblk1.genblk1.genblk1.genblk1.genblk1.genblk1.lut1.genblk1.genblk1.genblk1.genblk1.genblk1.genblk1.genblk1.lut0.genblk1.genblk1.genblk1.genblk1.genblk1.genblk1.lut0.genblk1.genblk1.genblk1.genblk1.genblk1.lut1 (4 -> 0)
  Optimizing lut $abc$139407$lut$aiger139406$13250.genblk1.genblk1.genblk1.genblk1.genblk1.genblk1.genblk1.genblk1.lut0.genblk1.genblk1.genblk1.genblk1.genblk1.genblk1.genblk1.lut1.genblk1.genblk1.genblk1.genblk1.genblk1.genblk1.lut0.genblk1.genblk1.genblk1.genblk1.genblk1.lut1 (4 -> 3)
  Optimizing lut $abc$139407$lut$aiger139406$13648.genblk1.genblk1.genblk1.genblk1.genblk1.genblk1.genblk1.lut0.genblk1.genblk1.genblk1.genblk1.genblk1.genblk1.lut1.genblk1.genblk1.genblk1.genblk1.genblk1.lut0 (4 -> 0)
  Optimizing lut $abc$139407$lut$aiger139406$13648.genblk1.genblk1.genblk1.genblk1.genblk1.genblk1.genblk1.lut0.genblk1.genblk1.genblk1.genblk1.genblk1.genblk1.lut0.genblk1.genblk1.genblk1.genblk1.genblk1.lut0 (4 -> 0)
  Optimizing lut $abc$139407$lut$aiger139406$13648.genblk1.genblk1.genblk1.genblk1.genblk1.genblk1.genblk1.lut1.genblk1.genblk1.genblk1.genblk1.genblk1.genblk1.lut0.genblk1.genblk1.genblk1.genblk1.genblk1.lut0 (4 -> 0)
  Optimizing lut $auto$abc_ops_reintegrate.cc:652:reintegrate$139741.genblk1.genblk1.genblk1.genblk1.genblk1.genblk1.genblk1.lut0.genblk1.genblk1.genblk1.genblk1.genblk1.genblk1.lut1.genblk1.genblk1.genblk1.genblk1.genblk1.lut0 (4 -> 0)
  Optimizing lut $auto$abc_ops_reintegrate.cc:652:reintegrate$139741.genblk1.genblk1.genblk1.genblk1.genblk1.genblk1.genblk1.lut0.genblk1.genblk1.genblk1.genblk1.genblk1.genblk1.lut0.genblk1.genblk1.genblk1.genblk1.genblk1.lut0 (4 -> 0)
  Optimizing lut $auto$abc_ops_reintegrate.cc:652:reintegrate$139741.genblk1.genblk1.genblk1.genblk1.genblk1.genblk1.genblk1.lut1.genblk1.genblk1.genblk1.genblk1.genblk1.genblk1.lut1.genblk1.genblk1.genblk1.genblk1.genblk1.lut0 (4 -> 0)
  Optimizing lut $auto$abc_ops_reintegrate.cc:652:reintegrate$139741.genblk1.genblk1.genblk1.genblk1.genblk1.genblk1.genblk1.lut1.genblk1.genblk1.genblk1.genblk1.genblk1.genblk1.lut0.genblk1.genblk1.genblk1.genblk1.genblk1.lut0 (4 -> 0)
  Optimizing lut $abc$139407$lut$aiger139406$13250.genblk1.genblk1.genblk1.genblk1.genblk1.genblk1.genblk1.genblk1.lut0.genblk1.genblk1.genblk1.genblk1.genblk1.genblk1.genblk1.lut0.genblk1.genblk1.genblk1.genblk1.genblk1.genblk1.lut0.genblk1.genblk1.genblk1.genblk1.genblk1.lut1 (4 -> 3)
  Optimizing lut $abc$139407$lut$aiger139406$13250.genblk1.genblk1.genblk1.genblk1.genblk1.genblk1.genblk1.genblk1.lut1.genblk1.genblk1.genblk1.genblk1.genblk1.genblk1.genblk1.lut1.genblk1.genblk1.genblk1.genblk1.genblk1.genblk1.lut0.genblk1.genblk1.genblk1.genblk1.genblk1.lut1 (4 -> 3)
  Optimizing lut $abc$139407$lut$aiger139406$13250.genblk1.genblk1.genblk1.genblk1.genblk1.genblk1.genblk1.genblk1.lut1.genblk1.genblk1.genblk1.genblk1.genblk1.genblk1.genblk1.lut0.genblk1.genblk1.genblk1.genblk1.genblk1.genblk1.lut0.genblk1.genblk1.genblk1.genblk1.genblk1.lut1 (4 -> 3)
  Optimizing lut $abc$139407$lut$aiger139406$13210.genblk1.genblk1.genblk1.genblk1.genblk1.genblk1.genblk1.genblk1.lut0.genblk1.genblk1.genblk1.genblk1.genblk1.genblk1.genblk1.lut1.genblk1.genblk1.genblk1.genblk1.genblk1.genblk1.lut0.genblk1.genblk1.genblk1.genblk1.genblk1.lut1 (4 -> 3)
  Optimizing lut $abc$139407$lut$aiger139406$13210.genblk1.genblk1.genblk1.genblk1.genblk1.genblk1.genblk1.genblk1.lut1.genblk1.genblk1.genblk1.genblk1.genblk1.genblk1.genblk1.lut1.genblk1.genblk1.genblk1.genblk1.genblk1.genblk1.lut0.genblk1.genblk1.genblk1.genblk1.genblk1.lut1 (4 -> 3)
  Optimizing lut $abc$139407$lut$aiger139406$13210.genblk1.genblk1.genblk1.genblk1.genblk1.genblk1.genblk1.genblk1.lut1.genblk1.genblk1.genblk1.genblk1.genblk1.genblk1.genblk1.lut0.genblk1.genblk1.genblk1.genblk1.genblk1.genblk1.lut0.genblk1.genblk1.genblk1.genblk1.genblk1.lut1 (4 -> 3)
  Optimizing lut $auto$abc_ops_reintegrate.cc:652:reintegrate$139746.genblk1.genblk1.genblk1.genblk1.genblk1.genblk1.genblk1.genblk1.lut0.genblk1.genblk1.genblk1.genblk1.genblk1.genblk1.genblk1.lut1.genblk1.genblk1.genblk1.genblk1.genblk1.genblk1.lut0.genblk1.genblk1.genblk1.genblk1.genblk1.lut1 (4 -> 3)
  Optimizing lut $auto$abc_ops_reintegrate.cc:652:reintegrate$139746.genblk1.genblk1.genblk1.genblk1.genblk1.genblk1.genblk1.genblk1.lut1.genblk1.genblk1.genblk1.genblk1.genblk1.genblk1.genblk1.lut0.genblk1.genblk1.genblk1.genblk1.genblk1.genblk1.lut0.genblk1.genblk1.genblk1.genblk1.genblk1.lut1 (4 -> 0)
  Optimizing lut $auto$abc_ops_reintegrate.cc:652:reintegrate$139747.genblk1.genblk1.genblk1.genblk1.genblk1.genblk1.genblk1.genblk1.lut0.genblk1.genblk1.genblk1.genblk1.genblk1.genblk1.genblk1.lut1.genblk1.genblk1.genblk1.genblk1.genblk1.genblk1.lut0.genblk1.genblk1.genblk1.genblk1.genblk1.lut1 (4 -> 0)
  Optimizing lut $auto$abc_ops_reintegrate.cc:652:reintegrate$139747.genblk1.genblk1.genblk1.genblk1.genblk1.genblk1.genblk1.genblk1.lut0.genblk1.genblk1.genblk1.genblk1.genblk1.genblk1.genblk1.lut0.genblk1.genblk1.genblk1.genblk1.genblk1.genblk1.lut0.genblk1.genblk1.genblk1.genblk1.genblk1.lut1 (4 -> 0)
  Optimizing lut $auto$abc_ops_reintegrate.cc:652:reintegrate$139747.genblk1.genblk1.genblk1.genblk1.genblk1.genblk1.genblk1.genblk1.lut1.genblk1.genblk1.genblk1.genblk1.genblk1.genblk1.genblk1.lut1.genblk1.genblk1.genblk1.genblk1.genblk1.genblk1.lut0.genblk1.genblk1.genblk1.genblk1.genblk1.lut1 (4 -> 0)
  Optimizing lut $auto$abc_ops_reintegrate.cc:652:reintegrate$139747.genblk1.genblk1.genblk1.genblk1.genblk1.genblk1.genblk1.genblk1.lut1.genblk1.genblk1.genblk1.genblk1.genblk1.genblk1.genblk1.lut0.genblk1.genblk1.genblk1.genblk1.genblk1.genblk1.lut0.genblk1.genblk1.genblk1.genblk1.genblk1.lut1 (4 -> 0)
  Optimizing lut $auto$abc_ops_reintegrate.cc:652:reintegrate$139748.genblk1.genblk1.genblk1.genblk1.genblk1.genblk1.genblk1.genblk1.lut0.genblk1.genblk1.genblk1.genblk1.genblk1.genblk1.genblk1.lut1.genblk1.genblk1.genblk1.genblk1.genblk1.genblk1.lut0.genblk1.genblk1.genblk1.genblk1.genblk1.lut1 (4 -> 3)
  Optimizing lut $auto$abc_ops_reintegrate.cc:652:reintegrate$139748.genblk1.genblk1.genblk1.genblk1.genblk1.genblk1.genblk1.genblk1.lut0.genblk1.genblk1.genblk1.genblk1.genblk1.genblk1.genblk1.lut0.genblk1.genblk1.genblk1.genblk1.genblk1.genblk1.lut0.genblk1.genblk1.genblk1.genblk1.genblk1.lut1 (4 -> 0)
  Optimizing lut $auto$abc_ops_reintegrate.cc:652:reintegrate$139748.genblk1.genblk1.genblk1.genblk1.genblk1.genblk1.genblk1.genblk1.lut1.genblk1.genblk1.genblk1.genblk1.genblk1.genblk1.genblk1.lut0.genblk1.genblk1.genblk1.genblk1.genblk1.genblk1.lut0.genblk1.genblk1.genblk1.genblk1.genblk1.lut1 (4 -> 0)
  Optimizing lut $auto$abc_ops_reintegrate.cc:652:reintegrate$139757.genblk1.genblk1.genblk1.genblk1.genblk1.genblk1.genblk1.genblk1.lut0.genblk1.genblk1.genblk1.genblk1.genblk1.genblk1.genblk1.lut1.genblk1.genblk1.genblk1.genblk1.genblk1.genblk1.lut0.genblk1.genblk1.genblk1.genblk1.genblk1.lut1 (4 -> 3)
  Optimizing lut $auto$abc_ops_reintegrate.cc:652:reintegrate$139757.genblk1.genblk1.genblk1.genblk1.genblk1.genblk1.genblk1.genblk1.lut0.genblk1.genblk1.genblk1.genblk1.genblk1.genblk1.genblk1.lut0.genblk1.genblk1.genblk1.genblk1.genblk1.genblk1.lut0.genblk1.genblk1.genblk1.genblk1.genblk1.lut1 (4 -> 0)
  Optimizing lut $auto$abc_ops_reintegrate.cc:652:reintegrate$139757.genblk1.genblk1.genblk1.genblk1.genblk1.genblk1.genblk1.genblk1.lut1.genblk1.genblk1.genblk1.genblk1.genblk1.genblk1.genblk1.lut0.genblk1.genblk1.genblk1.genblk1.genblk1.genblk1.lut0.genblk1.genblk1.genblk1.genblk1.genblk1.lut1 (4 -> 0)
  Optimizing lut $abc$139407$lut$aiger139406$8660.genblk1.genblk1.genblk1.genblk1.genblk1.genblk1.genblk1.genblk1.lut0.genblk1.genblk1.genblk1.genblk1.genblk1.genblk1.genblk1.lut1.genblk1.genblk1.genblk1.genblk1.genblk1.genblk1.lut0.genblk1.genblk1.genblk1.genblk1.genblk1.lut1 (4 -> 1)
  Optimizing lut $abc$139407$lut$aiger139406$12281.genblk1.genblk1.genblk1.genblk1.genblk1.genblk1.genblk1.lut0.genblk1.genblk1.genblk1.genblk1.genblk1.genblk1.lut0.genblk1.genblk1.genblk1.genblk1.genblk1.lut0 (4 -> 0)
  Optimizing lut $abc$139407$lut$aiger139406$12281.genblk1.genblk1.genblk1.genblk1.genblk1.genblk1.genblk1.lut1.genblk1.genblk1.genblk1.genblk1.genblk1.genblk1.lut0.genblk1.genblk1.genblk1.genblk1.genblk1.lut0 (4 -> 3)
  Optimizing lut $abc$139407$lut$aiger139406$8660.genblk1.genblk1.genblk1.genblk1.genblk1.genblk1.genblk1.genblk1.lut1.genblk1.genblk1.genblk1.genblk1.genblk1.genblk1.genblk1.lut1.genblk1.genblk1.genblk1.genblk1.genblk1.genblk1.lut0.genblk1.genblk1.genblk1.genblk1.genblk1.lut1 (4 -> 1)
  Optimizing lut $abc$139407$lut$aiger139406$8660.genblk1.genblk1.genblk1.genblk1.genblk1.genblk1.genblk1.genblk1.lut1.genblk1.genblk1.genblk1.genblk1.genblk1.genblk1.genblk1.lut0.genblk1.genblk1.genblk1.genblk1.genblk1.genblk1.lut0.genblk1.genblk1.genblk1.genblk1.genblk1.lut1 (4 -> 1)
  Optimizing lut $abc$139407$lut$aiger139406$8542.genblk1.genblk1.genblk1.genblk1.genblk1.genblk1.genblk1.genblk1.lut0.genblk1.genblk1.genblk1.genblk1.genblk1.genblk1.genblk1.lut1.genblk1.genblk1.genblk1.genblk1.genblk1.genblk1.lut0.genblk1.genblk1.genblk1.genblk1.genblk1.lut1 (4 -> 0)
  Optimizing lut $abc$139407$lut$aiger139406$8622.genblk1.genblk1.genblk1.genblk1.genblk1.genblk1.genblk1.lut0.genblk1.genblk1.genblk1.genblk1.genblk1.genblk1.lut1.genblk1.genblk1.genblk1.genblk1.genblk1.lut0 (4 -> 3)
  Optimizing lut $abc$139407$lut$aiger139406$8622.genblk1.genblk1.genblk1.genblk1.genblk1.genblk1.genblk1.lut0.genblk1.genblk1.genblk1.genblk1.genblk1.genblk1.lut0.genblk1.genblk1.genblk1.genblk1.genblk1.lut0 (4 -> 2)
  Optimizing lut $abc$139407$lut$aiger139406$8622.genblk1.genblk1.genblk1.genblk1.genblk1.genblk1.genblk1.lut1.genblk1.genblk1.genblk1.genblk1.genblk1.genblk1.lut1.genblk1.genblk1.genblk1.genblk1.genblk1.lut0 (4 -> 0)
  Optimizing lut $abc$139407$lut$aiger139406$8622.genblk1.genblk1.genblk1.genblk1.genblk1.genblk1.genblk1.lut1.genblk1.genblk1.genblk1.genblk1.genblk1.genblk1.lut0.genblk1.genblk1.genblk1.genblk1.genblk1.lut0 (4 -> 0)
  Optimizing lut $abc$139407$lut$aiger139406$8589.genblk1.genblk1.genblk1.genblk1.genblk1.genblk1.genblk1.lut0.genblk1.genblk1.genblk1.genblk1.genblk1.genblk1.lut1.genblk1.genblk1.genblk1.genblk1.genblk1.lut0 (4 -> 0)
  Optimizing lut $abc$139407$lut$aiger139406$8589.genblk1.genblk1.genblk1.genblk1.genblk1.genblk1.genblk1.lut1.genblk1.genblk1.genblk1.genblk1.genblk1.genblk1.lut1.genblk1.genblk1.genblk1.genblk1.genblk1.lut0 (4 -> 0)
  Optimizing lut $abc$139407$lut$aiger139406$8589.genblk1.genblk1.genblk1.genblk1.genblk1.genblk1.genblk1.lut1.genblk1.genblk1.genblk1.genblk1.genblk1.genblk1.lut0.genblk1.genblk1.genblk1.genblk1.genblk1.lut0 (4 -> 0)
  Optimizing lut $abc$139407$lut$aiger139406$8542.genblk1.genblk1.genblk1.genblk1.genblk1.genblk1.genblk1.genblk1.lut0.genblk1.genblk1.genblk1.genblk1.genblk1.genblk1.genblk1.lut0.genblk1.genblk1.genblk1.genblk1.genblk1.genblk1.lut0.genblk1.genblk1.genblk1.genblk1.genblk1.lut1 (4 -> 0)
  Optimizing lut $abc$139407$lut$aiger139406$8542.genblk1.genblk1.genblk1.genblk1.genblk1.genblk1.genblk1.genblk1.lut1.genblk1.genblk1.genblk1.genblk1.genblk1.genblk1.genblk1.lut1.genblk1.genblk1.genblk1.genblk1.genblk1.genblk1.lut0.genblk1.genblk1.genblk1.genblk1.genblk1.lut1 (4 -> 0)
  Optimizing lut $abc$139407$lut$aiger139406$8542.genblk1.genblk1.genblk1.genblk1.genblk1.genblk1.genblk1.genblk1.lut1.genblk1.genblk1.genblk1.genblk1.genblk1.genblk1.genblk1.lut0.genblk1.genblk1.genblk1.genblk1.genblk1.genblk1.lut0.genblk1.genblk1.genblk1.genblk1.genblk1.lut1 (4 -> 0)
  Optimizing lut $auto$abc_ops_reintegrate.cc:652:reintegrate$139417.genblk1.genblk1.genblk1.genblk1.genblk1.genblk1.genblk1.genblk1.lut0.genblk1.genblk1.genblk1.genblk1.genblk1.genblk1.genblk1.lut1.genblk1.genblk1.genblk1.genblk1.genblk1.genblk1.lut0.genblk1.genblk1.genblk1.genblk1.genblk1.lut1 (4 -> 2)
  Optimizing lut $abc$139407$lut$aiger139406$8533.genblk1.genblk1.genblk1.genblk1.genblk1.genblk1.genblk1.lut0.genblk1.genblk1.genblk1.genblk1.genblk1.genblk1.lut1.genblk1.genblk1.genblk1.genblk1.genblk1.lut0 (4 -> 0)
  Optimizing lut $abc$139407$lut$aiger139406$8533.genblk1.genblk1.genblk1.genblk1.genblk1.genblk1.genblk1.lut0.genblk1.genblk1.genblk1.genblk1.genblk1.genblk1.lut0.genblk1.genblk1.genblk1.genblk1.genblk1.lut0 (4 -> 0)
  Optimizing lut $abc$139407$lut$aiger139406$8533.genblk1.genblk1.genblk1.genblk1.genblk1.genblk1.genblk1.lut1.genblk1.genblk1.genblk1.genblk1.genblk1.genblk1.lut1.genblk1.genblk1.genblk1.genblk1.genblk1.lut0 (4 -> 0)
  Optimizing lut $abc$139407$lut$aiger139406$8533.genblk1.genblk1.genblk1.genblk1.genblk1.genblk1.genblk1.lut1.genblk1.genblk1.genblk1.genblk1.genblk1.genblk1.lut0.genblk1.genblk1.genblk1.genblk1.genblk1.lut0 (4 -> 0)
  Optimizing lut $auto$abc_ops_reintegrate.cc:652:reintegrate$139797.genblk1.genblk1.genblk1.genblk1.genblk1.genblk1.genblk1.lut0.genblk1.genblk1.genblk1.genblk1.genblk1.genblk1.lut1.genblk1.genblk1.genblk1.genblk1.genblk1.lut0 (4 -> 2)
  Optimizing lut $auto$abc_ops_reintegrate.cc:652:reintegrate$139797.genblk1.genblk1.genblk1.genblk1.genblk1.genblk1.genblk1.lut0.genblk1.genblk1.genblk1.genblk1.genblk1.genblk1.lut0.genblk1.genblk1.genblk1.genblk1.genblk1.lut0 (4 -> 2)
  Optimizing lut $auto$abc_ops_reintegrate.cc:652:reintegrate$139797.genblk1.genblk1.genblk1.genblk1.genblk1.genblk1.genblk1.lut1.genblk1.genblk1.genblk1.genblk1.genblk1.genblk1.lut0.genblk1.genblk1.genblk1.genblk1.genblk1.lut0 (4 -> 2)
  Optimizing lut $abc$139407$lut$aiger139406$11609.genblk1.genblk1.genblk1.genblk1.genblk1.genblk1.lut0.genblk1.genblk1.genblk1.genblk1.genblk1.lut1 (4 -> 0)
  Optimizing lut $abc$139407$lut$aiger139406$8605.genblk1.genblk1.genblk1.genblk1.genblk1.genblk1.genblk1.lut0.genblk1.genblk1.genblk1.genblk1.genblk1.genblk1.lut0.genblk1.genblk1.genblk1.genblk1.genblk1.lut0 (4 -> 0)
  Optimizing lut $abc$139407$lut$aiger139406$8605.genblk1.genblk1.genblk1.genblk1.genblk1.genblk1.genblk1.lut1.genblk1.genblk1.genblk1.genblk1.genblk1.genblk1.lut1.genblk1.genblk1.genblk1.genblk1.genblk1.lut0 (4 -> 0)
  Optimizing lut $abc$139407$lut$aiger139406$8605.genblk1.genblk1.genblk1.genblk1.genblk1.genblk1.genblk1.lut1.genblk1.genblk1.genblk1.genblk1.genblk1.genblk1.lut0.genblk1.genblk1.genblk1.genblk1.genblk1.lut0 (4 -> 0)
  Optimizing lut $auto$abc_ops_reintegrate.cc:652:reintegrate$139817.genblk1.genblk1.genblk1.genblk1.genblk1.genblk1.lut0.genblk1.genblk1.genblk1.genblk1.genblk1.lut1 (4 -> 3)
  Optimizing lut $abc$139407$lut$aiger139406$11428.genblk1.genblk1.genblk1.genblk1.genblk1.genblk1.genblk1.lut1.genblk1.genblk1.genblk1.genblk1.genblk1.genblk1.lut1.genblk1.genblk1.genblk1.genblk1.genblk1.lut0 (4 -> 2)
  Optimizing lut $abc$139407$lut$aiger139406$11411.genblk1.genblk1.genblk1.genblk1.genblk1.genblk1.lut0.genblk1.genblk1.genblk1.genblk1.genblk1.lut1 (4 -> 1)
  Optimizing lut $auto$abc_ops_reintegrate.cc:652:reintegrate$139417.genblk1.genblk1.genblk1.genblk1.genblk1.genblk1.genblk1.genblk1.lut1.genblk1.genblk1.genblk1.genblk1.genblk1.genblk1.genblk1.lut1.genblk1.genblk1.genblk1.genblk1.genblk1.genblk1.lut0.genblk1.genblk1.genblk1.genblk1.genblk1.lut1 (4 -> 2)
  Optimizing lut $auto$abc_ops_reintegrate.cc:652:reintegrate$139417.genblk1.genblk1.genblk1.genblk1.genblk1.genblk1.genblk1.genblk1.lut1.genblk1.genblk1.genblk1.genblk1.genblk1.genblk1.genblk1.lut0.genblk1.genblk1.genblk1.genblk1.genblk1.genblk1.lut0.genblk1.genblk1.genblk1.genblk1.genblk1.lut1 (4 -> 2)
  Optimizing lut $abc$139407$lut$aiger139406$8740.genblk1.genblk1.genblk1.genblk1.genblk1.genblk1.genblk1.genblk1.lut0.genblk1.genblk1.genblk1.genblk1.genblk1.genblk1.genblk1.lut1.genblk1.genblk1.genblk1.genblk1.genblk1.genblk1.lut0.genblk1.genblk1.genblk1.genblk1.genblk1.lut1 (4 -> 2)
  Optimizing lut $abc$139407$lut$aiger139406$8740.genblk1.genblk1.genblk1.genblk1.genblk1.genblk1.genblk1.genblk1.lut0.genblk1.genblk1.genblk1.genblk1.genblk1.genblk1.genblk1.lut0.genblk1.genblk1.genblk1.genblk1.genblk1.genblk1.lut0.genblk1.genblk1.genblk1.genblk1.genblk1.lut1 (4 -> 2)
  Optimizing lut $abc$139407$lut$aiger139406$8740.genblk1.genblk1.genblk1.genblk1.genblk1.genblk1.genblk1.genblk1.lut1.genblk1.genblk1.genblk1.genblk1.genblk1.genblk1.genblk1.lut1.genblk1.genblk1.genblk1.genblk1.genblk1.genblk1.lut0.genblk1.genblk1.genblk1.genblk1.genblk1.lut1 (4 -> 2)
  Optimizing lut $abc$139407$lut$aiger139406$8740.genblk1.genblk1.genblk1.genblk1.genblk1.genblk1.genblk1.genblk1.lut1.genblk1.genblk1.genblk1.genblk1.genblk1.genblk1.genblk1.lut0.genblk1.genblk1.genblk1.genblk1.genblk1.genblk1.lut0.genblk1.genblk1.genblk1.genblk1.genblk1.lut1 (4 -> 2)
  Optimizing lut $abc$139407$lut$aiger139406$8691.genblk1.genblk1.genblk1.genblk1.genblk1.genblk1.genblk1.genblk1.lut0.genblk1.genblk1.genblk1.genblk1.genblk1.genblk1.genblk1.lut1.genblk1.genblk1.genblk1.genblk1.genblk1.genblk1.lut0.genblk1.genblk1.genblk1.genblk1.genblk1.lut1 (4 -> 0)
  Optimizing lut $abc$139407$lut$aiger139406$8724.genblk1.genblk1.genblk1.genblk1.genblk1.genblk1.genblk1.lut0.genblk1.genblk1.genblk1.genblk1.genblk1.genblk1.lut1.genblk1.genblk1.genblk1.genblk1.genblk1.lut0 (4 -> 0)
  Optimizing lut $abc$139407$lut$aiger139406$8724.genblk1.genblk1.genblk1.genblk1.genblk1.genblk1.genblk1.lut1.genblk1.genblk1.genblk1.genblk1.genblk1.genblk1.lut1.genblk1.genblk1.genblk1.genblk1.genblk1.lut0 (4 -> 0)
  Optimizing lut $abc$139407$lut$aiger139406$8724.genblk1.genblk1.genblk1.genblk1.genblk1.genblk1.genblk1.lut1.genblk1.genblk1.genblk1.genblk1.genblk1.genblk1.lut0.genblk1.genblk1.genblk1.genblk1.genblk1.lut0 (4 -> 0)
  Optimizing lut $abc$139407$lut$aiger139406$8713.genblk1.genblk1.genblk1.genblk1.genblk1.genblk1.genblk1.lut0.genblk1.genblk1.genblk1.genblk1.genblk1.genblk1.lut1.genblk1.genblk1.genblk1.genblk1.genblk1.lut0 (4 -> 0)
  Optimizing lut $abc$139407$lut$aiger139406$8713.genblk1.genblk1.genblk1.genblk1.genblk1.genblk1.genblk1.lut0.genblk1.genblk1.genblk1.genblk1.genblk1.genblk1.lut0.genblk1.genblk1.genblk1.genblk1.genblk1.lut0 (4 -> 0)
  Optimizing lut $abc$139407$lut$aiger139406$8713.genblk1.genblk1.genblk1.genblk1.genblk1.genblk1.genblk1.lut1.genblk1.genblk1.genblk1.genblk1.genblk1.genblk1.lut1.genblk1.genblk1.genblk1.genblk1.genblk1.lut0 (4 -> 0)
  Optimizing lut $abc$139407$lut$aiger139406$8707.genblk1.genblk1.genblk1.genblk1.genblk1.genblk1.lut0.genblk1.genblk1.genblk1.genblk1.genblk1.lut1 (4 -> 0)
  Optimizing lut $abc$139407$lut$aiger139406$8691.genblk1.genblk1.genblk1.genblk1.genblk1.genblk1.genblk1.genblk1.lut1.genblk1.genblk1.genblk1.genblk1.genblk1.genblk1.genblk1.lut1.genblk1.genblk1.genblk1.genblk1.genblk1.genblk1.lut0.genblk1.genblk1.genblk1.genblk1.genblk1.lut1 (4 -> 0)
  Optimizing lut $abc$139407$lut$aiger139406$8691.genblk1.genblk1.genblk1.genblk1.genblk1.genblk1.genblk1.genblk1.lut1.genblk1.genblk1.genblk1.genblk1.genblk1.genblk1.genblk1.lut0.genblk1.genblk1.genblk1.genblk1.genblk1.genblk1.lut0.genblk1.genblk1.genblk1.genblk1.genblk1.lut1 (4 -> 0)
  Optimizing lut $abc$139407$lut$aiger139406$8677.genblk1.genblk1.genblk1.genblk1.genblk1.genblk1.genblk1.genblk1.lut0.genblk1.genblk1.genblk1.genblk1.genblk1.genblk1.genblk1.lut1.genblk1.genblk1.genblk1.genblk1.genblk1.genblk1.lut0.genblk1.genblk1.genblk1.genblk1.genblk1.lut1 (4 -> 0)
  Optimizing lut $abc$139407$lut$aiger139406$8677.genblk1.genblk1.genblk1.genblk1.genblk1.genblk1.genblk1.genblk1.lut0.genblk1.genblk1.genblk1.genblk1.genblk1.genblk1.genblk1.lut0.genblk1.genblk1.genblk1.genblk1.genblk1.genblk1.lut0.genblk1.genblk1.genblk1.genblk1.genblk1.lut1 (4 -> 0)
  Optimizing lut $abc$139407$lut$aiger139406$8677.genblk1.genblk1.genblk1.genblk1.genblk1.genblk1.genblk1.genblk1.lut1.genblk1.genblk1.genblk1.genblk1.genblk1.genblk1.genblk1.lut1.genblk1.genblk1.genblk1.genblk1.genblk1.genblk1.lut0.genblk1.genblk1.genblk1.genblk1.genblk1.lut1 (4 -> 0)
  Optimizing lut $abc$139407$lut$aiger139406$8677.genblk1.genblk1.genblk1.genblk1.genblk1.genblk1.genblk1.genblk1.lut1.genblk1.genblk1.genblk1.genblk1.genblk1.genblk1.genblk1.lut0.genblk1.genblk1.genblk1.genblk1.genblk1.genblk1.lut0.genblk1.genblk1.genblk1.genblk1.genblk1.lut1 (4 -> 0)
  Optimizing lut $abc$139407$lut$aiger139406$8670.genblk1.genblk1.genblk1.genblk1.genblk1.genblk1.genblk1.genblk1.lut0.genblk1.genblk1.genblk1.genblk1.genblk1.genblk1.genblk1.lut1.genblk1.genblk1.genblk1.genblk1.genblk1.genblk1.lut0.genblk1.genblk1.genblk1.genblk1.genblk1.lut1 (4 -> 0)
  Optimizing lut $abc$139407$lut$aiger139406$8670.genblk1.genblk1.genblk1.genblk1.genblk1.genblk1.genblk1.genblk1.lut0.genblk1.genblk1.genblk1.genblk1.genblk1.genblk1.genblk1.lut0.genblk1.genblk1.genblk1.genblk1.genblk1.genblk1.lut0.genblk1.genblk1.genblk1.genblk1.genblk1.lut1 (4 -> 0)
  Optimizing lut $abc$139407$lut$aiger139406$8670.genblk1.genblk1.genblk1.genblk1.genblk1.genblk1.genblk1.genblk1.lut1.genblk1.genblk1.genblk1.genblk1.genblk1.genblk1.genblk1.lut1.genblk1.genblk1.genblk1.genblk1.genblk1.genblk1.lut0.genblk1.genblk1.genblk1.genblk1.genblk1.lut1 (4 -> 0)
  Optimizing lut $abc$139407$lut$aiger139406$8670.genblk1.genblk1.genblk1.genblk1.genblk1.genblk1.genblk1.genblk1.lut1.genblk1.genblk1.genblk1.genblk1.genblk1.genblk1.genblk1.lut0.genblk1.genblk1.genblk1.genblk1.genblk1.genblk1.lut0.genblk1.genblk1.genblk1.genblk1.genblk1.lut1 (4 -> 0)
  Optimizing lut $abc$139407$lut$aiger139406$8653.genblk1.genblk1.genblk1.genblk1.genblk1.genblk1.genblk1.genblk1.lut0.genblk1.genblk1.genblk1.genblk1.genblk1.genblk1.genblk1.lut1.genblk1.genblk1.genblk1.genblk1.genblk1.genblk1.lut0.genblk1.genblk1.genblk1.genblk1.genblk1.lut1 (4 -> 0)
  Optimizing lut $abc$139407$lut$aiger139406$8653.genblk1.genblk1.genblk1.genblk1.genblk1.genblk1.genblk1.genblk1.lut0.genblk1.genblk1.genblk1.genblk1.genblk1.genblk1.genblk1.lut0.genblk1.genblk1.genblk1.genblk1.genblk1.genblk1.lut0.genblk1.genblk1.genblk1.genblk1.genblk1.lut1 (4 -> 0)
  Optimizing lut $abc$139407$lut$aiger139406$8653.genblk1.genblk1.genblk1.genblk1.genblk1.genblk1.genblk1.genblk1.lut1.genblk1.genblk1.genblk1.genblk1.genblk1.genblk1.genblk1.lut1.genblk1.genblk1.genblk1.genblk1.genblk1.genblk1.lut0.genblk1.genblk1.genblk1.genblk1.genblk1.lut1 (4 -> 0)
  Optimizing lut $abc$139407$lut$aiger139406$8653.genblk1.genblk1.genblk1.genblk1.genblk1.genblk1.genblk1.genblk1.lut1.genblk1.genblk1.genblk1.genblk1.genblk1.genblk1.genblk1.lut0.genblk1.genblk1.genblk1.genblk1.genblk1.genblk1.lut0.genblk1.genblk1.genblk1.genblk1.genblk1.lut1 (4 -> 0)
  Optimizing lut $abc$139407$lut$aiger139406$8699.genblk1.genblk1.genblk1.genblk1.genblk1.genblk1.genblk1.genblk1.lut0.genblk1.genblk1.genblk1.genblk1.genblk1.genblk1.genblk1.lut1.genblk1.genblk1.genblk1.genblk1.genblk1.genblk1.lut0.genblk1.genblk1.genblk1.genblk1.genblk1.lut1 (4 -> 0)
  Optimizing lut $abc$139407$lut$aiger139406$10619.genblk1.genblk1.genblk1.genblk1.genblk1.genblk1.genblk1.lut0.genblk1.genblk1.genblk1.genblk1.genblk1.genblk1.lut0.genblk1.genblk1.genblk1.genblk1.genblk1.lut0 (4 -> 1)
  Optimizing lut $abc$139407$lut$aiger139406$10550.genblk1.genblk1.genblk1.genblk1.genblk1.genblk1.lut0.genblk1.genblk1.genblk1.genblk1.genblk1.lut1 (4 -> 1)
  Optimizing lut $abc$139407$lut$aiger139406$8699.genblk1.genblk1.genblk1.genblk1.genblk1.genblk1.genblk1.genblk1.lut1.genblk1.genblk1.genblk1.genblk1.genblk1.genblk1.genblk1.lut0.genblk1.genblk1.genblk1.genblk1.genblk1.genblk1.lut0.genblk1.genblk1.genblk1.genblk1.genblk1.lut1 (4 -> 0)
  Optimizing lut $abc$139407$lut$aiger139406$8560.genblk1.genblk1.genblk1.genblk1.genblk1.genblk1.genblk1.genblk1.lut0.genblk1.genblk1.genblk1.genblk1.genblk1.genblk1.genblk1.lut1.genblk1.genblk1.genblk1.genblk1.genblk1.genblk1.lut0.genblk1.genblk1.genblk1.genblk1.genblk1.lut1 (4 -> 0)
  Optimizing lut $abc$139407$lut$aiger139406$8560.genblk1.genblk1.genblk1.genblk1.genblk1.genblk1.genblk1.genblk1.lut0.genblk1.genblk1.genblk1.genblk1.genblk1.genblk1.genblk1.lut0.genblk1.genblk1.genblk1.genblk1.genblk1.genblk1.lut0.genblk1.genblk1.genblk1.genblk1.genblk1.lut1 (4 -> 0)
  Optimizing lut $abc$139407$lut$aiger139406$8560.genblk1.genblk1.genblk1.genblk1.genblk1.genblk1.genblk1.genblk1.lut1.genblk1.genblk1.genblk1.genblk1.genblk1.genblk1.genblk1.lut1.genblk1.genblk1.genblk1.genblk1.genblk1.genblk1.lut0.genblk1.genblk1.genblk1.genblk1.genblk1.lut1 (4 -> 0)
  Optimizing lut $abc$139407$lut$aiger139406$8560.genblk1.genblk1.genblk1.genblk1.genblk1.genblk1.genblk1.genblk1.lut1.genblk1.genblk1.genblk1.genblk1.genblk1.genblk1.genblk1.lut0.genblk1.genblk1.genblk1.genblk1.genblk1.genblk1.lut0.genblk1.genblk1.genblk1.genblk1.genblk1.lut1 (4 -> 0)
  Optimizing lut $abc$139407$lut$aiger139406$8549.genblk1.genblk1.genblk1.genblk1.genblk1.genblk1.genblk1.genblk1.lut0.genblk1.genblk1.genblk1.genblk1.genblk1.genblk1.genblk1.lut1.genblk1.genblk1.genblk1.genblk1.genblk1.genblk1.lut0.genblk1.genblk1.genblk1.genblk1.genblk1.lut1 (4 -> 0)
  Optimizing lut $abc$139407$lut$aiger139406$8549.genblk1.genblk1.genblk1.genblk1.genblk1.genblk1.genblk1.genblk1.lut0.genblk1.genblk1.genblk1.genblk1.genblk1.genblk1.genblk1.lut0.genblk1.genblk1.genblk1.genblk1.genblk1.genblk1.lut0.genblk1.genblk1.genblk1.genblk1.genblk1.lut1 (4 -> 0)
  Optimizing lut $abc$139407$lut$aiger139406$8549.genblk1.genblk1.genblk1.genblk1.genblk1.genblk1.genblk1.genblk1.lut1.genblk1.genblk1.genblk1.genblk1.genblk1.genblk1.genblk1.lut0.genblk1.genblk1.genblk1.genblk1.genblk1.genblk1.lut0.genblk1.genblk1.genblk1.genblk1.genblk1.lut1 (4 -> 0)
  Optimizing lut $abc$139407$lut$aiger139406$9159.genblk1.genblk1.genblk1.genblk1.genblk1.genblk1.genblk1.genblk1.lut0.genblk1.genblk1.genblk1.genblk1.genblk1.genblk1.genblk1.lut1.genblk1.genblk1.genblk1.genblk1.genblk1.genblk1.lut0.genblk1.genblk1.genblk1.genblk1.genblk1.lut1 (4 -> 0)
  Optimizing lut $abc$139407$lut$aiger139406$9159.genblk1.genblk1.genblk1.genblk1.genblk1.genblk1.genblk1.genblk1.lut0.genblk1.genblk1.genblk1.genblk1.genblk1.genblk1.genblk1.lut0.genblk1.genblk1.genblk1.genblk1.genblk1.genblk1.lut0.genblk1.genblk1.genblk1.genblk1.genblk1.lut1 (4 -> 0)
  Optimizing lut $abc$139407$lut$aiger139406$9159.genblk1.genblk1.genblk1.genblk1.genblk1.genblk1.genblk1.genblk1.lut1.genblk1.genblk1.genblk1.genblk1.genblk1.genblk1.genblk1.lut1.genblk1.genblk1.genblk1.genblk1.genblk1.genblk1.lut0.genblk1.genblk1.genblk1.genblk1.genblk1.lut1 (4 -> 0)
  Optimizing lut $abc$139407$lut$aiger139406$9159.genblk1.genblk1.genblk1.genblk1.genblk1.genblk1.genblk1.genblk1.lut1.genblk1.genblk1.genblk1.genblk1.genblk1.genblk1.genblk1.lut0.genblk1.genblk1.genblk1.genblk1.genblk1.genblk1.lut0.genblk1.genblk1.genblk1.genblk1.genblk1.lut1 (4 -> 0)
  Optimizing lut $abc$139407$lut$aiger139406$8518.genblk1.genblk1.genblk1.genblk1.genblk1.genblk1.genblk1.genblk1.lut0.genblk1.genblk1.genblk1.genblk1.genblk1.genblk1.genblk1.lut1.genblk1.genblk1.genblk1.genblk1.genblk1.genblk1.lut0.genblk1.genblk1.genblk1.genblk1.genblk1.lut1 (4 -> 0)
  Optimizing lut $abc$139407$lut$aiger139406$8583.genblk1.genblk1.genblk1.genblk1.genblk1.genblk1.genblk1.lut0.genblk1.genblk1.genblk1.genblk1.genblk1.genblk1.lut1.genblk1.genblk1.genblk1.genblk1.genblk1.lut0 (4 -> 0)
  Optimizing lut $abc$139407$lut$aiger139406$8583.genblk1.genblk1.genblk1.genblk1.genblk1.genblk1.genblk1.lut0.genblk1.genblk1.genblk1.genblk1.genblk1.genblk1.lut0.genblk1.genblk1.genblk1.genblk1.genblk1.lut0 (4 -> 0)
  Optimizing lut $abc$139407$lut$aiger139406$8583.genblk1.genblk1.genblk1.genblk1.genblk1.genblk1.genblk1.lut1.genblk1.genblk1.genblk1.genblk1.genblk1.genblk1.lut1.genblk1.genblk1.genblk1.genblk1.genblk1.lut0 (4 -> 0)
  Optimizing lut $abc$139407$lut$aiger139406$8583.genblk1.genblk1.genblk1.genblk1.genblk1.genblk1.genblk1.lut1.genblk1.genblk1.genblk1.genblk1.genblk1.genblk1.lut0.genblk1.genblk1.genblk1.genblk1.genblk1.lut0 (4 -> 0)
  Optimizing lut $abc$139407$lut$aiger139406$8627.genblk1.genblk1.genblk1.genblk1.genblk1.genblk1.lut0.genblk1.genblk1.genblk1.genblk1.genblk1.lut1 (4 -> 0)
  Optimizing lut $abc$139407$lut$aiger139406$8518.genblk1.genblk1.genblk1.genblk1.genblk1.genblk1.genblk1.genblk1.lut1.genblk1.genblk1.genblk1.genblk1.genblk1.genblk1.genblk1.lut1.genblk1.genblk1.genblk1.genblk1.genblk1.genblk1.lut0.genblk1.genblk1.genblk1.genblk1.genblk1.lut1 (4 -> 0)
  Optimizing lut $abc$139407$lut$aiger139406$8518.genblk1.genblk1.genblk1.genblk1.genblk1.genblk1.genblk1.genblk1.lut1.genblk1.genblk1.genblk1.genblk1.genblk1.genblk1.genblk1.lut0.genblk1.genblk1.genblk1.genblk1.genblk1.genblk1.lut0.genblk1.genblk1.genblk1.genblk1.genblk1.lut1 (4 -> 0)
  Optimizing lut $abc$139407$lut$aiger139406$8638.genblk1.genblk1.genblk1.genblk1.genblk1.genblk1.genblk1.genblk1.lut0.genblk1.genblk1.genblk1.genblk1.genblk1.genblk1.genblk1.lut1.genblk1.genblk1.genblk1.genblk1.genblk1.genblk1.lut0.genblk1.genblk1.genblk1.genblk1.genblk1.lut1 (4 -> 0)
  Optimizing lut $abc$139407$lut$aiger139406$8638.genblk1.genblk1.genblk1.genblk1.genblk1.genblk1.genblk1.genblk1.lut0.genblk1.genblk1.genblk1.genblk1.genblk1.genblk1.genblk1.lut0.genblk1.genblk1.genblk1.genblk1.genblk1.genblk1.lut0.genblk1.genblk1.genblk1.genblk1.genblk1.lut1 (4 -> 0)
  Optimizing lut $abc$139407$lut$aiger139406$8638.genblk1.genblk1.genblk1.genblk1.genblk1.genblk1.genblk1.genblk1.lut1.genblk1.genblk1.genblk1.genblk1.genblk1.genblk1.genblk1.lut1.genblk1.genblk1.genblk1.genblk1.genblk1.genblk1.lut0.genblk1.genblk1.genblk1.genblk1.genblk1.lut1 (4 -> 0)
  Optimizing lut $abc$139407$lut$aiger139406$8638.genblk1.genblk1.genblk1.genblk1.genblk1.genblk1.genblk1.genblk1.lut1.genblk1.genblk1.genblk1.genblk1.genblk1.genblk1.genblk1.lut0.genblk1.genblk1.genblk1.genblk1.genblk1.genblk1.lut0.genblk1.genblk1.genblk1.genblk1.genblk1.lut1 (4 -> 0)
  Optimizing lut $abc$139407$lut$aiger139406$8475.genblk1.genblk1.genblk1.genblk1.genblk1.genblk1.genblk1.genblk1.lut0.genblk1.genblk1.genblk1.genblk1.genblk1.genblk1.genblk1.lut1.genblk1.genblk1.genblk1.genblk1.genblk1.genblk1.lut0.genblk1.genblk1.genblk1.genblk1.genblk1.lut1 (4 -> 0)
  Optimizing lut $abc$139407$lut$aiger139406$8475.genblk1.genblk1.genblk1.genblk1.genblk1.genblk1.genblk1.genblk1.lut0.genblk1.genblk1.genblk1.genblk1.genblk1.genblk1.genblk1.lut0.genblk1.genblk1.genblk1.genblk1.genblk1.genblk1.lut0.genblk1.genblk1.genblk1.genblk1.genblk1.lut1 (4 -> 0)
  Optimizing lut $abc$139407$lut$aiger139406$8475.genblk1.genblk1.genblk1.genblk1.genblk1.genblk1.genblk1.genblk1.lut1.genblk1.genblk1.genblk1.genblk1.genblk1.genblk1.genblk1.lut1.genblk1.genblk1.genblk1.genblk1.genblk1.genblk1.lut0.genblk1.genblk1.genblk1.genblk1.genblk1.lut1 (4 -> 0)
  Optimizing lut $abc$139407$lut$aiger139406$8475.genblk1.genblk1.genblk1.genblk1.genblk1.genblk1.genblk1.genblk1.lut1.genblk1.genblk1.genblk1.genblk1.genblk1.genblk1.genblk1.lut0.genblk1.genblk1.genblk1.genblk1.genblk1.genblk1.lut0.genblk1.genblk1.genblk1.genblk1.genblk1.lut1 (4 -> 0)
  Optimizing lut $abc$139407$lut$aiger139406$9136.genblk1.genblk1.genblk1.genblk1.genblk1.genblk1.genblk1.genblk1.lut0.genblk1.genblk1.genblk1.genblk1.genblk1.genblk1.genblk1.lut1.genblk1.genblk1.genblk1.genblk1.genblk1.genblk1.lut0.genblk1.genblk1.genblk1.genblk1.genblk1.lut1 (4 -> 0)
  Optimizing lut $abc$139407$lut$aiger139406$9142.genblk1.genblk1.genblk1.genblk1.genblk1.genblk1.lut0.genblk1.genblk1.genblk1.genblk1.genblk1.lut1 (4 -> 0)
  Optimizing lut $abc$139407$lut$aiger139406$9136.genblk1.genblk1.genblk1.genblk1.genblk1.genblk1.genblk1.genblk1.lut1.genblk1.genblk1.genblk1.genblk1.genblk1.genblk1.genblk1.lut1.genblk1.genblk1.genblk1.genblk1.genblk1.genblk1.lut0.genblk1.genblk1.genblk1.genblk1.genblk1.lut1 (4 -> 0)
  Optimizing lut $abc$139407$lut$aiger139406$9136.genblk1.genblk1.genblk1.genblk1.genblk1.genblk1.genblk1.genblk1.lut1.genblk1.genblk1.genblk1.genblk1.genblk1.genblk1.genblk1.lut0.genblk1.genblk1.genblk1.genblk1.genblk1.genblk1.lut0.genblk1.genblk1.genblk1.genblk1.genblk1.lut1 (4 -> 0)
  Optimizing lut $abc$139407$lut$aiger139406$8616.genblk1.genblk1.genblk1.genblk1.genblk1.genblk1.genblk1.genblk1.lut0.genblk1.genblk1.genblk1.genblk1.genblk1.genblk1.genblk1.lut1.genblk1.genblk1.genblk1.genblk1.genblk1.genblk1.lut0.genblk1.genblk1.genblk1.genblk1.genblk1.lut1 (4 -> 0)
  Optimizing lut $abc$139407$lut$aiger139406$8616.genblk1.genblk1.genblk1.genblk1.genblk1.genblk1.genblk1.genblk1.lut0.genblk1.genblk1.genblk1.genblk1.genblk1.genblk1.genblk1.lut0.genblk1.genblk1.genblk1.genblk1.genblk1.genblk1.lut0.genblk1.genblk1.genblk1.genblk1.genblk1.lut1 (4 -> 0)
  Optimizing lut $abc$139407$lut$aiger139406$8616.genblk1.genblk1.genblk1.genblk1.genblk1.genblk1.genblk1.genblk1.lut1.genblk1.genblk1.genblk1.genblk1.genblk1.genblk1.genblk1.lut1.genblk1.genblk1.genblk1.genblk1.genblk1.genblk1.lut0.genblk1.genblk1.genblk1.genblk1.genblk1.lut1 (4 -> 0)
  Optimizing lut $abc$139407$lut$aiger139406$8616.genblk1.genblk1.genblk1.genblk1.genblk1.genblk1.genblk1.genblk1.lut1.genblk1.genblk1.genblk1.genblk1.genblk1.genblk1.genblk1.lut0.genblk1.genblk1.genblk1.genblk1.genblk1.genblk1.lut0.genblk1.genblk1.genblk1.genblk1.genblk1.lut1 (4 -> 0)
  Optimizing lut $abc$139407$lut$aiger139406$8684.genblk1.genblk1.genblk1.genblk1.genblk1.genblk1.genblk1.genblk1.lut0.genblk1.genblk1.genblk1.genblk1.genblk1.genblk1.genblk1.lut1.genblk1.genblk1.genblk1.genblk1.genblk1.genblk1.lut0.genblk1.genblk1.genblk1.genblk1.genblk1.lut1 (4 -> 0)
  Optimizing lut $abc$139407$lut$aiger139406$8684.genblk1.genblk1.genblk1.genblk1.genblk1.genblk1.genblk1.genblk1.lut0.genblk1.genblk1.genblk1.genblk1.genblk1.genblk1.genblk1.lut0.genblk1.genblk1.genblk1.genblk1.genblk1.genblk1.lut0.genblk1.genblk1.genblk1.genblk1.genblk1.lut1 (4 -> 0)
  Optimizing lut $abc$139407$lut$aiger139406$8684.genblk1.genblk1.genblk1.genblk1.genblk1.genblk1.genblk1.genblk1.lut1.genblk1.genblk1.genblk1.genblk1.genblk1.genblk1.genblk1.lut1.genblk1.genblk1.genblk1.genblk1.genblk1.genblk1.lut0.genblk1.genblk1.genblk1.genblk1.genblk1.lut1 (4 -> 0)
  Optimizing lut $abc$139407$lut$aiger139406$8684.genblk1.genblk1.genblk1.genblk1.genblk1.genblk1.genblk1.genblk1.lut1.genblk1.genblk1.genblk1.genblk1.genblk1.genblk1.genblk1.lut0.genblk1.genblk1.genblk1.genblk1.genblk1.genblk1.lut0.genblk1.genblk1.genblk1.genblk1.genblk1.lut1 (4 -> 0)
  Optimizing lut $abc$139407$lut$aiger139406$8684.genblk1.genblk1.genblk1.genblk1.genblk1.genblk1.genblk1.genblk1.lut1.genblk1.genblk1.genblk1.genblk1.genblk1.genblk1.genblk1.lut0.genblk1.genblk1.genblk1.genblk1.genblk1.genblk1.lut1.genblk1.genblk1.genblk1.genblk1.genblk1.lut0 (4 -> 0)
  Optimizing lut $abc$139407$lut$aiger139406$8572.genblk1.genblk1.genblk1.genblk1.genblk1.genblk1.lut0.genblk1.genblk1.genblk1.genblk1.genblk1.lut1 (4 -> 0)
  Optimizing lut $abc$139407$lut$aiger139406$10529.genblk1.genblk1.genblk1.genblk1.genblk1.lut1 (4 -> 3)
  Optimizing lut $abc$139407$lut$aiger139406$8572.genblk1.genblk1.genblk1.genblk1.genblk1.genblk1.lut0.genblk1.genblk1.genblk1.genblk1.genblk1.lut0 (4 -> 0)
  Optimizing lut $abc$139407$lut$aiger139406$8684.genblk1.genblk1.genblk1.genblk1.genblk1.genblk1.genblk1.genblk1.lut1.genblk1.genblk1.genblk1.genblk1.genblk1.genblk1.genblk1.lut1.genblk1.genblk1.genblk1.genblk1.genblk1.genblk1.lut1.genblk1.genblk1.genblk1.genblk1.genblk1.lut1 (4 -> 0)
  Optimizing lut $abc$139407$lut$aiger139406$8684.genblk1.genblk1.genblk1.genblk1.genblk1.genblk1.genblk1.genblk1.lut0.genblk1.genblk1.genblk1.genblk1.genblk1.genblk1.genblk1.lut1.genblk1.genblk1.genblk1.genblk1.genblk1.genblk1.lut1.genblk1.genblk1.genblk1.genblk1.genblk1.lut1 (4 -> 0)
  Optimizing lut $abc$139407$lut$aiger139406$8616.genblk1.genblk1.genblk1.genblk1.genblk1.genblk1.genblk1.genblk1.lut0.genblk1.genblk1.genblk1.genblk1.genblk1.genblk1.genblk1.lut1.genblk1.genblk1.genblk1.genblk1.genblk1.genblk1.lut1.genblk1.genblk1.genblk1.genblk1.genblk1.lut1 (4 -> 0)
  Optimizing lut $abc$139407$lut$aiger139406$9136.genblk1.genblk1.genblk1.genblk1.genblk1.genblk1.genblk1.genblk1.lut1.genblk1.genblk1.genblk1.genblk1.genblk1.genblk1.genblk1.lut1.genblk1.genblk1.genblk1.genblk1.genblk1.genblk1.lut1.genblk1.genblk1.genblk1.genblk1.genblk1.lut1 (4 -> 0)
  Optimizing lut $abc$139407$lut$aiger139406$9136.genblk1.genblk1.genblk1.genblk1.genblk1.genblk1.genblk1.genblk1.lut0.genblk1.genblk1.genblk1.genblk1.genblk1.genblk1.genblk1.lut1.genblk1.genblk1.genblk1.genblk1.genblk1.genblk1.lut1.genblk1.genblk1.genblk1.genblk1.genblk1.lut1 (4 -> 0)
  Optimizing lut $abc$139407$lut$aiger139406$9142.genblk1.genblk1.genblk1.genblk1.genblk1.genblk1.lut1.genblk1.genblk1.genblk1.genblk1.genblk1.lut0 (4 -> 0)
  Optimizing lut $abc$139407$lut$aiger139406$8475.genblk1.genblk1.genblk1.genblk1.genblk1.genblk1.genblk1.genblk1.lut1.genblk1.genblk1.genblk1.genblk1.genblk1.genblk1.genblk1.lut1.genblk1.genblk1.genblk1.genblk1.genblk1.genblk1.lut1.genblk1.genblk1.genblk1.genblk1.genblk1.lut1 (4 -> 0)
  Optimizing lut $abc$139407$lut$aiger139406$8475.genblk1.genblk1.genblk1.genblk1.genblk1.genblk1.genblk1.genblk1.lut0.genblk1.genblk1.genblk1.genblk1.genblk1.genblk1.genblk1.lut1.genblk1.genblk1.genblk1.genblk1.genblk1.genblk1.lut1.genblk1.genblk1.genblk1.genblk1.genblk1.lut1 (4 -> 0)
  Optimizing lut $abc$139407$lut$aiger139406$8638.genblk1.genblk1.genblk1.genblk1.genblk1.genblk1.genblk1.genblk1.lut0.genblk1.genblk1.genblk1.genblk1.genblk1.genblk1.genblk1.lut1.genblk1.genblk1.genblk1.genblk1.genblk1.genblk1.lut1.genblk1.genblk1.genblk1.genblk1.genblk1.lut1 (4 -> 0)
  Optimizing lut $abc$139407$lut$aiger139406$8518.genblk1.genblk1.genblk1.genblk1.genblk1.genblk1.genblk1.genblk1.lut1.genblk1.genblk1.genblk1.genblk1.genblk1.genblk1.genblk1.lut1.genblk1.genblk1.genblk1.genblk1.genblk1.genblk1.lut1.genblk1.genblk1.genblk1.genblk1.genblk1.lut1 (4 -> 0)
  Optimizing lut $abc$139407$lut$aiger139406$8518.genblk1.genblk1.genblk1.genblk1.genblk1.genblk1.genblk1.genblk1.lut0.genblk1.genblk1.genblk1.genblk1.genblk1.genblk1.genblk1.lut1.genblk1.genblk1.genblk1.genblk1.genblk1.genblk1.lut1.genblk1.genblk1.genblk1.genblk1.genblk1.lut1 (4 -> 0)
  Optimizing lut $abc$139407$lut$aiger139406$8627.genblk1.genblk1.genblk1.genblk1.genblk1.genblk1.lut1.genblk1.genblk1.genblk1.genblk1.genblk1.lut0 (4 -> 0)
  Optimizing lut $abc$139407$lut$aiger139406$8627.genblk1.genblk1.genblk1.genblk1.genblk1.genblk1.lut0.genblk1.genblk1.genblk1.genblk1.genblk1.lut0 (4 -> 0)
  Optimizing lut $abc$139407$lut$aiger139406$9159.genblk1.genblk1.genblk1.genblk1.genblk1.genblk1.genblk1.genblk1.lut1.genblk1.genblk1.genblk1.genblk1.genblk1.genblk1.genblk1.lut0.genblk1.genblk1.genblk1.genblk1.genblk1.genblk1.lut1.genblk1.genblk1.genblk1.genblk1.genblk1.lut0 (4 -> 0)
  Optimizing lut $abc$139407$lut$aiger139406$9159.genblk1.genblk1.genblk1.genblk1.genblk1.genblk1.genblk1.genblk1.lut1.genblk1.genblk1.genblk1.genblk1.genblk1.genblk1.genblk1.lut1.genblk1.genblk1.genblk1.genblk1.genblk1.genblk1.lut1.genblk1.genblk1.genblk1.genblk1.genblk1.lut1 (4 -> 0)
  Optimizing lut $abc$139407$lut$aiger139406$9159.genblk1.genblk1.genblk1.genblk1.genblk1.genblk1.genblk1.genblk1.lut0.genblk1.genblk1.genblk1.genblk1.genblk1.genblk1.genblk1.lut1.genblk1.genblk1.genblk1.genblk1.genblk1.genblk1.lut1.genblk1.genblk1.genblk1.genblk1.genblk1.lut1 (4 -> 0)
  Optimizing lut $abc$139407$lut$aiger139406$8549.genblk1.genblk1.genblk1.genblk1.genblk1.genblk1.genblk1.genblk1.lut1.genblk1.genblk1.genblk1.genblk1.genblk1.genblk1.genblk1.lut1.genblk1.genblk1.genblk1.genblk1.genblk1.genblk1.lut1.genblk1.genblk1.genblk1.genblk1.genblk1.lut1 (4 -> 0)
  Optimizing lut $abc$139407$lut$aiger139406$8549.genblk1.genblk1.genblk1.genblk1.genblk1.genblk1.genblk1.genblk1.lut0.genblk1.genblk1.genblk1.genblk1.genblk1.genblk1.genblk1.lut1.genblk1.genblk1.genblk1.genblk1.genblk1.genblk1.lut1.genblk1.genblk1.genblk1.genblk1.genblk1.lut1 (4 -> 0)
  Optimizing lut $abc$139407$lut$aiger139406$8560.genblk1.genblk1.genblk1.genblk1.genblk1.genblk1.genblk1.genblk1.lut1.genblk1.genblk1.genblk1.genblk1.genblk1.genblk1.genblk1.lut1.genblk1.genblk1.genblk1.genblk1.genblk1.genblk1.lut1.genblk1.genblk1.genblk1.genblk1.genblk1.lut1 (4 -> 0)
  Optimizing lut $abc$139407$lut$aiger139406$8560.genblk1.genblk1.genblk1.genblk1.genblk1.genblk1.genblk1.genblk1.lut0.genblk1.genblk1.genblk1.genblk1.genblk1.genblk1.genblk1.lut1.genblk1.genblk1.genblk1.genblk1.genblk1.genblk1.lut1.genblk1.genblk1.genblk1.genblk1.genblk1.lut1 (4 -> 0)
  Optimizing lut $abc$139407$lut$aiger139406$8699.genblk1.genblk1.genblk1.genblk1.genblk1.genblk1.genblk1.genblk1.lut1.genblk1.genblk1.genblk1.genblk1.genblk1.genblk1.genblk1.lut1.genblk1.genblk1.genblk1.genblk1.genblk1.genblk1.lut1.genblk1.genblk1.genblk1.genblk1.genblk1.lut1 (4 -> 0)
  Optimizing lut $abc$139407$lut$aiger139406$8699.genblk1.genblk1.genblk1.genblk1.genblk1.genblk1.genblk1.genblk1.lut0.genblk1.genblk1.genblk1.genblk1.genblk1.genblk1.genblk1.lut1.genblk1.genblk1.genblk1.genblk1.genblk1.genblk1.lut1.genblk1.genblk1.genblk1.genblk1.genblk1.lut1 (4 -> 0)
  Optimizing lut $abc$139407$lut$aiger139406$10550.genblk1.genblk1.genblk1.genblk1.genblk1.genblk1.lut1.genblk1.genblk1.genblk1.genblk1.genblk1.lut0 (4 -> 1)
  Optimizing lut $abc$139407$lut$aiger139406$10550.genblk1.genblk1.genblk1.genblk1.genblk1.genblk1.lut0.genblk1.genblk1.genblk1.genblk1.genblk1.lut0 (4 -> 1)
  Optimizing lut $abc$139407$lut$aiger139406$8653.genblk1.genblk1.genblk1.genblk1.genblk1.genblk1.genblk1.genblk1.lut1.genblk1.genblk1.genblk1.genblk1.genblk1.genblk1.genblk1.lut0.genblk1.genblk1.genblk1.genblk1.genblk1.genblk1.lut1.genblk1.genblk1.genblk1.genblk1.genblk1.lut0 (4 -> 0)
  Optimizing lut $abc$139407$lut$aiger139406$10625.genblk1.genblk1.genblk1.genblk1.genblk1.lut1 (4 -> 3)
  Optimizing lut $abc$139407$lut$aiger139406$8653.genblk1.genblk1.genblk1.genblk1.genblk1.genblk1.genblk1.genblk1.lut0.genblk1.genblk1.genblk1.genblk1.genblk1.genblk1.genblk1.lut1.genblk1.genblk1.genblk1.genblk1.genblk1.genblk1.lut1.genblk1.genblk1.genblk1.genblk1.genblk1.lut1 (4 -> 0)
  Optimizing lut $abc$139407$lut$aiger139406$8670.genblk1.genblk1.genblk1.genblk1.genblk1.genblk1.genblk1.genblk1.lut0.genblk1.genblk1.genblk1.genblk1.genblk1.genblk1.genblk1.lut1.genblk1.genblk1.genblk1.genblk1.genblk1.genblk1.lut1.genblk1.genblk1.genblk1.genblk1.genblk1.lut1 (4 -> 0)
  Optimizing lut $abc$139407$lut$aiger139406$8677.genblk1.genblk1.genblk1.genblk1.genblk1.genblk1.genblk1.genblk1.lut0.genblk1.genblk1.genblk1.genblk1.genblk1.genblk1.genblk1.lut1.genblk1.genblk1.genblk1.genblk1.genblk1.genblk1.lut1.genblk1.genblk1.genblk1.genblk1.genblk1.lut1 (4 -> 0)
  Optimizing lut $abc$139407$lut$aiger139406$8691.genblk1.genblk1.genblk1.genblk1.genblk1.genblk1.genblk1.genblk1.lut1.genblk1.genblk1.genblk1.genblk1.genblk1.genblk1.genblk1.lut1.genblk1.genblk1.genblk1.genblk1.genblk1.genblk1.lut1.genblk1.genblk1.genblk1.genblk1.genblk1.lut1 (4 -> 0)
  Optimizing lut $abc$139407$lut$aiger139406$8691.genblk1.genblk1.genblk1.genblk1.genblk1.genblk1.genblk1.genblk1.lut0.genblk1.genblk1.genblk1.genblk1.genblk1.genblk1.genblk1.lut1.genblk1.genblk1.genblk1.genblk1.genblk1.genblk1.lut1.genblk1.genblk1.genblk1.genblk1.genblk1.lut1 (4 -> 0)
  Optimizing lut $abc$139407$lut$aiger139406$8707.genblk1.genblk1.genblk1.genblk1.genblk1.genblk1.lut1.genblk1.genblk1.genblk1.genblk1.genblk1.lut0 (4 -> 0)
  Optimizing lut $abc$139407$lut$aiger139406$8707.genblk1.genblk1.genblk1.genblk1.genblk1.genblk1.lut0.genblk1.genblk1.genblk1.genblk1.genblk1.lut0 (4 -> 0)
  Optimizing lut $abc$139407$lut$aiger139406$8713.genblk1.genblk1.genblk1.genblk1.genblk1.genblk1.genblk1.lut0.genblk1.genblk1.genblk1.genblk1.genblk1.genblk1.lut0.genblk1.genblk1.genblk1.genblk1.genblk1.lut1 (4 -> 0)
  Optimizing lut $abc$139407$lut$aiger139406$8724.genblk1.genblk1.genblk1.genblk1.genblk1.genblk1.genblk1.lut1.genblk1.genblk1.genblk1.genblk1.genblk1.genblk1.lut0.genblk1.genblk1.genblk1.genblk1.genblk1.lut1 (4 -> 0)
  Optimizing lut $abc$139407$lut$aiger139406$8724.genblk1.genblk1.genblk1.genblk1.genblk1.genblk1.genblk1.lut0.genblk1.genblk1.genblk1.genblk1.genblk1.genblk1.lut0.genblk1.genblk1.genblk1.genblk1.genblk1.lut1 (4 -> 0)
  Optimizing lut $abc$139407$lut$aiger139406$8740.genblk1.genblk1.genblk1.genblk1.genblk1.genblk1.genblk1.genblk1.lut1.genblk1.genblk1.genblk1.genblk1.genblk1.genblk1.genblk1.lut0.genblk1.genblk1.genblk1.genblk1.genblk1.genblk1.lut1.genblk1.genblk1.genblk1.genblk1.genblk1.lut0 (4 -> 2)
  Optimizing lut $abc$139407$lut$aiger139406$8740.genblk1.genblk1.genblk1.genblk1.genblk1.genblk1.genblk1.genblk1.lut1.genblk1.genblk1.genblk1.genblk1.genblk1.genblk1.genblk1.lut1.genblk1.genblk1.genblk1.genblk1.genblk1.genblk1.lut1.genblk1.genblk1.genblk1.genblk1.genblk1.lut1 (4 -> 2)
  Optimizing lut $abc$139407$lut$aiger139406$8740.genblk1.genblk1.genblk1.genblk1.genblk1.genblk1.genblk1.genblk1.lut0.genblk1.genblk1.genblk1.genblk1.genblk1.genblk1.genblk1.lut1.genblk1.genblk1.genblk1.genblk1.genblk1.genblk1.lut1.genblk1.genblk1.genblk1.genblk1.genblk1.lut1 (4 -> 2)
  Optimizing lut $auto$abc_ops_reintegrate.cc:652:reintegrate$139417.genblk1.genblk1.genblk1.genblk1.genblk1.genblk1.genblk1.genblk1.lut0.genblk1.genblk1.genblk1.genblk1.genblk1.genblk1.genblk1.lut1.genblk1.genblk1.genblk1.genblk1.genblk1.genblk1.lut1.genblk1.genblk1.genblk1.genblk1.genblk1.lut1 (4 -> 2)
  Optimizing lut $abc$139407$lut$aiger139406$11402.genblk1.genblk1.genblk1.genblk1.genblk1.genblk1.lut1.genblk1.genblk1.genblk1.genblk1.genblk1.lut0 (4 -> 3)
  Optimizing lut $abc$139407$lut$aiger139406$11411.genblk1.genblk1.genblk1.genblk1.genblk1.genblk1.lut1.genblk1.genblk1.genblk1.genblk1.genblk1.lut0 (4 -> 1)
  Optimizing lut $abc$139407$lut$aiger139406$11411.genblk1.genblk1.genblk1.genblk1.genblk1.genblk1.lut0.genblk1.genblk1.genblk1.genblk1.genblk1.lut0 (4 -> 1)
  Optimizing lut $abc$139407$lut$aiger139406$11420.genblk1.genblk1.genblk1.genblk1.genblk1.lut1 (4 -> 0)
  Optimizing lut $abc$139407$lut$aiger139406$8605.genblk1.genblk1.genblk1.genblk1.genblk1.genblk1.genblk1.lut1.genblk1.genblk1.genblk1.genblk1.genblk1.genblk1.lut0.genblk1.genblk1.genblk1.genblk1.genblk1.lut1 (4 -> 0)
  Optimizing lut $auto$abc_ops_reintegrate.cc:652:reintegrate$139818.genblk1.genblk1.genblk1.genblk1.genblk1.genblk1.lut0.genblk1.genblk1.genblk1.genblk1.genblk1.lut0 (4 -> 3)
  Optimizing lut $auto$abc_ops_reintegrate.cc:652:reintegrate$139817.genblk1.genblk1.genblk1.genblk1.genblk1.genblk1.lut0.genblk1.genblk1.genblk1.genblk1.genblk1.lut0 (4 -> 3)
  Optimizing lut $abc$139407$lut$aiger139406$8605.genblk1.genblk1.genblk1.genblk1.genblk1.genblk1.genblk1.lut0.genblk1.genblk1.genblk1.genblk1.genblk1.genblk1.lut0.genblk1.genblk1.genblk1.genblk1.genblk1.lut1 (4 -> 0)
  Optimizing lut $auto$abc_ops_reintegrate.cc:652:reintegrate$139797.genblk1.genblk1.genblk1.genblk1.genblk1.genblk1.genblk1.lut1.genblk1.genblk1.genblk1.genblk1.genblk1.genblk1.lut0.genblk1.genblk1.genblk1.genblk1.genblk1.lut1 (4 -> 2)
  Optimizing lut $abc$139407$lut$aiger139406$8508.genblk1.genblk1.genblk1.genblk1.genblk1.genblk1.lut0.genblk1.genblk1.genblk1.genblk1.genblk1.lut0 (4 -> 0)
  Optimizing lut $auto$abc_ops_reintegrate.cc:652:reintegrate$139816.genblk1.genblk1.genblk1.genblk1.genblk1.genblk1.lut0.genblk1.genblk1.genblk1.genblk1.genblk1.lut0 (4 -> 2)
  Optimizing lut $abc$139407$lut$aiger139406$9396.genblk1.genblk1.genblk1.genblk1.genblk1.genblk1.lut1.genblk1.genblk1.genblk1.genblk1.genblk1.lut0 (4 -> 1)
  Optimizing lut $abc$139407$lut$aiger139406$9396.genblk1.genblk1.genblk1.genblk1.genblk1.genblk1.lut0.genblk1.genblk1.genblk1.genblk1.genblk1.lut0 (4 -> 1)
  Optimizing lut $abc$139407$lut$aiger139406$9405.genblk1.genblk1.genblk1.genblk1.genblk1.genblk1.lut1.genblk1.genblk1.genblk1.genblk1.genblk1.lut0 (4 -> 1)
  Optimizing lut $abc$139407$lut$aiger139406$9405.genblk1.genblk1.genblk1.genblk1.genblk1.genblk1.lut0.genblk1.genblk1.genblk1.genblk1.genblk1.lut0 (4 -> 1)
  Optimizing lut $abc$139407$lut$aiger139406$9417.genblk1.genblk1.genblk1.genblk1.genblk1.genblk1.lut1.genblk1.genblk1.genblk1.genblk1.genblk1.lut0 (4 -> 1)
  Optimizing lut $abc$139407$lut$aiger139406$9417.genblk1.genblk1.genblk1.genblk1.genblk1.genblk1.lut0.genblk1.genblk1.genblk1.genblk1.genblk1.lut0 (4 -> 1)
  Optimizing lut $abc$139407$lut$aiger139406$11576.genblk1.genblk1.genblk1.genblk1.genblk1.genblk1.lut1.genblk1.genblk1.genblk1.genblk1.genblk1.lut0 (4 -> 1)
  Optimizing lut $abc$139407$lut$aiger139406$11576.genblk1.genblk1.genblk1.genblk1.genblk1.genblk1.lut0.genblk1.genblk1.genblk1.genblk1.genblk1.lut0 (4 -> 1)
  Optimizing lut $abc$139407$lut$aiger139406$9354.genblk1.genblk1.genblk1.genblk1.genblk1.genblk1.lut1.genblk1.genblk1.genblk1.genblk1.genblk1.lut0 (4 -> 1)
  Optimizing lut $abc$139407$lut$aiger139406$9354.genblk1.genblk1.genblk1.genblk1.genblk1.genblk1.lut0.genblk1.genblk1.genblk1.genblk1.genblk1.lut0 (4 -> 1)
  Optimizing lut $abc$139407$lut$aiger139406$9363.genblk1.genblk1.genblk1.genblk1.genblk1.genblk1.lut1.genblk1.genblk1.genblk1.genblk1.genblk1.lut0 (4 -> 1)
  Optimizing lut $abc$139407$lut$aiger139406$9363.genblk1.genblk1.genblk1.genblk1.genblk1.genblk1.lut0.genblk1.genblk1.genblk1.genblk1.genblk1.lut0 (4 -> 1)
  Optimizing lut $abc$139407$lut$aiger139406$11609.genblk1.genblk1.genblk1.genblk1.genblk1.genblk1.lut0.genblk1.genblk1.genblk1.genblk1.genblk1.lut0 (4 -> 0)
  Optimizing lut $abc$139407$lut$aiger139406$11620.genblk1.genblk1.genblk1.genblk1.genblk1.lut1 (4 -> 0)
  Optimizing lut $abc$139407$lut$aiger139406$8533.genblk1.genblk1.genblk1.genblk1.genblk1.genblk1.genblk1.lut1.genblk1.genblk1.genblk1.genblk1.genblk1.genblk1.lut0.genblk1.genblk1.genblk1.genblk1.genblk1.lut1 (4 -> 0)
  Optimizing lut $abc$139407$lut$aiger139406$11937.genblk1.genblk1.genblk1.genblk1.genblk1.lut1 (4 -> 3)
  Optimizing lut $abc$139407$lut$aiger139406$8542.genblk1.genblk1.genblk1.genblk1.genblk1.genblk1.genblk1.genblk1.lut1.genblk1.genblk1.genblk1.genblk1.genblk1.genblk1.genblk1.lut0.genblk1.genblk1.genblk1.genblk1.genblk1.genblk1.lut1.genblk1.genblk1.genblk1.genblk1.genblk1.lut0 (4 -> 0)
  Optimizing lut $abc$139407$lut$aiger139406$8542.genblk1.genblk1.genblk1.genblk1.genblk1.genblk1.genblk1.genblk1.lut0.genblk1.genblk1.genblk1.genblk1.genblk1.genblk1.genblk1.lut1.genblk1.genblk1.genblk1.genblk1.genblk1.genblk1.lut1.genblk1.genblk1.genblk1.genblk1.genblk1.lut1 (4 -> 0)
  Optimizing lut $abc$139407$lut$aiger139406$8622.genblk1.genblk1.genblk1.genblk1.genblk1.genblk1.genblk1.lut1.genblk1.genblk1.genblk1.genblk1.genblk1.genblk1.lut0.genblk1.genblk1.genblk1.genblk1.genblk1.lut1 (4 -> 0)
  Optimizing lut $abc$139407$lut$aiger139406$8622.genblk1.genblk1.genblk1.genblk1.genblk1.genblk1.genblk1.lut0.genblk1.genblk1.genblk1.genblk1.genblk1.genblk1.lut0.genblk1.genblk1.genblk1.genblk1.genblk1.lut1 (4 -> 3)
  Optimizing lut $abc$139407$lut$aiger139406$8660.genblk1.genblk1.genblk1.genblk1.genblk1.genblk1.genblk1.genblk1.lut1.genblk1.genblk1.genblk1.genblk1.genblk1.genblk1.genblk1.lut0.genblk1.genblk1.genblk1.genblk1.genblk1.genblk1.lut1.genblk1.genblk1.genblk1.genblk1.genblk1.lut0 (4 -> 1)
  Optimizing lut $abc$139407$lut$aiger139406$8660.genblk1.genblk1.genblk1.genblk1.genblk1.genblk1.genblk1.genblk1.lut1.genblk1.genblk1.genblk1.genblk1.genblk1.genblk1.genblk1.lut1.genblk1.genblk1.genblk1.genblk1.genblk1.genblk1.lut1.genblk1.genblk1.genblk1.genblk1.genblk1.lut1 (4 -> 1)
  Optimizing lut $abc$139407$lut$aiger139406$8660.genblk1.genblk1.genblk1.genblk1.genblk1.genblk1.genblk1.genblk1.lut0.genblk1.genblk1.genblk1.genblk1.genblk1.genblk1.genblk1.lut1.genblk1.genblk1.genblk1.genblk1.genblk1.genblk1.lut1.genblk1.genblk1.genblk1.genblk1.genblk1.lut1 (4 -> 1)
  Optimizing lut $abc$139407$lut$aiger139406$12274.genblk1.genblk1.genblk1.genblk1.genblk1.genblk1.lut0.genblk1.genblk1.genblk1.genblk1.genblk1.lut0 (4 -> 3)
  Optimizing lut $abc$139407$lut$aiger139406$12281.genblk1.genblk1.genblk1.genblk1.genblk1.genblk1.genblk1.lut0.genblk1.genblk1.genblk1.genblk1.genblk1.genblk1.lut0.genblk1.genblk1.genblk1.genblk1.genblk1.lut1 (4 -> 3)
  Optimizing lut $auto$abc_ops_reintegrate.cc:652:reintegrate$139757.genblk1.genblk1.genblk1.genblk1.genblk1.genblk1.genblk1.genblk1.lut1.genblk1.genblk1.genblk1.genblk1.genblk1.genblk1.genblk1.lut0.genblk1.genblk1.genblk1.genblk1.genblk1.genblk1.lut1.genblk1.genblk1.genblk1.genblk1.genblk1.lut0 (4 -> 0)
  Optimizing lut $abc$139407$lut$aiger139406$12290.genblk1.genblk1.genblk1.genblk1.genblk1.lut1 (4 -> 3)
  Optimizing lut $auto$abc_ops_reintegrate.cc:652:reintegrate$139778.genblk1.genblk1.genblk1.genblk1.genblk1.genblk1.lut0.genblk1.genblk1.genblk1.genblk1.genblk1.lut0 (4 -> 2)
  Optimizing lut $auto$abc_ops_reintegrate.cc:652:reintegrate$139757.genblk1.genblk1.genblk1.genblk1.genblk1.genblk1.genblk1.genblk1.lut0.genblk1.genblk1.genblk1.genblk1.genblk1.genblk1.genblk1.lut1.genblk1.genblk1.genblk1.genblk1.genblk1.genblk1.lut1.genblk1.genblk1.genblk1.genblk1.genblk1.lut1 (4 -> 0)
  Optimizing lut $auto$abc_ops_reintegrate.cc:652:reintegrate$139753.genblk1.genblk1.genblk1.genblk1.genblk1.lut1 (4 -> 2)
  Optimizing lut $auto$abc_ops_reintegrate.cc:652:reintegrate$139748.genblk1.genblk1.genblk1.genblk1.genblk1.genblk1.genblk1.genblk1.lut0.genblk1.genblk1.genblk1.genblk1.genblk1.genblk1.genblk1.lut1.genblk1.genblk1.genblk1.genblk1.genblk1.genblk1.lut1.genblk1.genblk1.genblk1.genblk1.genblk1.lut1 (4 -> 0)
  Optimizing lut $auto$abc_ops_reintegrate.cc:652:reintegrate$139747.genblk1.genblk1.genblk1.genblk1.genblk1.genblk1.genblk1.genblk1.lut1.genblk1.genblk1.genblk1.genblk1.genblk1.genblk1.genblk1.lut1.genblk1.genblk1.genblk1.genblk1.genblk1.genblk1.lut1.genblk1.genblk1.genblk1.genblk1.genblk1.lut1 (4 -> 0)
  Optimizing lut $auto$abc_ops_reintegrate.cc:652:reintegrate$139747.genblk1.genblk1.genblk1.genblk1.genblk1.genblk1.genblk1.genblk1.lut0.genblk1.genblk1.genblk1.genblk1.genblk1.genblk1.genblk1.lut1.genblk1.genblk1.genblk1.genblk1.genblk1.genblk1.lut1.genblk1.genblk1.genblk1.genblk1.genblk1.lut1 (4 -> 0)
  Optimizing lut $auto$abc_ops_reintegrate.cc:652:reintegrate$139746.genblk1.genblk1.genblk1.genblk1.genblk1.genblk1.genblk1.genblk1.lut1.genblk1.genblk1.genblk1.genblk1.genblk1.genblk1.genblk1.lut1.genblk1.genblk1.genblk1.genblk1.genblk1.genblk1.lut1.genblk1.genblk1.genblk1.genblk1.genblk1.lut1 (4 -> 0)
  Optimizing lut $auto$abc_ops_reintegrate.cc:652:reintegrate$139746.genblk1.genblk1.genblk1.genblk1.genblk1.genblk1.genblk1.genblk1.lut0.genblk1.genblk1.genblk1.genblk1.genblk1.genblk1.genblk1.lut1.genblk1.genblk1.genblk1.genblk1.genblk1.genblk1.lut1.genblk1.genblk1.genblk1.genblk1.genblk1.lut1 (4 -> 0)
  Optimizing lut $abc$139407$lut$aiger139406$13000.genblk1.genblk1.genblk1.genblk1.genblk1.lut1 (4 -> 3)
  Optimizing lut $abc$139407$lut$aiger139406$13075.genblk1.genblk1.genblk1.genblk1.genblk1.genblk1.lut0.genblk1.genblk1.genblk1.genblk1.genblk1.lut0 (4 -> 1)
  Optimizing lut $abc$139407$lut$aiger139406$13132.genblk1.genblk1.genblk1.genblk1.genblk1.lut1 (4 -> 1)
  Optimizing lut $abc$139407$lut$aiger139406$13140.genblk1.genblk1.genblk1.genblk1.genblk1.genblk1.lut0.genblk1.genblk1.genblk1.genblk1.genblk1.lut0 (4 -> 3)
  Optimizing lut $abc$139407$lut$aiger139406$13192.genblk1.genblk1.genblk1.genblk1.genblk1.genblk1.lut0.genblk1.genblk1.genblk1.genblk1.genblk1.lut0 (4 -> 3)
  Optimizing lut $abc$139407$lut$aiger139406$13198.genblk1.genblk1.genblk1.genblk1.genblk1.genblk1.lut1.genblk1.genblk1.genblk1.genblk1.genblk1.lut0 (4 -> 0)
  Optimizing lut $abc$139407$lut$aiger139406$13210.genblk1.genblk1.genblk1.genblk1.genblk1.genblk1.genblk1.genblk1.lut1.genblk1.genblk1.genblk1.genblk1.genblk1.genblk1.genblk1.lut1.genblk1.genblk1.genblk1.genblk1.genblk1.genblk1.lut1.genblk1.genblk1.genblk1.genblk1.genblk1.lut1 (4 -> 3)
  Optimizing lut $abc$139407$lut$aiger139406$13210.genblk1.genblk1.genblk1.genblk1.genblk1.genblk1.genblk1.genblk1.lut0.genblk1.genblk1.genblk1.genblk1.genblk1.genblk1.genblk1.lut1.genblk1.genblk1.genblk1.genblk1.genblk1.genblk1.lut1.genblk1.genblk1.genblk1.genblk1.genblk1.lut1 (4 -> 3)
  Optimizing lut $abc$139407$lut$aiger139406$13214.genblk1.genblk1.genblk1.genblk1.genblk1.lut1 (4 -> 0)
  Optimizing lut $abc$139407$lut$aiger139406$13250.genblk1.genblk1.genblk1.genblk1.genblk1.genblk1.genblk1.genblk1.lut0.genblk1.genblk1.genblk1.genblk1.genblk1.genblk1.genblk1.lut1.genblk1.genblk1.genblk1.genblk1.genblk1.genblk1.lut1.genblk1.genblk1.genblk1.genblk1.genblk1.lut1 (4 -> 3)
  Optimizing lut $abc$139407$lut$aiger139406$13648.genblk1.genblk1.genblk1.genblk1.genblk1.genblk1.genblk1.lut1.genblk1.genblk1.genblk1.genblk1.genblk1.genblk1.lut0.genblk1.genblk1.genblk1.genblk1.genblk1.lut1 (4 -> 0)
  Optimizing lut $auto$abc_ops_reintegrate.cc:652:reintegrate$139740.genblk1.genblk1.genblk1.genblk1.genblk1.lut1 (4 -> 3)
  Optimizing lut $abc$139407$lut$aiger139406$13655.genblk1.genblk1.genblk1.genblk1.genblk1.genblk1.genblk1.genblk1.lut1.genblk1.genblk1.genblk1.genblk1.genblk1.genblk1.genblk1.lut0.genblk1.genblk1.genblk1.genblk1.genblk1.genblk1.lut1.genblk1.genblk1.genblk1.genblk1.genblk1.lut0 (4 -> 0)
  Optimizing lut $abc$139407$lut$aiger139406$13655.genblk1.genblk1.genblk1.genblk1.genblk1.genblk1.genblk1.genblk1.lut1.genblk1.genblk1.genblk1.genblk1.genblk1.genblk1.genblk1.lut1.genblk1.genblk1.genblk1.genblk1.genblk1.genblk1.lut1.genblk1.genblk1.genblk1.genblk1.genblk1.lut1 (4 -> 0)
  Optimizing lut $abc$139407$lut$aiger139406$13655.genblk1.genblk1.genblk1.genblk1.genblk1.genblk1.genblk1.genblk1.lut0.genblk1.genblk1.genblk1.genblk1.genblk1.genblk1.genblk1.lut1.genblk1.genblk1.genblk1.genblk1.genblk1.genblk1.lut1.genblk1.genblk1.genblk1.genblk1.genblk1.lut1 (4 -> 0)
  Optimizing lut $abc$139407$lut$aiger139406$13662.genblk1.genblk1.genblk1.genblk1.genblk1.genblk1.genblk1.genblk1.lut1.genblk1.genblk1.genblk1.genblk1.genblk1.genblk1.genblk1.lut1.genblk1.genblk1.genblk1.genblk1.genblk1.genblk1.lut1.genblk1.genblk1.genblk1.genblk1.genblk1.lut1 (4 -> 0)
  Optimizing lut $abc$139407$lut$aiger139406$13662.genblk1.genblk1.genblk1.genblk1.genblk1.genblk1.genblk1.genblk1.lut0.genblk1.genblk1.genblk1.genblk1.genblk1.genblk1.genblk1.lut1.genblk1.genblk1.genblk1.genblk1.genblk1.genblk1.lut1.genblk1.genblk1.genblk1.genblk1.genblk1.lut1 (4 -> 0)
  Optimizing lut $abc$139407$lut$aiger139406$13683.genblk1.genblk1.genblk1.genblk1.genblk1.genblk1.genblk1.genblk1.lut0.genblk1.genblk1.genblk1.genblk1.genblk1.genblk1.genblk1.lut1.genblk1.genblk1.genblk1.genblk1.genblk1.genblk1.lut1.genblk1.genblk1.genblk1.genblk1.genblk1.lut1 (4 -> 0)
  Optimizing lut $abc$139407$lut$aiger139406$13690.genblk1.genblk1.genblk1.genblk1.genblk1.genblk1.genblk1.genblk1.lut0.genblk1.genblk1.genblk1.genblk1.genblk1.genblk1.genblk1.lut1.genblk1.genblk1.genblk1.genblk1.genblk1.genblk1.lut1.genblk1.genblk1.genblk1.genblk1.genblk1.lut1 (4 -> 0)
  Optimizing lut $abc$139407$lut$aiger139406$13697.genblk1.genblk1.genblk1.genblk1.genblk1.genblk1.genblk1.genblk1.lut0.genblk1.genblk1.genblk1.genblk1.genblk1.genblk1.genblk1.lut1.genblk1.genblk1.genblk1.genblk1.genblk1.genblk1.lut1.genblk1.genblk1.genblk1.genblk1.genblk1.lut1 (4 -> 0)
  Optimizing lut $abc$139407$lut$aiger139406$13703.genblk1.genblk1.genblk1.genblk1.genblk1.genblk1.genblk1.lut0.genblk1.genblk1.genblk1.genblk1.genblk1.genblk1.lut0.genblk1.genblk1.genblk1.genblk1.genblk1.lut1 (4 -> 0)
  Optimizing lut $abc$139407$lut$aiger139406$13855.genblk1.genblk1.genblk1.genblk1.genblk1.genblk1.genblk1.genblk1.lut1.genblk1.genblk1.genblk1.genblk1.genblk1.genblk1.genblk1.lut0.genblk1.genblk1.genblk1.genblk1.genblk1.genblk1.lut1.genblk1.genblk1.genblk1.genblk1.genblk1.lut0 (4 -> 3)
  Optimizing lut $auto$abc_ops_reintegrate.cc:652:reintegrate$139727.genblk1.genblk1.genblk1.genblk1.genblk1.genblk1.lut1.genblk1.genblk1.genblk1.genblk1.genblk1.lut0 (4 -> 0)
  Optimizing lut $auto$abc_ops_reintegrate.cc:652:reintegrate$139727.genblk1.genblk1.genblk1.genblk1.genblk1.genblk1.lut0.genblk1.genblk1.genblk1.genblk1.genblk1.lut0 (4 -> 0)
  Optimizing lut $abc$139407$lut$aiger139406$13855.genblk1.genblk1.genblk1.genblk1.genblk1.genblk1.genblk1.genblk1.lut0.genblk1.genblk1.genblk1.genblk1.genblk1.genblk1.genblk1.lut1.genblk1.genblk1.genblk1.genblk1.genblk1.genblk1.lut1.genblk1.genblk1.genblk1.genblk1.genblk1.lut1 (4 -> 3)
  Optimizing lut $abc$139407$lut$aiger139406$13901.genblk1.genblk1.genblk1.genblk1.genblk1.genblk1.lut0.genblk1.genblk1.genblk1.genblk1.genblk1.lut0 (4 -> 3)
  Optimizing lut $abc$139407$lut$aiger139406$13918.genblk1.genblk1.genblk1.genblk1.genblk1.genblk1.genblk1.genblk1.lut0.genblk1.genblk1.genblk1.genblk1.genblk1.genblk1.genblk1.lut1.genblk1.genblk1.genblk1.genblk1.genblk1.genblk1.lut1.genblk1.genblk1.genblk1.genblk1.genblk1.lut1 (4 -> 1)
  Optimizing lut $auto$abc_ops_reintegrate.cc:652:reintegrate$139717.genblk1.genblk1.genblk1.genblk1.genblk1.lut1 (4 -> 0)
  Optimizing lut $abc$139407$lut$aiger139406$14016.genblk1.genblk1.genblk1.genblk1.genblk1.genblk1.lut1.genblk1.genblk1.genblk1.genblk1.genblk1.lut0 (4 -> 3)
  Optimizing lut $abc$139407$lut$aiger139406$14016.genblk1.genblk1.genblk1.genblk1.genblk1.genblk1.lut0.genblk1.genblk1.genblk1.genblk1.genblk1.lut0 (4 -> 2)
  Optimizing lut $abc$139407$lut$aiger139406$14216.genblk1.genblk1.genblk1.genblk1.genblk1.lut1 (4 -> 0)
  Optimizing lut $abc$139407$lut$aiger139406$9387.genblk1.genblk1.genblk1.genblk1.genblk1.genblk1.genblk1.genblk1.lut0.genblk1.genblk1.genblk1.genblk1.genblk1.genblk1.genblk1.lut1.genblk1.genblk1.genblk1.genblk1.genblk1.genblk1.lut1.genblk1.genblk1.genblk1.genblk1.genblk1.lut1 (4 -> 3)
  Optimizing lut $abc$139407$lut$aiger139406$14383.genblk1.genblk1.genblk1.genblk1.genblk1.genblk1.lut1.genblk1.genblk1.genblk1.genblk1.genblk1.lut0 (4 -> 0)
  Optimizing lut $abc$139407$lut$aiger139406$14383.genblk1.genblk1.genblk1.genblk1.genblk1.genblk1.lut0.genblk1.genblk1.genblk1.genblk1.genblk1.lut0 (4 -> 0)
  Optimizing lut $abc$139407$lut$aiger139406$14607.genblk1.genblk1.genblk1.genblk1.genblk1.genblk1.lut0.genblk1.genblk1.genblk1.genblk1.genblk1.lut0 (4 -> 0)
  Optimizing lut $abc$139407$lut$aiger139406$14619.genblk1.genblk1.genblk1.genblk1.genblk1.genblk1.lut1.genblk1.genblk1.genblk1.genblk1.genblk1.lut0 (4 -> 1)
  Optimizing lut $abc$139407$lut$aiger139406$14619.genblk1.genblk1.genblk1.genblk1.genblk1.genblk1.lut0.genblk1.genblk1.genblk1.genblk1.genblk1.lut0 (4 -> 1)
  Optimizing lut $abc$139407$lut$aiger139406$14646.genblk1.genblk1.genblk1.genblk1.genblk1.lut1 (4 -> 0)
  Optimizing lut $abc$139407$lut$aiger139406$14824.genblk1.genblk1.genblk1.genblk1.genblk1.genblk1.genblk1.lut1.genblk1.genblk1.genblk1.genblk1.genblk1.genblk1.lut0.genblk1.genblk1.genblk1.genblk1.genblk1.lut1 (4 -> 0)
  Optimizing lut $abc$139407$lut$aiger139406$14824.genblk1.genblk1.genblk1.genblk1.genblk1.genblk1.genblk1.lut0.genblk1.genblk1.genblk1.genblk1.genblk1.genblk1.lut0.genblk1.genblk1.genblk1.genblk1.genblk1.lut1 (4 -> 0)
  Optimizing lut $abc$139407$lut$aiger139406$15161.genblk1.genblk1.genblk1.genblk1.genblk1.genblk1.genblk1.lut1.genblk1.genblk1.genblk1.genblk1.genblk1.genblk1.lut0.genblk1.genblk1.genblk1.genblk1.genblk1.lut1 (4 -> 0)
  Optimizing lut $abc$139407$lut$aiger139406$14831.genblk1.genblk1.genblk1.genblk1.genblk1.genblk1.lut1.genblk1.genblk1.genblk1.genblk1.genblk1.lut0 (4 -> 0)
  Optimizing lut $abc$139407$lut$aiger139406$14831.genblk1.genblk1.genblk1.genblk1.genblk1.genblk1.lut0.genblk1.genblk1.genblk1.genblk1.genblk1.lut0 (4 -> 0)
  Optimizing lut $abc$139407$lut$aiger139406$14925.genblk1.genblk1.genblk1.genblk1.genblk1.genblk1.lut1.genblk1.genblk1.genblk1.genblk1.genblk1.lut0 (4 -> 0)
  Optimizing lut $abc$139407$lut$aiger139406$14932.genblk1.genblk1.genblk1.genblk1.genblk1.genblk1.lut1.genblk1.genblk1.genblk1.genblk1.genblk1.lut0 (4 -> 0)
  Optimizing lut $abc$139407$lut$aiger139406$14932.genblk1.genblk1.genblk1.genblk1.genblk1.genblk1.lut0.genblk1.genblk1.genblk1.genblk1.genblk1.lut0 (4 -> 0)
  Optimizing lut $abc$139407$lut$aiger139406$15096.genblk1.genblk1.genblk1.genblk1.genblk1.genblk1.lut0.genblk1.genblk1.genblk1.genblk1.genblk1.lut0 (4 -> 2)
  Optimizing lut $abc$139407$lut$aiger139406$15151.genblk1.genblk1.genblk1.genblk1.genblk1.genblk1.lut0.genblk1.genblk1.genblk1.genblk1.genblk1.lut0 (4 -> 2)
  Optimizing lut $abc$139407$lut$aiger139406$15161.genblk1.genblk1.genblk1.genblk1.genblk1.genblk1.genblk1.lut0.genblk1.genblk1.genblk1.genblk1.genblk1.genblk1.lut0.genblk1.genblk1.genblk1.genblk1.genblk1.lut1 (4 -> 0)
  Optimizing lut $abc$139407$lut$aiger139406$15175.genblk1.genblk1.genblk1.genblk1.genblk1.genblk1.genblk1.genblk1.lut1.genblk1.genblk1.genblk1.genblk1.genblk1.genblk1.genblk1.lut0.genblk1.genblk1.genblk1.genblk1.genblk1.genblk1.lut1.genblk1.genblk1.genblk1.genblk1.genblk1.lut0 (4 -> 0)
  Optimizing lut $abc$139407$lut$aiger139406$15175.genblk1.genblk1.genblk1.genblk1.genblk1.genblk1.genblk1.genblk1.lut0.genblk1.genblk1.genblk1.genblk1.genblk1.genblk1.genblk1.lut1.genblk1.genblk1.genblk1.genblk1.genblk1.genblk1.lut1.genblk1.genblk1.genblk1.genblk1.genblk1.lut1 (4 -> 0)
  Optimizing lut $abc$139407$lut$aiger139406$15182.genblk1.genblk1.genblk1.genblk1.genblk1.genblk1.genblk1.genblk1.lut1.genblk1.genblk1.genblk1.genblk1.genblk1.genblk1.genblk1.lut1.genblk1.genblk1.genblk1.genblk1.genblk1.genblk1.lut1.genblk1.genblk1.genblk1.genblk1.genblk1.lut1 (4 -> 0)
  Optimizing lut $abc$139407$lut$aiger139406$15182.genblk1.genblk1.genblk1.genblk1.genblk1.genblk1.genblk1.genblk1.lut0.genblk1.genblk1.genblk1.genblk1.genblk1.genblk1.genblk1.lut1.genblk1.genblk1.genblk1.genblk1.genblk1.genblk1.lut1.genblk1.genblk1.genblk1.genblk1.genblk1.lut1 (4 -> 0)
  Optimizing lut $auto$abc_ops_reintegrate.cc:652:reintegrate$139675.genblk1.genblk1.genblk1.genblk1.genblk1.genblk1.lut0.genblk1.genblk1.genblk1.genblk1.genblk1.lut0 (4 -> 0)
  Optimizing lut $abc$139407$lut$aiger139406$15355.genblk1.genblk1.genblk1.genblk1.genblk1.lut1 (4 -> 3)
  Optimizing lut $auto$abc_ops_reintegrate.cc:652:reintegrate$139671.genblk1.genblk1.genblk1.genblk1.genblk1.genblk1.lut0.genblk1.genblk1.genblk1.genblk1.genblk1.lut0 (4 -> 0)
  Optimizing lut $abc$139407$lut$aiger139406$15527.genblk1.genblk1.genblk1.genblk1.genblk1.genblk1.lut0.genblk1.genblk1.genblk1.genblk1.genblk1.lut0 (4 -> 2)
  Optimizing lut $auto$abc_ops_reintegrate.cc:652:reintegrate$139665.genblk1.genblk1.genblk1.genblk1.genblk1.genblk1.lut1.genblk1.genblk1.genblk1.genblk1.genblk1.lut0 (4 -> 0)
  Optimizing lut $auto$abc_ops_reintegrate.cc:652:reintegrate$139665.genblk1.genblk1.genblk1.genblk1.genblk1.genblk1.lut0.genblk1.genblk1.genblk1.genblk1.genblk1.lut0 (4 -> 0)
  Optimizing lut $auto$abc_ops_reintegrate.cc:652:reintegrate$139655.genblk1.genblk1.genblk1.genblk1.genblk1.genblk1.lut0.genblk1.genblk1.genblk1.genblk1.genblk1.lut0 (4 -> 2)
  Optimizing lut $abc$139407$lut$aiger139406$15874.genblk1.genblk1.genblk1.genblk1.genblk1.genblk1.lut0.genblk1.genblk1.genblk1.genblk1.genblk1.lut0 (4 -> 2)
  Optimizing lut $auto$abc_ops_reintegrate.cc:652:reintegrate$139654.genblk1.genblk1.genblk1.genblk1.genblk1.genblk1.lut1.genblk1.genblk1.genblk1.genblk1.genblk1.lut0 (4 -> 0)
  Optimizing lut $auto$abc_ops_reintegrate.cc:652:reintegrate$139654.genblk1.genblk1.genblk1.genblk1.genblk1.genblk1.lut0.genblk1.genblk1.genblk1.genblk1.genblk1.lut0 (4 -> 0)
  Optimizing lut $abc$139407$lut$aiger139406$16099.genblk1.genblk1.genblk1.genblk1.genblk1.genblk1.lut1.genblk1.genblk1.genblk1.genblk1.genblk1.lut0 (4 -> 3)
  Optimizing lut $abc$139407$lut$aiger139406$16099.genblk1.genblk1.genblk1.genblk1.genblk1.genblk1.lut0.genblk1.genblk1.genblk1.genblk1.genblk1.lut0 (4 -> 2)
  Optimizing lut $auto$abc_ops_reintegrate.cc:652:reintegrate$139643.genblk1.genblk1.genblk1.genblk1.genblk1.genblk1.genblk1.lut1.genblk1.genblk1.genblk1.genblk1.genblk1.genblk1.lut0.genblk1.genblk1.genblk1.genblk1.genblk1.lut1 (4 -> 3)
  Optimizing lut $auto$abc_ops_reintegrate.cc:652:reintegrate$139608.genblk1.genblk1.genblk1.genblk1.genblk1.genblk1.genblk1.lut1.genblk1.genblk1.genblk1.genblk1.genblk1.genblk1.lut0.genblk1.genblk1.genblk1.genblk1.genblk1.lut1 (4 -> 0)
  Optimizing lut $auto$abc_ops_reintegrate.cc:652:reintegrate$139642.genblk1.genblk1.genblk1.genblk1.genblk1.genblk1.lut0.genblk1.genblk1.genblk1.genblk1.genblk1.lut0 (4 -> 2)
  Optimizing lut $abc$139407$lut$aiger139406$16593.genblk1.genblk1.genblk1.genblk1.genblk1.genblk1.lut0.genblk1.genblk1.genblk1.genblk1.genblk1.lut0 (4 -> 2)
  Optimizing lut $auto$abc_ops_reintegrate.cc:652:reintegrate$139630.genblk1.genblk1.genblk1.genblk1.genblk1.genblk1.lut1.genblk1.genblk1.genblk1.genblk1.genblk1.lut0 (4 -> 0)
  Optimizing lut $auto$abc_ops_reintegrate.cc:652:reintegrate$139630.genblk1.genblk1.genblk1.genblk1.genblk1.genblk1.lut0.genblk1.genblk1.genblk1.genblk1.genblk1.lut0 (4 -> 0)
  Optimizing lut $abc$139407$lut$aiger139406$17542.genblk1.genblk1.genblk1.genblk1.genblk1.genblk1.genblk1.lut1.genblk1.genblk1.genblk1.genblk1.genblk1.genblk1.lut0.genblk1.genblk1.genblk1.genblk1.genblk1.lut1 (4 -> 0)
  Optimizing lut $auto$abc_ops_reintegrate.cc:652:reintegrate$139562.genblk1.genblk1.genblk1.genblk1.genblk1.genblk1.genblk1.genblk1.lut1.genblk1.genblk1.genblk1.genblk1.genblk1.genblk1.genblk1.lut0.genblk1.genblk1.genblk1.genblk1.genblk1.genblk1.lut1.genblk1.genblk1.genblk1.genblk1.genblk1.lut0 (4 -> 3)
  Optimizing lut $auto$abc_ops_reintegrate.cc:652:reintegrate$139601.genblk1.genblk1.genblk1.genblk1.genblk1.genblk1.lut0.genblk1.genblk1.genblk1.genblk1.genblk1.lut0 (4 -> 3)
  Optimizing lut $auto$abc_ops_reintegrate.cc:652:reintegrate$139587.genblk1.genblk1.genblk1.genblk1.genblk1.genblk1.lut0.genblk1.genblk1.genblk1.genblk1.genblk1.lut0 (4 -> 2)
  Optimizing lut $abc$139407$lut$aiger139406$17874.genblk1.genblk1.genblk1.genblk1.genblk1.lut1 (4 -> 3)
  Optimizing lut $abc$139407$lut$aiger139406$17970.genblk1.genblk1.genblk1.genblk1.genblk1.genblk1.lut0.genblk1.genblk1.genblk1.genblk1.genblk1.lut0 (4 -> 2)
  Optimizing lut $auto$abc_ops_reintegrate.cc:652:reintegrate$139584.genblk1.genblk1.genblk1.genblk1.genblk1.genblk1.lut0.genblk1.genblk1.genblk1.genblk1.genblk1.lut0 (4 -> 2)
  Optimizing lut $abc$139407$lut$aiger139406$18193.genblk1.genblk1.genblk1.genblk1.genblk1.genblk1.lut0.genblk1.genblk1.genblk1.genblk1.genblk1.lut0 (4 -> 3)
  Optimizing lut $abc$139407$lut$aiger139406$18211.genblk1.genblk1.genblk1.genblk1.genblk1.genblk1.lut1.genblk1.genblk1.genblk1.genblk1.genblk1.lut0 (4 -> 1)
  Optimizing lut $auto$abc_ops_reintegrate.cc:652:reintegrate$139570.genblk1.genblk1.genblk1.genblk1.genblk1.genblk1.lut1.genblk1.genblk1.genblk1.genblk1.genblk1.lut0 (4 -> 2)
  Optimizing lut $auto$abc_ops_reintegrate.cc:652:reintegrate$139570.genblk1.genblk1.genblk1.genblk1.genblk1.genblk1.lut0.genblk1.genblk1.genblk1.genblk1.genblk1.lut0 (4 -> 2)
  Optimizing lut $abc$139407$lut$aiger139406$18312.genblk1.genblk1.genblk1.genblk1.genblk1.lut1 (4 -> 3)
  Optimizing lut $abc$139407$lut$aiger139406$18564.genblk1.genblk1.genblk1.genblk1.genblk1.genblk1.lut0.genblk1.genblk1.genblk1.genblk1.genblk1.lut0 (4 -> 2)
  Optimizing lut $auto$abc_ops_reintegrate.cc:652:reintegrate$139562.genblk1.genblk1.genblk1.genblk1.genblk1.genblk1.genblk1.genblk1.lut0.genblk1.genblk1.genblk1.genblk1.genblk1.genblk1.genblk1.lut1.genblk1.genblk1.genblk1.genblk1.genblk1.genblk1.lut1.genblk1.genblk1.genblk1.genblk1.genblk1.lut1 (4 -> 2)
  Optimizing lut $abc$139407$lut$aiger139406$18662.genblk1.genblk1.genblk1.genblk1.genblk1.genblk1.lut0.genblk1.genblk1.genblk1.genblk1.genblk1.lut0 (4 -> 2)
  Optimizing lut $auto$abc_ops_reintegrate.cc:652:reintegrate$139554.genblk1.genblk1.genblk1.genblk1.genblk1.genblk1.genblk1.genblk1.lut0.genblk1.genblk1.genblk1.genblk1.genblk1.genblk1.genblk1.lut1.genblk1.genblk1.genblk1.genblk1.genblk1.genblk1.lut1.genblk1.genblk1.genblk1.genblk1.genblk1.lut1 (4 -> 2)
  Optimizing lut $auto$abc_ops_reintegrate.cc:652:reintegrate$139541.genblk1.genblk1.genblk1.genblk1.genblk1.genblk1.lut0.genblk1.genblk1.genblk1.genblk1.genblk1.lut0 (4 -> 2)
  Optimizing lut $abc$139407$lut$aiger139406$19193.genblk1.genblk1.genblk1.genblk1.genblk1.lut1 (4 -> 3)
  Optimizing lut $auto$abc_ops_reintegrate.cc:652:reintegrate$139538.genblk1.genblk1.genblk1.genblk1.genblk1.genblk1.genblk1.genblk1.lut1.genblk1.genblk1.genblk1.genblk1.genblk1.genblk1.genblk1.lut1.genblk1.genblk1.genblk1.genblk1.genblk1.genblk1.lut1.genblk1.genblk1.genblk1.genblk1.genblk1.lut1 (4 -> 2)
  Optimizing lut $auto$abc_ops_reintegrate.cc:652:reintegrate$139530.genblk1.genblk1.genblk1.genblk1.genblk1.genblk1.genblk1.genblk1.lut0.genblk1.genblk1.genblk1.genblk1.genblk1.genblk1.genblk1.lut1.genblk1.genblk1.genblk1.genblk1.genblk1.genblk1.lut1.genblk1.genblk1.genblk1.genblk1.genblk1.lut1 (4 -> 2)
  Optimizing lut $abc$139407$lut$aiger139406$20388.genblk1.genblk1.genblk1.genblk1.genblk1.genblk1.genblk1.lut1.genblk1.genblk1.genblk1.genblk1.genblk1.genblk1.lut0.genblk1.genblk1.genblk1.genblk1.genblk1.lut1 (4 -> 0)
  Optimizing lut $abc$139407$lut$aiger139406$19821.genblk1.genblk1.genblk1.genblk1.genblk1.genblk1.lut0.genblk1.genblk1.genblk1.genblk1.genblk1.lut0 (4 -> 0)
  Optimizing lut $abc$139407$lut$aiger139406$19842.genblk1.genblk1.genblk1.genblk1.genblk1.genblk1.lut0.genblk1.genblk1.genblk1.genblk1.genblk1.lut0 (4 -> 0)
  Optimizing lut $auto$abc_ops_reintegrate.cc:652:reintegrate$139503.genblk1.genblk1.genblk1.genblk1.genblk1.genblk1.lut0.genblk1.genblk1.genblk1.genblk1.genblk1.lut0 (4 -> 1)
  Optimizing lut $auto$abc_ops_reintegrate.cc:652:reintegrate$139497.genblk1.genblk1.genblk1.genblk1.genblk1.genblk1.lut0.genblk1.genblk1.genblk1.genblk1.genblk1.lut0 (4 -> 1)
  Optimizing lut $abc$139407$lut$aiger139406$20360.genblk1.genblk1.genblk1.genblk1.genblk1.lut1 (4 -> 1)
  Optimizing lut $auto$abc_ops_reintegrate.cc:652:reintegrate$139493.genblk1.genblk1.genblk1.genblk1.genblk1.genblk1.genblk1.genblk1.lut1.genblk1.genblk1.genblk1.genblk1.genblk1.genblk1.genblk1.lut0.genblk1.genblk1.genblk1.genblk1.genblk1.genblk1.lut1.genblk1.genblk1.genblk1.genblk1.genblk1.lut0 (4 -> 2)
  Optimizing lut $auto$abc_ops_reintegrate.cc:652:reintegrate$139493.genblk1.genblk1.genblk1.genblk1.genblk1.genblk1.genblk1.genblk1.lut0.genblk1.genblk1.genblk1.genblk1.genblk1.genblk1.genblk1.lut1.genblk1.genblk1.genblk1.genblk1.genblk1.genblk1.lut1.genblk1.genblk1.genblk1.genblk1.genblk1.lut1 (4 -> 2)
  Optimizing lut $abc$139407$lut$aiger139406$20649.genblk1.genblk1.genblk1.genblk1.genblk1.genblk1.lut0.genblk1.genblk1.genblk1.genblk1.genblk1.lut0 (4 -> 0)
  Optimizing lut $abc$139407$lut$aiger139406$21290.genblk1.genblk1.genblk1.genblk1.genblk1.genblk1.lut0.genblk1.genblk1.genblk1.genblk1.genblk1.lut0 (4 -> 0)
  Optimizing lut $auto$abc_ops_reintegrate.cc:652:reintegrate$139462.genblk1.genblk1.genblk1.genblk1.genblk1.lut1 (4 -> 0)
  Optimizing lut $abc$139407$lut$aiger139406$21457.genblk1.genblk1.genblk1.genblk1.genblk1.genblk1.lut0.genblk1.genblk1.genblk1.genblk1.genblk1.lut0 (4 -> 0)
  Optimizing lut $auto$abc_ops_reintegrate.cc:652:reintegrate$139457.genblk1.genblk1.genblk1.genblk1.genblk1.lut1 (4 -> 0)
  Optimizing lut $abc$139407$lut$aiger139406$21529.genblk1.genblk1.genblk1.genblk1.genblk1.genblk1.lut0.genblk1.genblk1.genblk1.genblk1.genblk1.lut0 (4 -> 2)
  Optimizing lut $auto$abc_ops_reintegrate.cc:652:reintegrate$139454.genblk1.genblk1.genblk1.genblk1.genblk1.genblk1.lut0.genblk1.genblk1.genblk1.genblk1.genblk1.lut0 (4 -> 0)
  Optimizing lut $abc$139407$lut$aiger139406$21566.genblk1.genblk1.genblk1.genblk1.genblk1.lut1 (4 -> 3)
  Optimizing lut $abc$139407$lut$aiger139406$21577.genblk1.genblk1.genblk1.genblk1.genblk1.genblk1.lut0.genblk1.genblk1.genblk1.genblk1.genblk1.lut0 (4 -> 3)
  Optimizing lut $abc$139407$lut$aiger139406$21586.genblk1.genblk1.genblk1.genblk1.genblk1.genblk1.lut1.genblk1.genblk1.genblk1.genblk1.genblk1.lut0 (4 -> 0)
  Optimizing lut $abc$139407$lut$aiger139406$21599.genblk1.genblk1.genblk1.genblk1.genblk1.genblk1.lut1.genblk1.genblk1.genblk1.genblk1.genblk1.lut0 (4 -> 3)
  Optimizing lut $abc$139407$lut$aiger139406$21608.genblk1.genblk1.genblk1.genblk1.genblk1.genblk1.lut0.genblk1.genblk1.genblk1.genblk1.genblk1.lut0 (4 -> 0)
  Optimizing lut $auto$abc_ops_reintegrate.cc:652:reintegrate$139432.genblk1.genblk1.genblk1.genblk1.genblk1.genblk1.genblk1.lut1.genblk1.genblk1.genblk1.genblk1.genblk1.genblk1.lut0.genblk1.genblk1.genblk1.genblk1.genblk1.lut1 (4 -> 0)
  Optimizing lut $abc$139407$lut$aiger139406$22399.genblk1.genblk1.genblk1.genblk1.genblk1.genblk1.genblk1.genblk1.lut0.genblk1.genblk1.genblk1.genblk1.genblk1.genblk1.genblk1.lut1.genblk1.genblk1.genblk1.genblk1.genblk1.genblk1.lut1.genblk1.genblk1.genblk1.genblk1.genblk1.lut1 (4 -> 0)
  Optimizing lut $abc$139407$lut$aiger139406$9541.genblk1.genblk1.genblk1.genblk1.genblk1.genblk1.lut1.genblk1.genblk1.genblk1.genblk1.genblk1.lut0 (4 -> 0)
  Optimizing lut $abc$139407$lut$aiger139406$9713.genblk1.genblk1.genblk1.genblk1.genblk1.genblk1.genblk1.genblk1.lut1.genblk1.genblk1.genblk1.genblk1.genblk1.genblk1.genblk1.lut1.genblk1.genblk1.genblk1.genblk1.genblk1.genblk1.lut1.genblk1.genblk1.genblk1.genblk1.genblk1.lut1 (4 -> 0)
  Optimizing lut $auto$abc_ops_reintegrate.cc:652:reintegrate$139410.genblk1.genblk1.genblk1.genblk1.genblk1.lut1 (4 -> 3)
  Optimizing lut $auto$abc_ops_reintegrate.cc:652:reintegrate$139409.genblk1.genblk1.genblk1.genblk1.genblk1.genblk1.lut0.genblk1.genblk1.genblk1.genblk1.genblk1.lut0 (4 -> 3)
  Optimizing lut $abc$139407$lut$aiger139406$10080.genblk1.genblk1.genblk1.genblk1.genblk1.lut1 (4 -> 3)
  Optimizing lut $abc$139407$lut$aiger$o10776.genblk1.genblk1.genblk1.genblk1.genblk1.genblk1.lut0.genblk1.genblk1.genblk1.genblk1.genblk1.lut0 (4 -> 1)
  Optimizing lut $abc$139407$lut$aiger$o12020.genblk1.genblk1.genblk1.genblk1.genblk1.genblk1.lut0.genblk1.genblk1.genblk1.genblk1.genblk1.lut0 (4 -> 3)
  Optimizing lut $abc$139407$lut$aiger139406$21748.genblk1.genblk1.genblk1.genblk1.genblk1.genblk1.lut0.genblk1.genblk1.genblk1.genblk1.genblk1.lut0 (4 -> 1)
  Optimizing lut $abc$139407$lut$aiger$o15489.genblk1.genblk1.genblk1.genblk1.genblk1.genblk1.lut0.genblk1.genblk1.genblk1.genblk1.genblk1.lut0 (4 -> 3)
  Optimizing lut $abc$139407$lut$aiger$o15476.genblk1.genblk1.genblk1.genblk1.genblk1.genblk1.lut0.genblk1.genblk1.genblk1.genblk1.genblk1.lut0 (4 -> 3)
  Optimizing lut $abc$139407$lut$aiger$o14722.genblk1.genblk1.genblk1.genblk1.genblk1.lut1 (4 -> 1)
  Optimizing lut $abc$139407$lut$aiger$o13583.genblk1.genblk1.genblk1.genblk1.genblk1.genblk1.genblk1.lut1.genblk1.genblk1.genblk1.genblk1.genblk1.genblk1.lut0.genblk1.genblk1.genblk1.genblk1.genblk1.lut1 (4 -> 0)
  Optimizing lut $abc$139407$lut$aiger$o13596.genblk1.genblk1.genblk1.genblk1.genblk1.genblk1.genblk1.lut1.genblk1.genblk1.genblk1.genblk1.genblk1.genblk1.lut0.genblk1.genblk1.genblk1.genblk1.genblk1.lut1 (4 -> 0)
  Optimizing lut $abc$139407$lut$aiger$o14530.genblk1.genblk1.genblk1.genblk1.genblk1.genblk1.lut0.genblk1.genblk1.genblk1.genblk1.genblk1.lut1 (4 -> 1)
  Optimizing lut $abc$139407$lut$aiger$o14530.genblk1.genblk1.genblk1.genblk1.genblk1.genblk1.lut0.genblk1.genblk1.genblk1.genblk1.genblk1.lut0 (4 -> 1)
  Optimizing lut $abc$139407$lut$aiger139406$14487.genblk1.genblk1.genblk1.genblk1.genblk1.lut1 (4 -> 3)
  Optimizing lut $abc$139407$lut$aiger139406$15503.genblk1.genblk1.genblk1.genblk1.genblk1.lut0 (4 -> 1)
  Optimizing lut $abc$139407$lut$aiger139406$13169.genblk1.genblk1.genblk1.genblk1.genblk1.lut0 (4 -> 1)
  Optimizing lut $abc$139407$lut$aiger$o13591.genblk1.genblk1.genblk1.genblk1.genblk1.lut0 (4 -> 1)
  Optimizing lut $abc$139407$lut$aiger139406$15335.genblk1.genblk1.genblk1.genblk1.genblk1.lut0 (4 -> 1)
  Optimizing lut $abc$139407$lut$aiger139406$14299.genblk1.genblk1.genblk1.genblk1.genblk1.lut0 (4 -> 0)
  Optimizing lut $abc$139407$lut$aiger$o13557.genblk1.genblk1.genblk1.genblk1.genblk1.lut0 (4 -> 3)
  Optimizing lut $abc$139407$lut$aiger139406$12627.genblk1.genblk1.genblk1.genblk1.genblk1.lut0 (4 -> 1)
  Optimizing lut $abc$139407$lut$aiger$o13788.genblk1.genblk1.genblk1.genblk1.genblk1.lut0 (4 -> 1)
  Optimizing lut $abc$139407$lut$aiger$o14188.genblk1.genblk1.genblk1.genblk1.genblk1.lut0 (4 -> 1)
  Optimizing lut $abc$139407$lut$aiger139406$17238.genblk1.genblk1.genblk1.genblk1.genblk1.lut0 (4 -> 0)
  Optimizing lut $abc$139407$lut$aiger$o15248.genblk1.genblk1.genblk1.genblk1.genblk1.lut0 (4 -> 1)
  Optimizing lut $abc$139407$lut$aiger$o15575.genblk1.genblk1.genblk1.genblk1.genblk1.lut0 (4 -> 1)
  Optimizing lut $abc$139407$lut$aiger139406$17452.genblk1.genblk1.genblk1.genblk1.genblk1.lut0 (4 -> 0)
  Optimizing lut $abc$139407$lut$aiger139406$11953.genblk1.genblk1.genblk1.genblk1.genblk1.lut0 (4 -> 1)
  Optimizing lut $abc$139407$lut$aiger139406$14874.genblk1.genblk1.genblk1.genblk1.genblk1.lut0 (4 -> 1)
  Optimizing lut $abc$139407$lut$aiger$o15065.genblk1.genblk1.genblk1.genblk1.genblk1.lut0 (4 -> 1)
  Optimizing lut $abc$139407$lut$aiger$o13321.genblk1.genblk1.genblk1.genblk1.genblk1.lut0 (4 -> 0)
  Optimizing lut $abc$139407$lut$aiger139406$14784.genblk1.genblk1.genblk1.genblk1.genblk1.lut0 (4 -> 0)
  Optimizing lut $abc$139407$lut$aiger139406$13446.genblk1.genblk1.genblk1.genblk1.genblk1.lut0 (4 -> 0)
  Optimizing lut $abc$139407$lut$aiger139406$14725.genblk1.genblk1.genblk1.genblk1.genblk1.lut0 (4 -> 0)
  Optimizing lut $abc$139407$lut$aiger139406$13336.genblk1.genblk1.genblk1.genblk1.genblk1.lut0 (4 -> 1)
  Optimizing lut $abc$139407$lut$aiger$o15650.genblk1.genblk1.genblk1.genblk1.genblk1.lut0 (4 -> 3)
  Optimizing lut $abc$139407$lut$aiger$o12079.genblk1.genblk1.genblk1.genblk1.genblk1.lut0 (4 -> 2)
  Optimizing lut $abc$139407$lut$aiger139406$10088.genblk1.genblk1.genblk1.genblk1.genblk1.lut0 (4 -> 3)
  Optimizing lut $abc$139407$lut$aiger139406$22399.genblk1.genblk1.genblk1.genblk1.genblk1.genblk1.genblk1.genblk1.lut0.genblk1.genblk1.genblk1.genblk1.genblk1.genblk1.genblk1.lut0.genblk1.genblk1.genblk1.genblk1.genblk1.genblk1.lut0.genblk1.genblk1.genblk1.genblk1.genblk1.lut1 (4 -> 0)
  Optimizing lut $auto$abc_ops_reintegrate.cc:652:reintegrate$139426.genblk1.genblk1.genblk1.genblk1.genblk1.lut0 (4 -> 2)
  Optimizing lut $auto$abc_ops_reintegrate.cc:652:reintegrate$139435.genblk1.genblk1.genblk1.genblk1.genblk1.lut0 (4 -> 2)
  Optimizing lut $abc$139407$lut$aiger139406$21599.genblk1.genblk1.genblk1.genblk1.genblk1.genblk1.lut0.genblk1.genblk1.genblk1.genblk1.genblk1.lut1 (4 -> 2)
  Optimizing lut $abc$139407$lut$aiger139406$21577.genblk1.genblk1.genblk1.genblk1.genblk1.genblk1.lut0.genblk1.genblk1.genblk1.genblk1.genblk1.lut1 (4 -> 3)
  Optimizing lut $auto$abc_ops_reintegrate.cc:652:reintegrate$139454.genblk1.genblk1.genblk1.genblk1.genblk1.genblk1.lut0.genblk1.genblk1.genblk1.genblk1.genblk1.lut1 (4 -> 0)
  Optimizing lut $abc$139407$lut$aiger139406$21529.genblk1.genblk1.genblk1.genblk1.genblk1.genblk1.lut0.genblk1.genblk1.genblk1.genblk1.genblk1.lut1 (4 -> 3)
  Optimizing lut $abc$139407$lut$aiger139406$21521.genblk1.genblk1.genblk1.genblk1.genblk1.lut0 (4 -> 0)
  Optimizing lut $abc$139407$lut$aiger139406$21488.genblk1.genblk1.genblk1.genblk1.genblk1.genblk1.genblk1.lut1.genblk1.genblk1.genblk1.genblk1.genblk1.genblk1.lut1.genblk1.genblk1.genblk1.genblk1.genblk1.lut1 (4 -> 3)
  Optimizing lut $auto$abc_ops_reintegrate.cc:652:reintegrate$139458.genblk1.genblk1.genblk1.genblk1.genblk1.lut0 (4 -> 2)
  Optimizing lut $abc$139407$lut$aiger139406$21213.genblk1.genblk1.genblk1.genblk1.genblk1.lut0 (4 -> 0)
  Optimizing lut $abc$139407$lut$aiger139406$21078.genblk1.genblk1.genblk1.genblk1.genblk1.lut0 (4 -> 3)
  Optimizing lut $auto$abc_ops_reintegrate.cc:652:reintegrate$139481.genblk1.genblk1.genblk1.genblk1.genblk1.lut0 (4 -> 2)
  Optimizing lut $auto$abc_ops_reintegrate.cc:652:reintegrate$139486.genblk1.genblk1.genblk1.genblk1.genblk1.lut0 (4 -> 2)
  Optimizing lut $abc$139407$lut$aiger139406$20618.genblk1.genblk1.genblk1.genblk1.genblk1.lut0 (4 -> 3)
  Optimizing lut $auto$abc_ops_reintegrate.cc:652:reintegrate$139493.genblk1.genblk1.genblk1.genblk1.genblk1.genblk1.genblk1.genblk1.lut0.genblk1.genblk1.genblk1.genblk1.genblk1.genblk1.genblk1.lut0.genblk1.genblk1.genblk1.genblk1.genblk1.genblk1.lut0.genblk1.genblk1.genblk1.genblk1.genblk1.lut1 (4 -> 2)
  Optimizing lut $abc$139407$lut$aiger139406$20388.genblk1.genblk1.genblk1.genblk1.genblk1.genblk1.genblk1.lut1.genblk1.genblk1.genblk1.genblk1.genblk1.genblk1.lut1.genblk1.genblk1.genblk1.genblk1.genblk1.lut1 (4 -> 0)
  Optimizing lut $abc$139407$lut$aiger139406$20351.genblk1.genblk1.genblk1.genblk1.genblk1.lut0 (4 -> 3)
  Optimizing lut $auto$abc_ops_reintegrate.cc:652:reintegrate$139512.genblk1.genblk1.genblk1.genblk1.genblk1.lut0 (4 -> 3)
  Optimizing lut $abc$139407$lut$aiger139406$19821.genblk1.genblk1.genblk1.genblk1.genblk1.genblk1.lut0.genblk1.genblk1.genblk1.genblk1.genblk1.lut1 (4 -> 0)
  Optimizing lut $abc$139407$lut$aiger139406$19815.genblk1.genblk1.genblk1.genblk1.genblk1.lut0 (4 -> 0)
  Optimizing lut $abc$139407$lut$aiger$o15118.genblk1.genblk1.genblk1.genblk1.genblk1.lut0 (4 -> 3)
  Optimizing lut $abc$139407$lut$aiger139406$19483.genblk1.genblk1.genblk1.genblk1.genblk1.lut0 (4 -> 0)
  Optimizing lut $abc$139407$lut$aiger139406$19418.genblk1.genblk1.genblk1.genblk1.genblk1.lut0 (4 -> 0)
  Optimizing lut $auto$abc_ops_reintegrate.cc:652:reintegrate$139532.genblk1.genblk1.genblk1.genblk1.genblk1.lut0 (4 -> 2)
  Optimizing lut $abc$139407$lut$aiger139406$19364.genblk1.genblk1.genblk1.genblk1.genblk1.lut0 (4 -> 0)
  Optimizing lut $auto$abc_ops_reintegrate.cc:652:reintegrate$139538.genblk1.genblk1.genblk1.genblk1.genblk1.genblk1.genblk1.genblk1.lut1.genblk1.genblk1.genblk1.genblk1.genblk1.genblk1.genblk1.lut0.genblk1.genblk1.genblk1.genblk1.genblk1.genblk1.lut1.genblk1.genblk1.genblk1.genblk1.genblk1.lut1 (4 -> 2)
  Optimizing lut $auto$abc_ops_reintegrate.cc:652:reintegrate$139554.genblk1.genblk1.genblk1.genblk1.genblk1.genblk1.genblk1.genblk1.lut0.genblk1.genblk1.genblk1.genblk1.genblk1.genblk1.genblk1.lut0.genblk1.genblk1.genblk1.genblk1.genblk1.genblk1.lut0.genblk1.genblk1.genblk1.genblk1.genblk1.lut1 (4 -> 2)
  Optimizing lut $abc$139407$lut$aiger139406$18742.genblk1.genblk1.genblk1.genblk1.genblk1.lut0 (4 -> 0)
  Optimizing lut $abc$139407$lut$aiger139406$18673.genblk1.genblk1.genblk1.genblk1.genblk1.lut0 (4 -> 0)
  Optimizing lut $abc$139407$lut$aiger139406$18657.genblk1.genblk1.genblk1.genblk1.genblk1.lut0 (4 -> 0)
  Optimizing lut $abc$139407$lut$aiger139406$18541.genblk1.genblk1.genblk1.genblk1.genblk1.lut0 (4 -> 0)
  Optimizing lut $auto$abc_ops_reintegrate.cc:652:reintegrate$139584.genblk1.genblk1.genblk1.genblk1.genblk1.genblk1.lut0.genblk1.genblk1.genblk1.genblk1.genblk1.lut1 (4 -> 2)
  Optimizing lut $abc$139407$lut$aiger139406$18009.genblk1.genblk1.genblk1.genblk1.genblk1.lut0 (4 -> 0)
  Optimizing lut $abc$139407$lut$aiger139406$17970.genblk1.genblk1.genblk1.genblk1.genblk1.genblk1.lut0.genblk1.genblk1.genblk1.genblk1.genblk1.lut1 (4 -> 3)
  Optimizing lut $abc$139407$lut$aiger139406$17660.genblk1.genblk1.genblk1.genblk1.genblk1.lut0 (4 -> 0)
  Optimizing lut $abc$139407$lut$aiger139406$17649.genblk1.genblk1.genblk1.genblk1.genblk1.lut0 (4 -> 0)
  Optimizing lut $abc$139407$lut$aiger139406$17559.genblk1.genblk1.genblk1.genblk1.genblk1.lut0 (4 -> 0)
  Optimizing lut $abc$139407$lut$aiger139406$17410.genblk1.genblk1.genblk1.genblk1.genblk1.lut0 (4 -> 0)
  Optimizing lut $abc$139407$lut$aiger$o14554.genblk1.genblk1.genblk1.genblk1.genblk1.lut0 (4 -> 3)
  Optimizing lut $auto$abc_ops_reintegrate.cc:652:reintegrate$139617.genblk1.genblk1.genblk1.genblk1.genblk1.lut0 (4 -> 2)
  Optimizing lut $auto$abc_ops_reintegrate.cc:652:reintegrate$139626.genblk1.genblk1.genblk1.genblk1.genblk1.lut0 (4 -> 3)
  Optimizing lut $abc$139407$lut$aiger139406$16623.genblk1.genblk1.genblk1.genblk1.genblk1.lut0 (4 -> 0)
  Optimizing lut $abc$139407$lut$aiger$o14364.genblk1.genblk1.genblk1.genblk1.genblk1.lut0 (4 -> 3)
  Optimizing lut $abc$139407$lut$aiger139406$16356.genblk1.genblk1.genblk1.genblk1.genblk1.lut0 (4 -> 0)
  Optimizing lut $auto$abc_ops_reintegrate.cc:652:reintegrate$139665.genblk1.genblk1.genblk1.genblk1.genblk1.genblk1.lut0.genblk1.genblk1.genblk1.genblk1.genblk1.lut1 (4 -> 0)
  Optimizing lut $abc$139407$lut$aiger$o14171.genblk1.genblk1.genblk1.genblk1.genblk1.lut0 (4 -> 3)
  Optimizing lut $abc$139407$lut$aiger139406$15368.genblk1.genblk1.genblk1.genblk1.genblk1.lut0 (4 -> 0)
  Optimizing lut $abc$139407$lut$aiger139406$15175.genblk1.genblk1.genblk1.genblk1.genblk1.genblk1.genblk1.genblk1.lut1.genblk1.genblk1.genblk1.genblk1.genblk1.genblk1.genblk1.lut0.genblk1.genblk1.genblk1.genblk1.genblk1.genblk1.lut1.genblk1.genblk1.genblk1.genblk1.genblk1.lut1 (4 -> 0)
  Optimizing lut $auto$abc_ops_reintegrate.cc:652:reintegrate$139691.genblk1.genblk1.genblk1.genblk1.genblk1.lut0 (4 -> 2)
  Optimizing lut $abc$139407$lut$aiger139406$14818.genblk1.genblk1.genblk1.genblk1.genblk1.genblk1.genblk1.lut1.genblk1.genblk1.genblk1.genblk1.genblk1.genblk1.lut1.genblk1.genblk1.genblk1.genblk1.genblk1.lut1 (4 -> 0)
  Optimizing lut $auto$abc_ops_reintegrate.cc:652:reintegrate$139708.genblk1.genblk1.genblk1.genblk1.genblk1.lut0 (4 -> 2)
  Optimizing lut $auto$abc_ops_reintegrate.cc:652:reintegrate$139712.genblk1.genblk1.genblk1.genblk1.genblk1.lut0 (4 -> 1)
  Optimizing lut $auto$abc_ops_reintegrate.cc:652:reintegrate$139713.genblk1.genblk1.genblk1.genblk1.genblk1.lut0 (4 -> 3)
  Optimizing lut $abc$139407$lut$aiger139406$14057.genblk1.genblk1.genblk1.genblk1.genblk1.lut0 (4 -> 0)
  Optimizing lut $abc$139407$lut$aiger$o13797.genblk1.genblk1.genblk1.genblk1.genblk1.lut0 (4 -> 3)
  Optimizing lut $abc$139407$lut$aiger139406$13918.genblk1.genblk1.genblk1.genblk1.genblk1.genblk1.genblk1.genblk1.lut0.genblk1.genblk1.genblk1.genblk1.genblk1.genblk1.genblk1.lut0.genblk1.genblk1.genblk1.genblk1.genblk1.genblk1.lut0.genblk1.genblk1.genblk1.genblk1.genblk1.lut1 (4 -> 1)
  Optimizing lut $abc$139407$lut$aiger139406$13855.genblk1.genblk1.genblk1.genblk1.genblk1.genblk1.genblk1.genblk1.lut1.genblk1.genblk1.genblk1.genblk1.genblk1.genblk1.genblk1.lut0.genblk1.genblk1.genblk1.genblk1.genblk1.genblk1.lut1.genblk1.genblk1.genblk1.genblk1.genblk1.lut1 (4 -> 3)
  Optimizing lut $abc$139407$lut$aiger139406$13723.genblk1.genblk1.genblk1.genblk1.genblk1.lut0 (4 -> 0)
  Optimizing lut $auto$abc_ops_reintegrate.cc:652:reintegrate$139726.genblk1.genblk1.genblk1.genblk1.genblk1.lut0 (4 -> 2)
  Optimizing lut $abc$139407$lut$aiger139406$13697.genblk1.genblk1.genblk1.genblk1.genblk1.genblk1.genblk1.genblk1.lut1.genblk1.genblk1.genblk1.genblk1.genblk1.genblk1.genblk1.lut0.genblk1.genblk1.genblk1.genblk1.genblk1.genblk1.lut1.genblk1.genblk1.genblk1.genblk1.genblk1.lut1 (4 -> 0)
  Optimizing lut $abc$139407$lut$aiger139406$13683.genblk1.genblk1.genblk1.genblk1.genblk1.genblk1.genblk1.genblk1.lut1.genblk1.genblk1.genblk1.genblk1.genblk1.genblk1.genblk1.lut0.genblk1.genblk1.genblk1.genblk1.genblk1.genblk1.lut1.genblk1.genblk1.genblk1.genblk1.genblk1.lut1 (4 -> 0)
  Optimizing lut $abc$139407$lut$aiger139406$13655.genblk1.genblk1.genblk1.genblk1.genblk1.genblk1.genblk1.genblk1.lut1.genblk1.genblk1.genblk1.genblk1.genblk1.genblk1.genblk1.lut0.genblk1.genblk1.genblk1.genblk1.genblk1.genblk1.lut1.genblk1.genblk1.genblk1.genblk1.genblk1.lut1 (4 -> 0)
  Optimizing lut $abc$139407$lut$aiger139406$13648.genblk1.genblk1.genblk1.genblk1.genblk1.genblk1.genblk1.lut1.genblk1.genblk1.genblk1.genblk1.genblk1.genblk1.lut1.genblk1.genblk1.genblk1.genblk1.genblk1.lut1 (4 -> 0)
  Optimizing lut $auto$abc_ops_reintegrate.cc:652:reintegrate$139734.genblk1.genblk1.genblk1.genblk1.genblk1.lut0 (4 -> 3)
  Optimizing lut $abc$139407$lut$aiger$o13662.genblk1.genblk1.genblk1.genblk1.genblk1.lut0 (4 -> 3)
  Optimizing lut $auto$abc_ops_reintegrate.cc:652:reintegrate$139740.genblk1.genblk1.genblk1.genblk1.genblk1.lut0 (4 -> 3)
  Optimizing lut $abc$139407$lut$aiger139406$13250.genblk1.genblk1.genblk1.genblk1.genblk1.genblk1.genblk1.genblk1.lut1.genblk1.genblk1.genblk1.genblk1.genblk1.genblk1.genblk1.lut0.genblk1.genblk1.genblk1.genblk1.genblk1.genblk1.lut1.genblk1.genblk1.genblk1.genblk1.genblk1.lut1 (4 -> 3)
  Optimizing lut $abc$139407$lut$aiger139406$13210.genblk1.genblk1.genblk1.genblk1.genblk1.genblk1.genblk1.genblk1.lut1.genblk1.genblk1.genblk1.genblk1.genblk1.genblk1.genblk1.lut0.genblk1.genblk1.genblk1.genblk1.genblk1.genblk1.lut1.genblk1.genblk1.genblk1.genblk1.genblk1.lut1 (4 -> 3)
  Optimizing lut $abc$139407$lut$aiger139406$13192.genblk1.genblk1.genblk1.genblk1.genblk1.genblk1.lut0.genblk1.genblk1.genblk1.genblk1.genblk1.lut1 (4 -> 3)
  Optimizing lut $auto$abc_ops_reintegrate.cc:652:reintegrate$139746.genblk1.genblk1.genblk1.genblk1.genblk1.genblk1.genblk1.genblk1.lut0.genblk1.genblk1.genblk1.genblk1.genblk1.genblk1.genblk1.lut0.genblk1.genblk1.genblk1.genblk1.genblk1.genblk1.lut0.genblk1.genblk1.genblk1.genblk1.genblk1.lut1 (4 -> 0)
  Optimizing lut $auto$abc_ops_reintegrate.cc:652:reintegrate$139746.genblk1.genblk1.genblk1.genblk1.genblk1.genblk1.genblk1.genblk1.lut1.genblk1.genblk1.genblk1.genblk1.genblk1.genblk1.genblk1.lut0.genblk1.genblk1.genblk1.genblk1.genblk1.genblk1.lut1.genblk1.genblk1.genblk1.genblk1.genblk1.lut1 (4 -> 0)
  Optimizing lut $abc$139407$lut$aiger139406$12944.genblk1.genblk1.genblk1.genblk1.genblk1.lut0 (4 -> 0)
  Optimizing lut $abc$139407$lut$aiger139406$9345.genblk1.genblk1.genblk1.genblk1.genblk1.lut0 (4 -> 3)
  Optimizing lut $auto$abc_ops_reintegrate.cc:652:reintegrate$139774.genblk1.genblk1.genblk1.genblk1.genblk1.lut0 (4 -> 3)
  Optimizing lut $abc$139407$lut$aiger139406$12249.genblk1.genblk1.genblk1.genblk1.genblk1.lut0 (4 -> 0)
  Optimizing lut $abc$139407$lut$aiger139406$12028.genblk1.genblk1.genblk1.genblk1.genblk1.lut0 (4 -> 0)
  Optimizing lut $abc$139407$lut$aiger139406$8542.genblk1.genblk1.genblk1.genblk1.genblk1.genblk1.genblk1.genblk1.lut1.genblk1.genblk1.genblk1.genblk1.genblk1.genblk1.genblk1.lut0.genblk1.genblk1.genblk1.genblk1.genblk1.genblk1.lut1.genblk1.genblk1.genblk1.genblk1.genblk1.lut1 (4 -> 0)
  Optimizing lut $abc$139407$lut$aiger139406$11576.genblk1.genblk1.genblk1.genblk1.genblk1.genblk1.lut0.genblk1.genblk1.genblk1.genblk1.genblk1.lut1 (4 -> 1)
  Optimizing lut $abc$139407$lut$aiger139406$9417.genblk1.genblk1.genblk1.genblk1.genblk1.genblk1.lut0.genblk1.genblk1.genblk1.genblk1.genblk1.lut1 (4 -> 1)
  Optimizing lut $abc$139407$lut$aiger139406$9405.genblk1.genblk1.genblk1.genblk1.genblk1.genblk1.lut0.genblk1.genblk1.genblk1.genblk1.genblk1.lut1 (4 -> 1)
  Optimizing lut $abc$139407$lut$aiger139406$9396.genblk1.genblk1.genblk1.genblk1.genblk1.genblk1.lut0.genblk1.genblk1.genblk1.genblk1.genblk1.lut1 (4 -> 1)
  Optimizing lut $abc$139407$lut$aiger139406$9524.genblk1.genblk1.genblk1.genblk1.genblk1.lut0 (4 -> 3)
  Optimizing lut $abc$139407$lut$aiger139406$9481.genblk1.genblk1.genblk1.genblk1.genblk1.lut0 (4 -> 1)
  Optimizing lut $abc$139407$lut$aiger139406$9515.genblk1.genblk1.genblk1.genblk1.genblk1.lut0 (4 -> 1)
  Optimizing lut $abc$139407$lut$aiger139406$11500.genblk1.genblk1.genblk1.genblk1.genblk1.lut0 (4 -> 0)
  Optimizing lut $abc$139407$lut$aiger139406$8508.genblk1.genblk1.genblk1.genblk1.genblk1.genblk1.lut0.genblk1.genblk1.genblk1.genblk1.genblk1.lut1 (4 -> 0)
  Optimizing lut $abc$139407$lut$aiger139406$8691.genblk1.genblk1.genblk1.genblk1.genblk1.genblk1.genblk1.genblk1.lut0.genblk1.genblk1.genblk1.genblk1.genblk1.genblk1.genblk1.lut0.genblk1.genblk1.genblk1.genblk1.genblk1.genblk1.lut0.genblk1.genblk1.genblk1.genblk1.genblk1.lut1 (4 -> 3)
  Optimizing lut $abc$139407$lut$aiger139406$8677.genblk1.genblk1.genblk1.genblk1.genblk1.genblk1.genblk1.genblk1.lut1.genblk1.genblk1.genblk1.genblk1.genblk1.genblk1.genblk1.lut0.genblk1.genblk1.genblk1.genblk1.genblk1.genblk1.lut1.genblk1.genblk1.genblk1.genblk1.genblk1.lut1 (4 -> 0)
  Optimizing lut $abc$139407$lut$aiger139406$8670.genblk1.genblk1.genblk1.genblk1.genblk1.genblk1.genblk1.genblk1.lut1.genblk1.genblk1.genblk1.genblk1.genblk1.genblk1.genblk1.lut0.genblk1.genblk1.genblk1.genblk1.genblk1.genblk1.lut1.genblk1.genblk1.genblk1.genblk1.genblk1.lut1 (4 -> 0)
  Optimizing lut $abc$139407$lut$aiger139406$8653.genblk1.genblk1.genblk1.genblk1.genblk1.genblk1.genblk1.genblk1.lut1.genblk1.genblk1.genblk1.genblk1.genblk1.genblk1.genblk1.lut0.genblk1.genblk1.genblk1.genblk1.genblk1.genblk1.lut1.genblk1.genblk1.genblk1.genblk1.genblk1.lut1 (4 -> 0)
  Optimizing lut $auto$abc_ops_reintegrate.cc:652:reintegrate$139833.genblk1.genblk1.genblk1.genblk1.genblk1.lut0 (4 -> 3)
  Optimizing lut $abc$139407$lut$aiger139406$10709.genblk1.genblk1.genblk1.genblk1.genblk1.lut0 (4 -> 3)
  Optimizing lut $abc$139407$lut$aiger139406$8549.genblk1.genblk1.genblk1.genblk1.genblk1.genblk1.genblk1.genblk1.lut1.genblk1.genblk1.genblk1.genblk1.genblk1.genblk1.genblk1.lut0.genblk1.genblk1.genblk1.genblk1.genblk1.genblk1.lut1.genblk1.genblk1.genblk1.genblk1.genblk1.lut1 (4 -> 0)
  Optimizing lut $abc$139407$lut$aiger139406$9136.genblk1.genblk1.genblk1.genblk1.genblk1.genblk1.genblk1.genblk1.lut0.genblk1.genblk1.genblk1.genblk1.genblk1.genblk1.genblk1.lut0.genblk1.genblk1.genblk1.genblk1.genblk1.genblk1.lut0.genblk1.genblk1.genblk1.genblk1.genblk1.lut1 (4 -> 0)
  Optimizing lut $abc$139407$lut$aiger139406$9876.genblk1.genblk1.genblk1.genblk1.genblk1.lut0 (4 -> 0)
  Optimizing lut $abc$139407$lut$aiger$o14101.genblk1.genblk1.genblk1.genblk1.genblk1.lut0 (4 -> 0)
  Optimizing lut $abc$139407$lut$aiger139406$17054.genblk1.genblk1.genblk1.genblk1.genblk1.lut0 (4 -> 3)
  Optimizing lut $abc$139407$lut$aiger139406$13075.genblk1.genblk1.genblk1.genblk1.genblk1.genblk1.lut1.genblk1.genblk1.genblk1.genblk1.genblk1.lut1 (4 -> 1)
  Optimizing lut $abc$139407$lut$aiger$o13596.genblk1.genblk1.genblk1.genblk1.genblk1.genblk1.genblk1.lut0.genblk1.genblk1.genblk1.genblk1.genblk1.genblk1.lut1.genblk1.genblk1.genblk1.genblk1.genblk1.lut0 (4 -> 0)
  Optimizing lut $auto$abc_ops_reintegrate.cc:652:reintegrate$139654.genblk1.genblk1.genblk1.genblk1.genblk1.genblk1.lut0.genblk1.genblk1.genblk1.genblk1.genblk1.lut1 (4 -> 0)
  Optimizing lut $abc$139407$lut$aiger139406$14487.genblk1.genblk1.genblk1.genblk1.genblk1.lut0 (4 -> 1)
  Optimizing lut $auto$abc_ops_reintegrate.cc:652:reintegrate$139562.genblk1.genblk1.genblk1.genblk1.genblk1.genblk1.genblk1.genblk1.lut0.genblk1.genblk1.genblk1.genblk1.genblk1.genblk1.genblk1.lut0.genblk1.genblk1.genblk1.genblk1.genblk1.genblk1.lut0.genblk1.genblk1.genblk1.genblk1.genblk1.lut1 (4 -> 2)
  Optimizing lut $abc$139407$lut$aiger$o15131.genblk1.genblk1.genblk1.genblk1.genblk1.lut0 (4 -> 1)
  Optimizing lut $abc$139407$lut$aiger139406$17672.genblk1.genblk1.genblk1.genblk1.genblk1.lut0 (4 -> 0)
  Optimizing lut $abc$139407$lut$aiger139406$13075.genblk1.genblk1.genblk1.genblk1.genblk1.genblk1.lut0.genblk1.genblk1.genblk1.genblk1.genblk1.lut1 (4 -> 1)
  Optimizing lut $abc$139407$lut$aiger139406$17829.genblk1.genblk1.genblk1.genblk1.genblk1.lut0 (4 -> 2)
  Optimizing lut $abc$139407$lut$aiger139406$16106.genblk1.genblk1.genblk1.genblk1.genblk1.genblk1.genblk1.lut0.genblk1.genblk1.genblk1.genblk1.genblk1.genblk1.lut1.genblk1.genblk1.genblk1.genblk1.genblk1.lut1 (4 -> 0)
  Optimizing lut $abc$139407$lut$aiger139406$13075.genblk1.genblk1.genblk1.genblk1.genblk1.genblk1.lut1.genblk1.genblk1.genblk1.genblk1.genblk1.lut0 (4 -> 1)
  Optimizing lut $abc$139407$lut$aiger139406$19964.genblk1.genblk1.genblk1.genblk1.genblk1.lut0 (4 -> 0)
  Optimizing lut $abc$139407$lut$aiger139406$17187.genblk1.genblk1.genblk1.genblk1.genblk1.lut0 (4 -> 0)
  Optimizing lut $auto$abc_ops_reintegrate.cc:652:reintegrate$139635.genblk1.genblk1.genblk1.genblk1.genblk1.lut0 (4 -> 3)
  Optimizing lut $abc$139407$lut$aiger139406$16106.genblk1.genblk1.genblk1.genblk1.genblk1.genblk1.genblk1.lut1.genblk1.genblk1.genblk1.genblk1.genblk1.genblk1.lut1.genblk1.genblk1.genblk1.genblk1.genblk1.lut1 (4 -> 0)
  Optimizing lut $abc$139407$lut$aiger$o14817.genblk1.genblk1.genblk1.genblk1.genblk1.lut1 (4 -> 1)
  Optimizing lut $abc$139407$lut$aiger$o13632.genblk1.genblk1.genblk1.genblk1.genblk1.lut1 (4 -> 1)
  Optimizing lut $abc$139407$lut$aiger$o13929.genblk1.genblk1.genblk1.genblk1.genblk1.lut1 (4 -> 1)
  Optimizing lut $abc$139407$lut$aiger139406$19936.genblk1.genblk1.genblk1.genblk1.genblk1.lut0 (4 -> 0)
  Optimizing lut $abc$139407$lut$aiger139406$13192.genblk1.genblk1.genblk1.genblk1.genblk1.genblk1.lut1.genblk1.genblk1.genblk1.genblk1.genblk1.lut1 (4 -> 3)
  Optimizing lut $abc$139407$lut$aiger139406$19168.genblk1.genblk1.genblk1.genblk1.genblk1.lut0 (4 -> 0)
  Optimizing lut $abc$139407$lut$aiger139406$13198.genblk1.genblk1.genblk1.genblk1.genblk1.genblk1.lut1.genblk1.genblk1.genblk1.genblk1.genblk1.lut1 (4 -> 0)
  Optimizing lut $abc$139407$lut$aiger139406$13210.genblk1.genblk1.genblk1.genblk1.genblk1.genblk1.genblk1.genblk1.lut0.genblk1.genblk1.genblk1.genblk1.genblk1.genblk1.genblk1.lut0.genblk1.genblk1.genblk1.genblk1.genblk1.genblk1.lut1.genblk1.genblk1.genblk1.genblk1.genblk1.lut1 (4 -> 3)
  Optimizing lut $auto$abc_ops_reintegrate.cc:652:reintegrate$139695.genblk1.genblk1.genblk1.genblk1.genblk1.lut0 (4 -> 3)
  Optimizing lut $abc$139407$lut$aiger139406$15503.genblk1.genblk1.genblk1.genblk1.genblk1.lut1 (4 -> 3)
  Optimizing lut $abc$139407$lut$aiger$o14358.genblk1.genblk1.genblk1.genblk1.genblk1.lut1 (4 -> 1)
  Optimizing lut $auto$abc_ops_reintegrate.cc:652:reintegrate$139587.genblk1.genblk1.genblk1.genblk1.genblk1.genblk1.lut1.genblk1.genblk1.genblk1.genblk1.genblk1.lut0 (4 -> 2)
  Optimizing lut $abc$139407$lut$aiger139406$15527.genblk1.genblk1.genblk1.genblk1.genblk1.genblk1.lut1.genblk1.genblk1.genblk1.genblk1.genblk1.lut0 (4 -> 3)
  Optimizing lut $abc$139407$lut$aiger139406$13250.genblk1.genblk1.genblk1.genblk1.genblk1.genblk1.genblk1.genblk1.lut1.genblk1.genblk1.genblk1.genblk1.genblk1.genblk1.genblk1.lut1.genblk1.genblk1.genblk1.genblk1.genblk1.genblk1.lut1.genblk1.genblk1.genblk1.genblk1.genblk1.lut1 (4 -> 3)
  Optimizing lut $abc$139407$lut$aiger139406$15516.genblk1.genblk1.genblk1.genblk1.genblk1.lut0 (4 -> 0)
  Optimizing lut $auto$abc_ops_reintegrate.cc:652:reintegrate$139513.genblk1.genblk1.genblk1.genblk1.genblk1.lut0 (4 -> 2)
  Optimizing lut $abc$139407$lut$aiger139406$13169.genblk1.genblk1.genblk1.genblk1.genblk1.lut1 (4 -> 3)
  Optimizing lut $abc$139407$lut$aiger$o13656.genblk1.genblk1.genblk1.genblk1.genblk1.lut1 (4 -> 1)
  Optimizing lut $abc$139407$lut$aiger139406$14607.genblk1.genblk1.genblk1.genblk1.genblk1.genblk1.lut1.genblk1.genblk1.genblk1.genblk1.genblk1.lut1 (4 -> 1)
  Optimizing lut $abc$139407$lut$aiger139406$13250.genblk1.genblk1.genblk1.genblk1.genblk1.genblk1.genblk1.genblk1.lut0.genblk1.genblk1.genblk1.genblk1.genblk1.genblk1.genblk1.lut0.genblk1.genblk1.genblk1.genblk1.genblk1.genblk1.lut1.genblk1.genblk1.genblk1.genblk1.genblk1.lut1 (4 -> 3)
  Optimizing lut $abc$139407$lut$aiger139406$16147.genblk1.genblk1.genblk1.genblk1.genblk1.lut0 (4 -> 0)
  Optimizing lut $abc$139407$lut$aiger$o15122.genblk1.genblk1.genblk1.genblk1.genblk1.lut1 (4 -> 1)
  Optimizing lut $auto$abc_ops_reintegrate.cc:652:reintegrate$139671.genblk1.genblk1.genblk1.genblk1.genblk1.genblk1.lut0.genblk1.genblk1.genblk1.genblk1.genblk1.lut1 (4 -> 0)
  Optimizing lut $abc$139407$lut$aiger139406$17845.genblk1.genblk1.genblk1.genblk1.genblk1.lut1 (4 -> 0)
  Optimizing lut $abc$139407$lut$aiger139406$14383.genblk1.genblk1.genblk1.genblk1.genblk1.genblk1.lut0.genblk1.genblk1.genblk1.genblk1.genblk1.lut1 (4 -> 0)
  Optimizing lut $abc$139407$lut$aiger139406$19131.genblk1.genblk1.genblk1.genblk1.genblk1.lut0 (4 -> 0)
  Optimizing lut $abc$139407$lut$aiger139406$16593.genblk1.genblk1.genblk1.genblk1.genblk1.genblk1.lut1.genblk1.genblk1.genblk1.genblk1.genblk1.lut0 (4 -> 3)
  Optimizing lut $abc$139407$lut$aiger139406$13260.genblk1.genblk1.genblk1.genblk1.genblk1.lut0 (4 -> 0)
  Optimizing lut $auto$abc_ops_reintegrate.cc:652:reintegrate$139630.genblk1.genblk1.genblk1.genblk1.genblk1.genblk1.lut0.genblk1.genblk1.genblk1.genblk1.genblk1.lut1 (4 -> 0)
  Optimizing lut $abc$139407$lut$aiger139406$14619.genblk1.genblk1.genblk1.genblk1.genblk1.genblk1.lut1.genblk1.genblk1.genblk1.genblk1.genblk1.lut1 (4 -> 1)
  Optimizing lut $abc$139407$lut$aiger139406$16585.genblk1.genblk1.genblk1.genblk1.genblk1.lut0 (4 -> 0)
  Optimizing lut $abc$139407$lut$aiger139406$14619.genblk1.genblk1.genblk1.genblk1.genblk1.genblk1.lut0.genblk1.genblk1.genblk1.genblk1.genblk1.lut1 (4 -> 1)
  Optimizing lut $abc$139407$lut$aiger139406$14654.genblk1.genblk1.genblk1.genblk1.genblk1.genblk1.lut1.genblk1.genblk1.genblk1.genblk1.genblk1.lut0 (4 -> 1)
  Optimizing lut $abc$139407$lut$aiger139406$17981.genblk1.genblk1.genblk1.genblk1.genblk1.lut0 (4 -> 0)
  Optimizing lut $abc$139407$lut$aiger139406$13352.genblk1.genblk1.genblk1.genblk1.genblk1.lut0 (4 -> 0)
  Optimizing lut $abc$139407$lut$aiger139406$14654.genblk1.genblk1.genblk1.genblk1.genblk1.genblk1.lut1.genblk1.genblk1.genblk1.genblk1.genblk1.lut1 (4 -> 1)
  Optimizing lut $abc$139407$lut$aiger139406$19842.genblk1.genblk1.genblk1.genblk1.genblk1.genblk1.lut1.genblk1.genblk1.genblk1.genblk1.genblk1.lut1 (4 -> 2)
  Optimizing lut $auto$abc_ops_reintegrate.cc:652:reintegrate$139517.genblk1.genblk1.genblk1.genblk1.genblk1.genblk1.genblk1.lut0.genblk1.genblk1.genblk1.genblk1.genblk1.genblk1.lut1.genblk1.genblk1.genblk1.genblk1.genblk1.lut0 (4 -> 0)
  Optimizing lut $abc$139407$lut$aiger139406$15712.genblk1.genblk1.genblk1.genblk1.genblk1.lut0 (4 -> 0)
  Optimizing lut $abc$139407$lut$aiger139406$16178.genblk1.genblk1.genblk1.genblk1.genblk1.lut0 (4 -> 0)
  Optimizing lut $auto$abc_ops_reintegrate.cc:652:reintegrate$139748.genblk1.genblk1.genblk1.genblk1.genblk1.genblk1.genblk1.genblk1.lut1.genblk1.genblk1.genblk1.genblk1.genblk1.genblk1.genblk1.lut0.genblk1.genblk1.genblk1.genblk1.genblk1.genblk1.lut1.genblk1.genblk1.genblk1.genblk1.genblk1.lut1 (4 -> 0)
  Optimizing lut $abc$139407$lut$aiger139406$14791.genblk1.genblk1.genblk1.genblk1.genblk1.lut0 (4 -> 0)
  Optimizing lut $abc$139407$lut$aiger139406$18404.genblk1.genblk1.genblk1.genblk1.genblk1.lut0 (4 -> 0)
  Optimizing lut $abc$139407$lut$aiger139406$21577.genblk1.genblk1.genblk1.genblk1.genblk1.genblk1.lut1.genblk1.genblk1.genblk1.genblk1.genblk1.lut0 (4 -> 3)
  Optimizing lut $abc$139407$lut$aiger139406$11686.genblk1.genblk1.genblk1.genblk1.genblk1.lut0 (4 -> 1)
  Optimizing lut $abc$139407$lut$aiger139406$20759.genblk1.genblk1.genblk1.genblk1.genblk1.lut1 (4 -> 3)
  Optimizing lut $abc$139407$lut$aiger139406$21069.genblk1.genblk1.genblk1.genblk1.genblk1.lut1 (4 -> 0)
  Optimizing lut $abc$139407$lut$aiger139406$15335.genblk1.genblk1.genblk1.genblk1.genblk1.lut1 (4 -> 3)
  Optimizing lut $abc$139407$lut$aiger139406$15036.genblk1.genblk1.genblk1.genblk1.genblk1.lut0 (4 -> 0)
  Optimizing lut $abc$139407$lut$aiger139406$18948.genblk1.genblk1.genblk1.genblk1.genblk1.lut0 (4 -> 0)
  Optimizing lut $abc$139407$lut$aiger139406$9354.genblk1.genblk1.genblk1.genblk1.genblk1.genblk1.lut0.genblk1.genblk1.genblk1.genblk1.genblk1.lut1 (4 -> 1)
  Optimizing lut $abc$139407$lut$aiger139406$15355.genblk1.genblk1.genblk1.genblk1.genblk1.lut0 (4 -> 2)
  Optimizing lut $abc$139407$lut$aiger139406$21731.genblk1.genblk1.genblk1.genblk1.genblk1.lut0 (4 -> 0)
  Optimizing lut $abc$139407$lut$aiger139406$13648.genblk1.genblk1.genblk1.genblk1.genblk1.genblk1.genblk1.lut0.genblk1.genblk1.genblk1.genblk1.genblk1.genblk1.lut0.genblk1.genblk1.genblk1.genblk1.genblk1.lut1 (4 -> 0)
  Optimizing lut $auto$abc_ops_reintegrate.cc:652:reintegrate$139671.genblk1.genblk1.genblk1.genblk1.genblk1.genblk1.lut1.genblk1.genblk1.genblk1.genblk1.genblk1.lut1 (4 -> 0)
  Optimizing lut $abc$139407$lut$aiger139406$21488.genblk1.genblk1.genblk1.genblk1.genblk1.genblk1.genblk1.lut0.genblk1.genblk1.genblk1.genblk1.genblk1.genblk1.lut1.genblk1.genblk1.genblk1.genblk1.genblk1.lut0 (4 -> 0)
  Optimizing lut $abc$139407$lut$aiger139406$20911.genblk1.genblk1.genblk1.genblk1.genblk1.lut0 (4 -> 0)
  Optimizing lut $auto$abc_ops_reintegrate.cc:652:reintegrate$139614.genblk1.genblk1.genblk1.genblk1.genblk1.lut0 (4 -> 3)
  Optimizing lut $abc$139407$lut$aiger139406$17271.genblk1.genblk1.genblk1.genblk1.genblk1.lut1 (4 -> 0)
  Optimizing lut $auto$abc_ops_reintegrate.cc:652:reintegrate$139675.genblk1.genblk1.genblk1.genblk1.genblk1.genblk1.lut0.genblk1.genblk1.genblk1.genblk1.genblk1.lut1 (4 -> 0)
  Optimizing lut $abc$139407$lut$aiger139406$15161.genblk1.genblk1.genblk1.genblk1.genblk1.genblk1.genblk1.lut1.genblk1.genblk1.genblk1.genblk1.genblk1.genblk1.lut1.genblk1.genblk1.genblk1.genblk1.genblk1.lut1 (4 -> 0)
  Optimizing lut $abc$139407$lut$aiger139406$14818.genblk1.genblk1.genblk1.genblk1.genblk1.genblk1.genblk1.lut0.genblk1.genblk1.genblk1.genblk1.genblk1.genblk1.lut0.genblk1.genblk1.genblk1.genblk1.genblk1.lut1 (4 -> 0)
  Optimizing lut $abc$139407$lut$aiger$o9437.genblk1.genblk1.genblk1.genblk1.genblk1.lut0 (4 -> 3)
  Optimizing lut $abc$139407$lut$aiger139406$15494.genblk1.genblk1.genblk1.genblk1.genblk1.lut1 (4 -> 3)
  Optimizing lut $abc$139407$lut$aiger139406$17367.genblk1.genblk1.genblk1.genblk1.genblk1.lut0 (4 -> 0)
  Optimizing lut $auto$abc_ops_reintegrate.cc:652:reintegrate$139693.genblk1.genblk1.genblk1.genblk1.genblk1.lut0 (4 -> 2)
  Optimizing lut $abc$139407$lut$aiger139406$13648.genblk1.genblk1.genblk1.genblk1.genblk1.genblk1.genblk1.lut0.genblk1.genblk1.genblk1.genblk1.genblk1.genblk1.lut1.genblk1.genblk1.genblk1.genblk1.genblk1.lut1 (4 -> 0)
  Optimizing lut $abc$139407$lut$aiger139406$13776.genblk1.genblk1.genblk1.genblk1.genblk1.lut1 (4 -> 0)
  Optimizing lut $abc$139407$lut$aiger139406$14114.genblk1.genblk1.genblk1.genblk1.genblk1.lut0 (4 -> 2)
  Optimizing lut $abc$139407$lut$aiger139406$14011.genblk1.genblk1.genblk1.genblk1.genblk1.genblk1.lut1.genblk1.genblk1.genblk1.genblk1.genblk1.lut0 (4 -> 0)
  Optimizing lut $auto$abc_ops_reintegrate.cc:652:reintegrate$139454.genblk1.genblk1.genblk1.genblk1.genblk1.genblk1.lut1.genblk1.genblk1.genblk1.genblk1.genblk1.lut0 (4 -> 0)
  Optimizing lut $abc$139407$lut$aiger139406$9345.genblk1.genblk1.genblk1.genblk1.genblk1.lut1 (4 -> 1)
  Optimizing lut $abc$139407$lut$aiger139406$15494.genblk1.genblk1.genblk1.genblk1.genblk1.lut0 (4 -> 2)
  Optimizing lut $abc$139407$lut$aiger139406$14361.genblk1.genblk1.genblk1.genblk1.genblk1.lut1 (4 -> 3)
  Optimizing lut $abc$139407$lut$aiger$o10990.genblk1.genblk1.genblk1.genblk1.genblk1.lut0 (4 -> 0)
  Optimizing lut $abc$139407$lut$aiger139406$15161.genblk1.genblk1.genblk1.genblk1.genblk1.genblk1.genblk1.lut0.genblk1.genblk1.genblk1.genblk1.genblk1.genblk1.lut1.genblk1.genblk1.genblk1.genblk1.genblk1.lut1 (4 -> 0)
  Optimizing lut $abc$139407$lut$aiger$o14508.genblk1.genblk1.genblk1.genblk1.genblk1.lut0 (4 -> 1)
  Optimizing lut $auto$abc_ops_reintegrate.cc:652:reintegrate$139706.genblk1.genblk1.genblk1.genblk1.genblk1.lut0 (4 -> 1)
  Optimizing lut $abc$139407$lut$aiger139406$15527.genblk1.genblk1.genblk1.genblk1.genblk1.genblk1.lut0.genblk1.genblk1.genblk1.genblk1.genblk1.lut1 (4 -> 3)
  Optimizing lut $abc$139407$lut$aiger139406$15058.genblk1.genblk1.genblk1.genblk1.genblk1.lut1 (4 -> 3)
  Optimizing lut $abc$139407$lut$aiger$o10655.genblk1.genblk1.genblk1.genblk1.genblk1.genblk1.lut1.genblk1.genblk1.genblk1.genblk1.genblk1.lut1 (4 -> 0)
  Optimizing lut $abc$139407$lut$aiger139406$13873.genblk1.genblk1.genblk1.genblk1.genblk1.genblk1.lut0.genblk1.genblk1.genblk1.genblk1.genblk1.lut1 (4 -> 0)
  Optimizing lut $abc$139407$lut$aiger139406$22380.genblk1.genblk1.genblk1.genblk1.genblk1.lut1 (4 -> 0)
  Optimizing lut $auto$abc_ops_reintegrate.cc:652:reintegrate$139432.genblk1.genblk1.genblk1.genblk1.genblk1.genblk1.genblk1.lut0.genblk1.genblk1.genblk1.genblk1.genblk1.genblk1.lut1.genblk1.genblk1.genblk1.genblk1.genblk1.lut1 (4 -> 0)
  Optimizing lut $abc$139407$lut$aiger139406$16946.genblk1.genblk1.genblk1.genblk1.genblk1.lut0 (4 -> 0)
  Optimizing lut $auto$abc_ops_reintegrate.cc:652:reintegrate$139679.genblk1.genblk1.genblk1.genblk1.genblk1.lut0 (4 -> 0)
  Optimizing lut $abc$139407$lut$aiger139406$10371.genblk1.genblk1.genblk1.genblk1.genblk1.lut1 (4 -> 0)
  Optimizing lut $abc$139407$lut$aiger139406$10303.genblk1.genblk1.genblk1.genblk1.genblk1.lut1 (4 -> 3)
  Optimizing lut $auto$abc_ops_reintegrate.cc:652:reintegrate$139643.genblk1.genblk1.genblk1.genblk1.genblk1.genblk1.genblk1.lut0.genblk1.genblk1.genblk1.genblk1.genblk1.genblk1.lut1.genblk1.genblk1.genblk1.genblk1.genblk1.lut1 (4 -> 2)
  Optimizing lut $auto$abc_ops_reintegrate.cc:652:reintegrate$139689.genblk1.genblk1.genblk1.genblk1.genblk1.lut0 (4 -> 2)
  Optimizing lut $abc$139407$lut$aiger139406$16863.genblk1.genblk1.genblk1.genblk1.genblk1.lut1 (4 -> 3)
  Optimizing lut $abc$139407$lut$aiger139406$10308.genblk1.genblk1.genblk1.genblk1.genblk1.lut0 (4 -> 0)
  Optimizing lut $abc$139407$lut$aiger139406$21204.genblk1.genblk1.genblk1.genblk1.genblk1.lut1 (4 -> 0)
  Optimizing lut $abc$139407$lut$aiger139406$19495.genblk1.genblk1.genblk1.genblk1.genblk1.lut1 (4 -> 3)
  Optimizing lut $abc$139407$lut$aiger139406$19495.genblk1.genblk1.genblk1.genblk1.genblk1.lut0 (4 -> 2)
  Optimizing lut $auto$abc_ops_reintegrate.cc:652:reintegrate$139655.genblk1.genblk1.genblk1.genblk1.genblk1.genblk1.lut1.genblk1.genblk1.genblk1.genblk1.genblk1.lut1 (4 -> 2)
  Optimizing lut $abc$139407$lut$aiger139406$16953.genblk1.genblk1.genblk1.genblk1.genblk1.lut0 (4 -> 0)
  Optimizing lut $abc$139407$lut$aiger139406$8622.genblk1.genblk1.genblk1.genblk1.genblk1.genblk1.genblk1.lut1.genblk1.genblk1.genblk1.genblk1.genblk1.genblk1.lut1.genblk1.genblk1.genblk1.genblk1.genblk1.lut1 (4 -> 0)
  Optimizing lut $auto$abc_ops_reintegrate.cc:652:reintegrate$139816.genblk1.genblk1.genblk1.genblk1.genblk1.genblk1.lut0.genblk1.genblk1.genblk1.genblk1.genblk1.lut1 (4 -> 2)
  Optimizing lut $abc$139407$lut$aiger$o15202.genblk1.genblk1.genblk1.genblk1.genblk1.lut1 (4 -> 0)
  Optimizing lut $abc$139407$lut$aiger139406$11937.genblk1.genblk1.genblk1.genblk1.genblk1.lut0 (4 -> 2)
  Optimizing lut $abc$139407$lut$aiger139406$18662.genblk1.genblk1.genblk1.genblk1.genblk1.genblk1.lut0.genblk1.genblk1.genblk1.genblk1.genblk1.lut1 (4 -> 3)
  Optimizing lut $abc$139407$lut$aiger139406$20178.genblk1.genblk1.genblk1.genblk1.genblk1.lut1 (4 -> 3)
  Optimizing lut $abc$139407$lut$aiger139406$13815.genblk1.genblk1.genblk1.genblk1.genblk1.lut0 (4 -> 1)
  Optimizing lut $abc$139407$lut$aiger$o14894.genblk1.genblk1.genblk1.genblk1.genblk1.lut1 (4 -> 1)
  Optimizing lut $auto$abc_ops_reintegrate.cc:652:reintegrate$139601.genblk1.genblk1.genblk1.genblk1.genblk1.genblk1.lut1.genblk1.genblk1.genblk1.genblk1.genblk1.lut0 (4 -> 3)
  Optimizing lut $abc$139407$lut$aiger139406$13697.genblk1.genblk1.genblk1.genblk1.genblk1.genblk1.genblk1.genblk1.lut0.genblk1.genblk1.genblk1.genblk1.genblk1.genblk1.genblk1.lut0.genblk1.genblk1.genblk1.genblk1.genblk1.genblk1.lut1.genblk1.genblk1.genblk1.genblk1.genblk1.lut1 (4 -> 0)
  Optimizing lut $abc$139407$lut$aiger139406$13703.genblk1.genblk1.genblk1.genblk1.genblk1.genblk1.genblk1.lut0.genblk1.genblk1.genblk1.genblk1.genblk1.genblk1.lut1.genblk1.genblk1.genblk1.genblk1.genblk1.lut1 (4 -> 0)
  Optimizing lut $auto$abc_ops_reintegrate.cc:652:reintegrate$139643.genblk1.genblk1.genblk1.genblk1.genblk1.genblk1.genblk1.lut0.genblk1.genblk1.genblk1.genblk1.genblk1.genblk1.lut0.genblk1.genblk1.genblk1.genblk1.genblk1.lut1 (4 -> 2)
  Optimizing lut $abc$139407$lut$aiger139406$13703.genblk1.genblk1.genblk1.genblk1.genblk1.genblk1.genblk1.lut1.genblk1.genblk1.genblk1.genblk1.genblk1.genblk1.lut1.genblk1.genblk1.genblk1.genblk1.genblk1.lut1 (4 -> 0)
  Optimizing lut $abc$139407$lut$aiger139406$11154.genblk1.genblk1.genblk1.genblk1.genblk1.lut0 (4 -> 2)
  Optimizing lut $abc$139407$lut$aiger139406$22155.genblk1.genblk1.genblk1.genblk1.genblk1.genblk1.genblk1.lut1.genblk1.genblk1.genblk1.genblk1.genblk1.genblk1.lut1.genblk1.genblk1.genblk1.genblk1.genblk1.lut1 (4 -> 2)
  Optimizing lut $abc$139407$lut$aiger139406$11097.genblk1.genblk1.genblk1.genblk1.genblk1.lut0 (4 -> 0)
  Optimizing lut $abc$139407$lut$aiger139406$11084.genblk1.genblk1.genblk1.genblk1.genblk1.lut0 (4 -> 0)
  Optimizing lut $abc$139407$lut$aiger$o14517.genblk1.genblk1.genblk1.genblk1.genblk1.lut1 (4 -> 1)
  Optimizing lut $abc$139407$lut$aiger139406$13855.genblk1.genblk1.genblk1.genblk1.genblk1.genblk1.genblk1.genblk1.lut0.genblk1.genblk1.genblk1.genblk1.genblk1.genblk1.genblk1.lut0.genblk1.genblk1.genblk1.genblk1.genblk1.genblk1.lut0.genblk1.genblk1.genblk1.genblk1.genblk1.lut1 (4 -> 3)
  Optimizing lut $auto$abc_ops_reintegrate.cc:652:reintegrate$139493.genblk1.genblk1.genblk1.genblk1.genblk1.genblk1.genblk1.genblk1.lut0.genblk1.genblk1.genblk1.genblk1.genblk1.genblk1.genblk1.lut0.genblk1.genblk1.genblk1.genblk1.genblk1.genblk1.lut1.genblk1.genblk1.genblk1.genblk1.genblk1.lut1 (4 -> 2)
  Optimizing lut $abc$139407$lut$aiger139406$10529.genblk1.genblk1.genblk1.genblk1.genblk1.lut0 (4 -> 2)
  Optimizing lut $abc$139407$lut$aiger139406$17990.genblk1.genblk1.genblk1.genblk1.genblk1.lut0 (4 -> 0)
  Optimizing lut $abc$139407$lut$aiger139406$9769.genblk1.genblk1.genblk1.genblk1.genblk1.lut1 (4 -> 0)
  Optimizing lut $auto$abc_ops_reintegrate.cc:652:reintegrate$139608.genblk1.genblk1.genblk1.genblk1.genblk1.genblk1.genblk1.lut0.genblk1.genblk1.genblk1.genblk1.genblk1.genblk1.lut0.genblk1.genblk1.genblk1.genblk1.genblk1.lut1 (4 -> 0)
  Optimizing lut $abc$139407$lut$aiger139406$15800.genblk1.genblk1.genblk1.genblk1.genblk1.lut0 (4 -> 0)
  Optimizing lut $abc$139407$lut$aiger139406$17788.genblk1.genblk1.genblk1.genblk1.genblk1.lut0 (4 -> 0)
  Optimizing lut $abc$139407$lut$aiger139406$15128.genblk1.genblk1.genblk1.genblk1.genblk1.lut0 (4 -> 3)
  Optimizing lut $abc$139407$lut$aiger139406$20649.genblk1.genblk1.genblk1.genblk1.genblk1.genblk1.lut1.genblk1.genblk1.genblk1.genblk1.genblk1.lut1 (4 -> 0)
  Optimizing lut $abc$139407$lut$aiger139406$16743.genblk1.genblk1.genblk1.genblk1.genblk1.lut0 (4 -> 3)
  Optimizing lut $abc$139407$lut$aiger139406$12366.genblk1.genblk1.genblk1.genblk1.genblk1.lut0 (4 -> 0)
  Optimizing lut $abc$139407$lut$aiger139406$16747.genblk1.genblk1.genblk1.genblk1.genblk1.lut0 (4 -> 3)
  Optimizing lut $abc$139407$lut$aiger139406$22168.genblk1.genblk1.genblk1.genblk1.genblk1.genblk1.lut1.genblk1.genblk1.genblk1.genblk1.genblk1.lut1 (4 -> 0)
  Optimizing lut $abc$139407$lut$aiger139406$13662.genblk1.genblk1.genblk1.genblk1.genblk1.genblk1.genblk1.genblk1.lut1.genblk1.genblk1.genblk1.genblk1.genblk1.genblk1.genblk1.lut0.genblk1.genblk1.genblk1.genblk1.genblk1.genblk1.lut1.genblk1.genblk1.genblk1.genblk1.genblk1.lut1 (4 -> 0)
  Optimizing lut $abc$139407$lut$aiger$o12083.genblk1.genblk1.genblk1.genblk1.genblk1.lut0 (4 -> 2)
  Optimizing lut $abc$139407$lut$aiger139406$12396.genblk1.genblk1.genblk1.genblk1.genblk1.lut0 (4 -> 0)
  Optimizing lut $abc$139407$lut$aiger139406$21547.genblk1.genblk1.genblk1.genblk1.genblk1.lut0 (4 -> 0)
  Optimizing lut $abc$139407$lut$aiger139406$8691.genblk1.genblk1.genblk1.genblk1.genblk1.genblk1.genblk1.genblk1.lut1.genblk1.genblk1.genblk1.genblk1.genblk1.genblk1.genblk1.lut0.genblk1.genblk1.genblk1.genblk1.genblk1.genblk1.lut1.genblk1.genblk1.genblk1.genblk1.genblk1.lut1 (4 -> 0)
  Optimizing lut $abc$139407$lut$aiger$o15676.genblk1.genblk1.genblk1.genblk1.genblk1.lut0 (4 -> 1)
  Optimizing lut $auto$abc_ops_reintegrate.cc:652:reintegrate$139417.genblk1.genblk1.genblk1.genblk1.genblk1.genblk1.genblk1.genblk1.lut1.genblk1.genblk1.genblk1.genblk1.genblk1.genblk1.genblk1.lut0.genblk1.genblk1.genblk1.genblk1.genblk1.genblk1.lut1.genblk1.genblk1.genblk1.genblk1.genblk1.lut1 (4 -> 2)
  Optimizing lut $abc$139407$lut$aiger139406$21529.genblk1.genblk1.genblk1.genblk1.genblk1.genblk1.lut1.genblk1.genblk1.genblk1.genblk1.genblk1.lut0 (4 -> 3)
  Optimizing lut $abc$139407$lut$aiger139406$21476.genblk1.genblk1.genblk1.genblk1.genblk1.lut1 (4 -> 3)
  Optimizing lut $abc$139407$lut$aiger139406$21269.genblk1.genblk1.genblk1.genblk1.genblk1.lut0 (4 -> 2)
  Optimizing lut $abc$139407$lut$aiger139406$21269.genblk1.genblk1.genblk1.genblk1.genblk1.lut1 (4 -> 3)
  Optimizing lut $auto$abc_ops_reintegrate.cc:652:reintegrate$139467.genblk1.genblk1.genblk1.genblk1.genblk1.lut0 (4 -> 3)
  Optimizing lut $auto$abc_ops_reintegrate.cc:652:reintegrate$139842.genblk1.genblk1.genblk1.genblk1.genblk1.lut1 (4 -> 0)
  Optimizing lut $abc$139407$lut$aiger139406$17840.genblk1.genblk1.genblk1.genblk1.genblk1.lut1 (4 -> 0)
  Optimizing lut $abc$139407$lut$aiger139406$11473.genblk1.genblk1.genblk1.genblk1.genblk1.lut0 (4 -> 0)
  Optimizing lut $abc$139407$lut$aiger139406$18800.genblk1.genblk1.genblk1.genblk1.genblk1.lut0 (4 -> 0)
  Optimizing lut $abc$139407$lut$aiger$o13359.genblk1.genblk1.genblk1.genblk1.genblk1.lut1 (4 -> 0)
  Optimizing lut $abc$139407$lut$aiger139406$14704.genblk1.genblk1.genblk1.genblk1.genblk1.lut0 (4 -> 0)
  Optimizing lut $auto$abc_ops_reintegrate.cc:652:reintegrate$139653.genblk1.genblk1.genblk1.genblk1.genblk1.lut0 (4 -> 3)
  Optimizing lut $abc$139407$lut$aiger139406$16052.genblk1.genblk1.genblk1.genblk1.genblk1.lut0 (4 -> 2)
  Optimizing lut $abc$139407$lut$aiger139406$9713.genblk1.genblk1.genblk1.genblk1.genblk1.genblk1.genblk1.genblk1.lut0.genblk1.genblk1.genblk1.genblk1.genblk1.genblk1.genblk1.lut0.genblk1.genblk1.genblk1.genblk1.genblk1.genblk1.lut0.genblk1.genblk1.genblk1.genblk1.genblk1.lut1 (4 -> 0)
  Optimizing lut $abc$139407$lut$aiger139406$9387.genblk1.genblk1.genblk1.genblk1.genblk1.genblk1.genblk1.genblk1.lut0.genblk1.genblk1.genblk1.genblk1.genblk1.genblk1.genblk1.lut0.genblk1.genblk1.genblk1.genblk1.genblk1.genblk1.lut1.genblk1.genblk1.genblk1.genblk1.genblk1.lut1 (4 -> 3)
  Optimizing lut $abc$139407$lut$aiger139406$19676.genblk1.genblk1.genblk1.genblk1.genblk1.lut0 (4 -> 0)
  Optimizing lut $abc$139407$lut$aiger139406$22155.genblk1.genblk1.genblk1.genblk1.genblk1.genblk1.genblk1.lut0.genblk1.genblk1.genblk1.genblk1.genblk1.genblk1.lut1.genblk1.genblk1.genblk1.genblk1.genblk1.lut1 (4 -> 3)
  Optimizing lut $abc$139407$lut$aiger$o14659.genblk1.genblk1.genblk1.genblk1.genblk1.lut1 (4 -> 1)
  Optimizing lut $abc$139407$lut$aiger139406$22168.genblk1.genblk1.genblk1.genblk1.genblk1.genblk1.lut1.genblk1.genblk1.genblk1.genblk1.genblk1.lut0 (4 -> 0)
  Optimizing lut $auto$abc_ops_reintegrate.cc:652:reintegrate$139517.genblk1.genblk1.genblk1.genblk1.genblk1.genblk1.genblk1.lut0.genblk1.genblk1.genblk1.genblk1.genblk1.genblk1.lut0.genblk1.genblk1.genblk1.genblk1.genblk1.lut1 (4 -> 0)
  Optimizing lut $auto$abc_ops_reintegrate.cc:652:reintegrate$139748.genblk1.genblk1.genblk1.genblk1.genblk1.genblk1.genblk1.genblk1.lut1.genblk1.genblk1.genblk1.genblk1.genblk1.genblk1.genblk1.lut1.genblk1.genblk1.genblk1.genblk1.genblk1.genblk1.lut1.genblk1.genblk1.genblk1.genblk1.genblk1.lut1 (4 -> 0)
  Optimizing lut $abc$139407$lut$aiger139406$18363.genblk1.genblk1.genblk1.genblk1.genblk1.lut0 (4 -> 0)
  Optimizing lut $abc$139407$lut$aiger139406$14220.genblk1.genblk1.genblk1.genblk1.genblk1.lut0 (4 -> 3)
  Optimizing lut $abc$139407$lut$aiger139406$20304.genblk1.genblk1.genblk1.genblk1.genblk1.lut0 (4 -> 0)
  Optimizing lut $abc$139407$lut$aiger139406$9387.genblk1.genblk1.genblk1.genblk1.genblk1.genblk1.genblk1.genblk1.lut0.genblk1.genblk1.genblk1.genblk1.genblk1.genblk1.genblk1.lut0.genblk1.genblk1.genblk1.genblk1.genblk1.genblk1.lut0.genblk1.genblk1.genblk1.genblk1.genblk1.lut1 (4 -> 3)
  Optimizing lut $abc$139407$lut$aiger139406$21586.genblk1.genblk1.genblk1.genblk1.genblk1.genblk1.lut1.genblk1.genblk1.genblk1.genblk1.genblk1.lut1 (4 -> 0)
  Optimizing lut $abc$139407$lut$aiger$o15518.genblk1.genblk1.genblk1.genblk1.genblk1.lut0 (4 -> 1)
  Optimizing lut $abc$139407$lut$aiger139406$9149.genblk1.genblk1.genblk1.genblk1.genblk1.lut0 (4 -> 0)
  Optimizing lut $abc$139407$lut$aiger139406$11428.genblk1.genblk1.genblk1.genblk1.genblk1.genblk1.genblk1.lut0.genblk1.genblk1.genblk1.genblk1.genblk1.genblk1.lut0.genblk1.genblk1.genblk1.genblk1.genblk1.lut1 (4 -> 0)
  Optimizing lut $abc$139407$lut$aiger139406$11411.genblk1.genblk1.genblk1.genblk1.genblk1.genblk1.lut1.genblk1.genblk1.genblk1.genblk1.genblk1.lut1 (4 -> 1)
  Optimizing lut $abc$139407$lut$aiger139406$11402.genblk1.genblk1.genblk1.genblk1.genblk1.genblk1.lut1.genblk1.genblk1.genblk1.genblk1.genblk1.lut1 (4 -> 3)
  Optimizing lut $abc$139407$lut$aiger139406$18786.genblk1.genblk1.genblk1.genblk1.genblk1.lut0 (4 -> 0)
  Optimizing lut $auto$abc_ops_reintegrate.cc:652:reintegrate$139757.genblk1.genblk1.genblk1.genblk1.genblk1.genblk1.genblk1.genblk1.lut1.genblk1.genblk1.genblk1.genblk1.genblk1.genblk1.genblk1.lut1.genblk1.genblk1.genblk1.genblk1.genblk1.genblk1.lut1.genblk1.genblk1.genblk1.genblk1.genblk1.lut1 (4 -> 0)
  Optimizing lut $auto$abc_ops_reintegrate.cc:652:reintegrate$139757.genblk1.genblk1.genblk1.genblk1.genblk1.genblk1.genblk1.genblk1.lut0.genblk1.genblk1.genblk1.genblk1.genblk1.genblk1.genblk1.lut0.genblk1.genblk1.genblk1.genblk1.genblk1.genblk1.lut1.genblk1.genblk1.genblk1.genblk1.genblk1.lut1 (4 -> 0)
  Optimizing lut $auto$abc_ops_reintegrate.cc:652:reintegrate$139757.genblk1.genblk1.genblk1.genblk1.genblk1.genblk1.genblk1.genblk1.lut1.genblk1.genblk1.genblk1.genblk1.genblk1.genblk1.genblk1.lut0.genblk1.genblk1.genblk1.genblk1.genblk1.genblk1.lut1.genblk1.genblk1.genblk1.genblk1.genblk1.lut1 (4 -> 0)
  Optimizing lut $auto$abc_ops_reintegrate.cc:652:reintegrate$139831.genblk1.genblk1.genblk1.genblk1.genblk1.lut0 (4 -> 0)
  Optimizing lut $auto$abc_ops_reintegrate.cc:652:reintegrate$139748.genblk1.genblk1.genblk1.genblk1.genblk1.genblk1.genblk1.genblk1.lut0.genblk1.genblk1.genblk1.genblk1.genblk1.genblk1.genblk1.lut0.genblk1.genblk1.genblk1.genblk1.genblk1.genblk1.lut1.genblk1.genblk1.genblk1.genblk1.genblk1.lut1 (4 -> 0)
  Optimizing lut $auto$abc_ops_reintegrate.cc:652:reintegrate$139747.genblk1.genblk1.genblk1.genblk1.genblk1.genblk1.genblk1.genblk1.lut0.genblk1.genblk1.genblk1.genblk1.genblk1.genblk1.genblk1.lut0.genblk1.genblk1.genblk1.genblk1.genblk1.genblk1.lut1.genblk1.genblk1.genblk1.genblk1.genblk1.lut1 (4 -> 3)
  Optimizing lut $auto$abc_ops_reintegrate.cc:652:reintegrate$139746.genblk1.genblk1.genblk1.genblk1.genblk1.genblk1.genblk1.genblk1.lut0.genblk1.genblk1.genblk1.genblk1.genblk1.genblk1.genblk1.lut0.genblk1.genblk1.genblk1.genblk1.genblk1.genblk1.lut1.genblk1.genblk1.genblk1.genblk1.genblk1.lut1 (4 -> 0)
  Optimizing lut $abc$139407$lut$aiger139406$13000.genblk1.genblk1.genblk1.genblk1.genblk1.lut0 (4 -> 2)
  Optimizing lut $abc$139407$lut$aiger139406$13192.genblk1.genblk1.genblk1.genblk1.genblk1.genblk1.lut1.genblk1.genblk1.genblk1.genblk1.genblk1.lut0 (4 -> 3)
  Optimizing lut $abc$139407$lut$aiger139406$11040.genblk1.genblk1.genblk1.genblk1.genblk1.lut1 (4 -> 3)
  Optimizing lut $abc$139407$lut$aiger139406$20474.genblk1.genblk1.genblk1.genblk1.genblk1.lut1 (4 -> 0)
  Optimizing lut $abc$139407$lut$aiger139406$8995.genblk1.genblk1.genblk1.genblk1.genblk1.lut0 (4 -> 0)
  Optimizing lut $auto$abc_ops_reintegrate.cc:652:reintegrate$139503.genblk1.genblk1.genblk1.genblk1.genblk1.genblk1.lut0.genblk1.genblk1.genblk1.genblk1.genblk1.lut1 (4 -> 3)
  Optimizing lut $auto$abc_ops_reintegrate.cc:652:reintegrate$139497.genblk1.genblk1.genblk1.genblk1.genblk1.genblk1.lut1.genblk1.genblk1.genblk1.genblk1.genblk1.lut1 (4 -> 1)
  Optimizing lut $abc$139407$lut$aiger$o15506.genblk1.genblk1.genblk1.genblk1.genblk1.lut1 (4 -> 3)
  Optimizing lut $abc$139407$lut$aiger139406$9782.genblk1.genblk1.genblk1.genblk1.genblk1.lut1 (4 -> 0)
  Optimizing lut $abc$139407$lut$aiger139406$12422.genblk1.genblk1.genblk1.genblk1.genblk1.lut0 (4 -> 0)
  Optimizing lut $abc$139407$lut$aiger139406$12060.genblk1.genblk1.genblk1.genblk1.genblk1.lut0 (4 -> 0)
  Optimizing lut $abc$139407$lut$aiger$o9761.genblk1.genblk1.genblk1.genblk1.genblk1.lut0 (4 -> 1)
  Optimizing lut $abc$139407$lut$aiger139406$8699.genblk1.genblk1.genblk1.genblk1.genblk1.genblk1.genblk1.genblk1.lut1.genblk1.genblk1.genblk1.genblk1.genblk1.genblk1.genblk1.lut0.genblk1.genblk1.genblk1.genblk1.genblk1.genblk1.lut1.genblk1.genblk1.genblk1.genblk1.genblk1.lut1 (4 -> 0)
  Optimizing lut $abc$139407$lut$aiger139406$9451.genblk1.genblk1.genblk1.genblk1.genblk1.lut1 (4 -> 1)
  Optimizing lut $abc$139407$lut$aiger139406$17218.genblk1.genblk1.genblk1.genblk1.genblk1.lut0 (4 -> 0)
  Optimizing lut $abc$139407$lut$aiger139406$11040.genblk1.genblk1.genblk1.genblk1.genblk1.lut0 (4 -> 2)
  Optimizing lut $auto$abc_ops_reintegrate.cc:652:reintegrate$139541.genblk1.genblk1.genblk1.genblk1.genblk1.genblk1.lut0.genblk1.genblk1.genblk1.genblk1.genblk1.lut1 (4 -> 2)
  Optimizing lut $abc$139407$lut$aiger139406$11479.genblk1.genblk1.genblk1.genblk1.genblk1.lut0 (4 -> 0)
  Optimizing lut $abc$139407$lut$aiger$o15180.genblk1.genblk1.genblk1.genblk1.genblk1.lut1 (4 -> 1)
  Optimizing lut $abc$139407$lut$aiger139406$8713.genblk1.genblk1.genblk1.genblk1.genblk1.genblk1.genblk1.lut1.genblk1.genblk1.genblk1.genblk1.genblk1.genblk1.lut1.genblk1.genblk1.genblk1.genblk1.genblk1.lut1 (4 -> 0)
  Optimizing lut $abc$139407$lut$aiger139406$18211.genblk1.genblk1.genblk1.genblk1.genblk1.genblk1.lut1.genblk1.genblk1.genblk1.genblk1.genblk1.lut1 (4 -> 1)
  Optimizing lut $abc$139407$lut$aiger139406$18388.genblk1.genblk1.genblk1.genblk1.genblk1.genblk1.lut1.genblk1.genblk1.genblk1.genblk1.genblk1.lut1 (4 -> 0)
  Optimizing lut $auto$abc_ops_reintegrate.cc:652:reintegrate$139834.genblk1.genblk1.genblk1.genblk1.genblk1.lut0 (4 -> 3)
  Optimizing lut $abc$139407$lut$aiger139406$20456.genblk1.genblk1.genblk1.genblk1.genblk1.lut1 (4 -> 0)
  Optimizing lut $abc$139407$lut$aiger$o15196.genblk1.genblk1.genblk1.genblk1.genblk1.lut0 (4 -> 1)
  Optimizing lut $abc$139407$lut$aiger139406$8440.genblk1.genblk1.genblk1.genblk1.genblk1.lut0 (4 -> 0)
  Optimizing lut $abc$139407$lut$aiger$o12230.genblk1.genblk1.genblk1.genblk1.genblk1.lut1 (4 -> 3)
  Optimizing lut $abc$139407$lut$aiger$o15476.genblk1.genblk1.genblk1.genblk1.genblk1.genblk1.lut1.genblk1.genblk1.genblk1.genblk1.genblk1.lut0 (4 -> 2)
  Optimizing lut $abc$139407$lut$aiger139406$10742.genblk1.genblk1.genblk1.genblk1.genblk1.lut0 (4 -> 0)
  Optimizing lut $abc$139407$lut$aiger139406$9103.genblk1.genblk1.genblk1.genblk1.genblk1.lut1 (4 -> 3)
  Optimizing lut $abc$139407$lut$aiger139406$20895.genblk1.genblk1.genblk1.genblk1.genblk1.lut0 (4 -> 0)
  Optimizing lut $abc$139407$lut$aiger139406$20649.genblk1.genblk1.genblk1.genblk1.genblk1.genblk1.lut1.genblk1.genblk1.genblk1.genblk1.genblk1.lut0 (4 -> 0)
  Optimizing lut $abc$139407$lut$aiger139406$8699.genblk1.genblk1.genblk1.genblk1.genblk1.genblk1.genblk1.genblk1.lut0.genblk1.genblk1.genblk1.genblk1.genblk1.genblk1.genblk1.lut0.genblk1.genblk1.genblk1.genblk1.genblk1.genblk1.lut0.genblk1.genblk1.genblk1.genblk1.genblk1.lut1 (4 -> 0)
  Optimizing lut $abc$139407$lut$aiger139406$13703.genblk1.genblk1.genblk1.genblk1.genblk1.genblk1.genblk1.lut0.genblk1.genblk1.genblk1.genblk1.genblk1.genblk1.lut1.genblk1.genblk1.genblk1.genblk1.genblk1.lut0 (4 -> 0)
  Optimizing lut $abc$139407$lut$aiger139406$22399.genblk1.genblk1.genblk1.genblk1.genblk1.genblk1.genblk1.genblk1.lut0.genblk1.genblk1.genblk1.genblk1.genblk1.genblk1.genblk1.lut0.genblk1.genblk1.genblk1.genblk1.genblk1.genblk1.lut1.genblk1.genblk1.genblk1.genblk1.genblk1.lut1 (4 -> 0)
  Optimizing lut $abc$139407$lut$aiger139406$15182.genblk1.genblk1.genblk1.genblk1.genblk1.genblk1.genblk1.genblk1.lut0.genblk1.genblk1.genblk1.genblk1.genblk1.genblk1.genblk1.lut0.genblk1.genblk1.genblk1.genblk1.genblk1.genblk1.lut1.genblk1.genblk1.genblk1.genblk1.genblk1.lut1 (4 -> 0)
  Optimizing lut $abc$139407$lut$aiger139406$13525.genblk1.genblk1.genblk1.genblk1.genblk1.lut0 (4 -> 0)
  Optimizing lut $abc$139407$lut$aiger$o15647.genblk1.genblk1.genblk1.genblk1.genblk1.lut1 (4 -> 1)
  Optimizing lut $abc$139407$lut$aiger139406$8724.genblk1.genblk1.genblk1.genblk1.genblk1.genblk1.genblk1.lut1.genblk1.genblk1.genblk1.genblk1.genblk1.genblk1.lut1.genblk1.genblk1.genblk1.genblk1.genblk1.lut1 (4 -> 0)
  Optimizing lut $abc$139407$lut$aiger$o12020.genblk1.genblk1.genblk1.genblk1.genblk1.genblk1.lut1.genblk1.genblk1.genblk1.genblk1.genblk1.lut1 (4 -> 1)
  Optimizing lut $abc$139407$lut$aiger$o10776.genblk1.genblk1.genblk1.genblk1.genblk1.genblk1.lut0.genblk1.genblk1.genblk1.genblk1.genblk1.lut1 (4 -> 1)
  Optimizing lut $abc$139407$lut$aiger139406$9949.genblk1.genblk1.genblk1.genblk1.genblk1.lut0 (4 -> 3)
  Optimizing lut $auto$abc_ops_reintegrate.cc:652:reintegrate$139541.genblk1.genblk1.genblk1.genblk1.genblk1.genblk1.lut1.genblk1.genblk1.genblk1.genblk1.genblk1.lut0 (4 -> 2)
  Optimizing lut $abc$139407$lut$aiger139406$15613.genblk1.genblk1.genblk1.genblk1.genblk1.lut0 (4 -> 0)
  Optimizing lut $abc$139407$lut$aiger$o14162.genblk1.genblk1.genblk1.genblk1.genblk1.lut1 (4 -> 1)
  Optimizing lut $abc$139407$lut$aiger$o13596.genblk1.genblk1.genblk1.genblk1.genblk1.genblk1.genblk1.lut0.genblk1.genblk1.genblk1.genblk1.genblk1.genblk1.lut0.genblk1.genblk1.genblk1.genblk1.genblk1.lut1 (4 -> 0)
  Optimizing lut $abc$139407$lut$aiger139406$12281.genblk1.genblk1.genblk1.genblk1.genblk1.genblk1.genblk1.lut1.genblk1.genblk1.genblk1.genblk1.genblk1.genblk1.lut1.genblk1.genblk1.genblk1.genblk1.genblk1.lut1 (4 -> 2)
  Optimizing lut $auto$abc_ops_reintegrate.cc:652:reintegrate$139417.genblk1.genblk1.genblk1.genblk1.genblk1.genblk1.genblk1.genblk1.lut1.genblk1.genblk1.genblk1.genblk1.genblk1.genblk1.genblk1.lut1.genblk1.genblk1.genblk1.genblk1.genblk1.genblk1.lut1.genblk1.genblk1.genblk1.genblk1.genblk1.lut1 (4 -> 2)
  Optimizing lut $auto$abc_ops_reintegrate.cc:652:reintegrate$139790.genblk1.genblk1.genblk1.genblk1.genblk1.lut0 (4 -> 3)
  Optimizing lut $abc$139407$lut$aiger139406$10619.genblk1.genblk1.genblk1.genblk1.genblk1.genblk1.genblk1.lut1.genblk1.genblk1.genblk1.genblk1.genblk1.genblk1.lut1.genblk1.genblk1.genblk1.genblk1.genblk1.lut1 (4 -> 0)
  Optimizing lut $abc$139407$lut$aiger139406$14002.genblk1.genblk1.genblk1.genblk1.genblk1.lut0 (4 -> 0)
  Optimizing lut $auto$abc_ops_reintegrate.cc:652:reintegrate$139715.genblk1.genblk1.genblk1.genblk1.genblk1.lut0 (4 -> 0)
  Optimizing lut $abc$139407$lut$aiger139406$15874.genblk1.genblk1.genblk1.genblk1.genblk1.genblk1.lut1.genblk1.genblk1.genblk1.genblk1.genblk1.lut0 (4 -> 3)
  Optimizing lut $abc$139407$lut$aiger139406$11154.genblk1.genblk1.genblk1.genblk1.genblk1.lut1 (4 -> 3)
  Optimizing lut $abc$139407$lut$aiger139406$20360.genblk1.genblk1.genblk1.genblk1.genblk1.lut0 (4 -> 3)
  Optimizing lut $abc$139407$lut$aiger139406$9889.genblk1.genblk1.genblk1.genblk1.genblk1.lut0 (4 -> 3)
  Optimizing lut $abc$139407$lut$aiger139406$9206.genblk1.genblk1.genblk1.genblk1.genblk1.lut0 (4 -> 0)
  Optimizing lut $abc$139407$lut$aiger139406$14753.genblk1.genblk1.genblk1.genblk1.genblk1.lut1 (4 -> 0)
  Optimizing lut $abc$139407$lut$aiger139406$14824.genblk1.genblk1.genblk1.genblk1.genblk1.genblk1.genblk1.lut0.genblk1.genblk1.genblk1.genblk1.genblk1.genblk1.lut1.genblk1.genblk1.genblk1.genblk1.genblk1.lut0 (4 -> 0)
  Optimizing lut $auto$abc_ops_reintegrate.cc:652:reintegrate$139417.genblk1.genblk1.genblk1.genblk1.genblk1.genblk1.genblk1.genblk1.lut0.genblk1.genblk1.genblk1.genblk1.genblk1.genblk1.genblk1.lut0.genblk1.genblk1.genblk1.genblk1.genblk1.genblk1.lut0.genblk1.genblk1.genblk1.genblk1.genblk1.lut1 (4 -> 2)
  Optimizing lut $abc$139407$lut$aiger139406$10252.genblk1.genblk1.genblk1.genblk1.genblk1.lut0 (4 -> 0)
  Optimizing lut $abc$139407$lut$aiger139406$16523.genblk1.genblk1.genblk1.genblk1.genblk1.lut1 (4 -> 0)
  Optimizing lut $abc$139407$lut$aiger139406$15239.genblk1.genblk1.genblk1.genblk1.genblk1.lut0 (4 -> 3)
  Optimizing lut $abc$139407$lut$aiger139406$17514.genblk1.genblk1.genblk1.genblk1.genblk1.lut1 (4 -> 3)
  Optimizing lut $abc$139407$lut$aiger139406$14348.genblk1.genblk1.genblk1.genblk1.genblk1.lut1 (4 -> 3)
  Optimizing lut $auto$abc_ops_reintegrate.cc:652:reintegrate$139601.genblk1.genblk1.genblk1.genblk1.genblk1.genblk1.lut1.genblk1.genblk1.genblk1.genblk1.genblk1.lut1 (4 -> 2)
  Optimizing lut $abc$139407$lut$aiger139406$17514.genblk1.genblk1.genblk1.genblk1.genblk1.lut0 (4 -> 2)
  Optimizing lut $auto$abc_ops_reintegrate.cc:652:reintegrate$139590.genblk1.genblk1.genblk1.genblk1.genblk1.lut0 (4 -> 3)
  Optimizing lut $abc$139407$lut$aiger$o15005.genblk1.genblk1.genblk1.genblk1.genblk1.lut1 (4 -> 1)
  Optimizing lut $auto$abc_ops_reintegrate.cc:652:reintegrate$139562.genblk1.genblk1.genblk1.genblk1.genblk1.genblk1.genblk1.genblk1.lut0.genblk1.genblk1.genblk1.genblk1.genblk1.genblk1.genblk1.lut0.genblk1.genblk1.genblk1.genblk1.genblk1.genblk1.lut1.genblk1.genblk1.genblk1.genblk1.genblk1.lut1 (4 -> 2)
  Optimizing lut $abc$139407$lut$aiger139406$18564.genblk1.genblk1.genblk1.genblk1.genblk1.genblk1.lut1.genblk1.genblk1.genblk1.genblk1.genblk1.lut0 (4 -> 3)
  Optimizing lut $auto$abc_ops_reintegrate.cc:652:reintegrate$139565.genblk1.genblk1.genblk1.genblk1.genblk1.lut0 (4 -> 2)
  Optimizing lut $abc$139407$lut$aiger139406$18397.genblk1.genblk1.genblk1.genblk1.genblk1.lut0 (4 -> 0)
  Optimizing lut $auto$abc_ops_reintegrate.cc:652:reintegrate$139570.genblk1.genblk1.genblk1.genblk1.genblk1.genblk1.lut1.genblk1.genblk1.genblk1.genblk1.genblk1.lut1 (4 -> 2)
  Optimizing lut $abc$139407$lut$aiger139406$18220.genblk1.genblk1.genblk1.genblk1.genblk1.lut1 (4 -> 0)
  Optimizing lut $abc$139407$lut$aiger139406$14831.genblk1.genblk1.genblk1.genblk1.genblk1.genblk1.lut0.genblk1.genblk1.genblk1.genblk1.genblk1.lut1 (4 -> 0)
  Optimizing lut $abc$139407$lut$aiger139406$12709.genblk1.genblk1.genblk1.genblk1.genblk1.lut0 (4 -> 2)
  Optimizing lut $auto$abc_ops_reintegrate.cc:652:reintegrate$139451.genblk1.genblk1.genblk1.genblk1.genblk1.lut0 (4 -> 2)
  Optimizing lut $abc$139407$lut$aiger$o10101.genblk1.genblk1.genblk1.genblk1.genblk1.genblk1.genblk1.lut0.genblk1.genblk1.genblk1.genblk1.genblk1.genblk1.lut1.genblk1.genblk1.genblk1.genblk1.genblk1.lut0 (4 -> 3)
  Optimizing lut $auto$abc_ops_reintegrate.cc:652:reintegrate$139778.genblk1.genblk1.genblk1.genblk1.genblk1.genblk1.lut1.genblk1.genblk1.genblk1.genblk1.genblk1.lut1 (4 -> 2)
  Optimizing lut $abc$139407$lut$aiger139406$12709.genblk1.genblk1.genblk1.genblk1.genblk1.lut1 (4 -> 3)
  Optimizing lut $auto$abc_ops_reintegrate.cc:652:reintegrate$139772.genblk1.genblk1.genblk1.genblk1.genblk1.lut0 (4 -> 2)
  Optimizing lut $abc$139407$lut$aiger139406$16428.genblk1.genblk1.genblk1.genblk1.genblk1.lut0 (4 -> 2)
  Optimizing lut $abc$139407$lut$aiger139406$17542.genblk1.genblk1.genblk1.genblk1.genblk1.genblk1.genblk1.lut1.genblk1.genblk1.genblk1.genblk1.genblk1.genblk1.lut1.genblk1.genblk1.genblk1.genblk1.genblk1.lut1 (4 -> 0)
  Optimizing lut $auto$abc_ops_reintegrate.cc:652:reintegrate$139723.genblk1.genblk1.genblk1.genblk1.genblk1.lut0 (4 -> 3)
  Optimizing lut $abc$139407$lut$aiger139406$10238.genblk1.genblk1.genblk1.genblk1.genblk1.lut0 (4 -> 0)
  Optimizing lut $abc$139407$lut$aiger139406$9515.genblk1.genblk1.genblk1.genblk1.genblk1.lut1 (4 -> 3)
  Optimizing lut $abc$139407$lut$aiger139406$21372.genblk1.genblk1.genblk1.genblk1.genblk1.lut1 (4 -> 0)
  Optimizing lut $abc$139407$lut$aiger139406$14114.genblk1.genblk1.genblk1.genblk1.genblk1.lut1 (4 -> 3)
  Optimizing lut $auto$abc_ops_reintegrate.cc:652:reintegrate$139675.genblk1.genblk1.genblk1.genblk1.genblk1.genblk1.lut1.genblk1.genblk1.genblk1.genblk1.genblk1.lut1 (4 -> 0)
  Optimizing lut $abc$139407$lut$aiger139406$13655.genblk1.genblk1.genblk1.genblk1.genblk1.genblk1.genblk1.genblk1.lut0.genblk1.genblk1.genblk1.genblk1.genblk1.genblk1.genblk1.lut0.genblk1.genblk1.genblk1.genblk1.genblk1.genblk1.lut1.genblk1.genblk1.genblk1.genblk1.genblk1.lut1 (4 -> 0)
  Optimizing lut $abc$139407$lut$aiger139406$9541.genblk1.genblk1.genblk1.genblk1.genblk1.genblk1.lut0.genblk1.genblk1.genblk1.genblk1.genblk1.lut1 (4 -> 1)
  Optimizing lut $abc$139407$lut$aiger139406$21285.genblk1.genblk1.genblk1.genblk1.genblk1.lut1 (4 -> 3)
  Optimizing lut $abc$139407$lut$aiger139406$19427.genblk1.genblk1.genblk1.genblk1.genblk1.lut0 (4 -> 3)
  Optimizing lut $abc$139407$lut$aiger139406$19373.genblk1.genblk1.genblk1.genblk1.genblk1.lut0 (4 -> 0)
  Optimizing lut $abc$139407$lut$aiger139406$15182.genblk1.genblk1.genblk1.genblk1.genblk1.genblk1.genblk1.genblk1.lut0.genblk1.genblk1.genblk1.genblk1.genblk1.genblk1.genblk1.lut0.genblk1.genblk1.genblk1.genblk1.genblk1.genblk1.lut0.genblk1.genblk1.genblk1.genblk1.genblk1.lut1 (4 -> 0)
  Optimizing lut $abc$139407$lut$aiger139406$13409.genblk1.genblk1.genblk1.genblk1.genblk1.lut0 (4 -> 0)
  Optimizing lut $abc$139407$lut$aiger139406$10619.genblk1.genblk1.genblk1.genblk1.genblk1.genblk1.genblk1.lut0.genblk1.genblk1.genblk1.genblk1.genblk1.genblk1.lut1.genblk1.genblk1.genblk1.genblk1.genblk1.lut1 (4 -> 0)
  Optimizing lut $abc$139407$lut$aiger139406$22493.genblk1.genblk1.genblk1.genblk1.genblk1.lut0 (4 -> 0)
  Optimizing lut $abc$139407$lut$aiger139406$14818.genblk1.genblk1.genblk1.genblk1.genblk1.genblk1.genblk1.lut0.genblk1.genblk1.genblk1.genblk1.genblk1.genblk1.lut1.genblk1.genblk1.genblk1.genblk1.genblk1.lut1 (4 -> 0)
  Optimizing lut $abc$139407$lut$aiger139406$20388.genblk1.genblk1.genblk1.genblk1.genblk1.genblk1.genblk1.lut0.genblk1.genblk1.genblk1.genblk1.genblk1.genblk1.lut1.genblk1.genblk1.genblk1.genblk1.genblk1.lut1 (4 -> 0)
  Optimizing lut $abc$139407$lut$aiger139406$10633.genblk1.genblk1.genblk1.genblk1.genblk1.lut1 (4 -> 3)
  Optimizing lut $auto$abc_ops_reintegrate.cc:652:reintegrate$139495.genblk1.genblk1.genblk1.genblk1.genblk1.lut0 (4 -> 2)
  Optimizing lut $auto$abc_ops_reintegrate.cc:652:reintegrate$139658.genblk1.genblk1.genblk1.genblk1.genblk1.lut0 (4 -> 3)
  Optimizing lut $abc$139407$lut$aiger139406$18807.genblk1.genblk1.genblk1.genblk1.genblk1.lut0 (4 -> 0)
  Optimizing lut $abc$139407$lut$aiger$o12020.genblk1.genblk1.genblk1.genblk1.genblk1.genblk1.lut0.genblk1.genblk1.genblk1.genblk1.genblk1.lut1 (4 -> 1)
  Optimizing lut $abc$139407$lut$aiger139406$15866.genblk1.genblk1.genblk1.genblk1.genblk1.lut0 (4 -> 0)
  Optimizing lut $abc$139407$lut$aiger139406$13986.genblk1.genblk1.genblk1.genblk1.genblk1.lut0 (4 -> 0)
  Optimizing lut $abc$139407$lut$aiger$o13471.genblk1.genblk1.genblk1.genblk1.genblk1.lut0 (4 -> 1)
  Optimizing lut $abc$139407$lut$aiger139406$9159.genblk1.genblk1.genblk1.genblk1.genblk1.genblk1.genblk1.genblk1.lut1.genblk1.genblk1.genblk1.genblk1.genblk1.genblk1.genblk1.lut0.genblk1.genblk1.genblk1.genblk1.genblk1.genblk1.lut1.genblk1.genblk1.genblk1.genblk1.genblk1.lut1 (4 -> 0)
  Optimizing lut $abc$139407$lut$aiger139406$9159.genblk1.genblk1.genblk1.genblk1.genblk1.genblk1.genblk1.genblk1.lut0.genblk1.genblk1.genblk1.genblk1.genblk1.genblk1.genblk1.lut0.genblk1.genblk1.genblk1.genblk1.genblk1.genblk1.lut1.genblk1.genblk1.genblk1.genblk1.genblk1.lut1 (4 -> 0)
  Optimizing lut $abc$139407$lut$aiger139406$13690.genblk1.genblk1.genblk1.genblk1.genblk1.genblk1.genblk1.genblk1.lut1.genblk1.genblk1.genblk1.genblk1.genblk1.genblk1.genblk1.lut0.genblk1.genblk1.genblk1.genblk1.genblk1.genblk1.lut1.genblk1.genblk1.genblk1.genblk1.genblk1.lut1 (4 -> 0)
  Optimizing lut $auto$abc_ops_reintegrate.cc:652:reintegrate$139863.genblk1.genblk1.genblk1.genblk1.genblk1.lut0 (4 -> 3)
  Optimizing lut $abc$139407$lut$aiger139406$8583.genblk1.genblk1.genblk1.genblk1.genblk1.genblk1.genblk1.lut0.genblk1.genblk1.genblk1.genblk1.genblk1.genblk1.lut0.genblk1.genblk1.genblk1.genblk1.genblk1.lut1 (4 -> 0)
  Optimizing lut $auto$abc_ops_reintegrate.cc:652:reintegrate$139417.genblk1.genblk1.genblk1.genblk1.genblk1.genblk1.genblk1.genblk1.lut0.genblk1.genblk1.genblk1.genblk1.genblk1.genblk1.genblk1.lut0.genblk1.genblk1.genblk1.genblk1.genblk1.genblk1.lut1.genblk1.genblk1.genblk1.genblk1.genblk1.lut1 (4 -> 2)
  Optimizing lut $abc$139407$lut$aiger139406$8518.genblk1.genblk1.genblk1.genblk1.genblk1.genblk1.genblk1.genblk1.lut0.genblk1.genblk1.genblk1.genblk1.genblk1.genblk1.genblk1.lut0.genblk1.genblk1.genblk1.genblk1.genblk1.genblk1.lut0.genblk1.genblk1.genblk1.genblk1.genblk1.lut1 (4 -> 0)
  Optimizing lut $abc$139407$lut$aiger139406$9142.genblk1.genblk1.genblk1.genblk1.genblk1.genblk1.lut1.genblk1.genblk1.genblk1.genblk1.genblk1.lut1 (4 -> 0)
  Optimizing lut $abc$139407$lut$aiger139406$19710.genblk1.genblk1.genblk1.genblk1.genblk1.lut1 (4 -> 3)
  Optimizing lut $abc$139407$lut$aiger139406$18312.genblk1.genblk1.genblk1.genblk1.genblk1.lut0 (4 -> 2)
  Optimizing lut $abc$139407$lut$aiger139406$15137.genblk1.genblk1.genblk1.genblk1.genblk1.lut0 (4 -> 0)
  Optimizing lut $auto$abc_ops_reintegrate.cc:652:reintegrate$139655.genblk1.genblk1.genblk1.genblk1.genblk1.genblk1.lut0.genblk1.genblk1.genblk1.genblk1.genblk1.lut1 (4 -> 2)
  Optimizing lut $auto$abc_ops_reintegrate.cc:652:reintegrate$139803.genblk1.genblk1.genblk1.genblk1.genblk1.lut0 (4 -> 3)
  Optimizing lut $abc$139407$lut$aiger139406$19027.genblk1.genblk1.genblk1.genblk1.genblk1.lut0 (4 -> 0)
  Optimizing lut $abc$139407$lut$aiger$o10776.genblk1.genblk1.genblk1.genblk1.genblk1.genblk1.lut1.genblk1.genblk1.genblk1.genblk1.genblk1.lut0 (4 -> 1)
  Optimizing lut $abc$139407$lut$aiger139406$21358.genblk1.genblk1.genblk1.genblk1.genblk1.lut0 (4 -> 0)
  Optimizing lut $abc$139407$lut$aiger139406$20573.genblk1.genblk1.genblk1.genblk1.genblk1.lut0 (4 -> 0)
  Optimizing lut $abc$139407$lut$aiger139406$13935.genblk1.genblk1.genblk1.genblk1.genblk1.lut0 (4 -> 0)
  Optimizing lut $abc$139407$lut$aiger139406$10053.genblk1.genblk1.genblk1.genblk1.genblk1.lut0 (4 -> 0)
  Optimizing lut $abc$139407$lut$aiger139406$14874.genblk1.genblk1.genblk1.genblk1.genblk1.lut1 (4 -> 3)
  Optimizing lut $abc$139407$lut$aiger$o13951.genblk1.genblk1.genblk1.genblk1.genblk1.lut0 (4 -> 1)
  Optimizing lut $auto$abc_ops_reintegrate.cc:652:reintegrate$139741.genblk1.genblk1.genblk1.genblk1.genblk1.genblk1.genblk1.lut0.genblk1.genblk1.genblk1.genblk1.genblk1.genblk1.lut0.genblk1.genblk1.genblk1.genblk1.genblk1.lut1 (4 -> 0)
  Optimizing lut $auto$abc_ops_reintegrate.cc:652:reintegrate$139741.genblk1.genblk1.genblk1.genblk1.genblk1.genblk1.genblk1.lut0.genblk1.genblk1.genblk1.genblk1.genblk1.genblk1.lut1.genblk1.genblk1.genblk1.genblk1.genblk1.lut1 (4 -> 0)
  Optimizing lut $abc$139407$lut$aiger139406$13383.genblk1.genblk1.genblk1.genblk1.genblk1.lut1 (4 -> 3)
  Optimizing lut $abc$139407$lut$aiger$o10655.genblk1.genblk1.genblk1.genblk1.genblk1.genblk1.lut1.genblk1.genblk1.genblk1.genblk1.genblk1.lut0 (4 -> 3)
  Optimizing lut $abc$139407$lut$aiger139406$12281.genblk1.genblk1.genblk1.genblk1.genblk1.genblk1.genblk1.lut0.genblk1.genblk1.genblk1.genblk1.genblk1.genblk1.lut1.genblk1.genblk1.genblk1.genblk1.genblk1.lut0 (4 -> 3)
  Optimizing lut $abc$139407$lut$aiger139406$16052.genblk1.genblk1.genblk1.genblk1.genblk1.lut1 (4 -> 3)
  Optimizing lut $abc$139407$lut$aiger139406$14361.genblk1.genblk1.genblk1.genblk1.genblk1.lut0 (4 -> 2)
  Optimizing lut $auto$abc_ops_reintegrate.cc:652:reintegrate$139471.genblk1.genblk1.genblk1.genblk1.genblk1.lut0 (4 -> 2)
  Optimizing lut $auto$abc_ops_reintegrate.cc:652:reintegrate$139477.genblk1.genblk1.genblk1.genblk1.genblk1.lut0 (4 -> 3)
  Optimizing lut $abc$139407$lut$aiger139406$20834.genblk1.genblk1.genblk1.genblk1.genblk1.lut0 (4 -> 2)
  Optimizing lut $abc$139407$lut$aiger139406$20834.genblk1.genblk1.genblk1.genblk1.genblk1.lut1 (4 -> 3)
  Optimizing lut $abc$139407$lut$aiger139406$20780.genblk1.genblk1.genblk1.genblk1.genblk1.lut0 (4 -> 0)
  Optimizing lut $abc$139407$lut$aiger139406$15932.genblk1.genblk1.genblk1.genblk1.genblk1.lut0 (4 -> 0)
  Optimizing lut $abc$139407$lut$aiger139406$20759.genblk1.genblk1.genblk1.genblk1.genblk1.lut0 (4 -> 2)
  Optimizing lut $abc$139407$lut$aiger$o14295.genblk1.genblk1.genblk1.genblk1.genblk1.lut1 (4 -> 1)
  Optimizing lut $abc$139407$lut$aiger139406$13672.genblk1.genblk1.genblk1.genblk1.genblk1.lut0 (4 -> 0)
  Optimizing lut $abc$139407$lut$aiger139406$9363.genblk1.genblk1.genblk1.genblk1.genblk1.genblk1.lut1.genblk1.genblk1.genblk1.genblk1.genblk1.lut1 (4 -> 1)
  Optimizing lut $abc$139407$lut$aiger139406$9387.genblk1.genblk1.genblk1.genblk1.genblk1.genblk1.genblk1.genblk1.lut1.genblk1.genblk1.genblk1.genblk1.genblk1.genblk1.genblk1.lut0.genblk1.genblk1.genblk1.genblk1.genblk1.genblk1.lut1.genblk1.genblk1.genblk1.genblk1.genblk1.lut1 (4 -> 3)
  Optimizing lut $abc$139407$lut$aiger139406$13683.genblk1.genblk1.genblk1.genblk1.genblk1.genblk1.genblk1.genblk1.lut0.genblk1.genblk1.genblk1.genblk1.genblk1.genblk1.genblk1.lut0.genblk1.genblk1.genblk1.genblk1.genblk1.genblk1.lut1.genblk1.genblk1.genblk1.genblk1.genblk1.lut1 (4 -> 0)
  Optimizing lut $abc$139407$lut$aiger139406$15290.genblk1.genblk1.genblk1.genblk1.genblk1.lut0 (4 -> 0)
  Optimizing lut $abc$139407$lut$aiger139406$8616.genblk1.genblk1.genblk1.genblk1.genblk1.genblk1.genblk1.genblk1.lut1.genblk1.genblk1.genblk1.genblk1.genblk1.genblk1.genblk1.lut0.genblk1.genblk1.genblk1.genblk1.genblk1.genblk1.lut1.genblk1.genblk1.genblk1.genblk1.genblk1.lut1 (4 -> 0)
  Optimizing lut $abc$139407$lut$aiger139406$11953.genblk1.genblk1.genblk1.genblk1.genblk1.lut1 (4 -> 3)
  Optimizing lut $abc$139407$lut$aiger139406$21599.genblk1.genblk1.genblk1.genblk1.genblk1.genblk1.lut1.genblk1.genblk1.genblk1.genblk1.genblk1.lut1 (4 -> 2)
  Optimizing lut $abc$139407$lut$aiger139406$9354.genblk1.genblk1.genblk1.genblk1.genblk1.genblk1.lut1.genblk1.genblk1.genblk1.genblk1.genblk1.lut1 (4 -> 1)
  Optimizing lut $abc$139407$lut$aiger$o10101.genblk1.genblk1.genblk1.genblk1.genblk1.genblk1.genblk1.lut0.genblk1.genblk1.genblk1.genblk1.genblk1.genblk1.lut0.genblk1.genblk1.genblk1.genblk1.genblk1.lut1 (4 -> 3)
  Optimizing lut $abc$139407$lut$aiger$o14511.genblk1.genblk1.genblk1.genblk1.genblk1.lut1 (4 -> 1)
  Optimizing lut $auto$abc_ops_reintegrate.cc:652:reintegrate$139427.genblk1.genblk1.genblk1.genblk1.genblk1.lut0 (4 -> 3)
  Optimizing lut $abc$139407$lut$aiger139406$11686.genblk1.genblk1.genblk1.genblk1.genblk1.lut1 (4 -> 3)
  Optimizing lut $abc$139407$lut$aiger139406$18817.genblk1.genblk1.genblk1.genblk1.genblk1.lut0 (4 -> 0)
  Optimizing lut $abc$139407$lut$aiger$o15489.genblk1.genblk1.genblk1.genblk1.genblk1.genblk1.lut1.genblk1.genblk1.genblk1.genblk1.genblk1.lut0 (4 -> 2)
  Optimizing lut $abc$139407$lut$aiger139406$17970.genblk1.genblk1.genblk1.genblk1.genblk1.genblk1.lut1.genblk1.genblk1.genblk1.genblk1.genblk1.lut0 (4 -> 3)
  Optimizing lut $abc$139407$lut$aiger139406$9824.genblk1.genblk1.genblk1.genblk1.genblk1.lut0 (4 -> 0)
  Optimizing lut $abc$139407$lut$aiger139406$13210.genblk1.genblk1.genblk1.genblk1.genblk1.genblk1.genblk1.genblk1.lut0.genblk1.genblk1.genblk1.genblk1.genblk1.genblk1.genblk1.lut0.genblk1.genblk1.genblk1.genblk1.genblk1.genblk1.lut0.genblk1.genblk1.genblk1.genblk1.genblk1.lut1 (4 -> 3)
  Optimizing lut $abc$139407$lut$aiger139406$19842.genblk1.genblk1.genblk1.genblk1.genblk1.genblk1.lut0.genblk1.genblk1.genblk1.genblk1.genblk1.lut1 (4 -> 0)
  Optimizing lut $abc$139407$lut$aiger$o13441.genblk1.genblk1.genblk1.genblk1.genblk1.lut0 (4 -> 1)
  Optimizing lut $auto$abc_ops_reintegrate.cc:652:reintegrate$139797.genblk1.genblk1.genblk1.genblk1.genblk1.genblk1.genblk1.lut0.genblk1.genblk1.genblk1.genblk1.genblk1.genblk1.lut1.genblk1.genblk1.genblk1.genblk1.genblk1.lut1 (4 -> 2)
  Optimizing lut $abc$139407$lut$aiger139406$13855.genblk1.genblk1.genblk1.genblk1.genblk1.genblk1.genblk1.genblk1.lut0.genblk1.genblk1.genblk1.genblk1.genblk1.genblk1.genblk1.lut0.genblk1.genblk1.genblk1.genblk1.genblk1.genblk1.lut1.genblk1.genblk1.genblk1.genblk1.genblk1.lut1 (4 -> 3)
  Optimizing lut $abc$139407$lut$aiger139406$13873.genblk1.genblk1.genblk1.genblk1.genblk1.genblk1.lut1.genblk1.genblk1.genblk1.genblk1.genblk1.lut0 (4 -> 0)
  Optimizing lut $auto$abc_ops_reintegrate.cc:652:reintegrate$139499.genblk1.genblk1.genblk1.genblk1.genblk1.lut0 (4 -> 3)
  Optimizing lut $auto$abc_ops_reintegrate.cc:652:reintegrate$139497.genblk1.genblk1.genblk1.genblk1.genblk1.genblk1.lut1.genblk1.genblk1.genblk1.genblk1.genblk1.lut0 (4 -> 1)
  Optimizing lut $abc$139407$lut$aiger139406$11428.genblk1.genblk1.genblk1.genblk1.genblk1.genblk1.genblk1.lut0.genblk1.genblk1.genblk1.genblk1.genblk1.genblk1.lut1.genblk1.genblk1.genblk1.genblk1.genblk1.lut0 (4 -> 3)
  Optimizing lut $auto$abc_ops_reintegrate.cc:652:reintegrate$139642.genblk1.genblk1.genblk1.genblk1.genblk1.genblk1.lut1.genblk1.genblk1.genblk1.genblk1.genblk1.lut0 (4 -> 2)
  Optimizing lut $abc$139407$lut$aiger139406$20178.genblk1.genblk1.genblk1.genblk1.genblk1.lut0 (4 -> 2)
  Optimizing lut $abc$139407$lut$aiger139406$16863.genblk1.genblk1.genblk1.genblk1.genblk1.lut0 (4 -> 2)
  Optimizing lut $abc$139407$lut$aiger139406$9027.genblk1.genblk1.genblk1.genblk1.genblk1.lut0 (4 -> 0)
  Optimizing lut $abc$139407$lut$aiger139406$10080.genblk1.genblk1.genblk1.genblk1.genblk1.lut0 (4 -> 3)
  Optimizing lut $abc$139407$lut$aiger139406$10088.genblk1.genblk1.genblk1.genblk1.genblk1.lut1 (4 -> 3)
  Optimizing lut $auto$abc_ops_reintegrate.cc:652:reintegrate$139584.genblk1.genblk1.genblk1.genblk1.genblk1.genblk1.lut1.genblk1.genblk1.genblk1.genblk1.genblk1.lut0 (4 -> 2)
  Optimizing lut $auto$abc_ops_reintegrate.cc:652:reintegrate$139587.genblk1.genblk1.genblk1.genblk1.genblk1.genblk1.lut1.genblk1.genblk1.genblk1.genblk1.genblk1.lut1 (4 -> 2)
  Optimizing lut $abc$139407$lut$aiger139406$17874.genblk1.genblk1.genblk1.genblk1.genblk1.lut0 (4 -> 2)
  Optimizing lut $abc$139407$lut$aiger139406$18099.genblk1.genblk1.genblk1.genblk1.genblk1.lut1 (4 -> 3)
  Optimizing lut $auto$abc_ops_reintegrate.cc:652:reintegrate$139443.genblk1.genblk1.genblk1.genblk1.genblk1.lut0 (4 -> 0)
  Optimizing lut $abc$139407$lut$aiger139406$9481.genblk1.genblk1.genblk1.genblk1.genblk1.lut1 (4 -> 3)
  Optimizing lut $abc$139407$lut$aiger139406$21608.genblk1.genblk1.genblk1.genblk1.genblk1.genblk1.lut1.genblk1.genblk1.genblk1.genblk1.genblk1.lut1 (4 -> 0)
  Optimizing lut $auto$abc_ops_reintegrate.cc:652:reintegrate$139493.genblk1.genblk1.genblk1.genblk1.genblk1.genblk1.genblk1.genblk1.lut1.genblk1.genblk1.genblk1.genblk1.genblk1.genblk1.genblk1.lut0.genblk1.genblk1.genblk1.genblk1.genblk1.genblk1.lut1.genblk1.genblk1.genblk1.genblk1.genblk1.lut1 (4 -> 2)
  Optimizing lut $abc$139407$lut$aiger139406$21905.genblk1.genblk1.genblk1.genblk1.genblk1.genblk1.lut1.genblk1.genblk1.genblk1.genblk1.genblk1.lut1 (4 -> 0)
  Optimizing lut $abc$139407$lut$aiger139406$22187.genblk1.genblk1.genblk1.genblk1.genblk1.lut0 (4 -> 2)
  Optimizing lut $abc$139407$lut$aiger139406$12274.genblk1.genblk1.genblk1.genblk1.genblk1.genblk1.lut1.genblk1.genblk1.genblk1.genblk1.genblk1.lut1 (4 -> 3)
  Optimizing lut $abc$139407$lut$aiger139406$22187.genblk1.genblk1.genblk1.genblk1.genblk1.lut1 (4 -> 3)
  Optimizing lut $abc$139407$lut$aiger139406$12893.genblk1.genblk1.genblk1.genblk1.genblk1.lut0 (4 -> 0)
  Optimizing lut $abc$139407$lut$aiger139406$12281.genblk1.genblk1.genblk1.genblk1.genblk1.genblk1.genblk1.lut0.genblk1.genblk1.genblk1.genblk1.genblk1.genblk1.lut1.genblk1.genblk1.genblk1.genblk1.genblk1.lut1 (4 -> 2)
  Optimizing lut $abc$139407$lut$aiger139406$13918.genblk1.genblk1.genblk1.genblk1.genblk1.genblk1.genblk1.genblk1.lut1.genblk1.genblk1.genblk1.genblk1.genblk1.genblk1.genblk1.lut1.genblk1.genblk1.genblk1.genblk1.genblk1.genblk1.lut1.genblk1.genblk1.genblk1.genblk1.genblk1.lut1 (4 -> 1)
  Optimizing lut $abc$139407$lut$aiger139406$9800.genblk1.genblk1.genblk1.genblk1.genblk1.lut1 (4 -> 0)
  Optimizing lut $abc$139407$lut$aiger139406$9713.genblk1.genblk1.genblk1.genblk1.genblk1.genblk1.genblk1.genblk1.lut1.genblk1.genblk1.genblk1.genblk1.genblk1.genblk1.genblk1.lut0.genblk1.genblk1.genblk1.genblk1.genblk1.genblk1.lut1.genblk1.genblk1.genblk1.genblk1.genblk1.lut1 (4 -> 0)
  Optimizing lut $auto$abc_ops_reintegrate.cc:652:reintegrate$139441.genblk1.genblk1.genblk1.genblk1.genblk1.lut0 (4 -> 3)
  Optimizing lut $abc$139407$lut$aiger139406$17918.genblk1.genblk1.genblk1.genblk1.genblk1.lut0 (4 -> 0)
  Optimizing lut $auto$abc_ops_reintegrate.cc:652:reintegrate$139445.genblk1.genblk1.genblk1.genblk1.genblk1.lut0 (4 -> 3)
  Optimizing lut $abc$139407$lut$aiger139406$21566.genblk1.genblk1.genblk1.genblk1.genblk1.lut0 (4 -> 2)
  Optimizing lut $abc$139407$lut$aiger139406$9524.genblk1.genblk1.genblk1.genblk1.genblk1.lut1 (4 -> 1)
  Optimizing lut $abc$139407$lut$aiger139406$16940.genblk1.genblk1.genblk1.genblk1.genblk1.lut0 (4 -> 0)
  Optimizing lut $abc$139407$lut$aiger139406$8572.genblk1.genblk1.genblk1.genblk1.genblk1.genblk1.lut1.genblk1.genblk1.genblk1.genblk1.genblk1.lut0 (4 -> 0)
  Optimizing lut $abc$139407$lut$aiger139406$9331.genblk1.genblk1.genblk1.genblk1.genblk1.lut0 (4 -> 0)
  Optimizing lut $auto$abc_ops_reintegrate.cc:652:reintegrate$139563.genblk1.genblk1.genblk1.genblk1.genblk1.lut0 (4 -> 3)
  Optimizing lut $abc$139407$lut$aiger139406$19307.genblk1.genblk1.genblk1.genblk1.genblk1.lut1 (4 -> 0)
  Optimizing lut $abc$139407$lut$aiger$o13212.genblk1.genblk1.genblk1.genblk1.genblk1.lut0 (4 -> 1)
  Optimizing lut $abc$139407$lut$aiger139406$17211.genblk1.genblk1.genblk1.genblk1.genblk1.lut0 (4 -> 0)
  Optimizing lut $auto$abc_ops_reintegrate.cc:652:reintegrate$139442.genblk1.genblk1.genblk1.genblk1.genblk1.lut0 (4 -> 2)
  Optimizing lut $auto$abc_ops_reintegrate.cc:652:reintegrate$139503.genblk1.genblk1.genblk1.genblk1.genblk1.genblk1.lut1.genblk1.genblk1.genblk1.genblk1.genblk1.lut0 (4 -> 1)
  Optimizing lut $abc$139407$lut$aiger139406$15816.genblk1.genblk1.genblk1.genblk1.genblk1.lut1 (4 -> 0)
  Optimizing lut $abc$139407$lut$aiger139406$14235.genblk1.genblk1.genblk1.genblk1.genblk1.lut0 (4 -> 3)
  Optimizing lut $abc$139407$lut$aiger$o15449.genblk1.genblk1.genblk1.genblk1.genblk1.lut1 (4 -> 1)
  Optimizing lut $abc$139407$lut$aiger139406$13855.genblk1.genblk1.genblk1.genblk1.genblk1.genblk1.genblk1.genblk1.lut1.genblk1.genblk1.genblk1.genblk1.genblk1.genblk1.genblk1.lut1.genblk1.genblk1.genblk1.genblk1.genblk1.genblk1.lut1.genblk1.genblk1.genblk1.genblk1.genblk1.lut1 (4 -> 3)
  Optimizing lut $auto$abc_ops_reintegrate.cc:652:reintegrate$139608.genblk1.genblk1.genblk1.genblk1.genblk1.genblk1.genblk1.lut0.genblk1.genblk1.genblk1.genblk1.genblk1.genblk1.lut1.genblk1.genblk1.genblk1.genblk1.genblk1.lut0 (4 -> 0)
  Optimizing lut $abc$139407$lut$aiger$o11503.genblk1.genblk1.genblk1.genblk1.genblk1.lut0 (4 -> 0)
  Optimizing lut $abc$139407$lut$aiger$o12020.genblk1.genblk1.genblk1.genblk1.genblk1.genblk1.lut1.genblk1.genblk1.genblk1.genblk1.genblk1.lut0 (4 -> 2)
  Optimizing lut $abc$139407$lut$aiger139406$21457.genblk1.genblk1.genblk1.genblk1.genblk1.genblk1.lut1.genblk1.genblk1.genblk1.genblk1.genblk1.lut1 (4 -> 1)
  Optimizing lut $abc$139407$lut$aiger139406$9136.genblk1.genblk1.genblk1.genblk1.genblk1.genblk1.genblk1.genblk1.lut0.genblk1.genblk1.genblk1.genblk1.genblk1.genblk1.genblk1.lut0.genblk1.genblk1.genblk1.genblk1.genblk1.genblk1.lut1.genblk1.genblk1.genblk1.genblk1.genblk1.lut1 (4 -> 0)
  Optimizing lut $abc$139407$lut$aiger139406$12748.genblk1.genblk1.genblk1.genblk1.genblk1.lut0 (4 -> 0)
  Optimizing lut $abc$139407$lut$aiger139406$8684.genblk1.genblk1.genblk1.genblk1.genblk1.genblk1.genblk1.genblk1.lut1.genblk1.genblk1.genblk1.genblk1.genblk1.genblk1.genblk1.lut0.genblk1.genblk1.genblk1.genblk1.genblk1.genblk1.lut1.genblk1.genblk1.genblk1.genblk1.genblk1.lut1 (4 -> 0)
  Optimizing lut $abc$139407$lut$aiger139406$20196.genblk1.genblk1.genblk1.genblk1.genblk1.lut0 (4 -> 0)
  Optimizing lut $abc$139407$lut$aiger139406$10993.genblk1.genblk1.genblk1.genblk1.genblk1.lut0 (4 -> 0)
  Optimizing lut $abc$139407$lut$aiger139406$13918.genblk1.genblk1.genblk1.genblk1.genblk1.genblk1.genblk1.genblk1.lut1.genblk1.genblk1.genblk1.genblk1.genblk1.genblk1.genblk1.lut0.genblk1.genblk1.genblk1.genblk1.genblk1.genblk1.lut1.genblk1.genblk1.genblk1.genblk1.genblk1.lut1 (4 -> 0)
  Optimizing lut $abc$139407$lut$aiger139406$12290.genblk1.genblk1.genblk1.genblk1.genblk1.lut0 (4 -> 1)
  Optimizing lut $auto$abc_ops_reintegrate.cc:652:reintegrate$139571.genblk1.genblk1.genblk1.genblk1.genblk1.lut0 (4 -> 3)
  Optimizing lut $auto$abc_ops_reintegrate.cc:652:reintegrate$139816.genblk1.genblk1.genblk1.genblk1.genblk1.genblk1.lut1.genblk1.genblk1.genblk1.genblk1.genblk1.lut0 (4 -> 2)
  Optimizing lut $auto$abc_ops_reintegrate.cc:652:reintegrate$139778.genblk1.genblk1.genblk1.genblk1.genblk1.genblk1.lut1.genblk1.genblk1.genblk1.genblk1.genblk1.lut0 (4 -> 2)
  Optimizing lut $abc$139407$lut$aiger139406$10792.genblk1.genblk1.genblk1.genblk1.genblk1.lut1 (4 -> 3)
  Optimizing lut $abc$139407$lut$aiger139406$9084.genblk1.genblk1.genblk1.genblk1.genblk1.lut0 (4 -> 0)
  Optimizing lut $abc$139407$lut$aiger139406$14376.genblk1.genblk1.genblk1.genblk1.genblk1.genblk1.lut1.genblk1.genblk1.genblk1.genblk1.genblk1.lut1 (4 -> 0)
  Optimizing lut $abc$139407$lut$aiger139406$11024.genblk1.genblk1.genblk1.genblk1.genblk1.lut0 (4 -> 0)
  Optimizing lut $abc$139407$lut$aiger$o13210.genblk1.genblk1.genblk1.genblk1.genblk1.lut1 (4 -> 1)
  Optimizing lut $auto$abc_ops_reintegrate.cc:652:reintegrate$139409.genblk1.genblk1.genblk1.genblk1.genblk1.genblk1.lut1.genblk1.genblk1.genblk1.genblk1.genblk1.lut0 (4 -> 3)
  Optimizing lut $abc$139407$lut$aiger139406$17263.genblk1.genblk1.genblk1.genblk1.genblk1.lut0 (4 -> 2)
  Optimizing lut $auto$abc_ops_reintegrate.cc:652:reintegrate$139868.genblk1.genblk1.genblk1.genblk1.genblk1.lut0 (4 -> 3)
  Optimizing lut $auto$abc_ops_reintegrate.cc:652:reintegrate$139620.genblk1.genblk1.genblk1.genblk1.genblk1.lut0 (4 -> 2)
  Optimizing lut $abc$139407$lut$aiger$o14642.genblk1.genblk1.genblk1.genblk1.genblk1.lut0 (4 -> 1)
  Optimizing lut $abc$139407$lut$aiger139406$12072.genblk1.genblk1.genblk1.genblk1.genblk1.lut0 (4 -> 0)
  Optimizing lut $abc$139407$lut$aiger139406$18388.genblk1.genblk1.genblk1.genblk1.genblk1.genblk1.lut0.genblk1.genblk1.genblk1.genblk1.genblk1.lut1 (4 -> 0)
  Optimizing lut $abc$139407$lut$aiger139406$14718.genblk1.genblk1.genblk1.genblk1.genblk1.lut0 (4 -> 0)
  Optimizing lut $abc$139407$lut$aiger139406$15151.genblk1.genblk1.genblk1.genblk1.genblk1.genblk1.lut1.genblk1.genblk1.genblk1.genblk1.genblk1.lut0 (4 -> 3)
  Optimizing lut $abc$139407$lut$aiger139406$18917.genblk1.genblk1.genblk1.genblk1.genblk1.lut0 (4 -> 2)
  Optimizing lut $auto$abc_ops_reintegrate.cc:652:reintegrate$139551.genblk1.genblk1.genblk1.genblk1.genblk1.lut0 (4 -> 3)
  Optimizing lut $abc$139407$lut$aiger139406$16428.genblk1.genblk1.genblk1.genblk1.genblk1.lut1 (4 -> 3)
  Optimizing lut $auto$abc_ops_reintegrate.cc:652:reintegrate$139554.genblk1.genblk1.genblk1.genblk1.genblk1.genblk1.genblk1.genblk1.lut1.genblk1.genblk1.genblk1.genblk1.genblk1.genblk1.genblk1.lut0.genblk1.genblk1.genblk1.genblk1.genblk1.genblk1.lut1.genblk1.genblk1.genblk1.genblk1.genblk1.lut1 (4 -> 2)
  Optimizing lut $auto$abc_ops_reintegrate.cc:652:reintegrate$139557.genblk1.genblk1.genblk1.genblk1.genblk1.lut0 (4 -> 3)
  Optimizing lut $abc$139407$lut$aiger139406$18751.genblk1.genblk1.genblk1.genblk1.genblk1.lut1 (4 -> 0)
  Optimizing lut $abc$139407$lut$aiger139406$15175.genblk1.genblk1.genblk1.genblk1.genblk1.genblk1.genblk1.genblk1.lut0.genblk1.genblk1.genblk1.genblk1.genblk1.genblk1.genblk1.lut0.genblk1.genblk1.genblk1.genblk1.genblk1.genblk1.lut1.genblk1.genblk1.genblk1.genblk1.genblk1.lut1 (4 -> 0)
  Optimizing lut $abc$139407$lut$aiger139406$19763.genblk1.genblk1.genblk1.genblk1.genblk1.lut0 (4 -> 0)
  Optimizing lut $auto$abc_ops_reintegrate.cc:652:reintegrate$139554.genblk1.genblk1.genblk1.genblk1.genblk1.genblk1.genblk1.genblk1.lut1.genblk1.genblk1.genblk1.genblk1.genblk1.genblk1.genblk1.lut1.genblk1.genblk1.genblk1.genblk1.genblk1.genblk1.lut1.genblk1.genblk1.genblk1.genblk1.genblk1.lut1 (4 -> 2)
  Optimizing lut $abc$139407$lut$aiger139406$13815.genblk1.genblk1.genblk1.genblk1.genblk1.lut1 (4 -> 3)
  Optimizing lut $auto$abc_ops_reintegrate.cc:652:reintegrate$139818.genblk1.genblk1.genblk1.genblk1.genblk1.genblk1.lut0.genblk1.genblk1.genblk1.genblk1.genblk1.lut1 (4 -> 3)
  Optimizing lut $abc$139407$lut$aiger139406$8740.genblk1.genblk1.genblk1.genblk1.genblk1.genblk1.genblk1.genblk1.lut1.genblk1.genblk1.genblk1.genblk1.genblk1.genblk1.genblk1.lut0.genblk1.genblk1.genblk1.genblk1.genblk1.genblk1.lut1.genblk1.genblk1.genblk1.genblk1.genblk1.lut1 (4 -> 2)
  Optimizing lut $abc$139407$lut$aiger139406$19034.genblk1.genblk1.genblk1.genblk1.genblk1.lut0 (4 -> 0)
  Optimizing lut $abc$139407$lut$aiger$o14050.genblk1.genblk1.genblk1.genblk1.genblk1.lut0 (4 -> 1)
  Optimizing lut $abc$139407$lut$aiger139406$12091.genblk1.genblk1.genblk1.genblk1.genblk1.lut0 (4 -> 0)
  Optimizing lut $abc$139407$lut$aiger$o13583.genblk1.genblk1.genblk1.genblk1.genblk1.genblk1.genblk1.lut0.genblk1.genblk1.genblk1.genblk1.genblk1.genblk1.lut1.genblk1.genblk1.genblk1.genblk1.genblk1.lut1 (4 -> 3)
  Optimizing lut $abc$139407$lut$aiger139406$9191.genblk1.genblk1.genblk1.genblk1.genblk1.lut1 (4 -> 0)
  Optimizing lut $abc$139407$lut$aiger139406$11625.genblk1.genblk1.genblk1.genblk1.genblk1.lut1 (4 -> 0)
  Optimizing lut $abc$139407$lut$aiger139406$14925.genblk1.genblk1.genblk1.genblk1.genblk1.genblk1.lut0.genblk1.genblk1.genblk1.genblk1.genblk1.lut1 (4 -> 0)
  Optimizing lut $abc$139407$lut$aiger139406$22031.genblk1.genblk1.genblk1.genblk1.genblk1.lut0 (4 -> 0)
  Optimizing lut $abc$139407$lut$aiger139406$9297.genblk1.genblk1.genblk1.genblk1.genblk1.lut1 (4 -> 0)
  Optimizing lut $abc$139407$lut$aiger$o13583.genblk1.genblk1.genblk1.genblk1.genblk1.genblk1.genblk1.lut0.genblk1.genblk1.genblk1.genblk1.genblk1.genblk1.lut0.genblk1.genblk1.genblk1.genblk1.genblk1.lut1 (4 -> 0)
  Optimizing lut $abc$139407$lut$aiger$o13953.genblk1.genblk1.genblk1.genblk1.genblk1.lut1 (4 -> 1)
  Optimizing lut $abc$139407$lut$aiger139406$8560.genblk1.genblk1.genblk1.genblk1.genblk1.genblk1.genblk1.genblk1.lut1.genblk1.genblk1.genblk1.genblk1.genblk1.genblk1.genblk1.lut0.genblk1.genblk1.genblk1.genblk1.genblk1.genblk1.lut1.genblk1.genblk1.genblk1.genblk1.genblk1.lut1 (4 -> 0)
  Optimizing lut $abc$139407$lut$aiger139406$14016.genblk1.genblk1.genblk1.genblk1.genblk1.genblk1.lut0.genblk1.genblk1.genblk1.genblk1.genblk1.lut1 (4 -> 3)
  Optimizing lut $auto$abc_ops_reintegrate.cc:652:reintegrate$139597.genblk1.genblk1.genblk1.genblk1.genblk1.lut0 (4 -> 3)
  Optimizing lut $auto$abc_ops_reintegrate.cc:652:reintegrate$139595.genblk1.genblk1.genblk1.genblk1.genblk1.lut0 (4 -> 2)
  Optimizing lut $abc$139407$lut$aiger139406$15263.genblk1.genblk1.genblk1.genblk1.genblk1.lut0 (4 -> 0)
  Optimizing lut $abc$139407$lut$aiger$o13554.genblk1.genblk1.genblk1.genblk1.genblk1.lut1 (4 -> 1)
  Optimizing lut $abc$139407$lut$aiger139406$9387.genblk1.genblk1.genblk1.genblk1.genblk1.genblk1.genblk1.genblk1.lut1.genblk1.genblk1.genblk1.genblk1.genblk1.genblk1.genblk1.lut1.genblk1.genblk1.genblk1.genblk1.genblk1.genblk1.lut1.genblk1.genblk1.genblk1.genblk1.genblk1.lut1 (4 -> 3)
  Optimizing lut $abc$139407$lut$aiger139406$8553.genblk1.genblk1.genblk1.genblk1.genblk1.lut0 (4 -> 0)
  Optimizing lut $abc$139407$lut$aiger139406$21488.genblk1.genblk1.genblk1.genblk1.genblk1.genblk1.genblk1.lut0.genblk1.genblk1.genblk1.genblk1.genblk1.genblk1.lut0.genblk1.genblk1.genblk1.genblk1.genblk1.lut1 (4 -> 0)
  Optimizing lut $abc$139407$lut$aiger$o13596.genblk1.genblk1.genblk1.genblk1.genblk1.genblk1.genblk1.lut0.genblk1.genblk1.genblk1.genblk1.genblk1.genblk1.lut1.genblk1.genblk1.genblk1.genblk1.genblk1.lut1 (4 -> 3)
  Optimizing lut $abc$139407$lut$aiger139406$15874.genblk1.genblk1.genblk1.genblk1.genblk1.genblk1.lut0.genblk1.genblk1.genblk1.genblk1.genblk1.lut1 (4 -> 3)
  Optimizing lut $abc$139407$lut$aiger139406$9541.genblk1.genblk1.genblk1.genblk1.genblk1.genblk1.lut1.genblk1.genblk1.genblk1.genblk1.genblk1.lut1 (4 -> 0)
  Optimizing lut $abc$139407$lut$aiger139406$9451.genblk1.genblk1.genblk1.genblk1.genblk1.lut0 (4 -> 3)
  Optimizing lut $abc$139407$lut$aiger139406$8508.genblk1.genblk1.genblk1.genblk1.genblk1.genblk1.lut1.genblk1.genblk1.genblk1.genblk1.genblk1.lut0 (4 -> 0)
  Optimizing lut $auto$abc_ops_reintegrate.cc:652:reintegrate$139701.genblk1.genblk1.genblk1.genblk1.genblk1.lut0 (4 -> 2)
  Optimizing lut $abc$139407$lut$aiger139406$22021.genblk1.genblk1.genblk1.genblk1.genblk1.lut0 (4 -> 0)
  Optimizing lut $auto$abc_ops_reintegrate.cc:652:reintegrate$139819.genblk1.genblk1.genblk1.genblk1.genblk1.lut0 (4 -> 2)
  Optimizing lut $abc$139407$lut$aiger139406$16664.genblk1.genblk1.genblk1.genblk1.genblk1.lut0 (4 -> 0)
  Optimizing lut $abc$139407$lut$aiger139406$20140.genblk1.genblk1.genblk1.genblk1.genblk1.lut0 (4 -> 0)
  Optimizing lut $abc$139407$lut$aiger139406$9417.genblk1.genblk1.genblk1.genblk1.genblk1.genblk1.lut1.genblk1.genblk1.genblk1.genblk1.genblk1.lut1 (4 -> 1)
  Optimizing lut $auto$abc_ops_reintegrate.cc:652:reintegrate$139818.genblk1.genblk1.genblk1.genblk1.genblk1.genblk1.lut1.genblk1.genblk1.genblk1.genblk1.genblk1.lut1 (4 -> 3)
  Optimizing lut $abc$139407$lut$aiger139406$9405.genblk1.genblk1.genblk1.genblk1.genblk1.genblk1.lut1.genblk1.genblk1.genblk1.genblk1.genblk1.lut1 (4 -> 1)
  Optimizing lut $abc$139407$lut$aiger139406$20787.genblk1.genblk1.genblk1.genblk1.genblk1.lut0 (4 -> 0)
  Optimizing lut $abc$139407$lut$aiger139406$12627.genblk1.genblk1.genblk1.genblk1.genblk1.lut1 (4 -> 3)
  Optimizing lut $abc$139407$lut$aiger139406$9396.genblk1.genblk1.genblk1.genblk1.genblk1.genblk1.lut1.genblk1.genblk1.genblk1.genblk1.genblk1.lut1 (4 -> 1)
  Optimizing lut $abc$139407$lut$aiger139406$14011.genblk1.genblk1.genblk1.genblk1.genblk1.genblk1.lut1.genblk1.genblk1.genblk1.genblk1.genblk1.lut1 (4 -> 0)
  Optimizing lut $abc$139407$lut$aiger139406$9831.genblk1.genblk1.genblk1.genblk1.genblk1.lut0 (4 -> 0)
  Optimizing lut $abc$139407$lut$aiger$o13239.genblk1.genblk1.genblk1.genblk1.genblk1.lut1 (4 -> 3)
  Optimizing lut $abc$139407$lut$aiger139406$10843.genblk1.genblk1.genblk1.genblk1.genblk1.lut1 (4 -> 0)
  Optimizing lut $auto$abc_ops_reintegrate.cc:652:reintegrate$139751.genblk1.genblk1.genblk1.genblk1.genblk1.lut0 (4 -> 3)
  Optimizing lut $auto$abc_ops_reintegrate.cc:652:reintegrate$139643.genblk1.genblk1.genblk1.genblk1.genblk1.genblk1.genblk1.lut0.genblk1.genblk1.genblk1.genblk1.genblk1.genblk1.lut1.genblk1.genblk1.genblk1.genblk1.genblk1.lut0 (4 -> 2)
  Optimizing lut $abc$139407$lut$aiger$o14043.genblk1.genblk1.genblk1.genblk1.genblk1.lut1 (4 -> 1)
  Optimizing lut $abc$139407$lut$aiger139406$15182.genblk1.genblk1.genblk1.genblk1.genblk1.genblk1.genblk1.genblk1.lut1.genblk1.genblk1.genblk1.genblk1.genblk1.genblk1.genblk1.lut0.genblk1.genblk1.genblk1.genblk1.genblk1.genblk1.lut1.genblk1.genblk1.genblk1.genblk1.genblk1.lut1 (4 -> 0)
  Optimizing lut $abc$139407$lut$aiger139406$10295.genblk1.genblk1.genblk1.genblk1.genblk1.lut0 (4 -> 0)
  Optimizing lut $abc$139407$lut$aiger$o13862.genblk1.genblk1.genblk1.genblk1.genblk1.lut1 (4 -> 1)
  Optimizing lut $abc$139407$lut$aiger139406$8533.genblk1.genblk1.genblk1.genblk1.genblk1.genblk1.genblk1.lut0.genblk1.genblk1.genblk1.genblk1.genblk1.genblk1.lut0.genblk1.genblk1.genblk1.genblk1.genblk1.lut1 (4 -> 0)
  Optimizing lut $auto$abc_ops_reintegrate.cc:652:reintegrate$139412.genblk1.genblk1.genblk1.genblk1.genblk1.lut0 (4 -> 0)
  Optimizing lut $abc$139407$lut$aiger139406$12104.genblk1.genblk1.genblk1.genblk1.genblk1.genblk1.lut1.genblk1.genblk1.genblk1.genblk1.genblk1.lut0 (4 -> 2)
  Optimizing lut $abc$139407$lut$aiger139406$8660.genblk1.genblk1.genblk1.genblk1.genblk1.genblk1.genblk1.genblk1.lut0.genblk1.genblk1.genblk1.genblk1.genblk1.genblk1.genblk1.lut0.genblk1.genblk1.genblk1.genblk1.genblk1.genblk1.lut0.genblk1.genblk1.genblk1.genblk1.genblk1.lut1 (4 -> 1)
  Optimizing lut $abc$139407$lut$aiger139406$12190.genblk1.genblk1.genblk1.genblk1.genblk1.lut1 (4 -> 3)
  Optimizing lut $auto$abc_ops_reintegrate.cc:652:reintegrate$139784.genblk1.genblk1.genblk1.genblk1.genblk1.lut0 (4 -> 2)
  Optimizing lut $abc$139407$lut$aiger$o12119.genblk1.genblk1.genblk1.genblk1.genblk1.lut1 (4 -> 0)
  Optimizing lut $abc$139407$lut$aiger$o15305.genblk1.genblk1.genblk1.genblk1.genblk1.lut1 (4 -> 1)
  Optimizing lut $abc$139407$lut$aiger139406$13860.genblk1.genblk1.genblk1.genblk1.genblk1.lut0 (4 -> 0)
  Optimizing lut $auto$abc_ops_reintegrate.cc:652:reintegrate$139851.genblk1.genblk1.genblk1.genblk1.genblk1.lut1 (4 -> 0)
  Optimizing lut $abc$139407$lut$aiger139406$13383.genblk1.genblk1.genblk1.genblk1.genblk1.lut0 (4 -> 2)
  Optimizing lut $abc$139407$lut$aiger$o15489.genblk1.genblk1.genblk1.genblk1.genblk1.genblk1.lut1.genblk1.genblk1.genblk1.genblk1.genblk1.lut1 (4 -> 1)
  Optimizing lut $abc$139407$lut$aiger139406$9713.genblk1.genblk1.genblk1.genblk1.genblk1.genblk1.genblk1.genblk1.lut0.genblk1.genblk1.genblk1.genblk1.genblk1.genblk1.genblk1.lut0.genblk1.genblk1.genblk1.genblk1.genblk1.genblk1.lut1.genblk1.genblk1.genblk1.genblk1.genblk1.lut1 (4 -> 0)
  Optimizing lut $abc$139407$lut$aiger139406$14376.genblk1.genblk1.genblk1.genblk1.genblk1.genblk1.lut0.genblk1.genblk1.genblk1.genblk1.genblk1.lut1 (4 -> 0)
  Optimizing lut $abc$139407$lut$aiger139406$16494.genblk1.genblk1.genblk1.genblk1.genblk1.lut0 (4 -> 0)
  Optimizing lut $abc$139407$lut$aiger139406$20124.genblk1.genblk1.genblk1.genblk1.genblk1.lut0 (4 -> 0)
  Optimizing lut $abc$139407$lut$aiger$o12125.genblk1.genblk1.genblk1.genblk1.genblk1.lut0 (4 -> 0)
  Optimizing lut $abc$139407$lut$aiger139406$8475.genblk1.genblk1.genblk1.genblk1.genblk1.genblk1.genblk1.genblk1.lut0.genblk1.genblk1.genblk1.genblk1.genblk1.genblk1.genblk1.lut0.genblk1.genblk1.genblk1.genblk1.genblk1.genblk1.lut1.genblk1.genblk1.genblk1.genblk1.genblk1.lut1 (4 -> 0)
  Optimizing lut $abc$139407$lut$aiger139406$21748.genblk1.genblk1.genblk1.genblk1.genblk1.genblk1.lut0.genblk1.genblk1.genblk1.genblk1.genblk1.lut1 (4 -> 1)
  Optimizing lut $abc$139407$lut$aiger139406$14824.genblk1.genblk1.genblk1.genblk1.genblk1.genblk1.genblk1.lut1.genblk1.genblk1.genblk1.genblk1.genblk1.genblk1.lut1.genblk1.genblk1.genblk1.genblk1.genblk1.lut1 (4 -> 0)
  Optimizing lut $abc$139407$lut$aiger139406$11516.genblk1.genblk1.genblk1.genblk1.genblk1.lut1 (4 -> 3)
  Optimizing lut $abc$139407$lut$aiger139406$22374.genblk1.genblk1.genblk1.genblk1.genblk1.lut1 (4 -> 0)
  Optimizing lut $abc$139407$lut$aiger139406$10850.genblk1.genblk1.genblk1.genblk1.genblk1.lut0 (4 -> 0)
  Optimizing lut $abc$139407$lut$aiger139406$21608.genblk1.genblk1.genblk1.genblk1.genblk1.genblk1.lut0.genblk1.genblk1.genblk1.genblk1.genblk1.lut1 (4 -> 0)
  Optimizing lut $abc$139407$lut$aiger$o13369.genblk1.genblk1.genblk1.genblk1.genblk1.lut1 (4 -> 1)
  Optimizing lut $auto$abc_ops_reintegrate.cc:652:reintegrate$139811.genblk1.genblk1.genblk1.genblk1.genblk1.lut0 (4 -> 3)
  Optimizing lut $abc$139407$lut$aiger$o14232.genblk1.genblk1.genblk1.genblk1.genblk1.lut0 (4 -> 3)
  Optimizing lut $auto$abc_ops_reintegrate.cc:652:reintegrate$139539.genblk1.genblk1.genblk1.genblk1.genblk1.lut0 (4 -> 3)
  Optimizing lut $abc$139407$lut$aiger139406$18356.genblk1.genblk1.genblk1.genblk1.genblk1.lut0 (4 -> 0)
  Optimizing lut $abc$139407$lut$aiger139406$10442.genblk1.genblk1.genblk1.genblk1.genblk1.lut0 (4 -> 0)
  Optimizing lut $abc$139407$lut$aiger139406$19427.genblk1.genblk1.genblk1.genblk1.genblk1.lut1 (4 -> 1)
  Optimizing lut $auto$abc_ops_reintegrate.cc:652:reintegrate$139530.genblk1.genblk1.genblk1.genblk1.genblk1.genblk1.genblk1.genblk1.lut0.genblk1.genblk1.genblk1.genblk1.genblk1.genblk1.genblk1.lut0.genblk1.genblk1.genblk1.genblk1.genblk1.genblk1.lut1.genblk1.genblk1.genblk1.genblk1.genblk1.lut1 (4 -> 2)
  Optimizing lut $abc$139407$lut$aiger$o14530.genblk1.genblk1.genblk1.genblk1.genblk1.genblk1.lut1.genblk1.genblk1.genblk1.genblk1.genblk1.lut0 (4 -> 1)
  Optimizing lut $abc$139407$lut$aiger139406$19710.genblk1.genblk1.genblk1.genblk1.genblk1.lut0 (4 -> 2)
  Optimizing lut $auto$abc_ops_reintegrate.cc:652:reintegrate$139517.genblk1.genblk1.genblk1.genblk1.genblk1.genblk1.genblk1.lut0.genblk1.genblk1.genblk1.genblk1.genblk1.genblk1.lut1.genblk1.genblk1.genblk1.genblk1.genblk1.lut1 (4 -> 0)
  Optimizing lut $abc$139407$lut$aiger139406$10625.genblk1.genblk1.genblk1.genblk1.genblk1.lut0 (4 -> 3)
  Optimizing lut $abc$139407$lut$aiger139406$18935.genblk1.genblk1.genblk1.genblk1.genblk1.lut0 (4 -> 0)
  Optimizing lut $abc$139407$lut$aiger139406$15629.genblk1.genblk1.genblk1.genblk1.genblk1.lut0 (4 -> 0)
  Optimizing lut $auto$abc_ops_reintegrate.cc:652:reintegrate$139750.genblk1.genblk1.genblk1.genblk1.genblk1.lut0 (4 -> 3)
  Optimizing lut $abc$139407$lut$aiger139406$19410.genblk1.genblk1.genblk1.genblk1.genblk1.lut1 (4 -> 0)
  Optimizing lut $abc$139407$lut$aiger139406$21985.genblk1.genblk1.genblk1.genblk1.genblk1.lut0 (4 -> 0)
  Optimizing lut $abc$139407$lut$aiger139406$8638.genblk1.genblk1.genblk1.genblk1.genblk1.genblk1.genblk1.genblk1.lut1.genblk1.genblk1.genblk1.genblk1.genblk1.genblk1.genblk1.lut0.genblk1.genblk1.genblk1.genblk1.genblk1.genblk1.lut1.genblk1.genblk1.genblk1.genblk1.genblk1.lut1 (4 -> 0)
  Optimizing lut $abc$139407$lut$aiger139406$19356.genblk1.genblk1.genblk1.genblk1.genblk1.lut1 (4 -> 0)
  Optimizing lut $abc$139407$lut$aiger139406$18793.genblk1.genblk1.genblk1.genblk1.genblk1.lut0 (4 -> 0)
  Optimizing lut $auto$abc_ops_reintegrate.cc:652:reintegrate$139643.genblk1.genblk1.genblk1.genblk1.genblk1.genblk1.genblk1.lut1.genblk1.genblk1.genblk1.genblk1.genblk1.genblk1.lut1.genblk1.genblk1.genblk1.genblk1.genblk1.lut1 (4 -> 2)
  Optimizing lut $abc$139407$lut$aiger139406$8518.genblk1.genblk1.genblk1.genblk1.genblk1.genblk1.genblk1.genblk1.lut0.genblk1.genblk1.genblk1.genblk1.genblk1.genblk1.genblk1.lut0.genblk1.genblk1.genblk1.genblk1.genblk1.genblk1.lut1.genblk1.genblk1.genblk1.genblk1.genblk1.lut1 (4 -> 0)
  Optimizing lut $abc$139407$lut$aiger139406$12104.genblk1.genblk1.genblk1.genblk1.genblk1.genblk1.lut1.genblk1.genblk1.genblk1.genblk1.genblk1.lut1 (4 -> 0)
  Optimizing lut $abc$139407$lut$aiger139406$14824.genblk1.genblk1.genblk1.genblk1.genblk1.genblk1.genblk1.lut0.genblk1.genblk1.genblk1.genblk1.genblk1.genblk1.lut1.genblk1.genblk1.genblk1.genblk1.genblk1.lut1 (4 -> 0)
  Optimizing lut $abc$139407$lut$aiger139406$11516.genblk1.genblk1.genblk1.genblk1.genblk1.lut0 (4 -> 2)
  Optimizing lut $auto$abc_ops_reintegrate.cc:652:reintegrate$139460.genblk1.genblk1.genblk1.genblk1.genblk1.lut0 (4 -> 3)
  Optimizing lut $abc$139407$lut$aiger139406$18917.genblk1.genblk1.genblk1.genblk1.genblk1.lut1 (4 -> 3)
  Optimizing lut $abc$139407$lut$aiger139406$21695.genblk1.genblk1.genblk1.genblk1.genblk1.lut0 (4 -> 0)
  Optimizing lut $abc$139407$lut$aiger139406$8533.genblk1.genblk1.genblk1.genblk1.genblk1.genblk1.genblk1.lut0.genblk1.genblk1.genblk1.genblk1.genblk1.genblk1.lut1.genblk1.genblk1.genblk1.genblk1.genblk1.lut1 (4 -> 0)
  Optimizing lut $auto$abc_ops_reintegrate.cc:652:reintegrate$139825.genblk1.genblk1.genblk1.genblk1.genblk1.lut1 (4 -> 0)
  Optimizing lut $auto$abc_ops_reintegrate.cc:652:reintegrate$139530.genblk1.genblk1.genblk1.genblk1.genblk1.genblk1.genblk1.genblk1.lut1.genblk1.genblk1.genblk1.genblk1.genblk1.genblk1.genblk1.lut1.genblk1.genblk1.genblk1.genblk1.genblk1.genblk1.lut1.genblk1.genblk1.genblk1.genblk1.genblk1.lut1 (4 -> 2)
  Optimizing lut $abc$139407$lut$aiger139406$8542.genblk1.genblk1.genblk1.genblk1.genblk1.genblk1.genblk1.genblk1.lut0.genblk1.genblk1.genblk1.genblk1.genblk1.genblk1.genblk1.lut0.genblk1.genblk1.genblk1.genblk1.genblk1.genblk1.lut1.genblk1.genblk1.genblk1.genblk1.genblk1.lut1 (4 -> 0)
  Optimizing lut $abc$139407$lut$aiger139406$8549.genblk1.genblk1.genblk1.genblk1.genblk1.genblk1.genblk1.genblk1.lut0.genblk1.genblk1.genblk1.genblk1.genblk1.genblk1.genblk1.lut0.genblk1.genblk1.genblk1.genblk1.genblk1.genblk1.lut1.genblk1.genblk1.genblk1.genblk1.genblk1.lut1 (4 -> 0)
  Optimizing lut $abc$139407$lut$aiger$o15611.genblk1.genblk1.genblk1.genblk1.genblk1.lut1 (4 -> 1)
  Optimizing lut $abc$139407$lut$aiger139406$9363.genblk1.genblk1.genblk1.genblk1.genblk1.genblk1.lut0.genblk1.genblk1.genblk1.genblk1.genblk1.lut1 (4 -> 1)
  Optimizing lut $abc$139407$lut$aiger139406$14711.genblk1.genblk1.genblk1.genblk1.genblk1.lut0 (4 -> 0)
  Optimizing lut $abc$139407$lut$aiger139406$8589.genblk1.genblk1.genblk1.genblk1.genblk1.genblk1.genblk1.lut0.genblk1.genblk1.genblk1.genblk1.genblk1.genblk1.lut0.genblk1.genblk1.genblk1.genblk1.genblk1.lut1 (4 -> 0)
  Optimizing lut $auto$abc_ops_reintegrate.cc:652:reintegrate$139562.genblk1.genblk1.genblk1.genblk1.genblk1.genblk1.genblk1.genblk1.lut1.genblk1.genblk1.genblk1.genblk1.genblk1.genblk1.genblk1.lut1.genblk1.genblk1.genblk1.genblk1.genblk1.genblk1.lut1.genblk1.genblk1.genblk1.genblk1.genblk1.lut1 (4 -> 2)
  Optimizing lut $abc$139407$lut$aiger139406$13562.genblk1.genblk1.genblk1.genblk1.genblk1.lut0 (4 -> 0)
  Optimizing lut $abc$139407$lut$aiger139406$22518.genblk1.genblk1.genblk1.genblk1.genblk1.lut1 (4 -> 3)
  Optimizing lut $abc$139407$lut$aiger139406$16296.genblk1.genblk1.genblk1.genblk1.genblk1.lut0 (4 -> 0)
  Optimizing lut $abc$139407$lut$aiger139406$14925.genblk1.genblk1.genblk1.genblk1.genblk1.genblk1.lut1.genblk1.genblk1.genblk1.genblk1.genblk1.lut1 (4 -> 0)
  Optimizing lut $auto$abc_ops_reintegrate.cc:652:reintegrate$139830.genblk1.genblk1.genblk1.genblk1.genblk1.lut0 (4 -> 3)
  Optimizing lut $abc$139407$lut$aiger139406$8560.genblk1.genblk1.genblk1.genblk1.genblk1.genblk1.genblk1.genblk1.lut0.genblk1.genblk1.genblk1.genblk1.genblk1.genblk1.genblk1.lut0.genblk1.genblk1.genblk1.genblk1.genblk1.genblk1.lut1.genblk1.genblk1.genblk1.genblk1.genblk1.lut1 (4 -> 0)
  Optimizing lut $abc$139407$lut$aiger139406$19298.genblk1.genblk1.genblk1.genblk1.genblk1.lut0 (4 -> 0)
  Optimizing lut $abc$139407$lut$aiger139406$8518.genblk1.genblk1.genblk1.genblk1.genblk1.genblk1.genblk1.genblk1.lut1.genblk1.genblk1.genblk1.genblk1.genblk1.genblk1.genblk1.lut0.genblk1.genblk1.genblk1.genblk1.genblk1.genblk1.lut1.genblk1.genblk1.genblk1.genblk1.genblk1.lut1 (4 -> 0)
  Optimizing lut $abc$139407$lut$aiger139406$8583.genblk1.genblk1.genblk1.genblk1.genblk1.genblk1.genblk1.lut0.genblk1.genblk1.genblk1.genblk1.genblk1.genblk1.lut1.genblk1.genblk1.genblk1.genblk1.genblk1.lut1 (4 -> 0)
  Optimizing lut $abc$139407$lut$aiger139406$8589.genblk1.genblk1.genblk1.genblk1.genblk1.genblk1.genblk1.lut0.genblk1.genblk1.genblk1.genblk1.genblk1.genblk1.lut1.genblk1.genblk1.genblk1.genblk1.genblk1.lut1 (4 -> 0)
  Optimizing lut $abc$139407$lut$aiger139406$17466.genblk1.genblk1.genblk1.genblk1.genblk1.lut0 (4 -> 0)
  Optimizing lut $abc$139407$lut$aiger139406$8589.genblk1.genblk1.genblk1.genblk1.genblk1.genblk1.genblk1.lut1.genblk1.genblk1.genblk1.genblk1.genblk1.genblk1.lut1.genblk1.genblk1.genblk1.genblk1.genblk1.lut1 (4 -> 0)
  Optimizing lut $abc$139407$lut$aiger139406$11461.genblk1.genblk1.genblk1.genblk1.genblk1.lut0 (4 -> 0)
  Optimizing lut $abc$139407$lut$aiger139406$8605.genblk1.genblk1.genblk1.genblk1.genblk1.genblk1.genblk1.lut0.genblk1.genblk1.genblk1.genblk1.genblk1.genblk1.lut1.genblk1.genblk1.genblk1.genblk1.genblk1.lut1 (4 -> 0)
  Optimizing lut $auto$abc_ops_reintegrate.cc:652:reintegrate$139817.genblk1.genblk1.genblk1.genblk1.genblk1.genblk1.lut1.genblk1.genblk1.genblk1.genblk1.genblk1.lut1 (4 -> 2)
  Optimizing lut $abc$139407$lut$aiger139406$8616.genblk1.genblk1.genblk1.genblk1.genblk1.genblk1.genblk1.genblk1.lut0.genblk1.genblk1.genblk1.genblk1.genblk1.genblk1.genblk1.lut0.genblk1.genblk1.genblk1.genblk1.genblk1.genblk1.lut1.genblk1.genblk1.genblk1.genblk1.genblk1.lut1 (4 -> 0)
  Optimizing lut $abc$139407$lut$aiger139406$22486.genblk1.genblk1.genblk1.genblk1.genblk1.lut0 (4 -> 0)
  Optimizing lut $abc$139407$lut$aiger$o15489.genblk1.genblk1.genblk1.genblk1.genblk1.genblk1.lut0.genblk1.genblk1.genblk1.genblk1.genblk1.lut1 (4 -> 1)
  Optimizing lut $abc$139407$lut$aiger$o15150.genblk1.genblk1.genblk1.genblk1.genblk1.lut0 (4 -> 3)
  Optimizing lut $abc$139407$lut$aiger139406$8475.genblk1.genblk1.genblk1.genblk1.genblk1.genblk1.genblk1.genblk1.lut1.genblk1.genblk1.genblk1.genblk1.genblk1.genblk1.genblk1.lut0.genblk1.genblk1.genblk1.genblk1.genblk1.genblk1.lut1.genblk1.genblk1.genblk1.genblk1.genblk1.lut1 (4 -> 0)
  Optimizing lut $abc$139407$lut$aiger$o15683.genblk1.genblk1.genblk1.genblk1.genblk1.lut1 (4 -> 3)
  Optimizing lut $abc$139407$lut$aiger139406$21290.genblk1.genblk1.genblk1.genblk1.genblk1.genblk1.lut1.genblk1.genblk1.genblk1.genblk1.genblk1.lut0 (4 -> 0)
  Optimizing lut $abc$139407$lut$aiger139406$13959.genblk1.genblk1.genblk1.genblk1.genblk1.lut0 (4 -> 0)
  Optimizing lut $abc$139407$lut$aiger139406$8638.genblk1.genblk1.genblk1.genblk1.genblk1.genblk1.genblk1.genblk1.lut0.genblk1.genblk1.genblk1.genblk1.genblk1.genblk1.genblk1.lut0.genblk1.genblk1.genblk1.genblk1.genblk1.genblk1.lut1.genblk1.genblk1.genblk1.genblk1.genblk1.lut1 (4 -> 0)
  Optimizing lut $abc$139407$lut$aiger139406$12104.genblk1.genblk1.genblk1.genblk1.genblk1.genblk1.lut0.genblk1.genblk1.genblk1.genblk1.genblk1.lut1 (4 -> 0)
  Optimizing lut $abc$139407$lut$aiger139406$11307.genblk1.genblk1.genblk1.genblk1.genblk1.lut1 (4 -> 0)
  Optimizing lut $abc$139407$lut$aiger139406$8653.genblk1.genblk1.genblk1.genblk1.genblk1.genblk1.genblk1.genblk1.lut0.genblk1.genblk1.genblk1.genblk1.genblk1.genblk1.genblk1.lut0.genblk1.genblk1.genblk1.genblk1.genblk1.genblk1.lut1.genblk1.genblk1.genblk1.genblk1.genblk1.lut1 (4 -> 0)
  Optimizing lut $abc$139407$lut$aiger139406$17902.genblk1.genblk1.genblk1.genblk1.genblk1.lut0 (4 -> 0)
  Optimizing lut $auto$abc_ops_reintegrate.cc:652:reintegrate$139432.genblk1.genblk1.genblk1.genblk1.genblk1.genblk1.genblk1.lut0.genblk1.genblk1.genblk1.genblk1.genblk1.genblk1.lut0.genblk1.genblk1.genblk1.genblk1.genblk1.lut1 (4 -> 0)
  Optimizing lut $abc$139407$lut$aiger139406$18662.genblk1.genblk1.genblk1.genblk1.genblk1.genblk1.lut1.genblk1.genblk1.genblk1.genblk1.genblk1.lut0 (4 -> 3)
  Optimizing lut $auto$abc_ops_reintegrate.cc:652:reintegrate$139554.genblk1.genblk1.genblk1.genblk1.genblk1.genblk1.genblk1.genblk1.lut0.genblk1.genblk1.genblk1.genblk1.genblk1.genblk1.genblk1.lut0.genblk1.genblk1.genblk1.genblk1.genblk1.genblk1.lut1.genblk1.genblk1.genblk1.genblk1.genblk1.lut1 (4 -> 2)
  Optimizing lut $abc$139407$lut$aiger139406$8660.genblk1.genblk1.genblk1.genblk1.genblk1.genblk1.genblk1.genblk1.lut0.genblk1.genblk1.genblk1.genblk1.genblk1.genblk1.genblk1.lut0.genblk1.genblk1.genblk1.genblk1.genblk1.genblk1.lut1.genblk1.genblk1.genblk1.genblk1.genblk1.lut1 (4 -> 1)
  Optimizing lut $abc$139407$lut$aiger139406$8660.genblk1.genblk1.genblk1.genblk1.genblk1.genblk1.genblk1.genblk1.lut1.genblk1.genblk1.genblk1.genblk1.genblk1.genblk1.genblk1.lut0.genblk1.genblk1.genblk1.genblk1.genblk1.genblk1.lut1.genblk1.genblk1.genblk1.genblk1.genblk1.lut1 (4 -> 1)
  Optimizing lut $abc$139407$lut$aiger139406$8670.genblk1.genblk1.genblk1.genblk1.genblk1.genblk1.genblk1.genblk1.lut0.genblk1.genblk1.genblk1.genblk1.genblk1.genblk1.genblk1.lut0.genblk1.genblk1.genblk1.genblk1.genblk1.genblk1.lut1.genblk1.genblk1.genblk1.genblk1.genblk1.lut1 (4 -> 0)
  Optimizing lut $abc$139407$lut$aiger139406$8677.genblk1.genblk1.genblk1.genblk1.genblk1.genblk1.genblk1.genblk1.lut0.genblk1.genblk1.genblk1.genblk1.genblk1.genblk1.genblk1.lut0.genblk1.genblk1.genblk1.genblk1.genblk1.genblk1.lut1.genblk1.genblk1.genblk1.genblk1.genblk1.lut1 (4 -> 0)
  Optimizing lut $abc$139407$lut$aiger139406$8605.genblk1.genblk1.genblk1.genblk1.genblk1.genblk1.genblk1.lut0.genblk1.genblk1.genblk1.genblk1.genblk1.genblk1.lut1.genblk1.genblk1.genblk1.genblk1.genblk1.lut0 (4 -> 0)
  Optimizing lut $abc$139407$lut$aiger139406$8684.genblk1.genblk1.genblk1.genblk1.genblk1.genblk1.genblk1.genblk1.lut0.genblk1.genblk1.genblk1.genblk1.genblk1.genblk1.genblk1.lut0.genblk1.genblk1.genblk1.genblk1.genblk1.genblk1.lut1.genblk1.genblk1.genblk1.genblk1.genblk1.lut1 (4 -> 0)
  Optimizing lut $abc$139407$lut$aiger139406$9136.genblk1.genblk1.genblk1.genblk1.genblk1.genblk1.genblk1.genblk1.lut1.genblk1.genblk1.genblk1.genblk1.genblk1.genblk1.genblk1.lut0.genblk1.genblk1.genblk1.genblk1.genblk1.genblk1.lut1.genblk1.genblk1.genblk1.genblk1.genblk1.lut1 (4 -> 0)
  Optimizing lut $abc$139407$lut$aiger139406$17231.genblk1.genblk1.genblk1.genblk1.genblk1.lut0 (4 -> 0)
  Optimizing lut $auto$abc_ops_reintegrate.cc:652:reintegrate$139493.genblk1.genblk1.genblk1.genblk1.genblk1.genblk1.genblk1.genblk1.lut1.genblk1.genblk1.genblk1.genblk1.genblk1.genblk1.genblk1.lut1.genblk1.genblk1.genblk1.genblk1.genblk1.genblk1.lut1.genblk1.genblk1.genblk1.genblk1.genblk1.lut1 (4 -> 2)
  Optimizing lut $abc$139407$lut$aiger139406$16360.genblk1.genblk1.genblk1.genblk1.genblk1.lut0 (4 -> 3)
  Optimizing lut $abc$139407$lut$aiger$o10101.genblk1.genblk1.genblk1.genblk1.genblk1.genblk1.genblk1.lut0.genblk1.genblk1.genblk1.genblk1.genblk1.genblk1.lut1.genblk1.genblk1.genblk1.genblk1.genblk1.lut1 (4 -> 3)
  Optimizing lut $auto$abc_ops_reintegrate.cc:652:reintegrate$139797.genblk1.genblk1.genblk1.genblk1.genblk1.genblk1.genblk1.lut0.genblk1.genblk1.genblk1.genblk1.genblk1.genblk1.lut0.genblk1.genblk1.genblk1.genblk1.genblk1.lut1 (4 -> 2)
  Optimizing lut $abc$139407$lut$aiger$o14945.genblk1.genblk1.genblk1.genblk1.genblk1.lut1 (4 -> 1)
  Optimizing lut $abc$139407$lut$aiger139406$18193.genblk1.genblk1.genblk1.genblk1.genblk1.genblk1.lut0.genblk1.genblk1.genblk1.genblk1.genblk1.lut1 (4 -> 3)
  Optimizing lut $abc$139407$lut$aiger139406$8699.genblk1.genblk1.genblk1.genblk1.genblk1.genblk1.genblk1.genblk1.lut0.genblk1.genblk1.genblk1.genblk1.genblk1.genblk1.genblk1.lut0.genblk1.genblk1.genblk1.genblk1.genblk1.genblk1.lut1.genblk1.genblk1.genblk1.genblk1.genblk1.lut1 (4 -> 0)
  Optimizing lut $abc$139407$lut$aiger139406$14315.genblk1.genblk1.genblk1.genblk1.genblk1.lut0 (4 -> 0)
  Optimizing lut $abc$139407$lut$aiger139406$8713.genblk1.genblk1.genblk1.genblk1.genblk1.genblk1.genblk1.lut0.genblk1.genblk1.genblk1.genblk1.genblk1.genblk1.lut1.genblk1.genblk1.genblk1.genblk1.genblk1.lut1 (4 -> 0)
  Optimizing lut $abc$139407$lut$aiger$o15476.genblk1.genblk1.genblk1.genblk1.genblk1.genblk1.lut1.genblk1.genblk1.genblk1.genblk1.genblk1.lut1 (4 -> 1)
  Optimizing lut $abc$139407$lut$aiger139406$16593.genblk1.genblk1.genblk1.genblk1.genblk1.genblk1.lut0.genblk1.genblk1.genblk1.genblk1.genblk1.lut1 (4 -> 3)
  Optimizing lut $abc$139407$lut$aiger139406$13690.genblk1.genblk1.genblk1.genblk1.genblk1.genblk1.genblk1.genblk1.lut0.genblk1.genblk1.genblk1.genblk1.genblk1.genblk1.genblk1.lut0.genblk1.genblk1.genblk1.genblk1.genblk1.genblk1.lut1.genblk1.genblk1.genblk1.genblk1.genblk1.lut1 (4 -> 0)
  Optimizing lut $abc$139407$lut$aiger139406$8724.genblk1.genblk1.genblk1.genblk1.genblk1.genblk1.genblk1.lut0.genblk1.genblk1.genblk1.genblk1.genblk1.genblk1.lut1.genblk1.genblk1.genblk1.genblk1.genblk1.lut1 (4 -> 0)
  Optimizing lut $abc$139407$lut$aiger139406$14011.genblk1.genblk1.genblk1.genblk1.genblk1.genblk1.lut0.genblk1.genblk1.genblk1.genblk1.genblk1.lut1 (4 -> 0)
  Optimizing lut $abc$139407$lut$aiger$o15258.genblk1.genblk1.genblk1.genblk1.genblk1.lut1 (4 -> 1)
  Optimizing lut $abc$139407$lut$aiger139406$8740.genblk1.genblk1.genblk1.genblk1.genblk1.genblk1.genblk1.genblk1.lut0.genblk1.genblk1.genblk1.genblk1.genblk1.genblk1.genblk1.lut0.genblk1.genblk1.genblk1.genblk1.genblk1.genblk1.lut1.genblk1.genblk1.genblk1.genblk1.genblk1.lut1 (4 -> 2)
  Optimizing lut $abc$139407$lut$aiger139406$12040.genblk1.genblk1.genblk1.genblk1.genblk1.lut0 (4 -> 0)
  Optimizing lut $abc$139407$lut$aiger139406$21724.genblk1.genblk1.genblk1.genblk1.genblk1.lut0 (4 -> 0)
  Optimizing lut $abc$139407$lut$aiger139406$18099.genblk1.genblk1.genblk1.genblk1.genblk1.lut0 (4 -> 2)
  Optimizing lut $abc$139407$lut$aiger139406$19015.genblk1.genblk1.genblk1.genblk1.genblk1.lut0 (4 -> 0)
  Optimizing lut $abc$139407$lut$aiger139406$19193.genblk1.genblk1.genblk1.genblk1.genblk1.lut0 (4 -> 2)
  Optimizing lut $abc$139407$lut$aiger139406$9870.genblk1.genblk1.genblk1.genblk1.genblk1.lut0 (4 -> 0)
  Optimizing lut $abc$139407$lut$aiger139406$13836.genblk1.genblk1.genblk1.genblk1.genblk1.lut1 (4 -> 3)
  Optimizing lut $auto$abc_ops_reintegrate.cc:652:reintegrate$139538.genblk1.genblk1.genblk1.genblk1.genblk1.genblk1.genblk1.genblk1.lut0.genblk1.genblk1.genblk1.genblk1.genblk1.genblk1.genblk1.lut0.genblk1.genblk1.genblk1.genblk1.genblk1.genblk1.lut1.genblk1.genblk1.genblk1.genblk1.genblk1.lut1 (4 -> 2)
  Optimizing lut $auto$abc_ops_reintegrate.cc:652:reintegrate$139523.genblk1.genblk1.genblk1.genblk1.genblk1.lut0 (4 -> 3)
  Optimizing lut $abc$139407$lut$aiger139406$18340.genblk1.genblk1.genblk1.genblk1.genblk1.lut0 (4 -> 0)
  Optimizing lut $abc$139407$lut$aiger139406$15948.genblk1.genblk1.genblk1.genblk1.genblk1.lut0 (4 -> 0)
  Optimizing lut $abc$139407$lut$aiger139406$21577.genblk1.genblk1.genblk1.genblk1.genblk1.genblk1.lut1.genblk1.genblk1.genblk1.genblk1.genblk1.lut1 (4 -> 3)
  Optimizing lut $abc$139407$lut$aiger139406$8786.genblk1.genblk1.genblk1.genblk1.genblk1.lut0 (4 -> 2)
  Optimizing lut $abc$139407$lut$aiger$o14038.genblk1.genblk1.genblk1.genblk1.genblk1.lut1 (4 -> 0)
  Optimizing lut $abc$139407$lut$aiger139406$17504.genblk1.genblk1.genblk1.genblk1.genblk1.lut0 (4 -> 0)
  Optimizing lut $auto$abc_ops_reintegrate.cc:652:reintegrate$139688.genblk1.genblk1.genblk1.genblk1.genblk1.lut0 (4 -> 3)
  Optimizing lut $abc$139407$lut$aiger$o13758.genblk1.genblk1.genblk1.genblk1.genblk1.lut1 (4 -> 1)
  Optimizing lut $abc$139407$lut$aiger139406$15779.genblk1.genblk1.genblk1.genblk1.genblk1.lut0 (4 -> 0)
  Optimizing lut $abc$139407$lut$aiger$o14370.genblk1.genblk1.genblk1.genblk1.genblk1.lut0 (4 -> 1)
  Optimizing lut $abc$139407$lut$aiger139406$13918.genblk1.genblk1.genblk1.genblk1.genblk1.genblk1.genblk1.genblk1.lut0.genblk1.genblk1.genblk1.genblk1.genblk1.genblk1.genblk1.lut0.genblk1.genblk1.genblk1.genblk1.genblk1.genblk1.lut1.genblk1.genblk1.genblk1.genblk1.genblk1.lut1 (4 -> 1)
  Optimizing lut $abc$139407$lut$aiger139406$13873.genblk1.genblk1.genblk1.genblk1.genblk1.genblk1.lut1.genblk1.genblk1.genblk1.genblk1.genblk1.lut1 (4 -> 0)
  Optimizing lut $auto$abc_ops_reintegrate.cc:652:reintegrate$139494.genblk1.genblk1.genblk1.genblk1.genblk1.lut0 (4 -> 3)
  Optimizing lut $abc$139407$lut$aiger139406$8765.genblk1.genblk1.genblk1.genblk1.genblk1.lut0 (4 -> 0)
  Optimizing lut $abc$139407$lut$aiger$o13450.genblk1.genblk1.genblk1.genblk1.genblk1.lut1 (4 -> 1)
  Optimizing lut $auto$abc_ops_reintegrate.cc:652:reintegrate$139642.genblk1.genblk1.genblk1.genblk1.genblk1.genblk1.lut1.genblk1.genblk1.genblk1.genblk1.genblk1.lut1 (4 -> 2)
  Optimizing lut $auto$abc_ops_reintegrate.cc:652:reintegrate$139608.genblk1.genblk1.genblk1.genblk1.genblk1.genblk1.genblk1.lut0.genblk1.genblk1.genblk1.genblk1.genblk1.genblk1.lut1.genblk1.genblk1.genblk1.genblk1.genblk1.lut1 (4 -> 0)
  Optimizing lut $abc$139407$lut$aiger139406$17263.genblk1.genblk1.genblk1.genblk1.genblk1.lut1 (4 -> 3)
  Optimizing lut $abc$139407$lut$aiger139406$13336.genblk1.genblk1.genblk1.genblk1.genblk1.lut1 (4 -> 3)
  Optimizing lut $auto$abc_ops_reintegrate.cc:652:reintegrate$139744.genblk1.genblk1.genblk1.genblk1.genblk1.lut0 (4 -> 2)
  Optimizing lut $abc$139407$lut$aiger139406$14348.genblk1.genblk1.genblk1.genblk1.genblk1.lut0 (4 -> 1)
  Optimizing lut $abc$139407$lut$aiger139406$8853.genblk1.genblk1.genblk1.genblk1.genblk1.lut1 (4 -> 0)
  Optimizing lut $abc$139407$lut$aiger139406$20388.genblk1.genblk1.genblk1.genblk1.genblk1.genblk1.genblk1.lut0.genblk1.genblk1.genblk1.genblk1.genblk1.genblk1.lut0.genblk1.genblk1.genblk1.genblk1.genblk1.lut1 (4 -> 0)
  Optimizing lut $abc$139407$lut$aiger139406$8807.genblk1.genblk1.genblk1.genblk1.genblk1.lut0 (4 -> 0)
  Optimizing lut $abc$139407$lut$aiger$o14004.genblk1.genblk1.genblk1.genblk1.genblk1.lut0 (4 -> 1)
  Optimizing lut $abc$139407$lut$aiger139406$14376.genblk1.genblk1.genblk1.genblk1.genblk1.genblk1.lut1.genblk1.genblk1.genblk1.genblk1.genblk1.lut0 (4 -> 0)
  Optimizing lut $abc$139407$lut$aiger139406$22518.genblk1.genblk1.genblk1.genblk1.genblk1.lut0 (4 -> 2)
  Optimizing lut $abc$139407$lut$aiger139406$15096.genblk1.genblk1.genblk1.genblk1.genblk1.genblk1.lut1.genblk1.genblk1.genblk1.genblk1.genblk1.lut1 (4 -> 3)
  Optimizing lut $abc$139407$lut$aiger139406$15058.genblk1.genblk1.genblk1.genblk1.genblk1.lut0 (4 -> 2)
  Optimizing lut $abc$139407$lut$aiger139406$11576.genblk1.genblk1.genblk1.genblk1.genblk1.genblk1.lut1.genblk1.genblk1.genblk1.genblk1.genblk1.lut1 (4 -> 1)
  Optimizing lut $abc$139407$lut$aiger139406$18388.genblk1.genblk1.genblk1.genblk1.genblk1.genblk1.lut1.genblk1.genblk1.genblk1.genblk1.genblk1.lut0 (4 -> 0)
  Optimizing lut $abc$139407$lut$aiger$o15462.genblk1.genblk1.genblk1.genblk1.genblk1.lut1 (4 -> 1)
  Optimizing lut $abc$139407$lut$aiger139406$21905.genblk1.genblk1.genblk1.genblk1.genblk1.genblk1.lut1.genblk1.genblk1.genblk1.genblk1.genblk1.lut0 (4 -> 0)
  Optimizing lut $abc$139407$lut$aiger139406$21717.genblk1.genblk1.genblk1.genblk1.genblk1.lut0 (4 -> 0)
  Optimizing lut $abc$139407$lut$aiger$o14045.genblk1.genblk1.genblk1.genblk1.genblk1.lut0 (4 -> 1)
  Optimizing lut $abc$139407$lut$aiger139406$21290.genblk1.genblk1.genblk1.genblk1.genblk1.genblk1.lut1.genblk1.genblk1.genblk1.genblk1.genblk1.lut1 (4 -> 3)
  Optimizing lut $auto$abc_ops_reintegrate.cc:652:reintegrate$139676.genblk1.genblk1.genblk1.genblk1.genblk1.lut0 (4 -> 3)
  Optimizing lut $abc$139407$lut$aiger139406$9937.genblk1.genblk1.genblk1.genblk1.genblk1.lut1 (4 -> 0)
  Optimizing lut $abc$139407$lut$aiger$o14193.genblk1.genblk1.genblk1.genblk1.genblk1.lut1 (4 -> 1)
  Optimizing lut $abc$139407$lut$aiger139406$17459.genblk1.genblk1.genblk1.genblk1.genblk1.lut0 (4 -> 0)
  Optimizing lut $abc$139407$lut$aiger$o15525.genblk1.genblk1.genblk1.genblk1.genblk1.lut1 (4 -> 3)
  Optimizing lut $abc$139407$lut$aiger139406$17473.genblk1.genblk1.genblk1.genblk1.genblk1.lut0 (4 -> 0)
  Optimizing lut $abc$139407$lut$aiger139406$13836.genblk1.genblk1.genblk1.genblk1.genblk1.lut0 (4 -> 2)

20.47. Executing HILOMAP pass (mapping to constant drivers).
Removed 0 unused cells and 19009 unused wires.

20.48. Executing AUTONAME pass.
Renamed 19355 objects in module PSC_CPU_TimingTop.
<suppressed ~19355 debug messages>

20.49. Executing HIERARCHY pass (managing design hierarchy).
Attribute `top' found on module `PSC_CPU_TimingTop'. Setting top module to PSC_CPU_TimingTop.

20.49.1. Analyzing design hierarchy..
Top module:  \PSC_CPU_TimingTop

20.49.2. Analyzing design hierarchy..
Top module:  \PSC_CPU_TimingTop
Removed 0 unused modules.

20.50. Printing statistics.

=== PSC_CPU_TimingTop ===

        +----------Local Count, excluding submodules.
        | 
     7595 wires
    23448 wire bits
     7595 public wires
    23448 public wire bits
        3 ports
        3 port bits
     8069 cells
       15   $scopeinfo
        1   GND
        2   IBUF
     1199   LUT1
      623   LUT2
     1244   LUT3
     3144   LUT4
        1   MULT36X36
     1343   MUX2_LUT5
      342   MUX2_LUT6
      112   MUX2_LUT7
       41   MUX2_LUT8
        1   OBUF
        1   VCC
     4109 submodules
      390   ALU
      226   DFFC
     3398   DFFCE
       32   DFFE
       26   DFFP
        7   DFFPE
       30   DFFRE

=== design hierarchy ===

        +----------Count including submodules.
        | 
     8069 PSC_CPU_TimingTop

        +----------Count including submodules.
        | 
     7595 wires
    23448 wire bits
     7595 public wires
    23448 public wire bits
        3 ports
        3 port bits
        - memories
        - memory bits
        - processes
     8069 cells
       15   $scopeinfo
        1   GND
        2   IBUF
     1199   LUT1
      623   LUT2
     1244   LUT3
     3144   LUT4
        1   MULT36X36
     1343   MUX2_LUT5
      342   MUX2_LUT6
      112   MUX2_LUT7
       41   MUX2_LUT8
        1   OBUF
        1   VCC
     4109 submodules
      390   ALU
      226   DFFC
     3398   DFFCE
       32   DFFE
       26   DFFP
        7   DFFPE
       30   DFFRE

20.51. Executing CHECK pass (checking for obvious problems).
Checking module PSC_CPU_TimingTop...
Found and reported 0 problems.

20.52. Executing JSON backend.

21. Printing statistics.

=== PSC_CPU_TimingTop ===

        +----------Local Count, excluding submodules.
        | 
     7595 wires
    23448 wire bits
     7595 public wires
    23448 public wire bits
        3 ports
        3 port bits
    12178 cells
       15   $scopeinfo
      390   ALU
      226   DFFC
     3398   DFFCE
       32   DFFE
       26   DFFP
        7   DFFPE
       30   DFFRE
        1   GND
        2   IBUF
     1199   LUT1
      623   LUT2
     1244   LUT3
     3144   LUT4
        1   MULT36X36
     1343   MUX2_LUT5
      342   MUX2_LUT6
      112   MUX2_LUT7
       41   MUX2_LUT8
        1   OBUF
        1   VCC

Warnings: 3 unique messages, 5 total
End of script. Logfile hash: e279465a8e, time: 7.15s, user: 4.71s, system: 0.31s, MEM: 233.45 MB peak
Yosys 0.68+136 (git sha1 c30457480, Release, GNU /usr/bin/c++ 15.2.0)
Time spent: 38% 1x abc9_exe (3 sec), 13% 14x techmap (1 sec), ...
