
 /----------------------------------------------------------------------------\
 |  yosys -- Yosys Open SYnthesis Suite                                       |
 |  Copyright (C) 2012 - 2025  Claire Xenia Wolf <claire@yosyshq.com>         |
 |  Distributed under an ISC-like license, type "license" to see terms        |
 \----------------------------------------------------------------------------/
 Yosys 0.52 (git sha1 fee39a3284c90249e1d9684cf6944ffbbcbb8f90)

-- Running command `	read_verilog ./build_yosys/cpu_yosys.v; 	hierarchy -top PSC_RV32_core; 	proc; opt; 	stat' --

1. Executing Verilog-2005 frontend: ./build_yosys/cpu_yosys.v
Parsing Verilog input from `./build_yosys/cpu_yosys.v' to AST representation.
Generating RTLIL representation for module `\PSC_ONE_RV32_core'.
Generating RTLIL representation for module `\PSC_RV32_core'.
Generating RTLIL representation for module `\PSC_RV32_FetchUnit'.
Generating RTLIL representation for module `\Fetch_Fifo'.
Generating RTLIL representation for module `\PSC_RV32_InstructionEngine'.
Generating RTLIL representation for module `\PSC_InstructionUnit'.
Warning: Replacing memory \rat_spec_slot with list of registers. See ./build_yosys/cpu_yosys.v:2125
Warning: Replacing memory \iq with list of registers. See ./build_yosys/cpu_yosys.v:2059
Warning: Replacing memory \rob with list of registers. See ./build_yosys/cpu_yosys.v:2057
Generating RTLIL representation for module `\Fetch'.
Generating RTLIL representation for module `\Decorder'.
Generating RTLIL representation for module `\Execute'.
Generating RTLIL representation for module `\Execute_Divider'.
Generating RTLIL representation for module `\Execute_Mul'.
Generating RTLIL representation for module `\Branch'.
Generating RTLIL representation for module `\MemoryStore'.
Generating RTLIL representation for module `\PSC_Register'.
Warning: Replacing memory \ready with list of registers. See ./build_yosys/cpu_yosys.v:3212
Warning: Replacing memory \registers with list of registers. See ./build_yosys/cpu_yosys.v:3192
Generating RTLIL representation for module `\PSC_PC'.
Generating RTLIL representation for module `\MMU'.
Generating RTLIL representation for module `\Csr'.
Generating RTLIL representation for module `\PSC_RV32_Monitor'.
Successfully finished Verilog frontend.

2. Executing HIERARCHY pass (managing design hierarchy).

2.1. Analyzing design hierarchy..
Top module:  \PSC_RV32_core
Used module:     \PSC_RV32_InstructionEngine
Used module:         \MMU
Used module:         \Branch
Used module:         \Execute
Used module:             \Execute_Mul
Used module:             \Execute_Divider
Used module:         \Decorder
Used module:         \PSC_InstructionUnit
Used module:             \PSC_PC
Used module:             \PSC_Register
Used module:     \PSC_RV32_FetchUnit
Used module:         \Fetch_Fifo
Used module:         \Fetch
Used module:     \Csr
Parameter \WIDTH = 32
Parameter \DEPTH = 16

2.2. Executing AST frontend in derive mode using pre-parsed AST for module `\Fetch_Fifo'.
Parameter \WIDTH = 32
Parameter \DEPTH = 16
Generating RTLIL representation for module `$paramod$28704d8bf4447e08602ecae7770c77318b280126\Fetch_Fifo'.
Parameter \BURST_MODE = 1'1

2.3. Executing AST frontend in derive mode using pre-parsed AST for module `\Fetch'.
Parameter \BURST_MODE = 1'1
Generating RTLIL representation for module `$paramod\Fetch\BURST_MODE=1'1'.
Parameter \UART_MMIO_ADDR = 32'11110000000001000000000011110000

2.4. Executing AST frontend in derive mode using pre-parsed AST for module `\Branch'.
Parameter \UART_MMIO_ADDR = 32'11110000000001000000000011110000
Generating RTLIL representation for module `$paramod\Branch\UART_MMIO_ADDR=32'11110000000001000000000011110000'.
Parameter \ENABLE_MUL = 1'1
Parameter \ENABLE_DIV = 1'1

2.5. Executing AST frontend in derive mode using pre-parsed AST for module `\Execute'.
Parameter \ENABLE_MUL = 1'1
Parameter \ENABLE_DIV = 1'1
Generating RTLIL representation for module `$paramod\Execute\ENABLE_MUL=1'1\ENABLE_DIV=1'1'.
Parameter \ENABLE_MUL = 1'0
Parameter \ENABLE_DIV = 1'0

2.6. Executing AST frontend in derive mode using pre-parsed AST for module `\Execute'.
Parameter \ENABLE_MUL = 1'0
Parameter \ENABLE_DIV = 1'0
Generating RTLIL representation for module `$paramod\Execute\ENABLE_MUL=1'0\ENABLE_DIV=1'0'.
Parameter \ENTRIES = 34
Parameter \TAG_W = 6

2.7. Executing AST frontend in derive mode using pre-parsed AST for module `\PSC_Register'.
Parameter \ENTRIES = 34
Parameter \TAG_W = 6
Generating RTLIL representation for module `$paramod$01725da92754737a8a2ce09aa1322a94754cc9bb\PSC_Register'.
Warning: Replacing memory \ready with list of registers. See ./build_yosys/cpu_yosys.v:3212
Warning: Replacing memory \registers with list of registers. See ./build_yosys/cpu_yosys.v:3192
Reprocessing module PSC_InstructionUnit because instantiated module PSC_PC has become available.
Generating RTLIL representation for module `\PSC_InstructionUnit'.
Warning: Replacing memory \rat_spec_slot with list of registers. See ./build_yosys/cpu_yosys.v:2125
Warning: Replacing memory \iq with list of registers. See ./build_yosys/cpu_yosys.v:2059
Warning: Replacing memory \rob with list of registers. See ./build_yosys/cpu_yosys.v:2057

2.8. Analyzing design hierarchy..
Top module:  \PSC_RV32_core
Used module:     \PSC_RV32_InstructionEngine
Used module:         \MMU
Used module:         $paramod\Branch\UART_MMIO_ADDR=32'11110000000001000000000011110000
Used module:         $paramod\Execute\ENABLE_MUL=1'1\ENABLE_DIV=1'1
Used module:             \Execute_Mul
Used module:             \Execute_Divider
Used module:         $paramod\Execute\ENABLE_MUL=1'0\ENABLE_DIV=1'0
Used module:         \Decorder
Used module:         \PSC_InstructionUnit
Used module:             \PSC_PC
Used module:             \PSC_Register
Used module:     \PSC_RV32_FetchUnit
Used module:         $paramod$28704d8bf4447e08602ecae7770c77318b280126\Fetch_Fifo
Used module:         $paramod\Fetch\BURST_MODE=1'1
Used module:     \Csr
Parameter \ENTRIES = 34
Parameter \TAG_W = 6
Found cached RTLIL representation for module `$paramod$01725da92754737a8a2ce09aa1322a94754cc9bb\PSC_Register'.

2.9. Analyzing design hierarchy..
Top module:  \PSC_RV32_core
Used module:     \PSC_RV32_InstructionEngine
Used module:         \MMU
Used module:         $paramod\Branch\UART_MMIO_ADDR=32'11110000000001000000000011110000
Used module:         $paramod\Execute\ENABLE_MUL=1'1\ENABLE_DIV=1'1
Used module:             \Execute_Mul
Used module:             \Execute_Divider
Used module:         $paramod\Execute\ENABLE_MUL=1'0\ENABLE_DIV=1'0
Used module:         \Decorder
Used module:         \PSC_InstructionUnit
Used module:             \PSC_PC
Used module:             $paramod$01725da92754737a8a2ce09aa1322a94754cc9bb\PSC_Register
Used module:     \PSC_RV32_FetchUnit
Used module:         $paramod$28704d8bf4447e08602ecae7770c77318b280126\Fetch_Fifo
Used module:         $paramod\Fetch\BURST_MODE=1'1
Used module:     \Csr

2.10. Analyzing design hierarchy..
Top module:  \PSC_RV32_core
Used module:     \PSC_RV32_InstructionEngine
Used module:         \MMU
Used module:         $paramod\Branch\UART_MMIO_ADDR=32'11110000000001000000000011110000
Used module:         $paramod\Execute\ENABLE_MUL=1'1\ENABLE_DIV=1'1
Used module:             \Execute_Mul
Used module:             \Execute_Divider
Used module:         $paramod\Execute\ENABLE_MUL=1'0\ENABLE_DIV=1'0
Used module:         \Decorder
Used module:         \PSC_InstructionUnit
Used module:             \PSC_PC
Used module:             $paramod$01725da92754737a8a2ce09aa1322a94754cc9bb\PSC_Register
Used module:     \PSC_RV32_FetchUnit
Used module:         $paramod$28704d8bf4447e08602ecae7770c77318b280126\Fetch_Fifo
Used module:         $paramod\Fetch\BURST_MODE=1'1
Used module:     \Csr
Removing unused module `\PSC_RV32_Monitor'.
Removing unused module `\PSC_Register'.
Removing unused module `\MemoryStore'.
Removing unused module `\Branch'.
Removing unused module `\Execute'.
Removing unused module `\Fetch'.
Removing unused module `\Fetch_Fifo'.
Removing unused module `\PSC_ONE_RV32_core'.
Removed 8 unused modules.
Warning: Resizing cell port PSC_InstructionUnit.u_physical_register_file.wb3_addr from 5 bits to 6 bits.

3. Executing PROC pass (convert processes to netlists).

3.1. Executing PROC_CLEAN pass (remove empty switches from decision trees).
Found and cleaned up 1 empty switch in `$paramod\Execute\ENABLE_MUL=1'0\ENABLE_DIV=1'0.$proc$./build_yosys/cpu_yosys.v:2637$3579'.
Found and cleaned up 1 empty switch in `$paramod\Execute\ENABLE_MUL=1'1\ENABLE_DIV=1'1.$proc$./build_yosys/cpu_yosys.v:2637$3518'.
Found and cleaned up 2 empty switches in `$paramod\Fetch\BURST_MODE=1'1.$proc$./build_yosys/cpu_yosys.v:2283$3471'.
Found and cleaned up 1 empty switch in `$paramod$01725da92754737a8a2ce09aa1322a94754cc9bb\PSC_Register.$proc$./build_yosys/cpu_yosys.v:3176$3626'.
Found and cleaned up 1 empty switch in `\PSC_InstructionUnit.$proc$./build_yosys/cpu_yosys.v:1955$4330'.
Found and cleaned up 1 empty switch in `\PSC_InstructionUnit.$proc$./build_yosys/cpu_yosys.v:1928$4299'.
Found and cleaned up 1 empty switch in `\PSC_InstructionUnit.$proc$./build_yosys/cpu_yosys.v:1895$4222'.
Found and cleaned up 1 empty switch in `\PSC_InstructionUnit.$proc$./build_yosys/cpu_yosys.v:1851$4091'.
Found and cleaned up 1 empty switch in `\PSC_InstructionUnit.$proc$./build_yosys/cpu_yosys.v:1823$3974'.
Found and cleaned up 1 empty switch in `\PSC_InstructionUnit.$proc$./build_yosys/cpu_yosys.v:1811$3967'.
Found and cleaned up 3 empty switches in `\PSC_RV32_FetchUnit.$proc$./build_yosys/cpu_yosys.v:966$68'.
Found and cleaned up 1 empty switch in `\Csr.$proc$./build_yosys/cpu_yosys.v:3740$3287'.
Cleaned up 15 empty switches.

3.2. Executing PROC_RMDEAD pass (remove dead branches from decision trees).
Marked 11 switch rules as full_case in process $proc$./build_yosys/cpu_yosys.v:3399$3130 in module MMU.
Marked 3 switch rules as full_case in process $proc$./build_yosys/cpu_yosys.v:3289$3111 in module PSC_PC.
Removed 1 dead cases from process $proc$./build_yosys/cpu_yosys.v:2649$3582 in module $paramod\Execute\ENABLE_MUL=1'0\ENABLE_DIV=1'0.
Marked 6 switch rules as full_case in process $proc$./build_yosys/cpu_yosys.v:2649$3582 in module $paramod\Execute\ENABLE_MUL=1'0\ENABLE_DIV=1'0.
Marked 1 switch rules as full_case in process $proc$./build_yosys/cpu_yosys.v:2637$3579 in module $paramod\Execute\ENABLE_MUL=1'0\ENABLE_DIV=1'0.
Removed 1 dead cases from process $proc$./build_yosys/cpu_yosys.v:2649$3521 in module $paramod\Execute\ENABLE_MUL=1'1\ENABLE_DIV=1'1.
Marked 6 switch rules as full_case in process $proc$./build_yosys/cpu_yosys.v:2649$3521 in module $paramod\Execute\ENABLE_MUL=1'1\ENABLE_DIV=1'1.
Marked 1 switch rules as full_case in process $proc$./build_yosys/cpu_yosys.v:2637$3518 in module $paramod\Execute\ENABLE_MUL=1'1\ENABLE_DIV=1'1.
Marked 4 switch rules as full_case in process $proc$./build_yosys/cpu_yosys.v:2918$3487 in module $paramod\Branch\UART_MMIO_ADDR=32'11110000000001000000000011110000.
Marked 1 switch rules as full_case in process $proc$./build_yosys/cpu_yosys.v:2830$2393 in module Execute_Mul.
Marked 4 switch rules as full_case in process $proc$./build_yosys/cpu_yosys.v:2737$2377 in module Execute_Divider.
Marked 4 switch rules as full_case in process $proc$./build_yosys/cpu_yosys.v:2283$3471 in module $paramod\Fetch\BURST_MODE=1'1.
Marked 2 switch rules as full_case in process $proc$./build_yosys/cpu_yosys.v:2530$2295 in module Decorder.
Marked 2 switch rules as full_case in process $proc$./build_yosys/cpu_yosys.v:1175$3455 in module $paramod$28704d8bf4447e08602ecae7770c77318b280126\Fetch_Fifo.
Marked 1 switch rules as full_case in process $proc$./build_yosys/cpu_yosys.v:1162$3433 in module $paramod$28704d8bf4447e08602ecae7770c77318b280126\Fetch_Fifo.
Marked 5 switch rules as full_case in process $proc$./build_yosys/cpu_yosys.v:3209$3796 in module $paramod$01725da92754737a8a2ce09aa1322a94754cc9bb\PSC_Register.
Marked 5 switch rules as full_case in process $proc$./build_yosys/cpu_yosys.v:3209$3781 in module $paramod$01725da92754737a8a2ce09aa1322a94754cc9bb\PSC_Register.
Marked 2 switch rules as full_case in process $proc$./build_yosys/cpu_yosys.v:3190$3769 in module $paramod$01725da92754737a8a2ce09aa1322a94754cc9bb\PSC_Register.
Marked 2 switch rules as full_case in process $proc$./build_yosys/cpu_yosys.v:3190$3765 in module $paramod$01725da92754737a8a2ce09aa1322a94754cc9bb\PSC_Register.
Marked 2 switch rules as full_case in process $proc$./build_yosys/cpu_yosys.v:3190$3761 in module $paramod$01725da92754737a8a2ce09aa1322a94754cc9bb\PSC_Register.
Marked 2 switch rules as full_case in process $proc$./build_yosys/cpu_yosys.v:3190$3757 in module $paramod$01725da92754737a8a2ce09aa1322a94754cc9bb\PSC_Register.
Marked 2 switch rules as full_case in process $proc$./build_yosys/cpu_yosys.v:3190$3753 in module $paramod$01725da92754737a8a2ce09aa1322a94754cc9bb\PSC_Register.
Marked 2 switch rules as full_case in process $proc$./build_yosys/cpu_yosys.v:3190$3749 in module $paramod$01725da92754737a8a2ce09aa1322a94754cc9bb\PSC_Register.
Marked 2 switch rules as full_case in process $proc$./build_yosys/cpu_yosys.v:3190$3745 in module $paramod$01725da92754737a8a2ce09aa1322a94754cc9bb\PSC_Register.
Marked 2 switch rules as full_case in process $proc$./build_yosys/cpu_yosys.v:3190$3741 in module $paramod$01725da92754737a8a2ce09aa1322a94754cc9bb\PSC_Register.
Marked 2 switch rules as full_case in process $proc$./build_yosys/cpu_yosys.v:3190$3737 in module $paramod$01725da92754737a8a2ce09aa1322a94754cc9bb\PSC_Register.
Marked 2 switch rules as full_case in process $proc$./build_yosys/cpu_yosys.v:3190$3733 in module $paramod$01725da92754737a8a2ce09aa1322a94754cc9bb\PSC_Register.
Marked 2 switch rules as full_case in process $proc$./build_yosys/cpu_yosys.v:3190$3729 in module $paramod$01725da92754737a8a2ce09aa1322a94754cc9bb\PSC_Register.
Marked 2 switch rules as full_case in process $proc$./build_yosys/cpu_yosys.v:3190$3725 in module $paramod$01725da92754737a8a2ce09aa1322a94754cc9bb\PSC_Register.
Marked 2 switch rules as full_case in process $proc$./build_yosys/cpu_yosys.v:3190$3721 in module $paramod$01725da92754737a8a2ce09aa1322a94754cc9bb\PSC_Register.
Marked 2 switch rules as full_case in process $proc$./build_yosys/cpu_yosys.v:3190$3717 in module $paramod$01725da92754737a8a2ce09aa1322a94754cc9bb\PSC_Register.
Marked 2 switch rules as full_case in process $proc$./build_yosys/cpu_yosys.v:3190$3713 in module $paramod$01725da92754737a8a2ce09aa1322a94754cc9bb\PSC_Register.
Marked 2 switch rules as full_case in process $proc$./build_yosys/cpu_yosys.v:3190$3709 in module $paramod$01725da92754737a8a2ce09aa1322a94754cc9bb\PSC_Register.
Marked 2 switch rules as full_case in process $proc$./build_yosys/cpu_yosys.v:3190$3705 in module $paramod$01725da92754737a8a2ce09aa1322a94754cc9bb\PSC_Register.
Marked 2 switch rules as full_case in process $proc$./build_yosys/cpu_yosys.v:3190$3701 in module $paramod$01725da92754737a8a2ce09aa1322a94754cc9bb\PSC_Register.
Marked 2 switch rules as full_case in process $proc$./build_yosys/cpu_yosys.v:3190$3697 in module $paramod$01725da92754737a8a2ce09aa1322a94754cc9bb\PSC_Register.
Marked 2 switch rules as full_case in process $proc$./build_yosys/cpu_yosys.v:3190$3693 in module $paramod$01725da92754737a8a2ce09aa1322a94754cc9bb\PSC_Register.
Marked 2 switch rules as full_case in process $proc$./build_yosys/cpu_yosys.v:3190$3689 in module $paramod$01725da92754737a8a2ce09aa1322a94754cc9bb\PSC_Register.
Marked 2 switch rules as full_case in process $proc$./build_yosys/cpu_yosys.v:3190$3685 in module $paramod$01725da92754737a8a2ce09aa1322a94754cc9bb\PSC_Register.
Marked 2 switch rules as full_case in process $proc$./build_yosys/cpu_yosys.v:3190$3681 in module $paramod$01725da92754737a8a2ce09aa1322a94754cc9bb\PSC_Register.
Marked 2 switch rules as full_case in process $proc$./build_yosys/cpu_yosys.v:3190$3677 in module $paramod$01725da92754737a8a2ce09aa1322a94754cc9bb\PSC_Register.
Marked 2 switch rules as full_case in process $proc$./build_yosys/cpu_yosys.v:3190$3673 in module $paramod$01725da92754737a8a2ce09aa1322a94754cc9bb\PSC_Register.
Marked 2 switch rules as full_case in process $proc$./build_yosys/cpu_yosys.v:3190$3669 in module $paramod$01725da92754737a8a2ce09aa1322a94754cc9bb\PSC_Register.
Marked 2 switch rules as full_case in process $proc$./build_yosys/cpu_yosys.v:3190$3665 in module $paramod$01725da92754737a8a2ce09aa1322a94754cc9bb\PSC_Register.
Marked 2 switch rules as full_case in process $proc$./build_yosys/cpu_yosys.v:3190$3661 in module $paramod$01725da92754737a8a2ce09aa1322a94754cc9bb\PSC_Register.
Marked 2 switch rules as full_case in process $proc$./build_yosys/cpu_yosys.v:3190$3657 in module $paramod$01725da92754737a8a2ce09aa1322a94754cc9bb\PSC_Register.
Marked 2 switch rules as full_case in process $proc$./build_yosys/cpu_yosys.v:3190$3653 in module $paramod$01725da92754737a8a2ce09aa1322a94754cc9bb\PSC_Register.
Marked 2 switch rules as full_case in process $proc$./build_yosys/cpu_yosys.v:3190$3649 in module $paramod$01725da92754737a8a2ce09aa1322a94754cc9bb\PSC_Register.
Marked 4 switch rules as full_case in process $proc$./build_yosys/cpu_yosys.v:3176$3626 in module $paramod$01725da92754737a8a2ce09aa1322a94754cc9bb\PSC_Register.
Marked 1 switch rules as full_case in process $proc$./build_yosys/cpu_yosys.v:1365$147 in module PSC_RV32_InstructionEngine.
Removed 1 dead cases from process $proc$./build_yosys/cpu_yosys.v:0$5702 in module PSC_InstructionUnit.
Marked 1 switch rules as full_case in process $proc$./build_yosys/cpu_yosys.v:0$5702 in module PSC_InstructionUnit.
Removed 1 dead cases from process $proc$./build_yosys/cpu_yosys.v:0$5699 in module PSC_InstructionUnit.
Marked 1 switch rules as full_case in process $proc$./build_yosys/cpu_yosys.v:0$5699 in module PSC_InstructionUnit.
Removed 1 dead cases from process $proc$./build_yosys/cpu_yosys.v:0$5696 in module PSC_InstructionUnit.
Marked 1 switch rules as full_case in process $proc$./build_yosys/cpu_yosys.v:0$5696 in module PSC_InstructionUnit.
Removed 1 dead cases from process $proc$./build_yosys/cpu_yosys.v:0$5693 in module PSC_InstructionUnit.
Marked 1 switch rules as full_case in process $proc$./build_yosys/cpu_yosys.v:0$5693 in module PSC_InstructionUnit.
Removed 1 dead cases from process $proc$./build_yosys/cpu_yosys.v:0$5690 in module PSC_InstructionUnit.
Marked 1 switch rules as full_case in process $proc$./build_yosys/cpu_yosys.v:0$5690 in module PSC_InstructionUnit.
Removed 1 dead cases from process $proc$./build_yosys/cpu_yosys.v:0$5687 in module PSC_InstructionUnit.
Marked 1 switch rules as full_case in process $proc$./build_yosys/cpu_yosys.v:0$5687 in module PSC_InstructionUnit.
Removed 1 dead cases from process $proc$./build_yosys/cpu_yosys.v:0$5684 in module PSC_InstructionUnit.
Marked 1 switch rules as full_case in process $proc$./build_yosys/cpu_yosys.v:0$5684 in module PSC_InstructionUnit.
Removed 1 dead cases from process $proc$./build_yosys/cpu_yosys.v:0$5681 in module PSC_InstructionUnit.
Marked 1 switch rules as full_case in process $proc$./build_yosys/cpu_yosys.v:0$5681 in module PSC_InstructionUnit.
Removed 1 dead cases from process $proc$./build_yosys/cpu_yosys.v:0$5678 in module PSC_InstructionUnit.
Marked 1 switch rules as full_case in process $proc$./build_yosys/cpu_yosys.v:0$5678 in module PSC_InstructionUnit.
Removed 1 dead cases from process $proc$./build_yosys/cpu_yosys.v:0$5675 in module PSC_InstructionUnit.
Marked 1 switch rules as full_case in process $proc$./build_yosys/cpu_yosys.v:0$5675 in module PSC_InstructionUnit.
Removed 1 dead cases from process $proc$./build_yosys/cpu_yosys.v:0$5672 in module PSC_InstructionUnit.
Marked 1 switch rules as full_case in process $proc$./build_yosys/cpu_yosys.v:0$5672 in module PSC_InstructionUnit.
Removed 1 dead cases from process $proc$./build_yosys/cpu_yosys.v:0$5669 in module PSC_InstructionUnit.
Marked 1 switch rules as full_case in process $proc$./build_yosys/cpu_yosys.v:0$5669 in module PSC_InstructionUnit.
Removed 1 dead cases from process $proc$./build_yosys/cpu_yosys.v:0$5666 in module PSC_InstructionUnit.
Marked 1 switch rules as full_case in process $proc$./build_yosys/cpu_yosys.v:0$5666 in module PSC_InstructionUnit.
Removed 1 dead cases from process $proc$./build_yosys/cpu_yosys.v:0$5663 in module PSC_InstructionUnit.
Marked 1 switch rules as full_case in process $proc$./build_yosys/cpu_yosys.v:0$5663 in module PSC_InstructionUnit.
Removed 1 dead cases from process $proc$./build_yosys/cpu_yosys.v:0$5660 in module PSC_InstructionUnit.
Marked 1 switch rules as full_case in process $proc$./build_yosys/cpu_yosys.v:0$5660 in module PSC_InstructionUnit.
Removed 1 dead cases from process $proc$./build_yosys/cpu_yosys.v:0$5657 in module PSC_InstructionUnit.
Marked 1 switch rules as full_case in process $proc$./build_yosys/cpu_yosys.v:0$5657 in module PSC_InstructionUnit.
Removed 1 dead cases from process $proc$./build_yosys/cpu_yosys.v:0$5654 in module PSC_InstructionUnit.
Marked 1 switch rules as full_case in process $proc$./build_yosys/cpu_yosys.v:0$5654 in module PSC_InstructionUnit.
Removed 1 dead cases from process $proc$./build_yosys/cpu_yosys.v:0$5651 in module PSC_InstructionUnit.
Marked 1 switch rules as full_case in process $proc$./build_yosys/cpu_yosys.v:0$5651 in module PSC_InstructionUnit.
Removed 1 dead cases from process $proc$./build_yosys/cpu_yosys.v:0$5648 in module PSC_InstructionUnit.
Marked 1 switch rules as full_case in process $proc$./build_yosys/cpu_yosys.v:0$5648 in module PSC_InstructionUnit.
Removed 1 dead cases from process $proc$./build_yosys/cpu_yosys.v:0$5645 in module PSC_InstructionUnit.
Marked 1 switch rules as full_case in process $proc$./build_yosys/cpu_yosys.v:0$5645 in module PSC_InstructionUnit.
Removed 1 dead cases from process $proc$./build_yosys/cpu_yosys.v:0$5642 in module PSC_InstructionUnit.
Marked 1 switch rules as full_case in process $proc$./build_yosys/cpu_yosys.v:0$5642 in module PSC_InstructionUnit.
Removed 1 dead cases from process $proc$./build_yosys/cpu_yosys.v:0$5639 in module PSC_InstructionUnit.
Marked 1 switch rules as full_case in process $proc$./build_yosys/cpu_yosys.v:0$5639 in module PSC_InstructionUnit.
Removed 1 dead cases from process $proc$./build_yosys/cpu_yosys.v:0$5636 in module PSC_InstructionUnit.
Marked 1 switch rules as full_case in process $proc$./build_yosys/cpu_yosys.v:0$5636 in module PSC_InstructionUnit.
Removed 1 dead cases from process $proc$./build_yosys/cpu_yosys.v:0$5633 in module PSC_InstructionUnit.
Marked 1 switch rules as full_case in process $proc$./build_yosys/cpu_yosys.v:0$5633 in module PSC_InstructionUnit.
Removed 1 dead cases from process $proc$./build_yosys/cpu_yosys.v:0$5630 in module PSC_InstructionUnit.
Marked 1 switch rules as full_case in process $proc$./build_yosys/cpu_yosys.v:0$5630 in module PSC_InstructionUnit.
Removed 1 dead cases from process $proc$./build_yosys/cpu_yosys.v:0$5627 in module PSC_InstructionUnit.
Marked 1 switch rules as full_case in process $proc$./build_yosys/cpu_yosys.v:0$5627 in module PSC_InstructionUnit.
Removed 1 dead cases from process $proc$./build_yosys/cpu_yosys.v:0$5624 in module PSC_InstructionUnit.
Marked 1 switch rules as full_case in process $proc$./build_yosys/cpu_yosys.v:0$5624 in module PSC_InstructionUnit.
Removed 1 dead cases from process $proc$./build_yosys/cpu_yosys.v:0$5621 in module PSC_InstructionUnit.
Marked 1 switch rules as full_case in process $proc$./build_yosys/cpu_yosys.v:0$5621 in module PSC_InstructionUnit.
Removed 1 dead cases from process $proc$./build_yosys/cpu_yosys.v:0$5618 in module PSC_InstructionUnit.
Marked 1 switch rules as full_case in process $proc$./build_yosys/cpu_yosys.v:0$5618 in module PSC_InstructionUnit.
Removed 1 dead cases from process $proc$./build_yosys/cpu_yosys.v:0$5615 in module PSC_InstructionUnit.
Marked 1 switch rules as full_case in process $proc$./build_yosys/cpu_yosys.v:0$5615 in module PSC_InstructionUnit.
Removed 1 dead cases from process $proc$./build_yosys/cpu_yosys.v:0$5612 in module PSC_InstructionUnit.
Marked 1 switch rules as full_case in process $proc$./build_yosys/cpu_yosys.v:0$5612 in module PSC_InstructionUnit.
Removed 1 dead cases from process $proc$./build_yosys/cpu_yosys.v:0$5609 in module PSC_InstructionUnit.
Marked 1 switch rules as full_case in process $proc$./build_yosys/cpu_yosys.v:0$5609 in module PSC_InstructionUnit.
Removed 1 dead cases from process $proc$./build_yosys/cpu_yosys.v:0$5606 in module PSC_InstructionUnit.
Marked 1 switch rules as full_case in process $proc$./build_yosys/cpu_yosys.v:0$5606 in module PSC_InstructionUnit.
Removed 1 dead cases from process $proc$./build_yosys/cpu_yosys.v:0$5603 in module PSC_InstructionUnit.
Marked 1 switch rules as full_case in process $proc$./build_yosys/cpu_yosys.v:0$5603 in module PSC_InstructionUnit.
Removed 1 dead cases from process $proc$./build_yosys/cpu_yosys.v:0$5600 in module PSC_InstructionUnit.
Marked 1 switch rules as full_case in process $proc$./build_yosys/cpu_yosys.v:0$5600 in module PSC_InstructionUnit.
Removed 1 dead cases from process $proc$./build_yosys/cpu_yosys.v:0$5597 in module PSC_InstructionUnit.
Marked 1 switch rules as full_case in process $proc$./build_yosys/cpu_yosys.v:0$5597 in module PSC_InstructionUnit.
Removed 38 dead cases from process $proc$./build_yosys/cpu_yosys.v:2033$4526 in module PSC_InstructionUnit.
Marked 108 switch rules as full_case in process $proc$./build_yosys/cpu_yosys.v:2033$4526 in module PSC_InstructionUnit.
Removed 6 dead cases from process $proc$./build_yosys/cpu_yosys.v:2008$4433 in module PSC_InstructionUnit.
Marked 13 switch rules as full_case in process $proc$./build_yosys/cpu_yosys.v:2008$4433 in module PSC_InstructionUnit.
Marked 2 switch rules as full_case in process $proc$./build_yosys/cpu_yosys.v:2001$4430 in module PSC_InstructionUnit.
Marked 1 switch rules as full_case in process $proc$./build_yosys/cpu_yosys.v:1996$4428 in module PSC_InstructionUnit.
Marked 4 switch rules as full_case in process $proc$./build_yosys/cpu_yosys.v:1989$4397 in module PSC_InstructionUnit.
Removed 5 dead cases from process $proc$./build_yosys/cpu_yosys.v:1970$4356 in module PSC_InstructionUnit.
Marked 7 switch rules as full_case in process $proc$./build_yosys/cpu_yosys.v:1970$4356 in module PSC_InstructionUnit.
Removed 2 dead cases from process $proc$./build_yosys/cpu_yosys.v:1955$4330 in module PSC_InstructionUnit.
Marked 3 switch rules as full_case in process $proc$./build_yosys/cpu_yosys.v:1955$4330 in module PSC_InstructionUnit.
Removed 6 dead cases from process $proc$./build_yosys/cpu_yosys.v:1895$4222 in module PSC_InstructionUnit.
Marked 12 switch rules as full_case in process $proc$./build_yosys/cpu_yosys.v:1895$4222 in module PSC_InstructionUnit.
Removed 4 dead cases from process $proc$./build_yosys/cpu_yosys.v:1851$4091 in module PSC_InstructionUnit.
Marked 10 switch rules as full_case in process $proc$./build_yosys/cpu_yosys.v:1851$4091 in module PSC_InstructionUnit.
Removed 10 dead cases from process $proc$./build_yosys/cpu_yosys.v:1823$3974 in module PSC_InstructionUnit.
Marked 18 switch rules as full_case in process $proc$./build_yosys/cpu_yosys.v:1823$3974 in module PSC_InstructionUnit.
Marked 2 switch rules as full_case in process $proc$./build_yosys/cpu_yosys.v:1811$3967 in module PSC_InstructionUnit.
Marked 7 switch rules as full_case in process $proc$./build_yosys/cpu_yosys.v:966$68 in module PSC_RV32_FetchUnit.
Marked 2 switch rules as full_case in process $proc$./build_yosys/cpu_yosys.v:939$59 in module PSC_RV32_FetchUnit.
Marked 2 switch rules as full_case in process $proc$./build_yosys/cpu_yosys.v:654$35 in module PSC_RV32_core.
Marked 2 switch rules as full_case in process $proc$./build_yosys/cpu_yosys.v:608$21 in module PSC_RV32_core.
Marked 1 switch rules as full_case in process $proc$./build_yosys/cpu_yosys.v:0$3404 in module Csr.
Marked 1 switch rules as full_case in process $proc$./build_yosys/cpu_yosys.v:0$3389 in module Csr.
Marked 8 switch rules as full_case in process $proc$./build_yosys/cpu_yosys.v:3819$3310 in module Csr.
Marked 2 switch rules as full_case in process $proc$./build_yosys/cpu_yosys.v:3812$3290 in module Csr.
Marked 1 switch rules as full_case in process $proc$./build_yosys/cpu_yosys.v:3769$3288 in module Csr.
Removed a total of 109 dead cases.

3.3. Executing PROC_PRUNE pass (remove redundant assignments in processes).
Removed 25 redundant assignments.
Promoted 474 assignments to connections.

3.4. Executing PROC_INIT pass (extract init attributes).

3.5. Executing PROC_ARST pass (detect async resets in processes).
Found async reset \reset_n in `\MMU.$proc$./build_yosys/cpu_yosys.v:3399$3130'.
Found async reset \reset_n in `\PSC_PC.$proc$./build_yosys/cpu_yosys.v:3289$3111'.
Found async reset \reset_n in `$paramod\Execute\ENABLE_MUL=1'0\ENABLE_DIV=1'0.$proc$./build_yosys/cpu_yosys.v:2649$3582'.
Found async reset \reset_n in `$paramod\Execute\ENABLE_MUL=1'1\ENABLE_DIV=1'1.$proc$./build_yosys/cpu_yosys.v:2649$3521'.
Found async reset \reset_n in `$paramod\Branch\UART_MMIO_ADDR=32'11110000000001000000000011110000.$proc$./build_yosys/cpu_yosys.v:2918$3487'.
Found async reset \reset_n in `\Execute_Mul.$proc$./build_yosys/cpu_yosys.v:2830$2393'.
Found async reset \reset_n in `\Execute_Divider.$proc$./build_yosys/cpu_yosys.v:2737$2377'.
Found async reset \reset_n in `$paramod\Fetch\BURST_MODE=1'1.$proc$./build_yosys/cpu_yosys.v:2283$3471'.
Found async reset \reset_n in `\Decorder.$proc$./build_yosys/cpu_yosys.v:2530$2295'.
Found async reset \reset_n in `$paramod$28704d8bf4447e08602ecae7770c77318b280126\Fetch_Fifo.$proc$./build_yosys/cpu_yosys.v:1175$3455'.
Found async reset \reset_n in `$paramod$01725da92754737a8a2ce09aa1322a94754cc9bb\PSC_Register.$proc$./build_yosys/cpu_yosys.v:3209$3796'.
Found async reset \reset_n in `$paramod$01725da92754737a8a2ce09aa1322a94754cc9bb\PSC_Register.$proc$./build_yosys/cpu_yosys.v:3209$3781'.
Found async reset \reset_n in `$paramod$01725da92754737a8a2ce09aa1322a94754cc9bb\PSC_Register.$proc$./build_yosys/cpu_yosys.v:3190$3769'.
Found async reset \reset_n in `$paramod$01725da92754737a8a2ce09aa1322a94754cc9bb\PSC_Register.$proc$./build_yosys/cpu_yosys.v:3190$3765'.
Found async reset \reset_n in `$paramod$01725da92754737a8a2ce09aa1322a94754cc9bb\PSC_Register.$proc$./build_yosys/cpu_yosys.v:3190$3761'.
Found async reset \reset_n in `$paramod$01725da92754737a8a2ce09aa1322a94754cc9bb\PSC_Register.$proc$./build_yosys/cpu_yosys.v:3190$3757'.
Found async reset \reset_n in `$paramod$01725da92754737a8a2ce09aa1322a94754cc9bb\PSC_Register.$proc$./build_yosys/cpu_yosys.v:3190$3753'.
Found async reset \reset_n in `$paramod$01725da92754737a8a2ce09aa1322a94754cc9bb\PSC_Register.$proc$./build_yosys/cpu_yosys.v:3190$3749'.
Found async reset \reset_n in `$paramod$01725da92754737a8a2ce09aa1322a94754cc9bb\PSC_Register.$proc$./build_yosys/cpu_yosys.v:3190$3745'.
Found async reset \reset_n in `$paramod$01725da92754737a8a2ce09aa1322a94754cc9bb\PSC_Register.$proc$./build_yosys/cpu_yosys.v:3190$3741'.
Found async reset \reset_n in `$paramod$01725da92754737a8a2ce09aa1322a94754cc9bb\PSC_Register.$proc$./build_yosys/cpu_yosys.v:3190$3737'.
Found async reset \reset_n in `$paramod$01725da92754737a8a2ce09aa1322a94754cc9bb\PSC_Register.$proc$./build_yosys/cpu_yosys.v:3190$3733'.
Found async reset \reset_n in `$paramod$01725da92754737a8a2ce09aa1322a94754cc9bb\PSC_Register.$proc$./build_yosys/cpu_yosys.v:3190$3729'.
Found async reset \reset_n in `$paramod$01725da92754737a8a2ce09aa1322a94754cc9bb\PSC_Register.$proc$./build_yosys/cpu_yosys.v:3190$3725'.
Found async reset \reset_n in `$paramod$01725da92754737a8a2ce09aa1322a94754cc9bb\PSC_Register.$proc$./build_yosys/cpu_yosys.v:3190$3721'.
Found async reset \reset_n in `$paramod$01725da92754737a8a2ce09aa1322a94754cc9bb\PSC_Register.$proc$./build_yosys/cpu_yosys.v:3190$3717'.
Found async reset \reset_n in `$paramod$01725da92754737a8a2ce09aa1322a94754cc9bb\PSC_Register.$proc$./build_yosys/cpu_yosys.v:3190$3713'.
Found async reset \reset_n in `$paramod$01725da92754737a8a2ce09aa1322a94754cc9bb\PSC_Register.$proc$./build_yosys/cpu_yosys.v:3190$3709'.
Found async reset \reset_n in `$paramod$01725da92754737a8a2ce09aa1322a94754cc9bb\PSC_Register.$proc$./build_yosys/cpu_yosys.v:3190$3705'.
Found async reset \reset_n in `$paramod$01725da92754737a8a2ce09aa1322a94754cc9bb\PSC_Register.$proc$./build_yosys/cpu_yosys.v:3190$3701'.
Found async reset \reset_n in `$paramod$01725da92754737a8a2ce09aa1322a94754cc9bb\PSC_Register.$proc$./build_yosys/cpu_yosys.v:3190$3697'.
Found async reset \reset_n in `$paramod$01725da92754737a8a2ce09aa1322a94754cc9bb\PSC_Register.$proc$./build_yosys/cpu_yosys.v:3190$3693'.
Found async reset \reset_n in `$paramod$01725da92754737a8a2ce09aa1322a94754cc9bb\PSC_Register.$proc$./build_yosys/cpu_yosys.v:3190$3689'.
Found async reset \reset_n in `$paramod$01725da92754737a8a2ce09aa1322a94754cc9bb\PSC_Register.$proc$./build_yosys/cpu_yosys.v:3190$3685'.
Found async reset \reset_n in `$paramod$01725da92754737a8a2ce09aa1322a94754cc9bb\PSC_Register.$proc$./build_yosys/cpu_yosys.v:3190$3681'.
Found async reset \reset_n in `$paramod$01725da92754737a8a2ce09aa1322a94754cc9bb\PSC_Register.$proc$./build_yosys/cpu_yosys.v:3190$3677'.
Found async reset \reset_n in `$paramod$01725da92754737a8a2ce09aa1322a94754cc9bb\PSC_Register.$proc$./build_yosys/cpu_yosys.v:3190$3673'.
Found async reset \reset_n in `$paramod$01725da92754737a8a2ce09aa1322a94754cc9bb\PSC_Register.$proc$./build_yosys/cpu_yosys.v:3190$3669'.
Found async reset \reset_n in `$paramod$01725da92754737a8a2ce09aa1322a94754cc9bb\PSC_Register.$proc$./build_yosys/cpu_yosys.v:3190$3665'.
Found async reset \reset_n in `$paramod$01725da92754737a8a2ce09aa1322a94754cc9bb\PSC_Register.$proc$./build_yosys/cpu_yosys.v:3190$3661'.
Found async reset \reset_n in `$paramod$01725da92754737a8a2ce09aa1322a94754cc9bb\PSC_Register.$proc$./build_yosys/cpu_yosys.v:3190$3657'.
Found async reset \reset_n in `$paramod$01725da92754737a8a2ce09aa1322a94754cc9bb\PSC_Register.$proc$./build_yosys/cpu_yosys.v:3190$3653'.
Found async reset \reset_n in `$paramod$01725da92754737a8a2ce09aa1322a94754cc9bb\PSC_Register.$proc$./build_yosys/cpu_yosys.v:3190$3649'.
Found async reset \reset_n in `\PSC_RV32_InstructionEngine.$proc$./build_yosys/cpu_yosys.v:1365$147'.
Found async reset \reset_n in `\PSC_InstructionUnit.$proc$./build_yosys/cpu_yosys.v:2033$4526'.
Found async reset \reset_n in `\PSC_InstructionUnit.$proc$./build_yosys/cpu_yosys.v:2008$4433'.
Found async reset \reset_n in `\PSC_InstructionUnit.$proc$./build_yosys/cpu_yosys.v:2001$4430'.
Found async reset \reset_n in `\PSC_InstructionUnit.$proc$./build_yosys/cpu_yosys.v:1996$4428'.
Found async reset \reset_n in `\PSC_InstructionUnit.$proc$./build_yosys/cpu_yosys.v:1989$4397'.
Found async reset \reset_n in `\PSC_InstructionUnit.$proc$./build_yosys/cpu_yosys.v:1970$4356'.
Found async reset \reset_n in `\PSC_RV32_FetchUnit.$proc$./build_yosys/cpu_yosys.v:939$59'.
Found async reset \reset_n in `\PSC_RV32_core.$proc$./build_yosys/cpu_yosys.v:654$35'.
Found async reset \reset_n in `\PSC_RV32_core.$proc$./build_yosys/cpu_yosys.v:608$21'.
Found async reset \reset_n in `\Csr.$proc$./build_yosys/cpu_yosys.v:3819$3310'.
Found async reset \reset_n in `\Csr.$proc$./build_yosys/cpu_yosys.v:3812$3290'.
Found async reset \reset_n in `\Csr.$proc$./build_yosys/cpu_yosys.v:3769$3288'.

3.6. Executing PROC_ROM pass (convert switches to ROMs).
Converted 0 switches.
<suppressed ~402 debug messages>

3.7. Executing PROC_MUX pass (convert decision trees to multiplexers).
Creating decoders for process `\MMU.$proc$./build_yosys/cpu_yosys.v:3399$3130'.
     1/89: $4\perm_ok$func$./build_yosys/cpu_yosys.v:3515$3121.x[0:0]$3254
     2/89: $4\perm_ok$func$./build_yosys/cpu_yosys.v:3515$3121.w[0:0]$3253
     3/89: $4\perm_ok$func$./build_yosys/cpu_yosys.v:3515$3121.r[0:0]$3252
     4/89: $4\perm_ok$func$./build_yosys/cpu_yosys.v:3515$3121.pte[31:0]$3251
     5/89: $4\perm_ok$func$./build_yosys/cpu_yosys.v:3515$3121.$result[0:0]$3250
     6/89: $3\perm_ok$func$./build_yosys/cpu_yosys.v:3515$3121.x[0:0]$3247
     7/89: $3\perm_ok$func$./build_yosys/cpu_yosys.v:3515$3121.w[0:0]$3246
     8/89: $3\perm_ok$func$./build_yosys/cpu_yosys.v:3515$3121.r[0:0]$3245
     9/89: $3\perm_ok$func$./build_yosys/cpu_yosys.v:3515$3121.pte[31:0]$3244
    10/89: $3\perm_ok$func$./build_yosys/cpu_yosys.v:3515$3121.$result[0:0]$3243
    11/89: $3\is_leaf$func$./build_yosys/cpu_yosys.v:3511$3120.pte[31:0]$3242
    12/89: $3\is_leaf$func$./build_yosys/cpu_yosys.v:3511$3120.$result[0:0]$3241
    13/89: $5\perm_ok$func$./build_yosys/cpu_yosys.v:3476$3117.x[0:0]$3225
    14/89: $5\perm_ok$func$./build_yosys/cpu_yosys.v:3476$3117.w[0:0]$3224
    15/89: $5\perm_ok$func$./build_yosys/cpu_yosys.v:3476$3117.r[0:0]$3223
    16/89: $5\perm_ok$func$./build_yosys/cpu_yosys.v:3476$3117.pte[31:0]$3222
    17/89: $5\perm_ok$func$./build_yosys/cpu_yosys.v:3476$3117.$result[0:0]$3221
    18/89: $4\perm_ok$func$./build_yosys/cpu_yosys.v:3476$3117.x[0:0]$3219
    19/89: $4\perm_ok$func$./build_yosys/cpu_yosys.v:3476$3117.w[0:0]$3218
    20/89: $4\perm_ok$func$./build_yosys/cpu_yosys.v:3476$3117.r[0:0]$3217
    21/89: $4\perm_ok$func$./build_yosys/cpu_yosys.v:3476$3117.pte[31:0]$3216
    22/89: $4\perm_ok$func$./build_yosys/cpu_yosys.v:3476$3117.$result[0:0]$3215
    23/89: $3\perm_ok$func$./build_yosys/cpu_yosys.v:3476$3117.x[0:0]$3213
    24/89: $3\perm_ok$func$./build_yosys/cpu_yosys.v:3476$3117.w[0:0]$3212
    25/89: $3\perm_ok$func$./build_yosys/cpu_yosys.v:3476$3117.r[0:0]$3211
    26/89: $3\perm_ok$func$./build_yosys/cpu_yosys.v:3476$3117.pte[31:0]$3210
    27/89: $3\perm_ok$func$./build_yosys/cpu_yosys.v:3476$3117.$result[0:0]$3209
    28/89: $3\is_leaf$func$./build_yosys/cpu_yosys.v:3471$3116.pte[31:0]$3208
    29/89: $3\is_leaf$func$./build_yosys/cpu_yosys.v:3471$3116.$result[0:0]$3207
    30/89: $2\illegal_rw$func$./build_yosys/cpu_yosys.v:3390$3122.pte[31:0]$3197
    31/89: $2\illegal_rw$func$./build_yosys/cpu_yosys.v:3390$3122.$result[0:0]$3196
    32/89: $2\perm_ok$func$./build_yosys/cpu_yosys.v:3515$3121.x[0:0]$3195
    33/89: $2\perm_ok$func$./build_yosys/cpu_yosys.v:3515$3121.w[0:0]$3194
    34/89: $2\perm_ok$func$./build_yosys/cpu_yosys.v:3515$3121.r[0:0]$3193
    35/89: $2\perm_ok$func$./build_yosys/cpu_yosys.v:3515$3121.pte[31:0]$3192
    36/89: $2\perm_ok$func$./build_yosys/cpu_yosys.v:3515$3121.$result[0:0]$3191
    37/89: $2\is_leaf$func$./build_yosys/cpu_yosys.v:3511$3120.pte[31:0]$3190
    38/89: $2\is_leaf$func$./build_yosys/cpu_yosys.v:3511$3120.$result[0:0]$3189
    39/89: $2\pte_valid$func$./build_yosys/cpu_yosys.v:3507$3119.pte[31:0]$3188
    40/89: $2\pte_valid$func$./build_yosys/cpu_yosys.v:3507$3119.$result[0:0]$3187
    41/89: $2\illegal_rw$func$./build_yosys/cpu_yosys.v:3390$3118.pte[31:0]$3186
    42/89: $2\illegal_rw$func$./build_yosys/cpu_yosys.v:3390$3118.$result[0:0]$3185
    43/89: $2\perm_ok$func$./build_yosys/cpu_yosys.v:3476$3117.x[0:0]$3184
    44/89: $2\perm_ok$func$./build_yosys/cpu_yosys.v:3476$3117.w[0:0]$3183
    45/89: $2\perm_ok$func$./build_yosys/cpu_yosys.v:3476$3117.r[0:0]$3182
    46/89: $2\perm_ok$func$./build_yosys/cpu_yosys.v:3476$3117.pte[31:0]$3181
    47/89: $2\perm_ok$func$./build_yosys/cpu_yosys.v:3476$3117.$result[0:0]$3180
    48/89: $2\is_leaf$func$./build_yosys/cpu_yosys.v:3471$3116.pte[31:0]$3179
    49/89: $2\is_leaf$func$./build_yosys/cpu_yosys.v:3471$3116.$result[0:0]$3178
    50/89: $2\pte_valid$func$./build_yosys/cpu_yosys.v:3467$3115.pte[31:0]$3177
    51/89: $2\pte_valid$func$./build_yosys/cpu_yosys.v:3467$3115.$result[0:0]$3176
    52/89: $1\illegal_rw$func$./build_yosys/cpu_yosys.v:3390$3122.pte[31:0]$3175
    53/89: $1\illegal_rw$func$./build_yosys/cpu_yosys.v:3390$3122.$result[0:0]$3174
    54/89: $1\perm_ok$func$./build_yosys/cpu_yosys.v:3515$3121.x[0:0]$3173
    55/89: $1\perm_ok$func$./build_yosys/cpu_yosys.v:3515$3121.w[0:0]$3172
    56/89: $1\perm_ok$func$./build_yosys/cpu_yosys.v:3515$3121.r[0:0]$3171
    57/89: $1\perm_ok$func$./build_yosys/cpu_yosys.v:3515$3121.pte[31:0]$3170
    58/89: $1\perm_ok$func$./build_yosys/cpu_yosys.v:3515$3121.$result[0:0]$3169
    59/89: $1\is_leaf$func$./build_yosys/cpu_yosys.v:3511$3120.pte[31:0]$3168
    60/89: $1\is_leaf$func$./build_yosys/cpu_yosys.v:3511$3120.$result[0:0]$3167
    61/89: $1\pte_valid$func$./build_yosys/cpu_yosys.v:3507$3119.pte[31:0]$3166
    62/89: $1\pte_valid$func$./build_yosys/cpu_yosys.v:3507$3119.$result[0:0]$3165
    63/89: $1\illegal_rw$func$./build_yosys/cpu_yosys.v:3390$3118.pte[31:0]$3164
    64/89: $1\illegal_rw$func$./build_yosys/cpu_yosys.v:3390$3118.$result[0:0]$3163
    65/89: $1\perm_ok$func$./build_yosys/cpu_yosys.v:3476$3117.x[0:0]$3162
    66/89: $1\perm_ok$func$./build_yosys/cpu_yosys.v:3476$3117.w[0:0]$3161
    67/89: $1\perm_ok$func$./build_yosys/cpu_yosys.v:3476$3117.r[0:0]$3160
    68/89: $1\perm_ok$func$./build_yosys/cpu_yosys.v:3476$3117.pte[31:0]$3159
    69/89: $1\perm_ok$func$./build_yosys/cpu_yosys.v:3476$3117.$result[0:0]$3158
    70/89: $1\is_leaf$func$./build_yosys/cpu_yosys.v:3471$3116.pte[31:0]$3157
    71/89: $1\is_leaf$func$./build_yosys/cpu_yosys.v:3471$3116.$result[0:0]$3156
    72/89: $1\pte_valid$func$./build_yosys/cpu_yosys.v:3467$3115.pte[31:0]$3155
    73/89: $1\pte_valid$func$./build_yosys/cpu_yosys.v:3467$3115.$result[0:0]$3154
    74/89: $0\mmu_done[0:0]
    75/89: $0\mem_valid[0:0]
    76/89: $0\l0_cache_pte[31:0]
    77/89: $0\l0_cache_vpn[9:0]
    78/89: $0\l0_cache_valid[0:0]
    79/89: $0\l1_cache_pte[31:0]
    80/89: $0\l1_cache_vpn[9:0]
    81/89: $0\l1_cache_root_ppn[21:0]
    82/89: $0\l1_cache_valid[0:0]
    83/89: $0\l0_pte[31:0]
    84/89: $0\l1_pte[31:0]
    85/89: $0\mem_addr_34bit[33:0]
    86/89: $0\paddr_34bit[33:0]
    87/89: $0\sfence_vma_req[0:0]
    88/89: $0\state[3:0]
    89/89: $0\page_fault[0:0]
Creating decoders for process `\PSC_PC.$proc$./build_yosys/cpu_yosys.v:3289$3111'.
     1/2: $0\counter[31:0]
     2/2: $0\pc[31:0]
Creating decoders for process `$paramod\Execute\ENABLE_MUL=1'0\ENABLE_DIV=1'0.$proc$./build_yosys/cpu_yosys.v:0$3621'.
Creating decoders for process `$paramod\Execute\ENABLE_MUL=1'0\ENABLE_DIV=1'0.$proc$./build_yosys/cpu_yosys.v:2649$3582'.
     1/23: $6\alu_exec$func$./build_yosys/cpu_yosys.v:2662$3561.$result[31:0]$3608
     2/23: $5\alu_exec$func$./build_yosys/cpu_yosys.v:2662$3561.$result[31:0]$3604
     3/23: $5\alu_exec$func$./build_yosys/cpu_yosys.v:2662$3561.data2[31:0]$3607
     4/23: $5\alu_exec$func$./build_yosys/cpu_yosys.v:2662$3561.data1[31:0]$3606
     5/23: $5\alu_exec$func$./build_yosys/cpu_yosys.v:2662$3561.control[4:0]$3605
     6/23: $4\alu_exec$func$./build_yosys/cpu_yosys.v:2662$3561.data2[31:0]$3603
     7/23: $4\alu_exec$func$./build_yosys/cpu_yosys.v:2662$3561.data1[31:0]$3602
     8/23: $4\alu_exec$func$./build_yosys/cpu_yosys.v:2662$3561.control[4:0]$3601
     9/23: $4\alu_exec$func$./build_yosys/cpu_yosys.v:2662$3561.$result[31:0]$3600
    10/23: $3\alu_exec$func$./build_yosys/cpu_yosys.v:2662$3561.data2[31:0]$3599
    11/23: $3\alu_exec$func$./build_yosys/cpu_yosys.v:2662$3561.data1[31:0]$3598
    12/23: $3\alu_exec$func$./build_yosys/cpu_yosys.v:2662$3561.control[4:0]$3597
    13/23: $3\alu_exec$func$./build_yosys/cpu_yosys.v:2662$3561.$result[31:0]$3596
    14/23: $2\alu_exec$func$./build_yosys/cpu_yosys.v:2662$3561.data2[31:0]$3595
    15/23: $2\alu_exec$func$./build_yosys/cpu_yosys.v:2662$3561.data1[31:0]$3594
    16/23: $2\alu_exec$func$./build_yosys/cpu_yosys.v:2662$3561.control[4:0]$3593
    17/23: $2\alu_exec$func$./build_yosys/cpu_yosys.v:2662$3561.$result[31:0]$3592
    18/23: $1\alu_exec$func$./build_yosys/cpu_yosys.v:2662$3561.data2[31:0]$3591
    19/23: $1\alu_exec$func$./build_yosys/cpu_yosys.v:2662$3561.data1[31:0]$3590
    20/23: $1\alu_exec$func$./build_yosys/cpu_yosys.v:2662$3561.control[4:0]$3589
    21/23: $1\alu_exec$func$./build_yosys/cpu_yosys.v:2662$3561.$result[31:0]$3588
    22/23: $0\multi_result[31:0]
    23/23: $0\state[1:0]
Creating decoders for process `$paramod\Execute\ENABLE_MUL=1'0\ENABLE_DIV=1'0.$proc$./build_yosys/cpu_yosys.v:2637$3579'.
     1/1: $1\done[0:0]
Creating decoders for process `$paramod\Execute\ENABLE_MUL=1'1\ENABLE_DIV=1'1.$proc$./build_yosys/cpu_yosys.v:0$3560'.
Creating decoders for process `$paramod\Execute\ENABLE_MUL=1'1\ENABLE_DIV=1'1.$proc$./build_yosys/cpu_yosys.v:2649$3521'.
     1/23: $6\alu_exec$func$./build_yosys/cpu_yosys.v:2662$3500.$result[31:0]$3547
     2/23: $5\alu_exec$func$./build_yosys/cpu_yosys.v:2662$3500.$result[31:0]$3543
     3/23: $5\alu_exec$func$./build_yosys/cpu_yosys.v:2662$3500.data2[31:0]$3546
     4/23: $5\alu_exec$func$./build_yosys/cpu_yosys.v:2662$3500.data1[31:0]$3545
     5/23: $5\alu_exec$func$./build_yosys/cpu_yosys.v:2662$3500.control[4:0]$3544
     6/23: $4\alu_exec$func$./build_yosys/cpu_yosys.v:2662$3500.data2[31:0]$3542
     7/23: $4\alu_exec$func$./build_yosys/cpu_yosys.v:2662$3500.data1[31:0]$3541
     8/23: $4\alu_exec$func$./build_yosys/cpu_yosys.v:2662$3500.control[4:0]$3540
     9/23: $4\alu_exec$func$./build_yosys/cpu_yosys.v:2662$3500.$result[31:0]$3539
    10/23: $3\alu_exec$func$./build_yosys/cpu_yosys.v:2662$3500.data2[31:0]$3538
    11/23: $3\alu_exec$func$./build_yosys/cpu_yosys.v:2662$3500.data1[31:0]$3537
    12/23: $3\alu_exec$func$./build_yosys/cpu_yosys.v:2662$3500.control[4:0]$3536
    13/23: $3\alu_exec$func$./build_yosys/cpu_yosys.v:2662$3500.$result[31:0]$3535
    14/23: $2\alu_exec$func$./build_yosys/cpu_yosys.v:2662$3500.data2[31:0]$3534
    15/23: $2\alu_exec$func$./build_yosys/cpu_yosys.v:2662$3500.data1[31:0]$3533
    16/23: $2\alu_exec$func$./build_yosys/cpu_yosys.v:2662$3500.control[4:0]$3532
    17/23: $2\alu_exec$func$./build_yosys/cpu_yosys.v:2662$3500.$result[31:0]$3531
    18/23: $1\alu_exec$func$./build_yosys/cpu_yosys.v:2662$3500.data2[31:0]$3530
    19/23: $1\alu_exec$func$./build_yosys/cpu_yosys.v:2662$3500.data1[31:0]$3529
    20/23: $1\alu_exec$func$./build_yosys/cpu_yosys.v:2662$3500.control[4:0]$3528
    21/23: $1\alu_exec$func$./build_yosys/cpu_yosys.v:2662$3500.$result[31:0]$3527
    22/23: $0\multi_result[31:0]
    23/23: $0\state[1:0]
Creating decoders for process `$paramod\Execute\ENABLE_MUL=1'1\ENABLE_DIV=1'1.$proc$./build_yosys/cpu_yosys.v:2637$3518'.
     1/1: $1\done[0:0]
Creating decoders for process `$paramod\Branch\UART_MMIO_ADDR=32'11110000000001000000000011110000.$proc$./build_yosys/cpu_yosys.v:2918$3487'.
     1/11: $0\misaligned_fault[0:0]
     2/11: $0\uart[8:0]
     3/11: $0\data_mem_write_valid[0:0]
     4/11: $0\data_mem_read_valid[0:0]
     5/11: $0\mmu_valid[0:0]
     6/11: $0\translated_address[31:0]
     7/11: $0\translated[0:0]
     8/11: $0\mmu_started[0:0]
     9/11: $0\pending[0:0]
    10/11: $0\data_mem_address[31:0]
    11/11: $0\data_mem_write_data[31:0]
Creating decoders for process `\Execute_Mul.$proc$./build_yosys/cpu_yosys.v:2830$2393'.
     1/6: $0\done[0:0]
     2/6: $0\high_result_q[0:0]
     3/6: $0\multiplier_q[32:0]
     4/6: $0\multiplicand_q[32:0]
     5/6: $0\mul_out[31:0]
     6/6: $0\state[1:0]
Creating decoders for process `\Execute_Divider.$proc$./build_yosys/cpu_yosys.v:2737$2377'.
     1/10: $0\remainder_neg[0:0]
     2/10: $0\quotient_neg[0:0]
     3/10: $0\remainder_reg[32:0]
     4/10: $0\quotient_reg[31:0]
     5/10: $0\divisor_abs[31:0]
     6/10: $0\dividend_abs[31:0]
     7/10: $0\remainder[31:0]
     8/10: $0\quotient[31:0]
     9/10: $0\state[2:0]
    10/10: $0\count[5:0]
Creating decoders for process `$paramod\Fetch\BURST_MODE=1'1.$proc$./build_yosys/cpu_yosys.v:2283$3471'.
     1/10: $0\done[0:0]
     2/10: $0\program_mem_read_valid[0:0]
     3/10: $0\mmu_valid[0:0]
     4/10: $0\burst_start_word[2:0]
     5/10: $0\state[3:0]
     6/10: $0\burst_count[2:0]
     7/10: $0\vaddr[31:0]
     8/10: $0\opcode[31:0]
     9/10: $0\busy[0:0]
    10/10: $0\program_mem_read_address[31:0]
Creating decoders for process `\Decorder.$proc$./build_yosys/cpu_yosys.v:2530$2295'.
     1/2: $0\decode_done[0:0]
     2/2: $0\decoder_ctrl[129:0]
Creating decoders for process `\Decorder.$proc$./build_yosys/cpu_yosys.v:2496$2292'.
Creating decoders for process `$paramod$28704d8bf4447e08602ecae7770c77318b280126\Fetch_Fifo.$proc$./build_yosys/cpu_yosys.v:1175$3455'.
     1/4: $0\bypass[0:0]
     2/4: $0\rptr[3:0]
     3/4: $0\wptr[3:0]
     4/4: $0\count[4:0]
Creating decoders for process `$paramod$28704d8bf4447e08602ecae7770c77318b280126\Fetch_Fifo.$proc$./build_yosys/cpu_yosys.v:1162$3433'.
     1/6: $1$memwr$\pc_mem$./build_yosys/cpu_yosys.v:1165$3422_EN[31:0]$3448
     2/6: $1$memwr$\pc_mem$./build_yosys/cpu_yosys.v:1165$3422_DATA[31:0]$3447
     3/6: $1$memwr$\pc_mem$./build_yosys/cpu_yosys.v:1165$3422_ADDR[3:0]$3446
     4/6: $1$memwr$\mem$./build_yosys/cpu_yosys.v:1164$3421_EN[31:0]$3445
     5/6: $1$memwr$\mem$./build_yosys/cpu_yosys.v:1164$3421_DATA[31:0]$3444
     6/6: $1$memwr$\mem$./build_yosys/cpu_yosys.v:1164$3421_ADDR[3:0]$3443
Creating decoders for process `$paramod$01725da92754737a8a2ce09aa1322a94754cc9bb\PSC_Register.$proc$./build_yosys/cpu_yosys.v:0$3801'.
Creating decoders for process `$paramod$01725da92754737a8a2ce09aa1322a94754cc9bb\PSC_Register.$proc$./build_yosys/cpu_yosys.v:3209$3796'.
     1/2: $0\ready[33][0:0]
     2/2: $0\registers[33][31:0]
Creating decoders for process `$paramod$01725da92754737a8a2ce09aa1322a94754cc9bb\PSC_Register.$proc$./build_yosys/cpu_yosys.v:3209$3781'.
     1/2: $0\ready[32][0:0]
     2/2: $0\registers[32][31:0]
Creating decoders for process `$paramod$01725da92754737a8a2ce09aa1322a94754cc9bb\PSC_Register.$proc$./build_yosys/cpu_yosys.v:3190$3769'.
     1/1: $0\registers[31][31:0]
Creating decoders for process `$paramod$01725da92754737a8a2ce09aa1322a94754cc9bb\PSC_Register.$proc$./build_yosys/cpu_yosys.v:3190$3765'.
     1/1: $0\registers[30][31:0]
Creating decoders for process `$paramod$01725da92754737a8a2ce09aa1322a94754cc9bb\PSC_Register.$proc$./build_yosys/cpu_yosys.v:3190$3761'.
     1/1: $0\registers[29][31:0]
Creating decoders for process `$paramod$01725da92754737a8a2ce09aa1322a94754cc9bb\PSC_Register.$proc$./build_yosys/cpu_yosys.v:3190$3757'.
     1/1: $0\registers[28][31:0]
Creating decoders for process `$paramod$01725da92754737a8a2ce09aa1322a94754cc9bb\PSC_Register.$proc$./build_yosys/cpu_yosys.v:3190$3753'.
     1/1: $0\registers[27][31:0]
Creating decoders for process `$paramod$01725da92754737a8a2ce09aa1322a94754cc9bb\PSC_Register.$proc$./build_yosys/cpu_yosys.v:3190$3749'.
     1/1: $0\registers[26][31:0]
Creating decoders for process `$paramod$01725da92754737a8a2ce09aa1322a94754cc9bb\PSC_Register.$proc$./build_yosys/cpu_yosys.v:3190$3745'.
     1/1: $0\registers[25][31:0]
Creating decoders for process `$paramod$01725da92754737a8a2ce09aa1322a94754cc9bb\PSC_Register.$proc$./build_yosys/cpu_yosys.v:3190$3741'.
     1/1: $0\registers[24][31:0]
Creating decoders for process `$paramod$01725da92754737a8a2ce09aa1322a94754cc9bb\PSC_Register.$proc$./build_yosys/cpu_yosys.v:3190$3737'.
     1/1: $0\registers[23][31:0]
Creating decoders for process `$paramod$01725da92754737a8a2ce09aa1322a94754cc9bb\PSC_Register.$proc$./build_yosys/cpu_yosys.v:3190$3733'.
     1/1: $0\registers[22][31:0]
Creating decoders for process `$paramod$01725da92754737a8a2ce09aa1322a94754cc9bb\PSC_Register.$proc$./build_yosys/cpu_yosys.v:3190$3729'.
     1/1: $0\registers[21][31:0]
Creating decoders for process `$paramod$01725da92754737a8a2ce09aa1322a94754cc9bb\PSC_Register.$proc$./build_yosys/cpu_yosys.v:3190$3725'.
     1/1: $0\registers[20][31:0]
Creating decoders for process `$paramod$01725da92754737a8a2ce09aa1322a94754cc9bb\PSC_Register.$proc$./build_yosys/cpu_yosys.v:3190$3721'.
     1/1: $0\registers[19][31:0]
Creating decoders for process `$paramod$01725da92754737a8a2ce09aa1322a94754cc9bb\PSC_Register.$proc$./build_yosys/cpu_yosys.v:3190$3717'.
     1/1: $0\registers[18][31:0]
Creating decoders for process `$paramod$01725da92754737a8a2ce09aa1322a94754cc9bb\PSC_Register.$proc$./build_yosys/cpu_yosys.v:3190$3713'.
     1/1: $0\registers[17][31:0]
Creating decoders for process `$paramod$01725da92754737a8a2ce09aa1322a94754cc9bb\PSC_Register.$proc$./build_yosys/cpu_yosys.v:3190$3709'.
     1/1: $0\registers[16][31:0]
Creating decoders for process `$paramod$01725da92754737a8a2ce09aa1322a94754cc9bb\PSC_Register.$proc$./build_yosys/cpu_yosys.v:3190$3705'.
     1/1: $0\registers[15][31:0]
Creating decoders for process `$paramod$01725da92754737a8a2ce09aa1322a94754cc9bb\PSC_Register.$proc$./build_yosys/cpu_yosys.v:3190$3701'.
     1/1: $0\registers[14][31:0]
Creating decoders for process `$paramod$01725da92754737a8a2ce09aa1322a94754cc9bb\PSC_Register.$proc$./build_yosys/cpu_yosys.v:3190$3697'.
     1/1: $0\registers[13][31:0]
Creating decoders for process `$paramod$01725da92754737a8a2ce09aa1322a94754cc9bb\PSC_Register.$proc$./build_yosys/cpu_yosys.v:3190$3693'.
     1/1: $0\registers[12][31:0]
Creating decoders for process `$paramod$01725da92754737a8a2ce09aa1322a94754cc9bb\PSC_Register.$proc$./build_yosys/cpu_yosys.v:3190$3689'.
     1/1: $0\registers[11][31:0]
Creating decoders for process `$paramod$01725da92754737a8a2ce09aa1322a94754cc9bb\PSC_Register.$proc$./build_yosys/cpu_yosys.v:3190$3685'.
     1/1: $0\registers[10][31:0]
Creating decoders for process `$paramod$01725da92754737a8a2ce09aa1322a94754cc9bb\PSC_Register.$proc$./build_yosys/cpu_yosys.v:3190$3681'.
     1/1: $0\registers[9][31:0]
Creating decoders for process `$paramod$01725da92754737a8a2ce09aa1322a94754cc9bb\PSC_Register.$proc$./build_yosys/cpu_yosys.v:3190$3677'.
     1/1: $0\registers[8][31:0]
Creating decoders for process `$paramod$01725da92754737a8a2ce09aa1322a94754cc9bb\PSC_Register.$proc$./build_yosys/cpu_yosys.v:3190$3673'.
     1/1: $0\registers[7][31:0]
Creating decoders for process `$paramod$01725da92754737a8a2ce09aa1322a94754cc9bb\PSC_Register.$proc$./build_yosys/cpu_yosys.v:3190$3669'.
     1/1: $0\registers[6][31:0]
Creating decoders for process `$paramod$01725da92754737a8a2ce09aa1322a94754cc9bb\PSC_Register.$proc$./build_yosys/cpu_yosys.v:3190$3665'.
     1/1: $0\registers[5][31:0]
Creating decoders for process `$paramod$01725da92754737a8a2ce09aa1322a94754cc9bb\PSC_Register.$proc$./build_yosys/cpu_yosys.v:3190$3661'.
     1/1: $0\registers[4][31:0]
Creating decoders for process `$paramod$01725da92754737a8a2ce09aa1322a94754cc9bb\PSC_Register.$proc$./build_yosys/cpu_yosys.v:3190$3657'.
     1/1: $0\registers[3][31:0]
Creating decoders for process `$paramod$01725da92754737a8a2ce09aa1322a94754cc9bb\PSC_Register.$proc$./build_yosys/cpu_yosys.v:3190$3653'.
     1/1: $0\registers[2][31:0]
Creating decoders for process `$paramod$01725da92754737a8a2ce09aa1322a94754cc9bb\PSC_Register.$proc$./build_yosys/cpu_yosys.v:3190$3649'.
     1/1: $0\registers[1][31:0]
Creating decoders for process `$paramod$01725da92754737a8a2ce09aa1322a94754cc9bb\PSC_Register.$proc$./build_yosys/cpu_yosys.v:3176$3626'.
     1/4: $1$mem2reg_rd$\ready$./build_yosys/cpu_yosys.v:3182$3625_DATA[0:0]$3644
     2/4: $1$mem2reg_rd$\ready$./build_yosys/cpu_yosys.v:3181$3624_DATA[0:0]$3641
     3/4: $1$mem2reg_rd$\registers$./build_yosys/cpu_yosys.v:3180$3623_DATA[31:0]$3638
     4/4: $1$mem2reg_rd$\registers$./build_yosys/cpu_yosys.v:3179$3622_DATA[31:0]$3635
Creating decoders for process `\PSC_RV32_InstructionEngine.$proc$./build_yosys/cpu_yosys.v:1365$147'.
     1/1: $0\memory_vaddr[31:0]
Creating decoders for process `\PSC_InstructionUnit.$proc$./build_yosys/cpu_yosys.v:0$5705'.
Creating decoders for process `\PSC_InstructionUnit.$proc$./build_yosys/cpu_yosys.v:0$5702'.
     1/1: $1$mem2reg_rd$\rob$./build_yosys/cpu_yosys.v:2217$3958_DATA[307:0]$5704
Creating decoders for process `\PSC_InstructionUnit.$proc$./build_yosys/cpu_yosys.v:0$5699'.
     1/1: $1$mem2reg_rd$\rob$./build_yosys/cpu_yosys.v:2216$3957_DATA[307:0]$5701
Creating decoders for process `\PSC_InstructionUnit.$proc$./build_yosys/cpu_yosys.v:0$5696'.
     1/1: $1$mem2reg_rd$\rob$./build_yosys/cpu_yosys.v:1754$3956_DATA[307:0]$5698
Creating decoders for process `\PSC_InstructionUnit.$proc$./build_yosys/cpu_yosys.v:0$5693'.
     1/1: $1$mem2reg_rd$\rob$./build_yosys/cpu_yosys.v:1753$3955_DATA[307:0]$5695
Creating decoders for process `\PSC_InstructionUnit.$proc$./build_yosys/cpu_yosys.v:0$5690'.
     1/1: $1$mem2reg_rd$\rob$./build_yosys/cpu_yosys.v:1746$3954_DATA[307:0]$5692
Creating decoders for process `\PSC_InstructionUnit.$proc$./build_yosys/cpu_yosys.v:0$5687'.
     1/1: $1$mem2reg_rd$\rob$./build_yosys/cpu_yosys.v:1745$3953_DATA[307:0]$5689
Creating decoders for process `\PSC_InstructionUnit.$proc$./build_yosys/cpu_yosys.v:0$5684'.
     1/1: $1$mem2reg_rd$\rob$./build_yosys/cpu_yosys.v:1745$3952_DATA[307:0]$5686
Creating decoders for process `\PSC_InstructionUnit.$proc$./build_yosys/cpu_yosys.v:0$5681'.
     1/1: $1$mem2reg_rd$\rob$./build_yosys/cpu_yosys.v:1967$3874_DATA[307:0]$5683
Creating decoders for process `\PSC_InstructionUnit.$proc$./build_yosys/cpu_yosys.v:0$5678'.
     1/1: $1$mem2reg_rd$\rob$./build_yosys/cpu_yosys.v:1967$3873_DATA[307:0]$5680
Creating decoders for process `\PSC_InstructionUnit.$proc$./build_yosys/cpu_yosys.v:0$5675'.
     1/1: $1$mem2reg_rd$\rob$./build_yosys/cpu_yosys.v:1967$3872_DATA[307:0]$5677
Creating decoders for process `\PSC_InstructionUnit.$proc$./build_yosys/cpu_yosys.v:0$5672'.
     1/1: $1$mem2reg_rd$\rob$./build_yosys/cpu_yosys.v:1967$3871_DATA[307:0]$5674
Creating decoders for process `\PSC_InstructionUnit.$proc$./build_yosys/cpu_yosys.v:0$5669'.
     1/1: $1$mem2reg_rd$\rob$./build_yosys/cpu_yosys.v:1967$3870_DATA[307:0]$5671
Creating decoders for process `\PSC_InstructionUnit.$proc$./build_yosys/cpu_yosys.v:0$5666'.
     1/1: $1$mem2reg_rd$\rob$./build_yosys/cpu_yosys.v:1967$3869_DATA[307:0]$5668
Creating decoders for process `\PSC_InstructionUnit.$proc$./build_yosys/cpu_yosys.v:0$5663'.
     1/1: $1$mem2reg_rd$\rob$./build_yosys/cpu_yosys.v:1967$3868_DATA[307:0]$5665
Creating decoders for process `\PSC_InstructionUnit.$proc$./build_yosys/cpu_yosys.v:0$5660'.
     1/1: $1$mem2reg_rd$\rob$./build_yosys/cpu_yosys.v:1966$3867_DATA[307:0]$5662
Creating decoders for process `\PSC_InstructionUnit.$proc$./build_yosys/cpu_yosys.v:0$5657'.
     1/1: $1$mem2reg_rd$\rob$./build_yosys/cpu_yosys.v:1965$3866_DATA[307:0]$5659
Creating decoders for process `\PSC_InstructionUnit.$proc$./build_yosys/cpu_yosys.v:0$5654'.
     1/1: $1$mem2reg_rd$\rob$./build_yosys/cpu_yosys.v:1964$3865_DATA[307:0]$5656
Creating decoders for process `\PSC_InstructionUnit.$proc$./build_yosys/cpu_yosys.v:0$5651'.
     1/1: $1$mem2reg_rd$\rob$./build_yosys/cpu_yosys.v:1963$3864_DATA[307:0]$5653
Creating decoders for process `\PSC_InstructionUnit.$proc$./build_yosys/cpu_yosys.v:0$5648'.
     1/1: $1$mem2reg_rd$\rob$./build_yosys/cpu_yosys.v:1954$3861_DATA[307:0]$5650
Creating decoders for process `\PSC_InstructionUnit.$proc$./build_yosys/cpu_yosys.v:0$5645'.
     1/1: $1$mem2reg_rd$\rob$./build_yosys/cpu_yosys.v:1954$3860_DATA[307:0]$5647
Creating decoders for process `\PSC_InstructionUnit.$proc$./build_yosys/cpu_yosys.v:0$5642'.
     1/1: $1$mem2reg_rd$\rob$./build_yosys/cpu_yosys.v:1953$3859_DATA[307:0]$5644
Creating decoders for process `\PSC_InstructionUnit.$proc$./build_yosys/cpu_yosys.v:0$5639'.
     1/1: $1$mem2reg_rd$\rob$./build_yosys/cpu_yosys.v:1953$3858_DATA[307:0]$5641
Creating decoders for process `\PSC_InstructionUnit.$proc$./build_yosys/cpu_yosys.v:0$5636'.
     1/1: $1$mem2reg_rd$\rob$./build_yosys/cpu_yosys.v:1952$3857_DATA[307:0]$5638
Creating decoders for process `\PSC_InstructionUnit.$proc$./build_yosys/cpu_yosys.v:0$5633'.
     1/1: $1$mem2reg_rd$\rob$./build_yosys/cpu_yosys.v:1952$3856_DATA[307:0]$5635
Creating decoders for process `\PSC_InstructionUnit.$proc$./build_yosys/cpu_yosys.v:0$5630'.
     1/1: $1$mem2reg_rd$\rob$./build_yosys/cpu_yosys.v:1952$3855_DATA[307:0]$5632
Creating decoders for process `\PSC_InstructionUnit.$proc$./build_yosys/cpu_yosys.v:0$5627'.
     1/1: $1$mem2reg_rd$\rob$./build_yosys/cpu_yosys.v:1952$3854_DATA[307:0]$5629
Creating decoders for process `\PSC_InstructionUnit.$proc$./build_yosys/cpu_yosys.v:0$5624'.
     1/1: $1$mem2reg_rd$\rob$./build_yosys/cpu_yosys.v:1951$3853_DATA[307:0]$5626
Creating decoders for process `\PSC_InstructionUnit.$proc$./build_yosys/cpu_yosys.v:0$5621'.
     1/1: $1$mem2reg_rd$\rob$./build_yosys/cpu_yosys.v:1951$3852_DATA[307:0]$5623
Creating decoders for process `\PSC_InstructionUnit.$proc$./build_yosys/cpu_yosys.v:0$5618'.
     1/1: $1$mem2reg_rd$\rob$./build_yosys/cpu_yosys.v:1951$3851_DATA[307:0]$5620
Creating decoders for process `\PSC_InstructionUnit.$proc$./build_yosys/cpu_yosys.v:0$5615'.
     1/1: $1$mem2reg_rd$\rob$./build_yosys/cpu_yosys.v:1951$3850_DATA[307:0]$5617
Creating decoders for process `\PSC_InstructionUnit.$proc$./build_yosys/cpu_yosys.v:0$5612'.
     1/1: $1$mem2reg_rd$\rob$./build_yosys/cpu_yosys.v:1950$3849_DATA[307:0]$5614
Creating decoders for process `\PSC_InstructionUnit.$proc$./build_yosys/cpu_yosys.v:0$5609'.
     1/1: $1$mem2reg_rd$\rob$./build_yosys/cpu_yosys.v:1949$3848_DATA[307:0]$5611
Creating decoders for process `\PSC_InstructionUnit.$proc$./build_yosys/cpu_yosys.v:0$5606'.
     1/1: $1$mem2reg_rd$\rob$./build_yosys/cpu_yosys.v:1947$3847_DATA[307:0]$5608
Creating decoders for process `\PSC_InstructionUnit.$proc$./build_yosys/cpu_yosys.v:0$5603'.
     1/1: $1$mem2reg_rd$\rob$./build_yosys/cpu_yosys.v:1946$3846_DATA[307:0]$5605
Creating decoders for process `\PSC_InstructionUnit.$proc$./build_yosys/cpu_yosys.v:0$5600'.
     1/1: $1$mem2reg_rd$\rob$./build_yosys/cpu_yosys.v:1945$3845_DATA[307:0]$5602
Creating decoders for process `\PSC_InstructionUnit.$proc$./build_yosys/cpu_yosys.v:0$5597'.
     1/1: $1$mem2reg_rd$\rob$./build_yosys/cpu_yosys.v:1944$3844_DATA[307:0]$5599
Creating decoders for process `\PSC_InstructionUnit.$proc$./build_yosys/cpu_yosys.v:2033$4526'.
     1/880: $7$mem2reg_rd$\rob$./build_yosys/cpu_yosys.v:2204$3951_DATA[307:0]$5584
     2/880: $7$mem2reg_rd$\rob$./build_yosys/cpu_yosys.v:2204$3950_DATA[307:0]$5583
     3/880: $6$mem2reg_rd$\rob$./build_yosys/cpu_yosys.v:2204$3951_DATA[307:0]$5582
     4/880: $6$mem2reg_rd$\rob$./build_yosys/cpu_yosys.v:2204$3951_ADDR[0:0]$5581
     5/880: $6$mem2reg_rd$\rob$./build_yosys/cpu_yosys.v:2204$3950_DATA[307:0]$5580
     6/880: $6$mem2reg_rd$\rob$./build_yosys/cpu_yosys.v:2204$3950_ADDR[0:0]$5579
     7/880: $5$mem2reg_rd$\rob$./build_yosys/cpu_yosys.v:2204$3951_DATA[307:0]$5575
     8/880: $5$mem2reg_rd$\rob$./build_yosys/cpu_yosys.v:2204$3951_ADDR[0:0]$5574
     9/880: $5$mem2reg_rd$\rob$./build_yosys/cpu_yosys.v:2204$3950_DATA[307:0]$5573
    10/880: $5$mem2reg_rd$\rob$./build_yosys/cpu_yosys.v:2204$3950_ADDR[0:0]$5572
    11/880: $4$mem2reg_rd$\rob$./build_yosys/cpu_yosys.v:2204$3951_DATA[307:0]$5568
    12/880: $4$mem2reg_rd$\rob$./build_yosys/cpu_yosys.v:2204$3951_ADDR[0:0]$5567
    13/880: $4$mem2reg_rd$\rob$./build_yosys/cpu_yosys.v:2204$3950_DATA[307:0]$5566
    14/880: $4$mem2reg_rd$\rob$./build_yosys/cpu_yosys.v:2204$3950_ADDR[0:0]$5565
    15/880: $7$mem2reg_rd$\rob$./build_yosys/cpu_yosys.v:2190$3949_DATA[307:0]$5559
    16/880: $7$mem2reg_rd$\rob$./build_yosys/cpu_yosys.v:2190$3948_DATA[307:0]$5558
    17/880: $6$mem2reg_rd$\rob$./build_yosys/cpu_yosys.v:2190$3949_DATA[307:0]$5557
    18/880: $6$mem2reg_rd$\rob$./build_yosys/cpu_yosys.v:2190$3949_ADDR[0:0]$5556
    19/880: $6$mem2reg_rd$\rob$./build_yosys/cpu_yosys.v:2190$3948_DATA[307:0]$5555
    20/880: $6$mem2reg_rd$\rob$./build_yosys/cpu_yosys.v:2190$3948_ADDR[0:0]$5554
    21/880: $5$mem2reg_rd$\rob$./build_yosys/cpu_yosys.v:2190$3949_DATA[307:0]$5550
    22/880: $5$mem2reg_rd$\rob$./build_yosys/cpu_yosys.v:2190$3949_ADDR[0:0]$5549
    23/880: $5$mem2reg_rd$\rob$./build_yosys/cpu_yosys.v:2190$3948_DATA[307:0]$5548
    24/880: $5$mem2reg_rd$\rob$./build_yosys/cpu_yosys.v:2190$3948_ADDR[0:0]$5547
    25/880: $4$mem2reg_rd$\rob$./build_yosys/cpu_yosys.v:2190$3949_DATA[307:0]$5543
    26/880: $4$mem2reg_rd$\rob$./build_yosys/cpu_yosys.v:2190$3949_ADDR[0:0]$5542
    27/880: $4$mem2reg_rd$\rob$./build_yosys/cpu_yosys.v:2190$3948_DATA[307:0]$5541
    28/880: $4$mem2reg_rd$\rob$./build_yosys/cpu_yosys.v:2190$3948_ADDR[0:0]$5540
    29/880: $7$mem2reg_rd$\rob$./build_yosys/cpu_yosys.v:2204$3947_DATA[307:0]$5534
    30/880: $7$mem2reg_rd$\rob$./build_yosys/cpu_yosys.v:2204$3946_DATA[307:0]$5533
    31/880: $6$mem2reg_rd$\rob$./build_yosys/cpu_yosys.v:2204$3947_DATA[307:0]$5532
    32/880: $6$mem2reg_rd$\rob$./build_yosys/cpu_yosys.v:2204$3947_ADDR[0:0]$5531
    33/880: $6$mem2reg_rd$\rob$./build_yosys/cpu_yosys.v:2204$3946_DATA[307:0]$5530
    34/880: $6$mem2reg_rd$\rob$./build_yosys/cpu_yosys.v:2204$3946_ADDR[0:0]$5529
    35/880: $5$mem2reg_rd$\rob$./build_yosys/cpu_yosys.v:2204$3947_DATA[307:0]$5525
    36/880: $5$mem2reg_rd$\rob$./build_yosys/cpu_yosys.v:2204$3947_ADDR[0:0]$5524
    37/880: $5$mem2reg_rd$\rob$./build_yosys/cpu_yosys.v:2204$3946_DATA[307:0]$5523
    38/880: $5$mem2reg_rd$\rob$./build_yosys/cpu_yosys.v:2204$3946_ADDR[0:0]$5522
    39/880: $4$mem2reg_rd$\rob$./build_yosys/cpu_yosys.v:2204$3947_DATA[307:0]$5518
    40/880: $4$mem2reg_rd$\rob$./build_yosys/cpu_yosys.v:2204$3947_ADDR[0:0]$5517
    41/880: $4$mem2reg_rd$\rob$./build_yosys/cpu_yosys.v:2204$3946_DATA[307:0]$5516
    42/880: $4$mem2reg_rd$\rob$./build_yosys/cpu_yosys.v:2204$3946_ADDR[0:0]$5515
    43/880: $7$mem2reg_rd$\rob$./build_yosys/cpu_yosys.v:2190$3945_DATA[307:0]$5509
    44/880: $7$mem2reg_rd$\rob$./build_yosys/cpu_yosys.v:2190$3944_DATA[307:0]$5508
    45/880: $6$mem2reg_rd$\rob$./build_yosys/cpu_yosys.v:2190$3945_DATA[307:0]$5507
    46/880: $6$mem2reg_rd$\rob$./build_yosys/cpu_yosys.v:2190$3945_ADDR[0:0]$5506
    47/880: $6$mem2reg_rd$\rob$./build_yosys/cpu_yosys.v:2190$3944_DATA[307:0]$5505
    48/880: $6$mem2reg_rd$\rob$./build_yosys/cpu_yosys.v:2190$3944_ADDR[0:0]$5504
    49/880: $5$mem2reg_rd$\rob$./build_yosys/cpu_yosys.v:2190$3945_DATA[307:0]$5500
    50/880: $5$mem2reg_rd$\rob$./build_yosys/cpu_yosys.v:2190$3945_ADDR[0:0]$5499
    51/880: $5$mem2reg_rd$\rob$./build_yosys/cpu_yosys.v:2190$3944_DATA[307:0]$5498
    52/880: $5$mem2reg_rd$\rob$./build_yosys/cpu_yosys.v:2190$3944_ADDR[0:0]$5497
    53/880: $4$mem2reg_rd$\rob$./build_yosys/cpu_yosys.v:2190$3945_DATA[307:0]$5493
    54/880: $4$mem2reg_rd$\rob$./build_yosys/cpu_yosys.v:2190$3945_ADDR[0:0]$5492
    55/880: $4$mem2reg_rd$\rob$./build_yosys/cpu_yosys.v:2190$3944_DATA[307:0]$5491
    56/880: $4$mem2reg_rd$\rob$./build_yosys/cpu_yosys.v:2190$3944_ADDR[0:0]$5490
    57/880: $4$mem2reg_wr$\rob$./build_yosys/cpu_yosys.v:2178$3943_ADDR[0:0]$5486
    58/880: $4$mem2reg_wr$\rob$./build_yosys/cpu_yosys.v:2178$3943_DATA[307:0]$5487
    59/880: $5\load_result$func$./build_yosys/cpu_yosys.v:2174$3821.$result[31:0]$5482
    60/880: $5\load_result$func$./build_yosys/cpu_yosys.v:2174$3821.byte_data[7:0]$5480
    61/880: $5$mem2reg_rd$\rob$./build_yosys/cpu_yosys.v:2174$3940_DATA[307:0]$5479
    62/880: $5$mem2reg_rd$\rob$./build_yosys/cpu_yosys.v:2174$3939_DATA[307:0]$5478
    63/880: $4$mem2reg_wr$\rob$./build_yosys/cpu_yosys.v:2175$3942_ADDR[0:0]$5476
    64/880: $4$mem2reg_wr$\rob$./build_yosys/cpu_yosys.v:2175$3942_DATA[307:0]$5477
    65/880: $4$mem2reg_wr$\rob$./build_yosys/cpu_yosys.v:2174$3941_ADDR[0:0]$5474
    66/880: $4$mem2reg_wr$\rob$./build_yosys/cpu_yosys.v:2174$3941_DATA[307:0]$5475
    67/880: $4\load_result$func$./build_yosys/cpu_yosys.v:2174$3821.$result[31:0]$5464
    68/880: $4\load_result$func$./build_yosys/cpu_yosys.v:2174$3821.half_data[15:0]$5469
    69/880: $4\load_result$func$./build_yosys/cpu_yosys.v:2174$3821.byte_data[7:0]$5468
    70/880: $4\load_result$func$./build_yosys/cpu_yosys.v:2174$3821.funct3[2:0]$5467
    71/880: $4$mem2reg_rd$\rob$./build_yosys/cpu_yosys.v:2174$3940_DATA[307:0]$5473
    72/880: $4$mem2reg_rd$\rob$./build_yosys/cpu_yosys.v:2174$3940_ADDR[0:0]$5472
    73/880: $4\load_result$func$./build_yosys/cpu_yosys.v:2174$3821.low2[1:0]$5466
    74/880: $4$mem2reg_rd$\rob$./build_yosys/cpu_yosys.v:2174$3939_DATA[307:0]$5471
    75/880: $4$mem2reg_rd$\rob$./build_yosys/cpu_yosys.v:2174$3939_ADDR[0:0]$5470
    76/880: $4\load_result$func$./build_yosys/cpu_yosys.v:2174$3821.raw_data[31:0]$5465
    77/880: $4$mem2reg_wr$\rob$./build_yosys/cpu_yosys.v:2170$3938_ADDR[0:0]$5462
    78/880: $4$mem2reg_wr$\rob$./build_yosys/cpu_yosys.v:2170$3938_DATA[307:0]$5463
    79/880: $4$mem2reg_wr$\rob$./build_yosys/cpu_yosys.v:2169$3937_ADDR[0:0]$5460
    80/880: $4$mem2reg_wr$\rob$./build_yosys/cpu_yosys.v:2169$3937_DATA[307:0]$5461
    81/880: $5$mem2reg_rd$\iq$./build_yosys/cpu_yosys.v:2166$3936_DATA[79:0]$5459
    82/880: $5$mem2reg_rd$\iq$./build_yosys/cpu_yosys.v:2165$3935_DATA[79:0]$5458
    83/880: $5$mem2reg_rd$\rob$./build_yosys/cpu_yosys.v:2164$3934_DATA[307:0]$5457
    84/880: $5$mem2reg_rd$\iq$./build_yosys/cpu_yosys.v:2164$3966_DATA[79:0]$5456
    85/880: $5$mem2reg_rd$\rob$./build_yosys/cpu_yosys.v:2163$3933_DATA[307:0]$5455
    86/880: $5$mem2reg_rd$\iq$./build_yosys/cpu_yosys.v:2163$3965_DATA[79:0]$5454
    87/880: $5$mem2reg_rd$\rob$./build_yosys/cpu_yosys.v:2162$3932_DATA[307:0]$5453
    88/880: $5$mem2reg_rd$\iq$./build_yosys/cpu_yosys.v:2162$3964_DATA[79:0]$5452
    89/880: $5$mem2reg_rd$\iq$./build_yosys/cpu_yosys.v:2161$3931_DATA[79:0]$5451
    90/880: $4$mem2reg_rd$\iq$./build_yosys/cpu_yosys.v:2166$3936_DATA[79:0]$5444
    91/880: $4$mem2reg_rd$\iq$./build_yosys/cpu_yosys.v:2166$3936_ADDR[0:0]$5443
    92/880: $4$mem2reg_rd$\iq$./build_yosys/cpu_yosys.v:2165$3935_DATA[79:0]$5442
    93/880: $4$mem2reg_rd$\iq$./build_yosys/cpu_yosys.v:2165$3935_ADDR[0:0]$5441
    94/880: $4$mem2reg_rd$\rob$./build_yosys/cpu_yosys.v:2164$3934_DATA[307:0]$5440
    95/880: $4$mem2reg_rd$\rob$./build_yosys/cpu_yosys.v:2164$3934_ADDR[0:0]$5439
    96/880: $4$mem2reg_rd$\iq$./build_yosys/cpu_yosys.v:2164$3966_DATA[79:0]$5450
    97/880: $4$mem2reg_rd$\iq$./build_yosys/cpu_yosys.v:2164$3966_ADDR[0:0]$5449
    98/880: $4$mem2reg_rd$\rob$./build_yosys/cpu_yosys.v:2163$3933_DATA[307:0]$5438
    99/880: $4$mem2reg_rd$\rob$./build_yosys/cpu_yosys.v:2163$3933_ADDR[0:0]$5437
   100/880: $4$mem2reg_rd$\iq$./build_yosys/cpu_yosys.v:2163$3965_DATA[79:0]$5448
   101/880: $4$mem2reg_rd$\iq$./build_yosys/cpu_yosys.v:2163$3965_ADDR[0:0]$5447
   102/880: $4$mem2reg_rd$\rob$./build_yosys/cpu_yosys.v:2162$3932_DATA[307:0]$5436
   103/880: $4$mem2reg_rd$\rob$./build_yosys/cpu_yosys.v:2162$3932_ADDR[0:0]$5435
   104/880: $4$mem2reg_rd$\iq$./build_yosys/cpu_yosys.v:2162$3964_DATA[79:0]$5446
   105/880: $4$mem2reg_rd$\iq$./build_yosys/cpu_yosys.v:2162$3964_ADDR[0:0]$5445
   106/880: $4$mem2reg_rd$\iq$./build_yosys/cpu_yosys.v:2161$3931_DATA[79:0]$5434
   107/880: $4$mem2reg_rd$\iq$./build_yosys/cpu_yosys.v:2161$3931_ADDR[0:0]$5433
   108/880: $4$mem2reg_wr$\iq$./build_yosys/cpu_yosys.v:2159$3930_ADDR[0:0]$5431
   109/880: $4$mem2reg_wr$\iq$./build_yosys/cpu_yosys.v:2159$3930_DATA[79:0]$5432
   110/880: $5$mem2reg_wr$\rob$./build_yosys/cpu_yosys.v:2156$3929_ADDR[0:0]$5427
   111/880: $5$mem2reg_wr$\rob$./build_yosys/cpu_yosys.v:2156$3929_DATA[307:0]$5428
   112/880: $6\branch_exec$func$./build_yosys/cpu_yosys.v:2152$3820.$result[0:0]$5416
   113/880: $5\branch_exec$func$./build_yosys/cpu_yosys.v:2152$3820.$result[0:0]$5415
   114/880: $6$mem2reg_wr$\rob$./build_yosys/cpu_yosys.v:2150$3924_ADDR[0:0]$5413
   115/880: $6$mem2reg_wr$\rob$./build_yosys/cpu_yosys.v:2150$3924_DATA[307:0]$5414
   116/880: $5$mem2reg_wr$\rob$./build_yosys/cpu_yosys.v:2148$3923_ADDR[0:0]$5409
   117/880: $5$mem2reg_wr$\rob$./build_yosys/cpu_yosys.v:2148$3923_DATA[307:0]$5410
   118/880: $5$mem2reg_wr$\rob$./build_yosys/cpu_yosys.v:2150$3924_DATA[307:0]$5412
   119/880: $5$mem2reg_wr$\rob$./build_yosys/cpu_yosys.v:2150$3924_ADDR[0:0]$5411
   120/880: $4$mem2reg_wr$\rob$./build_yosys/cpu_yosys.v:2156$3929_DATA[307:0]$5408
   121/880: $4$mem2reg_wr$\rob$./build_yosys/cpu_yosys.v:2156$3929_ADDR[0:0]$5407
   122/880: $4$mem2reg_wr$\rob$./build_yosys/cpu_yosys.v:2154$3928_ADDR[0:0]$5405
   123/880: $4$mem2reg_wr$\rob$./build_yosys/cpu_yosys.v:2154$3928_DATA[307:0]$5406
   124/880: $4$mem2reg_wr$\rob$./build_yosys/cpu_yosys.v:2153$3927_ADDR[0:0]$5403
   125/880: $4$mem2reg_wr$\rob$./build_yosys/cpu_yosys.v:2153$3927_DATA[307:0]$5404
   126/880: $4$mem2reg_wr$\rob$./build_yosys/cpu_yosys.v:2152$3926_ADDR[0:0]$5401
   127/880: $4$mem2reg_wr$\rob$./build_yosys/cpu_yosys.v:2152$3926_DATA[307:0]$5402
   128/880: $4\branch_exec$func$./build_yosys/cpu_yosys.v:2152$3820.$result[0:0]$5390
   129/880: $4\branch_exec$func$./build_yosys/cpu_yosys.v:2152$3820.data2[31:0]$5394
   130/880: $4\branch_exec$func$./build_yosys/cpu_yosys.v:2152$3820.data1[31:0]$5393
   131/880: $4\branch_exec$func$./build_yosys/cpu_yosys.v:2152$3820.funct3[2:0]$5392
   132/880: $4\branch_exec$func$./build_yosys/cpu_yosys.v:2152$3820.pc_sel[1:0]$5391
   133/880: $4$mem2reg_wr$\rob$./build_yosys/cpu_yosys.v:2151$3925_ADDR[0:0]$5399
   134/880: $4$mem2reg_wr$\rob$./build_yosys/cpu_yosys.v:2151$3925_DATA[307:0]$5400
   135/880: $4$mem2reg_wr$\rob$./build_yosys/cpu_yosys.v:2150$3924_DATA[307:0]$5398
   136/880: $4$mem2reg_wr$\rob$./build_yosys/cpu_yosys.v:2150$3924_ADDR[0:0]$5397
   137/880: $4$mem2reg_wr$\rob$./build_yosys/cpu_yosys.v:2148$3923_DATA[307:0]$5396
   138/880: $4$mem2reg_wr$\rob$./build_yosys/cpu_yosys.v:2148$3923_ADDR[0:0]$5395
   139/880: $5$mem2reg_rd$\iq$./build_yosys/cpu_yosys.v:2143$3922_DATA[79:0]$5389
   140/880: $5$mem2reg_rd$\iq$./build_yosys/cpu_yosys.v:2142$3921_DATA[79:0]$5388
   141/880: $5$mem2reg_rd$\rob$./build_yosys/cpu_yosys.v:2141$3920_DATA[307:0]$5387
   142/880: $5$mem2reg_rd$\iq$./build_yosys/cpu_yosys.v:2141$3963_DATA[79:0]$5386
   143/880: $5$mem2reg_rd$\rob$./build_yosys/cpu_yosys.v:2140$3919_DATA[307:0]$5385
   144/880: $5$mem2reg_rd$\iq$./build_yosys/cpu_yosys.v:2140$3962_DATA[79:0]$5384
   145/880: $5$mem2reg_rd$\rob$./build_yosys/cpu_yosys.v:2139$3918_DATA[307:0]$5381
   146/880: $5$mem2reg_rd$\iq$./build_yosys/cpu_yosys.v:2139$3961_DATA[79:0]$5380
   147/880: $5$mem2reg_rd$\rob$./build_yosys/cpu_yosys.v:2139$3917_DATA[307:0]$5379
   148/880: $5$mem2reg_rd$\iq$./build_yosys/cpu_yosys.v:2139$3960_DATA[79:0]$5378
   149/880: $5$mem2reg_rd$\iq$./build_yosys/cpu_yosys.v:2138$3916_DATA[79:0]$5377
   150/880: $4$mem2reg_rd$\iq$./build_yosys/cpu_yosys.v:2143$3922_DATA[79:0]$5368
   151/880: $4$mem2reg_rd$\iq$./build_yosys/cpu_yosys.v:2143$3922_ADDR[0:0]$5367
   152/880: $4$mem2reg_rd$\iq$./build_yosys/cpu_yosys.v:2142$3921_DATA[79:0]$5366
   153/880: $4$mem2reg_rd$\iq$./build_yosys/cpu_yosys.v:2142$3921_ADDR[0:0]$5365
   154/880: $4$mem2reg_rd$\rob$./build_yosys/cpu_yosys.v:2141$3920_DATA[307:0]$5364
   155/880: $4$mem2reg_rd$\rob$./build_yosys/cpu_yosys.v:2141$3920_ADDR[0:0]$5363
   156/880: $4$mem2reg_rd$\iq$./build_yosys/cpu_yosys.v:2141$3963_DATA[79:0]$5376
   157/880: $4$mem2reg_rd$\iq$./build_yosys/cpu_yosys.v:2141$3963_ADDR[0:0]$5375
   158/880: $4$mem2reg_rd$\rob$./build_yosys/cpu_yosys.v:2140$3919_DATA[307:0]$5362
   159/880: $4$mem2reg_rd$\rob$./build_yosys/cpu_yosys.v:2140$3919_ADDR[0:0]$5361
   160/880: $4$mem2reg_rd$\iq$./build_yosys/cpu_yosys.v:2140$3962_DATA[79:0]$5374
   161/880: $4$mem2reg_rd$\iq$./build_yosys/cpu_yosys.v:2140$3962_ADDR[0:0]$5373
   162/880: $4$mem2reg_rd$\rob$./build_yosys/cpu_yosys.v:2139$3918_DATA[307:0]$5360
   163/880: $4$mem2reg_rd$\rob$./build_yosys/cpu_yosys.v:2139$3918_ADDR[0:0]$5359
   164/880: $4$mem2reg_rd$\iq$./build_yosys/cpu_yosys.v:2139$3961_DATA[79:0]$5372
   165/880: $4$mem2reg_rd$\iq$./build_yosys/cpu_yosys.v:2139$3961_ADDR[0:0]$5371
   166/880: $4$mem2reg_rd$\rob$./build_yosys/cpu_yosys.v:2139$3917_DATA[307:0]$5358
   167/880: $4$mem2reg_rd$\rob$./build_yosys/cpu_yosys.v:2139$3917_ADDR[0:0]$5357
   168/880: $4$mem2reg_rd$\iq$./build_yosys/cpu_yosys.v:2139$3960_DATA[79:0]$5370
   169/880: $4$mem2reg_rd$\iq$./build_yosys/cpu_yosys.v:2139$3960_ADDR[0:0]$5369
   170/880: $4$mem2reg_rd$\iq$./build_yosys/cpu_yosys.v:2138$3916_DATA[79:0]$5356
   171/880: $4$mem2reg_rd$\iq$./build_yosys/cpu_yosys.v:2138$3916_ADDR[0:0]$5355
   172/880: $4$mem2reg_wr$\iq$./build_yosys/cpu_yosys.v:2136$3915_ADDR[0:0]$5353
   173/880: $4$mem2reg_wr$\iq$./build_yosys/cpu_yosys.v:2136$3915_DATA[79:0]$5354
   174/880: $7$lookahead\free_list$4525[33:0]$5333
   175/880: $5$bitselwrite$pos$./build_yosys/cpu_yosys.v:2126$3819[5:0]$5329
   176/880: $5$mem2reg_wr$\rat_spec_slot$./build_yosys/cpu_yosys.v:2125$3914_ADDR[4:0]$5330
   177/880: $5$mem2reg_wr$\rat_spec_slot$./build_yosys/cpu_yosys.v:2125$3914_DATA[0:0]$5331
   178/880: $8$lookahead\rat_spec_valid$4524[31:0]$5332
   179/880: $5$bitselwrite$pos$./build_yosys/cpu_yosys.v:2124$3818[4:0]$5328
   180/880: $0\iq[1][79:0] [37:6]
   181/880: $0\iq[1][79:0] [5:0]
   182/880: $0\iq[0][79:0] [5:0]
   183/880: $0\iq[0][79:0] [37:6]
   184/880: $0\iq[1][79:0] [38]
   185/880: $0\iq[0][79:0] [38]
   186/880: $0\iq[1][79:0] [44:39]
   187/880: $0\iq[0][79:0] [44:39]
   188/880: $0\iq[1][79:0] [76:45]
   189/880: $0\iq[0][79:0] [76:45]
   190/880: $0\iq[1][79:0] [77]
   191/880: $0\iq[0][79:0] [77]
   192/880: $0\iq[1][79:0] [78]
   193/880: $0\rob[1][307:0] [31:0]
   194/880: $0\rob[0][307:0] [31:0]
   195/880: $0\rob[1][307:0] [37]
   196/880: $0\rob[0][307:0] [36:32]
   197/880: $0\rob[0][307:0] [37]
   198/880: $0\rob[1][307:0] [69:38]
   199/880: $0\rob[1][307:0] [70]
   200/880: $0\rob[0][307:0] [69:38]
   201/880: $0\rob[0][307:0] [70]
   202/880: $0\rob[1][307:0] [102:71]
   203/880: $0\rob[0][307:0] [102:71]
   204/880: $0\rob[1][307:0] [108:103]
   205/880: $0\rob[1][307:0] [109]
   206/880: $0\rob[0][307:0] [108:103]
   207/880: $0\rob[0][307:0] [109]
   208/880: $0\rob[1][307:0] [141:110]
   209/880: $0\rob[0][307:0] [141:110]
   210/880: $0\rob[1][307:0] [271:142]
   211/880: $0\rob[0][307:0] [271:142]
   212/880: $0\rob[1][307:0] [303:272]
   213/880: $0\rob[0][307:0] [303:272]
   214/880: $0\rob[1][307:0] [304]
   215/880: $0\rob[0][307:0] [304]
   216/880: $0\rob[1][307:0] [305]
   217/880: $0\rob[0][307:0] [305]
   218/880: $0\rob[1][307:0] [306]
   219/880: $7$lookahead\rat_spec_valid$4524[31:0]$5314
   220/880: $4$mem2reg_wr$\rat_spec_slot$./build_yosys/cpu_yosys.v:2125$3914_DATA[0:0]$5313
   221/880: $4$mem2reg_wr$\rat_spec_slot$./build_yosys/cpu_yosys.v:2125$3914_ADDR[4:0]$5312
   222/880: $4$bitselwrite$pos$./build_yosys/cpu_yosys.v:2126$3819[5:0]$5271
   223/880: $4$bitselwrite$pos$./build_yosys/cpu_yosys.v:2124$3818[4:0]$5270
   224/880: $4$mem2reg_wr$\iq$./build_yosys/cpu_yosys.v:2122$3913_ADDR[0:0]$5310
   225/880: $4$mem2reg_wr$\iq$./build_yosys/cpu_yosys.v:2122$3913_DATA[79:0]$5311
   226/880: $4$mem2reg_wr$\iq$./build_yosys/cpu_yosys.v:2121$3912_ADDR[0:0]$5308
   227/880: $4$mem2reg_wr$\iq$./build_yosys/cpu_yosys.v:2121$3912_DATA[79:0]$5309
   228/880: $4$mem2reg_wr$\iq$./build_yosys/cpu_yosys.v:2120$3911_ADDR[0:0]$5306
   229/880: $4$mem2reg_wr$\iq$./build_yosys/cpu_yosys.v:2120$3911_DATA[79:0]$5307
   230/880: $4$mem2reg_wr$\iq$./build_yosys/cpu_yosys.v:2119$3910_ADDR[0:0]$5304
   231/880: $4$mem2reg_wr$\iq$./build_yosys/cpu_yosys.v:2119$3910_DATA[79:0]$5305
   232/880: $4$mem2reg_wr$\iq$./build_yosys/cpu_yosys.v:2118$3909_ADDR[0:0]$5302
   233/880: $4$mem2reg_wr$\iq$./build_yosys/cpu_yosys.v:2118$3909_DATA[79:0]$5303
   234/880: $4$mem2reg_wr$\iq$./build_yosys/cpu_yosys.v:2117$3908_ADDR[0:0]$5300
   235/880: $4$mem2reg_wr$\iq$./build_yosys/cpu_yosys.v:2117$3908_DATA[79:0]$5301
   236/880: $4$mem2reg_wr$\iq$./build_yosys/cpu_yosys.v:2116$3907_ADDR[0:0]$5298
   237/880: $4$mem2reg_wr$\iq$./build_yosys/cpu_yosys.v:2116$3907_DATA[79:0]$5299
   238/880: $4$mem2reg_wr$\iq$./build_yosys/cpu_yosys.v:2115$3906_ADDR[0:0]$5296
   239/880: $4$mem2reg_wr$\iq$./build_yosys/cpu_yosys.v:2115$3906_DATA[79:0]$5297
   240/880: $4$mem2reg_wr$\rob$./build_yosys/cpu_yosys.v:2114$3905_ADDR[0:0]$5294
   241/880: $4$mem2reg_wr$\rob$./build_yosys/cpu_yosys.v:2114$3905_DATA[307:0]$5295
   242/880: $4$mem2reg_wr$\rob$./build_yosys/cpu_yosys.v:2113$3904_ADDR[0:0]$5292
   243/880: $4$mem2reg_wr$\rob$./build_yosys/cpu_yosys.v:2113$3904_DATA[307:0]$5293
   244/880: $4$mem2reg_wr$\rob$./build_yosys/cpu_yosys.v:2112$3903_ADDR[0:0]$5290
   245/880: $4$mem2reg_wr$\rob$./build_yosys/cpu_yosys.v:2112$3903_DATA[307:0]$5291
   246/880: $4$mem2reg_wr$\rob$./build_yosys/cpu_yosys.v:2111$3902_ADDR[0:0]$5288
   247/880: $4$mem2reg_wr$\rob$./build_yosys/cpu_yosys.v:2111$3902_DATA[307:0]$5289
   248/880: $4$mem2reg_wr$\rob$./build_yosys/cpu_yosys.v:2110$3901_ADDR[0:0]$5286
   249/880: $4$mem2reg_wr$\rob$./build_yosys/cpu_yosys.v:2110$3901_DATA[307:0]$5287
   250/880: $4$mem2reg_wr$\rob$./build_yosys/cpu_yosys.v:2109$3900_ADDR[0:0]$5284
   251/880: $4$mem2reg_wr$\rob$./build_yosys/cpu_yosys.v:2109$3900_DATA[307:0]$5285
   252/880: $4$mem2reg_wr$\rob$./build_yosys/cpu_yosys.v:2108$3899_ADDR[0:0]$5282
   253/880: $4$mem2reg_wr$\rob$./build_yosys/cpu_yosys.v:2108$3899_DATA[307:0]$5283
   254/880: $4$mem2reg_wr$\rob$./build_yosys/cpu_yosys.v:2107$3898_ADDR[0:0]$5280
   255/880: $4$mem2reg_wr$\rob$./build_yosys/cpu_yosys.v:2107$3898_DATA[307:0]$5281
   256/880: $4$mem2reg_wr$\rob$./build_yosys/cpu_yosys.v:2106$3897_ADDR[0:0]$5278
   257/880: $4$mem2reg_wr$\rob$./build_yosys/cpu_yosys.v:2106$3897_DATA[307:0]$5279
   258/880: $4\serializing_instruction$func$./build_yosys/cpu_yosys.v:2106$3817.$result[0:0]$5268
   259/880: $4\serializing_instruction$func$./build_yosys/cpu_yosys.v:2106$3817.ctrl[129:0]$5269
   260/880: $4$mem2reg_wr$\rob$./build_yosys/cpu_yosys.v:2105$3896_ADDR[0:0]$5276
   261/880: $4$mem2reg_wr$\rob$./build_yosys/cpu_yosys.v:2105$3896_DATA[307:0]$5277
   262/880: $4$mem2reg_wr$\rob$./build_yosys/cpu_yosys.v:2104$3895_ADDR[0:0]$5274
   263/880: $4$mem2reg_wr$\rob$./build_yosys/cpu_yosys.v:2104$3895_DATA[307:0]$5275
   264/880: $4$mem2reg_wr$\rob$./build_yosys/cpu_yosys.v:2103$3894_ADDR[0:0]$5272
   265/880: $4$mem2reg_wr$\rob$./build_yosys/cpu_yosys.v:2103$3894_DATA[307:0]$5273
   266/880: $6$mem2reg_rd$\rob$./build_yosys/cpu_yosys.v:2098$3893_DATA[307:0]$5259
   267/880: $7$mem2reg_rd$\rob$./build_yosys/cpu_yosys.v:2097$3892_DATA[307:0]$5251
   268/880: $6$lookahead\rat_spec_valid$4524[31:0]$5250
   269/880: $6$bitselwrite$pos$./build_yosys/cpu_yosys.v:2097$3815[4:0]$5247
   270/880: $6$mem2reg_rd$\rob$./build_yosys/cpu_yosys.v:2097$3892_DATA[307:0]$5249
   271/880: $6$mem2reg_rd$\rob$./build_yosys/cpu_yosys.v:2097$3892_ADDR[0:0]$5248
   272/880: $6$mem2reg_rd$\rob$./build_yosys/cpu_yosys.v:2096$3891_DATA[307:0]$5243
   273/880: $6$mem2reg_rd$\rat_spec_slot$./build_yosys/cpu_yosys.v:2096$3890_DATA[0:0]$5242
   274/880: $6$mem2reg_rd$\rob$./build_yosys/cpu_yosys.v:2096$3959_DATA[307:0]$5241
   275/880: $6$mem2reg_rd$\rob$./build_yosys/cpu_yosys.v:2096$3889_DATA[307:0]$5240
   276/880: $5$lookahead\free_list$4525[33:0]$5239
   277/880: $5$bitselwrite$pos$./build_yosys/cpu_yosys.v:2098$3816[5:0]$5225
   278/880: $5$mem2reg_rd$\rob$./build_yosys/cpu_yosys.v:2098$3893_DATA[307:0]$5235
   279/880: $5$mem2reg_rd$\rob$./build_yosys/cpu_yosys.v:2098$3893_ADDR[0:0]$5234
   280/880: $5$lookahead\rat_spec_valid$4524[31:0]$5238
   281/880: $5$mem2reg_rd$\rob$./build_yosys/cpu_yosys.v:2097$3892_DATA[307:0]$5233
   282/880: $5$mem2reg_rd$\rob$./build_yosys/cpu_yosys.v:2097$3892_ADDR[0:0]$5232
   283/880: $5$bitselwrite$pos$./build_yosys/cpu_yosys.v:2097$3815[4:0]$5224
   284/880: $5$mem2reg_rd$\rob$./build_yosys/cpu_yosys.v:2096$3891_DATA[307:0]$5231
   285/880: $5$mem2reg_rd$\rob$./build_yosys/cpu_yosys.v:2096$3891_ADDR[0:0]$5230
   286/880: $5$mem2reg_rd$\rat_spec_slot$./build_yosys/cpu_yosys.v:2096$3890_DATA[0:0]$5229
   287/880: $5$mem2reg_rd$\rat_spec_slot$./build_yosys/cpu_yosys.v:2096$3890_ADDR[4:0]$5228
   288/880: $5$mem2reg_rd$\rob$./build_yosys/cpu_yosys.v:2096$3959_DATA[307:0]$5237
   289/880: $5$mem2reg_rd$\rob$./build_yosys/cpu_yosys.v:2096$3959_ADDR[0:0]$5236
   290/880: $5$mem2reg_rd$\rob$./build_yosys/cpu_yosys.v:2096$3889_DATA[307:0]$5227
   291/880: $5$mem2reg_rd$\rob$./build_yosys/cpu_yosys.v:2096$3889_ADDR[0:0]$5226
   292/880: $5$mem2reg_rd$\rob$./build_yosys/cpu_yosys.v:2095$3888_DATA[307:0]$5221
   293/880: $5$mem2reg_rd$\rob$./build_yosys/cpu_yosys.v:2095$3887_DATA[307:0]$5220
   294/880: $4$lookahead\free_list$4525[33:0]$5219
   295/880: $4$lookahead\rat_spec_valid$4524[31:0]$5218
   296/880: $4$mem2reg_rd$\rob$./build_yosys/cpu_yosys.v:2096$3959_DATA[307:0]$5217
   297/880: $4$mem2reg_rd$\rob$./build_yosys/cpu_yosys.v:2096$3959_ADDR[0:0]$5216
   298/880: $4$mem2reg_rd$\rob$./build_yosys/cpu_yosys.v:2098$3893_DATA[307:0]$5215
   299/880: $4$mem2reg_rd$\rob$./build_yosys/cpu_yosys.v:2098$3893_ADDR[0:0]$5214
   300/880: $4$mem2reg_rd$\rob$./build_yosys/cpu_yosys.v:2097$3892_DATA[307:0]$5213
   301/880: $4$mem2reg_rd$\rob$./build_yosys/cpu_yosys.v:2097$3892_ADDR[0:0]$5212
   302/880: $4$mem2reg_rd$\rob$./build_yosys/cpu_yosys.v:2096$3891_DATA[307:0]$5211
   303/880: $4$mem2reg_rd$\rob$./build_yosys/cpu_yosys.v:2096$3891_ADDR[0:0]$5210
   304/880: $4$mem2reg_rd$\rat_spec_slot$./build_yosys/cpu_yosys.v:2096$3890_DATA[0:0]$5209
   305/880: $4$mem2reg_rd$\rat_spec_slot$./build_yosys/cpu_yosys.v:2096$3890_ADDR[4:0]$5208
   306/880: $4$mem2reg_rd$\rob$./build_yosys/cpu_yosys.v:2096$3889_DATA[307:0]$5207
   307/880: $4$mem2reg_rd$\rob$./build_yosys/cpu_yosys.v:2096$3889_ADDR[0:0]$5206
   308/880: $4$bitselwrite$pos$./build_yosys/cpu_yosys.v:2098$3816[5:0]$5199
   309/880: $4$bitselwrite$pos$./build_yosys/cpu_yosys.v:2097$3815[4:0]$5198
   310/880: $4$mem2reg_rd$\rob$./build_yosys/cpu_yosys.v:2095$3888_DATA[307:0]$5205
   311/880: $4$mem2reg_rd$\rob$./build_yosys/cpu_yosys.v:2095$3888_ADDR[0:0]$5204
   312/880: $4$mem2reg_rd$\rob$./build_yosys/cpu_yosys.v:2095$3887_DATA[307:0]$5203
   313/880: $4$mem2reg_rd$\rob$./build_yosys/cpu_yosys.v:2095$3887_ADDR[0:0]$5202
   314/880: $4$mem2reg_wr$\rob$./build_yosys/cpu_yosys.v:2094$3886_ADDR[0:0]$5200
   315/880: $4$mem2reg_wr$\rob$./build_yosys/cpu_yosys.v:2094$3886_DATA[307:0]$5201
   316/880: $3$lookahead\free_list$4525[33:0]$5197 [33]
   317/880: $3$lookahead\free_list$4525[33:0]$5197 [32]
   318/880: $3$lookahead\free_list$4525[33:0]$5197 [31:0]
   319/880: $3$lookahead\rat_spec_valid$4524[31:0]$5196
   320/880: $3\i[31:0]
   321/880: $3$mem2reg_rd$\iq$./build_yosys/cpu_yosys.v:2164$3966_DATA[79:0]$5195
   322/880: $3$mem2reg_rd$\iq$./build_yosys/cpu_yosys.v:2164$3966_ADDR[0:0]$5194
   323/880: $3$mem2reg_rd$\iq$./build_yosys/cpu_yosys.v:2163$3965_DATA[79:0]$5193
   324/880: $3$mem2reg_rd$\iq$./build_yosys/cpu_yosys.v:2163$3965_ADDR[0:0]$5192
   325/880: $3$mem2reg_rd$\iq$./build_yosys/cpu_yosys.v:2162$3964_DATA[79:0]$5191
   326/880: $3$mem2reg_rd$\iq$./build_yosys/cpu_yosys.v:2162$3964_ADDR[0:0]$5190
   327/880: $3$mem2reg_rd$\iq$./build_yosys/cpu_yosys.v:2141$3963_DATA[79:0]$5189
   328/880: $3$mem2reg_rd$\iq$./build_yosys/cpu_yosys.v:2141$3963_ADDR[0:0]$5188
   329/880: $3$mem2reg_rd$\iq$./build_yosys/cpu_yosys.v:2140$3962_DATA[79:0]$5187
   330/880: $3$mem2reg_rd$\iq$./build_yosys/cpu_yosys.v:2140$3962_ADDR[0:0]$5186
   331/880: $3$mem2reg_rd$\iq$./build_yosys/cpu_yosys.v:2139$3961_DATA[79:0]$5185
   332/880: $3$mem2reg_rd$\iq$./build_yosys/cpu_yosys.v:2139$3961_ADDR[0:0]$5184
   333/880: $3$mem2reg_rd$\iq$./build_yosys/cpu_yosys.v:2139$3960_DATA[79:0]$5183
   334/880: $3$mem2reg_rd$\iq$./build_yosys/cpu_yosys.v:2139$3960_ADDR[0:0]$5182
   335/880: $3$mem2reg_rd$\rob$./build_yosys/cpu_yosys.v:2096$3959_DATA[307:0]$5181
   336/880: $3$mem2reg_rd$\rob$./build_yosys/cpu_yosys.v:2096$3959_ADDR[0:0]$5180
   337/880: $3$mem2reg_rd$\rob$./build_yosys/cpu_yosys.v:2204$3951_DATA[307:0]$5179
   338/880: $3$mem2reg_rd$\rob$./build_yosys/cpu_yosys.v:2204$3951_ADDR[0:0]$5178
   339/880: $3$mem2reg_rd$\rob$./build_yosys/cpu_yosys.v:2204$3950_DATA[307:0]$5177
   340/880: $3$mem2reg_rd$\rob$./build_yosys/cpu_yosys.v:2204$3950_ADDR[0:0]$5176
   341/880: $3$mem2reg_rd$\rob$./build_yosys/cpu_yosys.v:2190$3949_DATA[307:0]$5175
   342/880: $3$mem2reg_rd$\rob$./build_yosys/cpu_yosys.v:2190$3949_ADDR[0:0]$5174
   343/880: $3$mem2reg_rd$\rob$./build_yosys/cpu_yosys.v:2190$3948_DATA[307:0]$5173
   344/880: $3$mem2reg_rd$\rob$./build_yosys/cpu_yosys.v:2190$3948_ADDR[0:0]$5172
   345/880: $3$mem2reg_rd$\rob$./build_yosys/cpu_yosys.v:2204$3947_DATA[307:0]$5171
   346/880: $3$mem2reg_rd$\rob$./build_yosys/cpu_yosys.v:2204$3947_ADDR[0:0]$5170
   347/880: $3$mem2reg_rd$\rob$./build_yosys/cpu_yosys.v:2204$3946_DATA[307:0]$5169
   348/880: $3$mem2reg_rd$\rob$./build_yosys/cpu_yosys.v:2204$3946_ADDR[0:0]$5168
   349/880: $3$mem2reg_rd$\rob$./build_yosys/cpu_yosys.v:2190$3945_DATA[307:0]$5167
   350/880: $3$mem2reg_rd$\rob$./build_yosys/cpu_yosys.v:2190$3945_ADDR[0:0]$5166
   351/880: $3$mem2reg_rd$\rob$./build_yosys/cpu_yosys.v:2190$3944_DATA[307:0]$5165
   352/880: $3$mem2reg_rd$\rob$./build_yosys/cpu_yosys.v:2190$3944_ADDR[0:0]$5164
   353/880: $3$mem2reg_wr$\rob$./build_yosys/cpu_yosys.v:2178$3943_DATA[307:0]$5163
   354/880: $3$mem2reg_wr$\rob$./build_yosys/cpu_yosys.v:2178$3943_ADDR[0:0]$5162
   355/880: $3$mem2reg_wr$\rob$./build_yosys/cpu_yosys.v:2175$3942_DATA[307:0]$5161
   356/880: $3$mem2reg_wr$\rob$./build_yosys/cpu_yosys.v:2175$3942_ADDR[0:0]$5160
   357/880: $3$mem2reg_wr$\rob$./build_yosys/cpu_yosys.v:2174$3941_DATA[307:0]$5159
   358/880: $3$mem2reg_wr$\rob$./build_yosys/cpu_yosys.v:2174$3941_ADDR[0:0]$5158
   359/880: $3$mem2reg_rd$\rob$./build_yosys/cpu_yosys.v:2174$3940_DATA[307:0]$5157
   360/880: $3$mem2reg_rd$\rob$./build_yosys/cpu_yosys.v:2174$3940_ADDR[0:0]$5156
   361/880: $3$mem2reg_rd$\rob$./build_yosys/cpu_yosys.v:2174$3939_DATA[307:0]$5155
   362/880: $3$mem2reg_rd$\rob$./build_yosys/cpu_yosys.v:2174$3939_ADDR[0:0]$5154
   363/880: $3$mem2reg_wr$\rob$./build_yosys/cpu_yosys.v:2170$3938_DATA[307:0]$5153
   364/880: $3$mem2reg_wr$\rob$./build_yosys/cpu_yosys.v:2170$3938_ADDR[0:0]$5152
   365/880: $3$mem2reg_wr$\rob$./build_yosys/cpu_yosys.v:2169$3937_DATA[307:0]$5151
   366/880: $3$mem2reg_wr$\rob$./build_yosys/cpu_yosys.v:2169$3937_ADDR[0:0]$5150
   367/880: $3$mem2reg_rd$\iq$./build_yosys/cpu_yosys.v:2166$3936_DATA[79:0]$5149
   368/880: $3$mem2reg_rd$\iq$./build_yosys/cpu_yosys.v:2166$3936_ADDR[0:0]$5148
   369/880: $3$mem2reg_rd$\iq$./build_yosys/cpu_yosys.v:2165$3935_DATA[79:0]$5147
   370/880: $3$mem2reg_rd$\iq$./build_yosys/cpu_yosys.v:2165$3935_ADDR[0:0]$5146
   371/880: $3$mem2reg_rd$\rob$./build_yosys/cpu_yosys.v:2164$3934_DATA[307:0]$5145
   372/880: $3$mem2reg_rd$\rob$./build_yosys/cpu_yosys.v:2164$3934_ADDR[0:0]$5144
   373/880: $3$mem2reg_rd$\rob$./build_yosys/cpu_yosys.v:2163$3933_DATA[307:0]$5143
   374/880: $3$mem2reg_rd$\rob$./build_yosys/cpu_yosys.v:2163$3933_ADDR[0:0]$5142
   375/880: $3$mem2reg_rd$\rob$./build_yosys/cpu_yosys.v:2162$3932_DATA[307:0]$5141
   376/880: $3$mem2reg_rd$\rob$./build_yosys/cpu_yosys.v:2162$3932_ADDR[0:0]$5140
   377/880: $3$mem2reg_rd$\iq$./build_yosys/cpu_yosys.v:2161$3931_DATA[79:0]$5139
   378/880: $3$mem2reg_rd$\iq$./build_yosys/cpu_yosys.v:2161$3931_ADDR[0:0]$5138
   379/880: $3$mem2reg_wr$\iq$./build_yosys/cpu_yosys.v:2159$3930_DATA[79:0]$5137
   380/880: $3$mem2reg_wr$\iq$./build_yosys/cpu_yosys.v:2159$3930_ADDR[0:0]$5136
   381/880: $3$mem2reg_wr$\rob$./build_yosys/cpu_yosys.v:2156$3929_DATA[307:0]$5135
   382/880: $3$mem2reg_wr$\rob$./build_yosys/cpu_yosys.v:2156$3929_ADDR[0:0]$5134
   383/880: $3$mem2reg_wr$\rob$./build_yosys/cpu_yosys.v:2154$3928_DATA[307:0]$5133
   384/880: $3$mem2reg_wr$\rob$./build_yosys/cpu_yosys.v:2154$3928_ADDR[0:0]$5132
   385/880: $3$mem2reg_wr$\rob$./build_yosys/cpu_yosys.v:2153$3927_DATA[307:0]$5131
   386/880: $3$mem2reg_wr$\rob$./build_yosys/cpu_yosys.v:2153$3927_ADDR[0:0]$5130
   387/880: $3$mem2reg_wr$\rob$./build_yosys/cpu_yosys.v:2152$3926_DATA[307:0]$5129
   388/880: $3$mem2reg_wr$\rob$./build_yosys/cpu_yosys.v:2152$3926_ADDR[0:0]$5128
   389/880: $3$mem2reg_wr$\rob$./build_yosys/cpu_yosys.v:2151$3925_DATA[307:0]$5127
   390/880: $3$mem2reg_wr$\rob$./build_yosys/cpu_yosys.v:2151$3925_ADDR[0:0]$5126
   391/880: $3$mem2reg_wr$\rob$./build_yosys/cpu_yosys.v:2150$3924_DATA[307:0]$5125
   392/880: $3$mem2reg_wr$\rob$./build_yosys/cpu_yosys.v:2150$3924_ADDR[0:0]$5124
   393/880: $3$mem2reg_wr$\rob$./build_yosys/cpu_yosys.v:2148$3923_DATA[307:0]$5123
   394/880: $3$mem2reg_wr$\rob$./build_yosys/cpu_yosys.v:2148$3923_ADDR[0:0]$5122
   395/880: $3$mem2reg_rd$\iq$./build_yosys/cpu_yosys.v:2143$3922_DATA[79:0]$5121
   396/880: $3$mem2reg_rd$\iq$./build_yosys/cpu_yosys.v:2143$3922_ADDR[0:0]$5120
   397/880: $3$mem2reg_rd$\iq$./build_yosys/cpu_yosys.v:2142$3921_DATA[79:0]$5119
   398/880: $3$mem2reg_rd$\iq$./build_yosys/cpu_yosys.v:2142$3921_ADDR[0:0]$5118
   399/880: $3$mem2reg_rd$\rob$./build_yosys/cpu_yosys.v:2141$3920_DATA[307:0]$5117
   400/880: $3$mem2reg_rd$\rob$./build_yosys/cpu_yosys.v:2141$3920_ADDR[0:0]$5116
   401/880: $3$mem2reg_rd$\rob$./build_yosys/cpu_yosys.v:2140$3919_DATA[307:0]$5115
   402/880: $3$mem2reg_rd$\rob$./build_yosys/cpu_yosys.v:2140$3919_ADDR[0:0]$5114
   403/880: $3$mem2reg_rd$\rob$./build_yosys/cpu_yosys.v:2139$3918_DATA[307:0]$5113
   404/880: $3$mem2reg_rd$\rob$./build_yosys/cpu_yosys.v:2139$3918_ADDR[0:0]$5112
   405/880: $3$mem2reg_rd$\rob$./build_yosys/cpu_yosys.v:2139$3917_DATA[307:0]$5111
   406/880: $3$mem2reg_rd$\rob$./build_yosys/cpu_yosys.v:2139$3917_ADDR[0:0]$5110
   407/880: $3$mem2reg_rd$\iq$./build_yosys/cpu_yosys.v:2138$3916_DATA[79:0]$5109
   408/880: $3$mem2reg_rd$\iq$./build_yosys/cpu_yosys.v:2138$3916_ADDR[0:0]$5108
   409/880: $3$mem2reg_wr$\iq$./build_yosys/cpu_yosys.v:2136$3915_DATA[79:0]$5107
   410/880: $3$mem2reg_wr$\iq$./build_yosys/cpu_yosys.v:2136$3915_ADDR[0:0]$5106
   411/880: $3$mem2reg_wr$\rat_spec_slot$./build_yosys/cpu_yosys.v:2125$3914_DATA[0:0]$5105
   412/880: $3$mem2reg_wr$\rat_spec_slot$./build_yosys/cpu_yosys.v:2125$3914_ADDR[4:0]$5104
   413/880: $3$mem2reg_wr$\iq$./build_yosys/cpu_yosys.v:2122$3913_DATA[79:0]$5103
   414/880: $3$mem2reg_wr$\iq$./build_yosys/cpu_yosys.v:2122$3913_ADDR[0:0]$5102
   415/880: $3$mem2reg_wr$\iq$./build_yosys/cpu_yosys.v:2121$3912_DATA[79:0]$5101
   416/880: $3$mem2reg_wr$\iq$./build_yosys/cpu_yosys.v:2121$3912_ADDR[0:0]$5100
   417/880: $3$mem2reg_wr$\iq$./build_yosys/cpu_yosys.v:2120$3911_DATA[79:0]$5099
   418/880: $3$mem2reg_wr$\iq$./build_yosys/cpu_yosys.v:2120$3911_ADDR[0:0]$5098
   419/880: $3$mem2reg_wr$\iq$./build_yosys/cpu_yosys.v:2119$3910_DATA[79:0]$5097
   420/880: $3$mem2reg_wr$\iq$./build_yosys/cpu_yosys.v:2119$3910_ADDR[0:0]$5096
   421/880: $3$mem2reg_wr$\iq$./build_yosys/cpu_yosys.v:2118$3909_DATA[79:0]$5095
   422/880: $3$mem2reg_wr$\iq$./build_yosys/cpu_yosys.v:2118$3909_ADDR[0:0]$5094
   423/880: $3$mem2reg_wr$\iq$./build_yosys/cpu_yosys.v:2117$3908_DATA[79:0]$5093
   424/880: $3$mem2reg_wr$\iq$./build_yosys/cpu_yosys.v:2117$3908_ADDR[0:0]$5092
   425/880: $3$mem2reg_wr$\iq$./build_yosys/cpu_yosys.v:2116$3907_DATA[79:0]$5091
   426/880: $3$mem2reg_wr$\iq$./build_yosys/cpu_yosys.v:2116$3907_ADDR[0:0]$5090
   427/880: $3$mem2reg_wr$\iq$./build_yosys/cpu_yosys.v:2115$3906_DATA[79:0]$5089
   428/880: $3$mem2reg_wr$\iq$./build_yosys/cpu_yosys.v:2115$3906_ADDR[0:0]$5088
   429/880: $3$mem2reg_wr$\rob$./build_yosys/cpu_yosys.v:2114$3905_DATA[307:0]$5087
   430/880: $3$mem2reg_wr$\rob$./build_yosys/cpu_yosys.v:2114$3905_ADDR[0:0]$5086
   431/880: $3$mem2reg_wr$\rob$./build_yosys/cpu_yosys.v:2113$3904_DATA[307:0]$5085
   432/880: $3$mem2reg_wr$\rob$./build_yosys/cpu_yosys.v:2113$3904_ADDR[0:0]$5084
   433/880: $3$mem2reg_wr$\rob$./build_yosys/cpu_yosys.v:2112$3903_DATA[307:0]$5083
   434/880: $3$mem2reg_wr$\rob$./build_yosys/cpu_yosys.v:2112$3903_ADDR[0:0]$5082
   435/880: $3$mem2reg_wr$\rob$./build_yosys/cpu_yosys.v:2111$3902_DATA[307:0]$5081
   436/880: $3$mem2reg_wr$\rob$./build_yosys/cpu_yosys.v:2111$3902_ADDR[0:0]$5080
   437/880: $3$mem2reg_wr$\rob$./build_yosys/cpu_yosys.v:2110$3901_DATA[307:0]$5079
   438/880: $3$mem2reg_wr$\rob$./build_yosys/cpu_yosys.v:2110$3901_ADDR[0:0]$5078
   439/880: $3$mem2reg_wr$\rob$./build_yosys/cpu_yosys.v:2109$3900_DATA[307:0]$5077
   440/880: $3$mem2reg_wr$\rob$./build_yosys/cpu_yosys.v:2109$3900_ADDR[0:0]$5076
   441/880: $3$mem2reg_wr$\rob$./build_yosys/cpu_yosys.v:2108$3899_DATA[307:0]$5075
   442/880: $3$mem2reg_wr$\rob$./build_yosys/cpu_yosys.v:2108$3899_ADDR[0:0]$5074
   443/880: $3$mem2reg_wr$\rob$./build_yosys/cpu_yosys.v:2107$3898_DATA[307:0]$5073
   444/880: $3$mem2reg_wr$\rob$./build_yosys/cpu_yosys.v:2107$3898_ADDR[0:0]$5072
   445/880: $3$mem2reg_wr$\rob$./build_yosys/cpu_yosys.v:2106$3897_DATA[307:0]$5071
   446/880: $3$mem2reg_wr$\rob$./build_yosys/cpu_yosys.v:2106$3897_ADDR[0:0]$5070
   447/880: $3$mem2reg_wr$\rob$./build_yosys/cpu_yosys.v:2105$3896_DATA[307:0]$5069
   448/880: $3$mem2reg_wr$\rob$./build_yosys/cpu_yosys.v:2105$3896_ADDR[0:0]$5068
   449/880: $3$mem2reg_wr$\rob$./build_yosys/cpu_yosys.v:2104$3895_DATA[307:0]$5067
   450/880: $3$mem2reg_wr$\rob$./build_yosys/cpu_yosys.v:2104$3895_ADDR[0:0]$5066
   451/880: $3$mem2reg_wr$\rob$./build_yosys/cpu_yosys.v:2103$3894_DATA[307:0]$5065
   452/880: $3$mem2reg_wr$\rob$./build_yosys/cpu_yosys.v:2103$3894_ADDR[0:0]$5064
   453/880: $3$mem2reg_rd$\rob$./build_yosys/cpu_yosys.v:2098$3893_DATA[307:0]$5063
   454/880: $3$mem2reg_rd$\rob$./build_yosys/cpu_yosys.v:2098$3893_ADDR[0:0]$5062
   455/880: $3$mem2reg_rd$\rob$./build_yosys/cpu_yosys.v:2097$3892_DATA[307:0]$5061
   456/880: $3$mem2reg_rd$\rob$./build_yosys/cpu_yosys.v:2097$3892_ADDR[0:0]$5060
   457/880: $3$mem2reg_rd$\rob$./build_yosys/cpu_yosys.v:2096$3891_DATA[307:0]$5059
   458/880: $3$mem2reg_rd$\rob$./build_yosys/cpu_yosys.v:2096$3891_ADDR[0:0]$5058
   459/880: $3$mem2reg_rd$\rat_spec_slot$./build_yosys/cpu_yosys.v:2096$3890_DATA[0:0]$5057
   460/880: $3$mem2reg_rd$\rat_spec_slot$./build_yosys/cpu_yosys.v:2096$3890_ADDR[4:0]$5056
   461/880: $3$mem2reg_rd$\rob$./build_yosys/cpu_yosys.v:2096$3889_DATA[307:0]$5055
   462/880: $3$mem2reg_rd$\rob$./build_yosys/cpu_yosys.v:2096$3889_ADDR[0:0]$5054
   463/880: $3$mem2reg_rd$\rob$./build_yosys/cpu_yosys.v:2095$3888_DATA[307:0]$5053
   464/880: $3$mem2reg_rd$\rob$./build_yosys/cpu_yosys.v:2095$3888_ADDR[0:0]$5052
   465/880: $3$mem2reg_rd$\rob$./build_yosys/cpu_yosys.v:2095$3887_DATA[307:0]$5051
   466/880: $3$mem2reg_rd$\rob$./build_yosys/cpu_yosys.v:2095$3887_ADDR[0:0]$5050
   467/880: $3$mem2reg_wr$\rob$./build_yosys/cpu_yosys.v:2094$3886_DATA[307:0]$5049
   468/880: $3$mem2reg_wr$\rob$./build_yosys/cpu_yosys.v:2094$3886_ADDR[0:0]$5048
   469/880: $3\load_result$func$./build_yosys/cpu_yosys.v:2174$3821.half_data[15:0]$5047
   470/880: $3\load_result$func$./build_yosys/cpu_yosys.v:2174$3821.byte_data[7:0]$5046
   471/880: $3\load_result$func$./build_yosys/cpu_yosys.v:2174$3821.funct3[2:0]$5045
   472/880: $3\load_result$func$./build_yosys/cpu_yosys.v:2174$3821.low2[1:0]$5044
   473/880: $3\load_result$func$./build_yosys/cpu_yosys.v:2174$3821.raw_data[31:0]$5043
   474/880: $3\load_result$func$./build_yosys/cpu_yosys.v:2174$3821.$result[31:0]$5042
   475/880: $3\branch_exec$func$./build_yosys/cpu_yosys.v:2152$3820.data2[31:0]$5041
   476/880: $3\branch_exec$func$./build_yosys/cpu_yosys.v:2152$3820.data1[31:0]$5040
   477/880: $3\branch_exec$func$./build_yosys/cpu_yosys.v:2152$3820.funct3[2:0]$5039
   478/880: $3\branch_exec$func$./build_yosys/cpu_yosys.v:2152$3820.pc_sel[1:0]$5038
   479/880: $3\branch_exec$func$./build_yosys/cpu_yosys.v:2152$3820.$result[0:0]$5037
   480/880: $3$bitselwrite$pos$./build_yosys/cpu_yosys.v:2126$3819[5:0]$5036
   481/880: $3$bitselwrite$pos$./build_yosys/cpu_yosys.v:2124$3818[4:0]$5035
   482/880: $3\serializing_instruction$func$./build_yosys/cpu_yosys.v:2106$3817.ctrl[129:0]$5034
   483/880: $3\serializing_instruction$func$./build_yosys/cpu_yosys.v:2106$3817.$result[0:0]$5033
   484/880: $3$bitselwrite$pos$./build_yosys/cpu_yosys.v:2098$3816[5:0]$5032
   485/880: $3$bitselwrite$pos$./build_yosys/cpu_yosys.v:2097$3815[4:0]$5031
   486/880: $2$lookahead\free_list$4525[33:0]$5028 [33]
   487/880: $0\iq[1][79:0] [79]
   488/880: $0\iq[0][79:0] [78]
   489/880: $0\rob[1][307:0] [36:32]
   490/880: $0\rob[0][307:0] [306]
   491/880: $6$lookahead\free_list$4525[33:0]$5315
   492/880: $2$lookahead\free_list$4525[33:0]$5028 [31:0]
   493/880: $2$lookahead\rat_spec_valid$4524[31:0]$5027
   494/880: $2\i[31:0]
   495/880: $0\rob_count[1:0]
   496/880: $2$mem2reg_rd$\iq$./build_yosys/cpu_yosys.v:2164$3966_DATA[79:0]$5026
   497/880: $2$mem2reg_rd$\iq$./build_yosys/cpu_yosys.v:2164$3966_ADDR[0:0]$5025
   498/880: $2$mem2reg_rd$\iq$./build_yosys/cpu_yosys.v:2163$3965_DATA[79:0]$5024
   499/880: $2$mem2reg_rd$\iq$./build_yosys/cpu_yosys.v:2163$3965_ADDR[0:0]$5023
   500/880: $2$mem2reg_rd$\iq$./build_yosys/cpu_yosys.v:2162$3964_DATA[79:0]$5022
   501/880: $2$mem2reg_rd$\iq$./build_yosys/cpu_yosys.v:2162$3964_ADDR[0:0]$5021
   502/880: $2$mem2reg_rd$\iq$./build_yosys/cpu_yosys.v:2141$3963_DATA[79:0]$5020
   503/880: $2$mem2reg_rd$\iq$./build_yosys/cpu_yosys.v:2141$3963_ADDR[0:0]$5019
   504/880: $2$mem2reg_rd$\iq$./build_yosys/cpu_yosys.v:2140$3962_DATA[79:0]$5018
   505/880: $2$mem2reg_rd$\iq$./build_yosys/cpu_yosys.v:2140$3962_ADDR[0:0]$5017
   506/880: $2$mem2reg_rd$\iq$./build_yosys/cpu_yosys.v:2139$3961_DATA[79:0]$5016
   507/880: $2$mem2reg_rd$\iq$./build_yosys/cpu_yosys.v:2139$3961_ADDR[0:0]$5015
   508/880: $2$mem2reg_rd$\iq$./build_yosys/cpu_yosys.v:2139$3960_DATA[79:0]$5014
   509/880: $2$mem2reg_rd$\iq$./build_yosys/cpu_yosys.v:2139$3960_ADDR[0:0]$5013
   510/880: $2$mem2reg_rd$\rob$./build_yosys/cpu_yosys.v:2096$3959_DATA[307:0]$5012
   511/880: $2$mem2reg_rd$\rob$./build_yosys/cpu_yosys.v:2096$3959_ADDR[0:0]$5011
   512/880: $2$mem2reg_rd$\rob$./build_yosys/cpu_yosys.v:2204$3951_DATA[307:0]$5010
   513/880: $2$mem2reg_rd$\rob$./build_yosys/cpu_yosys.v:2204$3951_ADDR[0:0]$5009
   514/880: $2$mem2reg_rd$\rob$./build_yosys/cpu_yosys.v:2204$3950_DATA[307:0]$5008
   515/880: $2$mem2reg_rd$\rob$./build_yosys/cpu_yosys.v:2204$3950_ADDR[0:0]$5007
   516/880: $2$mem2reg_rd$\rob$./build_yosys/cpu_yosys.v:2190$3949_DATA[307:0]$5006
   517/880: $2$mem2reg_rd$\rob$./build_yosys/cpu_yosys.v:2190$3949_ADDR[0:0]$5005
   518/880: $2$mem2reg_rd$\rob$./build_yosys/cpu_yosys.v:2190$3948_DATA[307:0]$5004
   519/880: $2$mem2reg_rd$\rob$./build_yosys/cpu_yosys.v:2190$3948_ADDR[0:0]$5003
   520/880: $2$mem2reg_rd$\rob$./build_yosys/cpu_yosys.v:2204$3947_DATA[307:0]$5002
   521/880: $2$mem2reg_rd$\rob$./build_yosys/cpu_yosys.v:2204$3947_ADDR[0:0]$5001
   522/880: $2$mem2reg_rd$\rob$./build_yosys/cpu_yosys.v:2204$3946_DATA[307:0]$5000
   523/880: $2$mem2reg_rd$\rob$./build_yosys/cpu_yosys.v:2204$3946_ADDR[0:0]$4999
   524/880: $2$mem2reg_rd$\rob$./build_yosys/cpu_yosys.v:2190$3945_DATA[307:0]$4998
   525/880: $2$mem2reg_rd$\rob$./build_yosys/cpu_yosys.v:2190$3945_ADDR[0:0]$4997
   526/880: $2$mem2reg_rd$\rob$./build_yosys/cpu_yosys.v:2190$3944_DATA[307:0]$4996
   527/880: $2$mem2reg_rd$\rob$./build_yosys/cpu_yosys.v:2190$3944_ADDR[0:0]$4995
   528/880: $2$mem2reg_wr$\rob$./build_yosys/cpu_yosys.v:2178$3943_DATA[307:0]$4994
   529/880: $2$mem2reg_wr$\rob$./build_yosys/cpu_yosys.v:2178$3943_ADDR[0:0]$4993
   530/880: $2$mem2reg_wr$\rob$./build_yosys/cpu_yosys.v:2175$3942_DATA[307:0]$4992
   531/880: $2$mem2reg_wr$\rob$./build_yosys/cpu_yosys.v:2175$3942_ADDR[0:0]$4991
   532/880: $2$mem2reg_wr$\rob$./build_yosys/cpu_yosys.v:2174$3941_DATA[307:0]$4990
   533/880: $2$mem2reg_wr$\rob$./build_yosys/cpu_yosys.v:2174$3941_ADDR[0:0]$4989
   534/880: $2$mem2reg_rd$\rob$./build_yosys/cpu_yosys.v:2174$3940_DATA[307:0]$4988
   535/880: $2$mem2reg_rd$\rob$./build_yosys/cpu_yosys.v:2174$3940_ADDR[0:0]$4987
   536/880: $2$mem2reg_rd$\rob$./build_yosys/cpu_yosys.v:2174$3939_DATA[307:0]$4986
   537/880: $2$mem2reg_rd$\rob$./build_yosys/cpu_yosys.v:2174$3939_ADDR[0:0]$4985
   538/880: $2$mem2reg_wr$\rob$./build_yosys/cpu_yosys.v:2170$3938_DATA[307:0]$4984
   539/880: $2$mem2reg_wr$\rob$./build_yosys/cpu_yosys.v:2170$3938_ADDR[0:0]$4983
   540/880: $2$mem2reg_wr$\rob$./build_yosys/cpu_yosys.v:2169$3937_DATA[307:0]$4982
   541/880: $2$mem2reg_wr$\rob$./build_yosys/cpu_yosys.v:2169$3937_ADDR[0:0]$4981
   542/880: $2$mem2reg_rd$\iq$./build_yosys/cpu_yosys.v:2166$3936_DATA[79:0]$4980
   543/880: $2$mem2reg_rd$\iq$./build_yosys/cpu_yosys.v:2166$3936_ADDR[0:0]$4979
   544/880: $2$mem2reg_rd$\iq$./build_yosys/cpu_yosys.v:2165$3935_DATA[79:0]$4978
   545/880: $2$mem2reg_rd$\iq$./build_yosys/cpu_yosys.v:2165$3935_ADDR[0:0]$4977
   546/880: $2$mem2reg_rd$\rob$./build_yosys/cpu_yosys.v:2164$3934_DATA[307:0]$4976
   547/880: $2$mem2reg_rd$\rob$./build_yosys/cpu_yosys.v:2164$3934_ADDR[0:0]$4975
   548/880: $2$mem2reg_rd$\rob$./build_yosys/cpu_yosys.v:2163$3933_DATA[307:0]$4974
   549/880: $2$mem2reg_rd$\rob$./build_yosys/cpu_yosys.v:2163$3933_ADDR[0:0]$4973
   550/880: $2$mem2reg_rd$\rob$./build_yosys/cpu_yosys.v:2162$3932_DATA[307:0]$4972
   551/880: $2$mem2reg_rd$\rob$./build_yosys/cpu_yosys.v:2162$3932_ADDR[0:0]$4971
   552/880: $2$mem2reg_rd$\iq$./build_yosys/cpu_yosys.v:2161$3931_DATA[79:0]$4970
   553/880: $2$mem2reg_rd$\iq$./build_yosys/cpu_yosys.v:2161$3931_ADDR[0:0]$4969
   554/880: $2$mem2reg_wr$\iq$./build_yosys/cpu_yosys.v:2159$3930_DATA[79:0]$4968
   555/880: $2$mem2reg_wr$\iq$./build_yosys/cpu_yosys.v:2159$3930_ADDR[0:0]$4967
   556/880: $2$mem2reg_wr$\rob$./build_yosys/cpu_yosys.v:2156$3929_DATA[307:0]$4966
   557/880: $2$mem2reg_wr$\rob$./build_yosys/cpu_yosys.v:2156$3929_ADDR[0:0]$4965
   558/880: $2$mem2reg_wr$\rob$./build_yosys/cpu_yosys.v:2154$3928_DATA[307:0]$4964
   559/880: $2$mem2reg_wr$\rob$./build_yosys/cpu_yosys.v:2154$3928_ADDR[0:0]$4963
   560/880: $2$mem2reg_wr$\rob$./build_yosys/cpu_yosys.v:2153$3927_DATA[307:0]$4962
   561/880: $2$mem2reg_wr$\rob$./build_yosys/cpu_yosys.v:2153$3927_ADDR[0:0]$4961
   562/880: $2$mem2reg_wr$\rob$./build_yosys/cpu_yosys.v:2152$3926_DATA[307:0]$4960
   563/880: $2$mem2reg_wr$\rob$./build_yosys/cpu_yosys.v:2152$3926_ADDR[0:0]$4959
   564/880: $2$mem2reg_wr$\rob$./build_yosys/cpu_yosys.v:2151$3925_DATA[307:0]$4958
   565/880: $2$mem2reg_wr$\rob$./build_yosys/cpu_yosys.v:2151$3925_ADDR[0:0]$4957
   566/880: $2$mem2reg_wr$\rob$./build_yosys/cpu_yosys.v:2150$3924_DATA[307:0]$4956
   567/880: $2$mem2reg_wr$\rob$./build_yosys/cpu_yosys.v:2150$3924_ADDR[0:0]$4955
   568/880: $2$mem2reg_wr$\rob$./build_yosys/cpu_yosys.v:2148$3923_DATA[307:0]$4954
   569/880: $2$mem2reg_wr$\rob$./build_yosys/cpu_yosys.v:2148$3923_ADDR[0:0]$4953
   570/880: $2$mem2reg_rd$\iq$./build_yosys/cpu_yosys.v:2143$3922_DATA[79:0]$4952
   571/880: $2$mem2reg_rd$\iq$./build_yosys/cpu_yosys.v:2143$3922_ADDR[0:0]$4951
   572/880: $2$mem2reg_rd$\iq$./build_yosys/cpu_yosys.v:2142$3921_DATA[79:0]$4950
   573/880: $2$mem2reg_rd$\iq$./build_yosys/cpu_yosys.v:2142$3921_ADDR[0:0]$4949
   574/880: $2$mem2reg_rd$\rob$./build_yosys/cpu_yosys.v:2141$3920_DATA[307:0]$4948
   575/880: $2$mem2reg_rd$\rob$./build_yosys/cpu_yosys.v:2141$3920_ADDR[0:0]$4947
   576/880: $2$mem2reg_rd$\rob$./build_yosys/cpu_yosys.v:2140$3919_DATA[307:0]$4946
   577/880: $2$mem2reg_rd$\rob$./build_yosys/cpu_yosys.v:2140$3919_ADDR[0:0]$4945
   578/880: $2$mem2reg_rd$\rob$./build_yosys/cpu_yosys.v:2139$3918_DATA[307:0]$4944
   579/880: $2$mem2reg_rd$\rob$./build_yosys/cpu_yosys.v:2139$3918_ADDR[0:0]$4943
   580/880: $2$mem2reg_rd$\rob$./build_yosys/cpu_yosys.v:2139$3917_DATA[307:0]$4942
   581/880: $2$mem2reg_rd$\rob$./build_yosys/cpu_yosys.v:2139$3917_ADDR[0:0]$4941
   582/880: $2$mem2reg_rd$\iq$./build_yosys/cpu_yosys.v:2138$3916_DATA[79:0]$4940
   583/880: $2$mem2reg_rd$\iq$./build_yosys/cpu_yosys.v:2138$3916_ADDR[0:0]$4939
   584/880: $2$mem2reg_wr$\iq$./build_yosys/cpu_yosys.v:2136$3915_DATA[79:0]$4938
   585/880: $2$mem2reg_wr$\iq$./build_yosys/cpu_yosys.v:2136$3915_ADDR[0:0]$4937
   586/880: $2$mem2reg_wr$\rat_spec_slot$./build_yosys/cpu_yosys.v:2125$3914_DATA[0:0]$4936
   587/880: $2$mem2reg_wr$\rat_spec_slot$./build_yosys/cpu_yosys.v:2125$3914_ADDR[4:0]$4935
   588/880: $2$mem2reg_wr$\iq$./build_yosys/cpu_yosys.v:2122$3913_DATA[79:0]$4934
   589/880: $2$mem2reg_wr$\iq$./build_yosys/cpu_yosys.v:2122$3913_ADDR[0:0]$4933
   590/880: $2$mem2reg_wr$\iq$./build_yosys/cpu_yosys.v:2121$3912_DATA[79:0]$4932
   591/880: $2$mem2reg_wr$\iq$./build_yosys/cpu_yosys.v:2121$3912_ADDR[0:0]$4931
   592/880: $2$mem2reg_wr$\iq$./build_yosys/cpu_yosys.v:2120$3911_DATA[79:0]$4930
   593/880: $2$mem2reg_wr$\iq$./build_yosys/cpu_yosys.v:2120$3911_ADDR[0:0]$4929
   594/880: $2$mem2reg_wr$\iq$./build_yosys/cpu_yosys.v:2119$3910_DATA[79:0]$4928
   595/880: $2$mem2reg_wr$\iq$./build_yosys/cpu_yosys.v:2119$3910_ADDR[0:0]$4927
   596/880: $2$mem2reg_wr$\iq$./build_yosys/cpu_yosys.v:2118$3909_DATA[79:0]$4926
   597/880: $2$mem2reg_wr$\iq$./build_yosys/cpu_yosys.v:2118$3909_ADDR[0:0]$4925
   598/880: $2$mem2reg_wr$\iq$./build_yosys/cpu_yosys.v:2117$3908_DATA[79:0]$4924
   599/880: $2$mem2reg_wr$\iq$./build_yosys/cpu_yosys.v:2117$3908_ADDR[0:0]$4923
   600/880: $2$mem2reg_wr$\iq$./build_yosys/cpu_yosys.v:2116$3907_DATA[79:0]$4922
   601/880: $2$mem2reg_wr$\iq$./build_yosys/cpu_yosys.v:2116$3907_ADDR[0:0]$4921
   602/880: $2$mem2reg_wr$\iq$./build_yosys/cpu_yosys.v:2115$3906_DATA[79:0]$4920
   603/880: $2$mem2reg_wr$\iq$./build_yosys/cpu_yosys.v:2115$3906_ADDR[0:0]$4919
   604/880: $2$mem2reg_wr$\rob$./build_yosys/cpu_yosys.v:2114$3905_DATA[307:0]$4918
   605/880: $2$mem2reg_wr$\rob$./build_yosys/cpu_yosys.v:2114$3905_ADDR[0:0]$4917
   606/880: $2$mem2reg_wr$\rob$./build_yosys/cpu_yosys.v:2113$3904_DATA[307:0]$4916
   607/880: $2$mem2reg_wr$\rob$./build_yosys/cpu_yosys.v:2113$3904_ADDR[0:0]$4915
   608/880: $2$mem2reg_wr$\rob$./build_yosys/cpu_yosys.v:2112$3903_DATA[307:0]$4914
   609/880: $2$mem2reg_wr$\rob$./build_yosys/cpu_yosys.v:2112$3903_ADDR[0:0]$4913
   610/880: $2$mem2reg_wr$\rob$./build_yosys/cpu_yosys.v:2111$3902_DATA[307:0]$4912
   611/880: $2$mem2reg_wr$\rob$./build_yosys/cpu_yosys.v:2111$3902_ADDR[0:0]$4911
   612/880: $2$mem2reg_wr$\rob$./build_yosys/cpu_yosys.v:2110$3901_DATA[307:0]$4910
   613/880: $2$mem2reg_wr$\rob$./build_yosys/cpu_yosys.v:2110$3901_ADDR[0:0]$4909
   614/880: $2$mem2reg_wr$\rob$./build_yosys/cpu_yosys.v:2109$3900_DATA[307:0]$4908
   615/880: $2$mem2reg_wr$\rob$./build_yosys/cpu_yosys.v:2109$3900_ADDR[0:0]$4907
   616/880: $2$mem2reg_wr$\rob$./build_yosys/cpu_yosys.v:2108$3899_DATA[307:0]$4906
   617/880: $2$mem2reg_wr$\rob$./build_yosys/cpu_yosys.v:2108$3899_ADDR[0:0]$4905
   618/880: $2$mem2reg_wr$\rob$./build_yosys/cpu_yosys.v:2107$3898_DATA[307:0]$4904
   619/880: $2$mem2reg_wr$\rob$./build_yosys/cpu_yosys.v:2107$3898_ADDR[0:0]$4903
   620/880: $2$mem2reg_wr$\rob$./build_yosys/cpu_yosys.v:2106$3897_DATA[307:0]$4902
   621/880: $2$mem2reg_wr$\rob$./build_yosys/cpu_yosys.v:2106$3897_ADDR[0:0]$4901
   622/880: $2$mem2reg_wr$\rob$./build_yosys/cpu_yosys.v:2105$3896_DATA[307:0]$4900
   623/880: $2$mem2reg_wr$\rob$./build_yosys/cpu_yosys.v:2105$3896_ADDR[0:0]$4899
   624/880: $2$mem2reg_wr$\rob$./build_yosys/cpu_yosys.v:2104$3895_DATA[307:0]$4898
   625/880: $2$mem2reg_wr$\rob$./build_yosys/cpu_yosys.v:2104$3895_ADDR[0:0]$4897
   626/880: $2$mem2reg_wr$\rob$./build_yosys/cpu_yosys.v:2103$3894_DATA[307:0]$4896
   627/880: $2$mem2reg_wr$\rob$./build_yosys/cpu_yosys.v:2103$3894_ADDR[0:0]$4895
   628/880: $2$mem2reg_rd$\rob$./build_yosys/cpu_yosys.v:2098$3893_DATA[307:0]$4894
   629/880: $2$mem2reg_rd$\rob$./build_yosys/cpu_yosys.v:2098$3893_ADDR[0:0]$4893
   630/880: $2$mem2reg_rd$\rob$./build_yosys/cpu_yosys.v:2097$3892_DATA[307:0]$4892
   631/880: $2$mem2reg_rd$\rob$./build_yosys/cpu_yosys.v:2097$3892_ADDR[0:0]$4891
   632/880: $2$mem2reg_rd$\rob$./build_yosys/cpu_yosys.v:2096$3891_DATA[307:0]$4890
   633/880: $2$mem2reg_rd$\rob$./build_yosys/cpu_yosys.v:2096$3891_ADDR[0:0]$4889
   634/880: $2$mem2reg_rd$\rat_spec_slot$./build_yosys/cpu_yosys.v:2096$3890_DATA[0:0]$4888
   635/880: $2$mem2reg_rd$\rat_spec_slot$./build_yosys/cpu_yosys.v:2096$3890_ADDR[4:0]$4887
   636/880: $2$mem2reg_rd$\rob$./build_yosys/cpu_yosys.v:2096$3889_DATA[307:0]$4886
   637/880: $2$mem2reg_rd$\rob$./build_yosys/cpu_yosys.v:2096$3889_ADDR[0:0]$4885
   638/880: $2$mem2reg_rd$\rob$./build_yosys/cpu_yosys.v:2095$3888_DATA[307:0]$4884
   639/880: $2$mem2reg_rd$\rob$./build_yosys/cpu_yosys.v:2095$3888_ADDR[0:0]$4883
   640/880: $2$mem2reg_rd$\rob$./build_yosys/cpu_yosys.v:2095$3887_DATA[307:0]$4882
   641/880: $2$mem2reg_rd$\rob$./build_yosys/cpu_yosys.v:2095$3887_ADDR[0:0]$4881
   642/880: $2$mem2reg_wr$\rob$./build_yosys/cpu_yosys.v:2094$3886_DATA[307:0]$4880
   643/880: $2$mem2reg_wr$\rob$./build_yosys/cpu_yosys.v:2094$3886_ADDR[0:0]$4879
   644/880: $2\load_result$func$./build_yosys/cpu_yosys.v:2174$3821.half_data[15:0]$4878
   645/880: $2\load_result$func$./build_yosys/cpu_yosys.v:2174$3821.byte_data[7:0]$4877
   646/880: $2\load_result$func$./build_yosys/cpu_yosys.v:2174$3821.funct3[2:0]$4876
   647/880: $2\load_result$func$./build_yosys/cpu_yosys.v:2174$3821.low2[1:0]$4875
   648/880: $2\load_result$func$./build_yosys/cpu_yosys.v:2174$3821.raw_data[31:0]$4874
   649/880: $2\load_result$func$./build_yosys/cpu_yosys.v:2174$3821.$result[31:0]$4873
   650/880: $2\branch_exec$func$./build_yosys/cpu_yosys.v:2152$3820.data2[31:0]$4872
   651/880: $2\branch_exec$func$./build_yosys/cpu_yosys.v:2152$3820.data1[31:0]$4871
   652/880: $2\branch_exec$func$./build_yosys/cpu_yosys.v:2152$3820.funct3[2:0]$4870
   653/880: $2\branch_exec$func$./build_yosys/cpu_yosys.v:2152$3820.pc_sel[1:0]$4869
   654/880: $2\branch_exec$func$./build_yosys/cpu_yosys.v:2152$3820.$result[0:0]$4868
   655/880: $2$bitselwrite$pos$./build_yosys/cpu_yosys.v:2126$3819[5:0]$4867
   656/880: $2$bitselwrite$pos$./build_yosys/cpu_yosys.v:2124$3818[4:0]$4866
   657/880: $2\serializing_instruction$func$./build_yosys/cpu_yosys.v:2106$3817.ctrl[129:0]$4865
   658/880: $2\serializing_instruction$func$./build_yosys/cpu_yosys.v:2106$3817.$result[0:0]$4864
   659/880: $2$bitselwrite$pos$./build_yosys/cpu_yosys.v:2098$3816[5:0]$4863
   660/880: $2$bitselwrite$pos$./build_yosys/cpu_yosys.v:2097$3815[4:0]$4862
   661/880: $1$lookahead\free_list$4525[33:0]$4861
   662/880: $1$lookahead\rat_spec_valid$4524[31:0]$4860
   663/880: $1$mem2reg_rd$\iq$./build_yosys/cpu_yosys.v:2164$3966_DATA[79:0]$4859
   664/880: $1$mem2reg_rd$\iq$./build_yosys/cpu_yosys.v:2164$3966_ADDR[0:0]$4858
   665/880: $1$mem2reg_rd$\iq$./build_yosys/cpu_yosys.v:2163$3965_DATA[79:0]$4857
   666/880: $1$mem2reg_rd$\iq$./build_yosys/cpu_yosys.v:2163$3965_ADDR[0:0]$4856
   667/880: $1$mem2reg_rd$\iq$./build_yosys/cpu_yosys.v:2162$3964_DATA[79:0]$4855
   668/880: $1$mem2reg_rd$\iq$./build_yosys/cpu_yosys.v:2162$3964_ADDR[0:0]$4854
   669/880: $1$mem2reg_rd$\iq$./build_yosys/cpu_yosys.v:2141$3963_DATA[79:0]$4853
   670/880: $1$mem2reg_rd$\iq$./build_yosys/cpu_yosys.v:2141$3963_ADDR[0:0]$4852
   671/880: $1$mem2reg_rd$\iq$./build_yosys/cpu_yosys.v:2140$3962_DATA[79:0]$4851
   672/880: $1$mem2reg_rd$\iq$./build_yosys/cpu_yosys.v:2140$3962_ADDR[0:0]$4850
   673/880: $1$mem2reg_rd$\iq$./build_yosys/cpu_yosys.v:2139$3961_DATA[79:0]$4849
   674/880: $1$mem2reg_rd$\iq$./build_yosys/cpu_yosys.v:2139$3961_ADDR[0:0]$4848
   675/880: $1$mem2reg_rd$\iq$./build_yosys/cpu_yosys.v:2139$3960_DATA[79:0]$4847
   676/880: $1$mem2reg_rd$\iq$./build_yosys/cpu_yosys.v:2139$3960_ADDR[0:0]$4846
   677/880: $1$mem2reg_rd$\rob$./build_yosys/cpu_yosys.v:2096$3959_DATA[307:0]$4845
   678/880: $1$mem2reg_rd$\rob$./build_yosys/cpu_yosys.v:2096$3959_ADDR[0:0]$4844
   679/880: $1$mem2reg_rd$\rob$./build_yosys/cpu_yosys.v:2204$3951_DATA[307:0]$4843
   680/880: $1$mem2reg_rd$\rob$./build_yosys/cpu_yosys.v:2204$3951_ADDR[0:0]$4842
   681/880: $1$mem2reg_rd$\rob$./build_yosys/cpu_yosys.v:2204$3950_DATA[307:0]$4841
   682/880: $1$mem2reg_rd$\rob$./build_yosys/cpu_yosys.v:2204$3950_ADDR[0:0]$4840
   683/880: $1$mem2reg_rd$\rob$./build_yosys/cpu_yosys.v:2190$3949_DATA[307:0]$4839
   684/880: $1$mem2reg_rd$\rob$./build_yosys/cpu_yosys.v:2190$3949_ADDR[0:0]$4838
   685/880: $1$mem2reg_rd$\rob$./build_yosys/cpu_yosys.v:2190$3948_DATA[307:0]$4837
   686/880: $1$mem2reg_rd$\rob$./build_yosys/cpu_yosys.v:2190$3948_ADDR[0:0]$4836
   687/880: $1$mem2reg_rd$\rob$./build_yosys/cpu_yosys.v:2204$3947_DATA[307:0]$4835
   688/880: $1$mem2reg_rd$\rob$./build_yosys/cpu_yosys.v:2204$3947_ADDR[0:0]$4834
   689/880: $1$mem2reg_rd$\rob$./build_yosys/cpu_yosys.v:2204$3946_DATA[307:0]$4833
   690/880: $1$mem2reg_rd$\rob$./build_yosys/cpu_yosys.v:2204$3946_ADDR[0:0]$4832
   691/880: $1$mem2reg_rd$\rob$./build_yosys/cpu_yosys.v:2190$3945_DATA[307:0]$4831
   692/880: $1$mem2reg_rd$\rob$./build_yosys/cpu_yosys.v:2190$3945_ADDR[0:0]$4830
   693/880: $1$mem2reg_rd$\rob$./build_yosys/cpu_yosys.v:2190$3944_DATA[307:0]$4829
   694/880: $1$mem2reg_rd$\rob$./build_yosys/cpu_yosys.v:2190$3944_ADDR[0:0]$4828
   695/880: $1$mem2reg_wr$\rob$./build_yosys/cpu_yosys.v:2178$3943_DATA[307:0]$4827
   696/880: $1$mem2reg_wr$\rob$./build_yosys/cpu_yosys.v:2178$3943_ADDR[0:0]$4826
   697/880: $1$mem2reg_wr$\rob$./build_yosys/cpu_yosys.v:2175$3942_DATA[307:0]$4825
   698/880: $1$mem2reg_wr$\rob$./build_yosys/cpu_yosys.v:2175$3942_ADDR[0:0]$4824
   699/880: $1$mem2reg_wr$\rob$./build_yosys/cpu_yosys.v:2174$3941_DATA[307:0]$4823
   700/880: $1$mem2reg_wr$\rob$./build_yosys/cpu_yosys.v:2174$3941_ADDR[0:0]$4822
   701/880: $1$mem2reg_rd$\rob$./build_yosys/cpu_yosys.v:2174$3940_DATA[307:0]$4821
   702/880: $1$mem2reg_rd$\rob$./build_yosys/cpu_yosys.v:2174$3940_ADDR[0:0]$4820
   703/880: $1$mem2reg_rd$\rob$./build_yosys/cpu_yosys.v:2174$3939_DATA[307:0]$4819
   704/880: $1$mem2reg_rd$\rob$./build_yosys/cpu_yosys.v:2174$3939_ADDR[0:0]$4818
   705/880: $1$mem2reg_wr$\rob$./build_yosys/cpu_yosys.v:2170$3938_DATA[307:0]$4817
   706/880: $1$mem2reg_wr$\rob$./build_yosys/cpu_yosys.v:2170$3938_ADDR[0:0]$4816
   707/880: $1$mem2reg_wr$\rob$./build_yosys/cpu_yosys.v:2169$3937_DATA[307:0]$4815
   708/880: $1$mem2reg_wr$\rob$./build_yosys/cpu_yosys.v:2169$3937_ADDR[0:0]$4814
   709/880: $1$mem2reg_rd$\iq$./build_yosys/cpu_yosys.v:2166$3936_DATA[79:0]$4813
   710/880: $1$mem2reg_rd$\iq$./build_yosys/cpu_yosys.v:2166$3936_ADDR[0:0]$4812
   711/880: $1$mem2reg_rd$\iq$./build_yosys/cpu_yosys.v:2165$3935_DATA[79:0]$4811
   712/880: $1$mem2reg_rd$\iq$./build_yosys/cpu_yosys.v:2165$3935_ADDR[0:0]$4810
   713/880: $1$mem2reg_rd$\rob$./build_yosys/cpu_yosys.v:2164$3934_DATA[307:0]$4809
   714/880: $1$mem2reg_rd$\rob$./build_yosys/cpu_yosys.v:2164$3934_ADDR[0:0]$4808
   715/880: $1$mem2reg_rd$\rob$./build_yosys/cpu_yosys.v:2163$3933_DATA[307:0]$4807
   716/880: $1$mem2reg_rd$\rob$./build_yosys/cpu_yosys.v:2163$3933_ADDR[0:0]$4806
   717/880: $1$mem2reg_rd$\rob$./build_yosys/cpu_yosys.v:2162$3932_DATA[307:0]$4805
   718/880: $1$mem2reg_rd$\rob$./build_yosys/cpu_yosys.v:2162$3932_ADDR[0:0]$4804
   719/880: $1$mem2reg_rd$\iq$./build_yosys/cpu_yosys.v:2161$3931_DATA[79:0]$4803
   720/880: $1$mem2reg_rd$\iq$./build_yosys/cpu_yosys.v:2161$3931_ADDR[0:0]$4802
   721/880: $1$mem2reg_wr$\iq$./build_yosys/cpu_yosys.v:2159$3930_DATA[79:0]$4801
   722/880: $1$mem2reg_wr$\iq$./build_yosys/cpu_yosys.v:2159$3930_ADDR[0:0]$4800
   723/880: $1$mem2reg_wr$\rob$./build_yosys/cpu_yosys.v:2156$3929_DATA[307:0]$4799
   724/880: $1$mem2reg_wr$\rob$./build_yosys/cpu_yosys.v:2156$3929_ADDR[0:0]$4798
   725/880: $1$mem2reg_wr$\rob$./build_yosys/cpu_yosys.v:2154$3928_DATA[307:0]$4797
   726/880: $1$mem2reg_wr$\rob$./build_yosys/cpu_yosys.v:2154$3928_ADDR[0:0]$4796
   727/880: $1$mem2reg_wr$\rob$./build_yosys/cpu_yosys.v:2153$3927_DATA[307:0]$4795
   728/880: $1$mem2reg_wr$\rob$./build_yosys/cpu_yosys.v:2153$3927_ADDR[0:0]$4794
   729/880: $1$mem2reg_wr$\rob$./build_yosys/cpu_yosys.v:2152$3926_DATA[307:0]$4793
   730/880: $1$mem2reg_wr$\rob$./build_yosys/cpu_yosys.v:2152$3926_ADDR[0:0]$4792
   731/880: $1$mem2reg_wr$\rob$./build_yosys/cpu_yosys.v:2151$3925_DATA[307:0]$4791
   732/880: $1$mem2reg_wr$\rob$./build_yosys/cpu_yosys.v:2151$3925_ADDR[0:0]$4790
   733/880: $1$mem2reg_wr$\rob$./build_yosys/cpu_yosys.v:2150$3924_DATA[307:0]$4789
   734/880: $1$mem2reg_wr$\rob$./build_yosys/cpu_yosys.v:2150$3924_ADDR[0:0]$4788
   735/880: $1$mem2reg_wr$\rob$./build_yosys/cpu_yosys.v:2148$3923_DATA[307:0]$4787
   736/880: $1$mem2reg_wr$\rob$./build_yosys/cpu_yosys.v:2148$3923_ADDR[0:0]$4786
   737/880: $1$mem2reg_rd$\iq$./build_yosys/cpu_yosys.v:2143$3922_DATA[79:0]$4785
   738/880: $1$mem2reg_rd$\iq$./build_yosys/cpu_yosys.v:2143$3922_ADDR[0:0]$4784
   739/880: $1$mem2reg_rd$\iq$./build_yosys/cpu_yosys.v:2142$3921_DATA[79:0]$4783
   740/880: $1$mem2reg_rd$\iq$./build_yosys/cpu_yosys.v:2142$3921_ADDR[0:0]$4782
   741/880: $1$mem2reg_rd$\rob$./build_yosys/cpu_yosys.v:2141$3920_DATA[307:0]$4781
   742/880: $1$mem2reg_rd$\rob$./build_yosys/cpu_yosys.v:2141$3920_ADDR[0:0]$4780
   743/880: $1$mem2reg_rd$\rob$./build_yosys/cpu_yosys.v:2140$3919_DATA[307:0]$4779
   744/880: $1$mem2reg_rd$\rob$./build_yosys/cpu_yosys.v:2140$3919_ADDR[0:0]$4778
   745/880: $1$mem2reg_rd$\rob$./build_yosys/cpu_yosys.v:2139$3918_DATA[307:0]$4777
   746/880: $1$mem2reg_rd$\rob$./build_yosys/cpu_yosys.v:2139$3918_ADDR[0:0]$4776
   747/880: $1$mem2reg_rd$\rob$./build_yosys/cpu_yosys.v:2139$3917_DATA[307:0]$4775
   748/880: $1$mem2reg_rd$\rob$./build_yosys/cpu_yosys.v:2139$3917_ADDR[0:0]$4774
   749/880: $1$mem2reg_rd$\iq$./build_yosys/cpu_yosys.v:2138$3916_DATA[79:0]$4773
   750/880: $1$mem2reg_rd$\iq$./build_yosys/cpu_yosys.v:2138$3916_ADDR[0:0]$4772
   751/880: $1$mem2reg_wr$\iq$./build_yosys/cpu_yosys.v:2136$3915_DATA[79:0]$4771
   752/880: $1$mem2reg_wr$\iq$./build_yosys/cpu_yosys.v:2136$3915_ADDR[0:0]$4770
   753/880: $1$mem2reg_wr$\rat_spec_slot$./build_yosys/cpu_yosys.v:2125$3914_DATA[0:0]$4769
   754/880: $1$mem2reg_wr$\rat_spec_slot$./build_yosys/cpu_yosys.v:2125$3914_ADDR[4:0]$4768
   755/880: $1$mem2reg_wr$\iq$./build_yosys/cpu_yosys.v:2122$3913_DATA[79:0]$4767
   756/880: $1$mem2reg_wr$\iq$./build_yosys/cpu_yosys.v:2122$3913_ADDR[0:0]$4766
   757/880: $1$mem2reg_wr$\iq$./build_yosys/cpu_yosys.v:2121$3912_DATA[79:0]$4765
   758/880: $1$mem2reg_wr$\iq$./build_yosys/cpu_yosys.v:2121$3912_ADDR[0:0]$4764
   759/880: $1$mem2reg_wr$\iq$./build_yosys/cpu_yosys.v:2120$3911_DATA[79:0]$4763
   760/880: $1$mem2reg_wr$\iq$./build_yosys/cpu_yosys.v:2120$3911_ADDR[0:0]$4762
   761/880: $1$mem2reg_wr$\iq$./build_yosys/cpu_yosys.v:2119$3910_DATA[79:0]$4761
   762/880: $1$mem2reg_wr$\iq$./build_yosys/cpu_yosys.v:2119$3910_ADDR[0:0]$4760
   763/880: $1$mem2reg_wr$\iq$./build_yosys/cpu_yosys.v:2118$3909_DATA[79:0]$4759
   764/880: $1$mem2reg_wr$\iq$./build_yosys/cpu_yosys.v:2118$3909_ADDR[0:0]$4758
   765/880: $1$mem2reg_wr$\iq$./build_yosys/cpu_yosys.v:2117$3908_DATA[79:0]$4757
   766/880: $1$mem2reg_wr$\iq$./build_yosys/cpu_yosys.v:2117$3908_ADDR[0:0]$4756
   767/880: $1$mem2reg_wr$\iq$./build_yosys/cpu_yosys.v:2116$3907_DATA[79:0]$4755
   768/880: $1$mem2reg_wr$\iq$./build_yosys/cpu_yosys.v:2116$3907_ADDR[0:0]$4754
   769/880: $1$mem2reg_wr$\iq$./build_yosys/cpu_yosys.v:2115$3906_DATA[79:0]$4753
   770/880: $1$mem2reg_wr$\iq$./build_yosys/cpu_yosys.v:2115$3906_ADDR[0:0]$4752
   771/880: $1$mem2reg_wr$\rob$./build_yosys/cpu_yosys.v:2114$3905_DATA[307:0]$4751
   772/880: $1$mem2reg_wr$\rob$./build_yosys/cpu_yosys.v:2114$3905_ADDR[0:0]$4750
   773/880: $1$mem2reg_wr$\rob$./build_yosys/cpu_yosys.v:2113$3904_DATA[307:0]$4749
   774/880: $1$mem2reg_wr$\rob$./build_yosys/cpu_yosys.v:2113$3904_ADDR[0:0]$4748
   775/880: $1$mem2reg_wr$\rob$./build_yosys/cpu_yosys.v:2112$3903_DATA[307:0]$4747
   776/880: $1$mem2reg_wr$\rob$./build_yosys/cpu_yosys.v:2112$3903_ADDR[0:0]$4746
   777/880: $1$mem2reg_wr$\rob$./build_yosys/cpu_yosys.v:2111$3902_DATA[307:0]$4745
   778/880: $1$mem2reg_wr$\rob$./build_yosys/cpu_yosys.v:2111$3902_ADDR[0:0]$4744
   779/880: $1$mem2reg_wr$\rob$./build_yosys/cpu_yosys.v:2110$3901_DATA[307:0]$4743
   780/880: $1$mem2reg_wr$\rob$./build_yosys/cpu_yosys.v:2110$3901_ADDR[0:0]$4742
   781/880: $1$mem2reg_wr$\rob$./build_yosys/cpu_yosys.v:2109$3900_DATA[307:0]$4741
   782/880: $1$mem2reg_wr$\rob$./build_yosys/cpu_yosys.v:2109$3900_ADDR[0:0]$4740
   783/880: $1$mem2reg_wr$\rob$./build_yosys/cpu_yosys.v:2108$3899_DATA[307:0]$4739
   784/880: $1$mem2reg_wr$\rob$./build_yosys/cpu_yosys.v:2108$3899_ADDR[0:0]$4738
   785/880: $1$mem2reg_wr$\rob$./build_yosys/cpu_yosys.v:2107$3898_DATA[307:0]$4737
   786/880: $1$mem2reg_wr$\rob$./build_yosys/cpu_yosys.v:2107$3898_ADDR[0:0]$4736
   787/880: $1$mem2reg_wr$\rob$./build_yosys/cpu_yosys.v:2106$3897_DATA[307:0]$4735
   788/880: $1$mem2reg_wr$\rob$./build_yosys/cpu_yosys.v:2106$3897_ADDR[0:0]$4734
   789/880: $1$mem2reg_wr$\rob$./build_yosys/cpu_yosys.v:2105$3896_DATA[307:0]$4733
   790/880: $1$mem2reg_wr$\rob$./build_yosys/cpu_yosys.v:2105$3896_ADDR[0:0]$4732
   791/880: $1$mem2reg_wr$\rob$./build_yosys/cpu_yosys.v:2104$3895_DATA[307:0]$4731
   792/880: $1$mem2reg_wr$\rob$./build_yosys/cpu_yosys.v:2104$3895_ADDR[0:0]$4730
   793/880: $1$mem2reg_wr$\rob$./build_yosys/cpu_yosys.v:2103$3894_DATA[307:0]$4729
   794/880: $1$mem2reg_wr$\rob$./build_yosys/cpu_yosys.v:2103$3894_ADDR[0:0]$4728
   795/880: $1$mem2reg_rd$\rob$./build_yosys/cpu_yosys.v:2098$3893_DATA[307:0]$4727
   796/880: $1$mem2reg_rd$\rob$./build_yosys/cpu_yosys.v:2098$3893_ADDR[0:0]$4726
   797/880: $1$mem2reg_rd$\rob$./build_yosys/cpu_yosys.v:2097$3892_DATA[307:0]$4725
   798/880: $1$mem2reg_rd$\rob$./build_yosys/cpu_yosys.v:2097$3892_ADDR[0:0]$4724
   799/880: $1$mem2reg_rd$\rob$./build_yosys/cpu_yosys.v:2096$3891_DATA[307:0]$4723
   800/880: $1$mem2reg_rd$\rob$./build_yosys/cpu_yosys.v:2096$3891_ADDR[0:0]$4722
   801/880: $1$mem2reg_rd$\rat_spec_slot$./build_yosys/cpu_yosys.v:2096$3890_DATA[0:0]$4721
   802/880: $1$mem2reg_rd$\rat_spec_slot$./build_yosys/cpu_yosys.v:2096$3890_ADDR[4:0]$4720
   803/880: $1$mem2reg_rd$\rob$./build_yosys/cpu_yosys.v:2096$3889_DATA[307:0]$4719
   804/880: $1$mem2reg_rd$\rob$./build_yosys/cpu_yosys.v:2096$3889_ADDR[0:0]$4718
   805/880: $1$mem2reg_rd$\rob$./build_yosys/cpu_yosys.v:2095$3888_DATA[307:0]$4717
   806/880: $1$mem2reg_rd$\rob$./build_yosys/cpu_yosys.v:2095$3888_ADDR[0:0]$4716
   807/880: $1$mem2reg_rd$\rob$./build_yosys/cpu_yosys.v:2095$3887_DATA[307:0]$4715
   808/880: $1$mem2reg_rd$\rob$./build_yosys/cpu_yosys.v:2095$3887_ADDR[0:0]$4714
   809/880: $1$mem2reg_wr$\rob$./build_yosys/cpu_yosys.v:2094$3886_DATA[307:0]$4713
   810/880: $1$mem2reg_wr$\rob$./build_yosys/cpu_yosys.v:2094$3886_ADDR[0:0]$4712
   811/880: $1\load_result$func$./build_yosys/cpu_yosys.v:2174$3821.half_data[15:0]$4711
   812/880: $1\load_result$func$./build_yosys/cpu_yosys.v:2174$3821.byte_data[7:0]$4710
   813/880: $1\load_result$func$./build_yosys/cpu_yosys.v:2174$3821.funct3[2:0]$4709
   814/880: $1\load_result$func$./build_yosys/cpu_yosys.v:2174$3821.low2[1:0]$4708
   815/880: $1\load_result$func$./build_yosys/cpu_yosys.v:2174$3821.raw_data[31:0]$4707
   816/880: $1\load_result$func$./build_yosys/cpu_yosys.v:2174$3821.$result[31:0]$4706
   817/880: $1\branch_exec$func$./build_yosys/cpu_yosys.v:2152$3820.data2[31:0]$4705
   818/880: $1\branch_exec$func$./build_yosys/cpu_yosys.v:2152$3820.data1[31:0]$4704
   819/880: $1\branch_exec$func$./build_yosys/cpu_yosys.v:2152$3820.funct3[2:0]$4703
   820/880: $1\branch_exec$func$./build_yosys/cpu_yosys.v:2152$3820.pc_sel[1:0]$4702
   821/880: $1\branch_exec$func$./build_yosys/cpu_yosys.v:2152$3820.$result[0:0]$4701
   822/880: $1$bitselwrite$pos$./build_yosys/cpu_yosys.v:2126$3819[5:0]$4700
   823/880: $1$bitselwrite$pos$./build_yosys/cpu_yosys.v:2124$3818[4:0]$4699
   824/880: $1\serializing_instruction$func$./build_yosys/cpu_yosys.v:2106$3817.ctrl[129:0]$4698
   825/880: $1\serializing_instruction$func$./build_yosys/cpu_yosys.v:2106$3817.$result[0:0]$4697
   826/880: $1$bitselwrite$pos$./build_yosys/cpu_yosys.v:2098$3816[5:0]$4696
   827/880: $1$bitselwrite$pos$./build_yosys/cpu_yosys.v:2097$3815[4:0]$4695
   828/880: $1\i[31:0]
   829/880: $0\rat_spec_slot[31][0:0]
   830/880: $0\rat_spec_slot[30][0:0]
   831/880: $0\rat_spec_slot[29][0:0]
   832/880: $0\rat_spec_slot[28][0:0]
   833/880: $0\rat_spec_slot[27][0:0]
   834/880: $0\rat_spec_slot[26][0:0]
   835/880: $0\rat_spec_slot[25][0:0]
   836/880: $0\rat_spec_slot[24][0:0]
   837/880: $0\rat_spec_slot[23][0:0]
   838/880: $0\rat_spec_slot[22][0:0]
   839/880: $0\rat_spec_slot[21][0:0]
   840/880: $0\rat_spec_slot[20][0:0]
   841/880: $0\rat_spec_slot[19][0:0]
   842/880: $0\rat_spec_slot[18][0:0]
   843/880: $0\rat_spec_slot[17][0:0]
   844/880: $0\rat_spec_slot[16][0:0]
   845/880: $0\rat_spec_slot[15][0:0]
   846/880: $0\rat_spec_slot[14][0:0]
   847/880: $0\rat_spec_slot[13][0:0]
   848/880: $0\rat_spec_slot[12][0:0]
   849/880: $0\rat_spec_slot[11][0:0]
   850/880: $0\rat_spec_slot[10][0:0]
   851/880: $0\rat_spec_slot[9][0:0]
   852/880: $0\rat_spec_slot[8][0:0]
   853/880: $0\rat_spec_slot[7][0:0]
   854/880: $0\rat_spec_slot[6][0:0]
   855/880: $0\rat_spec_slot[5][0:0]
   856/880: $0\rat_spec_slot[4][0:0]
   857/880: $0\rat_spec_slot[3][0:0]
   858/880: $0\rat_spec_slot[2][0:0]
   859/880: $0\rat_spec_slot[1][0:0]
   860/880: $0\rat_spec_slot[0][0:0]
   861/880: $0\iq[0][79:0] [79]
   862/880: $0\rob[1][307:0] [307]
   863/880: $0\rob[0][307:0] [307]
   864/880: $2$lookahead\free_list$4525[33:0]$5028 [32]
   865/880: $0\md_active_src2[31:0]
   866/880: $0\md_active_src1[31:0]
   867/880: $0\md_active_ctrl[129:0]
   868/880: $0\md_active_dest_valid[0:0]
   869/880: $0\md_active_dest_phys[5:0]
   870/880: $0\md_active_rob_tag[0:0]
   871/880: $0\md_active[0:0]
   872/880: $0\alu_active_src2[31:0]
   873/880: $0\alu_active_src1[31:0]
   874/880: $0\alu_active_ctrl[129:0]
   875/880: $0\alu_active_dest_valid[0:0]
   876/880: $0\alu_active_dest_phys[5:0]
   877/880: $0\alu_active_rob_tag[0:0]
   878/880: $0\alu_active[0:0]
   879/880: $0\rob_tail[0:0]
   880/880: $0\rob_head[0:0]
Creating decoders for process `\PSC_InstructionUnit.$proc$./build_yosys/cpu_yosys.v:2008$4433'.
     1/71: $7$mem2reg_rd$\rob$./build_yosys/cpu_yosys.v:2031$3885_DATA[307:0]$4523
     2/71: $6$mem2reg_rd$\rob$./build_yosys/cpu_yosys.v:2031$3885_DATA[307:0]$4522
     3/71: $6$mem2reg_rd$\rob$./build_yosys/cpu_yosys.v:2031$3885_ADDR[0:0]$4521
     4/71: $6$mem2reg_rd$\rob$./build_yosys/cpu_yosys.v:2030$3884_DATA[307:0]$4518
     5/71: $7$mem2reg_rd$\rob$./build_yosys/cpu_yosys.v:2029$3883_DATA[307:0]$4517
     6/71: $6$mem2reg_rd$\rob$./build_yosys/cpu_yosys.v:2029$3883_DATA[307:0]$4516
     7/71: $6$mem2reg_rd$\rob$./build_yosys/cpu_yosys.v:2029$3883_ADDR[0:0]$4515
     8/71: $6$mem2reg_rd$\rob$./build_yosys/cpu_yosys.v:2028$3882_DATA[307:0]$4512
     9/71: $5$mem2reg_rd$\rob$./build_yosys/cpu_yosys.v:2031$3885_DATA[307:0]$4511
    10/71: $5$mem2reg_rd$\rob$./build_yosys/cpu_yosys.v:2031$3885_ADDR[0:0]$4510
    11/71: $5$mem2reg_rd$\rob$./build_yosys/cpu_yosys.v:2030$3884_DATA[307:0]$4509
    12/71: $5$mem2reg_rd$\rob$./build_yosys/cpu_yosys.v:2030$3884_ADDR[0:0]$4508
    13/71: $5$mem2reg_rd$\rob$./build_yosys/cpu_yosys.v:2029$3883_DATA[307:0]$4507
    14/71: $5$mem2reg_rd$\rob$./build_yosys/cpu_yosys.v:2029$3883_ADDR[0:0]$4506
    15/71: $5$mem2reg_rd$\rob$./build_yosys/cpu_yosys.v:2028$3882_DATA[307:0]$4505
    16/71: $5$mem2reg_rd$\rob$./build_yosys/cpu_yosys.v:2028$3882_ADDR[0:0]$4504
    17/71: $5$mem2reg_rd$\rob$./build_yosys/cpu_yosys.v:2027$3881_DATA[307:0]$4500
    18/71: $5$mem2reg_rd$\rob$./build_yosys/cpu_yosys.v:2027$3880_DATA[307:0]$4499
    19/71: $4$mem2reg_rd$\rob$./build_yosys/cpu_yosys.v:2031$3885_DATA[307:0]$4498
    20/71: $4$mem2reg_rd$\rob$./build_yosys/cpu_yosys.v:2031$3885_ADDR[0:0]$4497
    21/71: $4$mem2reg_rd$\rob$./build_yosys/cpu_yosys.v:2030$3884_DATA[307:0]$4496
    22/71: $4$mem2reg_rd$\rob$./build_yosys/cpu_yosys.v:2030$3884_ADDR[0:0]$4495
    23/71: $4$mem2reg_rd$\rob$./build_yosys/cpu_yosys.v:2029$3883_DATA[307:0]$4494
    24/71: $4$mem2reg_rd$\rob$./build_yosys/cpu_yosys.v:2029$3883_ADDR[0:0]$4493
    25/71: $4$mem2reg_rd$\rob$./build_yosys/cpu_yosys.v:2028$3882_DATA[307:0]$4492
    26/71: $4$mem2reg_rd$\rob$./build_yosys/cpu_yosys.v:2028$3882_ADDR[0:0]$4491
    27/71: $4$mem2reg_rd$\rob$./build_yosys/cpu_yosys.v:2027$3881_DATA[307:0]$4490
    28/71: $4$mem2reg_rd$\rob$./build_yosys/cpu_yosys.v:2027$3881_ADDR[0:0]$4489
    29/71: $4$mem2reg_rd$\rob$./build_yosys/cpu_yosys.v:2027$3880_DATA[307:0]$4488
    30/71: $4$mem2reg_rd$\rob$./build_yosys/cpu_yosys.v:2027$3880_ADDR[0:0]$4487
    31/71: $3$mem2reg_rd$\rob$./build_yosys/cpu_yosys.v:2031$3885_DATA[307:0]$4486
    32/71: $3$mem2reg_rd$\rob$./build_yosys/cpu_yosys.v:2031$3885_ADDR[0:0]$4485
    33/71: $3$mem2reg_rd$\rob$./build_yosys/cpu_yosys.v:2030$3884_DATA[307:0]$4484
    34/71: $3$mem2reg_rd$\rob$./build_yosys/cpu_yosys.v:2030$3884_ADDR[0:0]$4483
    35/71: $3$mem2reg_rd$\rob$./build_yosys/cpu_yosys.v:2029$3883_DATA[307:0]$4482
    36/71: $3$mem2reg_rd$\rob$./build_yosys/cpu_yosys.v:2029$3883_ADDR[0:0]$4481
    37/71: $3$mem2reg_rd$\rob$./build_yosys/cpu_yosys.v:2028$3882_DATA[307:0]$4480
    38/71: $3$mem2reg_rd$\rob$./build_yosys/cpu_yosys.v:2028$3882_ADDR[0:0]$4479
    39/71: $3$mem2reg_rd$\rob$./build_yosys/cpu_yosys.v:2027$3881_DATA[307:0]$4478
    40/71: $3$mem2reg_rd$\rob$./build_yosys/cpu_yosys.v:2027$3881_ADDR[0:0]$4477
    41/71: $3$mem2reg_rd$\rob$./build_yosys/cpu_yosys.v:2027$3880_DATA[307:0]$4476
    42/71: $3$mem2reg_rd$\rob$./build_yosys/cpu_yosys.v:2027$3880_ADDR[0:0]$4475
    43/71: $2$mem2reg_rd$\rob$./build_yosys/cpu_yosys.v:2031$3885_DATA[307:0]$4474
    44/71: $2$mem2reg_rd$\rob$./build_yosys/cpu_yosys.v:2031$3885_ADDR[0:0]$4473
    45/71: $2$mem2reg_rd$\rob$./build_yosys/cpu_yosys.v:2030$3884_DATA[307:0]$4472
    46/71: $2$mem2reg_rd$\rob$./build_yosys/cpu_yosys.v:2030$3884_ADDR[0:0]$4471
    47/71: $2$mem2reg_rd$\rob$./build_yosys/cpu_yosys.v:2029$3883_DATA[307:0]$4470
    48/71: $2$mem2reg_rd$\rob$./build_yosys/cpu_yosys.v:2029$3883_ADDR[0:0]$4469
    49/71: $2$mem2reg_rd$\rob$./build_yosys/cpu_yosys.v:2028$3882_DATA[307:0]$4468
    50/71: $2$mem2reg_rd$\rob$./build_yosys/cpu_yosys.v:2028$3882_ADDR[0:0]$4467
    51/71: $2$mem2reg_rd$\rob$./build_yosys/cpu_yosys.v:2027$3881_DATA[307:0]$4466
    52/71: $2$mem2reg_rd$\rob$./build_yosys/cpu_yosys.v:2027$3881_ADDR[0:0]$4465
    53/71: $2$mem2reg_rd$\rob$./build_yosys/cpu_yosys.v:2027$3880_DATA[307:0]$4464
    54/71: $2$mem2reg_rd$\rob$./build_yosys/cpu_yosys.v:2027$3880_ADDR[0:0]$4463
    55/71: $1$mem2reg_rd$\rob$./build_yosys/cpu_yosys.v:2031$3885_DATA[307:0]$4458
    56/71: $1$mem2reg_rd$\rob$./build_yosys/cpu_yosys.v:2031$3885_ADDR[0:0]$4457
    57/71: $1$mem2reg_rd$\rob$./build_yosys/cpu_yosys.v:2030$3884_DATA[307:0]$4456
    58/71: $1$mem2reg_rd$\rob$./build_yosys/cpu_yosys.v:2030$3884_ADDR[0:0]$4455
    59/71: $1$mem2reg_rd$\rob$./build_yosys/cpu_yosys.v:2029$3883_DATA[307:0]$4454
    60/71: $1$mem2reg_rd$\rob$./build_yosys/cpu_yosys.v:2029$3883_ADDR[0:0]$4453
    61/71: $1$mem2reg_rd$\rob$./build_yosys/cpu_yosys.v:2028$3882_DATA[307:0]$4452
    62/71: $1$mem2reg_rd$\rob$./build_yosys/cpu_yosys.v:2028$3882_ADDR[0:0]$4451
    63/71: $1$mem2reg_rd$\rob$./build_yosys/cpu_yosys.v:2027$3881_DATA[307:0]$4450
    64/71: $1$mem2reg_rd$\rob$./build_yosys/cpu_yosys.v:2027$3881_ADDR[0:0]$4449
    65/71: $1$mem2reg_rd$\rob$./build_yosys/cpu_yosys.v:2027$3880_DATA[307:0]$4448
    66/71: $1$mem2reg_rd$\rob$./build_yosys/cpu_yosys.v:2027$3880_ADDR[0:0]$4447
    67/71: $0\decode_stage_src2_tag[5:0]
    68/71: $0\decode_stage_src1_tag[5:0]
    69/71: $0\decode_stage_opcode[31:0]
    70/71: $0\decode_stage_ctrl[129:0]
    71/71: $0\decode_stage_valid[0:0]
Creating decoders for process `\PSC_InstructionUnit.$proc$./build_yosys/cpu_yosys.v:2001$4430'.
     1/1: $0\ooo_cycle[63:0]
Creating decoders for process `\PSC_InstructionUnit.$proc$./build_yosys/cpu_yosys.v:1996$4428'.
     1/1: $0\csr_valid[0:0]
Creating decoders for process `\PSC_InstructionUnit.$proc$./build_yosys/cpu_yosys.v:1989$4397'.
     1/13: $4\branch_exec$func$./build_yosys/cpu_yosys.v:1995$3814.$result[0:0]$4418
     2/13: $3\branch_exec$func$./build_yosys/cpu_yosys.v:1995$3814.$result[0:0]$4417
     3/13: $0\branch_redirect[0:0]
     4/13: $2\branch_exec$func$./build_yosys/cpu_yosys.v:1995$3814.data2[31:0]$4416
     5/13: $2\branch_exec$func$./build_yosys/cpu_yosys.v:1995$3814.data1[31:0]$4415
     6/13: $2\branch_exec$func$./build_yosys/cpu_yosys.v:1995$3814.funct3[2:0]$4414
     7/13: $2\branch_exec$func$./build_yosys/cpu_yosys.v:1995$3814.pc_sel[1:0]$4413
     8/13: $2\branch_exec$func$./build_yosys/cpu_yosys.v:1995$3814.$result[0:0]$4412
     9/13: $1\branch_exec$func$./build_yosys/cpu_yosys.v:1995$3814.data2[31:0]$4408
    10/13: $1\branch_exec$func$./build_yosys/cpu_yosys.v:1995$3814.data1[31:0]$4407
    11/13: $1\branch_exec$func$./build_yosys/cpu_yosys.v:1995$3814.funct3[2:0]$4406
    12/13: $1\branch_exec$func$./build_yosys/cpu_yosys.v:1995$3814.pc_sel[1:0]$4405
    13/13: $1\branch_exec$func$./build_yosys/cpu_yosys.v:1995$3814.$result[0:0]$4404
Creating decoders for process `\PSC_InstructionUnit.$proc$./build_yosys/cpu_yosys.v:1970$4356'.
     1/29: $3$mem2reg_rd$\rob$./build_yosys/cpu_yosys.v:1987$3879_DATA[307:0]$4395
     2/29: $3$mem2reg_rd$\rob$./build_yosys/cpu_yosys.v:1986$3878_DATA[307:0]$4394
     3/29: $3$mem2reg_rd$\rob$./build_yosys/cpu_yosys.v:1985$3877_DATA[307:0]$4393
     4/29: $3$mem2reg_rd$\rob$./build_yosys/cpu_yosys.v:1984$3876_DATA[307:0]$4389
     5/29: $3$mem2reg_rd$\rob$./build_yosys/cpu_yosys.v:1984$3875_DATA[307:0]$4388
     6/29: $0\commit_prf_csr[0:0]
     7/29: $0\commit_prf_data[31:0]
     8/29: $0\commit_prf_addr[4:0]
     9/29: $0\commit_prf_valid[0:0]
    10/29: $2$mem2reg_rd$\rob$./build_yosys/cpu_yosys.v:1987$3879_DATA[307:0]$4387
    11/29: $2$mem2reg_rd$\rob$./build_yosys/cpu_yosys.v:1987$3879_ADDR[0:0]$4386
    12/29: $2$mem2reg_rd$\rob$./build_yosys/cpu_yosys.v:1986$3878_DATA[307:0]$4385
    13/29: $2$mem2reg_rd$\rob$./build_yosys/cpu_yosys.v:1986$3878_ADDR[0:0]$4384
    14/29: $2$mem2reg_rd$\rob$./build_yosys/cpu_yosys.v:1985$3877_DATA[307:0]$4383
    15/29: $2$mem2reg_rd$\rob$./build_yosys/cpu_yosys.v:1985$3877_ADDR[0:0]$4382
    16/29: $2$mem2reg_rd$\rob$./build_yosys/cpu_yosys.v:1984$3876_DATA[307:0]$4381
    17/29: $2$mem2reg_rd$\rob$./build_yosys/cpu_yosys.v:1984$3876_ADDR[0:0]$4380
    18/29: $2$mem2reg_rd$\rob$./build_yosys/cpu_yosys.v:1984$3875_DATA[307:0]$4379
    19/29: $2$mem2reg_rd$\rob$./build_yosys/cpu_yosys.v:1984$3875_ADDR[0:0]$4378
    20/29: $1$mem2reg_rd$\rob$./build_yosys/cpu_yosys.v:1987$3879_DATA[307:0]$4377
    21/29: $1$mem2reg_rd$\rob$./build_yosys/cpu_yosys.v:1987$3879_ADDR[0:0]$4376
    22/29: $1$mem2reg_rd$\rob$./build_yosys/cpu_yosys.v:1986$3878_DATA[307:0]$4375
    23/29: $1$mem2reg_rd$\rob$./build_yosys/cpu_yosys.v:1986$3878_ADDR[0:0]$4374
    24/29: $1$mem2reg_rd$\rob$./build_yosys/cpu_yosys.v:1985$3877_DATA[307:0]$4373
    25/29: $1$mem2reg_rd$\rob$./build_yosys/cpu_yosys.v:1985$3877_ADDR[0:0]$4372
    26/29: $1$mem2reg_rd$\rob$./build_yosys/cpu_yosys.v:1984$3876_DATA[307:0]$4371
    27/29: $1$mem2reg_rd$\rob$./build_yosys/cpu_yosys.v:1984$3876_ADDR[0:0]$4370
    28/29: $1$mem2reg_rd$\rob$./build_yosys/cpu_yosys.v:1984$3875_DATA[307:0]$4369
    29/29: $1$mem2reg_rd$\rob$./build_yosys/cpu_yosys.v:1984$3875_ADDR[0:0]$4368
Creating decoders for process `\PSC_InstructionUnit.$proc$./build_yosys/cpu_yosys.v:1955$4330'.
     1/5: $2$mem2reg_rd$\rob$./build_yosys/cpu_yosys.v:1961$3863_DATA[307:0]$4338
     2/5: $1\commit_ctrl[129:0]
     3/5: $1$mem2reg_rd$\rob$./build_yosys/cpu_yosys.v:1961$3863_DATA[307:0]$4337
     4/5: $1$mem2reg_rd$\rob$./build_yosys/cpu_yosys.v:1961$3863_ADDR[0:0]$4336
     5/5: $1$mem2reg_rd$\rob$./build_yosys/cpu_yosys.v:1959$3862_DATA[307:0]$4335
Creating decoders for process `\PSC_InstructionUnit.$proc$./build_yosys/cpu_yosys.v:1928$4299'.
Creating decoders for process `\PSC_InstructionUnit.$proc$./build_yosys/cpu_yosys.v:1895$4222'.
     1/14: $3\md_select_idx[0:0]
     2/14: $2\md_select_idx[0:0]
     3/14: $1\md_select_idx[0:0]
     4/14: $1\md_select_valid[0:0]
     5/14: $3\alu_select_idx[0:0]
     6/14: $2\alu_select_idx[0:0]
     7/14: $1\alu_select_idx[0:0]
     8/14: $1\alu_select_valid[0:0]
     9/14: $1$mem2reg_rd$\rob$./build_yosys/cpu_yosys.v:1903$3843_DATA[307:0]$4278
    10/14: $1$mem2reg_rd$\rob$./build_yosys/cpu_yosys.v:1903$3842_DATA[307:0]$4274
    11/14: $1$mem2reg_rd$\rob$./build_yosys/cpu_yosys.v:1902$3841_DATA[307:0]$4265
    12/14: $1$mem2reg_rd$\rob$./build_yosys/cpu_yosys.v:1902$3840_DATA[307:0]$4261
    13/14: $1$mem2reg_rd$\rob$./build_yosys/cpu_yosys.v:1901$3839_DATA[307:0]$4254
    14/14: $1$mem2reg_rd$\rob$./build_yosys/cpu_yosys.v:1900$3838_DATA[307:0]$4247
Creating decoders for process `\PSC_InstructionUnit.$proc$./build_yosys/cpu_yosys.v:1851$4091'.
     1/32: $3\dispatch_src2_value[31:0]
     2/32: $3\dispatch_src2_ready[0:0]
     3/32: $3$mem2reg_rd$\rob$./build_yosys/cpu_yosys.v:1878$3837_DATA[307:0]$4150
     4/32: $3$mem2reg_rd$\rob$./build_yosys/cpu_yosys.v:1878$3836_DATA[307:0]$4149
     5/32: $2\dispatch_src2_value[31:0]
     6/32: $2\dispatch_src2_ready[0:0]
     7/32: $2$mem2reg_rd$\rob$./build_yosys/cpu_yosys.v:1878$3837_DATA[307:0]$4148
     8/32: $2$mem2reg_rd$\rob$./build_yosys/cpu_yosys.v:1878$3837_ADDR[0:0]$4147
     9/32: $2$mem2reg_rd$\rob$./build_yosys/cpu_yosys.v:1878$3836_DATA[307:0]$4146
    10/32: $2$mem2reg_rd$\rob$./build_yosys/cpu_yosys.v:1878$3836_ADDR[0:0]$4145
    11/32: $1\dispatch_src2_value[31:0]
    12/32: $1\dispatch_src2_ready[0:0]
    13/32: $1$mem2reg_rd$\rob$./build_yosys/cpu_yosys.v:1878$3837_DATA[307:0]$4141
    14/32: $1$mem2reg_rd$\rob$./build_yosys/cpu_yosys.v:1878$3837_ADDR[0:0]$4140
    15/32: $1$mem2reg_rd$\rob$./build_yosys/cpu_yosys.v:1878$3836_DATA[307:0]$4139
    16/32: $1$mem2reg_rd$\rob$./build_yosys/cpu_yosys.v:1878$3836_ADDR[0:0]$4138
    17/32: $3\dispatch_src1_value[31:0]
    18/32: $3\dispatch_src1_ready[0:0]
    19/32: $3$mem2reg_rd$\rob$./build_yosys/cpu_yosys.v:1864$3835_DATA[307:0]$4123
    20/32: $3$mem2reg_rd$\rob$./build_yosys/cpu_yosys.v:1864$3834_DATA[307:0]$4122
    21/32: $2\dispatch_src1_value[31:0]
    22/32: $2\dispatch_src1_ready[0:0]
    23/32: $2$mem2reg_rd$\rob$./build_yosys/cpu_yosys.v:1864$3835_DATA[307:0]$4121
    24/32: $2$mem2reg_rd$\rob$./build_yosys/cpu_yosys.v:1864$3835_ADDR[0:0]$4120
    25/32: $2$mem2reg_rd$\rob$./build_yosys/cpu_yosys.v:1864$3834_DATA[307:0]$4119
    26/32: $2$mem2reg_rd$\rob$./build_yosys/cpu_yosys.v:1864$3834_ADDR[0:0]$4118
    27/32: $1\dispatch_src1_value[31:0]
    28/32: $1\dispatch_src1_ready[0:0]
    29/32: $1$mem2reg_rd$\rob$./build_yosys/cpu_yosys.v:1864$3835_DATA[307:0]$4114
    30/32: $1$mem2reg_rd$\rob$./build_yosys/cpu_yosys.v:1864$3835_ADDR[0:0]$4113
    31/32: $1$mem2reg_rd$\rob$./build_yosys/cpu_yosys.v:1864$3834_DATA[307:0]$4112
    32/32: $1$mem2reg_rd$\rob$./build_yosys/cpu_yosys.v:1864$3834_ADDR[0:0]$4111
Creating decoders for process `\PSC_InstructionUnit.$proc$./build_yosys/cpu_yosys.v:1823$3974'.
     1/82: $5$mem2reg_rd$\rat_spec_slot$./build_yosys/cpu_yosys.v:1846$3833_DATA[0:0]$4089
     2/82: $4\capture_src2_tag[5:0]
     3/82: $4$mem2reg_rd$\rat_spec_slot$./build_yosys/cpu_yosys.v:1846$3833_DATA[0:0]$4088
     4/82: $4$mem2reg_rd$\rat_spec_slot$./build_yosys/cpu_yosys.v:1846$3833_ADDR[4:0]$4087
     5/82: $4$mem2reg_rd$\rob$./build_yosys/cpu_yosys.v:1843$3832_DATA[307:0]$4081
     6/82: $4$mem2reg_rd$\rat_spec_slot$./build_yosys/cpu_yosys.v:1843$3831_DATA[0:0]$4080
     7/82: $4$mem2reg_rd$\rob$./build_yosys/cpu_yosys.v:1843$3830_DATA[307:0]$4079
     8/82: $4$mem2reg_rd$\rob$./build_yosys/cpu_yosys.v:1843$3829_DATA[307:0]$4078
     9/82: $3$mem2reg_rd$\rat_spec_slot$./build_yosys/cpu_yosys.v:1846$3833_DATA[0:0]$4077
    10/82: $3$mem2reg_rd$\rat_spec_slot$./build_yosys/cpu_yosys.v:1846$3833_ADDR[4:0]$4076
    11/82: $3\capture_src2_tag[5:0]
    12/82: $3$mem2reg_rd$\rob$./build_yosys/cpu_yosys.v:1843$3832_DATA[307:0]$4075
    13/82: $3$mem2reg_rd$\rob$./build_yosys/cpu_yosys.v:1843$3832_ADDR[0:0]$4074
    14/82: $3$mem2reg_rd$\rat_spec_slot$./build_yosys/cpu_yosys.v:1843$3831_DATA[0:0]$4073
    15/82: $3$mem2reg_rd$\rat_spec_slot$./build_yosys/cpu_yosys.v:1843$3831_ADDR[4:0]$4072
    16/82: $3$mem2reg_rd$\rob$./build_yosys/cpu_yosys.v:1843$3830_DATA[307:0]$4071
    17/82: $3$mem2reg_rd$\rob$./build_yosys/cpu_yosys.v:1843$3830_ADDR[0:0]$4070
    18/82: $3$mem2reg_rd$\rob$./build_yosys/cpu_yosys.v:1843$3829_DATA[307:0]$4069
    19/82: $3$mem2reg_rd$\rob$./build_yosys/cpu_yosys.v:1843$3829_ADDR[0:0]$4068
    20/82: $2\capture_src2_tag[5:0]
    21/82: $2$mem2reg_rd$\rat_spec_slot$./build_yosys/cpu_yosys.v:1846$3833_DATA[0:0]$4066
    22/82: $2$mem2reg_rd$\rat_spec_slot$./build_yosys/cpu_yosys.v:1846$3833_ADDR[4:0]$4065
    23/82: $2$mem2reg_rd$\rob$./build_yosys/cpu_yosys.v:1843$3832_DATA[307:0]$4064
    24/82: $2$mem2reg_rd$\rob$./build_yosys/cpu_yosys.v:1843$3832_ADDR[0:0]$4063
    25/82: $2$mem2reg_rd$\rat_spec_slot$./build_yosys/cpu_yosys.v:1843$3831_DATA[0:0]$4062
    26/82: $2$mem2reg_rd$\rat_spec_slot$./build_yosys/cpu_yosys.v:1843$3831_ADDR[4:0]$4061
    27/82: $2$mem2reg_rd$\rob$./build_yosys/cpu_yosys.v:1843$3830_DATA[307:0]$4060
    28/82: $2$mem2reg_rd$\rob$./build_yosys/cpu_yosys.v:1843$3830_ADDR[0:0]$4059
    29/82: $2$mem2reg_rd$\rob$./build_yosys/cpu_yosys.v:1843$3829_DATA[307:0]$4058
    30/82: $2$mem2reg_rd$\rob$./build_yosys/cpu_yosys.v:1843$3829_ADDR[0:0]$4057
    31/82: $1\capture_src2_tag[5:0]
    32/82: $1$mem2reg_rd$\rat_spec_slot$./build_yosys/cpu_yosys.v:1846$3833_DATA[0:0]$4053
    33/82: $1$mem2reg_rd$\rat_spec_slot$./build_yosys/cpu_yosys.v:1846$3833_ADDR[4:0]$4052
    34/82: $1$mem2reg_rd$\rob$./build_yosys/cpu_yosys.v:1843$3832_DATA[307:0]$4051
    35/82: $1$mem2reg_rd$\rob$./build_yosys/cpu_yosys.v:1843$3832_ADDR[0:0]$4050
    36/82: $1$mem2reg_rd$\rat_spec_slot$./build_yosys/cpu_yosys.v:1843$3831_DATA[0:0]$4049
    37/82: $1$mem2reg_rd$\rat_spec_slot$./build_yosys/cpu_yosys.v:1843$3831_ADDR[4:0]$4048
    38/82: $1$mem2reg_rd$\rob$./build_yosys/cpu_yosys.v:1843$3830_DATA[307:0]$4047
    39/82: $1$mem2reg_rd$\rob$./build_yosys/cpu_yosys.v:1843$3830_ADDR[0:0]$4046
    40/82: $1$mem2reg_rd$\rob$./build_yosys/cpu_yosys.v:1843$3829_DATA[307:0]$4045
    41/82: $1$mem2reg_rd$\rob$./build_yosys/cpu_yosys.v:1843$3829_ADDR[0:0]$4044
    42/82: $5$mem2reg_rd$\rat_spec_slot$./build_yosys/cpu_yosys.v:1835$3828_DATA[0:0]$4041
    43/82: $4\capture_src1_tag[5:0]
    44/82: $4$mem2reg_rd$\rat_spec_slot$./build_yosys/cpu_yosys.v:1835$3828_DATA[0:0]$4040
    45/82: $4$mem2reg_rd$\rat_spec_slot$./build_yosys/cpu_yosys.v:1835$3828_ADDR[4:0]$4039
    46/82: $4$mem2reg_rd$\rob$./build_yosys/cpu_yosys.v:1832$3827_DATA[307:0]$4033
    47/82: $4$mem2reg_rd$\rat_spec_slot$./build_yosys/cpu_yosys.v:1832$3826_DATA[0:0]$4032
    48/82: $4$mem2reg_rd$\rob$./build_yosys/cpu_yosys.v:1832$3825_DATA[307:0]$4031
    49/82: $4$mem2reg_rd$\rob$./build_yosys/cpu_yosys.v:1832$3824_DATA[307:0]$4030
    50/82: $3$mem2reg_rd$\rat_spec_slot$./build_yosys/cpu_yosys.v:1835$3828_DATA[0:0]$4029
    51/82: $3$mem2reg_rd$\rat_spec_slot$./build_yosys/cpu_yosys.v:1835$3828_ADDR[4:0]$4028
    52/82: $3\capture_src1_tag[5:0]
    53/82: $3$mem2reg_rd$\rob$./build_yosys/cpu_yosys.v:1832$3827_DATA[307:0]$4027
    54/82: $3$mem2reg_rd$\rob$./build_yosys/cpu_yosys.v:1832$3827_ADDR[0:0]$4026
    55/82: $3$mem2reg_rd$\rat_spec_slot$./build_yosys/cpu_yosys.v:1832$3826_DATA[0:0]$4025
    56/82: $3$mem2reg_rd$\rat_spec_slot$./build_yosys/cpu_yosys.v:1832$3826_ADDR[4:0]$4024
    57/82: $3$mem2reg_rd$\rob$./build_yosys/cpu_yosys.v:1832$3825_DATA[307:0]$4023
    58/82: $3$mem2reg_rd$\rob$./build_yosys/cpu_yosys.v:1832$3825_ADDR[0:0]$4022
    59/82: $3$mem2reg_rd$\rob$./build_yosys/cpu_yosys.v:1832$3824_DATA[307:0]$4021
    60/82: $3$mem2reg_rd$\rob$./build_yosys/cpu_yosys.v:1832$3824_ADDR[0:0]$4020
    61/82: $2\capture_src1_tag[5:0]
    62/82: $2$mem2reg_rd$\rat_spec_slot$./build_yosys/cpu_yosys.v:1835$3828_DATA[0:0]$4018
    63/82: $2$mem2reg_rd$\rat_spec_slot$./build_yosys/cpu_yosys.v:1835$3828_ADDR[4:0]$4017
    64/82: $2$mem2reg_rd$\rob$./build_yosys/cpu_yosys.v:1832$3827_DATA[307:0]$4016
    65/82: $2$mem2reg_rd$\rob$./build_yosys/cpu_yosys.v:1832$3827_ADDR[0:0]$4015
    66/82: $2$mem2reg_rd$\rat_spec_slot$./build_yosys/cpu_yosys.v:1832$3826_DATA[0:0]$4014
    67/82: $2$mem2reg_rd$\rat_spec_slot$./build_yosys/cpu_yosys.v:1832$3826_ADDR[4:0]$4013
    68/82: $2$mem2reg_rd$\rob$./build_yosys/cpu_yosys.v:1832$3825_DATA[307:0]$4012
    69/82: $2$mem2reg_rd$\rob$./build_yosys/cpu_yosys.v:1832$3825_ADDR[0:0]$4011
    70/82: $2$mem2reg_rd$\rob$./build_yosys/cpu_yosys.v:1832$3824_DATA[307:0]$4010
    71/82: $2$mem2reg_rd$\rob$./build_yosys/cpu_yosys.v:1832$3824_ADDR[0:0]$4009
    72/82: $1\capture_src1_tag[5:0]
    73/82: $1$mem2reg_rd$\rat_spec_slot$./build_yosys/cpu_yosys.v:1835$3828_DATA[0:0]$4005
    74/82: $1$mem2reg_rd$\rat_spec_slot$./build_yosys/cpu_yosys.v:1835$3828_ADDR[4:0]$4004
    75/82: $1$mem2reg_rd$\rob$./build_yosys/cpu_yosys.v:1832$3827_DATA[307:0]$4003
    76/82: $1$mem2reg_rd$\rob$./build_yosys/cpu_yosys.v:1832$3827_ADDR[0:0]$4002
    77/82: $1$mem2reg_rd$\rat_spec_slot$./build_yosys/cpu_yosys.v:1832$3826_DATA[0:0]$4001
    78/82: $1$mem2reg_rd$\rat_spec_slot$./build_yosys/cpu_yosys.v:1832$3826_ADDR[4:0]$4000
    79/82: $1$mem2reg_rd$\rob$./build_yosys/cpu_yosys.v:1832$3825_DATA[307:0]$3999
    80/82: $1$mem2reg_rd$\rob$./build_yosys/cpu_yosys.v:1832$3825_ADDR[0:0]$3998
    81/82: $1$mem2reg_rd$\rob$./build_yosys/cpu_yosys.v:1832$3824_DATA[307:0]$3997
    82/82: $1$mem2reg_rd$\rob$./build_yosys/cpu_yosys.v:1832$3824_ADDR[0:0]$3996
Creating decoders for process `\PSC_InstructionUnit.$proc$./build_yosys/cpu_yosys.v:1811$3967'.
     1/4: $2\alloc_phys[5:0]
     2/4: $2\has_free_phys[0:0]
     3/4: $1\alloc_phys[5:0]
     4/4: $1\has_free_phys[0:0]
Creating decoders for process `\PSC_RV32_FetchUnit.$proc$./build_yosys/cpu_yosys.v:0$88'.
Creating decoders for process `\PSC_RV32_FetchUnit.$proc$./build_yosys/cpu_yosys.v:966$68'.
     1/16: $8\next_state[3:0]
     2/16: $3\next_pc[31:0]
     3/16: $7\next_state[3:0]
     4/16: $3\next_ready[0:0]
     5/16: $6\next_state[3:0]
     6/16: $5\next_state[3:0]
     7/16: $4\next_state[3:0]
     8/16: $3\next_state[3:0]
     9/16: $2\next_state[3:0]
    10/16: $2\next_ready[0:0]
    11/16: $2\fetch_state_fifo_flush[0:0]
    12/16: $2\next_pc[31:0]
    13/16: $1\next_state[3:0]
    14/16: $1\next_ready[0:0]
    15/16: $1\fetch_state_fifo_flush[0:0]
    16/16: $1\next_pc[31:0]
Creating decoders for process `\PSC_RV32_FetchUnit.$proc$./build_yosys/cpu_yosys.v:939$59'.
     1/5: $0\fetch_ready[0:0]
     2/5: $0\fetch_state[3:0]
     3/5: $0\initial_fetch[0:0]
     4/5: $0\fetch_wakeup_timer[15:0]
     5/5: $0\fetch_pc[31:0]
Creating decoders for process `\PSC_RV32_core.$proc$./build_yosys/cpu_yosys.v:654$35'.
     1/1: $0\fault_seen[0:0]
Creating decoders for process `\PSC_RV32_core.$proc$./build_yosys/cpu_yosys.v:608$21'.
     1/2: $0\fetch_valid[0:0]
     2/2: $0\cpu_state[3:0]
Creating decoders for process `\Csr.$proc$./build_yosys/cpu_yosys.v:0$3417'.
Creating decoders for process `\Csr.$proc$./build_yosys/cpu_yosys.v:0$3404'.
     1/1: $1\csr_apply$func$./build_yosys/cpu_yosys.v:3818$3279.$result[31:0]$3411
Creating decoders for process `\Csr.$proc$./build_yosys/cpu_yosys.v:0$3389'.
     1/10: $1\sip_view$func$./build_yosys/cpu_yosys.v:3788$3278.v[31:0]$3399 [31:10]
     2/10: $1\sip_view$func$./build_yosys/cpu_yosys.v:3788$3278.v[31:0]$3399 [4:2]
     3/10: $1\sip_view$func$./build_yosys/cpu_yosys.v:3788$3278.v[31:0]$3399 [1]
     4/10: $1\sip_view$func$./build_yosys/cpu_yosys.v:3788$3278.v[31:0]$3399 [0]
     5/10: $1\sip_view$func$./build_yosys/cpu_yosys.v:3788$3278.v[31:0]$3399 [9]
     6/10: $1\sip_view$func$./build_yosys/cpu_yosys.v:3788$3278.v[31:0]$3399 [8:6]
     7/10: $1\sip_view$func$./build_yosys/cpu_yosys.v:3788$3278.v[31:0]$3399 [5]
     8/10: $1\csr_read_mux$func$./build_yosys/cpu_yosys.v:3817$3277.$result[31:0]$3396
     9/10: $1\sip_view$func$./build_yosys/cpu_yosys.v:3788$3278.mip[31:0]$3398
    10/10: $1\sip_view$func$./build_yosys/cpu_yosys.v:3788$3278.$result[31:0]$3397
Creating decoders for process `\Csr.$proc$./build_yosys/cpu_yosys.v:3819$3310'.
     1/105: $0\csr_mip[31:0] [31:12]
     2/105: $0\csr_mip[31:0] [11]
     3/105: $0\csr_mip[31:0] [10:8]
     4/105: $0\csr_mip[31:0] [7]
     5/105: $0\csr_mip[31:0] [6:4]
     6/105: $2\pack_epc$func$./build_yosys/cpu_yosys.v:3937$3276.v[31:0]$3388
     7/105: $3\pack_epc$func$./build_yosys/cpu_yosys.v:3923$3275.$result[31:0]$3385
     8/105: $3\pack_epc$func$./build_yosys/cpu_yosys.v:3923$3275.v[31:0]$3386
     9/105: $2\pack_epc$func$./build_yosys/cpu_yosys.v:3923$3275.v[31:0]$3384
    10/105: $2\pack_epc$func$./build_yosys/cpu_yosys.v:3923$3275.$result[31:0]$3383
    11/105: $0\csr_mstatus[31:0] [31:13]
    12/105: $0\csr_mstatus[31:0] [12:11]
    13/105: $0\csr_mstatus[31:0] [10:8]
    14/105: $0\csr_mstatus[31:0] [3]
    15/105: $0\csr_mstatus[31:0] [2:0]
    16/105: $0\csr_mstatus[31:0] [7]
    17/105: $0\csr_mstatus[31:0] [6:4]
    18/105: $0\csr_sstatus[31:0] [8]
    19/105: $0\csr_sstatus[31:0] [7:6]
    20/105: $0\csr_sstatus[31:0] [1]
    21/105: $0\csr_sstatus[31:0] [0]
    22/105: $0\csr_sstatus[31:0] [5]
    23/105: $0\csr_sstatus[31:0] [4:2]
    24/105: $3\pack_epc$func$./build_yosys/cpu_yosys.v:3903$3273.v[31:0]$3380
    25/105: $3\pack_epc$func$./build_yosys/cpu_yosys.v:3912$3274.v[31:0]$3382
    26/105: $3\pack_epc$func$./build_yosys/cpu_yosys.v:3912$3274.$result[31:0]$3381
    27/105: $2\pack_epc$func$./build_yosys/cpu_yosys.v:3912$3274.v[31:0]$3378
    28/105: $2\pack_epc$func$./build_yosys/cpu_yosys.v:3912$3274.$result[31:0]$3377
    29/105: $2\pack_epc$func$./build_yosys/cpu_yosys.v:3903$3273.v[31:0]$3376
    30/105: $2\pack_epc$func$./build_yosys/cpu_yosys.v:3903$3273.$result[31:0]$3375
    31/105: $3\pack_satp_sv32$func$./build_yosys/cpu_yosys.v:3874$3270.$result[31:0]$3364 [31]
    32/105: $3\pack_satp_sv32$func$./build_yosys/cpu_yosys.v:3874$3270.$result[31:0]$3364 [30:22]
    33/105: $2\pack_epc$func$./build_yosys/cpu_yosys.v:3937$3276.$result[31:0]$3387
    34/105: $0\csr_mip[31:0] [2:0]
    35/105: $3\pack_satp_sv32$func$./build_yosys/cpu_yosys.v:3874$3270.$result[31:0]$3364 [21:0]
    36/105: $3\pack_epc$func$./build_yosys/cpu_yosys.v:3882$3272.$result[31:0]$3368
    37/105: $3\pack_tvec_direct$func$./build_yosys/cpu_yosys.v:3880$3271.v[31:0]$3367
    38/105: $3\pack_tvec_direct$func$./build_yosys/cpu_yosys.v:3880$3271.$result[31:0]$3366
    39/105: $3\pack_satp_sv32$func$./build_yosys/cpu_yosys.v:3874$3270.v[31:0]$3365
    40/105: $0\csr_mip[31:0] [3]
    41/105: $3\pack_epc$func$./build_yosys/cpu_yosys.v:3868$3269.v[31:0]$3363
    42/105: $3\pack_epc$func$./build_yosys/cpu_yosys.v:3868$3269.$result[31:0]$3362
    43/105: $3\pack_tvec_direct$func$./build_yosys/cpu_yosys.v:3866$3268.v[31:0]$3361
    44/105: $3\pack_tvec_direct$func$./build_yosys/cpu_yosys.v:3866$3268.$result[31:0]$3360
    45/105: $2\pack_epc$func$./build_yosys/cpu_yosys.v:3882$3272.v[31:0]$3359
    46/105: $2\pack_epc$func$./build_yosys/cpu_yosys.v:3882$3272.$result[31:0]$3358
    47/105: $2\pack_tvec_direct$func$./build_yosys/cpu_yosys.v:3880$3271.v[31:0]$3357
    48/105: $2\pack_tvec_direct$func$./build_yosys/cpu_yosys.v:3880$3271.$result[31:0]$3356
    49/105: $2\pack_satp_sv32$func$./build_yosys/cpu_yosys.v:3874$3270.v[31:0]$3355
    50/105: $2\pack_satp_sv32$func$./build_yosys/cpu_yosys.v:3874$3270.$result[31:0]$3354
    51/105: $2\pack_epc$func$./build_yosys/cpu_yosys.v:3868$3269.v[31:0]$3353
    52/105: $2\pack_epc$func$./build_yosys/cpu_yosys.v:3868$3269.$result[31:0]$3352
    53/105: $2\pack_tvec_direct$func$./build_yosys/cpu_yosys.v:3866$3268.v[31:0]$3351
    54/105: $2\pack_tvec_direct$func$./build_yosys/cpu_yosys.v:3866$3268.$result[31:0]$3350
    55/105: $1\pack_epc$func$./build_yosys/cpu_yosys.v:3937$3276.v[31:0]$3347
    56/105: $1\pack_epc$func$./build_yosys/cpu_yosys.v:3937$3276.$result[31:0]$3346
    57/105: $1\pack_epc$func$./build_yosys/cpu_yosys.v:3923$3275.v[31:0]$3345
    58/105: $1\pack_epc$func$./build_yosys/cpu_yosys.v:3923$3275.$result[31:0]$3344
    59/105: $1\pack_epc$func$./build_yosys/cpu_yosys.v:3912$3274.v[31:0]$3343
    60/105: $1\pack_epc$func$./build_yosys/cpu_yosys.v:3912$3274.$result[31:0]$3342
    61/105: $1\pack_epc$func$./build_yosys/cpu_yosys.v:3903$3273.v[31:0]$3341
    62/105: $1\pack_epc$func$./build_yosys/cpu_yosys.v:3903$3273.$result[31:0]$3340
    63/105: $1\pack_epc$func$./build_yosys/cpu_yosys.v:3882$3272.v[31:0]$3339
    64/105: $1\pack_epc$func$./build_yosys/cpu_yosys.v:3882$3272.$result[31:0]$3338
    65/105: $1\pack_tvec_direct$func$./build_yosys/cpu_yosys.v:3880$3271.v[31:0]$3337
    66/105: $1\pack_tvec_direct$func$./build_yosys/cpu_yosys.v:3880$3271.$result[31:0]$3336
    67/105: $1\pack_satp_sv32$func$./build_yosys/cpu_yosys.v:3874$3270.v[31:0]$3335
    68/105: $1\pack_satp_sv32$func$./build_yosys/cpu_yosys.v:3874$3270.$result[31:0]$3334
    69/105: $1\pack_epc$func$./build_yosys/cpu_yosys.v:3868$3269.v[31:0]$3333
    70/105: $1\pack_epc$func$./build_yosys/cpu_yosys.v:3868$3269.$result[31:0]$3332
    71/105: $1\pack_tvec_direct$func$./build_yosys/cpu_yosys.v:3866$3268.v[31:0]$3331
    72/105: $1\pack_tvec_direct$func$./build_yosys/cpu_yosys.v:3866$3268.$result[31:0]$3330
    73/105: $0\csr_write_pending[0:0]
    74/105: $0\csr_write_no_side_effect_rs[0:0]
    75/105: $0\csr_write_newv[31:0]
    76/105: $0\csr_write_addr[11:0]
    77/105: $0\csr_priv_mode[1:0]
    78/105: $0\csr_stval[31:0]
    79/105: $0\csr_scause[31:0]
    80/105: $0\csr_sepc[31:0]
    81/105: $0\csr_sscratch[31:0]
    82/105: $0\csr_stvec[31:0]
    83/105: $0\csr_sie[31:0]
    84/105: $3\pack_epc$func$./build_yosys/cpu_yosys.v:3903$3273.$result[31:0]$3379
    85/105: $0\csr_mtval[31:0]
    86/105: $0\csr_mcause[31:0]
    87/105: $0\csr_mepc[31:0]
    88/105: $0\csr_mscratch[31:0]
    89/105: $0\csr_mtvec[31:0]
    90/105: $3\pack_epc$func$./build_yosys/cpu_yosys.v:3882$3272.v[31:0]$3369
    91/105: $0\csr_mie[31:0]
    92/105: $0\csr_medeleg[31:0]
    93/105: $0\csr_sstatus[31:0] [31:9]
    94/105: $0\csr_satp[31:0]
    95/105: $0\csr_CPU_MON_CTRL[31:0]
    96/105: $0\csr_SA_ADDR_C[31:0]
    97/105: $0\csr_SA_ADDR_B[31:0]
    98/105: $0\csr_SA_ADDR_A[31:0]
    99/105: $0\csr_SA_MODE[31:0]
   100/105: $0\csr_SA_CTRL[31:0]
   101/105: $0\csr_DCACHE_CTRL[31:0]
   102/105: $0\csr_DMA_DST[31:0]
   103/105: $0\csr_DMA_SRC[31:0]
   104/105: $0\csr_DMA_WORDS[31:0]
   105/105: $0\csr_DMA_CTRL[31:0]
Creating decoders for process `\Csr.$proc$./build_yosys/cpu_yosys.v:3812$3290'.
     1/16: $2\sip_view$func$./build_yosys/cpu_yosys.v:3788$3265.v[31:0]$3305 [31:10]
     2/16: $2\sip_view$func$./build_yosys/cpu_yosys.v:3788$3265.v[31:0]$3305 [4:2]
     3/16: $2\sip_view$func$./build_yosys/cpu_yosys.v:3788$3265.v[31:0]$3305 [1]
     4/16: $2\sip_view$func$./build_yosys/cpu_yosys.v:3788$3265.v[31:0]$3305 [0]
     5/16: $2\sip_view$func$./build_yosys/cpu_yosys.v:3788$3265.v[31:0]$3305 [9]
     6/16: $2\sip_view$func$./build_yosys/cpu_yosys.v:3788$3265.v[31:0]$3305 [8:6]
     7/16: $2\sip_view$func$./build_yosys/cpu_yosys.v:3788$3265.v[31:0]$3305 [5]
     8/16: $2\csr_read_mux$func$./build_yosys/cpu_yosys.v:3816$3264.$result[31:0]$3302
     9/16: $2\sip_view$func$./build_yosys/cpu_yosys.v:3788$3265.mip[31:0]$3304
    10/16: $2\sip_view$func$./build_yosys/cpu_yosys.v:3788$3265.$result[31:0]$3303
    11/16: $0\csr_rdata[31:0]
    12/16: $1\sip_view$func$./build_yosys/cpu_yosys.v:3788$3265.v[31:0]$3301
    13/16: $1\sip_view$func$./build_yosys/cpu_yosys.v:3788$3265.mip[31:0]$3300
    14/16: $1\sip_view$func$./build_yosys/cpu_yosys.v:3788$3265.$result[31:0]$3299
    15/16: $1\csr_read_mux$func$./build_yosys/cpu_yosys.v:3816$3264.$result[31:0]$3297
    16/16: $1\csr_read_mux$func$./build_yosys/cpu_yosys.v:3816$3264.a[11:0]$3298
Creating decoders for process `\Csr.$proc$./build_yosys/cpu_yosys.v:3769$3288'.
     1/2: $0\csr_SA_STATUS[31:0]
     2/2: $0\csr_DMA_STATUS[31:0]
Creating decoders for process `\Csr.$proc$./build_yosys/cpu_yosys.v:3740$3287'.

3.8. Executing PROC_DLATCH pass (convert process syncs to latches).
No latch inferred for signal `$paramod\Execute\ENABLE_MUL=1'0\ENABLE_DIV=1'0.\_sv2v_0' from process `$paramod\Execute\ENABLE_MUL=1'0\ENABLE_DIV=1'0.$proc$./build_yosys/cpu_yosys.v:0$3621'.
No latch inferred for signal `$paramod\Execute\ENABLE_MUL=1'0\ENABLE_DIV=1'0.\busy' from process `$paramod\Execute\ENABLE_MUL=1'0\ENABLE_DIV=1'0.$proc$./build_yosys/cpu_yosys.v:2637$3579'.
No latch inferred for signal `$paramod\Execute\ENABLE_MUL=1'0\ENABLE_DIV=1'0.\done' from process `$paramod\Execute\ENABLE_MUL=1'0\ENABLE_DIV=1'0.$proc$./build_yosys/cpu_yosys.v:2637$3579'.
No latch inferred for signal `$paramod\Execute\ENABLE_MUL=1'0\ENABLE_DIV=1'0.\alu_data' from process `$paramod\Execute\ENABLE_MUL=1'0\ENABLE_DIV=1'0.$proc$./build_yosys/cpu_yosys.v:2637$3579'.
No latch inferred for signal `$paramod\Execute\ENABLE_MUL=1'0\ENABLE_DIV=1'0.\r_data1' from process `$paramod\Execute\ENABLE_MUL=1'0\ENABLE_DIV=1'0.$proc$./build_yosys/cpu_yosys.v:2637$3579'.
No latch inferred for signal `$paramod\Execute\ENABLE_MUL=1'0\ENABLE_DIV=1'0.\r_data2' from process `$paramod\Execute\ENABLE_MUL=1'0\ENABLE_DIV=1'0.$proc$./build_yosys/cpu_yosys.v:2637$3579'.
No latch inferred for signal `$paramod\Execute\ENABLE_MUL=1'0\ENABLE_DIV=1'0.\out_pc' from process `$paramod\Execute\ENABLE_MUL=1'0\ENABLE_DIV=1'0.$proc$./build_yosys/cpu_yosys.v:2637$3579'.
No latch inferred for signal `$paramod\Execute\ENABLE_MUL=1'1\ENABLE_DIV=1'1.\_sv2v_0' from process `$paramod\Execute\ENABLE_MUL=1'1\ENABLE_DIV=1'1.$proc$./build_yosys/cpu_yosys.v:0$3560'.
No latch inferred for signal `$paramod\Execute\ENABLE_MUL=1'1\ENABLE_DIV=1'1.\busy' from process `$paramod\Execute\ENABLE_MUL=1'1\ENABLE_DIV=1'1.$proc$./build_yosys/cpu_yosys.v:2637$3518'.
No latch inferred for signal `$paramod\Execute\ENABLE_MUL=1'1\ENABLE_DIV=1'1.\done' from process `$paramod\Execute\ENABLE_MUL=1'1\ENABLE_DIV=1'1.$proc$./build_yosys/cpu_yosys.v:2637$3518'.
No latch inferred for signal `$paramod\Execute\ENABLE_MUL=1'1\ENABLE_DIV=1'1.\alu_data' from process `$paramod\Execute\ENABLE_MUL=1'1\ENABLE_DIV=1'1.$proc$./build_yosys/cpu_yosys.v:2637$3518'.
No latch inferred for signal `$paramod\Execute\ENABLE_MUL=1'1\ENABLE_DIV=1'1.\r_data1' from process `$paramod\Execute\ENABLE_MUL=1'1\ENABLE_DIV=1'1.$proc$./build_yosys/cpu_yosys.v:2637$3518'.
No latch inferred for signal `$paramod\Execute\ENABLE_MUL=1'1\ENABLE_DIV=1'1.\r_data2' from process `$paramod\Execute\ENABLE_MUL=1'1\ENABLE_DIV=1'1.$proc$./build_yosys/cpu_yosys.v:2637$3518'.
No latch inferred for signal `$paramod\Execute\ENABLE_MUL=1'1\ENABLE_DIV=1'1.\out_pc' from process `$paramod\Execute\ENABLE_MUL=1'1\ENABLE_DIV=1'1.$proc$./build_yosys/cpu_yosys.v:2637$3518'.
No latch inferred for signal `\Decorder.\decoder_ctrl_next' from process `\Decorder.$proc$./build_yosys/cpu_yosys.v:2496$2292'.
No latch inferred for signal `$paramod$01725da92754737a8a2ce09aa1322a94754cc9bb\PSC_Register.\_sv2v_0' from process `$paramod$01725da92754737a8a2ce09aa1322a94754cc9bb\PSC_Register.$proc$./build_yosys/cpu_yosys.v:0$3801'.
No latch inferred for signal `$paramod$01725da92754737a8a2ce09aa1322a94754cc9bb\PSC_Register.\read_data1' from process `$paramod$01725da92754737a8a2ce09aa1322a94754cc9bb\PSC_Register.$proc$./build_yosys/cpu_yosys.v:3176$3626'.
No latch inferred for signal `$paramod$01725da92754737a8a2ce09aa1322a94754cc9bb\PSC_Register.\read_data2' from process `$paramod$01725da92754737a8a2ce09aa1322a94754cc9bb\PSC_Register.$proc$./build_yosys/cpu_yosys.v:3176$3626'.
No latch inferred for signal `$paramod$01725da92754737a8a2ce09aa1322a94754cc9bb\PSC_Register.\read_ready1' from process `$paramod$01725da92754737a8a2ce09aa1322a94754cc9bb\PSC_Register.$proc$./build_yosys/cpu_yosys.v:3176$3626'.
No latch inferred for signal `$paramod$01725da92754737a8a2ce09aa1322a94754cc9bb\PSC_Register.\read_ready2' from process `$paramod$01725da92754737a8a2ce09aa1322a94754cc9bb\PSC_Register.$proc$./build_yosys/cpu_yosys.v:3176$3626'.
No latch inferred for signal `$paramod$01725da92754737a8a2ce09aa1322a94754cc9bb\PSC_Register.$mem2reg_rd$\registers$./build_yosys/cpu_yosys.v:3179$3622_ADDR' from process `$paramod$01725da92754737a8a2ce09aa1322a94754cc9bb\PSC_Register.$proc$./build_yosys/cpu_yosys.v:3176$3626'.
No latch inferred for signal `$paramod$01725da92754737a8a2ce09aa1322a94754cc9bb\PSC_Register.$mem2reg_rd$\registers$./build_yosys/cpu_yosys.v:3179$3622_DATA' from process `$paramod$01725da92754737a8a2ce09aa1322a94754cc9bb\PSC_Register.$proc$./build_yosys/cpu_yosys.v:3176$3626'.
No latch inferred for signal `$paramod$01725da92754737a8a2ce09aa1322a94754cc9bb\PSC_Register.$mem2reg_rd$\registers$./build_yosys/cpu_yosys.v:3180$3623_ADDR' from process `$paramod$01725da92754737a8a2ce09aa1322a94754cc9bb\PSC_Register.$proc$./build_yosys/cpu_yosys.v:3176$3626'.
No latch inferred for signal `$paramod$01725da92754737a8a2ce09aa1322a94754cc9bb\PSC_Register.$mem2reg_rd$\registers$./build_yosys/cpu_yosys.v:3180$3623_DATA' from process `$paramod$01725da92754737a8a2ce09aa1322a94754cc9bb\PSC_Register.$proc$./build_yosys/cpu_yosys.v:3176$3626'.
No latch inferred for signal `$paramod$01725da92754737a8a2ce09aa1322a94754cc9bb\PSC_Register.$mem2reg_rd$\ready$./build_yosys/cpu_yosys.v:3181$3624_ADDR' from process `$paramod$01725da92754737a8a2ce09aa1322a94754cc9bb\PSC_Register.$proc$./build_yosys/cpu_yosys.v:3176$3626'.
No latch inferred for signal `$paramod$01725da92754737a8a2ce09aa1322a94754cc9bb\PSC_Register.$mem2reg_rd$\ready$./build_yosys/cpu_yosys.v:3181$3624_DATA' from process `$paramod$01725da92754737a8a2ce09aa1322a94754cc9bb\PSC_Register.$proc$./build_yosys/cpu_yosys.v:3176$3626'.
No latch inferred for signal `$paramod$01725da92754737a8a2ce09aa1322a94754cc9bb\PSC_Register.$mem2reg_rd$\ready$./build_yosys/cpu_yosys.v:3182$3625_ADDR' from process `$paramod$01725da92754737a8a2ce09aa1322a94754cc9bb\PSC_Register.$proc$./build_yosys/cpu_yosys.v:3176$3626'.
No latch inferred for signal `$paramod$01725da92754737a8a2ce09aa1322a94754cc9bb\PSC_Register.$mem2reg_rd$\ready$./build_yosys/cpu_yosys.v:3182$3625_DATA' from process `$paramod$01725da92754737a8a2ce09aa1322a94754cc9bb\PSC_Register.$proc$./build_yosys/cpu_yosys.v:3176$3626'.
No latch inferred for signal `\PSC_InstructionUnit.\_sv2v_0' from process `\PSC_InstructionUnit.$proc$./build_yosys/cpu_yosys.v:0$5705'.
No latch inferred for signal `\PSC_InstructionUnit.$mem2reg_rd$\rob$./build_yosys/cpu_yosys.v:2217$3958_DATA' from process `\PSC_InstructionUnit.$proc$./build_yosys/cpu_yosys.v:0$5702'.
No latch inferred for signal `\PSC_InstructionUnit.$mem2reg_rd$\rob$./build_yosys/cpu_yosys.v:2216$3957_DATA' from process `\PSC_InstructionUnit.$proc$./build_yosys/cpu_yosys.v:0$5699'.
No latch inferred for signal `\PSC_InstructionUnit.$mem2reg_rd$\rob$./build_yosys/cpu_yosys.v:1754$3956_DATA' from process `\PSC_InstructionUnit.$proc$./build_yosys/cpu_yosys.v:0$5696'.
No latch inferred for signal `\PSC_InstructionUnit.$mem2reg_rd$\rob$./build_yosys/cpu_yosys.v:1753$3955_DATA' from process `\PSC_InstructionUnit.$proc$./build_yosys/cpu_yosys.v:0$5693'.
No latch inferred for signal `\PSC_InstructionUnit.$mem2reg_rd$\rob$./build_yosys/cpu_yosys.v:1746$3954_DATA' from process `\PSC_InstructionUnit.$proc$./build_yosys/cpu_yosys.v:0$5690'.
No latch inferred for signal `\PSC_InstructionUnit.$mem2reg_rd$\rob$./build_yosys/cpu_yosys.v:1745$3953_DATA' from process `\PSC_InstructionUnit.$proc$./build_yosys/cpu_yosys.v:0$5687'.
No latch inferred for signal `\PSC_InstructionUnit.$mem2reg_rd$\rob$./build_yosys/cpu_yosys.v:1745$3952_DATA' from process `\PSC_InstructionUnit.$proc$./build_yosys/cpu_yosys.v:0$5684'.
No latch inferred for signal `\PSC_InstructionUnit.$mem2reg_rd$\rob$./build_yosys/cpu_yosys.v:1967$3874_DATA' from process `\PSC_InstructionUnit.$proc$./build_yosys/cpu_yosys.v:0$5681'.
No latch inferred for signal `\PSC_InstructionUnit.$mem2reg_rd$\rob$./build_yosys/cpu_yosys.v:1967$3873_DATA' from process `\PSC_InstructionUnit.$proc$./build_yosys/cpu_yosys.v:0$5678'.
No latch inferred for signal `\PSC_InstructionUnit.$mem2reg_rd$\rob$./build_yosys/cpu_yosys.v:1967$3872_DATA' from process `\PSC_InstructionUnit.$proc$./build_yosys/cpu_yosys.v:0$5675'.
No latch inferred for signal `\PSC_InstructionUnit.$mem2reg_rd$\rob$./build_yosys/cpu_yosys.v:1967$3871_DATA' from process `\PSC_InstructionUnit.$proc$./build_yosys/cpu_yosys.v:0$5672'.
No latch inferred for signal `\PSC_InstructionUnit.$mem2reg_rd$\rob$./build_yosys/cpu_yosys.v:1967$3870_DATA' from process `\PSC_InstructionUnit.$proc$./build_yosys/cpu_yosys.v:0$5669'.
No latch inferred for signal `\PSC_InstructionUnit.$mem2reg_rd$\rob$./build_yosys/cpu_yosys.v:1967$3869_DATA' from process `\PSC_InstructionUnit.$proc$./build_yosys/cpu_yosys.v:0$5666'.
No latch inferred for signal `\PSC_InstructionUnit.$mem2reg_rd$\rob$./build_yosys/cpu_yosys.v:1967$3868_DATA' from process `\PSC_InstructionUnit.$proc$./build_yosys/cpu_yosys.v:0$5663'.
No latch inferred for signal `\PSC_InstructionUnit.$mem2reg_rd$\rob$./build_yosys/cpu_yosys.v:1966$3867_DATA' from process `\PSC_InstructionUnit.$proc$./build_yosys/cpu_yosys.v:0$5660'.
No latch inferred for signal `\PSC_InstructionUnit.$mem2reg_rd$\rob$./build_yosys/cpu_yosys.v:1965$3866_DATA' from process `\PSC_InstructionUnit.$proc$./build_yosys/cpu_yosys.v:0$5657'.
No latch inferred for signal `\PSC_InstructionUnit.$mem2reg_rd$\rob$./build_yosys/cpu_yosys.v:1964$3865_DATA' from process `\PSC_InstructionUnit.$proc$./build_yosys/cpu_yosys.v:0$5654'.
No latch inferred for signal `\PSC_InstructionUnit.$mem2reg_rd$\rob$./build_yosys/cpu_yosys.v:1963$3864_DATA' from process `\PSC_InstructionUnit.$proc$./build_yosys/cpu_yosys.v:0$5651'.
No latch inferred for signal `\PSC_InstructionUnit.$mem2reg_rd$\rob$./build_yosys/cpu_yosys.v:1954$3861_DATA' from process `\PSC_InstructionUnit.$proc$./build_yosys/cpu_yosys.v:0$5648'.
No latch inferred for signal `\PSC_InstructionUnit.$mem2reg_rd$\rob$./build_yosys/cpu_yosys.v:1954$3860_DATA' from process `\PSC_InstructionUnit.$proc$./build_yosys/cpu_yosys.v:0$5645'.
No latch inferred for signal `\PSC_InstructionUnit.$mem2reg_rd$\rob$./build_yosys/cpu_yosys.v:1953$3859_DATA' from process `\PSC_InstructionUnit.$proc$./build_yosys/cpu_yosys.v:0$5642'.
No latch inferred for signal `\PSC_InstructionUnit.$mem2reg_rd$\rob$./build_yosys/cpu_yosys.v:1953$3858_DATA' from process `\PSC_InstructionUnit.$proc$./build_yosys/cpu_yosys.v:0$5639'.
No latch inferred for signal `\PSC_InstructionUnit.$mem2reg_rd$\rob$./build_yosys/cpu_yosys.v:1952$3857_DATA' from process `\PSC_InstructionUnit.$proc$./build_yosys/cpu_yosys.v:0$5636'.
No latch inferred for signal `\PSC_InstructionUnit.$mem2reg_rd$\rob$./build_yosys/cpu_yosys.v:1952$3856_DATA' from process `\PSC_InstructionUnit.$proc$./build_yosys/cpu_yosys.v:0$5633'.
No latch inferred for signal `\PSC_InstructionUnit.$mem2reg_rd$\rob$./build_yosys/cpu_yosys.v:1952$3855_DATA' from process `\PSC_InstructionUnit.$proc$./build_yosys/cpu_yosys.v:0$5630'.
No latch inferred for signal `\PSC_InstructionUnit.$mem2reg_rd$\rob$./build_yosys/cpu_yosys.v:1952$3854_DATA' from process `\PSC_InstructionUnit.$proc$./build_yosys/cpu_yosys.v:0$5627'.
No latch inferred for signal `\PSC_InstructionUnit.$mem2reg_rd$\rob$./build_yosys/cpu_yosys.v:1951$3853_DATA' from process `\PSC_InstructionUnit.$proc$./build_yosys/cpu_yosys.v:0$5624'.
No latch inferred for signal `\PSC_InstructionUnit.$mem2reg_rd$\rob$./build_yosys/cpu_yosys.v:1951$3852_DATA' from process `\PSC_InstructionUnit.$proc$./build_yosys/cpu_yosys.v:0$5621'.
No latch inferred for signal `\PSC_InstructionUnit.$mem2reg_rd$\rob$./build_yosys/cpu_yosys.v:1951$3851_DATA' from process `\PSC_InstructionUnit.$proc$./build_yosys/cpu_yosys.v:0$5618'.
No latch inferred for signal `\PSC_InstructionUnit.$mem2reg_rd$\rob$./build_yosys/cpu_yosys.v:1951$3850_DATA' from process `\PSC_InstructionUnit.$proc$./build_yosys/cpu_yosys.v:0$5615'.
No latch inferred for signal `\PSC_InstructionUnit.$mem2reg_rd$\rob$./build_yosys/cpu_yosys.v:1950$3849_DATA' from process `\PSC_InstructionUnit.$proc$./build_yosys/cpu_yosys.v:0$5612'.
No latch inferred for signal `\PSC_InstructionUnit.$mem2reg_rd$\rob$./build_yosys/cpu_yosys.v:1949$3848_DATA' from process `\PSC_InstructionUnit.$proc$./build_yosys/cpu_yosys.v:0$5609'.
No latch inferred for signal `\PSC_InstructionUnit.$mem2reg_rd$\rob$./build_yosys/cpu_yosys.v:1947$3847_DATA' from process `\PSC_InstructionUnit.$proc$./build_yosys/cpu_yosys.v:0$5606'.
No latch inferred for signal `\PSC_InstructionUnit.$mem2reg_rd$\rob$./build_yosys/cpu_yosys.v:1946$3846_DATA' from process `\PSC_InstructionUnit.$proc$./build_yosys/cpu_yosys.v:0$5603'.
No latch inferred for signal `\PSC_InstructionUnit.$mem2reg_rd$\rob$./build_yosys/cpu_yosys.v:1945$3845_DATA' from process `\PSC_InstructionUnit.$proc$./build_yosys/cpu_yosys.v:0$5600'.
No latch inferred for signal `\PSC_InstructionUnit.$mem2reg_rd$\rob$./build_yosys/cpu_yosys.v:1944$3844_DATA' from process `\PSC_InstructionUnit.$proc$./build_yosys/cpu_yosys.v:0$5597'.
No latch inferred for signal `\PSC_InstructionUnit.\commit_ctrl' from process `\PSC_InstructionUnit.$proc$./build_yosys/cpu_yosys.v:1955$4330'.
No latch inferred for signal `\PSC_InstructionUnit.$mem2reg_rd$\rob$./build_yosys/cpu_yosys.v:1959$3862_ADDR' from process `\PSC_InstructionUnit.$proc$./build_yosys/cpu_yosys.v:1955$4330'.
No latch inferred for signal `\PSC_InstructionUnit.$mem2reg_rd$\rob$./build_yosys/cpu_yosys.v:1959$3862_DATA' from process `\PSC_InstructionUnit.$proc$./build_yosys/cpu_yosys.v:1955$4330'.
No latch inferred for signal `\PSC_InstructionUnit.$mem2reg_rd$\rob$./build_yosys/cpu_yosys.v:1961$3863_ADDR' from process `\PSC_InstructionUnit.$proc$./build_yosys/cpu_yosys.v:1955$4330'.
No latch inferred for signal `\PSC_InstructionUnit.$mem2reg_rd$\rob$./build_yosys/cpu_yosys.v:1961$3863_DATA' from process `\PSC_InstructionUnit.$proc$./build_yosys/cpu_yosys.v:1955$4330'.
No latch inferred for signal `\PSC_InstructionUnit.\md_execute_ctrl' from process `\PSC_InstructionUnit.$proc$./build_yosys/cpu_yosys.v:1928$4299'.
No latch inferred for signal `\PSC_InstructionUnit.\alu_select_valid' from process `\PSC_InstructionUnit.$proc$./build_yosys/cpu_yosys.v:1895$4222'.
No latch inferred for signal `\PSC_InstructionUnit.\alu_select_idx' from process `\PSC_InstructionUnit.$proc$./build_yosys/cpu_yosys.v:1895$4222'.
No latch inferred for signal `\PSC_InstructionUnit.\md_select_valid' from process `\PSC_InstructionUnit.$proc$./build_yosys/cpu_yosys.v:1895$4222'.
No latch inferred for signal `\PSC_InstructionUnit.\md_select_idx' from process `\PSC_InstructionUnit.$proc$./build_yosys/cpu_yosys.v:1895$4222'.
No latch inferred for signal `\PSC_InstructionUnit.\iq0_ready' from process `\PSC_InstructionUnit.$proc$./build_yosys/cpu_yosys.v:1895$4222'.
No latch inferred for signal `\PSC_InstructionUnit.\iq1_ready' from process `\PSC_InstructionUnit.$proc$./build_yosys/cpu_yosys.v:1895$4222'.
No latch inferred for signal `\PSC_InstructionUnit.\iq0_md_candidate' from process `\PSC_InstructionUnit.$proc$./build_yosys/cpu_yosys.v:1895$4222'.
No latch inferred for signal `\PSC_InstructionUnit.\iq1_md_candidate' from process `\PSC_InstructionUnit.$proc$./build_yosys/cpu_yosys.v:1895$4222'.
No latch inferred for signal `\PSC_InstructionUnit.\iq0_alu_candidate' from process `\PSC_InstructionUnit.$proc$./build_yosys/cpu_yosys.v:1895$4222'.
No latch inferred for signal `\PSC_InstructionUnit.\iq1_alu_candidate' from process `\PSC_InstructionUnit.$proc$./build_yosys/cpu_yosys.v:1895$4222'.
No latch inferred for signal `\PSC_InstructionUnit.\is_mul_div$func$./build_yosys/cpu_yosys.v:1900$3810.$result' from process `\PSC_InstructionUnit.$proc$./build_yosys/cpu_yosys.v:1895$4222'.
No latch inferred for signal `\PSC_InstructionUnit.\is_mul_div$func$./build_yosys/cpu_yosys.v:1900$3810.ctrl' from process `\PSC_InstructionUnit.$proc$./build_yosys/cpu_yosys.v:1895$4222'.
No latch inferred for signal `\PSC_InstructionUnit.\is_mul_div$func$./build_yosys/cpu_yosys.v:1901$3811.$result' from process `\PSC_InstructionUnit.$proc$./build_yosys/cpu_yosys.v:1895$4222'.
No latch inferred for signal `\PSC_InstructionUnit.\is_mul_div$func$./build_yosys/cpu_yosys.v:1901$3811.ctrl' from process `\PSC_InstructionUnit.$proc$./build_yosys/cpu_yosys.v:1895$4222'.
No latch inferred for signal `\PSC_InstructionUnit.\is_mul_div$func$./build_yosys/cpu_yosys.v:1902$3812.$result' from process `\PSC_InstructionUnit.$proc$./build_yosys/cpu_yosys.v:1895$4222'.
No latch inferred for signal `\PSC_InstructionUnit.\is_mul_div$func$./build_yosys/cpu_yosys.v:1902$3812.ctrl' from process `\PSC_InstructionUnit.$proc$./build_yosys/cpu_yosys.v:1895$4222'.
No latch inferred for signal `\PSC_InstructionUnit.\is_mul_div$func$./build_yosys/cpu_yosys.v:1903$3813.$result' from process `\PSC_InstructionUnit.$proc$./build_yosys/cpu_yosys.v:1895$4222'.
No latch inferred for signal `\PSC_InstructionUnit.\is_mul_div$func$./build_yosys/cpu_yosys.v:1903$3813.ctrl' from process `\PSC_InstructionUnit.$proc$./build_yosys/cpu_yosys.v:1895$4222'.
No latch inferred for signal `\PSC_InstructionUnit.$mem2reg_rd$\rob$./build_yosys/cpu_yosys.v:1900$3838_ADDR' from process `\PSC_InstructionUnit.$proc$./build_yosys/cpu_yosys.v:1895$4222'.
No latch inferred for signal `\PSC_InstructionUnit.$mem2reg_rd$\rob$./build_yosys/cpu_yosys.v:1900$3838_DATA' from process `\PSC_InstructionUnit.$proc$./build_yosys/cpu_yosys.v:1895$4222'.
No latch inferred for signal `\PSC_InstructionUnit.$mem2reg_rd$\rob$./build_yosys/cpu_yosys.v:1901$3839_ADDR' from process `\PSC_InstructionUnit.$proc$./build_yosys/cpu_yosys.v:1895$4222'.
No latch inferred for signal `\PSC_InstructionUnit.$mem2reg_rd$\rob$./build_yosys/cpu_yosys.v:1901$3839_DATA' from process `\PSC_InstructionUnit.$proc$./build_yosys/cpu_yosys.v:1895$4222'.
No latch inferred for signal `\PSC_InstructionUnit.$mem2reg_rd$\rob$./build_yosys/cpu_yosys.v:1902$3840_ADDR' from process `\PSC_InstructionUnit.$proc$./build_yosys/cpu_yosys.v:1895$4222'.
No latch inferred for signal `\PSC_InstructionUnit.$mem2reg_rd$\rob$./build_yosys/cpu_yosys.v:1902$3840_DATA' from process `\PSC_InstructionUnit.$proc$./build_yosys/cpu_yosys.v:1895$4222'.
No latch inferred for signal `\PSC_InstructionUnit.$mem2reg_rd$\rob$./build_yosys/cpu_yosys.v:1902$3841_ADDR' from process `\PSC_InstructionUnit.$proc$./build_yosys/cpu_yosys.v:1895$4222'.
No latch inferred for signal `\PSC_InstructionUnit.$mem2reg_rd$\rob$./build_yosys/cpu_yosys.v:1902$3841_DATA' from process `\PSC_InstructionUnit.$proc$./build_yosys/cpu_yosys.v:1895$4222'.
No latch inferred for signal `\PSC_InstructionUnit.$mem2reg_rd$\rob$./build_yosys/cpu_yosys.v:1903$3842_ADDR' from process `\PSC_InstructionUnit.$proc$./build_yosys/cpu_yosys.v:1895$4222'.
No latch inferred for signal `\PSC_InstructionUnit.$mem2reg_rd$\rob$./build_yosys/cpu_yosys.v:1903$3842_DATA' from process `\PSC_InstructionUnit.$proc$./build_yosys/cpu_yosys.v:1895$4222'.
No latch inferred for signal `\PSC_InstructionUnit.$mem2reg_rd$\rob$./build_yosys/cpu_yosys.v:1903$3843_ADDR' from process `\PSC_InstructionUnit.$proc$./build_yosys/cpu_yosys.v:1895$4222'.
No latch inferred for signal `\PSC_InstructionUnit.$mem2reg_rd$\rob$./build_yosys/cpu_yosys.v:1903$3843_DATA' from process `\PSC_InstructionUnit.$proc$./build_yosys/cpu_yosys.v:1895$4222'.
No latch inferred for signal `\PSC_InstructionUnit.\dispatch_src1_ready' from process `\PSC_InstructionUnit.$proc$./build_yosys/cpu_yosys.v:1851$4091'.
No latch inferred for signal `\PSC_InstructionUnit.\dispatch_src1_value' from process `\PSC_InstructionUnit.$proc$./build_yosys/cpu_yosys.v:1851$4091'.
No latch inferred for signal `\PSC_InstructionUnit.\dispatch_src2_ready' from process `\PSC_InstructionUnit.$proc$./build_yosys/cpu_yosys.v:1851$4091'.
No latch inferred for signal `\PSC_InstructionUnit.\dispatch_src2_value' from process `\PSC_InstructionUnit.$proc$./build_yosys/cpu_yosys.v:1851$4091'.
No latch inferred for signal `\PSC_InstructionUnit.$mem2reg_rd$\rob$./build_yosys/cpu_yosys.v:1864$3834_ADDR' from process `\PSC_InstructionUnit.$proc$./build_yosys/cpu_yosys.v:1851$4091'.
No latch inferred for signal `\PSC_InstructionUnit.$mem2reg_rd$\rob$./build_yosys/cpu_yosys.v:1864$3834_DATA' from process `\PSC_InstructionUnit.$proc$./build_yosys/cpu_yosys.v:1851$4091'.
No latch inferred for signal `\PSC_InstructionUnit.$mem2reg_rd$\rob$./build_yosys/cpu_yosys.v:1864$3835_ADDR' from process `\PSC_InstructionUnit.$proc$./build_yosys/cpu_yosys.v:1851$4091'.
No latch inferred for signal `\PSC_InstructionUnit.$mem2reg_rd$\rob$./build_yosys/cpu_yosys.v:1864$3835_DATA' from process `\PSC_InstructionUnit.$proc$./build_yosys/cpu_yosys.v:1851$4091'.
No latch inferred for signal `\PSC_InstructionUnit.$mem2reg_rd$\rob$./build_yosys/cpu_yosys.v:1878$3836_ADDR' from process `\PSC_InstructionUnit.$proc$./build_yosys/cpu_yosys.v:1851$4091'.
No latch inferred for signal `\PSC_InstructionUnit.$mem2reg_rd$\rob$./build_yosys/cpu_yosys.v:1878$3836_DATA' from process `\PSC_InstructionUnit.$proc$./build_yosys/cpu_yosys.v:1851$4091'.
No latch inferred for signal `\PSC_InstructionUnit.$mem2reg_rd$\rob$./build_yosys/cpu_yosys.v:1878$3837_ADDR' from process `\PSC_InstructionUnit.$proc$./build_yosys/cpu_yosys.v:1851$4091'.
No latch inferred for signal `\PSC_InstructionUnit.$mem2reg_rd$\rob$./build_yosys/cpu_yosys.v:1878$3837_DATA' from process `\PSC_InstructionUnit.$proc$./build_yosys/cpu_yosys.v:1851$4091'.
No latch inferred for signal `\PSC_InstructionUnit.\capture_src1_tag' from process `\PSC_InstructionUnit.$proc$./build_yosys/cpu_yosys.v:1823$3974'.
No latch inferred for signal `\PSC_InstructionUnit.\capture_src2_tag' from process `\PSC_InstructionUnit.$proc$./build_yosys/cpu_yosys.v:1823$3974'.
No latch inferred for signal `\PSC_InstructionUnit.$mem2reg_rd$\rob$./build_yosys/cpu_yosys.v:1832$3824_ADDR' from process `\PSC_InstructionUnit.$proc$./build_yosys/cpu_yosys.v:1823$3974'.
No latch inferred for signal `\PSC_InstructionUnit.$mem2reg_rd$\rob$./build_yosys/cpu_yosys.v:1832$3824_DATA' from process `\PSC_InstructionUnit.$proc$./build_yosys/cpu_yosys.v:1823$3974'.
No latch inferred for signal `\PSC_InstructionUnit.$mem2reg_rd$\rob$./build_yosys/cpu_yosys.v:1832$3825_ADDR' from process `\PSC_InstructionUnit.$proc$./build_yosys/cpu_yosys.v:1823$3974'.
No latch inferred for signal `\PSC_InstructionUnit.$mem2reg_rd$\rob$./build_yosys/cpu_yosys.v:1832$3825_DATA' from process `\PSC_InstructionUnit.$proc$./build_yosys/cpu_yosys.v:1823$3974'.
No latch inferred for signal `\PSC_InstructionUnit.$mem2reg_rd$\rat_spec_slot$./build_yosys/cpu_yosys.v:1832$3826_ADDR' from process `\PSC_InstructionUnit.$proc$./build_yosys/cpu_yosys.v:1823$3974'.
No latch inferred for signal `\PSC_InstructionUnit.$mem2reg_rd$\rat_spec_slot$./build_yosys/cpu_yosys.v:1832$3826_DATA' from process `\PSC_InstructionUnit.$proc$./build_yosys/cpu_yosys.v:1823$3974'.
No latch inferred for signal `\PSC_InstructionUnit.$mem2reg_rd$\rob$./build_yosys/cpu_yosys.v:1832$3827_ADDR' from process `\PSC_InstructionUnit.$proc$./build_yosys/cpu_yosys.v:1823$3974'.
No latch inferred for signal `\PSC_InstructionUnit.$mem2reg_rd$\rob$./build_yosys/cpu_yosys.v:1832$3827_DATA' from process `\PSC_InstructionUnit.$proc$./build_yosys/cpu_yosys.v:1823$3974'.
No latch inferred for signal `\PSC_InstructionUnit.$mem2reg_rd$\rat_spec_slot$./build_yosys/cpu_yosys.v:1835$3828_ADDR' from process `\PSC_InstructionUnit.$proc$./build_yosys/cpu_yosys.v:1823$3974'.
No latch inferred for signal `\PSC_InstructionUnit.$mem2reg_rd$\rat_spec_slot$./build_yosys/cpu_yosys.v:1835$3828_DATA' from process `\PSC_InstructionUnit.$proc$./build_yosys/cpu_yosys.v:1823$3974'.
No latch inferred for signal `\PSC_InstructionUnit.$mem2reg_rd$\rob$./build_yosys/cpu_yosys.v:1843$3829_ADDR' from process `\PSC_InstructionUnit.$proc$./build_yosys/cpu_yosys.v:1823$3974'.
No latch inferred for signal `\PSC_InstructionUnit.$mem2reg_rd$\rob$./build_yosys/cpu_yosys.v:1843$3829_DATA' from process `\PSC_InstructionUnit.$proc$./build_yosys/cpu_yosys.v:1823$3974'.
No latch inferred for signal `\PSC_InstructionUnit.$mem2reg_rd$\rob$./build_yosys/cpu_yosys.v:1843$3830_ADDR' from process `\PSC_InstructionUnit.$proc$./build_yosys/cpu_yosys.v:1823$3974'.
No latch inferred for signal `\PSC_InstructionUnit.$mem2reg_rd$\rob$./build_yosys/cpu_yosys.v:1843$3830_DATA' from process `\PSC_InstructionUnit.$proc$./build_yosys/cpu_yosys.v:1823$3974'.
No latch inferred for signal `\PSC_InstructionUnit.$mem2reg_rd$\rat_spec_slot$./build_yosys/cpu_yosys.v:1843$3831_ADDR' from process `\PSC_InstructionUnit.$proc$./build_yosys/cpu_yosys.v:1823$3974'.
No latch inferred for signal `\PSC_InstructionUnit.$mem2reg_rd$\rat_spec_slot$./build_yosys/cpu_yosys.v:1843$3831_DATA' from process `\PSC_InstructionUnit.$proc$./build_yosys/cpu_yosys.v:1823$3974'.
No latch inferred for signal `\PSC_InstructionUnit.$mem2reg_rd$\rob$./build_yosys/cpu_yosys.v:1843$3832_ADDR' from process `\PSC_InstructionUnit.$proc$./build_yosys/cpu_yosys.v:1823$3974'.
No latch inferred for signal `\PSC_InstructionUnit.$mem2reg_rd$\rob$./build_yosys/cpu_yosys.v:1843$3832_DATA' from process `\PSC_InstructionUnit.$proc$./build_yosys/cpu_yosys.v:1823$3974'.
No latch inferred for signal `\PSC_InstructionUnit.$mem2reg_rd$\rat_spec_slot$./build_yosys/cpu_yosys.v:1846$3833_ADDR' from process `\PSC_InstructionUnit.$proc$./build_yosys/cpu_yosys.v:1823$3974'.
No latch inferred for signal `\PSC_InstructionUnit.$mem2reg_rd$\rat_spec_slot$./build_yosys/cpu_yosys.v:1846$3833_DATA' from process `\PSC_InstructionUnit.$proc$./build_yosys/cpu_yosys.v:1823$3974'.
No latch inferred for signal `\PSC_InstructionUnit.\has_free_phys' from process `\PSC_InstructionUnit.$proc$./build_yosys/cpu_yosys.v:1811$3967'.
No latch inferred for signal `\PSC_InstructionUnit.\alloc_phys' from process `\PSC_InstructionUnit.$proc$./build_yosys/cpu_yosys.v:1811$3967'.
No latch inferred for signal `\PSC_InstructionUnit.\scan_free' from process `\PSC_InstructionUnit.$proc$./build_yosys/cpu_yosys.v:1811$3967'.
No latch inferred for signal `\PSC_RV32_FetchUnit.\_sv2v_0' from process `\PSC_RV32_FetchUnit.$proc$./build_yosys/cpu_yosys.v:0$88'.
No latch inferred for signal `\PSC_RV32_FetchUnit.\next_state' from process `\PSC_RV32_FetchUnit.$proc$./build_yosys/cpu_yosys.v:966$68'.
No latch inferred for signal `\PSC_RV32_FetchUnit.\next_pc' from process `\PSC_RV32_FetchUnit.$proc$./build_yosys/cpu_yosys.v:966$68'.
No latch inferred for signal `\PSC_RV32_FetchUnit.\fetch_state_fifo_flush' from process `\PSC_RV32_FetchUnit.$proc$./build_yosys/cpu_yosys.v:966$68'.
No latch inferred for signal `\PSC_RV32_FetchUnit.\next_ready' from process `\PSC_RV32_FetchUnit.$proc$./build_yosys/cpu_yosys.v:966$68'.
No latch inferred for signal `\Csr.\_sv2v_0' from process `\Csr.$proc$./build_yosys/cpu_yosys.v:0$3417'.
No latch inferred for signal `\Csr.\csr_apply$func$./build_yosys/cpu_yosys.v:3818$3267.$result' from process `\Csr.$proc$./build_yosys/cpu_yosys.v:0$3404'.
No latch inferred for signal `\Csr.\csr_apply$func$./build_yosys/cpu_yosys.v:3818$3279.$result' from process `\Csr.$proc$./build_yosys/cpu_yosys.v:0$3404'.
No latch inferred for signal `\Csr.\csr_apply$func$./build_yosys/cpu_yosys.v:3818$3279.cmd' from process `\Csr.$proc$./build_yosys/cpu_yosys.v:0$3404'.
No latch inferred for signal `\Csr.\csr_apply$func$./build_yosys/cpu_yosys.v:3818$3279.no_side_effect_rs' from process `\Csr.$proc$./build_yosys/cpu_yosys.v:0$3404'.
No latch inferred for signal `\Csr.\csr_apply$func$./build_yosys/cpu_yosys.v:3818$3279.oldv' from process `\Csr.$proc$./build_yosys/cpu_yosys.v:0$3404'.
No latch inferred for signal `\Csr.\csr_apply$func$./build_yosys/cpu_yosys.v:3818$3279.wv' from process `\Csr.$proc$./build_yosys/cpu_yosys.v:0$3404'.
No latch inferred for signal `\Csr.\csr_read_mux$func$./build_yosys/cpu_yosys.v:3817$3266.$result' from process `\Csr.$proc$./build_yosys/cpu_yosys.v:0$3389'.
No latch inferred for signal `\Csr.\csr_read_mux$func$./build_yosys/cpu_yosys.v:3817$3277.$result' from process `\Csr.$proc$./build_yosys/cpu_yosys.v:0$3389'.
No latch inferred for signal `\Csr.\csr_read_mux$func$./build_yosys/cpu_yosys.v:3817$3277.a' from process `\Csr.$proc$./build_yosys/cpu_yosys.v:0$3389'.
No latch inferred for signal `\Csr.\sip_view$func$./build_yosys/cpu_yosys.v:3788$3278.$result' from process `\Csr.$proc$./build_yosys/cpu_yosys.v:0$3389'.
No latch inferred for signal `\Csr.\sip_view$func$./build_yosys/cpu_yosys.v:3788$3278.mip' from process `\Csr.$proc$./build_yosys/cpu_yosys.v:0$3389'.
No latch inferred for signal `\Csr.\sip_view$func$./build_yosys/cpu_yosys.v:3788$3278.v' from process `\Csr.$proc$./build_yosys/cpu_yosys.v:0$3389'.
No latch inferred for signal `\Csr.\priv_mode' from process `\Csr.$proc$./build_yosys/cpu_yosys.v:3740$3287'.
No latch inferred for signal `\Csr.\out_mstatus' from process `\Csr.$proc$./build_yosys/cpu_yosys.v:3740$3287'.
No latch inferred for signal `\Csr.\out_medeleg' from process `\Csr.$proc$./build_yosys/cpu_yosys.v:3740$3287'.
No latch inferred for signal `\Csr.\out_mie' from process `\Csr.$proc$./build_yosys/cpu_yosys.v:3740$3287'.
No latch inferred for signal `\Csr.\out_mip' from process `\Csr.$proc$./build_yosys/cpu_yosys.v:3740$3287'.
No latch inferred for signal `\Csr.\out_mtvec' from process `\Csr.$proc$./build_yosys/cpu_yosys.v:3740$3287'.
No latch inferred for signal `\Csr.\out_mepc' from process `\Csr.$proc$./build_yosys/cpu_yosys.v:3740$3287'.
No latch inferred for signal `\Csr.\out_mcause' from process `\Csr.$proc$./build_yosys/cpu_yosys.v:3740$3287'.
No latch inferred for signal `\Csr.\out_sstatus' from process `\Csr.$proc$./build_yosys/cpu_yosys.v:3740$3287'.
No latch inferred for signal `\Csr.\out_stvec' from process `\Csr.$proc$./build_yosys/cpu_yosys.v:3740$3287'.
No latch inferred for signal `\Csr.\out_sepc' from process `\Csr.$proc$./build_yosys/cpu_yosys.v:3740$3287'.
No latch inferred for signal `\Csr.\out_scause' from process `\Csr.$proc$./build_yosys/cpu_yosys.v:3740$3287'.
No latch inferred for signal `\Csr.\out_stval' from process `\Csr.$proc$./build_yosys/cpu_yosys.v:3740$3287'.
No latch inferred for signal `\Csr.\out_satp' from process `\Csr.$proc$./build_yosys/cpu_yosys.v:3740$3287'.
No latch inferred for signal `\Csr.\out_DCACHE_CTRL' from process `\Csr.$proc$./build_yosys/cpu_yosys.v:3740$3287'.
No latch inferred for signal `\Csr.\out_DMA_CTRL' from process `\Csr.$proc$./build_yosys/cpu_yosys.v:3740$3287'.
No latch inferred for signal `\Csr.\out_DMA_WORDS' from process `\Csr.$proc$./build_yosys/cpu_yosys.v:3740$3287'.
No latch inferred for signal `\Csr.\out_DMA_SRC' from process `\Csr.$proc$./build_yosys/cpu_yosys.v:3740$3287'.
No latch inferred for signal `\Csr.\out_DMA_DST' from process `\Csr.$proc$./build_yosys/cpu_yosys.v:3740$3287'.
No latch inferred for signal `\Csr.\out_SA_CTRL' from process `\Csr.$proc$./build_yosys/cpu_yosys.v:3740$3287'.
No latch inferred for signal `\Csr.\out_SA_MODE' from process `\Csr.$proc$./build_yosys/cpu_yosys.v:3740$3287'.
No latch inferred for signal `\Csr.\out_SA_ADDR_A' from process `\Csr.$proc$./build_yosys/cpu_yosys.v:3740$3287'.
No latch inferred for signal `\Csr.\out_SA_ADDR_B' from process `\Csr.$proc$./build_yosys/cpu_yosys.v:3740$3287'.
No latch inferred for signal `\Csr.\out_SA_ADDR_C' from process `\Csr.$proc$./build_yosys/cpu_yosys.v:3740$3287'.
No latch inferred for signal `\Csr.\out_CPU_MON_CTRL' from process `\Csr.$proc$./build_yosys/cpu_yosys.v:3740$3287'.

3.9. Executing PROC_DFF pass (convert process syncs to FFs).
Creating register for signal `\MMU.\mem_valid' using process `\MMU.$proc$./build_yosys/cpu_yosys.v:3399$3130'.
  created $adff cell `$procdff$17896' with positive edge clock and positive level reset.
Creating register for signal `\MMU.\page_fault' using process `\MMU.$proc$./build_yosys/cpu_yosys.v:3399$3130'.
  created $adff cell `$procdff$17901' with positive edge clock and positive level reset.
Creating register for signal `\MMU.\mmu_done' using process `\MMU.$proc$./build_yosys/cpu_yosys.v:3399$3130'.
  created $adff cell `$procdff$17906' with positive edge clock and positive level reset.
Creating register for signal `\MMU.\state' using process `\MMU.$proc$./build_yosys/cpu_yosys.v:3399$3130'.
  created $adff cell `$procdff$17911' with positive edge clock and positive level reset.
Creating register for signal `\MMU.\sfence_vma_req' using process `\MMU.$proc$./build_yosys/cpu_yosys.v:3399$3130'.
  created $adff cell `$procdff$17916' with positive edge clock and positive level reset.
Creating register for signal `\MMU.\paddr_34bit' using process `\MMU.$proc$./build_yosys/cpu_yosys.v:3399$3130'.
  created $adff cell `$procdff$17921' with positive edge clock and positive level reset.
Creating register for signal `\MMU.\mem_addr_34bit' using process `\MMU.$proc$./build_yosys/cpu_yosys.v:3399$3130'.
  created $adff cell `$procdff$17926' with positive edge clock and positive level reset.
Creating register for signal `\MMU.\l1_pte' using process `\MMU.$proc$./build_yosys/cpu_yosys.v:3399$3130'.
  created $adff cell `$procdff$17931' with positive edge clock and positive level reset.
Creating register for signal `\MMU.\l0_pte' using process `\MMU.$proc$./build_yosys/cpu_yosys.v:3399$3130'.
  created $adff cell `$procdff$17936' with positive edge clock and positive level reset.
Creating register for signal `\MMU.\l1_cache_valid' using process `\MMU.$proc$./build_yosys/cpu_yosys.v:3399$3130'.
  created $adff cell `$procdff$17941' with positive edge clock and positive level reset.
Creating register for signal `\MMU.\l1_cache_root_ppn' using process `\MMU.$proc$./build_yosys/cpu_yosys.v:3399$3130'.
  created $adff cell `$procdff$17946' with positive edge clock and positive level reset.
Creating register for signal `\MMU.\l1_cache_vpn' using process `\MMU.$proc$./build_yosys/cpu_yosys.v:3399$3130'.
  created $adff cell `$procdff$17951' with positive edge clock and positive level reset.
Creating register for signal `\MMU.\l1_cache_pte' using process `\MMU.$proc$./build_yosys/cpu_yosys.v:3399$3130'.
  created $adff cell `$procdff$17956' with positive edge clock and positive level reset.
Creating register for signal `\MMU.\l0_cache_valid' using process `\MMU.$proc$./build_yosys/cpu_yosys.v:3399$3130'.
  created $adff cell `$procdff$17961' with positive edge clock and positive level reset.
Creating register for signal `\MMU.\l0_cache_vpn' using process `\MMU.$proc$./build_yosys/cpu_yosys.v:3399$3130'.
  created $adff cell `$procdff$17966' with positive edge clock and positive level reset.
Creating register for signal `\MMU.\l0_cache_pte' using process `\MMU.$proc$./build_yosys/cpu_yosys.v:3399$3130'.
  created $adff cell `$procdff$17971' with positive edge clock and positive level reset.
Creating register for signal `\MMU.\pte_valid$func$./build_yosys/cpu_yosys.v:3467$3115.$result' using process `\MMU.$proc$./build_yosys/cpu_yosys.v:3399$3130'.
  created $adff cell `$procdff$17976' with positive edge clock and positive level reset.
Creating register for signal `\MMU.\pte_valid$func$./build_yosys/cpu_yosys.v:3467$3115.pte' using process `\MMU.$proc$./build_yosys/cpu_yosys.v:3399$3130'.
  created $adff cell `$procdff$17981' with positive edge clock and positive level reset.
Creating register for signal `\MMU.\is_leaf$func$./build_yosys/cpu_yosys.v:3471$3116.$result' using process `\MMU.$proc$./build_yosys/cpu_yosys.v:3399$3130'.
  created $adff cell `$procdff$17986' with positive edge clock and positive level reset.
Creating register for signal `\MMU.\is_leaf$func$./build_yosys/cpu_yosys.v:3471$3116.pte' using process `\MMU.$proc$./build_yosys/cpu_yosys.v:3399$3130'.
  created $adff cell `$procdff$17991' with positive edge clock and positive level reset.
Creating register for signal `\MMU.\perm_ok$func$./build_yosys/cpu_yosys.v:3476$3117.$result' using process `\MMU.$proc$./build_yosys/cpu_yosys.v:3399$3130'.
  created $adff cell `$procdff$17996' with positive edge clock and positive level reset.
Creating register for signal `\MMU.\perm_ok$func$./build_yosys/cpu_yosys.v:3476$3117.pte' using process `\MMU.$proc$./build_yosys/cpu_yosys.v:3399$3130'.
  created $adff cell `$procdff$18001' with positive edge clock and positive level reset.
Creating register for signal `\MMU.\perm_ok$func$./build_yosys/cpu_yosys.v:3476$3117.r' using process `\MMU.$proc$./build_yosys/cpu_yosys.v:3399$3130'.
  created $adff cell `$procdff$18006' with positive edge clock and positive level reset.
Creating register for signal `\MMU.\perm_ok$func$./build_yosys/cpu_yosys.v:3476$3117.w' using process `\MMU.$proc$./build_yosys/cpu_yosys.v:3399$3130'.
  created $adff cell `$procdff$18011' with positive edge clock and positive level reset.
Creating register for signal `\MMU.\perm_ok$func$./build_yosys/cpu_yosys.v:3476$3117.x' using process `\MMU.$proc$./build_yosys/cpu_yosys.v:3399$3130'.
  created $adff cell `$procdff$18016' with positive edge clock and positive level reset.
Creating register for signal `\MMU.\illegal_rw$func$./build_yosys/cpu_yosys.v:3390$3118.$result' using process `\MMU.$proc$./build_yosys/cpu_yosys.v:3399$3130'.
  created $adff cell `$procdff$18021' with positive edge clock and positive level reset.
Creating register for signal `\MMU.\illegal_rw$func$./build_yosys/cpu_yosys.v:3390$3118.pte' using process `\MMU.$proc$./build_yosys/cpu_yosys.v:3399$3130'.
  created $adff cell `$procdff$18026' with positive edge clock and positive level reset.
Creating register for signal `\MMU.\pte_valid$func$./build_yosys/cpu_yosys.v:3507$3119.$result' using process `\MMU.$proc$./build_yosys/cpu_yosys.v:3399$3130'.
  created $adff cell `$procdff$18031' with positive edge clock and positive level reset.
Creating register for signal `\MMU.\pte_valid$func$./build_yosys/cpu_yosys.v:3507$3119.pte' using process `\MMU.$proc$./build_yosys/cpu_yosys.v:3399$3130'.
  created $adff cell `$procdff$18036' with positive edge clock and positive level reset.
Creating register for signal `\MMU.\is_leaf$func$./build_yosys/cpu_yosys.v:3511$3120.$result' using process `\MMU.$proc$./build_yosys/cpu_yosys.v:3399$3130'.
  created $adff cell `$procdff$18041' with positive edge clock and positive level reset.
Creating register for signal `\MMU.\is_leaf$func$./build_yosys/cpu_yosys.v:3511$3120.pte' using process `\MMU.$proc$./build_yosys/cpu_yosys.v:3399$3130'.
  created $adff cell `$procdff$18046' with positive edge clock and positive level reset.
Creating register for signal `\MMU.\perm_ok$func$./build_yosys/cpu_yosys.v:3515$3121.$result' using process `\MMU.$proc$./build_yosys/cpu_yosys.v:3399$3130'.
  created $adff cell `$procdff$18051' with positive edge clock and positive level reset.
Creating register for signal `\MMU.\perm_ok$func$./build_yosys/cpu_yosys.v:3515$3121.pte' using process `\MMU.$proc$./build_yosys/cpu_yosys.v:3399$3130'.
  created $adff cell `$procdff$18056' with positive edge clock and positive level reset.
Creating register for signal `\MMU.\perm_ok$func$./build_yosys/cpu_yosys.v:3515$3121.r' using process `\MMU.$proc$./build_yosys/cpu_yosys.v:3399$3130'.
  created $adff cell `$procdff$18061' with positive edge clock and positive level reset.
Creating register for signal `\MMU.\perm_ok$func$./build_yosys/cpu_yosys.v:3515$3121.w' using process `\MMU.$proc$./build_yosys/cpu_yosys.v:3399$3130'.
  created $adff cell `$procdff$18066' with positive edge clock and positive level reset.
Creating register for signal `\MMU.\perm_ok$func$./build_yosys/cpu_yosys.v:3515$3121.x' using process `\MMU.$proc$./build_yosys/cpu_yosys.v:3399$3130'.
  created $adff cell `$procdff$18071' with positive edge clock and positive level reset.
Creating register for signal `\MMU.\illegal_rw$func$./build_yosys/cpu_yosys.v:3390$3122.$result' using process `\MMU.$proc$./build_yosys/cpu_yosys.v:3399$3130'.
  created $adff cell `$procdff$18076' with positive edge clock and positive level reset.
Creating register for signal `\MMU.\illegal_rw$func$./build_yosys/cpu_yosys.v:3390$3122.pte' using process `\MMU.$proc$./build_yosys/cpu_yosys.v:3399$3130'.
  created $adff cell `$procdff$18081' with positive edge clock and positive level reset.
Creating register for signal `\PSC_PC.\pc' using process `\PSC_PC.$proc$./build_yosys/cpu_yosys.v:3289$3111'.
  created $adff cell `$procdff$18086' with positive edge clock and positive level reset.
Creating register for signal `\PSC_PC.\counter' using process `\PSC_PC.$proc$./build_yosys/cpu_yosys.v:3289$3111'.
  created $adff cell `$procdff$18091' with positive edge clock and positive level reset.
Creating register for signal `$paramod\Execute\ENABLE_MUL=1'0\ENABLE_DIV=1'0.\state' using process `$paramod\Execute\ENABLE_MUL=1'0\ENABLE_DIV=1'0.$proc$./build_yosys/cpu_yosys.v:2649$3582'.
  created $adff cell `$procdff$18096' with positive edge clock and positive level reset.
Creating register for signal `$paramod\Execute\ENABLE_MUL=1'0\ENABLE_DIV=1'0.\multi_result' using process `$paramod\Execute\ENABLE_MUL=1'0\ENABLE_DIV=1'0.$proc$./build_yosys/cpu_yosys.v:2649$3582'.
  created $adff cell `$procdff$18101' with positive edge clock and positive level reset.
Creating register for signal `$paramod\Execute\ENABLE_MUL=1'0\ENABLE_DIV=1'0.\alu_exec$func$./build_yosys/cpu_yosys.v:2662$3561.$result' using process `$paramod\Execute\ENABLE_MUL=1'0\ENABLE_DIV=1'0.$proc$./build_yosys/cpu_yosys.v:2649$3582'.
  created $adff cell `$procdff$18106' with positive edge clock and positive level reset.
Creating register for signal `$paramod\Execute\ENABLE_MUL=1'0\ENABLE_DIV=1'0.\alu_exec$func$./build_yosys/cpu_yosys.v:2662$3561.control' using process `$paramod\Execute\ENABLE_MUL=1'0\ENABLE_DIV=1'0.$proc$./build_yosys/cpu_yosys.v:2649$3582'.
  created $adff cell `$procdff$18111' with positive edge clock and positive level reset.
Creating register for signal `$paramod\Execute\ENABLE_MUL=1'0\ENABLE_DIV=1'0.\alu_exec$func$./build_yosys/cpu_yosys.v:2662$3561.data1' using process `$paramod\Execute\ENABLE_MUL=1'0\ENABLE_DIV=1'0.$proc$./build_yosys/cpu_yosys.v:2649$3582'.
  created $adff cell `$procdff$18116' with positive edge clock and positive level reset.
Creating register for signal `$paramod\Execute\ENABLE_MUL=1'0\ENABLE_DIV=1'0.\alu_exec$func$./build_yosys/cpu_yosys.v:2662$3561.data2' using process `$paramod\Execute\ENABLE_MUL=1'0\ENABLE_DIV=1'0.$proc$./build_yosys/cpu_yosys.v:2649$3582'.
  created $adff cell `$procdff$18121' with positive edge clock and positive level reset.
Creating register for signal `$paramod\Execute\ENABLE_MUL=1'1\ENABLE_DIV=1'1.\state' using process `$paramod\Execute\ENABLE_MUL=1'1\ENABLE_DIV=1'1.$proc$./build_yosys/cpu_yosys.v:2649$3521'.
  created $adff cell `$procdff$18126' with positive edge clock and positive level reset.
Creating register for signal `$paramod\Execute\ENABLE_MUL=1'1\ENABLE_DIV=1'1.\multi_result' using process `$paramod\Execute\ENABLE_MUL=1'1\ENABLE_DIV=1'1.$proc$./build_yosys/cpu_yosys.v:2649$3521'.
  created $adff cell `$procdff$18131' with positive edge clock and positive level reset.
Creating register for signal `$paramod\Execute\ENABLE_MUL=1'1\ENABLE_DIV=1'1.\alu_exec$func$./build_yosys/cpu_yosys.v:2662$3500.$result' using process `$paramod\Execute\ENABLE_MUL=1'1\ENABLE_DIV=1'1.$proc$./build_yosys/cpu_yosys.v:2649$3521'.
  created $adff cell `$procdff$18136' with positive edge clock and positive level reset.
Creating register for signal `$paramod\Execute\ENABLE_MUL=1'1\ENABLE_DIV=1'1.\alu_exec$func$./build_yosys/cpu_yosys.v:2662$3500.control' using process `$paramod\Execute\ENABLE_MUL=1'1\ENABLE_DIV=1'1.$proc$./build_yosys/cpu_yosys.v:2649$3521'.
  created $adff cell `$procdff$18141' with positive edge clock and positive level reset.
Creating register for signal `$paramod\Execute\ENABLE_MUL=1'1\ENABLE_DIV=1'1.\alu_exec$func$./build_yosys/cpu_yosys.v:2662$3500.data1' using process `$paramod\Execute\ENABLE_MUL=1'1\ENABLE_DIV=1'1.$proc$./build_yosys/cpu_yosys.v:2649$3521'.
  created $adff cell `$procdff$18146' with positive edge clock and positive level reset.
Creating register for signal `$paramod\Execute\ENABLE_MUL=1'1\ENABLE_DIV=1'1.\alu_exec$func$./build_yosys/cpu_yosys.v:2662$3500.data2' using process `$paramod\Execute\ENABLE_MUL=1'1\ENABLE_DIV=1'1.$proc$./build_yosys/cpu_yosys.v:2649$3521'.
  created $adff cell `$procdff$18151' with positive edge clock and positive level reset.
Creating register for signal `$paramod\Branch\UART_MMIO_ADDR=32'11110000000001000000000011110000.\data_mem_read_valid' using process `$paramod\Branch\UART_MMIO_ADDR=32'11110000000001000000000011110000.$proc$./build_yosys/cpu_yosys.v:2918$3487'.
  created $adff cell `$procdff$18156' with positive edge clock and positive level reset.
Creating register for signal `$paramod\Branch\UART_MMIO_ADDR=32'11110000000001000000000011110000.\data_mem_write_valid' using process `$paramod\Branch\UART_MMIO_ADDR=32'11110000000001000000000011110000.$proc$./build_yosys/cpu_yosys.v:2918$3487'.
  created $adff cell `$procdff$18161' with positive edge clock and positive level reset.
Creating register for signal `$paramod\Branch\UART_MMIO_ADDR=32'11110000000001000000000011110000.\mmu_valid' using process `$paramod\Branch\UART_MMIO_ADDR=32'11110000000001000000000011110000.$proc$./build_yosys/cpu_yosys.v:2918$3487'.
  created $adff cell `$procdff$18166' with positive edge clock and positive level reset.
Creating register for signal `$paramod\Branch\UART_MMIO_ADDR=32'11110000000001000000000011110000.\data_mem_write_data' using process `$paramod\Branch\UART_MMIO_ADDR=32'11110000000001000000000011110000.$proc$./build_yosys/cpu_yosys.v:2918$3487'.
  created $adff cell `$procdff$18171' with positive edge clock and positive level reset.
Creating register for signal `$paramod\Branch\UART_MMIO_ADDR=32'11110000000001000000000011110000.\data_mem_address' using process `$paramod\Branch\UART_MMIO_ADDR=32'11110000000001000000000011110000.$proc$./build_yosys/cpu_yosys.v:2918$3487'.
  created $adff cell `$procdff$18176' with positive edge clock and positive level reset.
Creating register for signal `$paramod\Branch\UART_MMIO_ADDR=32'11110000000001000000000011110000.\uart' using process `$paramod\Branch\UART_MMIO_ADDR=32'11110000000001000000000011110000.$proc$./build_yosys/cpu_yosys.v:2918$3487'.
  created $adff cell `$procdff$18181' with positive edge clock and positive level reset.
Creating register for signal `$paramod\Branch\UART_MMIO_ADDR=32'11110000000001000000000011110000.\pending' using process `$paramod\Branch\UART_MMIO_ADDR=32'11110000000001000000000011110000.$proc$./build_yosys/cpu_yosys.v:2918$3487'.
  created $adff cell `$procdff$18186' with positive edge clock and positive level reset.
Creating register for signal `$paramod\Branch\UART_MMIO_ADDR=32'11110000000001000000000011110000.\misaligned_fault' using process `$paramod\Branch\UART_MMIO_ADDR=32'11110000000001000000000011110000.$proc$./build_yosys/cpu_yosys.v:2918$3487'.
  created $adff cell `$procdff$18191' with positive edge clock and positive level reset.
Creating register for signal `$paramod\Branch\UART_MMIO_ADDR=32'11110000000001000000000011110000.\mmu_started' using process `$paramod\Branch\UART_MMIO_ADDR=32'11110000000001000000000011110000.$proc$./build_yosys/cpu_yosys.v:2918$3487'.
  created $adff cell `$procdff$18196' with positive edge clock and positive level reset.
Creating register for signal `$paramod\Branch\UART_MMIO_ADDR=32'11110000000001000000000011110000.\translated' using process `$paramod\Branch\UART_MMIO_ADDR=32'11110000000001000000000011110000.$proc$./build_yosys/cpu_yosys.v:2918$3487'.
  created $adff cell `$procdff$18201' with positive edge clock and positive level reset.
Creating register for signal `$paramod\Branch\UART_MMIO_ADDR=32'11110000000001000000000011110000.\translated_address' using process `$paramod\Branch\UART_MMIO_ADDR=32'11110000000001000000000011110000.$proc$./build_yosys/cpu_yosys.v:2918$3487'.
  created $adff cell `$procdff$18206' with positive edge clock and positive level reset.
Creating register for signal `\Execute_Mul.\done' using process `\Execute_Mul.$proc$./build_yosys/cpu_yosys.v:2830$2393'.
  created $adff cell `$procdff$18211' with positive edge clock and positive level reset.
Creating register for signal `\Execute_Mul.\state' using process `\Execute_Mul.$proc$./build_yosys/cpu_yosys.v:2830$2393'.
  created $adff cell `$procdff$18216' with positive edge clock and positive level reset.
Creating register for signal `\Execute_Mul.\mul_out' using process `\Execute_Mul.$proc$./build_yosys/cpu_yosys.v:2830$2393'.
  created $adff cell `$procdff$18221' with positive edge clock and positive level reset.
Creating register for signal `\Execute_Mul.\multiplicand_q' using process `\Execute_Mul.$proc$./build_yosys/cpu_yosys.v:2830$2393'.
  created $adff cell `$procdff$18226' with positive edge clock and positive level reset.
Creating register for signal `\Execute_Mul.\multiplier_q' using process `\Execute_Mul.$proc$./build_yosys/cpu_yosys.v:2830$2393'.
  created $adff cell `$procdff$18231' with positive edge clock and positive level reset.
Creating register for signal `\Execute_Mul.\high_result_q' using process `\Execute_Mul.$proc$./build_yosys/cpu_yosys.v:2830$2393'.
  created $adff cell `$procdff$18236' with positive edge clock and positive level reset.
Creating register for signal `\Execute_Divider.\count' using process `\Execute_Divider.$proc$./build_yosys/cpu_yosys.v:2737$2377'.
  created $adff cell `$procdff$18241' with positive edge clock and positive level reset.
Creating register for signal `\Execute_Divider.\state' using process `\Execute_Divider.$proc$./build_yosys/cpu_yosys.v:2737$2377'.
  created $adff cell `$procdff$18246' with positive edge clock and positive level reset.
Creating register for signal `\Execute_Divider.\quotient' using process `\Execute_Divider.$proc$./build_yosys/cpu_yosys.v:2737$2377'.
  created $adff cell `$procdff$18251' with positive edge clock and positive level reset.
Creating register for signal `\Execute_Divider.\remainder' using process `\Execute_Divider.$proc$./build_yosys/cpu_yosys.v:2737$2377'.
  created $adff cell `$procdff$18256' with positive edge clock and positive level reset.
Creating register for signal `\Execute_Divider.\dividend_abs' using process `\Execute_Divider.$proc$./build_yosys/cpu_yosys.v:2737$2377'.
  created $adff cell `$procdff$18261' with positive edge clock and positive level reset.
Creating register for signal `\Execute_Divider.\divisor_abs' using process `\Execute_Divider.$proc$./build_yosys/cpu_yosys.v:2737$2377'.
  created $adff cell `$procdff$18266' with positive edge clock and positive level reset.
Creating register for signal `\Execute_Divider.\quotient_reg' using process `\Execute_Divider.$proc$./build_yosys/cpu_yosys.v:2737$2377'.
  created $adff cell `$procdff$18271' with positive edge clock and positive level reset.
Creating register for signal `\Execute_Divider.\remainder_reg' using process `\Execute_Divider.$proc$./build_yosys/cpu_yosys.v:2737$2377'.
  created $adff cell `$procdff$18276' with positive edge clock and positive level reset.
Creating register for signal `\Execute_Divider.\quotient_neg' using process `\Execute_Divider.$proc$./build_yosys/cpu_yosys.v:2737$2377'.
  created $adff cell `$procdff$18281' with positive edge clock and positive level reset.
Creating register for signal `\Execute_Divider.\remainder_neg' using process `\Execute_Divider.$proc$./build_yosys/cpu_yosys.v:2737$2377'.
  created $adff cell `$procdff$18286' with positive edge clock and positive level reset.
Creating register for signal `$paramod\Fetch\BURST_MODE=1'1.\program_mem_read_valid' using process `$paramod\Fetch\BURST_MODE=1'1.$proc$./build_yosys/cpu_yosys.v:2283$3471'.
  created $adff cell `$procdff$18291' with positive edge clock and positive level reset.
Creating register for signal `$paramod\Fetch\BURST_MODE=1'1.\program_mem_read_address' using process `$paramod\Fetch\BURST_MODE=1'1.$proc$./build_yosys/cpu_yosys.v:2283$3471'.
  created $adff cell `$procdff$18296' with positive edge clock and positive level reset.
Creating register for signal `$paramod\Fetch\BURST_MODE=1'1.\busy' using process `$paramod\Fetch\BURST_MODE=1'1.$proc$./build_yosys/cpu_yosys.v:2283$3471'.
  created $adff cell `$procdff$18301' with positive edge clock and positive level reset.
Creating register for signal `$paramod\Fetch\BURST_MODE=1'1.\done' using process `$paramod\Fetch\BURST_MODE=1'1.$proc$./build_yosys/cpu_yosys.v:2283$3471'.
  created $adff cell `$procdff$18306' with positive edge clock and positive level reset.
Creating register for signal `$paramod\Fetch\BURST_MODE=1'1.\mmu_valid' using process `$paramod\Fetch\BURST_MODE=1'1.$proc$./build_yosys/cpu_yosys.v:2283$3471'.
  created $adff cell `$procdff$18311' with positive edge clock and positive level reset.
Creating register for signal `$paramod\Fetch\BURST_MODE=1'1.\opcode' using process `$paramod\Fetch\BURST_MODE=1'1.$proc$./build_yosys/cpu_yosys.v:2283$3471'.
  created $adff cell `$procdff$18316' with positive edge clock and positive level reset.
Creating register for signal `$paramod\Fetch\BURST_MODE=1'1.\vaddr' using process `$paramod\Fetch\BURST_MODE=1'1.$proc$./build_yosys/cpu_yosys.v:2283$3471'.
  created $adff cell `$procdff$18321' with positive edge clock and positive level reset.
Creating register for signal `$paramod\Fetch\BURST_MODE=1'1.\burst_count' using process `$paramod\Fetch\BURST_MODE=1'1.$proc$./build_yosys/cpu_yosys.v:2283$3471'.
  created $adff cell `$procdff$18326' with positive edge clock and positive level reset.
Creating register for signal `$paramod\Fetch\BURST_MODE=1'1.\state' using process `$paramod\Fetch\BURST_MODE=1'1.$proc$./build_yosys/cpu_yosys.v:2283$3471'.
  created $adff cell `$procdff$18331' with positive edge clock and positive level reset.
Creating register for signal `$paramod\Fetch\BURST_MODE=1'1.\burst_start_word' using process `$paramod\Fetch\BURST_MODE=1'1.$proc$./build_yosys/cpu_yosys.v:2283$3471'.
  created $adff cell `$procdff$18336' with positive edge clock and positive level reset.
Creating register for signal `\Decorder.\decoder_ctrl' using process `\Decorder.$proc$./build_yosys/cpu_yosys.v:2530$2295'.
  created $adff cell `$procdff$18341' with positive edge clock and positive level reset.
Creating register for signal `\Decorder.\decode_done' using process `\Decorder.$proc$./build_yosys/cpu_yosys.v:2530$2295'.
  created $adff cell `$procdff$18346' with positive edge clock and positive level reset.
Creating register for signal `$paramod$28704d8bf4447e08602ecae7770c77318b280126\Fetch_Fifo.\count' using process `$paramod$28704d8bf4447e08602ecae7770c77318b280126\Fetch_Fifo.$proc$./build_yosys/cpu_yosys.v:1175$3455'.
  created $adff cell `$procdff$18351' with positive edge clock and positive level reset.
Creating register for signal `$paramod$28704d8bf4447e08602ecae7770c77318b280126\Fetch_Fifo.\wptr' using process `$paramod$28704d8bf4447e08602ecae7770c77318b280126\Fetch_Fifo.$proc$./build_yosys/cpu_yosys.v:1175$3455'.
  created $adff cell `$procdff$18356' with positive edge clock and positive level reset.
Creating register for signal `$paramod$28704d8bf4447e08602ecae7770c77318b280126\Fetch_Fifo.\rptr' using process `$paramod$28704d8bf4447e08602ecae7770c77318b280126\Fetch_Fifo.$proc$./build_yosys/cpu_yosys.v:1175$3455'.
  created $adff cell `$procdff$18361' with positive edge clock and positive level reset.
Creating register for signal `$paramod$28704d8bf4447e08602ecae7770c77318b280126\Fetch_Fifo.\bypass' using process `$paramod$28704d8bf4447e08602ecae7770c77318b280126\Fetch_Fifo.$proc$./build_yosys/cpu_yosys.v:1175$3455'.
  created $adff cell `$procdff$18366' with positive edge clock and positive level reset.
Creating register for signal `$paramod$28704d8bf4447e08602ecae7770c77318b280126\Fetch_Fifo.\ram_data' using process `$paramod$28704d8bf4447e08602ecae7770c77318b280126\Fetch_Fifo.$proc$./build_yosys/cpu_yosys.v:1162$3433'.
  created $dff cell `$procdff$18367' with positive edge clock.
Creating register for signal `$paramod$28704d8bf4447e08602ecae7770c77318b280126\Fetch_Fifo.\ram_pc_data' using process `$paramod$28704d8bf4447e08602ecae7770c77318b280126\Fetch_Fifo.$proc$./build_yosys/cpu_yosys.v:1162$3433'.
  created $dff cell `$procdff$18368' with positive edge clock.
Creating register for signal `$paramod$28704d8bf4447e08602ecae7770c77318b280126\Fetch_Fifo.\bypass_data' using process `$paramod$28704d8bf4447e08602ecae7770c77318b280126\Fetch_Fifo.$proc$./build_yosys/cpu_yosys.v:1162$3433'.
  created $dff cell `$procdff$18369' with positive edge clock.
Creating register for signal `$paramod$28704d8bf4447e08602ecae7770c77318b280126\Fetch_Fifo.\bypass_pc_data' using process `$paramod$28704d8bf4447e08602ecae7770c77318b280126\Fetch_Fifo.$proc$./build_yosys/cpu_yosys.v:1162$3433'.
  created $dff cell `$procdff$18370' with positive edge clock.
Creating register for signal `$paramod$28704d8bf4447e08602ecae7770c77318b280126\Fetch_Fifo.$memwr$\mem$./build_yosys/cpu_yosys.v:1164$3421_ADDR' using process `$paramod$28704d8bf4447e08602ecae7770c77318b280126\Fetch_Fifo.$proc$./build_yosys/cpu_yosys.v:1162$3433'.
  created $dff cell `$procdff$18371' with positive edge clock.
Creating register for signal `$paramod$28704d8bf4447e08602ecae7770c77318b280126\Fetch_Fifo.$memwr$\mem$./build_yosys/cpu_yosys.v:1164$3421_DATA' using process `$paramod$28704d8bf4447e08602ecae7770c77318b280126\Fetch_Fifo.$proc$./build_yosys/cpu_yosys.v:1162$3433'.
  created $dff cell `$procdff$18372' with positive edge clock.
Creating register for signal `$paramod$28704d8bf4447e08602ecae7770c77318b280126\Fetch_Fifo.$memwr$\mem$./build_yosys/cpu_yosys.v:1164$3421_EN' using process `$paramod$28704d8bf4447e08602ecae7770c77318b280126\Fetch_Fifo.$proc$./build_yosys/cpu_yosys.v:1162$3433'.
  created $dff cell `$procdff$18373' with positive edge clock.
Creating register for signal `$paramod$28704d8bf4447e08602ecae7770c77318b280126\Fetch_Fifo.$memwr$\pc_mem$./build_yosys/cpu_yosys.v:1165$3422_ADDR' using process `$paramod$28704d8bf4447e08602ecae7770c77318b280126\Fetch_Fifo.$proc$./build_yosys/cpu_yosys.v:1162$3433'.
  created $dff cell `$procdff$18374' with positive edge clock.
Creating register for signal `$paramod$28704d8bf4447e08602ecae7770c77318b280126\Fetch_Fifo.$memwr$\pc_mem$./build_yosys/cpu_yosys.v:1165$3422_DATA' using process `$paramod$28704d8bf4447e08602ecae7770c77318b280126\Fetch_Fifo.$proc$./build_yosys/cpu_yosys.v:1162$3433'.
  created $dff cell `$procdff$18375' with positive edge clock.
Creating register for signal `$paramod$28704d8bf4447e08602ecae7770c77318b280126\Fetch_Fifo.$memwr$\pc_mem$./build_yosys/cpu_yosys.v:1165$3422_EN' using process `$paramod$28704d8bf4447e08602ecae7770c77318b280126\Fetch_Fifo.$proc$./build_yosys/cpu_yosys.v:1162$3433'.
  created $dff cell `$procdff$18376' with positive edge clock.
Creating register for signal `$paramod$01725da92754737a8a2ce09aa1322a94754cc9bb\PSC_Register.\registers[33]' using process `$paramod$01725da92754737a8a2ce09aa1322a94754cc9bb\PSC_Register.$proc$./build_yosys/cpu_yosys.v:3209$3796'.
  created $adff cell `$procdff$18381' with positive edge clock and positive level reset.
Creating register for signal `$paramod$01725da92754737a8a2ce09aa1322a94754cc9bb\PSC_Register.\ready[33]' using process `$paramod$01725da92754737a8a2ce09aa1322a94754cc9bb\PSC_Register.$proc$./build_yosys/cpu_yosys.v:3209$3796'.
  created $adff cell `$procdff$18386' with positive edge clock and positive level reset.
Creating register for signal `$paramod$01725da92754737a8a2ce09aa1322a94754cc9bb\PSC_Register.\registers[32]' using process `$paramod$01725da92754737a8a2ce09aa1322a94754cc9bb\PSC_Register.$proc$./build_yosys/cpu_yosys.v:3209$3781'.
  created $adff cell `$procdff$18391' with positive edge clock and positive level reset.
Creating register for signal `$paramod$01725da92754737a8a2ce09aa1322a94754cc9bb\PSC_Register.\ready[32]' using process `$paramod$01725da92754737a8a2ce09aa1322a94754cc9bb\PSC_Register.$proc$./build_yosys/cpu_yosys.v:3209$3781'.
  created $adff cell `$procdff$18396' with positive edge clock and positive level reset.
Creating register for signal `$paramod$01725da92754737a8a2ce09aa1322a94754cc9bb\PSC_Register.\registers[31]' using process `$paramod$01725da92754737a8a2ce09aa1322a94754cc9bb\PSC_Register.$proc$./build_yosys/cpu_yosys.v:3190$3769'.
  created $adff cell `$procdff$18401' with positive edge clock and positive level reset.
Creating register for signal `$paramod$01725da92754737a8a2ce09aa1322a94754cc9bb\PSC_Register.\registers[30]' using process `$paramod$01725da92754737a8a2ce09aa1322a94754cc9bb\PSC_Register.$proc$./build_yosys/cpu_yosys.v:3190$3765'.
  created $adff cell `$procdff$18406' with positive edge clock and positive level reset.
Creating register for signal `$paramod$01725da92754737a8a2ce09aa1322a94754cc9bb\PSC_Register.\registers[29]' using process `$paramod$01725da92754737a8a2ce09aa1322a94754cc9bb\PSC_Register.$proc$./build_yosys/cpu_yosys.v:3190$3761'.
  created $adff cell `$procdff$18411' with positive edge clock and positive level reset.
Creating register for signal `$paramod$01725da92754737a8a2ce09aa1322a94754cc9bb\PSC_Register.\registers[28]' using process `$paramod$01725da92754737a8a2ce09aa1322a94754cc9bb\PSC_Register.$proc$./build_yosys/cpu_yosys.v:3190$3757'.
  created $adff cell `$procdff$18416' with positive edge clock and positive level reset.
Creating register for signal `$paramod$01725da92754737a8a2ce09aa1322a94754cc9bb\PSC_Register.\registers[27]' using process `$paramod$01725da92754737a8a2ce09aa1322a94754cc9bb\PSC_Register.$proc$./build_yosys/cpu_yosys.v:3190$3753'.
  created $adff cell `$procdff$18421' with positive edge clock and positive level reset.
Creating register for signal `$paramod$01725da92754737a8a2ce09aa1322a94754cc9bb\PSC_Register.\registers[26]' using process `$paramod$01725da92754737a8a2ce09aa1322a94754cc9bb\PSC_Register.$proc$./build_yosys/cpu_yosys.v:3190$3749'.
  created $adff cell `$procdff$18426' with positive edge clock and positive level reset.
Creating register for signal `$paramod$01725da92754737a8a2ce09aa1322a94754cc9bb\PSC_Register.\registers[25]' using process `$paramod$01725da92754737a8a2ce09aa1322a94754cc9bb\PSC_Register.$proc$./build_yosys/cpu_yosys.v:3190$3745'.
  created $adff cell `$procdff$18431' with positive edge clock and positive level reset.
Creating register for signal `$paramod$01725da92754737a8a2ce09aa1322a94754cc9bb\PSC_Register.\registers[24]' using process `$paramod$01725da92754737a8a2ce09aa1322a94754cc9bb\PSC_Register.$proc$./build_yosys/cpu_yosys.v:3190$3741'.
  created $adff cell `$procdff$18436' with positive edge clock and positive level reset.
Creating register for signal `$paramod$01725da92754737a8a2ce09aa1322a94754cc9bb\PSC_Register.\registers[23]' using process `$paramod$01725da92754737a8a2ce09aa1322a94754cc9bb\PSC_Register.$proc$./build_yosys/cpu_yosys.v:3190$3737'.
  created $adff cell `$procdff$18441' with positive edge clock and positive level reset.
Creating register for signal `$paramod$01725da92754737a8a2ce09aa1322a94754cc9bb\PSC_Register.\registers[22]' using process `$paramod$01725da92754737a8a2ce09aa1322a94754cc9bb\PSC_Register.$proc$./build_yosys/cpu_yosys.v:3190$3733'.
  created $adff cell `$procdff$18446' with positive edge clock and positive level reset.
Creating register for signal `$paramod$01725da92754737a8a2ce09aa1322a94754cc9bb\PSC_Register.\registers[21]' using process `$paramod$01725da92754737a8a2ce09aa1322a94754cc9bb\PSC_Register.$proc$./build_yosys/cpu_yosys.v:3190$3729'.
  created $adff cell `$procdff$18451' with positive edge clock and positive level reset.
Creating register for signal `$paramod$01725da92754737a8a2ce09aa1322a94754cc9bb\PSC_Register.\registers[20]' using process `$paramod$01725da92754737a8a2ce09aa1322a94754cc9bb\PSC_Register.$proc$./build_yosys/cpu_yosys.v:3190$3725'.
  created $adff cell `$procdff$18456' with positive edge clock and positive level reset.
Creating register for signal `$paramod$01725da92754737a8a2ce09aa1322a94754cc9bb\PSC_Register.\registers[19]' using process `$paramod$01725da92754737a8a2ce09aa1322a94754cc9bb\PSC_Register.$proc$./build_yosys/cpu_yosys.v:3190$3721'.
  created $adff cell `$procdff$18461' with positive edge clock and positive level reset.
Creating register for signal `$paramod$01725da92754737a8a2ce09aa1322a94754cc9bb\PSC_Register.\registers[18]' using process `$paramod$01725da92754737a8a2ce09aa1322a94754cc9bb\PSC_Register.$proc$./build_yosys/cpu_yosys.v:3190$3717'.
  created $adff cell `$procdff$18466' with positive edge clock and positive level reset.
Creating register for signal `$paramod$01725da92754737a8a2ce09aa1322a94754cc9bb\PSC_Register.\registers[17]' using process `$paramod$01725da92754737a8a2ce09aa1322a94754cc9bb\PSC_Register.$proc$./build_yosys/cpu_yosys.v:3190$3713'.
  created $adff cell `$procdff$18471' with positive edge clock and positive level reset.
Creating register for signal `$paramod$01725da92754737a8a2ce09aa1322a94754cc9bb\PSC_Register.\registers[16]' using process `$paramod$01725da92754737a8a2ce09aa1322a94754cc9bb\PSC_Register.$proc$./build_yosys/cpu_yosys.v:3190$3709'.
  created $adff cell `$procdff$18476' with positive edge clock and positive level reset.
Creating register for signal `$paramod$01725da92754737a8a2ce09aa1322a94754cc9bb\PSC_Register.\registers[15]' using process `$paramod$01725da92754737a8a2ce09aa1322a94754cc9bb\PSC_Register.$proc$./build_yosys/cpu_yosys.v:3190$3705'.
  created $adff cell `$procdff$18481' with positive edge clock and positive level reset.
Creating register for signal `$paramod$01725da92754737a8a2ce09aa1322a94754cc9bb\PSC_Register.\registers[14]' using process `$paramod$01725da92754737a8a2ce09aa1322a94754cc9bb\PSC_Register.$proc$./build_yosys/cpu_yosys.v:3190$3701'.
  created $adff cell `$procdff$18486' with positive edge clock and positive level reset.
Creating register for signal `$paramod$01725da92754737a8a2ce09aa1322a94754cc9bb\PSC_Register.\registers[13]' using process `$paramod$01725da92754737a8a2ce09aa1322a94754cc9bb\PSC_Register.$proc$./build_yosys/cpu_yosys.v:3190$3697'.
  created $adff cell `$procdff$18491' with positive edge clock and positive level reset.
Creating register for signal `$paramod$01725da92754737a8a2ce09aa1322a94754cc9bb\PSC_Register.\registers[12]' using process `$paramod$01725da92754737a8a2ce09aa1322a94754cc9bb\PSC_Register.$proc$./build_yosys/cpu_yosys.v:3190$3693'.
  created $adff cell `$procdff$18496' with positive edge clock and positive level reset.
Creating register for signal `$paramod$01725da92754737a8a2ce09aa1322a94754cc9bb\PSC_Register.\registers[11]' using process `$paramod$01725da92754737a8a2ce09aa1322a94754cc9bb\PSC_Register.$proc$./build_yosys/cpu_yosys.v:3190$3689'.
  created $adff cell `$procdff$18501' with positive edge clock and positive level reset.
Creating register for signal `$paramod$01725da92754737a8a2ce09aa1322a94754cc9bb\PSC_Register.\registers[10]' using process `$paramod$01725da92754737a8a2ce09aa1322a94754cc9bb\PSC_Register.$proc$./build_yosys/cpu_yosys.v:3190$3685'.
  created $adff cell `$procdff$18506' with positive edge clock and positive level reset.
Creating register for signal `$paramod$01725da92754737a8a2ce09aa1322a94754cc9bb\PSC_Register.\registers[9]' using process `$paramod$01725da92754737a8a2ce09aa1322a94754cc9bb\PSC_Register.$proc$./build_yosys/cpu_yosys.v:3190$3681'.
  created $adff cell `$procdff$18511' with positive edge clock and positive level reset.
Creating register for signal `$paramod$01725da92754737a8a2ce09aa1322a94754cc9bb\PSC_Register.\registers[8]' using process `$paramod$01725da92754737a8a2ce09aa1322a94754cc9bb\PSC_Register.$proc$./build_yosys/cpu_yosys.v:3190$3677'.
  created $adff cell `$procdff$18516' with positive edge clock and positive level reset.
Creating register for signal `$paramod$01725da92754737a8a2ce09aa1322a94754cc9bb\PSC_Register.\registers[7]' using process `$paramod$01725da92754737a8a2ce09aa1322a94754cc9bb\PSC_Register.$proc$./build_yosys/cpu_yosys.v:3190$3673'.
  created $adff cell `$procdff$18521' with positive edge clock and positive level reset.
Creating register for signal `$paramod$01725da92754737a8a2ce09aa1322a94754cc9bb\PSC_Register.\registers[6]' using process `$paramod$01725da92754737a8a2ce09aa1322a94754cc9bb\PSC_Register.$proc$./build_yosys/cpu_yosys.v:3190$3669'.
  created $adff cell `$procdff$18526' with positive edge clock and positive level reset.
Creating register for signal `$paramod$01725da92754737a8a2ce09aa1322a94754cc9bb\PSC_Register.\registers[5]' using process `$paramod$01725da92754737a8a2ce09aa1322a94754cc9bb\PSC_Register.$proc$./build_yosys/cpu_yosys.v:3190$3665'.
  created $adff cell `$procdff$18531' with positive edge clock and positive level reset.
Creating register for signal `$paramod$01725da92754737a8a2ce09aa1322a94754cc9bb\PSC_Register.\registers[4]' using process `$paramod$01725da92754737a8a2ce09aa1322a94754cc9bb\PSC_Register.$proc$./build_yosys/cpu_yosys.v:3190$3661'.
  created $adff cell `$procdff$18536' with positive edge clock and positive level reset.
Creating register for signal `$paramod$01725da92754737a8a2ce09aa1322a94754cc9bb\PSC_Register.\registers[3]' using process `$paramod$01725da92754737a8a2ce09aa1322a94754cc9bb\PSC_Register.$proc$./build_yosys/cpu_yosys.v:3190$3657'.
  created $adff cell `$procdff$18541' with positive edge clock and positive level reset.
Creating register for signal `$paramod$01725da92754737a8a2ce09aa1322a94754cc9bb\PSC_Register.\registers[2]' using process `$paramod$01725da92754737a8a2ce09aa1322a94754cc9bb\PSC_Register.$proc$./build_yosys/cpu_yosys.v:3190$3653'.
  created $adff cell `$procdff$18546' with positive edge clock and positive level reset.
Creating register for signal `$paramod$01725da92754737a8a2ce09aa1322a94754cc9bb\PSC_Register.\registers[1]' using process `$paramod$01725da92754737a8a2ce09aa1322a94754cc9bb\PSC_Register.$proc$./build_yosys/cpu_yosys.v:3190$3649'.
  created $adff cell `$procdff$18551' with positive edge clock and positive level reset.
Creating register for signal `\PSC_RV32_InstructionEngine.\memory_vaddr' using process `\PSC_RV32_InstructionEngine.$proc$./build_yosys/cpu_yosys.v:1365$147'.
  created $adff cell `$procdff$18556' with positive edge clock and positive level reset.
Creating register for signal `\PSC_InstructionUnit.\rob_head' using process `\PSC_InstructionUnit.$proc$./build_yosys/cpu_yosys.v:2033$4526'.
  created $adff cell `$procdff$18561' with positive edge clock and positive level reset.
Creating register for signal `\PSC_InstructionUnit.\rob_tail' using process `\PSC_InstructionUnit.$proc$./build_yosys/cpu_yosys.v:2033$4526'.
  created $adff cell `$procdff$18566' with positive edge clock and positive level reset.
Creating register for signal `\PSC_InstructionUnit.\rob_count' using process `\PSC_InstructionUnit.$proc$./build_yosys/cpu_yosys.v:2033$4526'.
  created $adff cell `$procdff$18571' with positive edge clock and positive level reset.
Creating register for signal `\PSC_InstructionUnit.\rat_spec_valid' using process `\PSC_InstructionUnit.$proc$./build_yosys/cpu_yosys.v:2033$4526'.
  created $adff cell `$procdff$18576' with positive edge clock and positive level reset.
Creating register for signal `\PSC_InstructionUnit.\free_list' using process `\PSC_InstructionUnit.$proc$./build_yosys/cpu_yosys.v:2033$4526'.
  created $adff cell `$procdff$18581' with positive edge clock and positive level reset.
Creating register for signal `\PSC_InstructionUnit.\alu_active' using process `\PSC_InstructionUnit.$proc$./build_yosys/cpu_yosys.v:2033$4526'.
  created $adff cell `$procdff$18586' with positive edge clock and positive level reset.
Creating register for signal `\PSC_InstructionUnit.\alu_active_rob_tag' using process `\PSC_InstructionUnit.$proc$./build_yosys/cpu_yosys.v:2033$4526'.
  created $adff cell `$procdff$18591' with positive edge clock and positive level reset.
Creating register for signal `\PSC_InstructionUnit.\alu_active_dest_phys' using process `\PSC_InstructionUnit.$proc$./build_yosys/cpu_yosys.v:2033$4526'.
  created $adff cell `$procdff$18596' with positive edge clock and positive level reset.
Creating register for signal `\PSC_InstructionUnit.\alu_active_dest_valid' using process `\PSC_InstructionUnit.$proc$./build_yosys/cpu_yosys.v:2033$4526'.
  created $adff cell `$procdff$18601' with positive edge clock and positive level reset.
Creating register for signal `\PSC_InstructionUnit.\alu_active_ctrl' using process `\PSC_InstructionUnit.$proc$./build_yosys/cpu_yosys.v:2033$4526'.
  created $adff cell `$procdff$18606' with positive edge clock and positive level reset.
Creating register for signal `\PSC_InstructionUnit.\alu_active_src1' using process `\PSC_InstructionUnit.$proc$./build_yosys/cpu_yosys.v:2033$4526'.
  created $adff cell `$procdff$18611' with positive edge clock and positive level reset.
Creating register for signal `\PSC_InstructionUnit.\alu_active_src2' using process `\PSC_InstructionUnit.$proc$./build_yosys/cpu_yosys.v:2033$4526'.
  created $adff cell `$procdff$18616' with positive edge clock and positive level reset.
Creating register for signal `\PSC_InstructionUnit.\md_active' using process `\PSC_InstructionUnit.$proc$./build_yosys/cpu_yosys.v:2033$4526'.
  created $adff cell `$procdff$18621' with positive edge clock and positive level reset.
Creating register for signal `\PSC_InstructionUnit.\md_active_rob_tag' using process `\PSC_InstructionUnit.$proc$./build_yosys/cpu_yosys.v:2033$4526'.
  created $adff cell `$procdff$18626' with positive edge clock and positive level reset.
Creating register for signal `\PSC_InstructionUnit.\md_active_dest_phys' using process `\PSC_InstructionUnit.$proc$./build_yosys/cpu_yosys.v:2033$4526'.
  created $adff cell `$procdff$18631' with positive edge clock and positive level reset.
Creating register for signal `\PSC_InstructionUnit.\md_active_dest_valid' using process `\PSC_InstructionUnit.$proc$./build_yosys/cpu_yosys.v:2033$4526'.
  created $adff cell `$procdff$18636' with positive edge clock and positive level reset.
Creating register for signal `\PSC_InstructionUnit.\md_active_ctrl' using process `\PSC_InstructionUnit.$proc$./build_yosys/cpu_yosys.v:2033$4526'.
  created $adff cell `$procdff$18641' with positive edge clock and positive level reset.
Creating register for signal `\PSC_InstructionUnit.\md_active_src1' using process `\PSC_InstructionUnit.$proc$./build_yosys/cpu_yosys.v:2033$4526'.
  created $adff cell `$procdff$18646' with positive edge clock and positive level reset.
Creating register for signal `\PSC_InstructionUnit.\md_active_src2' using process `\PSC_InstructionUnit.$proc$./build_yosys/cpu_yosys.v:2033$4526'.
  created $adff cell `$procdff$18651' with positive edge clock and positive level reset.
Creating register for signal `\PSC_InstructionUnit.\i' using process `\PSC_InstructionUnit.$proc$./build_yosys/cpu_yosys.v:2033$4526'.
  created $adff cell `$procdff$18656' with positive edge clock and positive level reset.
Creating register for signal `\PSC_InstructionUnit.\rob[0]' using process `\PSC_InstructionUnit.$proc$./build_yosys/cpu_yosys.v:2033$4526'.
  created $adff cell `$procdff$18661' with positive edge clock and positive level reset.
Creating register for signal `\PSC_InstructionUnit.\rob[1]' using process `\PSC_InstructionUnit.$proc$./build_yosys/cpu_yosys.v:2033$4526'.
  created $adff cell `$procdff$18666' with positive edge clock and positive level reset.
Creating register for signal `\PSC_InstructionUnit.\iq[0]' using process `\PSC_InstructionUnit.$proc$./build_yosys/cpu_yosys.v:2033$4526'.
  created $adff cell `$procdff$18671' with positive edge clock and positive level reset.
Creating register for signal `\PSC_InstructionUnit.\iq[1]' using process `\PSC_InstructionUnit.$proc$./build_yosys/cpu_yosys.v:2033$4526'.
  created $adff cell `$procdff$18676' with positive edge clock and positive level reset.
Creating register for signal `\PSC_InstructionUnit.\rat_spec_slot[0]' using process `\PSC_InstructionUnit.$proc$./build_yosys/cpu_yosys.v:2033$4526'.
  created $dff cell `$procdff$18683' with positive edge clock.
Creating register for signal `\PSC_InstructionUnit.\rat_spec_slot[1]' using process `\PSC_InstructionUnit.$proc$./build_yosys/cpu_yosys.v:2033$4526'.
  created $dff cell `$procdff$18690' with positive edge clock.
Creating register for signal `\PSC_InstructionUnit.\rat_spec_slot[2]' using process `\PSC_InstructionUnit.$proc$./build_yosys/cpu_yosys.v:2033$4526'.
  created $dff cell `$procdff$18697' with positive edge clock.
Creating register for signal `\PSC_InstructionUnit.\rat_spec_slot[3]' using process `\PSC_InstructionUnit.$proc$./build_yosys/cpu_yosys.v:2033$4526'.
  created $dff cell `$procdff$18704' with positive edge clock.
Creating register for signal `\PSC_InstructionUnit.\rat_spec_slot[4]' using process `\PSC_InstructionUnit.$proc$./build_yosys/cpu_yosys.v:2033$4526'.
  created $dff cell `$procdff$18711' with positive edge clock.
Creating register for signal `\PSC_InstructionUnit.\rat_spec_slot[5]' using process `\PSC_InstructionUnit.$proc$./build_yosys/cpu_yosys.v:2033$4526'.
  created $dff cell `$procdff$18718' with positive edge clock.
Creating register for signal `\PSC_InstructionUnit.\rat_spec_slot[6]' using process `\PSC_InstructionUnit.$proc$./build_yosys/cpu_yosys.v:2033$4526'.
  created $dff cell `$procdff$18725' with positive edge clock.
Creating register for signal `\PSC_InstructionUnit.\rat_spec_slot[7]' using process `\PSC_InstructionUnit.$proc$./build_yosys/cpu_yosys.v:2033$4526'.
  created $dff cell `$procdff$18732' with positive edge clock.
Creating register for signal `\PSC_InstructionUnit.\rat_spec_slot[8]' using process `\PSC_InstructionUnit.$proc$./build_yosys/cpu_yosys.v:2033$4526'.
  created $dff cell `$procdff$18739' with positive edge clock.
Creating register for signal `\PSC_InstructionUnit.\rat_spec_slot[9]' using process `\PSC_InstructionUnit.$proc$./build_yosys/cpu_yosys.v:2033$4526'.
  created $dff cell `$procdff$18746' with positive edge clock.
Creating register for signal `\PSC_InstructionUnit.\rat_spec_slot[10]' using process `\PSC_InstructionUnit.$proc$./build_yosys/cpu_yosys.v:2033$4526'.
  created $dff cell `$procdff$18753' with positive edge clock.
Creating register for signal `\PSC_InstructionUnit.\rat_spec_slot[11]' using process `\PSC_InstructionUnit.$proc$./build_yosys/cpu_yosys.v:2033$4526'.
  created $dff cell `$procdff$18760' with positive edge clock.
Creating register for signal `\PSC_InstructionUnit.\rat_spec_slot[12]' using process `\PSC_InstructionUnit.$proc$./build_yosys/cpu_yosys.v:2033$4526'.
  created $dff cell `$procdff$18767' with positive edge clock.
Creating register for signal `\PSC_InstructionUnit.\rat_spec_slot[13]' using process `\PSC_InstructionUnit.$proc$./build_yosys/cpu_yosys.v:2033$4526'.
  created $dff cell `$procdff$18774' with positive edge clock.
Creating register for signal `\PSC_InstructionUnit.\rat_spec_slot[14]' using process `\PSC_InstructionUnit.$proc$./build_yosys/cpu_yosys.v:2033$4526'.
  created $dff cell `$procdff$18781' with positive edge clock.
Creating register for signal `\PSC_InstructionUnit.\rat_spec_slot[15]' using process `\PSC_InstructionUnit.$proc$./build_yosys/cpu_yosys.v:2033$4526'.
  created $dff cell `$procdff$18788' with positive edge clock.
Creating register for signal `\PSC_InstructionUnit.\rat_spec_slot[16]' using process `\PSC_InstructionUnit.$proc$./build_yosys/cpu_yosys.v:2033$4526'.
  created $dff cell `$procdff$18795' with positive edge clock.
Creating register for signal `\PSC_InstructionUnit.\rat_spec_slot[17]' using process `\PSC_InstructionUnit.$proc$./build_yosys/cpu_yosys.v:2033$4526'.
  created $dff cell `$procdff$18802' with positive edge clock.
Creating register for signal `\PSC_InstructionUnit.\rat_spec_slot[18]' using process `\PSC_InstructionUnit.$proc$./build_yosys/cpu_yosys.v:2033$4526'.
  created $dff cell `$procdff$18809' with positive edge clock.
Creating register for signal `\PSC_InstructionUnit.\rat_spec_slot[19]' using process `\PSC_InstructionUnit.$proc$./build_yosys/cpu_yosys.v:2033$4526'.
  created $dff cell `$procdff$18816' with positive edge clock.
Creating register for signal `\PSC_InstructionUnit.\rat_spec_slot[20]' using process `\PSC_InstructionUnit.$proc$./build_yosys/cpu_yosys.v:2033$4526'.
  created $dff cell `$procdff$18823' with positive edge clock.
Creating register for signal `\PSC_InstructionUnit.\rat_spec_slot[21]' using process `\PSC_InstructionUnit.$proc$./build_yosys/cpu_yosys.v:2033$4526'.
  created $dff cell `$procdff$18830' with positive edge clock.
Creating register for signal `\PSC_InstructionUnit.\rat_spec_slot[22]' using process `\PSC_InstructionUnit.$proc$./build_yosys/cpu_yosys.v:2033$4526'.
  created $dff cell `$procdff$18837' with positive edge clock.
Creating register for signal `\PSC_InstructionUnit.\rat_spec_slot[23]' using process `\PSC_InstructionUnit.$proc$./build_yosys/cpu_yosys.v:2033$4526'.
  created $dff cell `$procdff$18844' with positive edge clock.
Creating register for signal `\PSC_InstructionUnit.\rat_spec_slot[24]' using process `\PSC_InstructionUnit.$proc$./build_yosys/cpu_yosys.v:2033$4526'.
  created $dff cell `$procdff$18851' with positive edge clock.
Creating register for signal `\PSC_InstructionUnit.\rat_spec_slot[25]' using process `\PSC_InstructionUnit.$proc$./build_yosys/cpu_yosys.v:2033$4526'.
  created $dff cell `$procdff$18858' with positive edge clock.
Creating register for signal `\PSC_InstructionUnit.\rat_spec_slot[26]' using process `\PSC_InstructionUnit.$proc$./build_yosys/cpu_yosys.v:2033$4526'.
  created $dff cell `$procdff$18865' with positive edge clock.
Creating register for signal `\PSC_InstructionUnit.\rat_spec_slot[27]' using process `\PSC_InstructionUnit.$proc$./build_yosys/cpu_yosys.v:2033$4526'.
  created $dff cell `$procdff$18872' with positive edge clock.
Creating register for signal `\PSC_InstructionUnit.\rat_spec_slot[28]' using process `\PSC_InstructionUnit.$proc$./build_yosys/cpu_yosys.v:2033$4526'.
  created $dff cell `$procdff$18879' with positive edge clock.
Creating register for signal `\PSC_InstructionUnit.\rat_spec_slot[29]' using process `\PSC_InstructionUnit.$proc$./build_yosys/cpu_yosys.v:2033$4526'.
  created $dff cell `$procdff$18886' with positive edge clock.
Creating register for signal `\PSC_InstructionUnit.\rat_spec_slot[30]' using process `\PSC_InstructionUnit.$proc$./build_yosys/cpu_yosys.v:2033$4526'.
  created $dff cell `$procdff$18893' with positive edge clock.
Creating register for signal `\PSC_InstructionUnit.\rat_spec_slot[31]' using process `\PSC_InstructionUnit.$proc$./build_yosys/cpu_yosys.v:2033$4526'.
  created $dff cell `$procdff$18900' with positive edge clock.
Creating register for signal `\PSC_InstructionUnit.$bitselwrite$pos$./build_yosys/cpu_yosys.v:2097$3815' using process `\PSC_InstructionUnit.$proc$./build_yosys/cpu_yosys.v:2033$4526'.
  created $adff cell `$procdff$18905' with positive edge clock and positive level reset.
Creating register for signal `\PSC_InstructionUnit.$bitselwrite$pos$./build_yosys/cpu_yosys.v:2098$3816' using process `\PSC_InstructionUnit.$proc$./build_yosys/cpu_yosys.v:2033$4526'.
  created $adff cell `$procdff$18910' with positive edge clock and positive level reset.
Creating register for signal `\PSC_InstructionUnit.\serializing_instruction$func$./build_yosys/cpu_yosys.v:2106$3817.$result' using process `\PSC_InstructionUnit.$proc$./build_yosys/cpu_yosys.v:2033$4526'.
  created $adff cell `$procdff$18915' with positive edge clock and positive level reset.
Creating register for signal `\PSC_InstructionUnit.\serializing_instruction$func$./build_yosys/cpu_yosys.v:2106$3817.ctrl' using process `\PSC_InstructionUnit.$proc$./build_yosys/cpu_yosys.v:2033$4526'.
  created $adff cell `$procdff$18920' with positive edge clock and positive level reset.
Creating register for signal `\PSC_InstructionUnit.$bitselwrite$pos$./build_yosys/cpu_yosys.v:2124$3818' using process `\PSC_InstructionUnit.$proc$./build_yosys/cpu_yosys.v:2033$4526'.
  created $adff cell `$procdff$18925' with positive edge clock and positive level reset.
Creating register for signal `\PSC_InstructionUnit.$bitselwrite$pos$./build_yosys/cpu_yosys.v:2126$3819' using process `\PSC_InstructionUnit.$proc$./build_yosys/cpu_yosys.v:2033$4526'.
  created $adff cell `$procdff$18930' with positive edge clock and positive level reset.
Creating register for signal `\PSC_InstructionUnit.\branch_exec$func$./build_yosys/cpu_yosys.v:2152$3820.$result' using process `\PSC_InstructionUnit.$proc$./build_yosys/cpu_yosys.v:2033$4526'.
  created $adff cell `$procdff$18935' with positive edge clock and positive level reset.
Creating register for signal `\PSC_InstructionUnit.\branch_exec$func$./build_yosys/cpu_yosys.v:2152$3820.pc_sel' using process `\PSC_InstructionUnit.$proc$./build_yosys/cpu_yosys.v:2033$4526'.
  created $adff cell `$procdff$18940' with positive edge clock and positive level reset.
Creating register for signal `\PSC_InstructionUnit.\branch_exec$func$./build_yosys/cpu_yosys.v:2152$3820.funct3' using process `\PSC_InstructionUnit.$proc$./build_yosys/cpu_yosys.v:2033$4526'.
  created $adff cell `$procdff$18945' with positive edge clock and positive level reset.
Creating register for signal `\PSC_InstructionUnit.\branch_exec$func$./build_yosys/cpu_yosys.v:2152$3820.data1' using process `\PSC_InstructionUnit.$proc$./build_yosys/cpu_yosys.v:2033$4526'.
  created $adff cell `$procdff$18950' with positive edge clock and positive level reset.
Creating register for signal `\PSC_InstructionUnit.\branch_exec$func$./build_yosys/cpu_yosys.v:2152$3820.data2' using process `\PSC_InstructionUnit.$proc$./build_yosys/cpu_yosys.v:2033$4526'.
  created $adff cell `$procdff$18955' with positive edge clock and positive level reset.
Creating register for signal `\PSC_InstructionUnit.\load_result$func$./build_yosys/cpu_yosys.v:2174$3821.$result' using process `\PSC_InstructionUnit.$proc$./build_yosys/cpu_yosys.v:2033$4526'.
  created $adff cell `$procdff$18960' with positive edge clock and positive level reset.
Creating register for signal `\PSC_InstructionUnit.\load_result$func$./build_yosys/cpu_yosys.v:2174$3821.raw_data' using process `\PSC_InstructionUnit.$proc$./build_yosys/cpu_yosys.v:2033$4526'.
  created $adff cell `$procdff$18965' with positive edge clock and positive level reset.
Creating register for signal `\PSC_InstructionUnit.\load_result$func$./build_yosys/cpu_yosys.v:2174$3821.low2' using process `\PSC_InstructionUnit.$proc$./build_yosys/cpu_yosys.v:2033$4526'.
  created $adff cell `$procdff$18970' with positive edge clock and positive level reset.
Creating register for signal `\PSC_InstructionUnit.\load_result$func$./build_yosys/cpu_yosys.v:2174$3821.funct3' using process `\PSC_InstructionUnit.$proc$./build_yosys/cpu_yosys.v:2033$4526'.
  created $adff cell `$procdff$18975' with positive edge clock and positive level reset.
Creating register for signal `\PSC_InstructionUnit.\load_result$func$./build_yosys/cpu_yosys.v:2174$3821.byte_data' using process `\PSC_InstructionUnit.$proc$./build_yosys/cpu_yosys.v:2033$4526'.
  created $adff cell `$procdff$18980' with positive edge clock and positive level reset.
Creating register for signal `\PSC_InstructionUnit.\load_result$func$./build_yosys/cpu_yosys.v:2174$3821.half_data' using process `\PSC_InstructionUnit.$proc$./build_yosys/cpu_yosys.v:2033$4526'.
  created $adff cell `$procdff$18985' with positive edge clock and positive level reset.
Creating register for signal `\PSC_InstructionUnit.$mem2reg_wr$\rob$./build_yosys/cpu_yosys.v:2094$3886_ADDR' using process `\PSC_InstructionUnit.$proc$./build_yosys/cpu_yosys.v:2033$4526'.
  created $adff cell `$procdff$18990' with positive edge clock and positive level reset.
Creating register for signal `\PSC_InstructionUnit.$mem2reg_wr$\rob$./build_yosys/cpu_yosys.v:2094$3886_DATA' using process `\PSC_InstructionUnit.$proc$./build_yosys/cpu_yosys.v:2033$4526'.
  created $adff cell `$procdff$18995' with positive edge clock and positive level reset.
Creating register for signal `\PSC_InstructionUnit.$mem2reg_rd$\rob$./build_yosys/cpu_yosys.v:2095$3887_ADDR' using process `\PSC_InstructionUnit.$proc$./build_yosys/cpu_yosys.v:2033$4526'.
  created $adff cell `$procdff$19000' with positive edge clock and positive level reset.
Creating register for signal `\PSC_InstructionUnit.$mem2reg_rd$\rob$./build_yosys/cpu_yosys.v:2095$3887_DATA' using process `\PSC_InstructionUnit.$proc$./build_yosys/cpu_yosys.v:2033$4526'.
  created $adff cell `$procdff$19005' with positive edge clock and positive level reset.
Creating register for signal `\PSC_InstructionUnit.$mem2reg_rd$\rob$./build_yosys/cpu_yosys.v:2095$3888_ADDR' using process `\PSC_InstructionUnit.$proc$./build_yosys/cpu_yosys.v:2033$4526'.
  created $adff cell `$procdff$19010' with positive edge clock and positive level reset.
Creating register for signal `\PSC_InstructionUnit.$mem2reg_rd$\rob$./build_yosys/cpu_yosys.v:2095$3888_DATA' using process `\PSC_InstructionUnit.$proc$./build_yosys/cpu_yosys.v:2033$4526'.
  created $adff cell `$procdff$19015' with positive edge clock and positive level reset.
Creating register for signal `\PSC_InstructionUnit.$mem2reg_rd$\rob$./build_yosys/cpu_yosys.v:2096$3889_ADDR' using process `\PSC_InstructionUnit.$proc$./build_yosys/cpu_yosys.v:2033$4526'.
  created $adff cell `$procdff$19020' with positive edge clock and positive level reset.
Creating register for signal `\PSC_InstructionUnit.$mem2reg_rd$\rob$./build_yosys/cpu_yosys.v:2096$3889_DATA' using process `\PSC_InstructionUnit.$proc$./build_yosys/cpu_yosys.v:2033$4526'.
  created $adff cell `$procdff$19025' with positive edge clock and positive level reset.
Creating register for signal `\PSC_InstructionUnit.$mem2reg_rd$\rat_spec_slot$./build_yosys/cpu_yosys.v:2096$3890_ADDR' using process `\PSC_InstructionUnit.$proc$./build_yosys/cpu_yosys.v:2033$4526'.
  created $adff cell `$procdff$19030' with positive edge clock and positive level reset.
Creating register for signal `\PSC_InstructionUnit.$mem2reg_rd$\rat_spec_slot$./build_yosys/cpu_yosys.v:2096$3890_DATA' using process `\PSC_InstructionUnit.$proc$./build_yosys/cpu_yosys.v:2033$4526'.
  created $adff cell `$procdff$19035' with positive edge clock and positive level reset.
Creating register for signal `\PSC_InstructionUnit.$mem2reg_rd$\rob$./build_yosys/cpu_yosys.v:2096$3891_ADDR' using process `\PSC_InstructionUnit.$proc$./build_yosys/cpu_yosys.v:2033$4526'.
  created $adff cell `$procdff$19040' with positive edge clock and positive level reset.
Creating register for signal `\PSC_InstructionUnit.$mem2reg_rd$\rob$./build_yosys/cpu_yosys.v:2096$3891_DATA' using process `\PSC_InstructionUnit.$proc$./build_yosys/cpu_yosys.v:2033$4526'.
  created $adff cell `$procdff$19045' with positive edge clock and positive level reset.
Creating register for signal `\PSC_InstructionUnit.$mem2reg_rd$\rob$./build_yosys/cpu_yosys.v:2097$3892_ADDR' using process `\PSC_InstructionUnit.$proc$./build_yosys/cpu_yosys.v:2033$4526'.
  created $adff cell `$procdff$19050' with positive edge clock and positive level reset.
Creating register for signal `\PSC_InstructionUnit.$mem2reg_rd$\rob$./build_yosys/cpu_yosys.v:2097$3892_DATA' using process `\PSC_InstructionUnit.$proc$./build_yosys/cpu_yosys.v:2033$4526'.
  created $adff cell `$procdff$19055' with positive edge clock and positive level reset.
Creating register for signal `\PSC_InstructionUnit.$mem2reg_rd$\rob$./build_yosys/cpu_yosys.v:2098$3893_ADDR' using process `\PSC_InstructionUnit.$proc$./build_yosys/cpu_yosys.v:2033$4526'.
  created $adff cell `$procdff$19060' with positive edge clock and positive level reset.
Creating register for signal `\PSC_InstructionUnit.$mem2reg_rd$\rob$./build_yosys/cpu_yosys.v:2098$3893_DATA' using process `\PSC_InstructionUnit.$proc$./build_yosys/cpu_yosys.v:2033$4526'.
  created $adff cell `$procdff$19065' with positive edge clock and positive level reset.
Creating register for signal `\PSC_InstructionUnit.$mem2reg_wr$\rob$./build_yosys/cpu_yosys.v:2103$3894_ADDR' using process `\PSC_InstructionUnit.$proc$./build_yosys/cpu_yosys.v:2033$4526'.
  created $adff cell `$procdff$19070' with positive edge clock and positive level reset.
Creating register for signal `\PSC_InstructionUnit.$mem2reg_wr$\rob$./build_yosys/cpu_yosys.v:2103$3894_DATA' using process `\PSC_InstructionUnit.$proc$./build_yosys/cpu_yosys.v:2033$4526'.
  created $adff cell `$procdff$19075' with positive edge clock and positive level reset.
Creating register for signal `\PSC_InstructionUnit.$mem2reg_wr$\rob$./build_yosys/cpu_yosys.v:2104$3895_ADDR' using process `\PSC_InstructionUnit.$proc$./build_yosys/cpu_yosys.v:2033$4526'.
  created $adff cell `$procdff$19080' with positive edge clock and positive level reset.
Creating register for signal `\PSC_InstructionUnit.$mem2reg_wr$\rob$./build_yosys/cpu_yosys.v:2104$3895_DATA' using process `\PSC_InstructionUnit.$proc$./build_yosys/cpu_yosys.v:2033$4526'.
  created $adff cell `$procdff$19085' with positive edge clock and positive level reset.
Creating register for signal `\PSC_InstructionUnit.$mem2reg_wr$\rob$./build_yosys/cpu_yosys.v:2105$3896_ADDR' using process `\PSC_InstructionUnit.$proc$./build_yosys/cpu_yosys.v:2033$4526'.
  created $adff cell `$procdff$19090' with positive edge clock and positive level reset.
Creating register for signal `\PSC_InstructionUnit.$mem2reg_wr$\rob$./build_yosys/cpu_yosys.v:2105$3896_DATA' using process `\PSC_InstructionUnit.$proc$./build_yosys/cpu_yosys.v:2033$4526'.
  created $adff cell `$procdff$19095' with positive edge clock and positive level reset.
Creating register for signal `\PSC_InstructionUnit.$mem2reg_wr$\rob$./build_yosys/cpu_yosys.v:2106$3897_ADDR' using process `\PSC_InstructionUnit.$proc$./build_yosys/cpu_yosys.v:2033$4526'.
  created $adff cell `$procdff$19100' with positive edge clock and positive level reset.
Creating register for signal `\PSC_InstructionUnit.$mem2reg_wr$\rob$./build_yosys/cpu_yosys.v:2106$3897_DATA' using process `\PSC_InstructionUnit.$proc$./build_yosys/cpu_yosys.v:2033$4526'.
  created $adff cell `$procdff$19105' with positive edge clock and positive level reset.
Creating register for signal `\PSC_InstructionUnit.$mem2reg_wr$\rob$./build_yosys/cpu_yosys.v:2107$3898_ADDR' using process `\PSC_InstructionUnit.$proc$./build_yosys/cpu_yosys.v:2033$4526'.
  created $adff cell `$procdff$19110' with positive edge clock and positive level reset.
Creating register for signal `\PSC_InstructionUnit.$mem2reg_wr$\rob$./build_yosys/cpu_yosys.v:2107$3898_DATA' using process `\PSC_InstructionUnit.$proc$./build_yosys/cpu_yosys.v:2033$4526'.
  created $adff cell `$procdff$19115' with positive edge clock and positive level reset.
Creating register for signal `\PSC_InstructionUnit.$mem2reg_wr$\rob$./build_yosys/cpu_yosys.v:2108$3899_ADDR' using process `\PSC_InstructionUnit.$proc$./build_yosys/cpu_yosys.v:2033$4526'.
  created $adff cell `$procdff$19120' with positive edge clock and positive level reset.
Creating register for signal `\PSC_InstructionUnit.$mem2reg_wr$\rob$./build_yosys/cpu_yosys.v:2108$3899_DATA' using process `\PSC_InstructionUnit.$proc$./build_yosys/cpu_yosys.v:2033$4526'.
  created $adff cell `$procdff$19125' with positive edge clock and positive level reset.
Creating register for signal `\PSC_InstructionUnit.$mem2reg_wr$\rob$./build_yosys/cpu_yosys.v:2109$3900_ADDR' using process `\PSC_InstructionUnit.$proc$./build_yosys/cpu_yosys.v:2033$4526'.
  created $adff cell `$procdff$19130' with positive edge clock and positive level reset.
Creating register for signal `\PSC_InstructionUnit.$mem2reg_wr$\rob$./build_yosys/cpu_yosys.v:2109$3900_DATA' using process `\PSC_InstructionUnit.$proc$./build_yosys/cpu_yosys.v:2033$4526'.
  created $adff cell `$procdff$19135' with positive edge clock and positive level reset.
Creating register for signal `\PSC_InstructionUnit.$mem2reg_wr$\rob$./build_yosys/cpu_yosys.v:2110$3901_ADDR' using process `\PSC_InstructionUnit.$proc$./build_yosys/cpu_yosys.v:2033$4526'.
  created $adff cell `$procdff$19140' with positive edge clock and positive level reset.
Creating register for signal `\PSC_InstructionUnit.$mem2reg_wr$\rob$./build_yosys/cpu_yosys.v:2110$3901_DATA' using process `\PSC_InstructionUnit.$proc$./build_yosys/cpu_yosys.v:2033$4526'.
  created $adff cell `$procdff$19145' with positive edge clock and positive level reset.
Creating register for signal `\PSC_InstructionUnit.$mem2reg_wr$\rob$./build_yosys/cpu_yosys.v:2111$3902_ADDR' using process `\PSC_InstructionUnit.$proc$./build_yosys/cpu_yosys.v:2033$4526'.
  created $adff cell `$procdff$19150' with positive edge clock and positive level reset.
Creating register for signal `\PSC_InstructionUnit.$mem2reg_wr$\rob$./build_yosys/cpu_yosys.v:2111$3902_DATA' using process `\PSC_InstructionUnit.$proc$./build_yosys/cpu_yosys.v:2033$4526'.
  created $adff cell `$procdff$19155' with positive edge clock and positive level reset.
Creating register for signal `\PSC_InstructionUnit.$mem2reg_wr$\rob$./build_yosys/cpu_yosys.v:2112$3903_ADDR' using process `\PSC_InstructionUnit.$proc$./build_yosys/cpu_yosys.v:2033$4526'.
  created $adff cell `$procdff$19160' with positive edge clock and positive level reset.
Creating register for signal `\PSC_InstructionUnit.$mem2reg_wr$\rob$./build_yosys/cpu_yosys.v:2112$3903_DATA' using process `\PSC_InstructionUnit.$proc$./build_yosys/cpu_yosys.v:2033$4526'.
  created $adff cell `$procdff$19165' with positive edge clock and positive level reset.
Creating register for signal `\PSC_InstructionUnit.$mem2reg_wr$\rob$./build_yosys/cpu_yosys.v:2113$3904_ADDR' using process `\PSC_InstructionUnit.$proc$./build_yosys/cpu_yosys.v:2033$4526'.
  created $adff cell `$procdff$19170' with positive edge clock and positive level reset.
Creating register for signal `\PSC_InstructionUnit.$mem2reg_wr$\rob$./build_yosys/cpu_yosys.v:2113$3904_DATA' using process `\PSC_InstructionUnit.$proc$./build_yosys/cpu_yosys.v:2033$4526'.
  created $adff cell `$procdff$19175' with positive edge clock and positive level reset.
Creating register for signal `\PSC_InstructionUnit.$mem2reg_wr$\rob$./build_yosys/cpu_yosys.v:2114$3905_ADDR' using process `\PSC_InstructionUnit.$proc$./build_yosys/cpu_yosys.v:2033$4526'.
  created $adff cell `$procdff$19180' with positive edge clock and positive level reset.
Creating register for signal `\PSC_InstructionUnit.$mem2reg_wr$\rob$./build_yosys/cpu_yosys.v:2114$3905_DATA' using process `\PSC_InstructionUnit.$proc$./build_yosys/cpu_yosys.v:2033$4526'.
  created $adff cell `$procdff$19185' with positive edge clock and positive level reset.
Creating register for signal `\PSC_InstructionUnit.$mem2reg_wr$\iq$./build_yosys/cpu_yosys.v:2115$3906_ADDR' using process `\PSC_InstructionUnit.$proc$./build_yosys/cpu_yosys.v:2033$4526'.
  created $adff cell `$procdff$19190' with positive edge clock and positive level reset.
Creating register for signal `\PSC_InstructionUnit.$mem2reg_wr$\iq$./build_yosys/cpu_yosys.v:2115$3906_DATA' using process `\PSC_InstructionUnit.$proc$./build_yosys/cpu_yosys.v:2033$4526'.
  created $adff cell `$procdff$19195' with positive edge clock and positive level reset.
Creating register for signal `\PSC_InstructionUnit.$mem2reg_wr$\iq$./build_yosys/cpu_yosys.v:2116$3907_ADDR' using process `\PSC_InstructionUnit.$proc$./build_yosys/cpu_yosys.v:2033$4526'.
  created $adff cell `$procdff$19200' with positive edge clock and positive level reset.
Creating register for signal `\PSC_InstructionUnit.$mem2reg_wr$\iq$./build_yosys/cpu_yosys.v:2116$3907_DATA' using process `\PSC_InstructionUnit.$proc$./build_yosys/cpu_yosys.v:2033$4526'.
  created $adff cell `$procdff$19205' with positive edge clock and positive level reset.
Creating register for signal `\PSC_InstructionUnit.$mem2reg_wr$\iq$./build_yosys/cpu_yosys.v:2117$3908_ADDR' using process `\PSC_InstructionUnit.$proc$./build_yosys/cpu_yosys.v:2033$4526'.
  created $adff cell `$procdff$19210' with positive edge clock and positive level reset.
Creating register for signal `\PSC_InstructionUnit.$mem2reg_wr$\iq$./build_yosys/cpu_yosys.v:2117$3908_DATA' using process `\PSC_InstructionUnit.$proc$./build_yosys/cpu_yosys.v:2033$4526'.
  created $adff cell `$procdff$19215' with positive edge clock and positive level reset.
Creating register for signal `\PSC_InstructionUnit.$mem2reg_wr$\iq$./build_yosys/cpu_yosys.v:2118$3909_ADDR' using process `\PSC_InstructionUnit.$proc$./build_yosys/cpu_yosys.v:2033$4526'.
  created $adff cell `$procdff$19220' with positive edge clock and positive level reset.
Creating register for signal `\PSC_InstructionUnit.$mem2reg_wr$\iq$./build_yosys/cpu_yosys.v:2118$3909_DATA' using process `\PSC_InstructionUnit.$proc$./build_yosys/cpu_yosys.v:2033$4526'.
  created $adff cell `$procdff$19225' with positive edge clock and positive level reset.
Creating register for signal `\PSC_InstructionUnit.$mem2reg_wr$\iq$./build_yosys/cpu_yosys.v:2119$3910_ADDR' using process `\PSC_InstructionUnit.$proc$./build_yosys/cpu_yosys.v:2033$4526'.
  created $adff cell `$procdff$19230' with positive edge clock and positive level reset.
Creating register for signal `\PSC_InstructionUnit.$mem2reg_wr$\iq$./build_yosys/cpu_yosys.v:2119$3910_DATA' using process `\PSC_InstructionUnit.$proc$./build_yosys/cpu_yosys.v:2033$4526'.
  created $adff cell `$procdff$19235' with positive edge clock and positive level reset.
Creating register for signal `\PSC_InstructionUnit.$mem2reg_wr$\iq$./build_yosys/cpu_yosys.v:2120$3911_ADDR' using process `\PSC_InstructionUnit.$proc$./build_yosys/cpu_yosys.v:2033$4526'.
  created $adff cell `$procdff$19240' with positive edge clock and positive level reset.
Creating register for signal `\PSC_InstructionUnit.$mem2reg_wr$\iq$./build_yosys/cpu_yosys.v:2120$3911_DATA' using process `\PSC_InstructionUnit.$proc$./build_yosys/cpu_yosys.v:2033$4526'.
  created $adff cell `$procdff$19245' with positive edge clock and positive level reset.
Creating register for signal `\PSC_InstructionUnit.$mem2reg_wr$\iq$./build_yosys/cpu_yosys.v:2121$3912_ADDR' using process `\PSC_InstructionUnit.$proc$./build_yosys/cpu_yosys.v:2033$4526'.
  created $adff cell `$procdff$19250' with positive edge clock and positive level reset.
Creating register for signal `\PSC_InstructionUnit.$mem2reg_wr$\iq$./build_yosys/cpu_yosys.v:2121$3912_DATA' using process `\PSC_InstructionUnit.$proc$./build_yosys/cpu_yosys.v:2033$4526'.
  created $adff cell `$procdff$19255' with positive edge clock and positive level reset.
Creating register for signal `\PSC_InstructionUnit.$mem2reg_wr$\iq$./build_yosys/cpu_yosys.v:2122$3913_ADDR' using process `\PSC_InstructionUnit.$proc$./build_yosys/cpu_yosys.v:2033$4526'.
  created $adff cell `$procdff$19260' with positive edge clock and positive level reset.
Creating register for signal `\PSC_InstructionUnit.$mem2reg_wr$\iq$./build_yosys/cpu_yosys.v:2122$3913_DATA' using process `\PSC_InstructionUnit.$proc$./build_yosys/cpu_yosys.v:2033$4526'.
  created $adff cell `$procdff$19265' with positive edge clock and positive level reset.
Creating register for signal `\PSC_InstructionUnit.$mem2reg_wr$\rat_spec_slot$./build_yosys/cpu_yosys.v:2125$3914_ADDR' using process `\PSC_InstructionUnit.$proc$./build_yosys/cpu_yosys.v:2033$4526'.
  created $adff cell `$procdff$19270' with positive edge clock and positive level reset.
Creating register for signal `\PSC_InstructionUnit.$mem2reg_wr$\rat_spec_slot$./build_yosys/cpu_yosys.v:2125$3914_DATA' using process `\PSC_InstructionUnit.$proc$./build_yosys/cpu_yosys.v:2033$4526'.
  created $adff cell `$procdff$19275' with positive edge clock and positive level reset.
Creating register for signal `\PSC_InstructionUnit.$mem2reg_wr$\iq$./build_yosys/cpu_yosys.v:2136$3915_ADDR' using process `\PSC_InstructionUnit.$proc$./build_yosys/cpu_yosys.v:2033$4526'.
  created $adff cell `$procdff$19280' with positive edge clock and positive level reset.
Creating register for signal `\PSC_InstructionUnit.$mem2reg_wr$\iq$./build_yosys/cpu_yosys.v:2136$3915_DATA' using process `\PSC_InstructionUnit.$proc$./build_yosys/cpu_yosys.v:2033$4526'.
  created $adff cell `$procdff$19285' with positive edge clock and positive level reset.
Creating register for signal `\PSC_InstructionUnit.$mem2reg_rd$\iq$./build_yosys/cpu_yosys.v:2138$3916_ADDR' using process `\PSC_InstructionUnit.$proc$./build_yosys/cpu_yosys.v:2033$4526'.
  created $adff cell `$procdff$19290' with positive edge clock and positive level reset.
Creating register for signal `\PSC_InstructionUnit.$mem2reg_rd$\iq$./build_yosys/cpu_yosys.v:2138$3916_DATA' using process `\PSC_InstructionUnit.$proc$./build_yosys/cpu_yosys.v:2033$4526'.
  created $adff cell `$procdff$19295' with positive edge clock and positive level reset.
Creating register for signal `\PSC_InstructionUnit.$mem2reg_rd$\rob$./build_yosys/cpu_yosys.v:2139$3917_ADDR' using process `\PSC_InstructionUnit.$proc$./build_yosys/cpu_yosys.v:2033$4526'.
  created $adff cell `$procdff$19300' with positive edge clock and positive level reset.
Creating register for signal `\PSC_InstructionUnit.$mem2reg_rd$\rob$./build_yosys/cpu_yosys.v:2139$3917_DATA' using process `\PSC_InstructionUnit.$proc$./build_yosys/cpu_yosys.v:2033$4526'.
  created $adff cell `$procdff$19305' with positive edge clock and positive level reset.
Creating register for signal `\PSC_InstructionUnit.$mem2reg_rd$\rob$./build_yosys/cpu_yosys.v:2139$3918_ADDR' using process `\PSC_InstructionUnit.$proc$./build_yosys/cpu_yosys.v:2033$4526'.
  created $adff cell `$procdff$19310' with positive edge clock and positive level reset.
Creating register for signal `\PSC_InstructionUnit.$mem2reg_rd$\rob$./build_yosys/cpu_yosys.v:2139$3918_DATA' using process `\PSC_InstructionUnit.$proc$./build_yosys/cpu_yosys.v:2033$4526'.
  created $adff cell `$procdff$19315' with positive edge clock and positive level reset.
Creating register for signal `\PSC_InstructionUnit.$mem2reg_rd$\rob$./build_yosys/cpu_yosys.v:2140$3919_ADDR' using process `\PSC_InstructionUnit.$proc$./build_yosys/cpu_yosys.v:2033$4526'.
  created $adff cell `$procdff$19320' with positive edge clock and positive level reset.
Creating register for signal `\PSC_InstructionUnit.$mem2reg_rd$\rob$./build_yosys/cpu_yosys.v:2140$3919_DATA' using process `\PSC_InstructionUnit.$proc$./build_yosys/cpu_yosys.v:2033$4526'.
  created $adff cell `$procdff$19325' with positive edge clock and positive level reset.
Creating register for signal `\PSC_InstructionUnit.$mem2reg_rd$\rob$./build_yosys/cpu_yosys.v:2141$3920_ADDR' using process `\PSC_InstructionUnit.$proc$./build_yosys/cpu_yosys.v:2033$4526'.
  created $adff cell `$procdff$19330' with positive edge clock and positive level reset.
Creating register for signal `\PSC_InstructionUnit.$mem2reg_rd$\rob$./build_yosys/cpu_yosys.v:2141$3920_DATA' using process `\PSC_InstructionUnit.$proc$./build_yosys/cpu_yosys.v:2033$4526'.
  created $adff cell `$procdff$19335' with positive edge clock and positive level reset.
Creating register for signal `\PSC_InstructionUnit.$mem2reg_rd$\iq$./build_yosys/cpu_yosys.v:2142$3921_ADDR' using process `\PSC_InstructionUnit.$proc$./build_yosys/cpu_yosys.v:2033$4526'.
  created $adff cell `$procdff$19340' with positive edge clock and positive level reset.
Creating register for signal `\PSC_InstructionUnit.$mem2reg_rd$\iq$./build_yosys/cpu_yosys.v:2142$3921_DATA' using process `\PSC_InstructionUnit.$proc$./build_yosys/cpu_yosys.v:2033$4526'.
  created $adff cell `$procdff$19345' with positive edge clock and positive level reset.
Creating register for signal `\PSC_InstructionUnit.$mem2reg_rd$\iq$./build_yosys/cpu_yosys.v:2143$3922_ADDR' using process `\PSC_InstructionUnit.$proc$./build_yosys/cpu_yosys.v:2033$4526'.
  created $adff cell `$procdff$19350' with positive edge clock and positive level reset.
Creating register for signal `\PSC_InstructionUnit.$mem2reg_rd$\iq$./build_yosys/cpu_yosys.v:2143$3922_DATA' using process `\PSC_InstructionUnit.$proc$./build_yosys/cpu_yosys.v:2033$4526'.
  created $adff cell `$procdff$19355' with positive edge clock and positive level reset.
Creating register for signal `\PSC_InstructionUnit.$mem2reg_wr$\rob$./build_yosys/cpu_yosys.v:2148$3923_ADDR' using process `\PSC_InstructionUnit.$proc$./build_yosys/cpu_yosys.v:2033$4526'.
  created $adff cell `$procdff$19360' with positive edge clock and positive level reset.
Creating register for signal `\PSC_InstructionUnit.$mem2reg_wr$\rob$./build_yosys/cpu_yosys.v:2148$3923_DATA' using process `\PSC_InstructionUnit.$proc$./build_yosys/cpu_yosys.v:2033$4526'.
  created $adff cell `$procdff$19365' with positive edge clock and positive level reset.
Creating register for signal `\PSC_InstructionUnit.$mem2reg_wr$\rob$./build_yosys/cpu_yosys.v:2150$3924_ADDR' using process `\PSC_InstructionUnit.$proc$./build_yosys/cpu_yosys.v:2033$4526'.
  created $adff cell `$procdff$19370' with positive edge clock and positive level reset.
Creating register for signal `\PSC_InstructionUnit.$mem2reg_wr$\rob$./build_yosys/cpu_yosys.v:2150$3924_DATA' using process `\PSC_InstructionUnit.$proc$./build_yosys/cpu_yosys.v:2033$4526'.
  created $adff cell `$procdff$19375' with positive edge clock and positive level reset.
Creating register for signal `\PSC_InstructionUnit.$mem2reg_wr$\rob$./build_yosys/cpu_yosys.v:2151$3925_ADDR' using process `\PSC_InstructionUnit.$proc$./build_yosys/cpu_yosys.v:2033$4526'.
  created $adff cell `$procdff$19380' with positive edge clock and positive level reset.
Creating register for signal `\PSC_InstructionUnit.$mem2reg_wr$\rob$./build_yosys/cpu_yosys.v:2151$3925_DATA' using process `\PSC_InstructionUnit.$proc$./build_yosys/cpu_yosys.v:2033$4526'.
  created $adff cell `$procdff$19385' with positive edge clock and positive level reset.
Creating register for signal `\PSC_InstructionUnit.$mem2reg_wr$\rob$./build_yosys/cpu_yosys.v:2152$3926_ADDR' using process `\PSC_InstructionUnit.$proc$./build_yosys/cpu_yosys.v:2033$4526'.
  created $adff cell `$procdff$19390' with positive edge clock and positive level reset.
Creating register for signal `\PSC_InstructionUnit.$mem2reg_wr$\rob$./build_yosys/cpu_yosys.v:2152$3926_DATA' using process `\PSC_InstructionUnit.$proc$./build_yosys/cpu_yosys.v:2033$4526'.
  created $adff cell `$procdff$19395' with positive edge clock and positive level reset.
Creating register for signal `\PSC_InstructionUnit.$mem2reg_wr$\rob$./build_yosys/cpu_yosys.v:2153$3927_ADDR' using process `\PSC_InstructionUnit.$proc$./build_yosys/cpu_yosys.v:2033$4526'.
  created $adff cell `$procdff$19400' with positive edge clock and positive level reset.
Creating register for signal `\PSC_InstructionUnit.$mem2reg_wr$\rob$./build_yosys/cpu_yosys.v:2153$3927_DATA' using process `\PSC_InstructionUnit.$proc$./build_yosys/cpu_yosys.v:2033$4526'.
  created $adff cell `$procdff$19405' with positive edge clock and positive level reset.
Creating register for signal `\PSC_InstructionUnit.$mem2reg_wr$\rob$./build_yosys/cpu_yosys.v:2154$3928_ADDR' using process `\PSC_InstructionUnit.$proc$./build_yosys/cpu_yosys.v:2033$4526'.
  created $adff cell `$procdff$19410' with positive edge clock and positive level reset.
Creating register for signal `\PSC_InstructionUnit.$mem2reg_wr$\rob$./build_yosys/cpu_yosys.v:2154$3928_DATA' using process `\PSC_InstructionUnit.$proc$./build_yosys/cpu_yosys.v:2033$4526'.
  created $adff cell `$procdff$19415' with positive edge clock and positive level reset.
Creating register for signal `\PSC_InstructionUnit.$mem2reg_wr$\rob$./build_yosys/cpu_yosys.v:2156$3929_ADDR' using process `\PSC_InstructionUnit.$proc$./build_yosys/cpu_yosys.v:2033$4526'.
  created $adff cell `$procdff$19420' with positive edge clock and positive level reset.
Creating register for signal `\PSC_InstructionUnit.$mem2reg_wr$\rob$./build_yosys/cpu_yosys.v:2156$3929_DATA' using process `\PSC_InstructionUnit.$proc$./build_yosys/cpu_yosys.v:2033$4526'.
  created $adff cell `$procdff$19425' with positive edge clock and positive level reset.
Creating register for signal `\PSC_InstructionUnit.$mem2reg_wr$\iq$./build_yosys/cpu_yosys.v:2159$3930_ADDR' using process `\PSC_InstructionUnit.$proc$./build_yosys/cpu_yosys.v:2033$4526'.
  created $adff cell `$procdff$19430' with positive edge clock and positive level reset.
Creating register for signal `\PSC_InstructionUnit.$mem2reg_wr$\iq$./build_yosys/cpu_yosys.v:2159$3930_DATA' using process `\PSC_InstructionUnit.$proc$./build_yosys/cpu_yosys.v:2033$4526'.
  created $adff cell `$procdff$19435' with positive edge clock and positive level reset.
Creating register for signal `\PSC_InstructionUnit.$mem2reg_rd$\iq$./build_yosys/cpu_yosys.v:2161$3931_ADDR' using process `\PSC_InstructionUnit.$proc$./build_yosys/cpu_yosys.v:2033$4526'.
  created $adff cell `$procdff$19440' with positive edge clock and positive level reset.
Creating register for signal `\PSC_InstructionUnit.$mem2reg_rd$\iq$./build_yosys/cpu_yosys.v:2161$3931_DATA' using process `\PSC_InstructionUnit.$proc$./build_yosys/cpu_yosys.v:2033$4526'.
  created $adff cell `$procdff$19445' with positive edge clock and positive level reset.
Creating register for signal `\PSC_InstructionUnit.$mem2reg_rd$\rob$./build_yosys/cpu_yosys.v:2162$3932_ADDR' using process `\PSC_InstructionUnit.$proc$./build_yosys/cpu_yosys.v:2033$4526'.
  created $adff cell `$procdff$19450' with positive edge clock and positive level reset.
Creating register for signal `\PSC_InstructionUnit.$mem2reg_rd$\rob$./build_yosys/cpu_yosys.v:2162$3932_DATA' using process `\PSC_InstructionUnit.$proc$./build_yosys/cpu_yosys.v:2033$4526'.
  created $adff cell `$procdff$19455' with positive edge clock and positive level reset.
Creating register for signal `\PSC_InstructionUnit.$mem2reg_rd$\rob$./build_yosys/cpu_yosys.v:2163$3933_ADDR' using process `\PSC_InstructionUnit.$proc$./build_yosys/cpu_yosys.v:2033$4526'.
  created $adff cell `$procdff$19460' with positive edge clock and positive level reset.
Creating register for signal `\PSC_InstructionUnit.$mem2reg_rd$\rob$./build_yosys/cpu_yosys.v:2163$3933_DATA' using process `\PSC_InstructionUnit.$proc$./build_yosys/cpu_yosys.v:2033$4526'.
  created $adff cell `$procdff$19465' with positive edge clock and positive level reset.
Creating register for signal `\PSC_InstructionUnit.$mem2reg_rd$\rob$./build_yosys/cpu_yosys.v:2164$3934_ADDR' using process `\PSC_InstructionUnit.$proc$./build_yosys/cpu_yosys.v:2033$4526'.
  created $adff cell `$procdff$19470' with positive edge clock and positive level reset.
Creating register for signal `\PSC_InstructionUnit.$mem2reg_rd$\rob$./build_yosys/cpu_yosys.v:2164$3934_DATA' using process `\PSC_InstructionUnit.$proc$./build_yosys/cpu_yosys.v:2033$4526'.
  created $adff cell `$procdff$19475' with positive edge clock and positive level reset.
Creating register for signal `\PSC_InstructionUnit.$mem2reg_rd$\iq$./build_yosys/cpu_yosys.v:2165$3935_ADDR' using process `\PSC_InstructionUnit.$proc$./build_yosys/cpu_yosys.v:2033$4526'.
  created $adff cell `$procdff$19480' with positive edge clock and positive level reset.
Creating register for signal `\PSC_InstructionUnit.$mem2reg_rd$\iq$./build_yosys/cpu_yosys.v:2165$3935_DATA' using process `\PSC_InstructionUnit.$proc$./build_yosys/cpu_yosys.v:2033$4526'.
  created $adff cell `$procdff$19485' with positive edge clock and positive level reset.
Creating register for signal `\PSC_InstructionUnit.$mem2reg_rd$\iq$./build_yosys/cpu_yosys.v:2166$3936_ADDR' using process `\PSC_InstructionUnit.$proc$./build_yosys/cpu_yosys.v:2033$4526'.
  created $adff cell `$procdff$19490' with positive edge clock and positive level reset.
Creating register for signal `\PSC_InstructionUnit.$mem2reg_rd$\iq$./build_yosys/cpu_yosys.v:2166$3936_DATA' using process `\PSC_InstructionUnit.$proc$./build_yosys/cpu_yosys.v:2033$4526'.
  created $adff cell `$procdff$19495' with positive edge clock and positive level reset.
Creating register for signal `\PSC_InstructionUnit.$mem2reg_wr$\rob$./build_yosys/cpu_yosys.v:2169$3937_ADDR' using process `\PSC_InstructionUnit.$proc$./build_yosys/cpu_yosys.v:2033$4526'.
  created $adff cell `$procdff$19500' with positive edge clock and positive level reset.
Creating register for signal `\PSC_InstructionUnit.$mem2reg_wr$\rob$./build_yosys/cpu_yosys.v:2169$3937_DATA' using process `\PSC_InstructionUnit.$proc$./build_yosys/cpu_yosys.v:2033$4526'.
  created $adff cell `$procdff$19505' with positive edge clock and positive level reset.
Creating register for signal `\PSC_InstructionUnit.$mem2reg_wr$\rob$./build_yosys/cpu_yosys.v:2170$3938_ADDR' using process `\PSC_InstructionUnit.$proc$./build_yosys/cpu_yosys.v:2033$4526'.
  created $adff cell `$procdff$19510' with positive edge clock and positive level reset.
Creating register for signal `\PSC_InstructionUnit.$mem2reg_wr$\rob$./build_yosys/cpu_yosys.v:2170$3938_DATA' using process `\PSC_InstructionUnit.$proc$./build_yosys/cpu_yosys.v:2033$4526'.
  created $adff cell `$procdff$19515' with positive edge clock and positive level reset.
Creating register for signal `\PSC_InstructionUnit.$mem2reg_rd$\rob$./build_yosys/cpu_yosys.v:2174$3939_ADDR' using process `\PSC_InstructionUnit.$proc$./build_yosys/cpu_yosys.v:2033$4526'.
  created $adff cell `$procdff$19520' with positive edge clock and positive level reset.
Creating register for signal `\PSC_InstructionUnit.$mem2reg_rd$\rob$./build_yosys/cpu_yosys.v:2174$3939_DATA' using process `\PSC_InstructionUnit.$proc$./build_yosys/cpu_yosys.v:2033$4526'.
  created $adff cell `$procdff$19525' with positive edge clock and positive level reset.
Creating register for signal `\PSC_InstructionUnit.$mem2reg_rd$\rob$./build_yosys/cpu_yosys.v:2174$3940_ADDR' using process `\PSC_InstructionUnit.$proc$./build_yosys/cpu_yosys.v:2033$4526'.
  created $adff cell `$procdff$19530' with positive edge clock and positive level reset.
Creating register for signal `\PSC_InstructionUnit.$mem2reg_rd$\rob$./build_yosys/cpu_yosys.v:2174$3940_DATA' using process `\PSC_InstructionUnit.$proc$./build_yosys/cpu_yosys.v:2033$4526'.
  created $adff cell `$procdff$19535' with positive edge clock and positive level reset.
Creating register for signal `\PSC_InstructionUnit.$mem2reg_wr$\rob$./build_yosys/cpu_yosys.v:2174$3941_ADDR' using process `\PSC_InstructionUnit.$proc$./build_yosys/cpu_yosys.v:2033$4526'.
  created $adff cell `$procdff$19540' with positive edge clock and positive level reset.
Creating register for signal `\PSC_InstructionUnit.$mem2reg_wr$\rob$./build_yosys/cpu_yosys.v:2174$3941_DATA' using process `\PSC_InstructionUnit.$proc$./build_yosys/cpu_yosys.v:2033$4526'.
  created $adff cell `$procdff$19545' with positive edge clock and positive level reset.
Creating register for signal `\PSC_InstructionUnit.$mem2reg_wr$\rob$./build_yosys/cpu_yosys.v:2175$3942_ADDR' using process `\PSC_InstructionUnit.$proc$./build_yosys/cpu_yosys.v:2033$4526'.
  created $adff cell `$procdff$19550' with positive edge clock and positive level reset.
Creating register for signal `\PSC_InstructionUnit.$mem2reg_wr$\rob$./build_yosys/cpu_yosys.v:2175$3942_DATA' using process `\PSC_InstructionUnit.$proc$./build_yosys/cpu_yosys.v:2033$4526'.
  created $adff cell `$procdff$19555' with positive edge clock and positive level reset.
Creating register for signal `\PSC_InstructionUnit.$mem2reg_wr$\rob$./build_yosys/cpu_yosys.v:2178$3943_ADDR' using process `\PSC_InstructionUnit.$proc$./build_yosys/cpu_yosys.v:2033$4526'.
  created $adff cell `$procdff$19560' with positive edge clock and positive level reset.
Creating register for signal `\PSC_InstructionUnit.$mem2reg_wr$\rob$./build_yosys/cpu_yosys.v:2178$3943_DATA' using process `\PSC_InstructionUnit.$proc$./build_yosys/cpu_yosys.v:2033$4526'.
  created $adff cell `$procdff$19565' with positive edge clock and positive level reset.
Creating register for signal `\PSC_InstructionUnit.$mem2reg_rd$\rob$./build_yosys/cpu_yosys.v:2190$3944_ADDR' using process `\PSC_InstructionUnit.$proc$./build_yosys/cpu_yosys.v:2033$4526'.
  created $adff cell `$procdff$19570' with positive edge clock and positive level reset.
Creating register for signal `\PSC_InstructionUnit.$mem2reg_rd$\rob$./build_yosys/cpu_yosys.v:2190$3944_DATA' using process `\PSC_InstructionUnit.$proc$./build_yosys/cpu_yosys.v:2033$4526'.
  created $adff cell `$procdff$19575' with positive edge clock and positive level reset.
Creating register for signal `\PSC_InstructionUnit.$mem2reg_rd$\rob$./build_yosys/cpu_yosys.v:2190$3945_ADDR' using process `\PSC_InstructionUnit.$proc$./build_yosys/cpu_yosys.v:2033$4526'.
  created $adff cell `$procdff$19580' with positive edge clock and positive level reset.
Creating register for signal `\PSC_InstructionUnit.$mem2reg_rd$\rob$./build_yosys/cpu_yosys.v:2190$3945_DATA' using process `\PSC_InstructionUnit.$proc$./build_yosys/cpu_yosys.v:2033$4526'.
  created $adff cell `$procdff$19585' with positive edge clock and positive level reset.
Creating register for signal `\PSC_InstructionUnit.$mem2reg_rd$\rob$./build_yosys/cpu_yosys.v:2204$3946_ADDR' using process `\PSC_InstructionUnit.$proc$./build_yosys/cpu_yosys.v:2033$4526'.
  created $adff cell `$procdff$19590' with positive edge clock and positive level reset.
Creating register for signal `\PSC_InstructionUnit.$mem2reg_rd$\rob$./build_yosys/cpu_yosys.v:2204$3946_DATA' using process `\PSC_InstructionUnit.$proc$./build_yosys/cpu_yosys.v:2033$4526'.
  created $adff cell `$procdff$19595' with positive edge clock and positive level reset.
Creating register for signal `\PSC_InstructionUnit.$mem2reg_rd$\rob$./build_yosys/cpu_yosys.v:2204$3947_ADDR' using process `\PSC_InstructionUnit.$proc$./build_yosys/cpu_yosys.v:2033$4526'.
  created $adff cell `$procdff$19600' with positive edge clock and positive level reset.
Creating register for signal `\PSC_InstructionUnit.$mem2reg_rd$\rob$./build_yosys/cpu_yosys.v:2204$3947_DATA' using process `\PSC_InstructionUnit.$proc$./build_yosys/cpu_yosys.v:2033$4526'.
  created $adff cell `$procdff$19605' with positive edge clock and positive level reset.
Creating register for signal `\PSC_InstructionUnit.$mem2reg_rd$\rob$./build_yosys/cpu_yosys.v:2190$3948_ADDR' using process `\PSC_InstructionUnit.$proc$./build_yosys/cpu_yosys.v:2033$4526'.
  created $adff cell `$procdff$19610' with positive edge clock and positive level reset.
Creating register for signal `\PSC_InstructionUnit.$mem2reg_rd$\rob$./build_yosys/cpu_yosys.v:2190$3948_DATA' using process `\PSC_InstructionUnit.$proc$./build_yosys/cpu_yosys.v:2033$4526'.
  created $adff cell `$procdff$19615' with positive edge clock and positive level reset.
Creating register for signal `\PSC_InstructionUnit.$mem2reg_rd$\rob$./build_yosys/cpu_yosys.v:2190$3949_ADDR' using process `\PSC_InstructionUnit.$proc$./build_yosys/cpu_yosys.v:2033$4526'.
  created $adff cell `$procdff$19620' with positive edge clock and positive level reset.
Creating register for signal `\PSC_InstructionUnit.$mem2reg_rd$\rob$./build_yosys/cpu_yosys.v:2190$3949_DATA' using process `\PSC_InstructionUnit.$proc$./build_yosys/cpu_yosys.v:2033$4526'.
  created $adff cell `$procdff$19625' with positive edge clock and positive level reset.
Creating register for signal `\PSC_InstructionUnit.$mem2reg_rd$\rob$./build_yosys/cpu_yosys.v:2204$3950_ADDR' using process `\PSC_InstructionUnit.$proc$./build_yosys/cpu_yosys.v:2033$4526'.
  created $adff cell `$procdff$19630' with positive edge clock and positive level reset.
Creating register for signal `\PSC_InstructionUnit.$mem2reg_rd$\rob$./build_yosys/cpu_yosys.v:2204$3950_DATA' using process `\PSC_InstructionUnit.$proc$./build_yosys/cpu_yosys.v:2033$4526'.
  created $adff cell `$procdff$19635' with positive edge clock and positive level reset.
Creating register for signal `\PSC_InstructionUnit.$mem2reg_rd$\rob$./build_yosys/cpu_yosys.v:2204$3951_ADDR' using process `\PSC_InstructionUnit.$proc$./build_yosys/cpu_yosys.v:2033$4526'.
  created $adff cell `$procdff$19640' with positive edge clock and positive level reset.
Creating register for signal `\PSC_InstructionUnit.$mem2reg_rd$\rob$./build_yosys/cpu_yosys.v:2204$3951_DATA' using process `\PSC_InstructionUnit.$proc$./build_yosys/cpu_yosys.v:2033$4526'.
  created $adff cell `$procdff$19645' with positive edge clock and positive level reset.
Creating register for signal `\PSC_InstructionUnit.$mem2reg_rd$\rob$./build_yosys/cpu_yosys.v:2096$3959_ADDR' using process `\PSC_InstructionUnit.$proc$./build_yosys/cpu_yosys.v:2033$4526'.
  created $adff cell `$procdff$19650' with positive edge clock and positive level reset.
Creating register for signal `\PSC_InstructionUnit.$mem2reg_rd$\rob$./build_yosys/cpu_yosys.v:2096$3959_DATA' using process `\PSC_InstructionUnit.$proc$./build_yosys/cpu_yosys.v:2033$4526'.
  created $adff cell `$procdff$19655' with positive edge clock and positive level reset.
Creating register for signal `\PSC_InstructionUnit.$mem2reg_rd$\iq$./build_yosys/cpu_yosys.v:2139$3960_ADDR' using process `\PSC_InstructionUnit.$proc$./build_yosys/cpu_yosys.v:2033$4526'.
  created $adff cell `$procdff$19660' with positive edge clock and positive level reset.
Creating register for signal `\PSC_InstructionUnit.$mem2reg_rd$\iq$./build_yosys/cpu_yosys.v:2139$3960_DATA' using process `\PSC_InstructionUnit.$proc$./build_yosys/cpu_yosys.v:2033$4526'.
  created $adff cell `$procdff$19665' with positive edge clock and positive level reset.
Creating register for signal `\PSC_InstructionUnit.$mem2reg_rd$\iq$./build_yosys/cpu_yosys.v:2139$3961_ADDR' using process `\PSC_InstructionUnit.$proc$./build_yosys/cpu_yosys.v:2033$4526'.
  created $adff cell `$procdff$19670' with positive edge clock and positive level reset.
Creating register for signal `\PSC_InstructionUnit.$mem2reg_rd$\iq$./build_yosys/cpu_yosys.v:2139$3961_DATA' using process `\PSC_InstructionUnit.$proc$./build_yosys/cpu_yosys.v:2033$4526'.
  created $adff cell `$procdff$19675' with positive edge clock and positive level reset.
Creating register for signal `\PSC_InstructionUnit.$mem2reg_rd$\iq$./build_yosys/cpu_yosys.v:2140$3962_ADDR' using process `\PSC_InstructionUnit.$proc$./build_yosys/cpu_yosys.v:2033$4526'.
  created $adff cell `$procdff$19680' with positive edge clock and positive level reset.
Creating register for signal `\PSC_InstructionUnit.$mem2reg_rd$\iq$./build_yosys/cpu_yosys.v:2140$3962_DATA' using process `\PSC_InstructionUnit.$proc$./build_yosys/cpu_yosys.v:2033$4526'.
  created $adff cell `$procdff$19685' with positive edge clock and positive level reset.
Creating register for signal `\PSC_InstructionUnit.$mem2reg_rd$\iq$./build_yosys/cpu_yosys.v:2141$3963_ADDR' using process `\PSC_InstructionUnit.$proc$./build_yosys/cpu_yosys.v:2033$4526'.
  created $adff cell `$procdff$19690' with positive edge clock and positive level reset.
Creating register for signal `\PSC_InstructionUnit.$mem2reg_rd$\iq$./build_yosys/cpu_yosys.v:2141$3963_DATA' using process `\PSC_InstructionUnit.$proc$./build_yosys/cpu_yosys.v:2033$4526'.
  created $adff cell `$procdff$19695' with positive edge clock and positive level reset.
Creating register for signal `\PSC_InstructionUnit.$mem2reg_rd$\iq$./build_yosys/cpu_yosys.v:2162$3964_ADDR' using process `\PSC_InstructionUnit.$proc$./build_yosys/cpu_yosys.v:2033$4526'.
  created $adff cell `$procdff$19700' with positive edge clock and positive level reset.
Creating register for signal `\PSC_InstructionUnit.$mem2reg_rd$\iq$./build_yosys/cpu_yosys.v:2162$3964_DATA' using process `\PSC_InstructionUnit.$proc$./build_yosys/cpu_yosys.v:2033$4526'.
  created $adff cell `$procdff$19705' with positive edge clock and positive level reset.
Creating register for signal `\PSC_InstructionUnit.$mem2reg_rd$\iq$./build_yosys/cpu_yosys.v:2163$3965_ADDR' using process `\PSC_InstructionUnit.$proc$./build_yosys/cpu_yosys.v:2033$4526'.
  created $adff cell `$procdff$19710' with positive edge clock and positive level reset.
Creating register for signal `\PSC_InstructionUnit.$mem2reg_rd$\iq$./build_yosys/cpu_yosys.v:2163$3965_DATA' using process `\PSC_InstructionUnit.$proc$./build_yosys/cpu_yosys.v:2033$4526'.
  created $adff cell `$procdff$19715' with positive edge clock and positive level reset.
Creating register for signal `\PSC_InstructionUnit.$mem2reg_rd$\iq$./build_yosys/cpu_yosys.v:2164$3966_ADDR' using process `\PSC_InstructionUnit.$proc$./build_yosys/cpu_yosys.v:2033$4526'.
  created $adff cell `$procdff$19720' with positive edge clock and positive level reset.
Creating register for signal `\PSC_InstructionUnit.$mem2reg_rd$\iq$./build_yosys/cpu_yosys.v:2164$3966_DATA' using process `\PSC_InstructionUnit.$proc$./build_yosys/cpu_yosys.v:2033$4526'.
  created $adff cell `$procdff$19725' with positive edge clock and positive level reset.
Creating register for signal `\PSC_InstructionUnit.$lookahead\rat_spec_valid$4524' using process `\PSC_InstructionUnit.$proc$./build_yosys/cpu_yosys.v:2033$4526'.
  created $adff cell `$procdff$19730' with positive edge clock and positive level reset.
Creating register for signal `\PSC_InstructionUnit.$lookahead\free_list$4525' using process `\PSC_InstructionUnit.$proc$./build_yosys/cpu_yosys.v:2033$4526'.
  created $adff cell `$procdff$19735' with positive edge clock and positive level reset.
Creating register for signal `\PSC_InstructionUnit.\decode_stage_valid' using process `\PSC_InstructionUnit.$proc$./build_yosys/cpu_yosys.v:2008$4433'.
  created $adff cell `$procdff$19740' with positive edge clock and positive level reset.
Creating register for signal `\PSC_InstructionUnit.\decode_stage_ctrl' using process `\PSC_InstructionUnit.$proc$./build_yosys/cpu_yosys.v:2008$4433'.
  created $adff cell `$procdff$19745' with positive edge clock and positive level reset.
Creating register for signal `\PSC_InstructionUnit.\decode_stage_opcode' using process `\PSC_InstructionUnit.$proc$./build_yosys/cpu_yosys.v:2008$4433'.
  created $adff cell `$procdff$19750' with positive edge clock and positive level reset.
Creating register for signal `\PSC_InstructionUnit.\decode_stage_src1_tag' using process `\PSC_InstructionUnit.$proc$./build_yosys/cpu_yosys.v:2008$4433'.
  created $adff cell `$procdff$19755' with positive edge clock and positive level reset.
Creating register for signal `\PSC_InstructionUnit.\decode_stage_src2_tag' using process `\PSC_InstructionUnit.$proc$./build_yosys/cpu_yosys.v:2008$4433'.
  created $adff cell `$procdff$19760' with positive edge clock and positive level reset.
Creating register for signal `\PSC_InstructionUnit.$mem2reg_rd$\rob$./build_yosys/cpu_yosys.v:2027$3880_ADDR' using process `\PSC_InstructionUnit.$proc$./build_yosys/cpu_yosys.v:2008$4433'.
  created $adff cell `$procdff$19765' with positive edge clock and positive level reset.
Creating register for signal `\PSC_InstructionUnit.$mem2reg_rd$\rob$./build_yosys/cpu_yosys.v:2027$3880_DATA' using process `\PSC_InstructionUnit.$proc$./build_yosys/cpu_yosys.v:2008$4433'.
  created $adff cell `$procdff$19770' with positive edge clock and positive level reset.
Creating register for signal `\PSC_InstructionUnit.$mem2reg_rd$\rob$./build_yosys/cpu_yosys.v:2027$3881_ADDR' using process `\PSC_InstructionUnit.$proc$./build_yosys/cpu_yosys.v:2008$4433'.
  created $adff cell `$procdff$19775' with positive edge clock and positive level reset.
Creating register for signal `\PSC_InstructionUnit.$mem2reg_rd$\rob$./build_yosys/cpu_yosys.v:2027$3881_DATA' using process `\PSC_InstructionUnit.$proc$./build_yosys/cpu_yosys.v:2008$4433'.
  created $adff cell `$procdff$19780' with positive edge clock and positive level reset.
Creating register for signal `\PSC_InstructionUnit.$mem2reg_rd$\rob$./build_yosys/cpu_yosys.v:2028$3882_ADDR' using process `\PSC_InstructionUnit.$proc$./build_yosys/cpu_yosys.v:2008$4433'.
  created $adff cell `$procdff$19785' with positive edge clock and positive level reset.
Creating register for signal `\PSC_InstructionUnit.$mem2reg_rd$\rob$./build_yosys/cpu_yosys.v:2028$3882_DATA' using process `\PSC_InstructionUnit.$proc$./build_yosys/cpu_yosys.v:2008$4433'.
  created $adff cell `$procdff$19790' with positive edge clock and positive level reset.
Creating register for signal `\PSC_InstructionUnit.$mem2reg_rd$\rob$./build_yosys/cpu_yosys.v:2029$3883_ADDR' using process `\PSC_InstructionUnit.$proc$./build_yosys/cpu_yosys.v:2008$4433'.
  created $adff cell `$procdff$19795' with positive edge clock and positive level reset.
Creating register for signal `\PSC_InstructionUnit.$mem2reg_rd$\rob$./build_yosys/cpu_yosys.v:2029$3883_DATA' using process `\PSC_InstructionUnit.$proc$./build_yosys/cpu_yosys.v:2008$4433'.
  created $adff cell `$procdff$19800' with positive edge clock and positive level reset.
Creating register for signal `\PSC_InstructionUnit.$mem2reg_rd$\rob$./build_yosys/cpu_yosys.v:2030$3884_ADDR' using process `\PSC_InstructionUnit.$proc$./build_yosys/cpu_yosys.v:2008$4433'.
  created $adff cell `$procdff$19805' with positive edge clock and positive level reset.
Creating register for signal `\PSC_InstructionUnit.$mem2reg_rd$\rob$./build_yosys/cpu_yosys.v:2030$3884_DATA' using process `\PSC_InstructionUnit.$proc$./build_yosys/cpu_yosys.v:2008$4433'.
  created $adff cell `$procdff$19810' with positive edge clock and positive level reset.
Creating register for signal `\PSC_InstructionUnit.$mem2reg_rd$\rob$./build_yosys/cpu_yosys.v:2031$3885_ADDR' using process `\PSC_InstructionUnit.$proc$./build_yosys/cpu_yosys.v:2008$4433'.
  created $adff cell `$procdff$19815' with positive edge clock and positive level reset.
Creating register for signal `\PSC_InstructionUnit.$mem2reg_rd$\rob$./build_yosys/cpu_yosys.v:2031$3885_DATA' using process `\PSC_InstructionUnit.$proc$./build_yosys/cpu_yosys.v:2008$4433'.
  created $adff cell `$procdff$19820' with positive edge clock and positive level reset.
Creating register for signal `\PSC_InstructionUnit.\ooo_cycle' using process `\PSC_InstructionUnit.$proc$./build_yosys/cpu_yosys.v:2001$4430'.
  created $adff cell `$procdff$19825' with positive edge clock and positive level reset.
Creating register for signal `\PSC_InstructionUnit.\csr_valid' using process `\PSC_InstructionUnit.$proc$./build_yosys/cpu_yosys.v:1996$4428'.
  created $adff cell `$procdff$19830' with positive edge clock and positive level reset.
Creating register for signal `\PSC_InstructionUnit.\branch_redirect' using process `\PSC_InstructionUnit.$proc$./build_yosys/cpu_yosys.v:1989$4397'.
  created $adff cell `$procdff$19835' with positive edge clock and positive level reset.
Creating register for signal `\PSC_InstructionUnit.\branch_exec$func$./build_yosys/cpu_yosys.v:1995$3814.$result' using process `\PSC_InstructionUnit.$proc$./build_yosys/cpu_yosys.v:1989$4397'.
  created $adff cell `$procdff$19840' with positive edge clock and positive level reset.
Creating register for signal `\PSC_InstructionUnit.\branch_exec$func$./build_yosys/cpu_yosys.v:1995$3814.pc_sel' using process `\PSC_InstructionUnit.$proc$./build_yosys/cpu_yosys.v:1989$4397'.
  created $adff cell `$procdff$19845' with positive edge clock and positive level reset.
Creating register for signal `\PSC_InstructionUnit.\branch_exec$func$./build_yosys/cpu_yosys.v:1995$3814.funct3' using process `\PSC_InstructionUnit.$proc$./build_yosys/cpu_yosys.v:1989$4397'.
  created $adff cell `$procdff$19850' with positive edge clock and positive level reset.
Creating register for signal `\PSC_InstructionUnit.\branch_exec$func$./build_yosys/cpu_yosys.v:1995$3814.data1' using process `\PSC_InstructionUnit.$proc$./build_yosys/cpu_yosys.v:1989$4397'.
  created $adff cell `$procdff$19855' with positive edge clock and positive level reset.
Creating register for signal `\PSC_InstructionUnit.\branch_exec$func$./build_yosys/cpu_yosys.v:1995$3814.data2' using process `\PSC_InstructionUnit.$proc$./build_yosys/cpu_yosys.v:1989$4397'.
  created $adff cell `$procdff$19860' with positive edge clock and positive level reset.
Creating register for signal `\PSC_InstructionUnit.\commit_prf_valid' using process `\PSC_InstructionUnit.$proc$./build_yosys/cpu_yosys.v:1970$4356'.
  created $adff cell `$procdff$19865' with positive edge clock and positive level reset.
Creating register for signal `\PSC_InstructionUnit.\commit_prf_addr' using process `\PSC_InstructionUnit.$proc$./build_yosys/cpu_yosys.v:1970$4356'.
  created $adff cell `$procdff$19870' with positive edge clock and positive level reset.
Creating register for signal `\PSC_InstructionUnit.\commit_prf_data' using process `\PSC_InstructionUnit.$proc$./build_yosys/cpu_yosys.v:1970$4356'.
  created $adff cell `$procdff$19875' with positive edge clock and positive level reset.
Creating register for signal `\PSC_InstructionUnit.\commit_prf_csr' using process `\PSC_InstructionUnit.$proc$./build_yosys/cpu_yosys.v:1970$4356'.
  created $adff cell `$procdff$19880' with positive edge clock and positive level reset.
Creating register for signal `\PSC_InstructionUnit.$mem2reg_rd$\rob$./build_yosys/cpu_yosys.v:1984$3875_ADDR' using process `\PSC_InstructionUnit.$proc$./build_yosys/cpu_yosys.v:1970$4356'.
  created $adff cell `$procdff$19885' with positive edge clock and positive level reset.
Creating register for signal `\PSC_InstructionUnit.$mem2reg_rd$\rob$./build_yosys/cpu_yosys.v:1984$3875_DATA' using process `\PSC_InstructionUnit.$proc$./build_yosys/cpu_yosys.v:1970$4356'.
  created $adff cell `$procdff$19890' with positive edge clock and positive level reset.
Creating register for signal `\PSC_InstructionUnit.$mem2reg_rd$\rob$./build_yosys/cpu_yosys.v:1984$3876_ADDR' using process `\PSC_InstructionUnit.$proc$./build_yosys/cpu_yosys.v:1970$4356'.
  created $adff cell `$procdff$19895' with positive edge clock and positive level reset.
Creating register for signal `\PSC_InstructionUnit.$mem2reg_rd$\rob$./build_yosys/cpu_yosys.v:1984$3876_DATA' using process `\PSC_InstructionUnit.$proc$./build_yosys/cpu_yosys.v:1970$4356'.
  created $adff cell `$procdff$19900' with positive edge clock and positive level reset.
Creating register for signal `\PSC_InstructionUnit.$mem2reg_rd$\rob$./build_yosys/cpu_yosys.v:1985$3877_ADDR' using process `\PSC_InstructionUnit.$proc$./build_yosys/cpu_yosys.v:1970$4356'.
  created $adff cell `$procdff$19905' with positive edge clock and positive level reset.
Creating register for signal `\PSC_InstructionUnit.$mem2reg_rd$\rob$./build_yosys/cpu_yosys.v:1985$3877_DATA' using process `\PSC_InstructionUnit.$proc$./build_yosys/cpu_yosys.v:1970$4356'.
  created $adff cell `$procdff$19910' with positive edge clock and positive level reset.
Creating register for signal `\PSC_InstructionUnit.$mem2reg_rd$\rob$./build_yosys/cpu_yosys.v:1986$3878_ADDR' using process `\PSC_InstructionUnit.$proc$./build_yosys/cpu_yosys.v:1970$4356'.
  created $adff cell `$procdff$19915' with positive edge clock and positive level reset.
Creating register for signal `\PSC_InstructionUnit.$mem2reg_rd$\rob$./build_yosys/cpu_yosys.v:1986$3878_DATA' using process `\PSC_InstructionUnit.$proc$./build_yosys/cpu_yosys.v:1970$4356'.
  created $adff cell `$procdff$19920' with positive edge clock and positive level reset.
Creating register for signal `\PSC_InstructionUnit.$mem2reg_rd$\rob$./build_yosys/cpu_yosys.v:1987$3879_ADDR' using process `\PSC_InstructionUnit.$proc$./build_yosys/cpu_yosys.v:1970$4356'.
  created $adff cell `$procdff$19925' with positive edge clock and positive level reset.
Creating register for signal `\PSC_InstructionUnit.$mem2reg_rd$\rob$./build_yosys/cpu_yosys.v:1987$3879_DATA' using process `\PSC_InstructionUnit.$proc$./build_yosys/cpu_yosys.v:1970$4356'.
  created $adff cell `$procdff$19930' with positive edge clock and positive level reset.
Creating register for signal `\PSC_RV32_FetchUnit.\fetch_ready' using process `\PSC_RV32_FetchUnit.$proc$./build_yosys/cpu_yosys.v:939$59'.
  created $adff cell `$procdff$19935' with positive edge clock and positive level reset.
Creating register for signal `\PSC_RV32_FetchUnit.\fetch_pc' using process `\PSC_RV32_FetchUnit.$proc$./build_yosys/cpu_yosys.v:939$59'.
  created $adff cell `$procdff$19940' with positive edge clock and positive level reset.
Creating register for signal `\PSC_RV32_FetchUnit.\fetch_state' using process `\PSC_RV32_FetchUnit.$proc$./build_yosys/cpu_yosys.v:939$59'.
  created $adff cell `$procdff$19945' with positive edge clock and positive level reset.
Creating register for signal `\PSC_RV32_FetchUnit.\fetch_wakeup_timer' using process `\PSC_RV32_FetchUnit.$proc$./build_yosys/cpu_yosys.v:939$59'.
  created $adff cell `$procdff$19950' with positive edge clock and positive level reset.
Creating register for signal `\PSC_RV32_FetchUnit.\initial_fetch' using process `\PSC_RV32_FetchUnit.$proc$./build_yosys/cpu_yosys.v:939$59'.
  created $adff cell `$procdff$19955' with positive edge clock and positive level reset.
Creating register for signal `\PSC_RV32_core.\fault_seen' using process `\PSC_RV32_core.$proc$./build_yosys/cpu_yosys.v:654$35'.
  created $adff cell `$procdff$19960' with positive edge clock and positive level reset.
Creating register for signal `\PSC_RV32_core.\cpu_state' using process `\PSC_RV32_core.$proc$./build_yosys/cpu_yosys.v:608$21'.
  created $adff cell `$procdff$19965' with positive edge clock and positive level reset.
Creating register for signal `\PSC_RV32_core.\fetch_valid' using process `\PSC_RV32_core.$proc$./build_yosys/cpu_yosys.v:608$21'.
  created $adff cell `$procdff$19970' with positive edge clock and positive level reset.
Creating register for signal `\Csr.\csr_DMA_CTRL' using process `\Csr.$proc$./build_yosys/cpu_yosys.v:3819$3310'.
  created $adff cell `$procdff$19975' with positive edge clock and positive level reset.
Creating register for signal `\Csr.\csr_DMA_WORDS' using process `\Csr.$proc$./build_yosys/cpu_yosys.v:3819$3310'.
  created $adff cell `$procdff$19980' with positive edge clock and positive level reset.
Creating register for signal `\Csr.\csr_DMA_SRC' using process `\Csr.$proc$./build_yosys/cpu_yosys.v:3819$3310'.
  created $adff cell `$procdff$19985' with positive edge clock and positive level reset.
Creating register for signal `\Csr.\csr_DMA_DST' using process `\Csr.$proc$./build_yosys/cpu_yosys.v:3819$3310'.
  created $adff cell `$procdff$19990' with positive edge clock and positive level reset.
Creating register for signal `\Csr.\csr_DCACHE_CTRL' using process `\Csr.$proc$./build_yosys/cpu_yosys.v:3819$3310'.
  created $adff cell `$procdff$19995' with positive edge clock and positive level reset.
Creating register for signal `\Csr.\csr_SA_CTRL' using process `\Csr.$proc$./build_yosys/cpu_yosys.v:3819$3310'.
  created $adff cell `$procdff$20000' with positive edge clock and positive level reset.
Creating register for signal `\Csr.\csr_SA_MODE' using process `\Csr.$proc$./build_yosys/cpu_yosys.v:3819$3310'.
  created $adff cell `$procdff$20005' with positive edge clock and positive level reset.
Creating register for signal `\Csr.\csr_SA_ADDR_A' using process `\Csr.$proc$./build_yosys/cpu_yosys.v:3819$3310'.
  created $adff cell `$procdff$20010' with positive edge clock and positive level reset.
Creating register for signal `\Csr.\csr_SA_ADDR_B' using process `\Csr.$proc$./build_yosys/cpu_yosys.v:3819$3310'.
  created $adff cell `$procdff$20015' with positive edge clock and positive level reset.
Creating register for signal `\Csr.\csr_SA_ADDR_C' using process `\Csr.$proc$./build_yosys/cpu_yosys.v:3819$3310'.
  created $adff cell `$procdff$20020' with positive edge clock and positive level reset.
Creating register for signal `\Csr.\csr_CPU_MON_CTRL' using process `\Csr.$proc$./build_yosys/cpu_yosys.v:3819$3310'.
  created $adff cell `$procdff$20025' with positive edge clock and positive level reset.
Creating register for signal `\Csr.\csr_satp' using process `\Csr.$proc$./build_yosys/cpu_yosys.v:3819$3310'.
  created $adff cell `$procdff$20030' with positive edge clock and positive level reset.
Creating register for signal `\Csr.\csr_mstatus' using process `\Csr.$proc$./build_yosys/cpu_yosys.v:3819$3310'.
  created $adff cell `$procdff$20035' with positive edge clock and positive level reset.
Creating register for signal `\Csr.\csr_medeleg' using process `\Csr.$proc$./build_yosys/cpu_yosys.v:3819$3310'.
  created $adff cell `$procdff$20040' with positive edge clock and positive level reset.
Creating register for signal `\Csr.\csr_mie' using process `\Csr.$proc$./build_yosys/cpu_yosys.v:3819$3310'.
  created $adff cell `$procdff$20045' with positive edge clock and positive level reset.
Creating register for signal `\Csr.\csr_mip' using process `\Csr.$proc$./build_yosys/cpu_yosys.v:3819$3310'.
  created $adff cell `$procdff$20050' with positive edge clock and positive level reset.
Creating register for signal `\Csr.\csr_mtvec' using process `\Csr.$proc$./build_yosys/cpu_yosys.v:3819$3310'.
  created $adff cell `$procdff$20055' with positive edge clock and positive level reset.
Creating register for signal `\Csr.\csr_mscratch' using process `\Csr.$proc$./build_yosys/cpu_yosys.v:3819$3310'.
  created $adff cell `$procdff$20060' with positive edge clock and positive level reset.
Creating register for signal `\Csr.\csr_mepc' using process `\Csr.$proc$./build_yosys/cpu_yosys.v:3819$3310'.
  created $adff cell `$procdff$20065' with positive edge clock and positive level reset.
Creating register for signal `\Csr.\csr_mcause' using process `\Csr.$proc$./build_yosys/cpu_yosys.v:3819$3310'.
  created $adff cell `$procdff$20070' with positive edge clock and positive level reset.
Creating register for signal `\Csr.\csr_mtval' using process `\Csr.$proc$./build_yosys/cpu_yosys.v:3819$3310'.
  created $adff cell `$procdff$20075' with positive edge clock and positive level reset.
Creating register for signal `\Csr.\csr_sstatus' using process `\Csr.$proc$./build_yosys/cpu_yosys.v:3819$3310'.
  created $adff cell `$procdff$20080' with positive edge clock and positive level reset.
Creating register for signal `\Csr.\csr_sie' using process `\Csr.$proc$./build_yosys/cpu_yosys.v:3819$3310'.
  created $adff cell `$procdff$20085' with positive edge clock and positive level reset.
Creating register for signal `\Csr.\csr_stvec' using process `\Csr.$proc$./build_yosys/cpu_yosys.v:3819$3310'.
  created $adff cell `$procdff$20090' with positive edge clock and positive level reset.
Creating register for signal `\Csr.\csr_sscratch' using process `\Csr.$proc$./build_yosys/cpu_yosys.v:3819$3310'.
  created $adff cell `$procdff$20095' with positive edge clock and positive level reset.
Creating register for signal `\Csr.\csr_sepc' using process `\Csr.$proc$./build_yosys/cpu_yosys.v:3819$3310'.
  created $adff cell `$procdff$20100' with positive edge clock and positive level reset.
Creating register for signal `\Csr.\csr_scause' using process `\Csr.$proc$./build_yosys/cpu_yosys.v:3819$3310'.
  created $adff cell `$procdff$20105' with positive edge clock and positive level reset.
Creating register for signal `\Csr.\csr_stval' using process `\Csr.$proc$./build_yosys/cpu_yosys.v:3819$3310'.
  created $adff cell `$procdff$20110' with positive edge clock and positive level reset.
Creating register for signal `\Csr.\csr_priv_mode' using process `\Csr.$proc$./build_yosys/cpu_yosys.v:3819$3310'.
  created $adff cell `$procdff$20115' with positive edge clock and positive level reset.
Creating register for signal `\Csr.\csr_write_pending' using process `\Csr.$proc$./build_yosys/cpu_yosys.v:3819$3310'.
  created $adff cell `$procdff$20120' with positive edge clock and positive level reset.
Creating register for signal `\Csr.\csr_write_addr' using process `\Csr.$proc$./build_yosys/cpu_yosys.v:3819$3310'.
  created $adff cell `$procdff$20125' with positive edge clock and positive level reset.
Creating register for signal `\Csr.\csr_write_newv' using process `\Csr.$proc$./build_yosys/cpu_yosys.v:3819$3310'.
  created $adff cell `$procdff$20130' with positive edge clock and positive level reset.
Creating register for signal `\Csr.\csr_write_no_side_effect_rs' using process `\Csr.$proc$./build_yosys/cpu_yosys.v:3819$3310'.
  created $adff cell `$procdff$20135' with positive edge clock and positive level reset.
Creating register for signal `\Csr.\pack_tvec_direct$func$./build_yosys/cpu_yosys.v:3866$3268.$result' using process `\Csr.$proc$./build_yosys/cpu_yosys.v:3819$3310'.
  created $adff cell `$procdff$20140' with positive edge clock and positive level reset.
Creating register for signal `\Csr.\pack_tvec_direct$func$./build_yosys/cpu_yosys.v:3866$3268.v' using process `\Csr.$proc$./build_yosys/cpu_yosys.v:3819$3310'.
  created $adff cell `$procdff$20145' with positive edge clock and positive level reset.
Creating register for signal `\Csr.\pack_epc$func$./build_yosys/cpu_yosys.v:3868$3269.$result' using process `\Csr.$proc$./build_yosys/cpu_yosys.v:3819$3310'.
  created $adff cell `$procdff$20150' with positive edge clock and positive level reset.
Creating register for signal `\Csr.\pack_epc$func$./build_yosys/cpu_yosys.v:3868$3269.v' using process `\Csr.$proc$./build_yosys/cpu_yosys.v:3819$3310'.
  created $adff cell `$procdff$20155' with positive edge clock and positive level reset.
Creating register for signal `\Csr.\pack_satp_sv32$func$./build_yosys/cpu_yosys.v:3874$3270.$result' using process `\Csr.$proc$./build_yosys/cpu_yosys.v:3819$3310'.
  created $adff cell `$procdff$20160' with positive edge clock and positive level reset.
Creating register for signal `\Csr.\pack_satp_sv32$func$./build_yosys/cpu_yosys.v:3874$3270.v' using process `\Csr.$proc$./build_yosys/cpu_yosys.v:3819$3310'.
  created $adff cell `$procdff$20165' with positive edge clock and positive level reset.
Creating register for signal `\Csr.\pack_tvec_direct$func$./build_yosys/cpu_yosys.v:3880$3271.$result' using process `\Csr.$proc$./build_yosys/cpu_yosys.v:3819$3310'.
  created $adff cell `$procdff$20170' with positive edge clock and positive level reset.
Creating register for signal `\Csr.\pack_tvec_direct$func$./build_yosys/cpu_yosys.v:3880$3271.v' using process `\Csr.$proc$./build_yosys/cpu_yosys.v:3819$3310'.
  created $adff cell `$procdff$20175' with positive edge clock and positive level reset.
Creating register for signal `\Csr.\pack_epc$func$./build_yosys/cpu_yosys.v:3882$3272.$result' using process `\Csr.$proc$./build_yosys/cpu_yosys.v:3819$3310'.
  created $adff cell `$procdff$20180' with positive edge clock and positive level reset.
Creating register for signal `\Csr.\pack_epc$func$./build_yosys/cpu_yosys.v:3882$3272.v' using process `\Csr.$proc$./build_yosys/cpu_yosys.v:3819$3310'.
  created $adff cell `$procdff$20185' with positive edge clock and positive level reset.
Creating register for signal `\Csr.\pack_epc$func$./build_yosys/cpu_yosys.v:3903$3273.$result' using process `\Csr.$proc$./build_yosys/cpu_yosys.v:3819$3310'.
  created $adff cell `$procdff$20190' with positive edge clock and positive level reset.
Creating register for signal `\Csr.\pack_epc$func$./build_yosys/cpu_yosys.v:3903$3273.v' using process `\Csr.$proc$./build_yosys/cpu_yosys.v:3819$3310'.
  created $adff cell `$procdff$20195' with positive edge clock and positive level reset.
Creating register for signal `\Csr.\pack_epc$func$./build_yosys/cpu_yosys.v:3912$3274.$result' using process `\Csr.$proc$./build_yosys/cpu_yosys.v:3819$3310'.
  created $adff cell `$procdff$20200' with positive edge clock and positive level reset.
Creating register for signal `\Csr.\pack_epc$func$./build_yosys/cpu_yosys.v:3912$3274.v' using process `\Csr.$proc$./build_yosys/cpu_yosys.v:3819$3310'.
  created $adff cell `$procdff$20205' with positive edge clock and positive level reset.
Creating register for signal `\Csr.\pack_epc$func$./build_yosys/cpu_yosys.v:3923$3275.$result' using process `\Csr.$proc$./build_yosys/cpu_yosys.v:3819$3310'.
  created $adff cell `$procdff$20210' with positive edge clock and positive level reset.
Creating register for signal `\Csr.\pack_epc$func$./build_yosys/cpu_yosys.v:3923$3275.v' using process `\Csr.$proc$./build_yosys/cpu_yosys.v:3819$3310'.
  created $adff cell `$procdff$20215' with positive edge clock and positive level reset.
Creating register for signal `\Csr.\pack_epc$func$./build_yosys/cpu_yosys.v:3937$3276.$result' using process `\Csr.$proc$./build_yosys/cpu_yosys.v:3819$3310'.
  created $adff cell `$procdff$20220' with positive edge clock and positive level reset.
Creating register for signal `\Csr.\pack_epc$func$./build_yosys/cpu_yosys.v:3937$3276.v' using process `\Csr.$proc$./build_yosys/cpu_yosys.v:3819$3310'.
  created $adff cell `$procdff$20225' with positive edge clock and positive level reset.
Creating register for signal `\Csr.\csr_rdata' using process `\Csr.$proc$./build_yosys/cpu_yosys.v:3812$3290'.
  created $adff cell `$procdff$20230' with positive edge clock and positive level reset.
Creating register for signal `\Csr.\csr_read_mux$func$./build_yosys/cpu_yosys.v:3816$3264.$result' using process `\Csr.$proc$./build_yosys/cpu_yosys.v:3812$3290'.
  created $adff cell `$procdff$20235' with positive edge clock and positive level reset.
Creating register for signal `\Csr.\csr_read_mux$func$./build_yosys/cpu_yosys.v:3816$3264.a' using process `\Csr.$proc$./build_yosys/cpu_yosys.v:3812$3290'.
  created $adff cell `$procdff$20240' with positive edge clock and positive level reset.
Creating register for signal `\Csr.\sip_view$func$./build_yosys/cpu_yosys.v:3788$3265.$result' using process `\Csr.$proc$./build_yosys/cpu_yosys.v:3812$3290'.
  created $adff cell `$procdff$20245' with positive edge clock and positive level reset.
Creating register for signal `\Csr.\sip_view$func$./build_yosys/cpu_yosys.v:3788$3265.mip' using process `\Csr.$proc$./build_yosys/cpu_yosys.v:3812$3290'.
  created $adff cell `$procdff$20250' with positive edge clock and positive level reset.
Creating register for signal `\Csr.\sip_view$func$./build_yosys/cpu_yosys.v:3788$3265.v' using process `\Csr.$proc$./build_yosys/cpu_yosys.v:3812$3290'.
  created $adff cell `$procdff$20255' with positive edge clock and positive level reset.
Creating register for signal `\Csr.\csr_DMA_STATUS' using process `\Csr.$proc$./build_yosys/cpu_yosys.v:3769$3288'.
  created $adff cell `$procdff$20260' with positive edge clock and positive level reset.
Creating register for signal `\Csr.\csr_SA_STATUS' using process `\Csr.$proc$./build_yosys/cpu_yosys.v:3769$3288'.
  created $adff cell `$procdff$20265' with positive edge clock and positive level reset.

3.10. Executing PROC_MEMWR pass (convert process memory writes to cells).

3.11. Executing PROC_CLEAN pass (remove empty switches from decision trees).
Found and cleaned up 19 empty switches in `\MMU.$proc$./build_yosys/cpu_yosys.v:3399$3130'.
Removing empty process `MMU.$proc$./build_yosys/cpu_yosys.v:3399$3130'.
Found and cleaned up 3 empty switches in `\PSC_PC.$proc$./build_yosys/cpu_yosys.v:3289$3111'.
Removing empty process `PSC_PC.$proc$./build_yosys/cpu_yosys.v:3289$3111'.
Removing empty process `$paramod\Execute\ENABLE_MUL=1'0\ENABLE_DIV=1'0.$proc$./build_yosys/cpu_yosys.v:0$3621'.
Found and cleaned up 9 empty switches in `$paramod\Execute\ENABLE_MUL=1'0\ENABLE_DIV=1'0.$proc$./build_yosys/cpu_yosys.v:2649$3582'.
Removing empty process `$paramod\Execute\ENABLE_MUL=1'0\ENABLE_DIV=1'0.$proc$./build_yosys/cpu_yosys.v:2649$3582'.
Found and cleaned up 1 empty switch in `$paramod\Execute\ENABLE_MUL=1'0\ENABLE_DIV=1'0.$proc$./build_yosys/cpu_yosys.v:2637$3579'.
Removing empty process `$paramod\Execute\ENABLE_MUL=1'0\ENABLE_DIV=1'0.$proc$./build_yosys/cpu_yosys.v:2637$3579'.
Removing empty process `$paramod\Execute\ENABLE_MUL=1'1\ENABLE_DIV=1'1.$proc$./build_yosys/cpu_yosys.v:0$3560'.
Found and cleaned up 9 empty switches in `$paramod\Execute\ENABLE_MUL=1'1\ENABLE_DIV=1'1.$proc$./build_yosys/cpu_yosys.v:2649$3521'.
Removing empty process `$paramod\Execute\ENABLE_MUL=1'1\ENABLE_DIV=1'1.$proc$./build_yosys/cpu_yosys.v:2649$3521'.
Found and cleaned up 1 empty switch in `$paramod\Execute\ENABLE_MUL=1'1\ENABLE_DIV=1'1.$proc$./build_yosys/cpu_yosys.v:2637$3518'.
Removing empty process `$paramod\Execute\ENABLE_MUL=1'1\ENABLE_DIV=1'1.$proc$./build_yosys/cpu_yosys.v:2637$3518'.
Found and cleaned up 8 empty switches in `$paramod\Branch\UART_MMIO_ADDR=32'11110000000001000000000011110000.$proc$./build_yosys/cpu_yosys.v:2918$3487'.
Removing empty process `$paramod\Branch\UART_MMIO_ADDR=32'11110000000001000000000011110000.$proc$./build_yosys/cpu_yosys.v:2918$3487'.
Found and cleaned up 3 empty switches in `\Execute_Mul.$proc$./build_yosys/cpu_yosys.v:2830$2393'.
Removing empty process `Execute_Mul.$proc$./build_yosys/cpu_yosys.v:2830$2393'.
Found and cleaned up 7 empty switches in `\Execute_Divider.$proc$./build_yosys/cpu_yosys.v:2737$2377'.
Removing empty process `Execute_Divider.$proc$./build_yosys/cpu_yosys.v:2737$2377'.
Found and cleaned up 10 empty switches in `$paramod\Fetch\BURST_MODE=1'1.$proc$./build_yosys/cpu_yosys.v:2283$3471'.
Removing empty process `$paramod\Fetch\BURST_MODE=1'1.$proc$./build_yosys/cpu_yosys.v:2283$3471'.
Found and cleaned up 2 empty switches in `\Decorder.$proc$./build_yosys/cpu_yosys.v:2530$2295'.
Removing empty process `Decorder.$proc$./build_yosys/cpu_yosys.v:2530$2295'.
Removing empty process `Decorder.$proc$./build_yosys/cpu_yosys.v:2496$2292'.
Found and cleaned up 2 empty switches in `$paramod$28704d8bf4447e08602ecae7770c77318b280126\Fetch_Fifo.$proc$./build_yosys/cpu_yosys.v:1175$3455'.
Removing empty process `$paramod$28704d8bf4447e08602ecae7770c77318b280126\Fetch_Fifo.$proc$./build_yosys/cpu_yosys.v:1175$3455'.
Found and cleaned up 1 empty switch in `$paramod$28704d8bf4447e08602ecae7770c77318b280126\Fetch_Fifo.$proc$./build_yosys/cpu_yosys.v:1162$3433'.
Removing empty process `$paramod$28704d8bf4447e08602ecae7770c77318b280126\Fetch_Fifo.$proc$./build_yosys/cpu_yosys.v:1162$3433'.
Removing empty process `$paramod$01725da92754737a8a2ce09aa1322a94754cc9bb\PSC_Register.$proc$./build_yosys/cpu_yosys.v:0$3801'.
Found and cleaned up 6 empty switches in `$paramod$01725da92754737a8a2ce09aa1322a94754cc9bb\PSC_Register.$proc$./build_yosys/cpu_yosys.v:3209$3796'.
Removing empty process `$paramod$01725da92754737a8a2ce09aa1322a94754cc9bb\PSC_Register.$proc$./build_yosys/cpu_yosys.v:3209$3796'.
Found and cleaned up 6 empty switches in `$paramod$01725da92754737a8a2ce09aa1322a94754cc9bb\PSC_Register.$proc$./build_yosys/cpu_yosys.v:3209$3781'.
Removing empty process `$paramod$01725da92754737a8a2ce09aa1322a94754cc9bb\PSC_Register.$proc$./build_yosys/cpu_yosys.v:3209$3781'.
Found and cleaned up 2 empty switches in `$paramod$01725da92754737a8a2ce09aa1322a94754cc9bb\PSC_Register.$proc$./build_yosys/cpu_yosys.v:3190$3769'.
Removing empty process `$paramod$01725da92754737a8a2ce09aa1322a94754cc9bb\PSC_Register.$proc$./build_yosys/cpu_yosys.v:3190$3769'.
Found and cleaned up 2 empty switches in `$paramod$01725da92754737a8a2ce09aa1322a94754cc9bb\PSC_Register.$proc$./build_yosys/cpu_yosys.v:3190$3765'.
Removing empty process `$paramod$01725da92754737a8a2ce09aa1322a94754cc9bb\PSC_Register.$proc$./build_yosys/cpu_yosys.v:3190$3765'.
Found and cleaned up 2 empty switches in `$paramod$01725da92754737a8a2ce09aa1322a94754cc9bb\PSC_Register.$proc$./build_yosys/cpu_yosys.v:3190$3761'.
Removing empty process `$paramod$01725da92754737a8a2ce09aa1322a94754cc9bb\PSC_Register.$proc$./build_yosys/cpu_yosys.v:3190$3761'.
Found and cleaned up 2 empty switches in `$paramod$01725da92754737a8a2ce09aa1322a94754cc9bb\PSC_Register.$proc$./build_yosys/cpu_yosys.v:3190$3757'.
Removing empty process `$paramod$01725da92754737a8a2ce09aa1322a94754cc9bb\PSC_Register.$proc$./build_yosys/cpu_yosys.v:3190$3757'.
Found and cleaned up 2 empty switches in `$paramod$01725da92754737a8a2ce09aa1322a94754cc9bb\PSC_Register.$proc$./build_yosys/cpu_yosys.v:3190$3753'.
Removing empty process `$paramod$01725da92754737a8a2ce09aa1322a94754cc9bb\PSC_Register.$proc$./build_yosys/cpu_yosys.v:3190$3753'.
Found and cleaned up 2 empty switches in `$paramod$01725da92754737a8a2ce09aa1322a94754cc9bb\PSC_Register.$proc$./build_yosys/cpu_yosys.v:3190$3749'.
Removing empty process `$paramod$01725da92754737a8a2ce09aa1322a94754cc9bb\PSC_Register.$proc$./build_yosys/cpu_yosys.v:3190$3749'.
Found and cleaned up 2 empty switches in `$paramod$01725da92754737a8a2ce09aa1322a94754cc9bb\PSC_Register.$proc$./build_yosys/cpu_yosys.v:3190$3745'.
Removing empty process `$paramod$01725da92754737a8a2ce09aa1322a94754cc9bb\PSC_Register.$proc$./build_yosys/cpu_yosys.v:3190$3745'.
Found and cleaned up 2 empty switches in `$paramod$01725da92754737a8a2ce09aa1322a94754cc9bb\PSC_Register.$proc$./build_yosys/cpu_yosys.v:3190$3741'.
Removing empty process `$paramod$01725da92754737a8a2ce09aa1322a94754cc9bb\PSC_Register.$proc$./build_yosys/cpu_yosys.v:3190$3741'.
Found and cleaned up 2 empty switches in `$paramod$01725da92754737a8a2ce09aa1322a94754cc9bb\PSC_Register.$proc$./build_yosys/cpu_yosys.v:3190$3737'.
Removing empty process `$paramod$01725da92754737a8a2ce09aa1322a94754cc9bb\PSC_Register.$proc$./build_yosys/cpu_yosys.v:3190$3737'.
Found and cleaned up 2 empty switches in `$paramod$01725da92754737a8a2ce09aa1322a94754cc9bb\PSC_Register.$proc$./build_yosys/cpu_yosys.v:3190$3733'.
Removing empty process `$paramod$01725da92754737a8a2ce09aa1322a94754cc9bb\PSC_Register.$proc$./build_yosys/cpu_yosys.v:3190$3733'.
Found and cleaned up 2 empty switches in `$paramod$01725da92754737a8a2ce09aa1322a94754cc9bb\PSC_Register.$proc$./build_yosys/cpu_yosys.v:3190$3729'.
Removing empty process `$paramod$01725da92754737a8a2ce09aa1322a94754cc9bb\PSC_Register.$proc$./build_yosys/cpu_yosys.v:3190$3729'.
Found and cleaned up 2 empty switches in `$paramod$01725da92754737a8a2ce09aa1322a94754cc9bb\PSC_Register.$proc$./build_yosys/cpu_yosys.v:3190$3725'.
Removing empty process `$paramod$01725da92754737a8a2ce09aa1322a94754cc9bb\PSC_Register.$proc$./build_yosys/cpu_yosys.v:3190$3725'.
Found and cleaned up 2 empty switches in `$paramod$01725da92754737a8a2ce09aa1322a94754cc9bb\PSC_Register.$proc$./build_yosys/cpu_yosys.v:3190$3721'.
Removing empty process `$paramod$01725da92754737a8a2ce09aa1322a94754cc9bb\PSC_Register.$proc$./build_yosys/cpu_yosys.v:3190$3721'.
Found and cleaned up 2 empty switches in `$paramod$01725da92754737a8a2ce09aa1322a94754cc9bb\PSC_Register.$proc$./build_yosys/cpu_yosys.v:3190$3717'.
Removing empty process `$paramod$01725da92754737a8a2ce09aa1322a94754cc9bb\PSC_Register.$proc$./build_yosys/cpu_yosys.v:3190$3717'.
Found and cleaned up 2 empty switches in `$paramod$01725da92754737a8a2ce09aa1322a94754cc9bb\PSC_Register.$proc$./build_yosys/cpu_yosys.v:3190$3713'.
Removing empty process `$paramod$01725da92754737a8a2ce09aa1322a94754cc9bb\PSC_Register.$proc$./build_yosys/cpu_yosys.v:3190$3713'.
Found and cleaned up 2 empty switches in `$paramod$01725da92754737a8a2ce09aa1322a94754cc9bb\PSC_Register.$proc$./build_yosys/cpu_yosys.v:3190$3709'.
Removing empty process `$paramod$01725da92754737a8a2ce09aa1322a94754cc9bb\PSC_Register.$proc$./build_yosys/cpu_yosys.v:3190$3709'.
Found and cleaned up 2 empty switches in `$paramod$01725da92754737a8a2ce09aa1322a94754cc9bb\PSC_Register.$proc$./build_yosys/cpu_yosys.v:3190$3705'.
Removing empty process `$paramod$01725da92754737a8a2ce09aa1322a94754cc9bb\PSC_Register.$proc$./build_yosys/cpu_yosys.v:3190$3705'.
Found and cleaned up 2 empty switches in `$paramod$01725da92754737a8a2ce09aa1322a94754cc9bb\PSC_Register.$proc$./build_yosys/cpu_yosys.v:3190$3701'.
Removing empty process `$paramod$01725da92754737a8a2ce09aa1322a94754cc9bb\PSC_Register.$proc$./build_yosys/cpu_yosys.v:3190$3701'.
Found and cleaned up 2 empty switches in `$paramod$01725da92754737a8a2ce09aa1322a94754cc9bb\PSC_Register.$proc$./build_yosys/cpu_yosys.v:3190$3697'.
Removing empty process `$paramod$01725da92754737a8a2ce09aa1322a94754cc9bb\PSC_Register.$proc$./build_yosys/cpu_yosys.v:3190$3697'.
Found and cleaned up 2 empty switches in `$paramod$01725da92754737a8a2ce09aa1322a94754cc9bb\PSC_Register.$proc$./build_yosys/cpu_yosys.v:3190$3693'.
Removing empty process `$paramod$01725da92754737a8a2ce09aa1322a94754cc9bb\PSC_Register.$proc$./build_yosys/cpu_yosys.v:3190$3693'.
Found and cleaned up 2 empty switches in `$paramod$01725da92754737a8a2ce09aa1322a94754cc9bb\PSC_Register.$proc$./build_yosys/cpu_yosys.v:3190$3689'.
Removing empty process `$paramod$01725da92754737a8a2ce09aa1322a94754cc9bb\PSC_Register.$proc$./build_yosys/cpu_yosys.v:3190$3689'.
Found and cleaned up 2 empty switches in `$paramod$01725da92754737a8a2ce09aa1322a94754cc9bb\PSC_Register.$proc$./build_yosys/cpu_yosys.v:3190$3685'.
Removing empty process `$paramod$01725da92754737a8a2ce09aa1322a94754cc9bb\PSC_Register.$proc$./build_yosys/cpu_yosys.v:3190$3685'.
Found and cleaned up 2 empty switches in `$paramod$01725da92754737a8a2ce09aa1322a94754cc9bb\PSC_Register.$proc$./build_yosys/cpu_yosys.v:3190$3681'.
Removing empty process `$paramod$01725da92754737a8a2ce09aa1322a94754cc9bb\PSC_Register.$proc$./build_yosys/cpu_yosys.v:3190$3681'.
Found and cleaned up 2 empty switches in `$paramod$01725da92754737a8a2ce09aa1322a94754cc9bb\PSC_Register.$proc$./build_yosys/cpu_yosys.v:3190$3677'.
Removing empty process `$paramod$01725da92754737a8a2ce09aa1322a94754cc9bb\PSC_Register.$proc$./build_yosys/cpu_yosys.v:3190$3677'.
Found and cleaned up 2 empty switches in `$paramod$01725da92754737a8a2ce09aa1322a94754cc9bb\PSC_Register.$proc$./build_yosys/cpu_yosys.v:3190$3673'.
Removing empty process `$paramod$01725da92754737a8a2ce09aa1322a94754cc9bb\PSC_Register.$proc$./build_yosys/cpu_yosys.v:3190$3673'.
Found and cleaned up 2 empty switches in `$paramod$01725da92754737a8a2ce09aa1322a94754cc9bb\PSC_Register.$proc$./build_yosys/cpu_yosys.v:3190$3669'.
Removing empty process `$paramod$01725da92754737a8a2ce09aa1322a94754cc9bb\PSC_Register.$proc$./build_yosys/cpu_yosys.v:3190$3669'.
Found and cleaned up 2 empty switches in `$paramod$01725da92754737a8a2ce09aa1322a94754cc9bb\PSC_Register.$proc$./build_yosys/cpu_yosys.v:3190$3665'.
Removing empty process `$paramod$01725da92754737a8a2ce09aa1322a94754cc9bb\PSC_Register.$proc$./build_yosys/cpu_yosys.v:3190$3665'.
Found and cleaned up 2 empty switches in `$paramod$01725da92754737a8a2ce09aa1322a94754cc9bb\PSC_Register.$proc$./build_yosys/cpu_yosys.v:3190$3661'.
Removing empty process `$paramod$01725da92754737a8a2ce09aa1322a94754cc9bb\PSC_Register.$proc$./build_yosys/cpu_yosys.v:3190$3661'.
Found and cleaned up 2 empty switches in `$paramod$01725da92754737a8a2ce09aa1322a94754cc9bb\PSC_Register.$proc$./build_yosys/cpu_yosys.v:3190$3657'.
Removing empty process `$paramod$01725da92754737a8a2ce09aa1322a94754cc9bb\PSC_Register.$proc$./build_yosys/cpu_yosys.v:3190$3657'.
Found and cleaned up 2 empty switches in `$paramod$01725da92754737a8a2ce09aa1322a94754cc9bb\PSC_Register.$proc$./build_yosys/cpu_yosys.v:3190$3653'.
Removing empty process `$paramod$01725da92754737a8a2ce09aa1322a94754cc9bb\PSC_Register.$proc$./build_yosys/cpu_yosys.v:3190$3653'.
Found and cleaned up 2 empty switches in `$paramod$01725da92754737a8a2ce09aa1322a94754cc9bb\PSC_Register.$proc$./build_yosys/cpu_yosys.v:3190$3649'.
Removing empty process `$paramod$01725da92754737a8a2ce09aa1322a94754cc9bb\PSC_Register.$proc$./build_yosys/cpu_yosys.v:3190$3649'.
Found and cleaned up 4 empty switches in `$paramod$01725da92754737a8a2ce09aa1322a94754cc9bb\PSC_Register.$proc$./build_yosys/cpu_yosys.v:3176$3626'.
Removing empty process `$paramod$01725da92754737a8a2ce09aa1322a94754cc9bb\PSC_Register.$proc$./build_yosys/cpu_yosys.v:3176$3626'.
Found and cleaned up 1 empty switch in `\PSC_RV32_InstructionEngine.$proc$./build_yosys/cpu_yosys.v:1365$147'.
Removing empty process `PSC_RV32_InstructionEngine.$proc$./build_yosys/cpu_yosys.v:1365$147'.
Removing empty process `PSC_InstructionUnit.$proc$./build_yosys/cpu_yosys.v:0$5705'.
Found and cleaned up 1 empty switch in `\PSC_InstructionUnit.$proc$./build_yosys/cpu_yosys.v:0$5702'.
Removing empty process `PSC_InstructionUnit.$proc$./build_yosys/cpu_yosys.v:0$5702'.
Found and cleaned up 1 empty switch in `\PSC_InstructionUnit.$proc$./build_yosys/cpu_yosys.v:0$5699'.
Removing empty process `PSC_InstructionUnit.$proc$./build_yosys/cpu_yosys.v:0$5699'.
Found and cleaned up 1 empty switch in `\PSC_InstructionUnit.$proc$./build_yosys/cpu_yosys.v:0$5696'.
Removing empty process `PSC_InstructionUnit.$proc$./build_yosys/cpu_yosys.v:0$5696'.
Found and cleaned up 1 empty switch in `\PSC_InstructionUnit.$proc$./build_yosys/cpu_yosys.v:0$5693'.
Removing empty process `PSC_InstructionUnit.$proc$./build_yosys/cpu_yosys.v:0$5693'.
Found and cleaned up 1 empty switch in `\PSC_InstructionUnit.$proc$./build_yosys/cpu_yosys.v:0$5690'.
Removing empty process `PSC_InstructionUnit.$proc$./build_yosys/cpu_yosys.v:0$5690'.
Found and cleaned up 1 empty switch in `\PSC_InstructionUnit.$proc$./build_yosys/cpu_yosys.v:0$5687'.
Removing empty process `PSC_InstructionUnit.$proc$./build_yosys/cpu_yosys.v:0$5687'.
Found and cleaned up 1 empty switch in `\PSC_InstructionUnit.$proc$./build_yosys/cpu_yosys.v:0$5684'.
Removing empty process `PSC_InstructionUnit.$proc$./build_yosys/cpu_yosys.v:0$5684'.
Found and cleaned up 1 empty switch in `\PSC_InstructionUnit.$proc$./build_yosys/cpu_yosys.v:0$5681'.
Removing empty process `PSC_InstructionUnit.$proc$./build_yosys/cpu_yosys.v:0$5681'.
Found and cleaned up 1 empty switch in `\PSC_InstructionUnit.$proc$./build_yosys/cpu_yosys.v:0$5678'.
Removing empty process `PSC_InstructionUnit.$proc$./build_yosys/cpu_yosys.v:0$5678'.
Found and cleaned up 1 empty switch in `\PSC_InstructionUnit.$proc$./build_yosys/cpu_yosys.v:0$5675'.
Removing empty process `PSC_InstructionUnit.$proc$./build_yosys/cpu_yosys.v:0$5675'.
Found and cleaned up 1 empty switch in `\PSC_InstructionUnit.$proc$./build_yosys/cpu_yosys.v:0$5672'.
Removing empty process `PSC_InstructionUnit.$proc$./build_yosys/cpu_yosys.v:0$5672'.
Found and cleaned up 1 empty switch in `\PSC_InstructionUnit.$proc$./build_yosys/cpu_yosys.v:0$5669'.
Removing empty process `PSC_InstructionUnit.$proc$./build_yosys/cpu_yosys.v:0$5669'.
Found and cleaned up 1 empty switch in `\PSC_InstructionUnit.$proc$./build_yosys/cpu_yosys.v:0$5666'.
Removing empty process `PSC_InstructionUnit.$proc$./build_yosys/cpu_yosys.v:0$5666'.
Found and cleaned up 1 empty switch in `\PSC_InstructionUnit.$proc$./build_yosys/cpu_yosys.v:0$5663'.
Removing empty process `PSC_InstructionUnit.$proc$./build_yosys/cpu_yosys.v:0$5663'.
Found and cleaned up 1 empty switch in `\PSC_InstructionUnit.$proc$./build_yosys/cpu_yosys.v:0$5660'.
Removing empty process `PSC_InstructionUnit.$proc$./build_yosys/cpu_yosys.v:0$5660'.
Found and cleaned up 1 empty switch in `\PSC_InstructionUnit.$proc$./build_yosys/cpu_yosys.v:0$5657'.
Removing empty process `PSC_InstructionUnit.$proc$./build_yosys/cpu_yosys.v:0$5657'.
Found and cleaned up 1 empty switch in `\PSC_InstructionUnit.$proc$./build_yosys/cpu_yosys.v:0$5654'.
Removing empty process `PSC_InstructionUnit.$proc$./build_yosys/cpu_yosys.v:0$5654'.
Found and cleaned up 1 empty switch in `\PSC_InstructionUnit.$proc$./build_yosys/cpu_yosys.v:0$5651'.
Removing empty process `PSC_InstructionUnit.$proc$./build_yosys/cpu_yosys.v:0$5651'.
Found and cleaned up 1 empty switch in `\PSC_InstructionUnit.$proc$./build_yosys/cpu_yosys.v:0$5648'.
Removing empty process `PSC_InstructionUnit.$proc$./build_yosys/cpu_yosys.v:0$5648'.
Found and cleaned up 1 empty switch in `\PSC_InstructionUnit.$proc$./build_yosys/cpu_yosys.v:0$5645'.
Removing empty process `PSC_InstructionUnit.$proc$./build_yosys/cpu_yosys.v:0$5645'.
Found and cleaned up 1 empty switch in `\PSC_InstructionUnit.$proc$./build_yosys/cpu_yosys.v:0$5642'.
Removing empty process `PSC_InstructionUnit.$proc$./build_yosys/cpu_yosys.v:0$5642'.
Found and cleaned up 1 empty switch in `\PSC_InstructionUnit.$proc$./build_yosys/cpu_yosys.v:0$5639'.
Removing empty process `PSC_InstructionUnit.$proc$./build_yosys/cpu_yosys.v:0$5639'.
Found and cleaned up 1 empty switch in `\PSC_InstructionUnit.$proc$./build_yosys/cpu_yosys.v:0$5636'.
Removing empty process `PSC_InstructionUnit.$proc$./build_yosys/cpu_yosys.v:0$5636'.
Found and cleaned up 1 empty switch in `\PSC_InstructionUnit.$proc$./build_yosys/cpu_yosys.v:0$5633'.
Removing empty process `PSC_InstructionUnit.$proc$./build_yosys/cpu_yosys.v:0$5633'.
Found and cleaned up 1 empty switch in `\PSC_InstructionUnit.$proc$./build_yosys/cpu_yosys.v:0$5630'.
Removing empty process `PSC_InstructionUnit.$proc$./build_yosys/cpu_yosys.v:0$5630'.
Found and cleaned up 1 empty switch in `\PSC_InstructionUnit.$proc$./build_yosys/cpu_yosys.v:0$5627'.
Removing empty process `PSC_InstructionUnit.$proc$./build_yosys/cpu_yosys.v:0$5627'.
Found and cleaned up 1 empty switch in `\PSC_InstructionUnit.$proc$./build_yosys/cpu_yosys.v:0$5624'.
Removing empty process `PSC_InstructionUnit.$proc$./build_yosys/cpu_yosys.v:0$5624'.
Found and cleaned up 1 empty switch in `\PSC_InstructionUnit.$proc$./build_yosys/cpu_yosys.v:0$5621'.
Removing empty process `PSC_InstructionUnit.$proc$./build_yosys/cpu_yosys.v:0$5621'.
Found and cleaned up 1 empty switch in `\PSC_InstructionUnit.$proc$./build_yosys/cpu_yosys.v:0$5618'.
Removing empty process `PSC_InstructionUnit.$proc$./build_yosys/cpu_yosys.v:0$5618'.
Found and cleaned up 1 empty switch in `\PSC_InstructionUnit.$proc$./build_yosys/cpu_yosys.v:0$5615'.
Removing empty process `PSC_InstructionUnit.$proc$./build_yosys/cpu_yosys.v:0$5615'.
Found and cleaned up 1 empty switch in `\PSC_InstructionUnit.$proc$./build_yosys/cpu_yosys.v:0$5612'.
Removing empty process `PSC_InstructionUnit.$proc$./build_yosys/cpu_yosys.v:0$5612'.
Found and cleaned up 1 empty switch in `\PSC_InstructionUnit.$proc$./build_yosys/cpu_yosys.v:0$5609'.
Removing empty process `PSC_InstructionUnit.$proc$./build_yosys/cpu_yosys.v:0$5609'.
Found and cleaned up 1 empty switch in `\PSC_InstructionUnit.$proc$./build_yosys/cpu_yosys.v:0$5606'.
Removing empty process `PSC_InstructionUnit.$proc$./build_yosys/cpu_yosys.v:0$5606'.
Found and cleaned up 1 empty switch in `\PSC_InstructionUnit.$proc$./build_yosys/cpu_yosys.v:0$5603'.
Removing empty process `PSC_InstructionUnit.$proc$./build_yosys/cpu_yosys.v:0$5603'.
Found and cleaned up 1 empty switch in `\PSC_InstructionUnit.$proc$./build_yosys/cpu_yosys.v:0$5600'.
Removing empty process `PSC_InstructionUnit.$proc$./build_yosys/cpu_yosys.v:0$5600'.
Found and cleaned up 1 empty switch in `\PSC_InstructionUnit.$proc$./build_yosys/cpu_yosys.v:0$5597'.
Removing empty process `PSC_InstructionUnit.$proc$./build_yosys/cpu_yosys.v:0$5597'.
Found and cleaned up 111 empty switches in `\PSC_InstructionUnit.$proc$./build_yosys/cpu_yosys.v:2033$4526'.
Removing empty process `PSC_InstructionUnit.$proc$./build_yosys/cpu_yosys.v:2033$4526'.
Found and cleaned up 12 empty switches in `\PSC_InstructionUnit.$proc$./build_yosys/cpu_yosys.v:2008$4433'.
Removing empty process `PSC_InstructionUnit.$proc$./build_yosys/cpu_yosys.v:2008$4433'.
Found and cleaned up 1 empty switch in `\PSC_InstructionUnit.$proc$./build_yosys/cpu_yosys.v:2001$4430'.
Removing empty process `PSC_InstructionUnit.$proc$./build_yosys/cpu_yosys.v:2001$4430'.
Removing empty process `PSC_InstructionUnit.$proc$./build_yosys/cpu_yosys.v:1996$4428'.
Found and cleaned up 3 empty switches in `\PSC_InstructionUnit.$proc$./build_yosys/cpu_yosys.v:1989$4397'.
Removing empty process `PSC_InstructionUnit.$proc$./build_yosys/cpu_yosys.v:1989$4397'.
Found and cleaned up 6 empty switches in `\PSC_InstructionUnit.$proc$./build_yosys/cpu_yosys.v:1970$4356'.
Removing empty process `PSC_InstructionUnit.$proc$./build_yosys/cpu_yosys.v:1970$4356'.
Found and cleaned up 3 empty switches in `\PSC_InstructionUnit.$proc$./build_yosys/cpu_yosys.v:1955$4330'.
Removing empty process `PSC_InstructionUnit.$proc$./build_yosys/cpu_yosys.v:1955$4330'.
Removing empty process `PSC_InstructionUnit.$proc$./build_yosys/cpu_yosys.v:1928$4299'.
Found and cleaned up 12 empty switches in `\PSC_InstructionUnit.$proc$./build_yosys/cpu_yosys.v:1895$4222'.
Removing empty process `PSC_InstructionUnit.$proc$./build_yosys/cpu_yosys.v:1895$4222'.
Found and cleaned up 10 empty switches in `\PSC_InstructionUnit.$proc$./build_yosys/cpu_yosys.v:1851$4091'.
Removing empty process `PSC_InstructionUnit.$proc$./build_yosys/cpu_yosys.v:1851$4091'.
Found and cleaned up 18 empty switches in `\PSC_InstructionUnit.$proc$./build_yosys/cpu_yosys.v:1823$3974'.
Removing empty process `PSC_InstructionUnit.$proc$./build_yosys/cpu_yosys.v:1823$3974'.
Found and cleaned up 2 empty switches in `\PSC_InstructionUnit.$proc$./build_yosys/cpu_yosys.v:1811$3967'.
Removing empty process `PSC_InstructionUnit.$proc$./build_yosys/cpu_yosys.v:1811$3967'.
Removing empty process `PSC_RV32_FetchUnit.$proc$./build_yosys/cpu_yosys.v:0$88'.
Found and cleaned up 7 empty switches in `\PSC_RV32_FetchUnit.$proc$./build_yosys/cpu_yosys.v:966$68'.
Removing empty process `PSC_RV32_FetchUnit.$proc$./build_yosys/cpu_yosys.v:966$68'.
Found and cleaned up 3 empty switches in `\PSC_RV32_FetchUnit.$proc$./build_yosys/cpu_yosys.v:939$59'.
Removing empty process `PSC_RV32_FetchUnit.$proc$./build_yosys/cpu_yosys.v:939$59'.
Found and cleaned up 1 empty switch in `\PSC_RV32_core.$proc$./build_yosys/cpu_yosys.v:654$35'.
Removing empty process `PSC_RV32_core.$proc$./build_yosys/cpu_yosys.v:654$35'.
Found and cleaned up 3 empty switches in `\PSC_RV32_core.$proc$./build_yosys/cpu_yosys.v:608$21'.
Removing empty process `PSC_RV32_core.$proc$./build_yosys/cpu_yosys.v:608$21'.
Removing empty process `Csr.$proc$./build_yosys/cpu_yosys.v:0$3417'.
Found and cleaned up 1 empty switch in `\Csr.$proc$./build_yosys/cpu_yosys.v:0$3404'.
Removing empty process `Csr.$proc$./build_yosys/cpu_yosys.v:0$3404'.
Found and cleaned up 1 empty switch in `\Csr.$proc$./build_yosys/cpu_yosys.v:0$3389'.
Removing empty process `Csr.$proc$./build_yosys/cpu_yosys.v:0$3389'.
Found and cleaned up 16 empty switches in `\Csr.$proc$./build_yosys/cpu_yosys.v:3819$3310'.
Removing empty process `Csr.$proc$./build_yosys/cpu_yosys.v:3819$3310'.
Found and cleaned up 1 empty switch in `\Csr.$proc$./build_yosys/cpu_yosys.v:3812$3290'.
Removing empty process `Csr.$proc$./build_yosys/cpu_yosys.v:3812$3290'.
Found and cleaned up 1 empty switch in `\Csr.$proc$./build_yosys/cpu_yosys.v:3769$3288'.
Removing empty process `Csr.$proc$./build_yosys/cpu_yosys.v:3769$3288'.
Removing empty process `Csr.$proc$./build_yosys/cpu_yosys.v:3740$3287'.
Cleaned up 402 empty switches.

3.12. Executing OPT_EXPR pass (perform const folding).
Optimizing module MMU.
<suppressed ~127 debug messages>
Optimizing module PSC_PC.
<suppressed ~7 debug messages>
Optimizing module $paramod\Execute\ENABLE_MUL=1'0\ENABLE_DIV=1'0.
<suppressed ~66 debug messages>
Optimizing module $paramod\Execute\ENABLE_MUL=1'1\ENABLE_DIV=1'1.
<suppressed ~38 debug messages>
Optimizing module $paramod\Branch\UART_MMIO_ADDR=32'11110000000001000000000011110000.
<suppressed ~24 debug messages>
Optimizing module Execute_Mul.
<suppressed ~18 debug messages>
Optimizing module Execute_Divider.
<suppressed ~25 debug messages>
Optimizing module $paramod\Fetch\BURST_MODE=1'1.
<suppressed ~26 debug messages>
Optimizing module Decorder.
<suppressed ~22 debug messages>
Optimizing module $paramod$28704d8bf4447e08602ecae7770c77318b280126\Fetch_Fifo.
<suppressed ~9 debug messages>
Optimizing module $paramod$01725da92754737a8a2ce09aa1322a94754cc9bb\PSC_Register.
<suppressed ~76 debug messages>
Optimizing module PSC_RV32_InstructionEngine.
<suppressed ~2 debug messages>
Optimizing module PSC_InstructionUnit.
<suppressed ~807 debug messages>
Optimizing module PSC_RV32_FetchUnit.
<suppressed ~18 debug messages>
Optimizing module PSC_RV32_core.
<suppressed ~8 debug messages>
Optimizing module Csr.
<suppressed ~134 debug messages>

4. Executing OPT pass (performing simple optimizations).

4.1. Executing OPT_EXPR pass (perform const folding).
Optimizing module MMU.
Optimizing module PSC_PC.
Optimizing module $paramod\Execute\ENABLE_MUL=1'0\ENABLE_DIV=1'0.
Optimizing module $paramod\Execute\ENABLE_MUL=1'1\ENABLE_DIV=1'1.
Optimizing module $paramod\Branch\UART_MMIO_ADDR=32'11110000000001000000000011110000.
Optimizing module Execute_Mul.
Optimizing module Execute_Divider.
Optimizing module $paramod\Fetch\BURST_MODE=1'1.
Optimizing module Decorder.
Optimizing module $paramod$28704d8bf4447e08602ecae7770c77318b280126\Fetch_Fifo.
Optimizing module $paramod$01725da92754737a8a2ce09aa1322a94754cc9bb\PSC_Register.
Optimizing module PSC_RV32_InstructionEngine.
Optimizing module PSC_InstructionUnit.
Optimizing module PSC_RV32_FetchUnit.
Optimizing module PSC_RV32_core.
Optimizing module Csr.

4.2. Executing OPT_MERGE pass (detect identical cells).
Finding identical cells in module `\MMU'.
<suppressed ~408 debug messages>
Finding identical cells in module `\PSC_PC'.
<suppressed ~6 debug messages>
Finding identical cells in module `$paramod\Execute\ENABLE_MUL=1'0\ENABLE_DIV=1'0'.
<suppressed ~135 debug messages>
Finding identical cells in module `$paramod\Execute\ENABLE_MUL=1'1\ENABLE_DIV=1'1'.
<suppressed ~135 debug messages>
Finding identical cells in module `$paramod\Branch\UART_MMIO_ADDR=32'11110000000001000000000011110000'.
<suppressed ~30 debug messages>
Finding identical cells in module `\Execute_Mul'.
<suppressed ~30 debug messages>
Finding identical cells in module `\Execute_Divider'.
<suppressed ~81 debug messages>
Finding identical cells in module `$paramod\Fetch\BURST_MODE=1'1'.
<suppressed ~84 debug messages>
Finding identical cells in module `\Decorder'.
<suppressed ~267 debug messages>
Finding identical cells in module `$paramod$28704d8bf4447e08602ecae7770c77318b280126\Fetch_Fifo'.
<suppressed ~24 debug messages>
Finding identical cells in module `$paramod$01725da92754737a8a2ce09aa1322a94754cc9bb\PSC_Register'.
<suppressed ~408 debug messages>
Finding identical cells in module `\PSC_RV32_InstructionEngine'.
<suppressed ~3 debug messages>
Finding identical cells in module `\PSC_InstructionUnit'.
<suppressed ~2118 debug messages>
Finding identical cells in module `\PSC_RV32_FetchUnit'.
<suppressed ~75 debug messages>
Finding identical cells in module `\PSC_RV32_core'.
<suppressed ~21 debug messages>
Finding identical cells in module `\Csr'.
<suppressed ~456 debug messages>
Removed a total of 1427 cells.

4.3. Executing OPT_MUXTREE pass (detect dead branches in mux trees).
Running muxtree optimizer on module \MMU..
  Creating internal representation of mux trees.
  Evaluating internal representation of mux trees.
  Analyzing evaluation results.
    dead port 1/2 on $mux $procmux$6139.
    dead port 2/2 on $mux $procmux$6139.
    dead port 1/2 on $mux $procmux$6132.
    dead port 2/2 on $mux $procmux$6132.
    dead port 1/2 on $mux $procmux$6125.
    dead port 2/2 on $mux $procmux$6125.
    dead port 1/2 on $mux $procmux$6118.
    dead port 2/2 on $mux $procmux$6118.
    dead port 1/2 on $mux $procmux$6111.
    dead port 2/2 on $mux $procmux$6111.
    dead port 1/2 on $mux $procmux$6104.
    dead port 2/2 on $mux $procmux$6104.
    dead port 1/2 on $mux $procmux$6097.
    dead port 2/2 on $mux $procmux$6097.
    dead port 1/2 on $mux $procmux$6090.
    dead port 2/2 on $mux $procmux$6090.
    dead port 1/2 on $mux $procmux$6083.
    dead port 2/2 on $mux $procmux$6083.
    dead port 1/2 on $mux $procmux$6076.
    dead port 2/2 on $mux $procmux$6076.
    dead port 1/2 on $mux $procmux$6069.
    dead port 2/2 on $mux $procmux$6069.
    dead port 1/2 on $mux $procmux$6062.
    dead port 2/2 on $mux $procmux$6062.
    dead port 1/2 on $mux $procmux$6058.
    dead port 2/2 on $mux $procmux$6058.
    dead port 1/2 on $mux $procmux$6054.
    dead port 2/2 on $mux $procmux$6054.
    dead port 1/2 on $mux $procmux$6050.
    dead port 2/2 on $mux $procmux$6050.
    dead port 1/2 on $mux $procmux$6046.
    dead port 2/2 on $mux $procmux$6046.
    dead port 1/2 on $mux $procmux$6042.
    dead port 2/2 on $mux $procmux$6042.
    dead port 1/2 on $mux $procmux$6038.
    dead port 2/2 on $mux $procmux$6038.
    dead port 1/2 on $mux $procmux$6034.
    dead port 2/2 on $mux $procmux$6034.
    dead port 1/2 on $mux $procmux$6030.
    dead port 2/2 on $mux $procmux$6030.
    dead port 1/2 on $mux $procmux$6026.
    dead port 2/2 on $mux $procmux$6026.
    dead port 1/2 on $mux $procmux$6022.
    dead port 2/2 on $mux $procmux$6022.
    dead port 1/2 on $mux $procmux$6018.
    dead port 2/2 on $mux $procmux$6018.
    dead port 1/2 on $mux $procmux$6016.
    dead port 2/2 on $mux $procmux$6016.
    dead port 1/2 on $mux $procmux$6008.
    dead port 2/2 on $mux $procmux$6008.
    dead port 1/2 on $mux $procmux$6006.
    dead port 2/2 on $mux $procmux$6006.
    dead port 1/2 on $mux $procmux$5998.
    dead port 2/2 on $mux $procmux$5998.
    dead port 1/2 on $mux $procmux$5996.
    dead port 2/2 on $mux $procmux$5996.
    dead port 1/2 on $mux $procmux$5988.
    dead port 2/2 on $mux $procmux$5988.
    dead port 1/2 on $mux $procmux$5986.
    dead port 2/2 on $mux $procmux$5986.
    dead port 1/2 on $mux $procmux$5978.
    dead port 2/2 on $mux $procmux$5978.
    dead port 1/2 on $mux $procmux$5976.
    dead port 2/2 on $mux $procmux$5976.
    dead port 1/2 on $mux $procmux$5968.
    dead port 2/2 on $mux $procmux$5968.
    dead port 1/2 on $mux $procmux$5966.
    dead port 2/2 on $mux $procmux$5966.
    dead port 1/2 on $mux $procmux$5958.
    dead port 2/2 on $mux $procmux$5958.
    dead port 1/2 on $mux $procmux$5956.
    dead port 2/2 on $mux $procmux$5956.
    dead port 1/2 on $mux $procmux$5948.
    dead port 2/2 on $mux $procmux$5948.
    dead port 1/2 on $mux $procmux$5946.
    dead port 2/2 on $mux $procmux$5946.
    dead port 1/2 on $mux $procmux$5943.
    dead port 2/2 on $mux $procmux$5943.
    dead port 1/2 on $mux $procmux$5935.
    dead port 2/2 on $mux $procmux$5935.
    dead port 1/2 on $mux $procmux$5933.
    dead port 2/2 on $mux $procmux$5933.
    dead port 1/2 on $mux $procmux$5930.
    dead port 2/2 on $mux $procmux$5930.
    dead port 1/2 on $mux $procmux$5922.
    dead port 2/2 on $mux $procmux$5922.
    dead port 1/2 on $mux $procmux$5920.
    dead port 2/2 on $mux $procmux$5920.
    dead port 1/2 on $mux $procmux$5917.
    dead port 2/2 on $mux $procmux$5917.
    dead port 1/2 on $mux $procmux$5909.
    dead port 2/2 on $mux $procmux$5909.
    dead port 1/2 on $mux $procmux$5907.
    dead port 2/2 on $mux $procmux$5907.
    dead port 1/2 on $mux $procmux$5904.
    dead port 2/2 on $mux $procmux$5904.
    dead port 1/2 on $mux $procmux$5896.
    dead port 2/2 on $mux $procmux$5896.
    dead port 1/2 on $mux $procmux$5894.
    dead port 2/2 on $mux $procmux$5894.
    dead port 1/2 on $mux $procmux$5891.
    dead port 2/2 on $mux $procmux$5891.
    dead port 1/2 on $mux $procmux$5883.
    dead port 2/2 on $mux $procmux$5883.
    dead port 1/2 on $mux $procmux$5881.
    dead port 2/2 on $mux $procmux$5881.
    dead port 1/2 on $mux $procmux$5878.
    dead port 2/2 on $mux $procmux$5878.
    dead port 1/2 on $mux $procmux$5876.
    dead port 2/2 on $mux $procmux$5876.
    dead port 1/2 on $mux $procmux$5867.
    dead port 2/2 on $mux $procmux$5867.
    dead port 1/2 on $mux $procmux$5865.
    dead port 2/2 on $mux $procmux$5865.
    dead port 1/2 on $mux $procmux$5862.
    dead port 2/2 on $mux $procmux$5862.
    dead port 1/2 on $mux $procmux$5860.
    dead port 2/2 on $mux $procmux$5860.
    dead port 1/2 on $mux $procmux$5851.
    dead port 2/2 on $mux $procmux$5851.
    dead port 1/2 on $mux $procmux$5849.
    dead port 2/2 on $mux $procmux$5849.
    dead port 1/2 on $mux $procmux$5846.
    dead port 2/2 on $mux $procmux$5846.
    dead port 1/2 on $mux $procmux$5844.
    dead port 2/2 on $mux $procmux$5844.
    dead port 1/2 on $mux $procmux$5835.
    dead port 2/2 on $mux $procmux$5835.
    dead port 1/2 on $mux $procmux$5833.
    dead port 2/2 on $mux $procmux$5833.
    dead port 1/2 on $mux $procmux$5830.
    dead port 2/2 on $mux $procmux$5830.
    dead port 1/2 on $mux $procmux$5828.
    dead port 2/2 on $mux $procmux$5828.
    dead port 1/2 on $mux $procmux$5819.
    dead port 2/2 on $mux $procmux$5819.
    dead port 1/2 on $mux $procmux$5817.
    dead port 2/2 on $mux $procmux$5817.
    dead port 1/2 on $mux $procmux$5814.
    dead port 2/2 on $mux $procmux$5814.
    dead port 1/2 on $mux $procmux$5812.
    dead port 2/2 on $mux $procmux$5812.
    dead port 1/2 on $mux $procmux$5803.
    dead port 2/2 on $mux $procmux$5803.
    dead port 1/2 on $mux $procmux$5801.
    dead port 2/2 on $mux $procmux$5801.
    dead port 1/2 on $mux $procmux$5796.
    dead port 2/2 on $mux $procmux$5796.
    dead port 1/2 on $mux $procmux$5794.
    dead port 2/2 on $mux $procmux$5794.
    dead port 1/2 on $mux $procmux$5789.
    dead port 2/2 on $mux $procmux$5789.
    dead port 1/2 on $mux $procmux$5787.
    dead port 2/2 on $mux $procmux$5787.
    dead port 1/2 on $mux $procmux$5782.
    dead port 2/2 on $mux $procmux$5782.
    dead port 1/2 on $mux $procmux$5780.
    dead port 2/2 on $mux $procmux$5780.
    dead port 1/2 on $mux $procmux$5775.
    dead port 2/2 on $mux $procmux$5775.
    dead port 1/2 on $mux $procmux$5773.
    dead port 2/2 on $mux $procmux$5773.
    dead port 1/2 on $mux $procmux$5768.
    dead port 2/2 on $mux $procmux$5768.
    dead port 1/2 on $mux $procmux$5766.
    dead port 2/2 on $mux $procmux$5766.
    dead port 1/2 on $mux $procmux$5761.
    dead port 2/2 on $mux $procmux$5761.
    dead port 1/2 on $mux $procmux$5759.
    dead port 2/2 on $mux $procmux$5759.
    dead port 1/2 on $mux $procmux$5754.
    dead port 2/2 on $mux $procmux$5754.
    dead port 1/2 on $mux $procmux$5752.
    dead port 2/2 on $mux $procmux$5752.
    dead port 1/2 on $mux $procmux$5749.
    dead port 2/2 on $mux $procmux$5749.
    dead port 1/2 on $mux $procmux$5744.
    dead port 2/2 on $mux $procmux$5744.
    dead port 1/2 on $mux $procmux$5742.
    dead port 2/2 on $mux $procmux$5742.
    dead port 1/2 on $mux $procmux$5739.
    dead port 2/2 on $mux $procmux$5739.
    dead port 1/2 on $mux $procmux$5734.
    dead port 2/2 on $mux $procmux$5734.
    dead port 1/2 on $mux $procmux$5732.
    dead port 2/2 on $mux $procmux$5732.
    dead port 1/2 on $mux $procmux$5729.
    dead port 2/2 on $mux $procmux$5729.
    dead port 1/2 on $mux $procmux$5724.
    dead port 2/2 on $mux $procmux$5724.
    dead port 1/2 on $mux $procmux$5722.
    dead port 2/2 on $mux $procmux$5722.
    dead port 1/2 on $mux $procmux$5719.
    dead port 2/2 on $mux $procmux$5719.
    dead port 1/2 on $mux $procmux$5714.
    dead port 2/2 on $mux $procmux$5714.
    dead port 1/2 on $mux $procmux$5712.
    dead port 2/2 on $mux $procmux$5712.
    dead port 1/2 on $mux $procmux$5709.
    dead port 2/2 on $mux $procmux$5709.
Running muxtree optimizer on module \PSC_PC..
  Creating internal representation of mux trees.
  Evaluating internal representation of mux trees.
  Analyzing evaluation results.
    dead port 1/2 on $mux $ternary$./build_yosys/cpu_yosys.v:3288$3108.
Running muxtree optimizer on module $paramod\Execute\ENABLE_MUL=1'0\ENABLE_DIV=1'0..
  Creating internal representation of mux trees.
  Evaluating internal representation of mux trees.
  Analyzing evaluation results.
    dead port 1/5 on $pmux $procmux$6582.
    dead port 2/5 on $pmux $procmux$6582.
    dead port 3/5 on $pmux $procmux$6582.
    dead port 4/5 on $pmux $procmux$6582.
    dead port 5/5 on $pmux $procmux$6582.
    dead port 2/2 on $mux $procmux$6621.
    dead port 1/2 on $mux $procmux$6570.
    dead port 2/2 on $mux $procmux$6570.
    dead port 1/2 on $mux $procmux$6505.
    dead port 2/2 on $mux $procmux$6505.
    dead port 1/2 on $mux $procmux$6494.
    dead port 2/2 on $mux $procmux$6494.
    dead port 2/2 on $mux $procmux$6610.
    dead port 1/2 on $mux $procmux$6486.
    dead port 2/2 on $mux $procmux$6486.
    dead port 1/2 on $mux $procmux$6480.
    dead port 2/2 on $mux $procmux$6480.
    dead port 1/2 on $mux $procmux$6562.
    dead port 2/2 on $mux $procmux$6562.
    dead port 1/2 on $mux $procmux$6472.
    dead port 2/2 on $mux $procmux$6472.
    dead port 1/2 on $mux $procmux$6466.
    dead port 2/2 on $mux $procmux$6466.
    dead port 1/2 on $mux $procmux$6554.
    dead port 2/2 on $mux $procmux$6554.
    dead port 1/2 on $mux $procmux$6458.
    dead port 2/2 on $mux $procmux$6458.
    dead port 1/2 on $mux $procmux$6452.
    dead port 2/2 on $mux $procmux$6452.
    dead port 1/5 on $pmux $procmux$6587.
    dead port 2/5 on $pmux $procmux$6587.
    dead port 3/5 on $pmux $procmux$6587.
    dead port 4/5 on $pmux $procmux$6587.
    dead port 5/5 on $pmux $procmux$6587.
    dead port 1/2 on $mux $procmux$6546.
    dead port 2/2 on $mux $procmux$6546.
    dead port 1/2 on $mux $procmux$6444.
    dead port 2/2 on $mux $procmux$6444.
    dead port 2/2 on $mux $procmux$6438.
    dead port 1/5 on $pmux $procmux$6577.
    dead port 2/5 on $pmux $procmux$6577.
    dead port 3/5 on $pmux $procmux$6577.
    dead port 4/5 on $pmux $procmux$6577.
    dead port 5/5 on $pmux $procmux$6577.
    dead port 2/2 on $mux $procmux$6430.
    dead port 1/2 on $mux $procmux$6538.
    dead port 2/2 on $mux $procmux$6538.
    dead port 1/2 on $mux $procmux$6527.
    dead port 2/2 on $mux $procmux$6527.
    dead port 1/2 on $mux $procmux$6516.
    dead port 2/2 on $mux $procmux$6516.
    dead port 1/5 on $pmux $procmux$6572.
    dead port 2/5 on $pmux $procmux$6572.
    dead port 3/5 on $pmux $procmux$6572.
    dead port 4/5 on $pmux $procmux$6572.
    dead port 5/5 on $pmux $procmux$6572.
Running muxtree optimizer on module $paramod\Execute\ENABLE_MUL=1'1\ENABLE_DIV=1'1..
  Creating internal representation of mux trees.
  Evaluating internal representation of mux trees.
  Analyzing evaluation results.
    dead port 1/5 on $pmux $procmux$6798.
    dead port 2/5 on $pmux $procmux$6798.
    dead port 3/5 on $pmux $procmux$6798.
    dead port 4/5 on $pmux $procmux$6798.
    dead port 5/5 on $pmux $procmux$6798.
    dead port 2/2 on $mux $procmux$6831.
    dead port 1/5 on $pmux $procmux$6793.
    dead port 2/5 on $pmux $procmux$6793.
    dead port 3/5 on $pmux $procmux$6793.
    dead port 4/5 on $pmux $procmux$6793.
    dead port 5/5 on $pmux $procmux$6793.
    dead port 1/2 on $mux $procmux$6791.
    dead port 2/2 on $mux $procmux$6791.
    dead port 1/2 on $mux $procmux$6789.
    dead port 2/2 on $mux $procmux$6789.
    dead port 1/2 on $mux $procmux$6783.
    dead port 2/2 on $mux $procmux$6783.
    dead port 1/2 on $mux $procmux$6781.
    dead port 2/2 on $mux $procmux$6781.
    dead port 1/2 on $mux $procmux$6775.
    dead port 2/2 on $mux $procmux$6775.
    dead port 1/2 on $mux $procmux$6773.
    dead port 2/2 on $mux $procmux$6773.
    dead port 1/2 on $mux $procmux$6767.
    dead port 2/2 on $mux $procmux$6767.
    dead port 1/2 on $mux $procmux$6765.
    dead port 2/2 on $mux $procmux$6765.
    dead port 1/2 on $mux $procmux$6759.
    dead port 2/2 on $mux $procmux$6759.
    dead port 1/2 on $mux $procmux$6757.
    dead port 2/2 on $mux $procmux$6757.
    dead port 1/2 on $mux $procmux$6754.
    dead port 2/2 on $mux $procmux$6754.
    dead port 1/2 on $mux $procmux$6748.
    dead port 2/2 on $mux $procmux$6748.
    dead port 1/2 on $mux $procmux$6746.
    dead port 2/2 on $mux $procmux$6746.
    dead port 1/2 on $mux $procmux$6743.
    dead port 2/2 on $mux $procmux$6743.
    dead port 1/2 on $mux $procmux$6737.
    dead port 2/2 on $mux $procmux$6737.
    dead port 1/2 on $mux $procmux$6735.
    dead port 2/2 on $mux $procmux$6735.
    dead port 1/2 on $mux $procmux$6732.
    dead port 2/2 on $mux $procmux$6732.
    dead port 1/2 on $mux $procmux$6726.
    dead port 2/2 on $mux $procmux$6726.
    dead port 1/2 on $mux $procmux$6724.
    dead port 2/2 on $mux $procmux$6724.
    dead port 1/2 on $mux $procmux$6721.
    dead port 2/2 on $mux $procmux$6721.
    dead port 1/2 on $mux $procmux$6715.
    dead port 2/2 on $mux $procmux$6715.
    dead port 1/2 on $mux $procmux$6713.
    dead port 2/2 on $mux $procmux$6713.
    dead port 1/2 on $mux $procmux$6710.
    dead port 2/2 on $mux $procmux$6710.
    dead port 1/2 on $mux $procmux$6707.
    dead port 2/2 on $mux $procmux$6707.
    dead port 1/2 on $mux $procmux$6701.
    dead port 2/2 on $mux $procmux$6701.
    dead port 1/2 on $mux $procmux$6699.
    dead port 2/2 on $mux $procmux$6699.
    dead port 1/2 on $mux $procmux$6696.
    dead port 2/2 on $mux $procmux$6696.
    dead port 1/2 on $mux $procmux$6693.
    dead port 2/2 on $mux $procmux$6693.
    dead port 1/2 on $mux $procmux$6687.
    dead port 2/2 on $mux $procmux$6687.
    dead port 1/2 on $mux $procmux$6685.
    dead port 2/2 on $mux $procmux$6685.
    dead port 1/2 on $mux $procmux$6682.
    dead port 2/2 on $mux $procmux$6682.
    dead port 1/2 on $mux $procmux$6679.
    dead port 2/2 on $mux $procmux$6679.
    dead port 1/2 on $mux $procmux$6673.
    dead port 2/2 on $mux $procmux$6673.
    dead port 1/5 on $pmux $procmux$6808.
    dead port 2/5 on $pmux $procmux$6808.
    dead port 3/5 on $pmux $procmux$6808.
    dead port 4/5 on $pmux $procmux$6808.
    dead port 5/5 on $pmux $procmux$6808.
    dead port 1/2 on $mux $procmux$6671.
    dead port 2/2 on $mux $procmux$6671.
    dead port 1/2 on $mux $procmux$6668.
    dead port 2/2 on $mux $procmux$6668.
    dead port 1/2 on $mux $procmux$6665.
    dead port 2/2 on $mux $procmux$6665.
    dead port 2/2 on $mux $procmux$6659.
    dead port 1/2 on $mux $procmux$6657.
    dead port 1/2 on $mux $procmux$6654.
    dead port 2/2 on $mux $procmux$6651.
    dead port 1/5 on $pmux $procmux$6803.
    dead port 2/5 on $pmux $procmux$6803.
    dead port 3/5 on $pmux $procmux$6803.
    dead port 4/5 on $pmux $procmux$6803.
    dead port 5/5 on $pmux $procmux$6803.
    dead port 2/2 on $mux $procmux$6842.
Running muxtree optimizer on module $paramod\Branch\UART_MMIO_ADDR=32'11110000000001000000000011110000..
  Creating internal representation of mux trees.
  Evaluating internal representation of mux trees.
      Replacing known input bits on port B of cell $procmux$6945: \mmu_started -> 1'1
  Analyzing evaluation results.
Running muxtree optimizer on module \Execute_Mul..
  Creating internal representation of mux trees.
  Evaluating internal representation of mux trees.
  Analyzing evaluation results.
Running muxtree optimizer on module \Execute_Divider..
  Creating internal representation of mux trees.
  Evaluating internal representation of mux trees.
  Analyzing evaluation results.
Running muxtree optimizer on module $paramod\Fetch\BURST_MODE=1'1..
  Creating internal representation of mux trees.
  Evaluating internal representation of mux trees.
  Analyzing evaluation results.
Running muxtree optimizer on module \Decorder..
  Creating internal representation of mux trees.
  Evaluating internal representation of mux trees.
      Replacing known input bits on port B of cell $procmux$7231: \decode_done -> 1'1
  Analyzing evaluation results.
Running muxtree optimizer on module $paramod$28704d8bf4447e08602ecae7770c77318b280126\Fetch_Fifo..
  Creating internal representation of mux trees.
  Evaluating internal representation of mux trees.
  Analyzing evaluation results.
Running muxtree optimizer on module $paramod$01725da92754737a8a2ce09aa1322a94754cc9bb\PSC_Register..
  Creating internal representation of mux trees.
  Evaluating internal representation of mux trees.
  Analyzing evaluation results.
    dead port 34/35 on $pmux $procmux$7547.
    dead port 34/35 on $pmux $procmux$7583.
Running muxtree optimizer on module \PSC_RV32_InstructionEngine..
  Creating internal representation of mux trees.
  Evaluating internal representation of mux trees.
  Analyzing evaluation results.
Running muxtree optimizer on module \PSC_InstructionUnit..
  Creating internal representation of mux trees.
  Evaluating internal representation of mux trees.
      Replacing known input bits on port B of cell $procmux$13910: \iq[0] [79] -> 1'1
  Analyzing evaluation results.
    dead port 1/2 on $mux $procmux$15360.
    dead port 2/2 on $mux $procmux$15360.
    dead port 1/2 on $mux $procmux$15357.
    dead port 2/2 on $mux $procmux$15357.
    dead port 1/2 on $mux $procmux$15354.
    dead port 2/2 on $mux $procmux$15354.
    dead port 1/2 on $mux $procmux$15351.
    dead port 2/2 on $mux $procmux$15351.
    dead port 1/2 on $mux $procmux$15348.
    dead port 2/2 on $mux $procmux$15348.
    dead port 1/2 on $mux $procmux$15345.
    dead port 2/2 on $mux $procmux$15345.
    dead port 1/2 on $mux $procmux$15342.
    dead port 2/2 on $mux $procmux$15342.
    dead port 1/2 on $mux $procmux$15339.
    dead port 2/2 on $mux $procmux$15339.
    dead port 1/2 on $mux $procmux$15336.
    dead port 2/2 on $mux $procmux$15336.
    dead port 1/2 on $mux $procmux$15333.
    dead port 2/2 on $mux $procmux$15333.
    dead port 1/2 on $mux $procmux$15327.
    dead port 2/2 on $mux $procmux$15327.
    dead port 1/2 on $mux $procmux$15324.
    dead port 2/2 on $mux $procmux$15324.
    dead port 1/2 on $mux $procmux$15321.
    dead port 2/2 on $mux $procmux$15321.
    dead port 1/2 on $mux $procmux$15318.
    dead port 2/2 on $mux $procmux$15318.
    dead port 1/2 on $mux $procmux$15315.
    dead port 2/2 on $mux $procmux$15315.
    dead port 1/2 on $mux $procmux$15312.
    dead port 2/2 on $mux $procmux$15312.
    dead port 1/2 on $mux $procmux$15309.
    dead port 2/2 on $mux $procmux$15309.
    dead port 1/2 on $mux $procmux$15306.
    dead port 2/2 on $mux $procmux$15306.
    dead port 1/2 on $mux $procmux$15303.
    dead port 2/2 on $mux $procmux$15303.
    dead port 1/2 on $mux $procmux$15300.
    dead port 2/2 on $mux $procmux$15300.
    dead port 1/2 on $mux $procmux$15297.
    dead port 2/2 on $mux $procmux$15297.
    dead port 1/2 on $mux $procmux$15294.
    dead port 2/2 on $mux $procmux$15294.
    dead port 1/2 on $mux $procmux$15291.
    dead port 2/2 on $mux $procmux$15291.
    dead port 1/2 on $mux $procmux$15288.
    dead port 2/2 on $mux $procmux$15288.
    dead port 1/2 on $mux $procmux$15285.
    dead port 2/2 on $mux $procmux$15285.
    dead port 1/2 on $mux $procmux$15282.
    dead port 2/2 on $mux $procmux$15282.
    dead port 1/2 on $mux $procmux$15279.
    dead port 2/2 on $mux $procmux$15279.
    dead port 1/2 on $mux $procmux$15276.
    dead port 2/2 on $mux $procmux$15276.
    dead port 1/2 on $mux $procmux$15273.
    dead port 2/2 on $mux $procmux$15273.
    dead port 1/2 on $mux $procmux$15270.
    dead port 2/2 on $mux $procmux$15270.
    dead port 2/2 on $mux $procmux$15267.
    dead port 1/2 on $mux $procmux$15261.
    dead port 2/2 on $mux $procmux$15261.
    dead port 1/2 on $mux $procmux$15258.
    dead port 2/2 on $mux $procmux$15258.
    dead port 1/2 on $mux $procmux$15255.
    dead port 2/2 on $mux $procmux$15255.
    dead port 1/2 on $mux $procmux$15252.
    dead port 2/2 on $mux $procmux$15252.
    dead port 1/2 on $mux $procmux$15249.
    dead port 2/2 on $mux $procmux$15249.
    dead port 1/2 on $mux $procmux$15246.
    dead port 2/2 on $mux $procmux$15246.
    dead port 1/2 on $mux $procmux$15243.
    dead port 2/2 on $mux $procmux$15243.
    dead port 1/2 on $mux $procmux$15240.
    dead port 2/2 on $mux $procmux$15240.
    dead port 1/2 on $mux $procmux$15237.
    dead port 2/2 on $mux $procmux$15237.
    dead port 1/2 on $mux $procmux$15234.
    dead port 2/2 on $mux $procmux$15234.
    dead port 1/2 on $mux $procmux$15231.
    dead port 2/2 on $mux $procmux$15231.
    dead port 1/2 on $mux $procmux$15228.
    dead port 2/2 on $mux $procmux$15228.
    dead port 1/2 on $mux $procmux$15225.
    dead port 2/2 on $mux $procmux$15225.
    dead port 1/2 on $mux $procmux$15222.
    dead port 2/2 on $mux $procmux$15222.
    dead port 1/2 on $mux $procmux$15219.
    dead port 2/2 on $mux $procmux$15219.
    dead port 1/2 on $mux $procmux$15216.
    dead port 2/2 on $mux $procmux$15216.
    dead port 1/2 on $mux $procmux$15213.
    dead port 2/2 on $mux $procmux$15213.
    dead port 1/2 on $mux $procmux$15210.
    dead port 2/2 on $mux $procmux$15210.
    dead port 1/2 on $mux $procmux$15207.
    dead port 2/2 on $mux $procmux$15207.
    dead port 1/2 on $mux $procmux$15204.
    dead port 2/2 on $mux $procmux$15204.
    dead port 1/2 on $mux $procmux$15201.
    dead port 2/2 on $mux $procmux$15201.
    dead port 1/2 on $mux $procmux$15198.
    dead port 2/2 on $mux $procmux$15198.
    dead port 1/2 on $mux $procmux$15195.
    dead port 2/2 on $mux $procmux$15195.
    dead port 1/2 on $mux $procmux$15192.
    dead port 2/2 on $mux $procmux$15192.
    dead port 2/2 on $mux $procmux$15189.
    dead port 1/2 on $mux $procmux$15186.
    dead port 1/2 on $mux $procmux$15180.
    dead port 2/2 on $mux $procmux$15180.
    dead port 1/2 on $mux $procmux$15177.
    dead port 2/2 on $mux $procmux$15177.
    dead port 1/2 on $mux $procmux$15174.
    dead port 2/2 on $mux $procmux$15174.
    dead port 1/2 on $mux $procmux$15171.
    dead port 2/2 on $mux $procmux$15171.
    dead port 1/2 on $mux $procmux$15168.
    dead port 2/2 on $mux $procmux$15168.
    dead port 1/2 on $mux $procmux$15165.
    dead port 2/2 on $mux $procmux$15165.
    dead port 1/2 on $mux $procmux$15084.
    dead port 2/2 on $mux $procmux$15084.
    dead port 1/2 on $mux $procmux$15081.
    dead port 2/2 on $mux $procmux$15081.
    dead port 1/2 on $mux $procmux$15078.
    dead port 2/2 on $mux $procmux$15078.
    dead port 1/2 on $mux $procmux$15076.
    dead port 2/2 on $mux $procmux$15076.
    dead port 1/2 on $mux $procmux$15072.
    dead port 2/2 on $mux $procmux$15072.
    dead port 1/2 on $mux $procmux$15069.
    dead port 2/2 on $mux $procmux$15069.
    dead port 1/2 on $mux $procmux$15066.
    dead port 2/2 on $mux $procmux$15066.
    dead port 1/2 on $mux $procmux$15064.
    dead port 2/2 on $mux $procmux$15064.
    dead port 2/2 on $mux $procmux$15060.
    dead port 1/2 on $mux $procmux$15057.
    dead port 2/2 on $mux $procmux$15054.
    dead port 1/2 on $mux $procmux$15003.
    dead port 2/2 on $mux $procmux$15003.
    dead port 1/2 on $mux $procmux$15000.
    dead port 2/2 on $mux $procmux$15000.
    dead port 1/2 on $mux $procmux$14997.
    dead port 2/2 on $mux $procmux$14997.
    dead port 1/2 on $mux $procmux$14994.
    dead port 2/2 on $mux $procmux$14994.
    dead port 1/2 on $mux $procmux$14985.
    dead port 2/2 on $mux $procmux$14985.
    dead port 1/2 on $mux $procmux$14982.
    dead port 2/2 on $mux $procmux$14982.
    dead port 1/2 on $mux $procmux$14979.
    dead port 2/2 on $mux $procmux$14979.
    dead port 1/2 on $mux $procmux$14976.
    dead port 2/2 on $mux $procmux$14976.
    dead port 1/2 on $mux $procmux$14973.
    dead port 2/2 on $mux $procmux$14973.
    dead port 1/2 on $mux $procmux$14970.
    dead port 2/2 on $mux $procmux$14970.
    dead port 1/2 on $mux $procmux$14967.
    dead port 2/2 on $mux $procmux$14967.
    dead port 1/2 on $mux $procmux$14964.
    dead port 2/2 on $mux $procmux$14964.
    dead port 1/2 on $mux $procmux$14961.
    dead port 1/2 on $mux $procmux$14955.
    dead port 1/2 on $mux $procmux$14931.
    dead port 1/2 on $mux $procmux$14928.
    dead port 1/2 on $mux $procmux$14922.
    dead port 1/2 on $mux $procmux$14919.
    dead port 1/2 on $mux $procmux$14913.
    dead port 2/2 on $mux $procmux$14913.
    dead port 1/2 on $mux $procmux$14910.
    dead port 2/2 on $mux $procmux$14910.
    dead port 1/2 on $mux $procmux$14907.
    dead port 2/2 on $mux $procmux$14907.
    dead port 1/2 on $mux $procmux$14904.
    dead port 2/2 on $mux $procmux$14904.
    dead port 1/2 on $mux $procmux$14895.
    dead port 2/2 on $mux $procmux$14895.
    dead port 1/2 on $mux $procmux$14892.
    dead port 2/2 on $mux $procmux$14892.
    dead port 1/2 on $mux $procmux$14889.
    dead port 2/2 on $mux $procmux$14889.
    dead port 1/2 on $mux $procmux$14886.
    dead port 2/2 on $mux $procmux$14886.
    dead port 1/2 on $mux $procmux$14883.
    dead port 2/2 on $mux $procmux$14883.
    dead port 1/2 on $mux $procmux$14880.
    dead port 2/2 on $mux $procmux$14880.
    dead port 1/2 on $mux $procmux$14877.
    dead port 2/2 on $mux $procmux$14877.
    dead port 1/2 on $mux $procmux$14874.
    dead port 2/2 on $mux $procmux$14874.
    dead port 1/2 on $mux $procmux$14871.
    dead port 1/2 on $mux $procmux$14865.
    dead port 1/2 on $mux $procmux$14841.
    dead port 1/2 on $mux $procmux$14838.
    dead port 1/2 on $mux $procmux$14832.
    dead port 1/2 on $mux $procmux$14829.
    dead port 2/2 on $mux $procmux$14799.
    dead port 2/2 on $mux $procmux$14793.
    dead port 2/2 on $mux $procmux$14791.
    dead port 2/2 on $mux $procmux$14778.
    dead port 2/2 on $mux $procmux$14772.
    dead port 2/2 on $mux $procmux$14770.
    dead port 1/2 on $mux $procmux$14760.
    dead port 2/2 on $mux $procmux$14760.
    dead port 1/2 on $mux $procmux$14757.
    dead port 2/2 on $mux $procmux$14757.
    dead port 2/2 on $mux $procmux$14751.
    dead port 1/2 on $mux $procmux$14745.
    dead port 2/2 on $mux $procmux$14745.
    dead port 1/2 on $mux $procmux$14742.
    dead port 2/2 on $mux $procmux$14742.
    dead port 1/2 on $mux $procmux$14739.
    dead port 2/2 on $mux $procmux$14739.
    dead port 1/2 on $mux $procmux$14736.
    dead port 2/2 on $mux $procmux$14736.
    dead port 1/2 on $mux $procmux$14733.
    dead port 2/2 on $mux $procmux$14733.
    dead port 1/2 on $mux $procmux$14730.
    dead port 2/2 on $mux $procmux$14730.
    dead port 1/2 on $mux $procmux$14727.
    dead port 2/2 on $mux $procmux$14727.
    dead port 1/2 on $mux $procmux$14724.
    dead port 2/2 on $mux $procmux$14724.
    dead port 1/2 on $mux $procmux$14721.
    dead port 2/2 on $mux $procmux$14721.
    dead port 1/2 on $mux $procmux$14718.
    dead port 2/2 on $mux $procmux$14718.
    dead port 1/2 on $mux $procmux$14691.
    dead port 1/2 on $mux $procmux$14685.
    dead port 1/2 on $mux $procmux$14673.
    dead port 2/2 on $mux $procmux$14673.
    dead port 1/2 on $mux $procmux$14670.
    dead port 2/2 on $mux $procmux$14670.
    dead port 1/2 on $mux $procmux$14667.
    dead port 2/2 on $mux $procmux$14667.
    dead port 1/2 on $mux $procmux$14664.
    dead port 2/2 on $mux $procmux$14664.
    dead port 1/2 on $mux $procmux$14661.
    dead port 2/2 on $mux $procmux$14661.
    dead port 1/2 on $mux $procmux$14648.
    dead port 2/2 on $mux $procmux$14645.
    dead port 1/2 on $mux $procmux$14579.
    dead port 2/2 on $mux $procmux$14579.
    dead port 1/2 on $mux $procmux$14576.
    dead port 2/2 on $mux $procmux$14576.
    dead port 1/2 on $mux $procmux$14573.
    dead port 2/2 on $mux $procmux$14573.
    dead port 1/2 on $mux $procmux$14570.
    dead port 2/2 on $mux $procmux$14570.
    dead port 1/2 on $mux $procmux$14567.
    dead port 2/2 on $mux $procmux$14567.
    dead port 1/2 on $mux $procmux$14564.
    dead port 2/2 on $mux $procmux$14564.
    dead port 1/2 on $mux $procmux$14561.
    dead port 2/2 on $mux $procmux$14561.
    dead port 1/2 on $mux $procmux$14558.
    dead port 2/2 on $mux $procmux$14558.
    dead port 1/2 on $mux $procmux$14555.
    dead port 2/2 on $mux $procmux$14555.
    dead port 1/2 on $mux $procmux$14552.
    dead port 2/2 on $mux $procmux$14552.
    dead port 1/2 on $mux $procmux$14549.
    dead port 2/2 on $mux $procmux$14549.
    dead port 1/2 on $mux $procmux$14546.
    dead port 2/2 on $mux $procmux$14546.
    dead port 1/2 on $mux $procmux$14543.
    dead port 2/2 on $mux $procmux$14543.
    dead port 1/2 on $mux $procmux$14540.
    dead port 2/2 on $mux $procmux$14540.
    dead port 1/2 on $mux $procmux$14537.
    dead port 2/2 on $mux $procmux$14537.
    dead port 1/2 on $mux $procmux$14534.
    dead port 2/2 on $mux $procmux$14534.
    dead port 1/2 on $mux $procmux$14531.
    dead port 2/2 on $mux $procmux$14531.
    dead port 1/2 on $mux $procmux$14528.
    dead port 2/2 on $mux $procmux$14528.
    dead port 1/2 on $mux $procmux$14525.
    dead port 2/2 on $mux $procmux$14525.
    dead port 1/2 on $mux $procmux$14522.
    dead port 2/2 on $mux $procmux$14522.
    dead port 1/2 on $mux $procmux$14519.
    dead port 2/2 on $mux $procmux$14519.
    dead port 1/2 on $mux $procmux$14516.
    dead port 2/2 on $mux $procmux$14516.
    dead port 1/2 on $mux $procmux$14513.
    dead port 2/2 on $mux $procmux$14513.
    dead port 1/2 on $mux $procmux$14510.
    dead port 2/2 on $mux $procmux$14510.
    dead port 1/2 on $mux $procmux$14507.
    dead port 2/2 on $mux $procmux$14507.
    dead port 1/2 on $mux $procmux$14504.
    dead port 2/2 on $mux $procmux$14504.
    dead port 1/2 on $mux $procmux$14501.
    dead port 2/2 on $mux $procmux$14501.
    dead port 1/2 on $mux $procmux$14498.
    dead port 2/2 on $mux $procmux$14498.
    dead port 1/2 on $mux $procmux$14495.
    dead port 2/2 on $mux $procmux$14495.
    dead port 1/2 on $mux $procmux$14492.
    dead port 2/2 on $mux $procmux$14492.
    dead port 1/2 on $mux $procmux$14489.
    dead port 2/2 on $mux $procmux$14489.
    dead port 1/2 on $mux $procmux$14486.
    dead port 2/2 on $mux $procmux$14486.
    dead port 1/2 on $mux $procmux$14483.
    dead port 2/2 on $mux $procmux$14483.
    dead port 1/2 on $mux $procmux$14480.
    dead port 2/2 on $mux $procmux$14480.
    dead port 1/2 on $mux $procmux$14477.
    dead port 2/2 on $mux $procmux$14477.
    dead port 1/2 on $mux $procmux$14474.
    dead port 2/2 on $mux $procmux$14474.
    dead port 1/2 on $mux $procmux$14471.
    dead port 2/2 on $mux $procmux$14471.
    dead port 1/2 on $mux $procmux$14468.
    dead port 2/2 on $mux $procmux$14468.
    dead port 1/2 on $mux $procmux$14465.
    dead port 2/2 on $mux $procmux$14465.
    dead port 1/2 on $mux $procmux$14462.
    dead port 2/2 on $mux $procmux$14462.
    dead port 1/2 on $mux $procmux$14459.
    dead port 2/2 on $mux $procmux$14459.
    dead port 1/2 on $mux $procmux$14456.
    dead port 2/2 on $mux $procmux$14456.
    dead port 1/2 on $mux $procmux$14453.
    dead port 2/2 on $mux $procmux$14453.
    dead port 1/2 on $mux $procmux$14450.
    dead port 2/2 on $mux $procmux$14450.
    dead port 1/2 on $mux $procmux$14447.
    dead port 2/2 on $mux $procmux$14447.
    dead port 1/2 on $mux $procmux$14444.
    dead port 2/2 on $mux $procmux$14444.
    dead port 1/2 on $mux $procmux$14441.
    dead port 2/2 on $mux $procmux$14441.
    dead port 1/2 on $mux $procmux$14438.
    dead port 2/2 on $mux $procmux$14438.
    dead port 1/2 on $mux $procmux$14435.
    dead port 2/2 on $mux $procmux$14435.
    dead port 1/2 on $mux $procmux$14432.
    dead port 2/2 on $mux $procmux$14432.
    dead port 1/2 on $mux $procmux$14429.
    dead port 2/2 on $mux $procmux$14429.
    dead port 1/2 on $mux $procmux$14426.
    dead port 2/2 on $mux $procmux$14426.
    dead port 1/2 on $mux $procmux$14423.
    dead port 2/2 on $mux $procmux$14423.
    dead port 1/2 on $mux $procmux$14420.
    dead port 2/2 on $mux $procmux$14420.
    dead port 1/2 on $mux $procmux$14417.
    dead port 2/2 on $mux $procmux$14417.
    dead port 1/2 on $mux $procmux$14414.
    dead port 2/2 on $mux $procmux$14414.
    dead port 1/2 on $mux $procmux$14411.
    dead port 2/2 on $mux $procmux$14411.
    dead port 1/2 on $mux $procmux$14408.
    dead port 2/2 on $mux $procmux$14408.
    dead port 1/2 on $mux $procmux$14405.
    dead port 2/2 on $mux $procmux$14405.
    dead port 1/2 on $mux $procmux$14402.
    dead port 2/2 on $mux $procmux$14402.
    dead port 1/2 on $mux $procmux$14399.
    dead port 2/2 on $mux $procmux$14399.
    dead port 1/2 on $mux $procmux$14396.
    dead port 2/2 on $mux $procmux$14396.
    dead port 1/2 on $mux $procmux$14393.
    dead port 2/2 on $mux $procmux$14393.
    dead port 1/2 on $mux $procmux$14390.
    dead port 2/2 on $mux $procmux$14390.
    dead port 1/2 on $mux $procmux$14387.
    dead port 2/2 on $mux $procmux$14387.
    dead port 1/2 on $mux $procmux$14384.
    dead port 2/2 on $mux $procmux$14384.
    dead port 1/2 on $mux $procmux$14381.
    dead port 2/2 on $mux $procmux$14381.
    dead port 1/2 on $mux $procmux$14378.
    dead port 2/2 on $mux $procmux$14378.
    dead port 1/2 on $mux $procmux$14375.
    dead port 2/2 on $mux $procmux$14375.
    dead port 1/2 on $mux $procmux$14372.
    dead port 2/2 on $mux $procmux$14372.
    dead port 1/2 on $mux $procmux$14369.
    dead port 2/2 on $mux $procmux$14369.
    dead port 1/2 on $mux $procmux$14366.
    dead port 2/2 on $mux $procmux$14366.
    dead port 1/2 on $mux $procmux$14339.
    dead port 2/2 on $mux $procmux$14339.
    dead port 1/2 on $mux $procmux$14336.
    dead port 2/2 on $mux $procmux$14336.
    dead port 1/2 on $mux $procmux$14333.
    dead port 2/2 on $mux $procmux$14333.
    dead port 1/2 on $mux $procmux$14330.
    dead port 2/2 on $mux $procmux$14330.
    dead port 1/2 on $mux $procmux$14327.
    dead port 2/2 on $mux $procmux$14327.
    dead port 1/2 on $mux $procmux$14324.
    dead port 2/2 on $mux $procmux$14324.
    dead port 1/2 on $mux $procmux$14321.
    dead port 2/2 on $mux $procmux$14321.
    dead port 1/2 on $mux $procmux$14318.
    dead port 2/2 on $mux $procmux$14318.
    dead port 1/2 on $mux $procmux$14315.
    dead port 2/2 on $mux $procmux$14315.
    dead port 1/2 on $mux $procmux$14312.
    dead port 2/2 on $mux $procmux$14312.
    dead port 1/2 on $mux $procmux$14309.
    dead port 2/2 on $mux $procmux$14309.
    dead port 1/2 on $mux $procmux$14306.
    dead port 2/2 on $mux $procmux$14306.
    dead port 1/2 on $mux $procmux$14303.
    dead port 2/2 on $mux $procmux$14303.
    dead port 1/2 on $mux $procmux$14300.
    dead port 2/2 on $mux $procmux$14300.
    dead port 1/2 on $mux $procmux$14297.
    dead port 2/2 on $mux $procmux$14297.
    dead port 1/2 on $mux $procmux$14294.
    dead port 2/2 on $mux $procmux$14294.
    dead port 1/2 on $mux $procmux$14291.
    dead port 2/2 on $mux $procmux$14291.
    dead port 1/2 on $mux $procmux$14288.
    dead port 2/2 on $mux $procmux$14288.
    dead port 1/2 on $mux $procmux$14285.
    dead port 2/2 on $mux $procmux$14285.
    dead port 1/2 on $mux $procmux$14282.
    dead port 2/2 on $mux $procmux$14282.
    dead port 1/2 on $mux $procmux$14279.
    dead port 2/2 on $mux $procmux$14279.
    dead port 1/2 on $mux $procmux$14276.
    dead port 2/2 on $mux $procmux$14276.
    dead port 1/2 on $mux $procmux$14273.
    dead port 2/2 on $mux $procmux$14273.
    dead port 1/2 on $mux $procmux$14270.
    dead port 2/2 on $mux $procmux$14270.
    dead port 1/2 on $mux $procmux$14267.
    dead port 2/2 on $mux $procmux$14267.
    dead port 1/2 on $mux $procmux$14264.
    dead port 2/2 on $mux $procmux$14264.
    dead port 1/2 on $mux $procmux$14261.
    dead port 2/2 on $mux $procmux$14261.
    dead port 1/2 on $mux $procmux$14258.
    dead port 2/2 on $mux $procmux$14258.
    dead port 1/2 on $mux $procmux$14255.
    dead port 2/2 on $mux $procmux$14255.
    dead port 1/2 on $mux $procmux$14252.
    dead port 2/2 on $mux $procmux$14252.
    dead port 1/2 on $mux $procmux$14249.
    dead port 2/2 on $mux $procmux$14249.
    dead port 1/2 on $mux $procmux$14246.
    dead port 2/2 on $mux $procmux$14246.
    dead port 1/2 on $mux $procmux$14228.
    dead port 2/2 on $mux $procmux$14228.
    dead port 1/2 on $mux $procmux$14225.
    dead port 2/2 on $mux $procmux$14225.
    dead port 1/2 on $mux $procmux$14222.
    dead port 2/2 on $mux $procmux$14222.
    dead port 1/2 on $mux $procmux$14219.
    dead port 2/2 on $mux $procmux$14219.
    dead port 1/2 on $mux $procmux$14217.
    dead port 2/2 on $mux $procmux$14217.
    dead port 1/2 on $mux $procmux$14213.
    dead port 2/2 on $mux $procmux$14213.
    dead port 1/2 on $mux $procmux$14210.
    dead port 2/2 on $mux $procmux$14210.
    dead port 1/2 on $mux $procmux$14207.
    dead port 2/2 on $mux $procmux$14207.
    dead port 1/2 on $mux $procmux$14204.
    dead port 2/2 on $mux $procmux$14204.
    dead port 1/2 on $mux $procmux$14202.
    dead port 2/2 on $mux $procmux$14202.
    dead port 1/2 on $mux $procmux$14198.
    dead port 1/2 on $mux $procmux$14195.
    dead port 1/2 on $mux $procmux$14192.
    dead port 2/2 on $mux $procmux$14189.
    dead port 2/2 on $mux $procmux$14187.
    dead port 1/2 on $mux $procmux$14165.
    dead port 2/2 on $mux $procmux$14165.
    dead port 1/2 on $mux $procmux$14162.
    dead port 2/2 on $mux $procmux$14162.
    dead port 1/2 on $mux $procmux$14159.
    dead port 2/2 on $mux $procmux$14159.
    dead port 1/2 on $mux $procmux$14156.
    dead port 2/2 on $mux $procmux$14156.
    dead port 1/2 on $mux $procmux$14154.
    dead port 2/2 on $mux $procmux$14154.
    dead port 1/2 on $mux $procmux$14150.
    dead port 2/2 on $mux $procmux$14150.
    dead port 1/2 on $mux $procmux$14147.
    dead port 2/2 on $mux $procmux$14147.
    dead port 1/2 on $mux $procmux$14144.
    dead port 2/2 on $mux $procmux$14144.
    dead port 1/2 on $mux $procmux$14141.
    dead port 2/2 on $mux $procmux$14141.
    dead port 1/2 on $mux $procmux$14139.
    dead port 2/2 on $mux $procmux$14139.
    dead port 1/2 on $mux $procmux$14135.
    dead port 1/2 on $mux $procmux$14132.
    dead port 1/2 on $mux $procmux$14129.
    dead port 2/2 on $mux $procmux$14126.
    dead port 2/2 on $mux $procmux$14124.
    dead port 1/2 on $mux $procmux$12962.
    dead port 2/2 on $mux $procmux$12962.
    dead port 1/2 on $mux $procmux$12959.
    dead port 2/2 on $mux $procmux$12959.
    dead port 1/2 on $mux $procmux$12956.
    dead port 2/2 on $mux $procmux$12956.
    dead port 1/2 on $mux $procmux$12953.
    dead port 2/2 on $mux $procmux$12953.
    dead port 1/2 on $mux $procmux$12950.
    dead port 2/2 on $mux $procmux$12950.
    dead port 1/2 on $mux $procmux$12947.
    dead port 2/2 on $mux $procmux$12947.
    dead port 1/2 on $mux $procmux$12944.
    dead port 2/2 on $mux $procmux$12944.
    dead port 1/2 on $mux $procmux$12941.
    dead port 2/2 on $mux $procmux$12941.
    dead port 1/2 on $mux $procmux$12938.
    dead port 2/2 on $mux $procmux$12938.
    dead port 1/2 on $mux $procmux$12935.
    dead port 2/2 on $mux $procmux$12935.
    dead port 1/2 on $mux $procmux$12932.
    dead port 2/2 on $mux $procmux$12932.
    dead port 1/2 on $mux $procmux$12929.
    dead port 2/2 on $mux $procmux$12929.
    dead port 1/2 on $mux $procmux$12926.
    dead port 2/2 on $mux $procmux$12926.
    dead port 1/2 on $mux $procmux$12923.
    dead port 2/2 on $mux $procmux$12923.
    dead port 1/2 on $mux $procmux$12920.
    dead port 2/2 on $mux $procmux$12920.
    dead port 1/2 on $mux $procmux$12917.
    dead port 2/2 on $mux $procmux$12917.
    dead port 1/2 on $mux $procmux$12914.
    dead port 2/2 on $mux $procmux$12914.
    dead port 1/2 on $mux $procmux$12911.
    dead port 2/2 on $mux $procmux$12911.
    dead port 1/2 on $mux $procmux$12908.
    dead port 2/2 on $mux $procmux$12908.
    dead port 1/2 on $mux $procmux$12905.
    dead port 2/2 on $mux $procmux$12905.
    dead port 1/2 on $mux $procmux$12902.
    dead port 2/2 on $mux $procmux$12902.
    dead port 1/2 on $mux $procmux$12899.
    dead port 2/2 on $mux $procmux$12899.
    dead port 1/2 on $mux $procmux$12896.
    dead port 2/2 on $mux $procmux$12896.
    dead port 1/2 on $mux $procmux$12893.
    dead port 2/2 on $mux $procmux$12893.
    dead port 1/2 on $mux $procmux$12890.
    dead port 2/2 on $mux $procmux$12890.
    dead port 1/2 on $mux $procmux$12887.
    dead port 2/2 on $mux $procmux$12887.
    dead port 1/2 on $mux $procmux$12884.
    dead port 2/2 on $mux $procmux$12884.
    dead port 1/2 on $mux $procmux$12881.
    dead port 2/2 on $mux $procmux$12881.
    dead port 1/2 on $mux $procmux$12878.
    dead port 2/2 on $mux $procmux$12878.
    dead port 1/2 on $mux $procmux$12875.
    dead port 2/2 on $mux $procmux$12875.
    dead port 1/2 on $mux $procmux$12872.
    dead port 2/2 on $mux $procmux$12872.
    dead port 1/2 on $mux $procmux$12869.
    dead port 2/2 on $mux $procmux$12869.
    dead port 1/2 on $mux $procmux$12866.
    dead port 2/2 on $mux $procmux$12866.
    dead port 1/2 on $mux $procmux$12863.
    dead port 2/2 on $mux $procmux$12863.
    dead port 1/2 on $mux $procmux$12860.
    dead port 2/2 on $mux $procmux$12860.
    dead port 1/2 on $mux $procmux$12857.
    dead port 2/2 on $mux $procmux$12857.
    dead port 1/2 on $mux $procmux$12854.
    dead port 2/2 on $mux $procmux$12854.
    dead port 1/2 on $mux $procmux$12851.
    dead port 2/2 on $mux $procmux$12851.
    dead port 1/2 on $mux $procmux$12848.
    dead port 2/2 on $mux $procmux$12848.
    dead port 1/2 on $mux $procmux$12845.
    dead port 2/2 on $mux $procmux$12845.
    dead port 1/2 on $mux $procmux$12842.
    dead port 2/2 on $mux $procmux$12842.
    dead port 1/2 on $mux $procmux$12839.
    dead port 2/2 on $mux $procmux$12839.
    dead port 1/2 on $mux $procmux$12836.
    dead port 2/2 on $mux $procmux$12836.
    dead port 1/2 on $mux $procmux$12833.
    dead port 2/2 on $mux $procmux$12833.
    dead port 1/2 on $mux $procmux$12830.
    dead port 2/2 on $mux $procmux$12830.
    dead port 1/2 on $mux $procmux$12827.
    dead port 2/2 on $mux $procmux$12827.
    dead port 1/2 on $mux $procmux$12824.
    dead port 2/2 on $mux $procmux$12824.
    dead port 1/2 on $mux $procmux$12821.
    dead port 2/2 on $mux $procmux$12821.
    dead port 1/2 on $mux $procmux$12818.
    dead port 2/2 on $mux $procmux$12818.
    dead port 1/2 on $mux $procmux$12815.
    dead port 2/2 on $mux $procmux$12815.
    dead port 1/2 on $mux $procmux$12812.
    dead port 2/2 on $mux $procmux$12812.
    dead port 1/2 on $mux $procmux$12809.
    dead port 2/2 on $mux $procmux$12809.
    dead port 1/2 on $mux $procmux$12806.
    dead port 2/2 on $mux $procmux$12806.
    dead port 1/2 on $mux $procmux$12803.
    dead port 2/2 on $mux $procmux$12803.
    dead port 1/2 on $mux $procmux$12800.
    dead port 2/2 on $mux $procmux$12800.
    dead port 1/2 on $mux $procmux$12797.
    dead port 2/2 on $mux $procmux$12797.
    dead port 1/2 on $mux $procmux$12794.
    dead port 2/2 on $mux $procmux$12794.
    dead port 1/2 on $mux $procmux$12791.
    dead port 2/2 on $mux $procmux$12791.
    dead port 1/2 on $mux $procmux$12788.
    dead port 2/2 on $mux $procmux$12788.
    dead port 1/2 on $mux $procmux$12785.
    dead port 2/2 on $mux $procmux$12785.
    dead port 1/2 on $mux $procmux$12782.
    dead port 2/2 on $mux $procmux$12782.
    dead port 1/2 on $mux $procmux$12779.
    dead port 2/2 on $mux $procmux$12779.
    dead port 1/2 on $mux $procmux$12776.
    dead port 2/2 on $mux $procmux$12776.
    dead port 1/2 on $mux $procmux$12773.
    dead port 2/2 on $mux $procmux$12773.
    dead port 1/2 on $mux $procmux$12770.
    dead port 2/2 on $mux $procmux$12770.
    dead port 1/2 on $mux $procmux$12767.
    dead port 2/2 on $mux $procmux$12767.
    dead port 1/2 on $mux $procmux$12764.
    dead port 2/2 on $mux $procmux$12764.
    dead port 1/2 on $mux $procmux$12761.
    dead port 2/2 on $mux $procmux$12761.
    dead port 1/2 on $mux $procmux$12758.
    dead port 2/2 on $mux $procmux$12758.
    dead port 1/2 on $mux $procmux$12755.
    dead port 2/2 on $mux $procmux$12755.
    dead port 1/2 on $mux $procmux$12752.
    dead port 2/2 on $mux $procmux$12752.
    dead port 1/2 on $mux $procmux$12749.
    dead port 2/2 on $mux $procmux$12749.
    dead port 1/2 on $mux $procmux$12746.
    dead port 2/2 on $mux $procmux$12746.
    dead port 1/2 on $mux $procmux$12743.
    dead port 2/2 on $mux $procmux$12743.
    dead port 1/2 on $mux $procmux$12740.
    dead port 2/2 on $mux $procmux$12740.
    dead port 1/2 on $mux $procmux$12737.
    dead port 2/2 on $mux $procmux$12737.
    dead port 1/2 on $mux $procmux$12734.
    dead port 2/2 on $mux $procmux$12734.
    dead port 1/2 on $mux $procmux$12731.
    dead port 2/2 on $mux $procmux$12731.
    dead port 1/2 on $mux $procmux$12728.
    dead port 2/2 on $mux $procmux$12728.
    dead port 1/2 on $mux $procmux$12725.
    dead port 2/2 on $mux $procmux$12725.
    dead port 1/2 on $mux $procmux$12722.
    dead port 2/2 on $mux $procmux$12722.
    dead port 1/2 on $mux $procmux$12719.
    dead port 2/2 on $mux $procmux$12719.
    dead port 1/2 on $mux $procmux$12716.
    dead port 2/2 on $mux $procmux$12716.
    dead port 1/2 on $mux $procmux$12713.
    dead port 2/2 on $mux $procmux$12713.
    dead port 1/2 on $mux $procmux$12710.
    dead port 2/2 on $mux $procmux$12710.
    dead port 1/2 on $mux $procmux$12707.
    dead port 2/2 on $mux $procmux$12707.
    dead port 1/2 on $mux $procmux$12704.
    dead port 2/2 on $mux $procmux$12704.
    dead port 1/2 on $mux $procmux$12701.
    dead port 2/2 on $mux $procmux$12701.
    dead port 1/2 on $mux $procmux$12698.
    dead port 2/2 on $mux $procmux$12698.
    dead port 1/2 on $mux $procmux$12695.
    dead port 2/2 on $mux $procmux$12695.
    dead port 1/2 on $mux $procmux$12692.
    dead port 2/2 on $mux $procmux$12692.
    dead port 1/2 on $mux $procmux$12689.
    dead port 2/2 on $mux $procmux$12689.
    dead port 1/2 on $mux $procmux$12686.
    dead port 2/2 on $mux $procmux$12686.
    dead port 1/2 on $mux $procmux$12683.
    dead port 2/2 on $mux $procmux$12683.
    dead port 1/2 on $mux $procmux$12680.
    dead port 2/2 on $mux $procmux$12680.
    dead port 1/2 on $mux $procmux$12677.
    dead port 2/2 on $mux $procmux$12677.
    dead port 1/2 on $mux $procmux$12674.
    dead port 2/2 on $mux $procmux$12674.
    dead port 1/2 on $mux $procmux$12671.
    dead port 2/2 on $mux $procmux$12671.
    dead port 1/2 on $mux $procmux$12668.
    dead port 2/2 on $mux $procmux$12668.
    dead port 1/2 on $mux $procmux$12665.
    dead port 2/2 on $mux $procmux$12665.
    dead port 1/2 on $mux $procmux$12662.
    dead port 2/2 on $mux $procmux$12662.
    dead port 1/2 on $mux $procmux$12659.
    dead port 2/2 on $mux $procmux$12659.
    dead port 1/2 on $mux $procmux$12656.
    dead port 2/2 on $mux $procmux$12656.
    dead port 1/2 on $mux $procmux$12653.
    dead port 2/2 on $mux $procmux$12653.
    dead port 1/2 on $mux $procmux$12650.
    dead port 2/2 on $mux $procmux$12650.
    dead port 1/2 on $mux $procmux$12647.
    dead port 2/2 on $mux $procmux$12647.
    dead port 1/2 on $mux $procmux$12644.
    dead port 2/2 on $mux $procmux$12644.
    dead port 1/2 on $mux $procmux$12641.
    dead port 2/2 on $mux $procmux$12641.
    dead port 1/2 on $mux $procmux$12638.
    dead port 2/2 on $mux $procmux$12638.
    dead port 1/2 on $mux $procmux$12635.
    dead port 2/2 on $mux $procmux$12635.
    dead port 1/2 on $mux $procmux$12632.
    dead port 2/2 on $mux $procmux$12632.
    dead port 1/2 on $mux $procmux$12629.
    dead port 2/2 on $mux $procmux$12629.
    dead port 1/2 on $mux $procmux$12626.
    dead port 2/2 on $mux $procmux$12626.
    dead port 1/2 on $mux $procmux$12623.
    dead port 2/2 on $mux $procmux$12623.
    dead port 1/2 on $mux $procmux$12620.
    dead port 2/2 on $mux $procmux$12620.
    dead port 1/2 on $mux $procmux$12617.
    dead port 2/2 on $mux $procmux$12617.
    dead port 1/2 on $mux $procmux$12614.
    dead port 2/2 on $mux $procmux$12614.
    dead port 1/2 on $mux $procmux$12611.
    dead port 2/2 on $mux $procmux$12611.
    dead port 1/2 on $mux $procmux$12608.
    dead port 2/2 on $mux $procmux$12608.
    dead port 1/2 on $mux $procmux$12605.
    dead port 2/2 on $mux $procmux$12605.
    dead port 1/2 on $mux $procmux$12602.
    dead port 2/2 on $mux $procmux$12602.
    dead port 1/2 on $mux $procmux$12599.
    dead port 2/2 on $mux $procmux$12599.
    dead port 1/2 on $mux $procmux$12596.
    dead port 2/2 on $mux $procmux$12596.
    dead port 1/2 on $mux $procmux$12593.
    dead port 2/2 on $mux $procmux$12593.
    dead port 1/2 on $mux $procmux$12590.
    dead port 2/2 on $mux $procmux$12590.
    dead port 1/2 on $mux $procmux$12587.
    dead port 2/2 on $mux $procmux$12587.
    dead port 1/2 on $mux $procmux$12584.
    dead port 2/2 on $mux $procmux$12584.
    dead port 1/2 on $mux $procmux$12581.
    dead port 2/2 on $mux $procmux$12581.
    dead port 1/2 on $mux $procmux$12578.
    dead port 2/2 on $mux $procmux$12578.
    dead port 1/2 on $mux $procmux$12575.
    dead port 2/2 on $mux $procmux$12575.
    dead port 1/2 on $mux $procmux$12572.
    dead port 2/2 on $mux $procmux$12572.
    dead port 1/2 on $mux $procmux$12569.
    dead port 2/2 on $mux $procmux$12569.
    dead port 1/2 on $mux $procmux$12566.
    dead port 2/2 on $mux $procmux$12566.
    dead port 1/2 on $mux $procmux$12563.
    dead port 2/2 on $mux $procmux$12563.
    dead port 1/2 on $mux $procmux$12560.
    dead port 2/2 on $mux $procmux$12560.
    dead port 1/2 on $mux $procmux$12557.
    dead port 2/2 on $mux $procmux$12557.
    dead port 1/2 on $mux $procmux$12554.
    dead port 2/2 on $mux $procmux$12554.
    dead port 1/2 on $mux $procmux$12551.
    dead port 2/2 on $mux $procmux$12551.
    dead port 1/2 on $mux $procmux$12548.
    dead port 2/2 on $mux $procmux$12548.
    dead port 1/2 on $mux $procmux$12545.
    dead port 2/2 on $mux $procmux$12545.
    dead port 1/2 on $mux $procmux$12542.
    dead port 2/2 on $mux $procmux$12542.
    dead port 1/2 on $mux $procmux$12539.
    dead port 2/2 on $mux $procmux$12539.
    dead port 1/2 on $mux $procmux$12536.
    dead port 2/2 on $mux $procmux$12536.
    dead port 1/2 on $mux $procmux$12533.
    dead port 2/2 on $mux $procmux$12533.
    dead port 1/2 on $mux $procmux$12530.
    dead port 2/2 on $mux $procmux$12530.
    dead port 1/2 on $mux $procmux$12527.
    dead port 2/2 on $mux $procmux$12527.
    dead port 1/2 on $mux $procmux$12524.
    dead port 2/2 on $mux $procmux$12524.
    dead port 1/2 on $mux $procmux$12521.
    dead port 2/2 on $mux $procmux$12521.
    dead port 1/2 on $mux $procmux$12518.
    dead port 2/2 on $mux $procmux$12518.
    dead port 1/2 on $mux $procmux$12515.
    dead port 2/2 on $mux $procmux$12515.
    dead port 1/2 on $mux $procmux$12512.
    dead port 2/2 on $mux $procmux$12512.
    dead port 1/2 on $mux $procmux$12509.
    dead port 2/2 on $mux $procmux$12509.
    dead port 1/2 on $mux $procmux$12506.
    dead port 2/2 on $mux $procmux$12506.
    dead port 1/2 on $mux $procmux$12503.
    dead port 2/2 on $mux $procmux$12503.
    dead port 1/2 on $mux $procmux$12500.
    dead port 2/2 on $mux $procmux$12500.
    dead port 1/2 on $mux $procmux$12497.
    dead port 2/2 on $mux $procmux$12497.
    dead port 1/2 on $mux $procmux$12494.
    dead port 2/2 on $mux $procmux$12494.
    dead port 1/2 on $mux $procmux$12491.
    dead port 2/2 on $mux $procmux$12491.
    dead port 1/2 on $mux $procmux$12488.
    dead port 2/2 on $mux $procmux$12488.
    dead port 1/2 on $mux $procmux$12485.
    dead port 2/2 on $mux $procmux$12485.
    dead port 1/2 on $mux $procmux$12482.
    dead port 2/2 on $mux $procmux$12482.
    dead port 1/2 on $mux $procmux$12479.
    dead port 2/2 on $mux $procmux$12479.
    dead port 1/2 on $mux $procmux$12476.
    dead port 2/2 on $mux $procmux$12476.
    dead port 1/2 on $mux $procmux$12473.
    dead port 2/2 on $mux $procmux$12473.
    dead port 1/2 on $mux $procmux$12470.
    dead port 2/2 on $mux $procmux$12470.
    dead port 1/2 on $mux $procmux$12448.
    dead port 1/2 on $mux $procmux$12445.
    dead port 1/2 on $mux $procmux$12353.
    dead port 2/2 on $mux $procmux$12353.
    dead port 1/2 on $mux $procmux$12350.
    dead port 2/2 on $mux $procmux$12350.
    dead port 1/2 on $mux $procmux$12347.
    dead port 2/2 on $mux $procmux$12347.
    dead port 1/2 on $mux $procmux$12344.
    dead port 2/2 on $mux $procmux$12344.
    dead port 1/2 on $mux $procmux$12341.
    dead port 2/2 on $mux $procmux$12341.
    dead port 1/2 on $mux $procmux$12338.
    dead port 2/2 on $mux $procmux$12338.
    dead port 1/2 on $mux $procmux$12335.
    dead port 2/2 on $mux $procmux$12335.
    dead port 1/2 on $mux $procmux$12332.
    dead port 2/2 on $mux $procmux$12332.
    dead port 1/2 on $mux $procmux$12329.
    dead port 2/2 on $mux $procmux$12329.
    dead port 1/2 on $mux $procmux$12326.
    dead port 2/2 on $mux $procmux$12326.
    dead port 1/2 on $mux $procmux$12323.
    dead port 2/2 on $mux $procmux$12323.
    dead port 1/2 on $mux $procmux$12320.
    dead port 2/2 on $mux $procmux$12320.
    dead port 1/2 on $mux $procmux$12317.
    dead port 2/2 on $mux $procmux$12317.
    dead port 1/2 on $mux $procmux$12314.
    dead port 2/2 on $mux $procmux$12314.
    dead port 1/2 on $mux $procmux$12311.
    dead port 2/2 on $mux $procmux$12311.
    dead port 1/2 on $mux $procmux$12308.
    dead port 2/2 on $mux $procmux$12308.
    dead port 1/2 on $mux $procmux$12305.
    dead port 2/2 on $mux $procmux$12305.
    dead port 1/2 on $mux $procmux$12302.
    dead port 2/2 on $mux $procmux$12302.
    dead port 1/2 on $mux $procmux$12299.
    dead port 2/2 on $mux $procmux$12299.
    dead port 1/2 on $mux $procmux$12296.
    dead port 2/2 on $mux $procmux$12296.
    dead port 1/2 on $mux $procmux$12293.
    dead port 2/2 on $mux $procmux$12293.
    dead port 1/2 on $mux $procmux$12290.
    dead port 2/2 on $mux $procmux$12290.
    dead port 1/2 on $mux $procmux$12287.
    dead port 2/2 on $mux $procmux$12287.
    dead port 1/2 on $mux $procmux$12284.
    dead port 2/2 on $mux $procmux$12284.
    dead port 1/2 on $mux $procmux$12281.
    dead port 2/2 on $mux $procmux$12281.
    dead port 1/2 on $mux $procmux$12278.
    dead port 2/2 on $mux $procmux$12278.
    dead port 1/2 on $mux $procmux$12275.
    dead port 2/2 on $mux $procmux$12275.
    dead port 1/2 on $mux $procmux$12272.
    dead port 2/2 on $mux $procmux$12272.
    dead port 1/2 on $mux $procmux$12269.
    dead port 2/2 on $mux $procmux$12269.
    dead port 1/2 on $mux $procmux$12266.
    dead port 2/2 on $mux $procmux$12266.
    dead port 1/2 on $mux $procmux$12263.
    dead port 2/2 on $mux $procmux$12263.
    dead port 1/2 on $mux $procmux$12260.
    dead port 2/2 on $mux $procmux$12260.
    dead port 1/2 on $mux $procmux$12257.
    dead port 2/2 on $mux $procmux$12257.
    dead port 1/2 on $mux $procmux$12254.
    dead port 2/2 on $mux $procmux$12254.
    dead port 1/2 on $mux $procmux$12251.
    dead port 2/2 on $mux $procmux$12251.
    dead port 1/2 on $mux $procmux$12248.
    dead port 2/2 on $mux $procmux$12248.
    dead port 1/2 on $mux $procmux$12245.
    dead port 2/2 on $mux $procmux$12245.
    dead port 1/2 on $mux $procmux$12242.
    dead port 2/2 on $mux $procmux$12242.
    dead port 1/2 on $mux $procmux$12239.
    dead port 2/2 on $mux $procmux$12239.
    dead port 1/2 on $mux $procmux$12236.
    dead port 2/2 on $mux $procmux$12236.
    dead port 1/2 on $mux $procmux$12233.
    dead port 2/2 on $mux $procmux$12233.
    dead port 1/2 on $mux $procmux$12230.
    dead port 2/2 on $mux $procmux$12230.
    dead port 1/2 on $mux $procmux$12227.
    dead port 2/2 on $mux $procmux$12227.
    dead port 1/2 on $mux $procmux$12224.
    dead port 2/2 on $mux $procmux$12224.
    dead port 1/2 on $mux $procmux$12221.
    dead port 2/2 on $mux $procmux$12221.
    dead port 1/2 on $mux $procmux$12218.
    dead port 2/2 on $mux $procmux$12218.
    dead port 1/2 on $mux $procmux$12215.
    dead port 2/2 on $mux $procmux$12215.
    dead port 1/2 on $mux $procmux$12212.
    dead port 2/2 on $mux $procmux$12212.
    dead port 1/2 on $mux $procmux$12209.
    dead port 2/2 on $mux $procmux$12209.
    dead port 1/2 on $mux $procmux$12206.
    dead port 2/2 on $mux $procmux$12206.
    dead port 1/2 on $mux $procmux$12203.
    dead port 2/2 on $mux $procmux$12203.
    dead port 1/2 on $mux $procmux$12200.
    dead port 2/2 on $mux $procmux$12200.
    dead port 1/2 on $mux $procmux$12197.
    dead port 2/2 on $mux $procmux$12197.
    dead port 1/2 on $mux $procmux$12194.
    dead port 2/2 on $mux $procmux$12194.
    dead port 1/2 on $mux $procmux$12191.
    dead port 2/2 on $mux $procmux$12191.
    dead port 1/2 on $mux $procmux$12188.
    dead port 2/2 on $mux $procmux$12188.
    dead port 1/2 on $mux $procmux$12185.
    dead port 2/2 on $mux $procmux$12185.
    dead port 1/2 on $mux $procmux$12182.
    dead port 2/2 on $mux $procmux$12182.
    dead port 1/2 on $mux $procmux$12179.
    dead port 2/2 on $mux $procmux$12179.
    dead port 1/2 on $mux $procmux$12176.
    dead port 2/2 on $mux $procmux$12176.
    dead port 1/2 on $mux $procmux$12173.
    dead port 2/2 on $mux $procmux$12173.
    dead port 1/2 on $mux $procmux$12170.
    dead port 2/2 on $mux $procmux$12170.
    dead port 1/2 on $mux $procmux$12167.
    dead port 2/2 on $mux $procmux$12167.
    dead port 1/2 on $mux $procmux$12164.
    dead port 2/2 on $mux $procmux$12164.
    dead port 1/2 on $mux $procmux$12161.
    dead port 2/2 on $mux $procmux$12161.
    dead port 1/2 on $mux $procmux$12158.
    dead port 2/2 on $mux $procmux$12158.
    dead port 1/2 on $mux $procmux$12155.
    dead port 2/2 on $mux $procmux$12155.
    dead port 1/2 on $mux $procmux$12152.
    dead port 2/2 on $mux $procmux$12152.
    dead port 1/2 on $mux $procmux$12149.
    dead port 2/2 on $mux $procmux$12149.
    dead port 1/2 on $mux $procmux$12146.
    dead port 2/2 on $mux $procmux$12146.
    dead port 1/2 on $mux $procmux$12143.
    dead port 2/2 on $mux $procmux$12143.
    dead port 1/2 on $mux $procmux$12140.
    dead port 2/2 on $mux $procmux$12140.
    dead port 1/2 on $mux $procmux$12137.
    dead port 2/2 on $mux $procmux$12137.
    dead port 1/2 on $mux $procmux$12134.
    dead port 2/2 on $mux $procmux$12134.
    dead port 1/2 on $mux $procmux$12131.
    dead port 2/2 on $mux $procmux$12131.
    dead port 1/2 on $mux $procmux$12128.
    dead port 2/2 on $mux $procmux$12128.
    dead port 1/2 on $mux $procmux$12125.
    dead port 2/2 on $mux $procmux$12125.
    dead port 1/2 on $mux $procmux$12122.
    dead port 2/2 on $mux $procmux$12122.
    dead port 1/2 on $mux $procmux$12119.
    dead port 2/2 on $mux $procmux$12119.
    dead port 1/2 on $mux $procmux$12116.
    dead port 2/2 on $mux $procmux$12116.
    dead port 1/2 on $mux $procmux$12113.
    dead port 2/2 on $mux $procmux$12113.
    dead port 1/2 on $mux $procmux$12110.
    dead port 2/2 on $mux $procmux$12110.
    dead port 1/2 on $mux $procmux$12107.
    dead port 2/2 on $mux $procmux$12107.
    dead port 1/2 on $mux $procmux$12104.
    dead port 2/2 on $mux $procmux$12104.
    dead port 1/2 on $mux $procmux$12101.
    dead port 2/2 on $mux $procmux$12101.
    dead port 1/2 on $mux $procmux$12098.
    dead port 2/2 on $mux $procmux$12098.
    dead port 1/2 on $mux $procmux$12095.
    dead port 2/2 on $mux $procmux$12095.
    dead port 1/2 on $mux $procmux$12092.
    dead port 2/2 on $mux $procmux$12092.
    dead port 1/2 on $mux $procmux$12089.
    dead port 2/2 on $mux $procmux$12089.
    dead port 1/2 on $mux $procmux$12086.
    dead port 2/2 on $mux $procmux$12086.
    dead port 1/2 on $mux $procmux$12083.
    dead port 2/2 on $mux $procmux$12083.
    dead port 1/2 on $mux $procmux$12080.
    dead port 2/2 on $mux $procmux$12080.
    dead port 1/2 on $mux $procmux$12077.
    dead port 2/2 on $mux $procmux$12077.
    dead port 1/2 on $mux $procmux$12074.
    dead port 2/2 on $mux $procmux$12074.
    dead port 1/2 on $mux $procmux$12071.
    dead port 2/2 on $mux $procmux$12071.
    dead port 1/2 on $mux $procmux$12068.
    dead port 2/2 on $mux $procmux$12068.
    dead port 1/2 on $mux $procmux$12065.
    dead port 2/2 on $mux $procmux$12065.
    dead port 1/2 on $mux $procmux$12062.
    dead port 2/2 on $mux $procmux$12062.
    dead port 1/2 on $mux $procmux$12059.
    dead port 2/2 on $mux $procmux$12059.
    dead port 1/2 on $mux $procmux$12056.
    dead port 2/2 on $mux $procmux$12056.
    dead port 1/2 on $mux $procmux$12053.
    dead port 2/2 on $mux $procmux$12053.
    dead port 1/2 on $mux $procmux$12050.
    dead port 2/2 on $mux $procmux$12050.
    dead port 1/2 on $mux $procmux$12047.
    dead port 2/2 on $mux $procmux$12047.
    dead port 1/2 on $mux $procmux$12044.
    dead port 2/2 on $mux $procmux$12044.
    dead port 1/2 on $mux $procmux$12041.
    dead port 2/2 on $mux $procmux$12041.
    dead port 1/2 on $mux $procmux$12038.
    dead port 2/2 on $mux $procmux$12038.
    dead port 1/2 on $mux $procmux$12035.
    dead port 2/2 on $mux $procmux$12035.
    dead port 1/2 on $mux $procmux$12032.
    dead port 2/2 on $mux $procmux$12032.
    dead port 1/2 on $mux $procmux$12029.
    dead port 2/2 on $mux $procmux$12029.
    dead port 1/2 on $mux $procmux$12026.
    dead port 2/2 on $mux $procmux$12026.
    dead port 1/2 on $mux $procmux$12023.
    dead port 2/2 on $mux $procmux$12023.
    dead port 1/2 on $mux $procmux$12020.
    dead port 2/2 on $mux $procmux$12020.
    dead port 1/2 on $mux $procmux$12017.
    dead port 2/2 on $mux $procmux$12017.
    dead port 1/2 on $mux $procmux$12014.
    dead port 2/2 on $mux $procmux$12014.
    dead port 1/2 on $mux $procmux$12011.
    dead port 2/2 on $mux $procmux$12011.
    dead port 1/2 on $mux $procmux$12008.
    dead port 2/2 on $mux $procmux$12008.
    dead port 1/2 on $mux $procmux$12005.
    dead port 2/2 on $mux $procmux$12005.
    dead port 1/2 on $mux $procmux$12002.
    dead port 2/2 on $mux $procmux$12002.
    dead port 1/2 on $mux $procmux$11999.
    dead port 2/2 on $mux $procmux$11999.
    dead port 1/2 on $mux $procmux$11996.
    dead port 2/2 on $mux $procmux$11996.
    dead port 1/2 on $mux $procmux$11993.
    dead port 2/2 on $mux $procmux$11993.
    dead port 1/2 on $mux $procmux$11990.
    dead port 2/2 on $mux $procmux$11990.
    dead port 1/2 on $mux $procmux$11987.
    dead port 2/2 on $mux $procmux$11987.
    dead port 1/2 on $mux $procmux$11984.
    dead port 2/2 on $mux $procmux$11984.
    dead port 1/2 on $mux $procmux$11981.
    dead port 2/2 on $mux $procmux$11981.
    dead port 1/2 on $mux $procmux$11978.
    dead port 2/2 on $mux $procmux$11978.
    dead port 1/2 on $mux $procmux$11975.
    dead port 2/2 on $mux $procmux$11975.
    dead port 1/2 on $mux $procmux$11972.
    dead port 2/2 on $mux $procmux$11972.
    dead port 1/2 on $mux $procmux$11969.
    dead port 2/2 on $mux $procmux$11969.
    dead port 1/2 on $mux $procmux$11966.
    dead port 2/2 on $mux $procmux$11966.
    dead port 1/2 on $mux $procmux$11963.
    dead port 2/2 on $mux $procmux$11963.
    dead port 1/2 on $mux $procmux$11960.
    dead port 2/2 on $mux $procmux$11960.
    dead port 1/2 on $mux $procmux$11957.
    dead port 2/2 on $mux $procmux$11957.
    dead port 1/2 on $mux $procmux$11954.
    dead port 2/2 on $mux $procmux$11954.
    dead port 1/2 on $mux $procmux$11951.
    dead port 2/2 on $mux $procmux$11951.
    dead port 1/2 on $mux $procmux$11948.
    dead port 2/2 on $mux $procmux$11948.
    dead port 1/2 on $mux $procmux$11945.
    dead port 2/2 on $mux $procmux$11945.
    dead port 1/2 on $mux $procmux$11942.
    dead port 2/2 on $mux $procmux$11942.
    dead port 1/2 on $mux $procmux$11939.
    dead port 2/2 on $mux $procmux$11939.
    dead port 1/2 on $mux $procmux$11936.
    dead port 2/2 on $mux $procmux$11936.
    dead port 1/2 on $mux $procmux$11933.
    dead port 2/2 on $mux $procmux$11933.
    dead port 1/2 on $mux $procmux$11930.
    dead port 2/2 on $mux $procmux$11930.
    dead port 1/2 on $mux $procmux$11927.
    dead port 2/2 on $mux $procmux$11927.
    dead port 1/2 on $mux $procmux$11924.
    dead port 2/2 on $mux $procmux$11924.
    dead port 1/2 on $mux $procmux$11921.
    dead port 2/2 on $mux $procmux$11921.
    dead port 1/2 on $mux $procmux$11918.
    dead port 2/2 on $mux $procmux$11918.
    dead port 1/2 on $mux $procmux$11915.
    dead port 2/2 on $mux $procmux$11915.
    dead port 1/2 on $mux $procmux$11912.
    dead port 2/2 on $mux $procmux$11912.
    dead port 1/2 on $mux $procmux$11909.
    dead port 2/2 on $mux $procmux$11909.
    dead port 1/2 on $mux $procmux$11906.
    dead port 2/2 on $mux $procmux$11906.
    dead port 1/2 on $mux $procmux$11903.
    dead port 2/2 on $mux $procmux$11903.
    dead port 1/2 on $mux $procmux$11900.
    dead port 2/2 on $mux $procmux$11900.
    dead port 1/2 on $mux $procmux$11897.
    dead port 2/2 on $mux $procmux$11897.
    dead port 1/2 on $mux $procmux$11894.
    dead port 2/2 on $mux $procmux$11894.
    dead port 1/2 on $mux $procmux$11891.
    dead port 2/2 on $mux $procmux$11891.
    dead port 1/2 on $mux $procmux$11888.
    dead port 2/2 on $mux $procmux$11888.
    dead port 1/2 on $mux $procmux$11885.
    dead port 2/2 on $mux $procmux$11885.
    dead port 1/2 on $mux $procmux$11882.
    dead port 2/2 on $mux $procmux$11882.
    dead port 1/2 on $mux $procmux$11879.
    dead port 2/2 on $mux $procmux$11879.
    dead port 1/2 on $mux $procmux$11876.
    dead port 2/2 on $mux $procmux$11876.
    dead port 1/2 on $mux $procmux$11873.
    dead port 2/2 on $mux $procmux$11873.
    dead port 1/2 on $mux $procmux$11870.
    dead port 2/2 on $mux $procmux$11870.
    dead port 1/2 on $mux $procmux$11867.
    dead port 2/2 on $mux $procmux$11867.
    dead port 1/2 on $mux $procmux$11864.
    dead port 2/2 on $mux $procmux$11864.
    dead port 1/2 on $mux $procmux$11861.
    dead port 2/2 on $mux $procmux$11861.
    dead port 1/2 on $mux $procmux$11858.
    dead port 2/2 on $mux $procmux$11858.
    dead port 1/2 on $mux $procmux$11855.
    dead port 2/2 on $mux $procmux$11855.
    dead port 1/2 on $mux $procmux$11852.
    dead port 2/2 on $mux $procmux$11852.
    dead port 1/2 on $mux $procmux$11849.
    dead port 2/2 on $mux $procmux$11849.
    dead port 1/2 on $mux $procmux$11846.
    dead port 2/2 on $mux $procmux$11846.
    dead port 1/2 on $mux $procmux$11843.
    dead port 2/2 on $mux $procmux$11843.
    dead port 1/2 on $mux $procmux$11840.
    dead port 2/2 on $mux $procmux$11840.
    dead port 1/2 on $mux $procmux$11837.
    dead port 2/2 on $mux $procmux$11837.
    dead port 1/2 on $mux $procmux$11834.
    dead port 2/2 on $mux $procmux$11834.
    dead port 1/2 on $mux $procmux$11831.
    dead port 2/2 on $mux $procmux$11831.
    dead port 1/2 on $mux $procmux$11828.
    dead port 2/2 on $mux $procmux$11828.
    dead port 1/2 on $mux $procmux$11825.
    dead port 2/2 on $mux $procmux$11825.
    dead port 1/2 on $mux $procmux$11822.
    dead port 2/2 on $mux $procmux$11822.
    dead port 1/2 on $mux $procmux$11819.
    dead port 2/2 on $mux $procmux$11819.
    dead port 1/2 on $mux $procmux$11816.
    dead port 2/2 on $mux $procmux$11816.
    dead port 1/2 on $mux $procmux$11813.
    dead port 2/2 on $mux $procmux$11813.
    dead port 1/2 on $mux $procmux$11810.
    dead port 2/2 on $mux $procmux$11810.
    dead port 1/2 on $mux $procmux$11807.
    dead port 2/2 on $mux $procmux$11807.
    dead port 1/2 on $mux $procmux$11804.
    dead port 2/2 on $mux $procmux$11804.
    dead port 1/2 on $mux $procmux$11801.
    dead port 2/2 on $mux $procmux$11801.
    dead port 1/2 on $mux $procmux$11798.
    dead port 2/2 on $mux $procmux$11798.
    dead port 1/2 on $mux $procmux$11795.
    dead port 2/2 on $mux $procmux$11795.
    dead port 1/2 on $mux $procmux$11792.
    dead port 2/2 on $mux $procmux$11792.
    dead port 1/2 on $mux $procmux$11789.
    dead port 2/2 on $mux $procmux$11789.
    dead port 1/2 on $mux $procmux$11786.
    dead port 2/2 on $mux $procmux$11786.
    dead port 1/2 on $mux $procmux$11783.
    dead port 2/2 on $mux $procmux$11783.
    dead port 1/2 on $mux $procmux$11780.
    dead port 2/2 on $mux $procmux$11780.
    dead port 1/2 on $mux $procmux$11777.
    dead port 2/2 on $mux $procmux$11777.
    dead port 1/2 on $mux $procmux$11774.
    dead port 2/2 on $mux $procmux$11774.
    dead port 1/2 on $mux $procmux$11771.
    dead port 2/2 on $mux $procmux$11771.
    dead port 1/2 on $mux $procmux$11768.
    dead port 2/2 on $mux $procmux$11768.
    dead port 1/2 on $mux $procmux$11765.
    dead port 2/2 on $mux $procmux$11765.
    dead port 1/2 on $mux $procmux$11762.
    dead port 2/2 on $mux $procmux$11762.
    dead port 1/2 on $mux $procmux$11759.
    dead port 2/2 on $mux $procmux$11759.
    dead port 1/2 on $mux $procmux$11756.
    dead port 2/2 on $mux $procmux$11756.
    dead port 1/2 on $mux $procmux$11753.
    dead port 2/2 on $mux $procmux$11753.
    dead port 1/2 on $mux $procmux$11750.
    dead port 2/2 on $mux $procmux$11750.
    dead port 1/2 on $mux $procmux$11747.
    dead port 2/2 on $mux $procmux$11747.
    dead port 1/2 on $mux $procmux$11744.
    dead port 2/2 on $mux $procmux$11744.
    dead port 1/2 on $mux $procmux$11741.
    dead port 2/2 on $mux $procmux$11741.
    dead port 1/2 on $mux $procmux$11738.
    dead port 2/2 on $mux $procmux$11738.
    dead port 1/2 on $mux $procmux$11735.
    dead port 2/2 on $mux $procmux$11735.
    dead port 1/2 on $mux $procmux$11732.
    dead port 2/2 on $mux $procmux$11732.
    dead port 1/2 on $mux $procmux$11729.
    dead port 2/2 on $mux $procmux$11729.
    dead port 1/2 on $mux $procmux$11726.
    dead port 2/2 on $mux $procmux$11726.
    dead port 1/2 on $mux $procmux$11723.
    dead port 2/2 on $mux $procmux$11723.
    dead port 1/2 on $mux $procmux$11720.
    dead port 2/2 on $mux $procmux$11720.
    dead port 1/2 on $mux $procmux$11717.
    dead port 2/2 on $mux $procmux$11717.
    dead port 1/2 on $mux $procmux$11714.
    dead port 2/2 on $mux $procmux$11714.
    dead port 1/2 on $mux $procmux$11711.
    dead port 2/2 on $mux $procmux$11711.
    dead port 1/2 on $mux $procmux$11708.
    dead port 2/2 on $mux $procmux$11708.
    dead port 1/2 on $mux $procmux$11705.
    dead port 2/2 on $mux $procmux$11705.
    dead port 1/2 on $mux $procmux$11702.
    dead port 2/2 on $mux $procmux$11702.
    dead port 1/2 on $mux $procmux$11699.
    dead port 2/2 on $mux $procmux$11699.
    dead port 1/2 on $mux $procmux$11696.
    dead port 2/2 on $mux $procmux$11696.
    dead port 1/2 on $mux $procmux$11693.
    dead port 2/2 on $mux $procmux$11693.
    dead port 1/2 on $mux $procmux$11690.
    dead port 2/2 on $mux $procmux$11690.
    dead port 1/2 on $mux $procmux$11687.
    dead port 2/2 on $mux $procmux$11687.
    dead port 1/2 on $mux $procmux$11684.
    dead port 2/2 on $mux $procmux$11684.
    dead port 1/2 on $mux $procmux$11681.
    dead port 2/2 on $mux $procmux$11681.
    dead port 1/2 on $mux $procmux$11678.
    dead port 2/2 on $mux $procmux$11678.
    dead port 1/2 on $mux $procmux$11675.
    dead port 2/2 on $mux $procmux$11675.
    dead port 1/2 on $mux $procmux$11672.
    dead port 2/2 on $mux $procmux$11672.
    dead port 1/2 on $mux $procmux$11669.
    dead port 2/2 on $mux $procmux$11669.
    dead port 1/2 on $mux $procmux$11666.
    dead port 2/2 on $mux $procmux$11666.
    dead port 1/2 on $mux $procmux$11663.
    dead port 2/2 on $mux $procmux$11663.
    dead port 1/2 on $mux $procmux$11660.
    dead port 2/2 on $mux $procmux$11660.
    dead port 1/2 on $mux $procmux$11657.
    dead port 2/2 on $mux $procmux$11657.
    dead port 1/2 on $mux $procmux$11654.
    dead port 2/2 on $mux $procmux$11654.
    dead port 1/2 on $mux $procmux$11651.
    dead port 2/2 on $mux $procmux$11651.
    dead port 1/2 on $mux $procmux$11648.
    dead port 2/2 on $mux $procmux$11648.
    dead port 1/2 on $mux $procmux$11645.
    dead port 2/2 on $mux $procmux$11645.
    dead port 1/2 on $mux $procmux$11642.
    dead port 2/2 on $mux $procmux$11642.
    dead port 1/2 on $mux $procmux$11639.
    dead port 2/2 on $mux $procmux$11639.
    dead port 1/2 on $mux $procmux$11636.
    dead port 2/2 on $mux $procmux$11636.
    dead port 1/2 on $mux $procmux$11633.
    dead port 2/2 on $mux $procmux$11633.
    dead port 1/2 on $mux $procmux$11630.
    dead port 2/2 on $mux $procmux$11630.
    dead port 1/2 on $mux $procmux$11627.
    dead port 2/2 on $mux $procmux$11627.
    dead port 1/2 on $mux $procmux$11624.
    dead port 2/2 on $mux $procmux$11624.
    dead port 1/2 on $mux $procmux$11621.
    dead port 2/2 on $mux $procmux$11621.
    dead port 1/2 on $mux $procmux$11618.
    dead port 2/2 on $mux $procmux$11618.
    dead port 1/2 on $mux $procmux$11615.
    dead port 2/2 on $mux $procmux$11615.
    dead port 1/2 on $mux $procmux$11612.
    dead port 2/2 on $mux $procmux$11612.
    dead port 1/2 on $mux $procmux$11609.
    dead port 2/2 on $mux $procmux$11609.
    dead port 1/2 on $mux $procmux$11606.
    dead port 2/2 on $mux $procmux$11606.
    dead port 1/2 on $mux $procmux$11603.
    dead port 2/2 on $mux $procmux$11603.
    dead port 1/2 on $mux $procmux$11600.
    dead port 2/2 on $mux $procmux$11600.
    dead port 1/2 on $mux $procmux$11597.
    dead port 2/2 on $mux $procmux$11597.
    dead port 1/2 on $mux $procmux$11594.
    dead port 2/2 on $mux $procmux$11594.
    dead port 1/2 on $mux $procmux$11591.
    dead port 2/2 on $mux $procmux$11591.
    dead port 1/2 on $mux $procmux$11588.
    dead port 2/2 on $mux $procmux$11588.
    dead port 1/2 on $mux $procmux$11585.
    dead port 2/2 on $mux $procmux$11585.
    dead port 1/2 on $mux $procmux$11582.
    dead port 2/2 on $mux $procmux$11582.
    dead port 1/2 on $mux $procmux$11579.
    dead port 2/2 on $mux $procmux$11579.
    dead port 1/2 on $mux $procmux$11576.
    dead port 2/2 on $mux $procmux$11576.
    dead port 1/2 on $mux $procmux$11573.
    dead port 2/2 on $mux $procmux$11573.
    dead port 1/2 on $mux $procmux$11570.
    dead port 2/2 on $mux $procmux$11570.
    dead port 1/2 on $mux $procmux$11567.
    dead port 2/2 on $mux $procmux$11567.
    dead port 1/2 on $mux $procmux$11564.
    dead port 2/2 on $mux $procmux$11564.
    dead port 1/2 on $mux $procmux$11561.
    dead port 2/2 on $mux $procmux$11561.
    dead port 1/2 on $mux $procmux$11558.
    dead port 2/2 on $mux $procmux$11558.
    dead port 1/2 on $mux $procmux$11555.
    dead port 2/2 on $mux $procmux$11555.
    dead port 1/2 on $mux $procmux$11552.
    dead port 2/2 on $mux $procmux$11552.
    dead port 1/2 on $mux $procmux$11549.
    dead port 2/2 on $mux $procmux$11549.
    dead port 1/2 on $mux $procmux$11546.
    dead port 2/2 on $mux $procmux$11546.
    dead port 1/2 on $mux $procmux$11543.
    dead port 2/2 on $mux $procmux$11543.
    dead port 1/2 on $mux $procmux$11540.
    dead port 2/2 on $mux $procmux$11540.
    dead port 1/2 on $mux $procmux$11537.
    dead port 2/2 on $mux $procmux$11537.
    dead port 1/2 on $mux $procmux$11534.
    dead port 2/2 on $mux $procmux$11534.
    dead port 1/2 on $mux $procmux$11531.
    dead port 2/2 on $mux $procmux$11531.
    dead port 1/2 on $mux $procmux$11528.
    dead port 2/2 on $mux $procmux$11528.
    dead port 1/2 on $mux $procmux$11525.
    dead port 2/2 on $mux $procmux$11525.
    dead port 1/2 on $mux $procmux$11522.
    dead port 2/2 on $mux $procmux$11522.
    dead port 1/2 on $mux $procmux$11519.
    dead port 2/2 on $mux $procmux$11519.
    dead port 1/2 on $mux $procmux$11516.
    dead port 2/2 on $mux $procmux$11516.
    dead port 1/2 on $mux $procmux$11513.
    dead port 2/2 on $mux $procmux$11513.
    dead port 1/2 on $mux $procmux$11510.
    dead port 2/2 on $mux $procmux$11510.
    dead port 1/2 on $mux $procmux$11507.
    dead port 2/2 on $mux $procmux$11507.
    dead port 1/2 on $mux $procmux$11504.
    dead port 2/2 on $mux $procmux$11504.
    dead port 1/2 on $mux $procmux$11501.
    dead port 2/2 on $mux $procmux$11501.
    dead port 1/2 on $mux $procmux$11498.
    dead port 2/2 on $mux $procmux$11498.
    dead port 1/2 on $mux $procmux$11495.
    dead port 2/2 on $mux $procmux$11495.
    dead port 1/2 on $mux $procmux$11492.
    dead port 2/2 on $mux $procmux$11492.
    dead port 1/2 on $mux $procmux$11489.
    dead port 2/2 on $mux $procmux$11489.
    dead port 1/2 on $mux $procmux$11486.
    dead port 2/2 on $mux $procmux$11486.
    dead port 1/2 on $mux $procmux$11483.
    dead port 2/2 on $mux $procmux$11483.
    dead port 1/2 on $mux $procmux$11480.
    dead port 2/2 on $mux $procmux$11480.
    dead port 1/2 on $mux $procmux$11477.
    dead port 2/2 on $mux $procmux$11477.
    dead port 1/2 on $mux $procmux$11474.
    dead port 2/2 on $mux $procmux$11474.
    dead port 1/2 on $mux $procmux$11471.
    dead port 2/2 on $mux $procmux$11471.
    dead port 1/2 on $mux $procmux$11468.
    dead port 2/2 on $mux $procmux$11468.
    dead port 1/2 on $mux $procmux$11465.
    dead port 2/2 on $mux $procmux$11465.
    dead port 1/2 on $mux $procmux$11462.
    dead port 2/2 on $mux $procmux$11462.
    dead port 1/2 on $mux $procmux$11459.
    dead port 2/2 on $mux $procmux$11459.
    dead port 1/2 on $mux $procmux$11456.
    dead port 2/2 on $mux $procmux$11456.
    dead port 1/2 on $mux $procmux$11453.
    dead port 2/2 on $mux $procmux$11453.
    dead port 1/2 on $mux $procmux$11450.
    dead port 2/2 on $mux $procmux$11450.
    dead port 1/2 on $mux $procmux$11447.
    dead port 2/2 on $mux $procmux$11447.
    dead port 1/2 on $mux $procmux$11444.
    dead port 2/2 on $mux $procmux$11444.
    dead port 1/2 on $mux $procmux$11441.
    dead port 2/2 on $mux $procmux$11441.
    dead port 1/2 on $mux $procmux$11438.
    dead port 2/2 on $mux $procmux$11438.
    dead port 1/2 on $mux $procmux$11435.
    dead port 2/2 on $mux $procmux$11435.
    dead port 1/2 on $mux $procmux$11432.
    dead port 2/2 on $mux $procmux$11432.
    dead port 1/2 on $mux $procmux$11429.
    dead port 2/2 on $mux $procmux$11429.
    dead port 1/2 on $mux $procmux$11426.
    dead port 2/2 on $mux $procmux$11426.
    dead port 1/2 on $mux $procmux$11423.
    dead port 2/2 on $mux $procmux$11423.
    dead port 1/2 on $mux $procmux$11420.
    dead port 2/2 on $mux $procmux$11420.
    dead port 1/2 on $mux $procmux$11417.
    dead port 2/2 on $mux $procmux$11417.
    dead port 1/2 on $mux $procmux$11414.
    dead port 2/2 on $mux $procmux$11414.
    dead port 1/2 on $mux $procmux$11411.
    dead port 2/2 on $mux $procmux$11411.
    dead port 1/2 on $mux $procmux$11408.
    dead port 2/2 on $mux $procmux$11408.
    dead port 1/2 on $mux $procmux$11405.
    dead port 2/2 on $mux $procmux$11405.
    dead port 1/2 on $mux $procmux$11402.
    dead port 2/2 on $mux $procmux$11402.
    dead port 1/2 on $mux $procmux$11399.
    dead port 2/2 on $mux $procmux$11399.
    dead port 1/2 on $mux $procmux$11396.
    dead port 2/2 on $mux $procmux$11396.
    dead port 1/2 on $mux $procmux$11393.
    dead port 2/2 on $mux $procmux$11393.
    dead port 1/2 on $mux $procmux$11390.
    dead port 2/2 on $mux $procmux$11390.
    dead port 1/2 on $mux $procmux$11387.
    dead port 2/2 on $mux $procmux$11387.
    dead port 1/2 on $mux $procmux$11384.
    dead port 2/2 on $mux $procmux$11384.
    dead port 1/2 on $mux $procmux$11381.
    dead port 2/2 on $mux $procmux$11381.
    dead port 1/2 on $mux $procmux$11378.
    dead port 2/2 on $mux $procmux$11378.
    dead port 1/2 on $mux $procmux$11375.
    dead port 2/2 on $mux $procmux$11375.
    dead port 1/2 on $mux $procmux$11372.
    dead port 2/2 on $mux $procmux$11372.
    dead port 1/2 on $mux $procmux$11369.
    dead port 2/2 on $mux $procmux$11369.
    dead port 1/2 on $mux $procmux$11366.
    dead port 2/2 on $mux $procmux$11366.
    dead port 1/2 on $mux $procmux$11363.
    dead port 1/2 on $mux $procmux$11358.
    dead port 1/2 on $mux $procmux$11352.
    dead port 1/2 on $mux $procmux$11346.
    dead port 1/2 on $mux $procmux$11340.
    dead port 1/2 on $mux $procmux$11334.
    dead port 2/2 on $mux $procmux$11334.
    dead port 1/2 on $mux $procmux$11331.
    dead port 2/2 on $mux $procmux$11331.
    dead port 1/2 on $mux $procmux$11328.
    dead port 2/2 on $mux $procmux$11328.
    dead port 1/2 on $mux $procmux$11325.
    dead port 2/2 on $mux $procmux$11325.
    dead port 1/2 on $mux $procmux$11322.
    dead port 2/2 on $mux $procmux$11322.
    dead port 1/2 on $mux $procmux$11319.
    dead port 2/2 on $mux $procmux$11319.
    dead port 1/2 on $mux $procmux$11316.
    dead port 2/2 on $mux $procmux$11316.
    dead port 1/2 on $mux $procmux$11313.
    dead port 2/2 on $mux $procmux$11313.
    dead port 1/2 on $mux $procmux$11310.
    dead port 2/2 on $mux $procmux$11310.
    dead port 1/2 on $mux $procmux$11307.
    dead port 2/2 on $mux $procmux$11307.
    dead port 1/2 on $mux $procmux$11304.
    dead port 2/2 on $mux $procmux$11304.
    dead port 1/2 on $mux $procmux$11301.
    dead port 2/2 on $mux $procmux$11301.
    dead port 1/2 on $mux $procmux$11298.
    dead port 2/2 on $mux $procmux$11298.
    dead port 1/2 on $mux $procmux$11295.
    dead port 2/2 on $mux $procmux$11295.
    dead port 1/2 on $mux $procmux$11292.
    dead port 2/2 on $mux $procmux$11292.
    dead port 1/2 on $mux $procmux$11289.
    dead port 2/2 on $mux $procmux$11289.
    dead port 1/2 on $mux $procmux$11286.
    dead port 2/2 on $mux $procmux$11286.
    dead port 1/2 on $mux $procmux$11283.
    dead port 2/2 on $mux $procmux$11283.
    dead port 1/2 on $mux $procmux$11280.
    dead port 2/2 on $mux $procmux$11280.
    dead port 1/2 on $mux $procmux$11277.
    dead port 2/2 on $mux $procmux$11277.
    dead port 1/2 on $mux $procmux$11274.
    dead port 2/2 on $mux $procmux$11274.
    dead port 1/2 on $mux $procmux$11271.
    dead port 2/2 on $mux $procmux$11271.
    dead port 1/2 on $mux $procmux$11268.
    dead port 2/2 on $mux $procmux$11268.
    dead port 1/2 on $mux $procmux$11265.
    dead port 2/2 on $mux $procmux$11265.
    dead port 1/2 on $mux $procmux$11262.
    dead port 2/2 on $mux $procmux$11262.
    dead port 1/2 on $mux $procmux$11259.
    dead port 2/2 on $mux $procmux$11259.
    dead port 1/2 on $mux $procmux$11256.
    dead port 2/2 on $mux $procmux$11256.
    dead port 1/2 on $mux $procmux$11253.
    dead port 2/2 on $mux $procmux$11253.
    dead port 1/2 on $mux $procmux$11250.
    dead port 2/2 on $mux $procmux$11250.
    dead port 1/2 on $mux $procmux$11247.
    dead port 2/2 on $mux $procmux$11247.
    dead port 1/2 on $mux $procmux$11244.
    dead port 2/2 on $mux $procmux$11244.
    dead port 1/2 on $mux $procmux$11241.
    dead port 2/2 on $mux $procmux$11241.
    dead port 1/2 on $mux $procmux$11238.
    dead port 2/2 on $mux $procmux$11238.
    dead port 1/2 on $mux $procmux$11235.
    dead port 2/2 on $mux $procmux$11235.
    dead port 1/2 on $mux $procmux$11232.
    dead port 2/2 on $mux $procmux$11232.
    dead port 1/2 on $mux $procmux$11229.
    dead port 2/2 on $mux $procmux$11229.
    dead port 1/2 on $mux $procmux$11226.
    dead port 2/2 on $mux $procmux$11226.
    dead port 1/2 on $mux $procmux$11223.
    dead port 2/2 on $mux $procmux$11223.
    dead port 1/2 on $mux $procmux$11220.
    dead port 2/2 on $mux $procmux$11220.
    dead port 1/2 on $mux $procmux$11217.
    dead port 2/2 on $mux $procmux$11217.
    dead port 1/2 on $mux $procmux$11214.
    dead port 2/2 on $mux $procmux$11214.
    dead port 1/2 on $mux $procmux$11211.
    dead port 2/2 on $mux $procmux$11211.
    dead port 1/2 on $mux $procmux$11208.
    dead port 2/2 on $mux $procmux$11208.
    dead port 1/2 on $mux $procmux$11205.
    dead port 2/2 on $mux $procmux$11205.
    dead port 1/2 on $mux $procmux$11202.
    dead port 2/2 on $mux $procmux$11202.
    dead port 1/2 on $mux $procmux$11199.
    dead port 2/2 on $mux $procmux$11199.
    dead port 1/2 on $mux $procmux$11196.
    dead port 2/2 on $mux $procmux$11196.
    dead port 1/2 on $mux $procmux$11193.
    dead port 2/2 on $mux $procmux$11193.
    dead port 1/2 on $mux $procmux$11190.
    dead port 2/2 on $mux $procmux$11190.
    dead port 1/2 on $mux $procmux$11187.
    dead port 2/2 on $mux $procmux$11187.
    dead port 1/2 on $mux $procmux$11184.
    dead port 2/2 on $mux $procmux$11184.
    dead port 1/2 on $mux $procmux$11181.
    dead port 2/2 on $mux $procmux$11181.
    dead port 1/2 on $mux $procmux$11178.
    dead port 2/2 on $mux $procmux$11178.
    dead port 1/2 on $mux $procmux$11175.
    dead port 2/2 on $mux $procmux$11175.
    dead port 1/2 on $mux $procmux$11172.
    dead port 2/2 on $mux $procmux$11172.
    dead port 1/2 on $mux $procmux$11169.
    dead port 2/2 on $mux $procmux$11169.
    dead port 1/2 on $mux $procmux$11166.
    dead port 2/2 on $mux $procmux$11166.
    dead port 1/2 on $mux $procmux$11163.
    dead port 2/2 on $mux $procmux$11163.
    dead port 1/2 on $mux $procmux$11160.
    dead port 2/2 on $mux $procmux$11160.
    dead port 1/2 on $mux $procmux$11157.
    dead port 2/2 on $mux $procmux$11157.
    dead port 1/2 on $mux $procmux$11112.
    dead port 2/2 on $mux $procmux$11112.
    dead port 1/2 on $mux $procmux$11109.
    dead port 2/2 on $mux $procmux$11109.
    dead port 1/2 on $mux $procmux$11106.
    dead port 2/2 on $mux $procmux$11106.
    dead port 1/2 on $mux $procmux$11104.
    dead port 2/2 on $mux $procmux$11104.
    dead port 1/2 on $mux $procmux$11100.
    dead port 2/2 on $mux $procmux$11100.
    dead port 1/2 on $mux $procmux$11097.
    dead port 2/2 on $mux $procmux$11097.
    dead port 1/2 on $mux $procmux$11094.
    dead port 2/2 on $mux $procmux$11094.
    dead port 1/2 on $mux $procmux$11092.
    dead port 2/2 on $mux $procmux$11092.
    dead port 1/2 on $mux $procmux$11088.
    dead port 2/2 on $mux $procmux$11088.
    dead port 1/2 on $mux $procmux$11085.
    dead port 2/2 on $mux $procmux$11085.
    dead port 1/2 on $mux $procmux$11082.
    dead port 2/2 on $mux $procmux$11082.
    dead port 1/2 on $mux $procmux$11080.
    dead port 2/2 on $mux $procmux$11080.
    dead port 1/2 on $mux $procmux$11076.
    dead port 2/2 on $mux $procmux$11076.
    dead port 1/2 on $mux $procmux$11073.
    dead port 2/2 on $mux $procmux$11073.
    dead port 1/2 on $mux $procmux$11070.
    dead port 2/2 on $mux $procmux$11070.
    dead port 1/2 on $mux $procmux$11068.
    dead port 2/2 on $mux $procmux$11068.
    dead port 1/2 on $mux $procmux$11064.
    dead port 2/2 on $mux $procmux$11064.
    dead port 1/2 on $mux $procmux$11061.
    dead port 2/2 on $mux $procmux$11061.
    dead port 1/2 on $mux $procmux$11058.
    dead port 2/2 on $mux $procmux$11058.
    dead port 1/2 on $mux $procmux$11056.
    dead port 2/2 on $mux $procmux$11056.
    dead port 1/2 on $mux $procmux$11052.
    dead port 2/2 on $mux $procmux$11052.
    dead port 1/2 on $mux $procmux$11049.
    dead port 2/2 on $mux $procmux$11049.
    dead port 1/2 on $mux $procmux$11046.
    dead port 2/2 on $mux $procmux$11046.
    dead port 1/2 on $mux $procmux$11044.
    dead port 2/2 on $mux $procmux$11044.
    dead port 1/2 on $mux $procmux$11040.
    dead port 2/2 on $mux $procmux$11040.
    dead port 1/2 on $mux $procmux$11037.
    dead port 2/2 on $mux $procmux$11037.
    dead port 1/2 on $mux $procmux$11034.
    dead port 2/2 on $mux $procmux$11034.
    dead port 1/2 on $mux $procmux$11032.
    dead port 2/2 on $mux $procmux$11032.
    dead port 1/2 on $mux $procmux$11028.
    dead port 2/2 on $mux $procmux$11028.
    dead port 1/2 on $mux $procmux$11025.
    dead port 2/2 on $mux $procmux$11025.
    dead port 1/2 on $mux $procmux$11022.
    dead port 2/2 on $mux $procmux$11022.
    dead port 1/2 on $mux $procmux$11020.
    dead port 2/2 on $mux $procmux$11020.
    dead port 1/2 on $mux $procmux$11016.
    dead port 2/2 on $mux $procmux$11016.
    dead port 1/2 on $mux $procmux$11013.
    dead port 2/2 on $mux $procmux$11013.
    dead port 1/2 on $mux $procmux$11010.
    dead port 2/2 on $mux $procmux$11010.
    dead port 1/2 on $mux $procmux$11008.
    dead port 2/2 on $mux $procmux$11008.
    dead port 1/2 on $mux $procmux$11004.
    dead port 2/2 on $mux $procmux$11004.
    dead port 1/2 on $mux $procmux$11001.
    dead port 2/2 on $mux $procmux$11001.
    dead port 1/2 on $mux $procmux$10998.
    dead port 2/2 on $mux $procmux$10998.
    dead port 1/2 on $mux $procmux$10996.
    dead port 2/2 on $mux $procmux$10996.
    dead port 1/2 on $mux $procmux$10992.
    dead port 2/2 on $mux $procmux$10992.
    dead port 1/2 on $mux $procmux$10989.
    dead port 2/2 on $mux $procmux$10989.
    dead port 1/2 on $mux $procmux$10986.
    dead port 2/2 on $mux $procmux$10986.
    dead port 1/2 on $mux $procmux$10984.
    dead port 2/2 on $mux $procmux$10984.
    dead port 1/2 on $mux $procmux$10980.
    dead port 1/2 on $mux $procmux$10977.
    dead port 2/2 on $mux $procmux$10974.
    dead port 1/2 on $mux $procmux$10968.
    dead port 2/2 on $mux $procmux$10968.
    dead port 1/2 on $mux $procmux$10965.
    dead port 2/2 on $mux $procmux$10965.
    dead port 1/2 on $mux $procmux$10962.
    dead port 2/2 on $mux $procmux$10962.
    dead port 1/2 on $mux $procmux$10960.
    dead port 2/2 on $mux $procmux$10960.
    dead port 1/2 on $mux $procmux$10956.
    dead port 2/2 on $mux $procmux$10956.
    dead port 1/2 on $mux $procmux$10953.
    dead port 2/2 on $mux $procmux$10953.
    dead port 1/2 on $mux $procmux$10950.
    dead port 2/2 on $mux $procmux$10950.
    dead port 1/2 on $mux $procmux$10948.
    dead port 2/2 on $mux $procmux$10948.
    dead port 1/2 on $mux $procmux$10944.
    dead port 2/2 on $mux $procmux$10944.
    dead port 1/2 on $mux $procmux$10941.
    dead port 2/2 on $mux $procmux$10941.
    dead port 1/2 on $mux $procmux$10938.
    dead port 2/2 on $mux $procmux$10938.
    dead port 1/2 on $mux $procmux$10936.
    dead port 2/2 on $mux $procmux$10936.
    dead port 1/2 on $mux $procmux$10932.
    dead port 1/2 on $mux $procmux$10929.
    dead port 2/2 on $mux $procmux$10926.
    dead port 1/2 on $mux $procmux$10830.
    dead port 2/2 on $mux $procmux$10830.
    dead port 1/2 on $mux $procmux$10827.
    dead port 2/2 on $mux $procmux$10827.
    dead port 1/2 on $mux $procmux$10824.
    dead port 2/2 on $mux $procmux$10824.
    dead port 1/2 on $mux $procmux$10822.
    dead port 2/2 on $mux $procmux$10822.
    dead port 1/2 on $mux $procmux$10820.
    dead port 2/2 on $mux $procmux$10820.
    dead port 1/2 on $mux $procmux$10815.
    dead port 2/2 on $mux $procmux$10815.
    dead port 1/2 on $mux $procmux$10812.
    dead port 2/2 on $mux $procmux$10812.
    dead port 1/2 on $mux $procmux$10809.
    dead port 2/2 on $mux $procmux$10809.
    dead port 1/2 on $mux $procmux$10807.
    dead port 2/2 on $mux $procmux$10807.
    dead port 1/2 on $mux $procmux$10805.
    dead port 2/2 on $mux $procmux$10805.
    dead port 1/2 on $mux $procmux$10800.
    dead port 2/2 on $mux $procmux$10800.
    dead port 1/2 on $mux $procmux$10797.
    dead port 2/2 on $mux $procmux$10797.
    dead port 1/2 on $mux $procmux$10794.
    dead port 2/2 on $mux $procmux$10794.
    dead port 1/2 on $mux $procmux$10792.
    dead port 2/2 on $mux $procmux$10792.
    dead port 1/2 on $mux $procmux$10790.
    dead port 2/2 on $mux $procmux$10790.
    dead port 1/2 on $mux $procmux$10785.
    dead port 1/2 on $mux $procmux$10782.
    dead port 2/2 on $mux $procmux$10779.
    dead port 2/2 on $mux $procmux$10777.
    dead port 1/2 on $mux $procmux$10737.
    dead port 2/2 on $mux $procmux$10737.
    dead port 1/2 on $mux $procmux$10734.
    dead port 2/2 on $mux $procmux$10734.
    dead port 1/2 on $mux $procmux$10731.
    dead port 2/2 on $mux $procmux$10731.
    dead port 1/2 on $mux $procmux$10728.
    dead port 2/2 on $mux $procmux$10728.
    dead port 1/2 on $mux $procmux$10725.
    dead port 2/2 on $mux $procmux$10725.
    dead port 1/2 on $mux $procmux$10722.
    dead port 2/2 on $mux $procmux$10722.
    dead port 1/2 on $mux $procmux$10719.
    dead port 2/2 on $mux $procmux$10719.
    dead port 1/2 on $mux $procmux$10716.
    dead port 2/2 on $mux $procmux$10716.
    dead port 1/2 on $mux $procmux$10713.
    dead port 2/2 on $mux $procmux$10713.
    dead port 1/2 on $mux $procmux$10710.
    dead port 2/2 on $mux $procmux$10710.
    dead port 1/2 on $mux $procmux$10707.
    dead port 2/2 on $mux $procmux$10707.
    dead port 1/2 on $mux $procmux$10704.
    dead port 2/2 on $mux $procmux$10704.
    dead port 1/2 on $mux $procmux$10701.
    dead port 2/2 on $mux $procmux$10701.
    dead port 1/2 on $mux $procmux$10698.
    dead port 2/2 on $mux $procmux$10698.
    dead port 1/2 on $mux $procmux$10695.
    dead port 2/2 on $mux $procmux$10695.
    dead port 1/2 on $mux $procmux$10692.
    dead port 2/2 on $mux $procmux$10692.
    dead port 1/2 on $mux $procmux$10689.
    dead port 2/2 on $mux $procmux$10689.
    dead port 1/2 on $mux $procmux$10686.
    dead port 2/2 on $mux $procmux$10686.
    dead port 1/2 on $mux $procmux$10683.
    dead port 2/2 on $mux $procmux$10683.
    dead port 1/2 on $mux $procmux$10680.
    dead port 2/2 on $mux $procmux$10680.
    dead port 1/2 on $mux $procmux$10677.
    dead port 2/2 on $mux $procmux$10677.
    dead port 1/2 on $mux $procmux$10674.
    dead port 2/2 on $mux $procmux$10674.
    dead port 1/2 on $mux $procmux$10671.
    dead port 2/2 on $mux $procmux$10671.
    dead port 1/2 on $mux $procmux$10668.
    dead port 2/2 on $mux $procmux$10668.
    dead port 1/2 on $mux $procmux$10665.
    dead port 2/2 on $mux $procmux$10665.
    dead port 1/2 on $mux $procmux$10662.
    dead port 2/2 on $mux $procmux$10662.
    dead port 1/2 on $mux $procmux$10659.
    dead port 2/2 on $mux $procmux$10659.
    dead port 1/2 on $mux $procmux$10656.
    dead port 2/2 on $mux $procmux$10656.
    dead port 1/2 on $mux $procmux$10653.
    dead port 2/2 on $mux $procmux$10653.
    dead port 1/2 on $mux $procmux$10650.
    dead port 2/2 on $mux $procmux$10650.
    dead port 1/2 on $mux $procmux$10647.
    dead port 2/2 on $mux $procmux$10647.
    dead port 1/2 on $mux $procmux$10644.
    dead port 2/2 on $mux $procmux$10644.
    dead port 1/2 on $mux $procmux$10641.
    dead port 2/2 on $mux $procmux$10641.
    dead port 1/2 on $mux $procmux$10638.
    dead port 2/2 on $mux $procmux$10638.
    dead port 1/2 on $mux $procmux$10635.
    dead port 2/2 on $mux $procmux$10635.
    dead port 1/2 on $mux $procmux$10632.
    dead port 2/2 on $mux $procmux$10632.
    dead port 1/2 on $mux $procmux$10629.
    dead port 2/2 on $mux $procmux$10629.
    dead port 1/2 on $mux $procmux$10626.
    dead port 2/2 on $mux $procmux$10626.
    dead port 1/2 on $mux $procmux$10623.
    dead port 2/2 on $mux $procmux$10623.
    dead port 1/2 on $mux $procmux$10620.
    dead port 2/2 on $mux $procmux$10620.
    dead port 1/2 on $mux $procmux$10617.
    dead port 2/2 on $mux $procmux$10617.
    dead port 1/2 on $mux $procmux$10614.
    dead port 2/2 on $mux $procmux$10614.
    dead port 1/2 on $mux $procmux$10611.
    dead port 2/2 on $mux $procmux$10611.
    dead port 1/2 on $mux $procmux$10608.
    dead port 2/2 on $mux $procmux$10608.
    dead port 1/2 on $mux $procmux$10605.
    dead port 2/2 on $mux $procmux$10605.
    dead port 1/2 on $mux $procmux$10602.
    dead port 2/2 on $mux $procmux$10602.
    dead port 1/2 on $mux $procmux$10599.
    dead port 2/2 on $mux $procmux$10599.
    dead port 1/2 on $mux $procmux$10596.
    dead port 2/2 on $mux $procmux$10596.
    dead port 1/2 on $mux $procmux$10593.
    dead port 2/2 on $mux $procmux$10593.
    dead port 1/2 on $mux $procmux$10590.
    dead port 2/2 on $mux $procmux$10590.
    dead port 1/2 on $mux $procmux$10587.
    dead port 2/2 on $mux $procmux$10587.
    dead port 1/2 on $mux $procmux$10584.
    dead port 2/2 on $mux $procmux$10584.
    dead port 1/2 on $mux $procmux$10581.
    dead port 2/2 on $mux $procmux$10581.
    dead port 1/2 on $mux $procmux$10578.
    dead port 2/2 on $mux $procmux$10578.
    dead port 1/2 on $mux $procmux$10575.
    dead port 2/2 on $mux $procmux$10575.
    dead port 1/2 on $mux $procmux$10572.
    dead port 2/2 on $mux $procmux$10572.
    dead port 1/2 on $mux $procmux$10569.
    dead port 2/2 on $mux $procmux$10569.
    dead port 1/2 on $mux $procmux$10566.
    dead port 2/2 on $mux $procmux$10566.
    dead port 1/2 on $mux $procmux$10563.
    dead port 2/2 on $mux $procmux$10563.
    dead port 1/2 on $mux $procmux$10560.
    dead port 2/2 on $mux $procmux$10560.
    dead port 1/2 on $mux $procmux$10557.
    dead port 2/2 on $mux $procmux$10557.
    dead port 1/2 on $mux $procmux$10554.
    dead port 2/2 on $mux $procmux$10554.
    dead port 1/2 on $mux $procmux$10551.
    dead port 2/2 on $mux $procmux$10551.
    dead port 1/2 on $mux $procmux$10548.
    dead port 2/2 on $mux $procmux$10548.
    dead port 1/2 on $mux $procmux$10545.
    dead port 2/2 on $mux $procmux$10545.
    dead port 1/2 on $mux $procmux$10542.
    dead port 2/2 on $mux $procmux$10542.
    dead port 1/2 on $mux $procmux$10539.
    dead port 2/2 on $mux $procmux$10539.
    dead port 1/2 on $mux $procmux$10536.
    dead port 2/2 on $mux $procmux$10536.
    dead port 1/2 on $mux $procmux$10533.
    dead port 2/2 on $mux $procmux$10533.
    dead port 1/2 on $mux $procmux$10530.
    dead port 2/2 on $mux $procmux$10530.
    dead port 1/2 on $mux $procmux$10527.
    dead port 2/2 on $mux $procmux$10527.
    dead port 1/2 on $mux $procmux$10524.
    dead port 2/2 on $mux $procmux$10524.
    dead port 1/2 on $mux $procmux$10521.
    dead port 2/2 on $mux $procmux$10521.
    dead port 1/2 on $mux $procmux$10518.
    dead port 2/2 on $mux $procmux$10518.
    dead port 1/2 on $mux $procmux$10515.
    dead port 2/2 on $mux $procmux$10515.
    dead port 1/2 on $mux $procmux$10512.
    dead port 2/2 on $mux $procmux$10512.
    dead port 1/2 on $mux $procmux$10509.
    dead port 2/2 on $mux $procmux$10509.
    dead port 1/2 on $mux $procmux$10506.
    dead port 2/2 on $mux $procmux$10506.
    dead port 1/2 on $mux $procmux$10503.
    dead port 2/2 on $mux $procmux$10503.
    dead port 1/2 on $mux $procmux$10500.
    dead port 2/2 on $mux $procmux$10500.
    dead port 1/2 on $mux $procmux$10497.
    dead port 2/2 on $mux $procmux$10497.
    dead port 1/2 on $mux $procmux$10494.
    dead port 2/2 on $mux $procmux$10494.
    dead port 1/2 on $mux $procmux$10491.
    dead port 2/2 on $mux $procmux$10491.
    dead port 1/2 on $mux $procmux$10488.
    dead port 2/2 on $mux $procmux$10488.
    dead port 1/2 on $mux $procmux$10485.
    dead port 2/2 on $mux $procmux$10485.
    dead port 1/2 on $mux $procmux$10482.
    dead port 2/2 on $mux $procmux$10482.
    dead port 1/2 on $mux $procmux$10479.
    dead port 2/2 on $mux $procmux$10479.
    dead port 1/2 on $mux $procmux$10476.
    dead port 2/2 on $mux $procmux$10476.
    dead port 1/2 on $mux $procmux$10473.
    dead port 2/2 on $mux $procmux$10473.
    dead port 1/2 on $mux $procmux$10470.
    dead port 2/2 on $mux $procmux$10470.
    dead port 1/2 on $mux $procmux$10467.
    dead port 2/2 on $mux $procmux$10467.
    dead port 1/2 on $mux $procmux$10464.
    dead port 2/2 on $mux $procmux$10464.
    dead port 1/2 on $mux $procmux$10461.
    dead port 2/2 on $mux $procmux$10461.
    dead port 1/2 on $mux $procmux$10458.
    dead port 2/2 on $mux $procmux$10458.
    dead port 1/2 on $mux $procmux$10455.
    dead port 2/2 on $mux $procmux$10455.
    dead port 1/2 on $mux $procmux$10452.
    dead port 2/2 on $mux $procmux$10452.
    dead port 1/2 on $mux $procmux$10449.
    dead port 2/2 on $mux $procmux$10449.
    dead port 1/2 on $mux $procmux$10446.
    dead port 2/2 on $mux $procmux$10446.
    dead port 1/2 on $mux $procmux$10443.
    dead port 2/2 on $mux $procmux$10443.
    dead port 1/2 on $mux $procmux$10440.
    dead port 2/2 on $mux $procmux$10440.
    dead port 1/2 on $mux $procmux$10437.
    dead port 2/2 on $mux $procmux$10437.
    dead port 1/2 on $mux $procmux$10434.
    dead port 2/2 on $mux $procmux$10434.
    dead port 1/2 on $mux $procmux$10431.
    dead port 2/2 on $mux $procmux$10431.
    dead port 1/2 on $mux $procmux$10428.
    dead port 2/2 on $mux $procmux$10428.
    dead port 1/2 on $mux $procmux$10425.
    dead port 2/2 on $mux $procmux$10425.
    dead port 1/2 on $mux $procmux$10422.
    dead port 2/2 on $mux $procmux$10422.
    dead port 1/2 on $mux $procmux$10419.
    dead port 2/2 on $mux $procmux$10419.
    dead port 1/2 on $mux $procmux$10416.
    dead port 2/2 on $mux $procmux$10416.
    dead port 1/2 on $mux $procmux$10413.
    dead port 2/2 on $mux $procmux$10413.
    dead port 1/2 on $mux $procmux$10410.
    dead port 2/2 on $mux $procmux$10410.
    dead port 1/2 on $mux $procmux$10407.
    dead port 2/2 on $mux $procmux$10407.
    dead port 1/2 on $mux $procmux$10404.
    dead port 2/2 on $mux $procmux$10404.
    dead port 1/2 on $mux $procmux$10401.
    dead port 2/2 on $mux $procmux$10401.
    dead port 1/2 on $mux $procmux$10398.
    dead port 2/2 on $mux $procmux$10398.
    dead port 1/2 on $mux $procmux$10395.
    dead port 2/2 on $mux $procmux$10395.
    dead port 1/2 on $mux $procmux$10392.
    dead port 2/2 on $mux $procmux$10392.
    dead port 1/2 on $mux $procmux$10389.
    dead port 2/2 on $mux $procmux$10389.
    dead port 1/2 on $mux $procmux$10386.
    dead port 2/2 on $mux $procmux$10386.
    dead port 1/2 on $mux $procmux$10383.
    dead port 2/2 on $mux $procmux$10383.
    dead port 1/2 on $mux $procmux$10380.
    dead port 2/2 on $mux $procmux$10380.
    dead port 1/2 on $mux $procmux$10377.
    dead port 2/2 on $mux $procmux$10377.
    dead port 1/2 on $mux $procmux$10374.
    dead port 2/2 on $mux $procmux$10374.
    dead port 1/2 on $mux $procmux$10371.
    dead port 2/2 on $mux $procmux$10371.
    dead port 1/2 on $mux $procmux$10368.
    dead port 2/2 on $mux $procmux$10368.
    dead port 1/2 on $mux $procmux$10365.
    dead port 2/2 on $mux $procmux$10365.
    dead port 1/2 on $mux $procmux$10362.
    dead port 2/2 on $mux $procmux$10362.
    dead port 1/2 on $mux $procmux$10359.
    dead port 2/2 on $mux $procmux$10359.
    dead port 1/2 on $mux $procmux$10356.
    dead port 2/2 on $mux $procmux$10356.
    dead port 1/2 on $mux $procmux$10353.
    dead port 2/2 on $mux $procmux$10353.
    dead port 1/2 on $mux $procmux$10350.
    dead port 2/2 on $mux $procmux$10350.
    dead port 1/2 on $mux $procmux$10347.
    dead port 2/2 on $mux $procmux$10347.
    dead port 1/2 on $mux $procmux$10344.
    dead port 2/2 on $mux $procmux$10344.
    dead port 1/2 on $mux $procmux$10341.
    dead port 2/2 on $mux $procmux$10341.
    dead port 1/2 on $mux $procmux$10338.
    dead port 2/2 on $mux $procmux$10338.
    dead port 1/2 on $mux $procmux$10335.
    dead port 2/2 on $mux $procmux$10335.
    dead port 1/2 on $mux $procmux$10332.
    dead port 2/2 on $mux $procmux$10332.
    dead port 1/2 on $mux $procmux$10329.
    dead port 2/2 on $mux $procmux$10329.
    dead port 1/2 on $mux $procmux$10326.
    dead port 2/2 on $mux $procmux$10326.
    dead port 1/2 on $mux $procmux$10323.
    dead port 1/2 on $mux $procmux$10320.
    dead port 1/2 on $mux $procmux$15717.
    dead port 2/2 on $mux $procmux$15717.
    dead port 1/2 on $mux $procmux$15714.
    dead port 2/2 on $mux $procmux$15714.
    dead port 1/2 on $mux $procmux$15711.
    dead port 2/2 on $mux $procmux$15711.
    dead port 1/2 on $mux $procmux$15708.
    dead port 2/2 on $mux $procmux$15708.
    dead port 1/2 on $mux $procmux$15705.
    dead port 2/2 on $mux $procmux$15705.
    dead port 1/2 on $mux $procmux$15702.
    dead port 2/2 on $mux $procmux$15702.
    dead port 1/2 on $mux $procmux$15699.
    dead port 2/2 on $mux $procmux$15699.
    dead port 1/2 on $mux $procmux$15696.
    dead port 2/2 on $mux $procmux$15696.
    dead port 1/2 on $mux $procmux$15693.
    dead port 2/2 on $mux $procmux$15693.
    dead port 1/2 on $mux $procmux$15690.
    dead port 2/2 on $mux $procmux$15690.
    dead port 1/2 on $mux $procmux$9694.
    dead port 2/2 on $mux $procmux$9694.
    dead port 1/2 on $mux $procmux$9691.
    dead port 2/2 on $mux $procmux$9691.
    dead port 1/2 on $mux $procmux$9688.
    dead port 2/2 on $mux $procmux$9688.
    dead port 1/2 on $mux $procmux$9686.
    dead port 2/2 on $mux $procmux$9686.
    dead port 1/2 on $mux $procmux$9682.
    dead port 1/2 on $mux $procmux$9679.
    dead port 2/2 on $mux $procmux$9676.
    dead port 1/2 on $mux $procmux$9670.
    dead port 2/2 on $mux $procmux$9670.
    dead port 1/2 on $mux $procmux$9667.
    dead port 2/2 on $mux $procmux$9667.
    dead port 1/2 on $mux $procmux$9664.
    dead port 2/2 on $mux $procmux$9664.
    dead port 1/2 on $mux $procmux$9662.
    dead port 2/2 on $mux $procmux$9662.
    dead port 1/2 on $mux $procmux$9658.
    dead port 2/2 on $mux $procmux$9658.
    dead port 1/2 on $mux $procmux$9655.
    dead port 2/2 on $mux $procmux$9655.
    dead port 1/2 on $mux $procmux$9652.
    dead port 2/2 on $mux $procmux$9652.
    dead port 1/2 on $mux $procmux$9650.
    dead port 2/2 on $mux $procmux$9650.
    dead port 1/2 on $mux $procmux$9646.
    dead port 2/2 on $mux $procmux$9646.
    dead port 1/2 on $mux $procmux$9643.
    dead port 2/2 on $mux $procmux$9643.
    dead port 1/2 on $mux $procmux$9640.
    dead port 2/2 on $mux $procmux$9640.
    dead port 1/2 on $mux $procmux$9638.
    dead port 2/2 on $mux $procmux$9638.
    dead port 1/2 on $mux $procmux$9634.
    dead port 1/2 on $mux $procmux$9631.
    dead port 2/2 on $mux $procmux$9628.
    dead port 1/2 on $mux $procmux$9622.
    dead port 2/2 on $mux $procmux$9622.
    dead port 1/2 on $mux $procmux$9619.
    dead port 2/2 on $mux $procmux$9619.
    dead port 1/2 on $mux $procmux$9616.
    dead port 2/2 on $mux $procmux$9616.
    dead port 1/2 on $mux $procmux$9613.
    dead port 2/2 on $mux $procmux$9613.
    dead port 1/2 on $mux $procmux$9610.
    dead port 2/2 on $mux $procmux$9610.
    dead port 1/2 on $mux $procmux$9607.
    dead port 2/2 on $mux $procmux$9607.
    dead port 1/2 on $mux $procmux$9604.
    dead port 2/2 on $mux $procmux$9604.
    dead port 1/2 on $mux $procmux$9601.
    dead port 2/2 on $mux $procmux$9601.
    dead port 1/2 on $mux $procmux$9598.
    dead port 2/2 on $mux $procmux$9598.
    dead port 1/2 on $mux $procmux$9595.
    dead port 2/2 on $mux $procmux$9595.
    dead port 1/2 on $mux $procmux$9592.
    dead port 2/2 on $mux $procmux$9592.
    dead port 1/2 on $mux $procmux$9589.
    dead port 2/2 on $mux $procmux$9589.
    dead port 1/2 on $mux $procmux$9586.
    dead port 2/2 on $mux $procmux$9586.
    dead port 1/2 on $mux $procmux$9583.
    dead port 2/2 on $mux $procmux$9583.
    dead port 1/2 on $mux $procmux$9580.
    dead port 2/2 on $mux $procmux$9580.
    dead port 1/2 on $mux $procmux$9577.
    dead port 2/2 on $mux $procmux$9577.
    dead port 1/2 on $mux $procmux$9574.
    dead port 2/2 on $mux $procmux$9574.
    dead port 1/2 on $mux $procmux$9571.
    dead port 2/2 on $mux $procmux$9571.
    dead port 1/2 on $mux $procmux$9568.
    dead port 2/2 on $mux $procmux$9568.
    dead port 1/2 on $mux $procmux$9565.
    dead port 2/2 on $mux $procmux$9565.
    dead port 1/2 on $mux $procmux$9562.
    dead port 2/2 on $mux $procmux$9562.
    dead port 1/2 on $mux $procmux$9559.
    dead port 2/2 on $mux $procmux$9559.
    dead port 1/2 on $mux $procmux$9556.
    dead port 2/2 on $mux $procmux$9556.
    dead port 1/2 on $mux $procmux$9553.
    dead port 2/2 on $mux $procmux$9553.
    dead port 1/2 on $mux $procmux$9550.
    dead port 2/2 on $mux $procmux$9550.
    dead port 1/2 on $mux $procmux$9547.
    dead port 2/2 on $mux $procmux$9547.
    dead port 1/2 on $mux $procmux$9544.
    dead port 2/2 on $mux $procmux$9544.
    dead port 1/2 on $mux $procmux$9541.
    dead port 2/2 on $mux $procmux$9541.
    dead port 1/2 on $mux $procmux$9538.
    dead port 2/2 on $mux $procmux$9538.
    dead port 1/2 on $mux $procmux$9535.
    dead port 2/2 on $mux $procmux$9535.
    dead port 1/2 on $mux $procmux$9532.
    dead port 2/2 on $mux $procmux$9532.
    dead port 1/2 on $mux $procmux$9529.
    dead port 2/2 on $mux $procmux$9529.
    dead port 1/2 on $mux $procmux$9526.
    dead port 2/2 on $mux $procmux$9526.
    dead port 1/2 on $mux $procmux$9523.
    dead port 2/2 on $mux $procmux$9523.
    dead port 1/2 on $mux $procmux$9520.
    dead port 2/2 on $mux $procmux$9520.
    dead port 1/2 on $mux $procmux$9517.
    dead port 2/2 on $mux $procmux$9517.
    dead port 1/2 on $mux $procmux$9514.
    dead port 2/2 on $mux $procmux$9514.
    dead port 1/2 on $mux $procmux$9511.
    dead port 2/2 on $mux $procmux$9511.
    dead port 1/2 on $mux $procmux$9508.
    dead port 2/2 on $mux $procmux$9508.
    dead port 1/2 on $mux $procmux$9505.
    dead port 2/2 on $mux $procmux$9505.
    dead port 1/2 on $mux $procmux$9502.
    dead port 2/2 on $mux $procmux$9502.
    dead port 1/2 on $mux $procmux$9499.
    dead port 2/2 on $mux $procmux$9499.
    dead port 1/2 on $mux $procmux$9496.
    dead port 2/2 on $mux $procmux$9496.
    dead port 1/2 on $mux $procmux$9493.
    dead port 2/2 on $mux $procmux$9493.
    dead port 1/2 on $mux $procmux$9490.
    dead port 2/2 on $mux $procmux$9490.
    dead port 1/2 on $mux $procmux$9487.
    dead port 2/2 on $mux $procmux$9487.
    dead port 1/2 on $mux $procmux$9484.
    dead port 2/2 on $mux $procmux$9484.
    dead port 1/2 on $mux $procmux$9481.
    dead port 2/2 on $mux $procmux$9481.
    dead port 1/2 on $mux $procmux$9478.
    dead port 2/2 on $mux $procmux$9478.
    dead port 1/2 on $mux $procmux$9475.
    dead port 2/2 on $mux $procmux$9475.
    dead port 1/2 on $mux $procmux$9472.
    dead port 2/2 on $mux $procmux$9472.
    dead port 1/2 on $mux $procmux$9469.
    dead port 2/2 on $mux $procmux$9469.
    dead port 1/2 on $mux $procmux$9466.
    dead port 2/2 on $mux $procmux$9466.
    dead port 1/2 on $mux $procmux$9463.
    dead port 2/2 on $mux $procmux$9463.
    dead port 1/2 on $mux $procmux$9460.
    dead port 2/2 on $mux $procmux$9460.
    dead port 1/2 on $mux $procmux$9457.
    dead port 2/2 on $mux $procmux$9457.
    dead port 1/2 on $mux $procmux$9454.
    dead port 2/2 on $mux $procmux$9454.
    dead port 1/2 on $mux $procmux$9451.
    dead port 2/2 on $mux $procmux$9451.
    dead port 1/2 on $mux $procmux$9448.
    dead port 2/2 on $mux $procmux$9448.
    dead port 1/2 on $mux $procmux$9445.
    dead port 2/2 on $mux $procmux$9445.
    dead port 1/2 on $mux $procmux$9442.
    dead port 2/2 on $mux $procmux$9442.
    dead port 1/2 on $mux $procmux$9439.
    dead port 2/2 on $mux $procmux$9439.
    dead port 1/2 on $mux $procmux$9436.
    dead port 2/2 on $mux $procmux$9436.
    dead port 1/2 on $mux $procmux$9433.
    dead port 2/2 on $mux $procmux$9433.
    dead port 1/2 on $mux $procmux$9430.
    dead port 2/2 on $mux $procmux$9430.
    dead port 1/2 on $mux $procmux$9427.
    dead port 2/2 on $mux $procmux$9427.
    dead port 1/2 on $mux $procmux$9424.
    dead port 2/2 on $mux $procmux$9424.
    dead port 1/2 on $mux $procmux$9421.
    dead port 2/2 on $mux $procmux$9421.
    dead port 1/2 on $mux $procmux$9418.
    dead port 2/2 on $mux $procmux$9418.
    dead port 1/2 on $mux $procmux$9415.
    dead port 2/2 on $mux $procmux$9415.
    dead port 1/2 on $mux $procmux$9412.
    dead port 2/2 on $mux $procmux$9412.
    dead port 1/2 on $mux $procmux$9409.
    dead port 2/2 on $mux $procmux$9409.
    dead port 1/2 on $mux $procmux$9406.
    dead port 1/2 on $mux $procmux$9403.
    dead port 2/2 on $mux $procmux$9400.
    dead port 1/2 on $mux $procmux$15684.
    dead port 2/2 on $mux $procmux$15684.
    dead port 1/2 on $mux $procmux$15681.
    dead port 2/2 on $mux $procmux$15681.
    dead port 1/2 on $mux $procmux$15678.
    dead port 2/2 on $mux $procmux$15678.
    dead port 1/2 on $mux $procmux$9334.
    dead port 1/2 on $mux $procmux$9331.
    dead port 2/2 on $mux $procmux$9328.
    dead port 1/2 on $mux $procmux$15675.
    dead port 2/2 on $mux $procmux$15675.
    dead port 1/2 on $mux $procmux$9310.
    dead port 1/2 on $mux $procmux$9307.
    dead port 2/2 on $mux $procmux$9304.
    dead port 1/2 on $mux $procmux$9298.
    dead port 1/2 on $mux $procmux$9295.
    dead port 2/2 on $mux $procmux$9292.
    dead port 1/2 on $mux $procmux$15672.
    dead port 2/2 on $mux $procmux$15672.
    dead port 1/2 on $mux $procmux$9286.
    dead port 1/2 on $mux $procmux$9283.
    dead port 2/2 on $mux $procmux$9280.
    dead port 1/2 on $mux $procmux$15669.
    dead port 2/2 on $mux $procmux$15669.
    dead port 1/2 on $mux $procmux$9274.
    dead port 2/2 on $mux $procmux$9274.
    dead port 1/2 on $mux $procmux$9271.
    dead port 2/2 on $mux $procmux$9271.
    dead port 1/2 on $mux $procmux$9268.
    dead port 2/2 on $mux $procmux$9268.
    dead port 1/2 on $mux $procmux$9265.
    dead port 2/2 on $mux $procmux$9265.
    dead port 1/2 on $mux $procmux$9262.
    dead port 2/2 on $mux $procmux$9262.
    dead port 1/2 on $mux $procmux$9259.
    dead port 2/2 on $mux $procmux$9259.
    dead port 1/2 on $mux $procmux$9256.
    dead port 2/2 on $mux $procmux$9256.
    dead port 1/2 on $mux $procmux$9253.
    dead port 2/2 on $mux $procmux$9253.
    dead port 1/2 on $mux $procmux$9250.
    dead port 2/2 on $mux $procmux$9250.
    dead port 1/2 on $mux $procmux$9247.
    dead port 2/2 on $mux $procmux$9247.
    dead port 1/2 on $mux $procmux$9244.
    dead port 2/2 on $mux $procmux$9244.
    dead port 1/2 on $mux $procmux$9241.
    dead port 2/2 on $mux $procmux$9241.
    dead port 1/2 on $mux $procmux$9238.
    dead port 2/2 on $mux $procmux$9238.
    dead port 1/2 on $mux $procmux$9235.
    dead port 2/2 on $mux $procmux$9235.
    dead port 1/2 on $mux $procmux$9232.
    dead port 2/2 on $mux $procmux$9232.
    dead port 1/2 on $mux $procmux$9229.
    dead port 2/2 on $mux $procmux$9229.
    dead port 1/2 on $mux $procmux$9226.
    dead port 2/2 on $mux $procmux$9226.
    dead port 1/2 on $mux $procmux$9223.
    dead port 2/2 on $mux $procmux$9223.
    dead port 1/2 on $mux $procmux$9220.
    dead port 2/2 on $mux $procmux$9220.
    dead port 1/2 on $mux $procmux$9217.
    dead port 2/2 on $mux $procmux$9217.
    dead port 1/2 on $mux $procmux$9214.
    dead port 2/2 on $mux $procmux$9214.
    dead port 1/2 on $mux $procmux$9211.
    dead port 2/2 on $mux $procmux$9211.
    dead port 1/2 on $mux $procmux$9208.
    dead port 2/2 on $mux $procmux$9208.
    dead port 1/2 on $mux $procmux$9205.
    dead port 2/2 on $mux $procmux$9205.
    dead port 1/2 on $mux $procmux$9202.
    dead port 2/2 on $mux $procmux$9202.
    dead port 1/2 on $mux $procmux$9199.
    dead port 2/2 on $mux $procmux$9199.
    dead port 1/2 on $mux $procmux$9196.
    dead port 2/2 on $mux $procmux$9196.
    dead port 1/2 on $mux $procmux$9193.
    dead port 2/2 on $mux $procmux$9193.
    dead port 1/2 on $mux $procmux$9190.
    dead port 2/2 on $mux $procmux$9190.
    dead port 1/2 on $mux $procmux$9187.
    dead port 2/2 on $mux $procmux$9187.
    dead port 1/2 on $mux $procmux$9184.
    dead port 2/2 on $mux $procmux$9184.
    dead port 1/2 on $mux $procmux$9181.
    dead port 2/2 on $mux $procmux$9181.
    dead port 1/2 on $mux $procmux$9178.
    dead port 2/2 on $mux $procmux$9178.
    dead port 1/2 on $mux $procmux$9175.
    dead port 2/2 on $mux $procmux$9175.
    dead port 1/2 on $mux $procmux$9172.
    dead port 2/2 on $mux $procmux$9172.
    dead port 1/2 on $mux $procmux$9169.
    dead port 2/2 on $mux $procmux$9169.
    dead port 1/2 on $mux $procmux$9166.
    dead port 2/2 on $mux $procmux$9166.
    dead port 1/2 on $mux $procmux$9163.
    dead port 2/2 on $mux $procmux$9163.
    dead port 1/2 on $mux $procmux$9160.
    dead port 2/2 on $mux $procmux$9160.
    dead port 1/2 on $mux $procmux$9157.
    dead port 2/2 on $mux $procmux$9157.
    dead port 1/2 on $mux $procmux$9154.
    dead port 2/2 on $mux $procmux$9154.
    dead port 1/2 on $mux $procmux$9151.
    dead port 2/2 on $mux $procmux$9151.
    dead port 1/2 on $mux $procmux$9148.
    dead port 2/2 on $mux $procmux$9148.
    dead port 1/2 on $mux $procmux$9145.
    dead port 2/2 on $mux $procmux$9145.
    dead port 1/2 on $mux $procmux$9142.
    dead port 2/2 on $mux $procmux$9142.
    dead port 1/2 on $mux $procmux$9139.
    dead port 2/2 on $mux $procmux$9139.
    dead port 1/2 on $mux $procmux$9136.
    dead port 2/2 on $mux $procmux$9136.
    dead port 1/2 on $mux $procmux$9133.
    dead port 2/2 on $mux $procmux$9133.
    dead port 1/2 on $mux $procmux$9130.
    dead port 2/2 on $mux $procmux$9130.
    dead port 1/2 on $mux $procmux$9127.
    dead port 2/2 on $mux $procmux$9127.
    dead port 1/2 on $mux $procmux$9124.
    dead port 2/2 on $mux $procmux$9124.
    dead port 1/2 on $mux $procmux$9121.
    dead port 2/2 on $mux $procmux$9121.
    dead port 1/2 on $mux $procmux$9118.
    dead port 2/2 on $mux $procmux$9118.
    dead port 1/2 on $mux $procmux$9115.
    dead port 2/2 on $mux $procmux$9115.
    dead port 1/2 on $mux $procmux$9112.
    dead port 2/2 on $mux $procmux$9112.
    dead port 1/2 on $mux $procmux$9109.
    dead port 2/2 on $mux $procmux$9109.
    dead port 1/2 on $mux $procmux$9106.
    dead port 2/2 on $mux $procmux$9106.
    dead port 1/2 on $mux $procmux$9103.
    dead port 2/2 on $mux $procmux$9103.
    dead port 1/2 on $mux $procmux$9100.
    dead port 2/2 on $mux $procmux$9100.
    dead port 1/2 on $mux $procmux$9097.
    dead port 2/2 on $mux $procmux$9097.
    dead port 1/2 on $mux $procmux$9095.
    dead port 2/2 on $mux $procmux$9095.
    dead port 1/2 on $mux $procmux$9091.
    dead port 2/2 on $mux $procmux$9091.
    dead port 1/2 on $mux $procmux$9088.
    dead port 2/2 on $mux $procmux$9088.
    dead port 1/2 on $mux $procmux$9085.
    dead port 2/2 on $mux $procmux$9085.
    dead port 1/2 on $mux $procmux$9083.
    dead port 2/2 on $mux $procmux$9083.
    dead port 1/2 on $mux $procmux$9079.
    dead port 2/2 on $mux $procmux$9079.
    dead port 1/2 on $mux $procmux$9076.
    dead port 2/2 on $mux $procmux$9076.
    dead port 1/2 on $mux $procmux$9073.
    dead port 2/2 on $mux $procmux$9073.
    dead port 1/2 on $mux $procmux$9071.
    dead port 2/2 on $mux $procmux$9071.
    dead port 1/2 on $mux $procmux$9067.
    dead port 2/2 on $mux $procmux$9067.
    dead port 1/2 on $mux $procmux$9064.
    dead port 2/2 on $mux $procmux$9064.
    dead port 1/2 on $mux $procmux$9061.
    dead port 2/2 on $mux $procmux$9061.
    dead port 1/2 on $mux $procmux$9059.
    dead port 2/2 on $mux $procmux$9059.
    dead port 1/2 on $mux $procmux$9055.
    dead port 2/2 on $mux $procmux$9055.
    dead port 1/2 on $mux $procmux$9052.
    dead port 2/2 on $mux $procmux$9052.
    dead port 1/2 on $mux $procmux$9049.
    dead port 2/2 on $mux $procmux$9049.
    dead port 1/2 on $mux $procmux$9047.
    dead port 2/2 on $mux $procmux$9047.
    dead port 1/2 on $mux $procmux$9044.
    dead port 2/2 on $mux $procmux$9044.
    dead port 1/2 on $mux $procmux$9040.
    dead port 2/2 on $mux $procmux$9040.
    dead port 1/2 on $mux $procmux$9037.
    dead port 2/2 on $mux $procmux$9037.
    dead port 1/2 on $mux $procmux$9034.
    dead port 2/2 on $mux $procmux$9034.
    dead port 1/2 on $mux $procmux$9032.
    dead port 2/2 on $mux $procmux$9032.
    dead port 1/2 on $mux $procmux$9029.
    dead port 2/2 on $mux $procmux$9029.
    dead port 1/2 on $mux $procmux$9025.
    dead port 1/2 on $mux $procmux$9022.
    dead port 2/2 on $mux $procmux$9019.
    dead port 1/2 on $mux $procmux$15666.
    dead port 2/2 on $mux $procmux$15666.
    dead port 1/2 on $mux $procmux$15663.
    dead port 2/2 on $mux $procmux$15663.
    dead port 1/2 on $mux $procmux$9012.
    dead port 1/2 on $mux $procmux$9009.
    dead port 2/2 on $mux $procmux$9006.
    dead port 2/2 on $mux $procmux$9004.
    dead port 1/2 on $mux $procmux$15660.
    dead port 2/2 on $mux $procmux$15660.
    dead port 1/2 on $mux $procmux$15657.
    dead port 2/2 on $mux $procmux$15657.
    dead port 1/2 on $mux $procmux$15654.
    dead port 2/2 on $mux $procmux$15654.
    dead port 1/2 on $mux $procmux$15651.
    dead port 2/2 on $mux $procmux$15651.
    dead port 1/2 on $mux $procmux$15648.
    dead port 2/2 on $mux $procmux$15648.
    dead port 1/2 on $mux $procmux$15645.
    dead port 2/2 on $mux $procmux$15645.
    dead port 1/2 on $mux $procmux$15642.
    dead port 2/2 on $mux $procmux$15642.
    dead port 1/2 on $mux $procmux$8991.
    dead port 2/2 on $mux $procmux$8991.
    dead port 1/2 on $mux $procmux$8988.
    dead port 2/2 on $mux $procmux$8988.
    dead port 1/2 on $mux $procmux$8985.
    dead port 2/2 on $mux $procmux$8985.
    dead port 1/2 on $mux $procmux$8983.
    dead port 2/2 on $mux $procmux$8983.
    dead port 1/2 on $mux $procmux$8979.
    dead port 2/2 on $mux $procmux$8979.
    dead port 1/2 on $mux $procmux$8976.
    dead port 2/2 on $mux $procmux$8976.
    dead port 1/2 on $mux $procmux$8973.
    dead port 2/2 on $mux $procmux$8973.
    dead port 1/2 on $mux $procmux$8971.
    dead port 2/2 on $mux $procmux$8971.
    dead port 1/2 on $mux $procmux$8967.
    dead port 2/2 on $mux $procmux$8967.
    dead port 1/2 on $mux $procmux$8964.
    dead port 2/2 on $mux $procmux$8964.
    dead port 1/2 on $mux $procmux$8961.
    dead port 2/2 on $mux $procmux$8961.
    dead port 1/2 on $mux $procmux$8958.
    dead port 2/2 on $mux $procmux$8958.
    dead port 1/2 on $mux $procmux$8955.
    dead port 2/2 on $mux $procmux$8955.
    dead port 1/2 on $mux $procmux$8952.
    dead port 2/2 on $mux $procmux$8952.
    dead port 1/2 on $mux $procmux$8949.
    dead port 2/2 on $mux $procmux$8949.
    dead port 1/2 on $mux $procmux$8946.
    dead port 2/2 on $mux $procmux$8946.
    dead port 1/2 on $mux $procmux$8943.
    dead port 2/2 on $mux $procmux$8943.
    dead port 1/2 on $mux $procmux$8940.
    dead port 2/2 on $mux $procmux$8940.
    dead port 1/2 on $mux $procmux$8937.
    dead port 2/2 on $mux $procmux$8937.
    dead port 1/2 on $mux $procmux$8934.
    dead port 2/2 on $mux $procmux$8934.
    dead port 1/2 on $mux $procmux$8931.
    dead port 2/2 on $mux $procmux$8931.
    dead port 1/2 on $mux $procmux$8928.
    dead port 2/2 on $mux $procmux$8928.
    dead port 1/2 on $mux $procmux$8925.
    dead port 2/2 on $mux $procmux$8925.
    dead port 1/2 on $mux $procmux$8922.
    dead port 2/2 on $mux $procmux$8922.
    dead port 1/2 on $mux $procmux$8919.
    dead port 2/2 on $mux $procmux$8919.
    dead port 1/2 on $mux $procmux$8916.
    dead port 2/2 on $mux $procmux$8916.
    dead port 1/2 on $mux $procmux$8913.
    dead port 2/2 on $mux $procmux$8913.
    dead port 1/2 on $mux $procmux$8910.
    dead port 2/2 on $mux $procmux$8910.
    dead port 1/2 on $mux $procmux$8907.
    dead port 2/2 on $mux $procmux$8907.
    dead port 1/2 on $mux $procmux$8904.
    dead port 2/2 on $mux $procmux$8904.
    dead port 1/2 on $mux $procmux$8901.
    dead port 2/2 on $mux $procmux$8901.
    dead port 1/2 on $mux $procmux$8898.
    dead port 2/2 on $mux $procmux$8898.
    dead port 1/2 on $mux $procmux$8895.
    dead port 2/2 on $mux $procmux$8895.
    dead port 1/2 on $mux $procmux$8892.
    dead port 2/2 on $mux $procmux$8892.
    dead port 1/2 on $mux $procmux$8889.
    dead port 2/2 on $mux $procmux$8889.
    dead port 1/2 on $mux $procmux$8886.
    dead port 2/2 on $mux $procmux$8886.
    dead port 1/2 on $mux $procmux$8883.
    dead port 2/2 on $mux $procmux$8883.
    dead port 1/2 on $mux $procmux$8880.
    dead port 2/2 on $mux $procmux$8880.
    dead port 1/2 on $mux $procmux$8877.
    dead port 2/2 on $mux $procmux$8877.
    dead port 1/2 on $mux $procmux$8874.
    dead port 2/2 on $mux $procmux$8874.
    dead port 1/2 on $mux $procmux$8871.
    dead port 2/2 on $mux $procmux$8871.
    dead port 1/2 on $mux $procmux$8868.
    dead port 2/2 on $mux $procmux$8868.
    dead port 1/2 on $mux $procmux$8865.
    dead port 2/2 on $mux $procmux$8865.
    dead port 1/2 on $mux $procmux$8862.
    dead port 2/2 on $mux $procmux$8862.
    dead port 1/2 on $mux $procmux$8859.
    dead port 2/2 on $mux $procmux$8859.
    dead port 1/2 on $mux $procmux$8856.
    dead port 2/2 on $mux $procmux$8856.
    dead port 1/2 on $mux $procmux$8853.
    dead port 2/2 on $mux $procmux$8853.
    dead port 1/2 on $mux $procmux$8850.
    dead port 2/2 on $mux $procmux$8850.
    dead port 1/2 on $mux $procmux$8847.
    dead port 2/2 on $mux $procmux$8847.
    dead port 1/2 on $mux $procmux$8844.
    dead port 2/2 on $mux $procmux$8844.
    dead port 1/2 on $mux $procmux$8841.
    dead port 2/2 on $mux $procmux$8841.
    dead port 1/2 on $mux $procmux$8838.
    dead port 2/2 on $mux $procmux$8838.
    dead port 1/2 on $mux $procmux$8835.
    dead port 2/2 on $mux $procmux$8835.
    dead port 1/2 on $mux $procmux$8832.
    dead port 2/2 on $mux $procmux$8832.
    dead port 1/2 on $mux $procmux$8829.
    dead port 2/2 on $mux $procmux$8829.
    dead port 1/2 on $mux $procmux$8826.
    dead port 2/2 on $mux $procmux$8826.
    dead port 1/2 on $mux $procmux$8823.
    dead port 2/2 on $mux $procmux$8823.
    dead port 1/2 on $mux $procmux$8820.
    dead port 2/2 on $mux $procmux$8820.
    dead port 1/2 on $mux $procmux$8817.
    dead port 2/2 on $mux $procmux$8817.
    dead port 1/2 on $mux $procmux$8814.
    dead port 2/2 on $mux $procmux$8814.
    dead port 1/2 on $mux $procmux$8811.
    dead port 2/2 on $mux $procmux$8811.
    dead port 1/2 on $mux $procmux$8808.
    dead port 2/2 on $mux $procmux$8808.
    dead port 1/2 on $mux $procmux$8805.
    dead port 2/2 on $mux $procmux$8805.
    dead port 1/2 on $mux $procmux$8802.
    dead port 2/2 on $mux $procmux$8802.
    dead port 1/2 on $mux $procmux$8799.
    dead port 2/2 on $mux $procmux$8799.
    dead port 1/2 on $mux $procmux$8796.
    dead port 2/2 on $mux $procmux$8796.
    dead port 1/2 on $mux $procmux$8793.
    dead port 2/2 on $mux $procmux$8793.
    dead port 1/2 on $mux $procmux$8790.
    dead port 2/2 on $mux $procmux$8790.
    dead port 1/2 on $mux $procmux$8787.
    dead port 1/2 on $mux $procmux$8784.
    dead port 2/2 on $mux $procmux$8781.
    dead port 1/2 on $mux $procmux$15639.
    dead port 2/2 on $mux $procmux$15639.
    dead port 1/2 on $mux $procmux$15636.
    dead port 2/2 on $mux $procmux$15636.
    dead port 1/2 on $mux $procmux$8763.
    dead port 1/2 on $mux $procmux$8760.
    dead port 2/2 on $mux $procmux$8757.
    dead port 1/2 on $mux $procmux$15633.
    dead port 2/2 on $mux $procmux$15633.
    dead port 1/2 on $mux $procmux$8739.
    dead port 1/2 on $mux $procmux$8736.
    dead port 2/2 on $mux $procmux$8733.
    dead port 1/2 on $mux $procmux$15630.
    dead port 2/2 on $mux $procmux$15630.
    dead port 1/2 on $mux $procmux$8715.
    dead port 1/2 on $mux $procmux$8712.
    dead port 2/2 on $mux $procmux$8709.
    dead port 1/2 on $mux $procmux$8703.
    dead port 1/2 on $mux $procmux$8700.
    dead port 2/2 on $mux $procmux$8697.
    dead port 1/2 on $mux $procmux$15627.
    dead port 2/2 on $mux $procmux$15627.
    dead port 1/2 on $mux $procmux$8691.
    dead port 1/2 on $mux $procmux$8688.
    dead port 2/2 on $mux $procmux$8685.
    dead port 2/2 on $mux $procmux$15624.
    dead port 1/2 on $mux $procmux$8679.
    dead port 2/2 on $mux $procmux$8679.
    dead port 1/2 on $mux $procmux$8676.
    dead port 2/2 on $mux $procmux$8676.
    dead port 1/2 on $mux $procmux$8673.
    dead port 2/2 on $mux $procmux$8673.
    dead port 1/2 on $mux $procmux$8670.
    dead port 2/2 on $mux $procmux$8670.
    dead port 1/2 on $mux $procmux$8667.
    dead port 2/2 on $mux $procmux$8667.
    dead port 1/2 on $mux $procmux$8664.
    dead port 2/2 on $mux $procmux$8664.
    dead port 1/2 on $mux $procmux$8661.
    dead port 2/2 on $mux $procmux$8661.
    dead port 1/2 on $mux $procmux$8658.
    dead port 2/2 on $mux $procmux$8658.
    dead port 1/2 on $mux $procmux$8655.
    dead port 2/2 on $mux $procmux$8655.
    dead port 1/2 on $mux $procmux$8652.
    dead port 2/2 on $mux $procmux$8652.
    dead port 1/2 on $mux $procmux$8649.
    dead port 2/2 on $mux $procmux$8649.
    dead port 1/2 on $mux $procmux$8646.
    dead port 2/2 on $mux $procmux$8646.
    dead port 1/2 on $mux $procmux$8643.
    dead port 2/2 on $mux $procmux$8643.
    dead port 1/2 on $mux $procmux$8640.
    dead port 2/2 on $mux $procmux$8640.
    dead port 1/2 on $mux $procmux$8637.
    dead port 2/2 on $mux $procmux$8637.
    dead port 1/2 on $mux $procmux$8634.
    dead port 2/2 on $mux $procmux$8634.
    dead port 1/2 on $mux $procmux$8631.
    dead port 2/2 on $mux $procmux$8631.
    dead port 1/2 on $mux $procmux$8628.
    dead port 2/2 on $mux $procmux$8628.
    dead port 1/2 on $mux $procmux$8625.
    dead port 2/2 on $mux $procmux$8625.
    dead port 1/2 on $mux $procmux$8622.
    dead port 2/2 on $mux $procmux$8622.
    dead port 1/2 on $mux $procmux$8619.
    dead port 2/2 on $mux $procmux$8619.
    dead port 1/2 on $mux $procmux$8616.
    dead port 2/2 on $mux $procmux$8616.
    dead port 1/2 on $mux $procmux$8613.
    dead port 2/2 on $mux $procmux$8613.
    dead port 1/2 on $mux $procmux$8610.
    dead port 2/2 on $mux $procmux$8610.
    dead port 1/2 on $mux $procmux$8607.
    dead port 2/2 on $mux $procmux$8607.
    dead port 1/2 on $mux $procmux$8604.
    dead port 2/2 on $mux $procmux$8604.
    dead port 1/2 on $mux $procmux$8601.
    dead port 2/2 on $mux $procmux$8601.
    dead port 1/2 on $mux $procmux$8598.
    dead port 2/2 on $mux $procmux$8598.
    dead port 1/2 on $mux $procmux$8595.
    dead port 2/2 on $mux $procmux$8595.
    dead port 1/2 on $mux $procmux$8592.
    dead port 2/2 on $mux $procmux$8592.
    dead port 1/2 on $mux $procmux$8589.
    dead port 2/2 on $mux $procmux$8589.
    dead port 1/2 on $mux $procmux$8586.
    dead port 2/2 on $mux $procmux$8586.
    dead port 1/2 on $mux $procmux$8583.
    dead port 2/2 on $mux $procmux$8583.
    dead port 1/2 on $mux $procmux$8580.
    dead port 2/2 on $mux $procmux$8580.
    dead port 1/2 on $mux $procmux$8577.
    dead port 2/2 on $mux $procmux$8577.
    dead port 1/2 on $mux $procmux$8574.
    dead port 2/2 on $mux $procmux$8574.
    dead port 1/2 on $mux $procmux$8571.
    dead port 2/2 on $mux $procmux$8571.
    dead port 1/2 on $mux $procmux$8568.
    dead port 2/2 on $mux $procmux$8568.
    dead port 1/2 on $mux $procmux$8565.
    dead port 2/2 on $mux $procmux$8565.
    dead port 1/2 on $mux $procmux$8562.
    dead port 2/2 on $mux $procmux$8562.
    dead port 1/2 on $mux $procmux$8559.
    dead port 2/2 on $mux $procmux$8559.
    dead port 1/2 on $mux $procmux$8556.
    dead port 2/2 on $mux $procmux$8556.
    dead port 1/2 on $mux $procmux$8553.
    dead port 2/2 on $mux $procmux$8553.
    dead port 1/2 on $mux $procmux$8550.
    dead port 2/2 on $mux $procmux$8550.
    dead port 1/2 on $mux $procmux$8547.
    dead port 2/2 on $mux $procmux$8547.
    dead port 1/2 on $mux $procmux$8544.
    dead port 2/2 on $mux $procmux$8544.
    dead port 1/2 on $mux $procmux$8541.
    dead port 2/2 on $mux $procmux$8541.
    dead port 1/2 on $mux $procmux$8538.
    dead port 2/2 on $mux $procmux$8538.
    dead port 1/2 on $mux $procmux$8535.
    dead port 2/2 on $mux $procmux$8535.
    dead port 1/2 on $mux $procmux$8532.
    dead port 2/2 on $mux $procmux$8532.
    dead port 1/2 on $mux $procmux$8529.
    dead port 2/2 on $mux $procmux$8529.
    dead port 1/2 on $mux $procmux$8526.
    dead port 2/2 on $mux $procmux$8526.
    dead port 1/2 on $mux $procmux$8523.
    dead port 2/2 on $mux $procmux$8523.
    dead port 1/2 on $mux $procmux$8520.
    dead port 2/2 on $mux $procmux$8520.
    dead port 1/2 on $mux $procmux$15618.
    dead port 2/2 on $mux $procmux$15618.
    dead port 1/2 on $mux $procmux$8493.
    dead port 1/2 on $mux $procmux$8490.
    dead port 2/2 on $mux $procmux$8487.
    dead port 1/2 on $mux $procmux$8479.
    dead port 1/2 on $mux $procmux$8476.
    dead port 2/2 on $mux $procmux$8473.
    dead port 1/2 on $mux $procmux$8464.
    dead port 2/2 on $mux $procmux$8464.
    dead port 1/2 on $mux $procmux$8461.
    dead port 2/2 on $mux $procmux$8461.
    dead port 1/2 on $mux $procmux$8458.
    dead port 2/2 on $mux $procmux$8458.
    dead port 1/2 on $mux $procmux$8455.
    dead port 2/2 on $mux $procmux$8455.
    dead port 1/2 on $mux $procmux$8452.
    dead port 2/2 on $mux $procmux$8452.
    dead port 1/2 on $mux $procmux$8449.
    dead port 2/2 on $mux $procmux$8449.
    dead port 1/2 on $mux $procmux$8446.
    dead port 2/2 on $mux $procmux$8446.
    dead port 1/2 on $mux $procmux$8443.
    dead port 2/2 on $mux $procmux$8443.
    dead port 1/2 on $mux $procmux$8440.
    dead port 2/2 on $mux $procmux$8440.
    dead port 1/2 on $mux $procmux$8437.
    dead port 2/2 on $mux $procmux$8437.
    dead port 1/2 on $mux $procmux$8434.
    dead port 2/2 on $mux $procmux$8434.
    dead port 1/2 on $mux $procmux$8431.
    dead port 2/2 on $mux $procmux$8431.
    dead port 1/2 on $mux $procmux$8428.
    dead port 2/2 on $mux $procmux$8428.
    dead port 1/2 on $mux $procmux$8425.
    dead port 2/2 on $mux $procmux$8425.
    dead port 1/2 on $mux $procmux$8422.
    dead port 2/2 on $mux $procmux$8422.
    dead port 1/2 on $mux $procmux$8419.
    dead port 2/2 on $mux $procmux$8419.
    dead port 1/2 on $mux $procmux$8416.
    dead port 2/2 on $mux $procmux$8416.
    dead port 1/2 on $mux $procmux$8413.
    dead port 2/2 on $mux $procmux$8413.
    dead port 1/2 on $mux $procmux$8410.
    dead port 2/2 on $mux $procmux$8410.
    dead port 1/2 on $mux $procmux$8407.
    dead port 2/2 on $mux $procmux$8407.
    dead port 1/2 on $mux $procmux$8404.
    dead port 2/2 on $mux $procmux$8404.
    dead port 1/2 on $mux $procmux$8402.
    dead port 2/2 on $mux $procmux$8402.
    dead port 1/2 on $mux $procmux$8398.
    dead port 2/2 on $mux $procmux$8398.
    dead port 1/2 on $mux $procmux$8395.
    dead port 2/2 on $mux $procmux$8395.
    dead port 1/2 on $mux $procmux$8392.
    dead port 2/2 on $mux $procmux$8392.
    dead port 1/2 on $mux $procmux$8390.
    dead port 2/2 on $mux $procmux$8390.
    dead port 1/2 on $mux $procmux$8386.
    dead port 2/2 on $mux $procmux$8386.
    dead port 1/2 on $mux $procmux$8383.
    dead port 2/2 on $mux $procmux$8383.
    dead port 1/2 on $mux $procmux$8380.
    dead port 2/2 on $mux $procmux$8380.
    dead port 1/2 on $mux $procmux$8378.
    dead port 2/2 on $mux $procmux$8378.
    dead port 1/2 on $mux $procmux$8374.
    dead port 2/2 on $mux $procmux$8374.
    dead port 1/2 on $mux $procmux$8371.
    dead port 2/2 on $mux $procmux$8371.
    dead port 1/2 on $mux $procmux$8368.
    dead port 2/2 on $mux $procmux$8368.
    dead port 1/2 on $mux $procmux$8366.
    dead port 2/2 on $mux $procmux$8366.
    dead port 1/2 on $mux $procmux$8362.
    dead port 2/2 on $mux $procmux$8362.
    dead port 1/2 on $mux $procmux$8359.
    dead port 2/2 on $mux $procmux$8359.
    dead port 1/2 on $mux $procmux$8356.
    dead port 2/2 on $mux $procmux$8356.
    dead port 1/2 on $mux $procmux$8354.
    dead port 2/2 on $mux $procmux$8354.
    dead port 1/2 on $mux $procmux$8351.
    dead port 2/2 on $mux $procmux$8351.
    dead port 1/2 on $mux $procmux$8347.
    dead port 2/2 on $mux $procmux$8347.
    dead port 1/2 on $mux $procmux$8344.
    dead port 2/2 on $mux $procmux$8344.
    dead port 1/2 on $mux $procmux$8341.
    dead port 2/2 on $mux $procmux$8341.
    dead port 1/2 on $mux $procmux$8339.
    dead port 2/2 on $mux $procmux$8339.
    dead port 1/2 on $mux $procmux$8336.
    dead port 2/2 on $mux $procmux$8336.
    dead port 1/2 on $mux $procmux$8332.
    dead port 2/2 on $mux $procmux$8332.
    dead port 1/2 on $mux $procmux$8329.
    dead port 2/2 on $mux $procmux$8329.
    dead port 1/2 on $mux $procmux$8326.
    dead port 2/2 on $mux $procmux$8326.
    dead port 1/2 on $mux $procmux$8324.
    dead port 2/2 on $mux $procmux$8324.
    dead port 1/2 on $mux $procmux$8321.
    dead port 2/2 on $mux $procmux$8321.
    dead port 1/2 on $mux $procmux$8317.
    dead port 2/2 on $mux $procmux$8317.
    dead port 1/2 on $mux $procmux$8314.
    dead port 2/2 on $mux $procmux$8314.
    dead port 1/2 on $mux $procmux$8311.
    dead port 2/2 on $mux $procmux$8311.
    dead port 1/2 on $mux $procmux$8309.
    dead port 2/2 on $mux $procmux$8309.
    dead port 1/2 on $mux $procmux$8306.
    dead port 2/2 on $mux $procmux$8306.
    dead port 1/2 on $mux $procmux$15615.
    dead port 2/2 on $mux $procmux$15615.
    dead port 1/2 on $mux $procmux$15612.
    dead port 2/2 on $mux $procmux$15612.
    dead port 1/2 on $mux $procmux$8266.
    dead port 2/2 on $mux $procmux$8266.
    dead port 1/2 on $mux $procmux$8263.
    dead port 2/2 on $mux $procmux$8263.
    dead port 1/2 on $mux $procmux$8260.
    dead port 2/2 on $mux $procmux$8260.
    dead port 1/2 on $mux $procmux$8257.
    dead port 2/2 on $mux $procmux$8257.
    dead port 1/2 on $mux $procmux$8254.
    dead port 2/2 on $mux $procmux$8254.
    dead port 1/2 on $mux $procmux$8251.
    dead port 2/2 on $mux $procmux$8251.
    dead port 1/2 on $mux $procmux$8248.
    dead port 2/2 on $mux $procmux$8248.
    dead port 1/2 on $mux $procmux$8245.
    dead port 2/2 on $mux $procmux$8245.
    dead port 1/2 on $mux $procmux$8242.
    dead port 2/2 on $mux $procmux$8242.
    dead port 1/2 on $mux $procmux$8239.
    dead port 2/2 on $mux $procmux$8239.
    dead port 1/2 on $mux $procmux$8236.
    dead port 2/2 on $mux $procmux$8236.
    dead port 1/2 on $mux $procmux$8233.
    dead port 2/2 on $mux $procmux$8233.
    dead port 1/2 on $mux $procmux$8230.
    dead port 2/2 on $mux $procmux$8230.
    dead port 1/2 on $mux $procmux$8227.
    dead port 2/2 on $mux $procmux$8227.
    dead port 1/2 on $mux $procmux$8224.
    dead port 2/2 on $mux $procmux$8224.
    dead port 1/2 on $mux $procmux$8222.
    dead port 2/2 on $mux $procmux$8222.
    dead port 1/2 on $mux $procmux$8218.
    dead port 2/2 on $mux $procmux$8218.
    dead port 1/2 on $mux $procmux$8215.
    dead port 2/2 on $mux $procmux$8215.
    dead port 1/2 on $mux $procmux$8212.
    dead port 2/2 on $mux $procmux$8212.
    dead port 1/2 on $mux $procmux$8210.
    dead port 2/2 on $mux $procmux$8210.
    dead port 1/2 on $mux $procmux$8206.
    dead port 2/2 on $mux $procmux$8206.
    dead port 1/2 on $mux $procmux$8203.
    dead port 2/2 on $mux $procmux$8203.
    dead port 1/2 on $mux $procmux$8200.
    dead port 2/2 on $mux $procmux$8200.
    dead port 1/2 on $mux $procmux$8198.
    dead port 2/2 on $mux $procmux$8198.
    dead port 1/2 on $mux $procmux$8194.
    dead port 2/2 on $mux $procmux$8194.
    dead port 1/2 on $mux $procmux$8191.
    dead port 2/2 on $mux $procmux$8191.
    dead port 1/2 on $mux $procmux$8188.
    dead port 2/2 on $mux $procmux$8188.
    dead port 1/2 on $mux $procmux$8186.
    dead port 2/2 on $mux $procmux$8186.
    dead port 1/2 on $mux $procmux$8182.
    dead port 2/2 on $mux $procmux$8182.
    dead port 1/2 on $mux $procmux$8179.
    dead port 2/2 on $mux $procmux$8179.
    dead port 1/2 on $mux $procmux$8176.
    dead port 2/2 on $mux $procmux$8176.
    dead port 1/2 on $mux $procmux$8174.
    dead port 2/2 on $mux $procmux$8174.
    dead port 1/2 on $mux $procmux$8171.
    dead port 2/2 on $mux $procmux$8171.
    dead port 1/2 on $mux $procmux$8167.
    dead port 2/2 on $mux $procmux$8167.
    dead port 1/2 on $mux $procmux$8164.
    dead port 2/2 on $mux $procmux$8164.
    dead port 1/2 on $mux $procmux$8161.
    dead port 2/2 on $mux $procmux$8161.
    dead port 1/2 on $mux $procmux$8159.
    dead port 2/2 on $mux $procmux$8159.
    dead port 1/2 on $mux $procmux$8156.
    dead port 2/2 on $mux $procmux$8156.
    dead port 1/2 on $mux $procmux$8152.
    dead port 2/2 on $mux $procmux$8152.
    dead port 1/2 on $mux $procmux$8149.
    dead port 2/2 on $mux $procmux$8149.
    dead port 1/2 on $mux $procmux$8146.
    dead port 2/2 on $mux $procmux$8146.
    dead port 1/2 on $mux $procmux$8144.
    dead port 2/2 on $mux $procmux$8144.
    dead port 1/2 on $mux $procmux$8141.
    dead port 2/2 on $mux $procmux$8141.
    dead port 1/2 on $mux $procmux$8137.
    dead port 2/2 on $mux $procmux$8137.
    dead port 1/2 on $mux $procmux$8134.
    dead port 2/2 on $mux $procmux$8134.
    dead port 1/2 on $mux $procmux$8131.
    dead port 2/2 on $mux $procmux$8131.
    dead port 1/2 on $mux $procmux$8129.
    dead port 2/2 on $mux $procmux$8129.
    dead port 1/2 on $mux $procmux$8126.
    dead port 2/2 on $mux $procmux$8126.
    dead port 1/2 on $mux $procmux$15609.
    dead port 2/2 on $mux $procmux$15609.
    dead port 1/2 on $mux $procmux$15606.
    dead port 2/2 on $mux $procmux$15606.
    dead port 1/2 on $mux $procmux$8086.
    dead port 2/2 on $mux $procmux$8086.
    dead port 1/2 on $mux $procmux$8083.
    dead port 2/2 on $mux $procmux$8083.
    dead port 1/2 on $mux $procmux$8080.
    dead port 2/2 on $mux $procmux$8080.
    dead port 1/2 on $mux $procmux$8077.
    dead port 2/2 on $mux $procmux$8077.
    dead port 1/2 on $mux $procmux$8074.
    dead port 2/2 on $mux $procmux$8074.
    dead port 1/2 on $mux $procmux$8071.
    dead port 2/2 on $mux $procmux$8071.
    dead port 1/2 on $mux $procmux$8068.
    dead port 2/2 on $mux $procmux$8068.
    dead port 1/2 on $mux $procmux$8065.
    dead port 2/2 on $mux $procmux$8065.
    dead port 1/2 on $mux $procmux$8062.
    dead port 2/2 on $mux $procmux$8062.
    dead port 1/2 on $mux $procmux$8059.
    dead port 2/2 on $mux $procmux$8059.
    dead port 1/2 on $mux $procmux$8056.
    dead port 2/2 on $mux $procmux$8056.
    dead port 1/2 on $mux $procmux$8053.
    dead port 2/2 on $mux $procmux$8053.
    dead port 1/2 on $mux $procmux$8050.
    dead port 2/2 on $mux $procmux$8050.
    dead port 1/2 on $mux $procmux$8047.
    dead port 2/2 on $mux $procmux$8047.
    dead port 1/2 on $mux $procmux$8044.
    dead port 2/2 on $mux $procmux$8044.
    dead port 1/2 on $mux $procmux$8042.
    dead port 2/2 on $mux $procmux$8042.
    dead port 1/2 on $mux $procmux$8038.
    dead port 2/2 on $mux $procmux$8038.
    dead port 1/2 on $mux $procmux$8035.
    dead port 2/2 on $mux $procmux$8035.
    dead port 1/2 on $mux $procmux$8032.
    dead port 2/2 on $mux $procmux$8032.
    dead port 1/2 on $mux $procmux$8030.
    dead port 2/2 on $mux $procmux$8030.
    dead port 1/2 on $mux $procmux$8026.
    dead port 2/2 on $mux $procmux$8026.
    dead port 1/2 on $mux $procmux$8023.
    dead port 2/2 on $mux $procmux$8023.
    dead port 1/2 on $mux $procmux$8020.
    dead port 2/2 on $mux $procmux$8020.
    dead port 1/2 on $mux $procmux$8018.
    dead port 2/2 on $mux $procmux$8018.
    dead port 1/2 on $mux $procmux$8014.
    dead port 2/2 on $mux $procmux$8014.
    dead port 1/2 on $mux $procmux$8011.
    dead port 2/2 on $mux $procmux$8011.
    dead port 1/2 on $mux $procmux$8008.
    dead port 2/2 on $mux $procmux$8008.
    dead port 1/2 on $mux $procmux$8006.
    dead port 2/2 on $mux $procmux$8006.
    dead port 1/2 on $mux $procmux$8002.
    dead port 2/2 on $mux $procmux$8002.
    dead port 1/2 on $mux $procmux$7999.
    dead port 2/2 on $mux $procmux$7999.
    dead port 1/2 on $mux $procmux$7996.
    dead port 2/2 on $mux $procmux$7996.
    dead port 1/2 on $mux $procmux$7994.
    dead port 2/2 on $mux $procmux$7994.
    dead port 1/2 on $mux $procmux$7991.
    dead port 2/2 on $mux $procmux$7991.
    dead port 1/2 on $mux $procmux$7987.
    dead port 2/2 on $mux $procmux$7987.
    dead port 1/2 on $mux $procmux$7984.
    dead port 2/2 on $mux $procmux$7984.
    dead port 1/2 on $mux $procmux$7981.
    dead port 2/2 on $mux $procmux$7981.
    dead port 1/2 on $mux $procmux$7979.
    dead port 2/2 on $mux $procmux$7979.
    dead port 1/2 on $mux $procmux$7976.
    dead port 2/2 on $mux $procmux$7976.
    dead port 1/2 on $mux $procmux$7972.
    dead port 2/2 on $mux $procmux$7972.
    dead port 1/2 on $mux $procmux$7969.
    dead port 2/2 on $mux $procmux$7969.
    dead port 1/2 on $mux $procmux$7966.
    dead port 2/2 on $mux $procmux$7966.
    dead port 1/2 on $mux $procmux$7964.
    dead port 2/2 on $mux $procmux$7964.
    dead port 1/2 on $mux $procmux$7961.
    dead port 2/2 on $mux $procmux$7961.
    dead port 1/2 on $mux $procmux$7957.
    dead port 2/2 on $mux $procmux$7957.
    dead port 1/2 on $mux $procmux$7954.
    dead port 2/2 on $mux $procmux$7954.
    dead port 1/2 on $mux $procmux$7951.
    dead port 2/2 on $mux $procmux$7951.
    dead port 1/2 on $mux $procmux$7949.
    dead port 2/2 on $mux $procmux$7949.
    dead port 1/2 on $mux $procmux$7946.
    dead port 2/2 on $mux $procmux$7946.
    dead port 1/2 on $mux $procmux$15603.
    dead port 2/2 on $mux $procmux$15603.
    dead port 1/2 on $mux $procmux$15600.
    dead port 2/2 on $mux $procmux$15600.
    dead port 1/2 on $mux $procmux$7906.
    dead port 2/2 on $mux $procmux$7906.
    dead port 1/2 on $mux $procmux$7903.
    dead port 2/2 on $mux $procmux$7903.
    dead port 1/2 on $mux $procmux$7900.
    dead port 2/2 on $mux $procmux$7900.
    dead port 1/2 on $mux $procmux$7897.
    dead port 2/2 on $mux $procmux$7897.
    dead port 1/2 on $mux $procmux$7894.
    dead port 2/2 on $mux $procmux$7894.
    dead port 1/2 on $mux $procmux$7891.
    dead port 2/2 on $mux $procmux$7891.
    dead port 1/2 on $mux $procmux$7888.
    dead port 2/2 on $mux $procmux$7888.
    dead port 1/2 on $mux $procmux$7885.
    dead port 2/2 on $mux $procmux$7885.
    dead port 1/2 on $mux $procmux$7882.
    dead port 2/2 on $mux $procmux$7882.
    dead port 1/2 on $mux $procmux$7879.
    dead port 2/2 on $mux $procmux$7879.
    dead port 1/2 on $mux $procmux$7876.
    dead port 2/2 on $mux $procmux$7876.
    dead port 1/2 on $mux $procmux$7873.
    dead port 2/2 on $mux $procmux$7873.
    dead port 1/2 on $mux $procmux$7870.
    dead port 2/2 on $mux $procmux$7870.
    dead port 1/2 on $mux $procmux$7867.
    dead port 2/2 on $mux $procmux$7867.
    dead port 1/2 on $mux $procmux$7864.
    dead port 2/2 on $mux $procmux$7864.
    dead port 1/2 on $mux $procmux$7862.
    dead port 2/2 on $mux $procmux$7862.
    dead port 1/2 on $mux $procmux$7858.
    dead port 2/2 on $mux $procmux$7858.
    dead port 1/2 on $mux $procmux$7855.
    dead port 2/2 on $mux $procmux$7855.
    dead port 1/2 on $mux $procmux$7852.
    dead port 2/2 on $mux $procmux$7852.
    dead port 1/2 on $mux $procmux$7850.
    dead port 2/2 on $mux $procmux$7850.
    dead port 1/2 on $mux $procmux$7846.
    dead port 2/2 on $mux $procmux$7846.
    dead port 1/2 on $mux $procmux$7843.
    dead port 2/2 on $mux $procmux$7843.
    dead port 1/2 on $mux $procmux$7840.
    dead port 2/2 on $mux $procmux$7840.
    dead port 1/2 on $mux $procmux$7838.
    dead port 2/2 on $mux $procmux$7838.
    dead port 1/2 on $mux $procmux$7834.
    dead port 2/2 on $mux $procmux$7834.
    dead port 1/2 on $mux $procmux$7831.
    dead port 2/2 on $mux $procmux$7831.
    dead port 1/2 on $mux $procmux$7828.
    dead port 2/2 on $mux $procmux$7828.
    dead port 1/2 on $mux $procmux$7826.
    dead port 2/2 on $mux $procmux$7826.
    dead port 1/2 on $mux $procmux$7822.
    dead port 2/2 on $mux $procmux$7822.
    dead port 1/2 on $mux $procmux$7819.
    dead port 2/2 on $mux $procmux$7819.
    dead port 1/2 on $mux $procmux$7816.
    dead port 2/2 on $mux $procmux$7816.
    dead port 1/2 on $mux $procmux$7814.
    dead port 2/2 on $mux $procmux$7814.
    dead port 1/2 on $mux $procmux$7811.
    dead port 2/2 on $mux $procmux$7811.
    dead port 1/2 on $mux $procmux$7807.
    dead port 2/2 on $mux $procmux$7807.
    dead port 1/2 on $mux $procmux$7804.
    dead port 2/2 on $mux $procmux$7804.
    dead port 1/2 on $mux $procmux$7801.
    dead port 2/2 on $mux $procmux$7801.
    dead port 1/2 on $mux $procmux$7799.
    dead port 2/2 on $mux $procmux$7799.
    dead port 1/2 on $mux $procmux$7796.
    dead port 2/2 on $mux $procmux$7796.
    dead port 1/2 on $mux $procmux$7792.
    dead port 2/2 on $mux $procmux$7792.
    dead port 1/2 on $mux $procmux$7789.
    dead port 2/2 on $mux $procmux$7789.
    dead port 1/2 on $mux $procmux$7786.
    dead port 2/2 on $mux $procmux$7786.
    dead port 1/2 on $mux $procmux$7784.
    dead port 2/2 on $mux $procmux$7784.
    dead port 1/2 on $mux $procmux$7781.
    dead port 2/2 on $mux $procmux$7781.
    dead port 1/2 on $mux $procmux$7777.
    dead port 2/2 on $mux $procmux$7777.
    dead port 1/2 on $mux $procmux$7774.
    dead port 2/2 on $mux $procmux$7774.
    dead port 1/2 on $mux $procmux$7771.
    dead port 2/2 on $mux $procmux$7771.
    dead port 1/2 on $mux $procmux$7769.
    dead port 2/2 on $mux $procmux$7769.
    dead port 1/2 on $mux $procmux$7766.
    dead port 2/2 on $mux $procmux$7766.
    dead port 1/2 on $mux $procmux$15597.
    dead port 2/2 on $mux $procmux$15597.
    dead port 1/2 on $mux $procmux$15594.
    dead port 2/2 on $mux $procmux$15594.
    dead port 1/2 on $mux $procmux$15591.
    dead port 2/2 on $mux $procmux$15591.
    dead port 1/2 on $mux $procmux$15588.
    dead port 2/2 on $mux $procmux$15588.
    dead port 1/2 on $mux $procmux$15585.
    dead port 2/2 on $mux $procmux$15585.
    dead port 1/2 on $mux $procmux$15582.
    dead port 2/2 on $mux $procmux$15582.
    dead port 1/2 on $mux $procmux$15579.
    dead port 2/2 on $mux $procmux$15579.
    dead port 1/2 on $mux $procmux$15576.
    dead port 2/2 on $mux $procmux$15576.
    dead port 1/2 on $mux $procmux$15573.
    dead port 2/2 on $mux $procmux$15573.
    dead port 1/2 on $mux $procmux$15570.
    dead port 2/2 on $mux $procmux$15570.
    dead port 1/2 on $mux $procmux$15567.
    dead port 2/2 on $mux $procmux$15567.
    dead port 1/2 on $mux $procmux$15564.
    dead port 2/2 on $mux $procmux$15564.
    dead port 1/2 on $mux $procmux$15561.
    dead port 2/2 on $mux $procmux$15561.
    dead port 1/2 on $mux $procmux$15558.
    dead port 2/2 on $mux $procmux$15558.
    dead port 1/2 on $mux $procmux$15555.
    dead port 2/2 on $mux $procmux$15555.
    dead port 1/2 on $mux $procmux$15552.
    dead port 2/2 on $mux $procmux$15552.
    dead port 1/2 on $mux $procmux$15549.
    dead port 2/2 on $mux $procmux$15549.
    dead port 2/2 on $mux $procmux$15546.
    dead port 1/2 on $mux $procmux$15543.
    dead port 1/3 on $pmux $procmux$7674.
    dead port 2/3 on $pmux $procmux$7674.
    dead port 3/3 on $pmux $procmux$7674.
    dead port 1/2 on $mux $procmux$15537.
    dead port 2/2 on $mux $procmux$15537.
    dead port 1/2 on $mux $procmux$15534.
    dead port 2/2 on $mux $procmux$15534.
    dead port 1/2 on $mux $procmux$15531.
    dead port 2/2 on $mux $procmux$15531.
    dead port 1/2 on $mux $procmux$15528.
    dead port 2/2 on $mux $procmux$15528.
    dead port 1/2 on $mux $procmux$15525.
    dead port 2/2 on $mux $procmux$15525.
    dead port 1/2 on $mux $procmux$15522.
    dead port 2/2 on $mux $procmux$15522.
    dead port 1/2 on $mux $ternary$./build_yosys/cpu_yosys.v:1954$4329.
    dead port 2/2 on $mux $ternary$./build_yosys/cpu_yosys.v:1954$4329.
    dead port 1/2 on $mux $procmux$15441.
    dead port 2/2 on $mux $procmux$15441.
    dead port 1/2 on $mux $procmux$15438.
    dead port 2/2 on $mux $procmux$15438.
    dead port 1/2 on $mux $procmux$15435.
    dead port 2/2 on $mux $procmux$15435.
    dead port 1/2 on $mux $procmux$15433.
    dead port 2/2 on $mux $procmux$15433.
    dead port 1/2 on $mux $procmux$15429.
    dead port 2/2 on $mux $procmux$15429.
    dead port 1/2 on $mux $procmux$15426.
    dead port 2/2 on $mux $procmux$15426.
    dead port 1/2 on $mux $procmux$15423.
    dead port 2/2 on $mux $procmux$15423.
    dead port 1/2 on $mux $procmux$15421.
    dead port 2/2 on $mux $procmux$15421.
    dead port 2/2 on $mux $procmux$15417.
    dead port 1/2 on $mux $procmux$15414.
    dead port 2/2 on $mux $procmux$15411.
Running muxtree optimizer on module \PSC_RV32_FetchUnit..
  Creating internal representation of mux trees.
  Evaluating internal representation of mux trees.
  Analyzing evaluation results.
    dead port 1/2 on $mux $procmux$15857.
    dead port 1/2 on $mux $procmux$15850.
    dead port 1/2 on $mux $procmux$15841.
    dead port 1/2 on $mux $procmux$15829.
    dead port 2/2 on $mux $procmux$15826.
    dead port 1/2 on $mux $procmux$15814.
    dead port 2/2 on $mux $procmux$15811.
    dead port 2/2 on $mux $procmux$15809.
    dead port 1/2 on $mux $procmux$15796.
    dead port 2/2 on $mux $procmux$15793.
    dead port 1/2 on $mux $procmux$15785.
    dead port 2/2 on $mux $procmux$15782.
    dead port 1/2 on $mux $procmux$15771.
    dead port 2/2 on $mux $procmux$15768.
    dead port 1/2 on $mux $procmux$15759.
    dead port 2/2 on $mux $procmux$15756.
    dead port 1/2 on $mux $procmux$15747.
    dead port 2/2 on $mux $procmux$15744.
    dead port 1/2 on $mux $procmux$15739.
    dead port 2/2 on $mux $procmux$15736.
    dead port 1/2 on $mux $procmux$15869.
Running muxtree optimizer on module \PSC_RV32_core..
  Creating internal representation of mux trees.
  Evaluating internal representation of mux trees.
  Analyzing evaluation results.
Running muxtree optimizer on module \Csr..
  Creating internal representation of mux trees.
  Evaluating internal representation of mux trees.
  Analyzing evaluation results.
    dead port 1/2 on $mux $procmux$17478.
    dead port 2/2 on $mux $procmux$17478.
    dead port 1/2 on $mux $procmux$17476.
    dead port 2/2 on $mux $procmux$17476.
    dead port 1/2 on $mux $procmux$17334.
    dead port 2/2 on $mux $procmux$17334.
    dead port 1/2 on $mux $procmux$17332.
    dead port 2/2 on $mux $procmux$17332.
    dead port 1/2 on $mux $procmux$17092.
    dead port 2/2 on $mux $procmux$17092.
    dead port 1/2 on $mux $procmux$17089.
    dead port 2/2 on $mux $procmux$17089.
    dead port 1/2 on $mux $procmux$17086.
    dead port 2/2 on $mux $procmux$17086.
    dead port 1/2 on $mux $procmux$17083.
    dead port 2/2 on $mux $procmux$17083.
    dead port 1/2 on $mux $procmux$17080.
    dead port 2/2 on $mux $procmux$17080.
    dead port 1/2 on $mux $procmux$17077.
    dead port 2/2 on $mux $procmux$17077.
    dead port 1/2 on $mux $procmux$17074.
    dead port 2/2 on $mux $procmux$17074.
    dead port 1/2 on $mux $procmux$17071.
    dead port 2/2 on $mux $procmux$17071.
    dead port 1/2 on $mux $procmux$17068.
    dead port 2/2 on $mux $procmux$17068.
    dead port 1/2 on $mux $procmux$17065.
    dead port 2/2 on $mux $procmux$17065.
    dead port 1/2 on $mux $procmux$17062.
    dead port 2/2 on $mux $procmux$17062.
    dead port 1/2 on $mux $procmux$17060.
    dead port 2/2 on $mux $procmux$17060.
    dead port 1/2 on $mux $procmux$17029.
    dead port 2/2 on $mux $procmux$17029.
    dead port 1/2 on $mux $procmux$17027.
    dead port 2/2 on $mux $procmux$17027.
    dead port 1/2 on $mux $procmux$16996.
    dead port 2/2 on $mux $procmux$16996.
    dead port 1/2 on $mux $procmux$16994.
    dead port 2/2 on $mux $procmux$16994.
    dead port 1/2 on $mux $procmux$16965.
    dead port 2/2 on $mux $procmux$16965.
    dead port 1/2 on $mux $procmux$16963.
    dead port 2/2 on $mux $procmux$16963.
    dead port 1/2 on $mux $procmux$16910.
    dead port 2/2 on $mux $procmux$16910.
    dead port 1/2 on $mux $procmux$16908.
    dead port 2/2 on $mux $procmux$16908.
    dead port 1/2 on $mux $procmux$16883.
    dead port 2/2 on $mux $procmux$16883.
    dead port 1/2 on $mux $procmux$16881.
    dead port 2/2 on $mux $procmux$16881.
    dead port 1/2 on $mux $procmux$16861.
    dead port 2/2 on $mux $procmux$16861.
    dead port 1/2 on $mux $procmux$16859.
    dead port 2/2 on $mux $procmux$16859.
    dead port 1/2 on $mux $procmux$16839.
    dead port 2/2 on $mux $procmux$16839.
    dead port 1/2 on $mux $procmux$16837.
    dead port 2/2 on $mux $procmux$16837.
    dead port 1/2 on $mux $procmux$16819.
    dead port 2/2 on $mux $procmux$16819.
    dead port 1/2 on $mux $procmux$16817.
    dead port 2/2 on $mux $procmux$16817.
    dead port 1/2 on $mux $procmux$16775.
    dead port 2/2 on $mux $procmux$16775.
    dead port 1/2 on $mux $procmux$16772.
    dead port 2/2 on $mux $procmux$16772.
    dead port 1/2 on $mux $procmux$16770.
    dead port 2/2 on $mux $procmux$16770.
    dead port 1/2 on $mux $procmux$16745.
    dead port 2/2 on $mux $procmux$16745.
    dead port 1/2 on $mux $procmux$16743.
    dead port 2/2 on $mux $procmux$16743.
    dead port 1/2 on $mux $procmux$16718.
    dead port 2/2 on $mux $procmux$16718.
    dead port 1/2 on $mux $procmux$16715.
    dead port 2/2 on $mux $procmux$16715.
    dead port 1/2 on $mux $procmux$16712.
    dead port 2/2 on $mux $procmux$16712.
    dead port 1/2 on $mux $procmux$16709.
    dead port 2/2 on $mux $procmux$16709.
    dead port 1/2 on $mux $procmux$16706.
    dead port 2/2 on $mux $procmux$16706.
    dead port 1/2 on $mux $procmux$16704.
    dead port 2/2 on $mux $procmux$16704.
    dead port 1/2 on $mux $procmux$16700.
    dead port 2/2 on $mux $procmux$16700.
    dead port 1/2 on $mux $procmux$16698.
    dead port 2/2 on $mux $procmux$16698.
    dead port 1/2 on $mux $procmux$16694.
    dead port 2/2 on $mux $procmux$16694.
    dead port 1/2 on $mux $procmux$16692.
    dead port 2/2 on $mux $procmux$16692.
    dead port 1/2 on $mux $procmux$16218.
    dead port 2/2 on $mux $procmux$16218.
    dead port 1/2 on $mux $procmux$16215.
    dead port 2/2 on $mux $procmux$16215.
    dead port 1/2 on $mux $procmux$16212.
    dead port 2/2 on $mux $procmux$16212.
    dead port 1/2 on $mux $procmux$16210.
    dead port 2/2 on $mux $procmux$16210.
    dead port 1/2 on $mux $procmux$16206.
    dead port 2/2 on $mux $procmux$16206.
    dead port 1/2 on $mux $procmux$16204.
    dead port 2/2 on $mux $procmux$16204.
    dead port 1/2 on $mux $procmux$16200.
    dead port 2/2 on $mux $procmux$16200.
    dead port 1/2 on $mux $procmux$16104.
    dead port 2/2 on $mux $procmux$16104.
    dead port 1/2 on $mux $procmux$17886.
    dead port 2/2 on $mux $procmux$17886.
    dead port 1/2 on $mux $procmux$16087.
    dead port 2/2 on $mux $procmux$16087.
    dead port 1/2 on $mux $procmux$17869.
    dead port 2/2 on $mux $procmux$17869.
    dead port 1/2 on $mux $procmux$16046.
    dead port 2/2 on $mux $procmux$16046.
    dead port 1/2 on $mux $procmux$16029.
    dead port 2/2 on $mux $procmux$16029.
    dead port 1/2 on $mux $procmux$16012.
    dead port 2/2 on $mux $procmux$16012.
    dead port 1/2 on $mux $procmux$15995.
    dead port 2/2 on $mux $procmux$15995.
    dead port 1/2 on $mux $procmux$17828.
    dead port 2/2 on $mux $procmux$17828.
    dead port 1/2 on $mux $procmux$15978.
    dead port 2/2 on $mux $procmux$15978.
    dead port 1/2 on $mux $procmux$15961.
    dead port 2/2 on $mux $procmux$15961.
    dead port 1/2 on $mux $procmux$17811.
    dead port 2/2 on $mux $procmux$17811.
    dead port 1/2 on $mux $procmux$15944.
    dead port 2/2 on $mux $procmux$15944.
    dead port 1/2 on $mux $procmux$17794.
    dead port 2/2 on $mux $procmux$17794.
    dead port 1/2 on $mux $procmux$17777.
    dead port 2/2 on $mux $procmux$17777.
    dead port 1/2 on $mux $procmux$17760.
    dead port 2/2 on $mux $procmux$17760.
    dead port 1/2 on $mux $procmux$17743.
    dead port 2/2 on $mux $procmux$17743.
    dead port 1/2 on $mux $procmux$17726.
    dead port 2/2 on $mux $procmux$17726.
Removed 3755 multiplexer ports.
<suppressed ~491 debug messages>

4.4. Executing OPT_REDUCE pass (consolidate $*mux and $reduce_* inputs).
  Optimizing cells in module \MMU.
    New ctrl vector for $pmux cell $procmux$6148: $auto$opt_reduce.cc:137:opt_pmux$20269
  Optimizing cells in module \MMU.
  Optimizing cells in module \PSC_PC.
  Optimizing cells in module $paramod\Execute\ENABLE_MUL=1'0\ENABLE_DIV=1'0.
  Optimizing cells in module $paramod\Execute\ENABLE_MUL=1'1\ENABLE_DIV=1'1.
  Optimizing cells in module $paramod\Branch\UART_MMIO_ADDR=32'11110000000001000000000011110000.
  Optimizing cells in module $paramod\Branch\UART_MMIO_ADDR=32'11110000000001000000000011110000.
  Optimizing cells in module \Execute_Mul.
  Optimizing cells in module \Execute_Divider.
  Optimizing cells in module $paramod\Fetch\BURST_MODE=1'1.
    New ctrl vector for $pmux cell $procmux$7213: { $procmux$7220_CMP $auto$opt_reduce.cc:137:opt_pmux$20271 }
    New ctrl vector for $pmux cell $procmux$7174: { $procmux$7220_CMP $procmux$7216_CMP $procmux$7227_CMP $procmux$7214_CMP $auto$opt_reduce.cc:137:opt_pmux$20273 }
  Optimizing cells in module $paramod\Fetch\BURST_MODE=1'1.
  Optimizing cells in module \Decorder.
  Optimizing cells in module \Decorder.
  Optimizing cells in module $paramod$28704d8bf4447e08602ecae7770c77318b280126\Fetch_Fifo.
    Consolidated identical input bits for $mux cell $procmux$7273:
      Old ports: A=0, B=32'11111111111111111111111111111111, Y=$procmux$7273_Y
      New ports: A=1'0, B=1'1, Y=$procmux$7273_Y [0]
      New connections: $procmux$7273_Y [31:1] = { $procmux$7273_Y [0] $procmux$7273_Y [0] $procmux$7273_Y [0] $procmux$7273_Y [0] $procmux$7273_Y [0] $procmux$7273_Y [0] $procmux$7273_Y [0] $procmux$7273_Y [0] $procmux$7273_Y [0] $procmux$7273_Y [0] $procmux$7273_Y [0] $procmux$7273_Y [0] $procmux$7273_Y [0] $procmux$7273_Y [0] $procmux$7273_Y [0] $procmux$7273_Y [0] $procmux$7273_Y [0] $procmux$7273_Y [0] $procmux$7273_Y [0] $procmux$7273_Y [0] $procmux$7273_Y [0] $procmux$7273_Y [0] $procmux$7273_Y [0] $procmux$7273_Y [0] $procmux$7273_Y [0] $procmux$7273_Y [0] $procmux$7273_Y [0] $procmux$7273_Y [0] $procmux$7273_Y [0] $procmux$7273_Y [0] $procmux$7273_Y [0] }
    Consolidated identical input bits for $mux cell $procmux$7264:
      Old ports: A=0, B=32'11111111111111111111111111111111, Y=$procmux$7264_Y
      New ports: A=1'0, B=1'1, Y=$procmux$7264_Y [0]
      New connections: $procmux$7264_Y [31:1] = { $procmux$7264_Y [0] $procmux$7264_Y [0] $procmux$7264_Y [0] $procmux$7264_Y [0] $procmux$7264_Y [0] $procmux$7264_Y [0] $procmux$7264_Y [0] $procmux$7264_Y [0] $procmux$7264_Y [0] $procmux$7264_Y [0] $procmux$7264_Y [0] $procmux$7264_Y [0] $procmux$7264_Y [0] $procmux$7264_Y [0] $procmux$7264_Y [0] $procmux$7264_Y [0] $procmux$7264_Y [0] $procmux$7264_Y [0] $procmux$7264_Y [0] $procmux$7264_Y [0] $procmux$7264_Y [0] $procmux$7264_Y [0] $procmux$7264_Y [0] $procmux$7264_Y [0] $procmux$7264_Y [0] $procmux$7264_Y [0] $procmux$7264_Y [0] $procmux$7264_Y [0] $procmux$7264_Y [0] $procmux$7264_Y [0] $procmux$7264_Y [0] }
    New ctrl vector for $pmux cell $procmux$7244: $auto$opt_reduce.cc:137:opt_pmux$20275
  Optimizing cells in module $paramod$28704d8bf4447e08602ecae7770c77318b280126\Fetch_Fifo.
  Optimizing cells in module $paramod$01725da92754737a8a2ce09aa1322a94754cc9bb\PSC_Register.
  Optimizing cells in module \PSC_RV32_InstructionEngine.
  Optimizing cells in module \PSC_InstructionUnit.
  Optimizing cells in module \PSC_InstructionUnit.
  Optimizing cells in module \PSC_RV32_FetchUnit.
    New ctrl vector for $pmux cell $procmux$15861: { $procmux$15863_CMP $auto$opt_reduce.cc:137:opt_pmux$20277 }
  Optimizing cells in module \PSC_RV32_FetchUnit.
  Optimizing cells in module \PSC_RV32_core.
    New ctrl vector for $pmux cell $procmux$15914: { $procmux$15919_CMP $auto$opt_reduce.cc:137:opt_pmux$20279 $procmux$15915_CMP }
  Optimizing cells in module \PSC_RV32_core.
  Optimizing cells in module \Csr.
Performed a total of 12 changes.

4.5. Executing OPT_MERGE pass (detect identical cells).
Finding identical cells in module `\MMU'.
Finding identical cells in module `\PSC_PC'.
Finding identical cells in module `$paramod\Execute\ENABLE_MUL=1'0\ENABLE_DIV=1'0'.
Finding identical cells in module `$paramod\Execute\ENABLE_MUL=1'1\ENABLE_DIV=1'1'.
Finding identical cells in module `$paramod\Branch\UART_MMIO_ADDR=32'11110000000001000000000011110000'.
Finding identical cells in module `\Execute_Mul'.
Finding identical cells in module `\Execute_Divider'.
Finding identical cells in module `$paramod\Fetch\BURST_MODE=1'1'.
<suppressed ~3 debug messages>
Finding identical cells in module `\Decorder'.
Finding identical cells in module `$paramod$28704d8bf4447e08602ecae7770c77318b280126\Fetch_Fifo'.
<suppressed ~15 debug messages>
Finding identical cells in module `$paramod$01725da92754737a8a2ce09aa1322a94754cc9bb\PSC_Register'.
Finding identical cells in module `\PSC_RV32_InstructionEngine'.
Finding identical cells in module `\PSC_InstructionUnit'.
<suppressed ~591 debug messages>
Finding identical cells in module `\PSC_RV32_FetchUnit'.
Finding identical cells in module `\PSC_RV32_core'.
Finding identical cells in module `\Csr'.
<suppressed ~3 debug messages>
Removed a total of 204 cells.

4.6. Executing OPT_DFF pass (perform DFF optimizations).
Adding EN signal on $procdff$17941 ($adff) from module MMU (D = $procmux$6216_Y, Q = \l1_cache_valid).
Adding EN signal on $procdff$17946 ($adff) from module MMU (D = \satp [21:0], Q = \l1_cache_root_ppn).
Adding EN signal on $procdff$17936 ($adff) from module MMU (D = $procmux$6226_Y, Q = \l0_pte).
Adding EN signal on $procdff$17926 ($adff) from module MMU (D = $procmux$6269_Y, Q = \mem_addr_34bit).
Adding EN signal on $procdff$17911 ($adff) from module MMU (D = $procmux$6331_Y, Q = \state).
Adding EN signal on $procdff$17921 ($adff) from module MMU (D = $procmux$6289_Y, Q = \paddr_34bit).
Adding EN signal on $procdff$17961 ($adff) from module MMU (D = $procmux$6170_Y, Q = \l0_cache_valid).
Adding EN signal on $procdff$17966 ($adff) from module MMU (D = \vaddr [21:12], Q = \l0_cache_vpn).
Adding EN signal on $procdff$17971 ($adff) from module MMU (D = \mem_rdata, Q = \l0_cache_pte).
Adding EN signal on $procdff$17931 ($adff) from module MMU (D = $procmux$6246_Y, Q = \l1_pte).
Adding EN signal on $procdff$17956 ($adff) from module MMU (D = \mem_rdata, Q = \l1_cache_pte).
Adding EN signal on $procdff$17951 ($adff) from module MMU (D = \vaddr [31:22], Q = \l1_cache_vpn).
Setting constant 1-bit at position 0 on $procdff$18001 ($adff) from module MMU.
Setting constant 1-bit at position 1 on $procdff$18001 ($adff) from module MMU.
Setting constant 1-bit at position 2 on $procdff$18001 ($adff) from module MMU.
Setting constant 1-bit at position 3 on $procdff$18001 ($adff) from module MMU.
Setting constant 1-bit at position 4 on $procdff$18001 ($adff) from module MMU.
Setting constant 1-bit at position 5 on $procdff$18001 ($adff) from module MMU.
Setting constant 1-bit at position 6 on $procdff$18001 ($adff) from module MMU.
Setting constant 1-bit at position 7 on $procdff$18001 ($adff) from module MMU.
Setting constant 1-bit at position 8 on $procdff$18001 ($adff) from module MMU.
Setting constant 1-bit at position 9 on $procdff$18001 ($adff) from module MMU.
Setting constant 1-bit at position 10 on $procdff$18001 ($adff) from module MMU.
Setting constant 1-bit at position 11 on $procdff$18001 ($adff) from module MMU.
Setting constant 1-bit at position 12 on $procdff$18001 ($adff) from module MMU.
Setting constant 1-bit at position 13 on $procdff$18001 ($adff) from module MMU.
Setting constant 1-bit at position 14 on $procdff$18001 ($adff) from module MMU.
Setting constant 1-bit at position 15 on $procdff$18001 ($adff) from module MMU.
Setting constant 1-bit at position 16 on $procdff$18001 ($adff) from module MMU.
Setting constant 1-bit at position 17 on $procdff$18001 ($adff) from module MMU.
Setting constant 1-bit at position 18 on $procdff$18001 ($adff) from module MMU.
Setting constant 1-bit at position 19 on $procdff$18001 ($adff) from module MMU.
Setting constant 1-bit at position 20 on $procdff$18001 ($adff) from module MMU.
Setting constant 1-bit at position 21 on $procdff$18001 ($adff) from module MMU.
Setting constant 1-bit at position 22 on $procdff$18001 ($adff) from module MMU.
Setting constant 1-bit at position 23 on $procdff$18001 ($adff) from module MMU.
Setting constant 1-bit at position 24 on $procdff$18001 ($adff) from module MMU.
Setting constant 1-bit at position 25 on $procdff$18001 ($adff) from module MMU.
Setting constant 1-bit at position 26 on $procdff$18001 ($adff) from module MMU.
Setting constant 1-bit at position 27 on $procdff$18001 ($adff) from module MMU.
Setting constant 1-bit at position 28 on $procdff$18001 ($adff) from module MMU.
Setting constant 1-bit at position 29 on $procdff$18001 ($adff) from module MMU.
Setting constant 1-bit at position 30 on $procdff$18001 ($adff) from module MMU.
Setting constant 1-bit at position 31 on $procdff$18001 ($adff) from module MMU.
Setting constant 1-bit at position 0 on $procdff$18016 ($adff) from module MMU.
Adding EN signal on $procdff$18091 ($adff) from module PSC_PC (D = $procmux$6404_Y, Q = \counter).
Adding EN signal on $procdff$18086 ($adff) from module PSC_PC (D = $procmux$6412_Y, Q = \pc).
Adding EN signal on $procdff$18101 ($adff) from module $paramod\Execute\ENABLE_MUL=1'0\ENABLE_DIV=1'0 (D = $procmux$6595_Y, Q = \multi_result).
Adding EN signal on $procdff$18096 ($adff) from module $paramod\Execute\ENABLE_MUL=1'0\ENABLE_DIV=1'0 (D = $procmux$6630_Y, Q = \state).
Setting constant 1-bit at position 0 on $procdff$18106 ($adff) from module $paramod\Execute\ENABLE_MUL=1'0\ENABLE_DIV=1'0.
Setting constant 1-bit at position 1 on $procdff$18106 ($adff) from module $paramod\Execute\ENABLE_MUL=1'0\ENABLE_DIV=1'0.
Setting constant 1-bit at position 2 on $procdff$18106 ($adff) from module $paramod\Execute\ENABLE_MUL=1'0\ENABLE_DIV=1'0.
Setting constant 1-bit at position 3 on $procdff$18106 ($adff) from module $paramod\Execute\ENABLE_MUL=1'0\ENABLE_DIV=1'0.
Setting constant 1-bit at position 4 on $procdff$18106 ($adff) from module $paramod\Execute\ENABLE_MUL=1'0\ENABLE_DIV=1'0.
Setting constant 1-bit at position 5 on $procdff$18106 ($adff) from module $paramod\Execute\ENABLE_MUL=1'0\ENABLE_DIV=1'0.
Setting constant 1-bit at position 6 on $procdff$18106 ($adff) from module $paramod\Execute\ENABLE_MUL=1'0\ENABLE_DIV=1'0.
Setting constant 1-bit at position 7 on $procdff$18106 ($adff) from module $paramod\Execute\ENABLE_MUL=1'0\ENABLE_DIV=1'0.
Setting constant 1-bit at position 8 on $procdff$18106 ($adff) from module $paramod\Execute\ENABLE_MUL=1'0\ENABLE_DIV=1'0.
Setting constant 1-bit at position 9 on $procdff$18106 ($adff) from module $paramod\Execute\ENABLE_MUL=1'0\ENABLE_DIV=1'0.
Setting constant 1-bit at position 10 on $procdff$18106 ($adff) from module $paramod\Execute\ENABLE_MUL=1'0\ENABLE_DIV=1'0.
Setting constant 1-bit at position 11 on $procdff$18106 ($adff) from module $paramod\Execute\ENABLE_MUL=1'0\ENABLE_DIV=1'0.
Setting constant 1-bit at position 12 on $procdff$18106 ($adff) from module $paramod\Execute\ENABLE_MUL=1'0\ENABLE_DIV=1'0.
Setting constant 1-bit at position 13 on $procdff$18106 ($adff) from module $paramod\Execute\ENABLE_MUL=1'0\ENABLE_DIV=1'0.
Setting constant 1-bit at position 14 on $procdff$18106 ($adff) from module $paramod\Execute\ENABLE_MUL=1'0\ENABLE_DIV=1'0.
Setting constant 1-bit at position 15 on $procdff$18106 ($adff) from module $paramod\Execute\ENABLE_MUL=1'0\ENABLE_DIV=1'0.
Setting constant 1-bit at position 16 on $procdff$18106 ($adff) from module $paramod\Execute\ENABLE_MUL=1'0\ENABLE_DIV=1'0.
Setting constant 1-bit at position 17 on $procdff$18106 ($adff) from module $paramod\Execute\ENABLE_MUL=1'0\ENABLE_DIV=1'0.
Setting constant 1-bit at position 18 on $procdff$18106 ($adff) from module $paramod\Execute\ENABLE_MUL=1'0\ENABLE_DIV=1'0.
Setting constant 1-bit at position 19 on $procdff$18106 ($adff) from module $paramod\Execute\ENABLE_MUL=1'0\ENABLE_DIV=1'0.
Setting constant 1-bit at position 20 on $procdff$18106 ($adff) from module $paramod\Execute\ENABLE_MUL=1'0\ENABLE_DIV=1'0.
Setting constant 1-bit at position 21 on $procdff$18106 ($adff) from module $paramod\Execute\ENABLE_MUL=1'0\ENABLE_DIV=1'0.
Setting constant 1-bit at position 22 on $procdff$18106 ($adff) from module $paramod\Execute\ENABLE_MUL=1'0\ENABLE_DIV=1'0.
Setting constant 1-bit at position 23 on $procdff$18106 ($adff) from module $paramod\Execute\ENABLE_MUL=1'0\ENABLE_DIV=1'0.
Setting constant 1-bit at position 24 on $procdff$18106 ($adff) from module $paramod\Execute\ENABLE_MUL=1'0\ENABLE_DIV=1'0.
Setting constant 1-bit at position 25 on $procdff$18106 ($adff) from module $paramod\Execute\ENABLE_MUL=1'0\ENABLE_DIV=1'0.
Setting constant 1-bit at position 26 on $procdff$18106 ($adff) from module $paramod\Execute\ENABLE_MUL=1'0\ENABLE_DIV=1'0.
Setting constant 1-bit at position 27 on $procdff$18106 ($adff) from module $paramod\Execute\ENABLE_MUL=1'0\ENABLE_DIV=1'0.
Setting constant 1-bit at position 28 on $procdff$18106 ($adff) from module $paramod\Execute\ENABLE_MUL=1'0\ENABLE_DIV=1'0.
Setting constant 1-bit at position 29 on $procdff$18106 ($adff) from module $paramod\Execute\ENABLE_MUL=1'0\ENABLE_DIV=1'0.
Setting constant 1-bit at position 30 on $procdff$18106 ($adff) from module $paramod\Execute\ENABLE_MUL=1'0\ENABLE_DIV=1'0.
Setting constant 1-bit at position 31 on $procdff$18106 ($adff) from module $paramod\Execute\ENABLE_MUL=1'0\ENABLE_DIV=1'0.
Setting constant 1-bit at position 0 on $procdff$18111 ($adff) from module $paramod\Execute\ENABLE_MUL=1'0\ENABLE_DIV=1'0.
Setting constant 1-bit at position 1 on $procdff$18111 ($adff) from module $paramod\Execute\ENABLE_MUL=1'0\ENABLE_DIV=1'0.
Setting constant 1-bit at position 2 on $procdff$18111 ($adff) from module $paramod\Execute\ENABLE_MUL=1'0\ENABLE_DIV=1'0.
Setting constant 1-bit at position 3 on $procdff$18111 ($adff) from module $paramod\Execute\ENABLE_MUL=1'0\ENABLE_DIV=1'0.
Setting constant 1-bit at position 4 on $procdff$18111 ($adff) from module $paramod\Execute\ENABLE_MUL=1'0\ENABLE_DIV=1'0.
Adding EN signal on $procdff$18126 ($adff) from module $paramod\Execute\ENABLE_MUL=1'1\ENABLE_DIV=1'1 (D = $procmux$6851_Y, Q = \state).
Adding EN signal on $procdff$18131 ($adff) from module $paramod\Execute\ENABLE_MUL=1'1\ENABLE_DIV=1'1 (D = $procmux$6816_Y, Q = \multi_result).
Setting constant 1-bit at position 0 on $procdff$18136 ($adff) from module $paramod\Execute\ENABLE_MUL=1'1\ENABLE_DIV=1'1.
Setting constant 1-bit at position 1 on $procdff$18136 ($adff) from module $paramod\Execute\ENABLE_MUL=1'1\ENABLE_DIV=1'1.
Setting constant 1-bit at position 2 on $procdff$18136 ($adff) from module $paramod\Execute\ENABLE_MUL=1'1\ENABLE_DIV=1'1.
Setting constant 1-bit at position 3 on $procdff$18136 ($adff) from module $paramod\Execute\ENABLE_MUL=1'1\ENABLE_DIV=1'1.
Setting constant 1-bit at position 4 on $procdff$18136 ($adff) from module $paramod\Execute\ENABLE_MUL=1'1\ENABLE_DIV=1'1.
Setting constant 1-bit at position 5 on $procdff$18136 ($adff) from module $paramod\Execute\ENABLE_MUL=1'1\ENABLE_DIV=1'1.
Setting constant 1-bit at position 6 on $procdff$18136 ($adff) from module $paramod\Execute\ENABLE_MUL=1'1\ENABLE_DIV=1'1.
Setting constant 1-bit at position 7 on $procdff$18136 ($adff) from module $paramod\Execute\ENABLE_MUL=1'1\ENABLE_DIV=1'1.
Setting constant 1-bit at position 8 on $procdff$18136 ($adff) from module $paramod\Execute\ENABLE_MUL=1'1\ENABLE_DIV=1'1.
Setting constant 1-bit at position 9 on $procdff$18136 ($adff) from module $paramod\Execute\ENABLE_MUL=1'1\ENABLE_DIV=1'1.
Setting constant 1-bit at position 10 on $procdff$18136 ($adff) from module $paramod\Execute\ENABLE_MUL=1'1\ENABLE_DIV=1'1.
Setting constant 1-bit at position 11 on $procdff$18136 ($adff) from module $paramod\Execute\ENABLE_MUL=1'1\ENABLE_DIV=1'1.
Setting constant 1-bit at position 12 on $procdff$18136 ($adff) from module $paramod\Execute\ENABLE_MUL=1'1\ENABLE_DIV=1'1.
Setting constant 1-bit at position 13 on $procdff$18136 ($adff) from module $paramod\Execute\ENABLE_MUL=1'1\ENABLE_DIV=1'1.
Setting constant 1-bit at position 14 on $procdff$18136 ($adff) from module $paramod\Execute\ENABLE_MUL=1'1\ENABLE_DIV=1'1.
Setting constant 1-bit at position 15 on $procdff$18136 ($adff) from module $paramod\Execute\ENABLE_MUL=1'1\ENABLE_DIV=1'1.
Setting constant 1-bit at position 16 on $procdff$18136 ($adff) from module $paramod\Execute\ENABLE_MUL=1'1\ENABLE_DIV=1'1.
Setting constant 1-bit at position 17 on $procdff$18136 ($adff) from module $paramod\Execute\ENABLE_MUL=1'1\ENABLE_DIV=1'1.
Setting constant 1-bit at position 18 on $procdff$18136 ($adff) from module $paramod\Execute\ENABLE_MUL=1'1\ENABLE_DIV=1'1.
Setting constant 1-bit at position 19 on $procdff$18136 ($adff) from module $paramod\Execute\ENABLE_MUL=1'1\ENABLE_DIV=1'1.
Setting constant 1-bit at position 20 on $procdff$18136 ($adff) from module $paramod\Execute\ENABLE_MUL=1'1\ENABLE_DIV=1'1.
Setting constant 1-bit at position 21 on $procdff$18136 ($adff) from module $paramod\Execute\ENABLE_MUL=1'1\ENABLE_DIV=1'1.
Setting constant 1-bit at position 22 on $procdff$18136 ($adff) from module $paramod\Execute\ENABLE_MUL=1'1\ENABLE_DIV=1'1.
Setting constant 1-bit at position 23 on $procdff$18136 ($adff) from module $paramod\Execute\ENABLE_MUL=1'1\ENABLE_DIV=1'1.
Setting constant 1-bit at position 24 on $procdff$18136 ($adff) from module $paramod\Execute\ENABLE_MUL=1'1\ENABLE_DIV=1'1.
Setting constant 1-bit at position 25 on $procdff$18136 ($adff) from module $paramod\Execute\ENABLE_MUL=1'1\ENABLE_DIV=1'1.
Setting constant 1-bit at position 26 on $procdff$18136 ($adff) from module $paramod\Execute\ENABLE_MUL=1'1\ENABLE_DIV=1'1.
Setting constant 1-bit at position 27 on $procdff$18136 ($adff) from module $paramod\Execute\ENABLE_MUL=1'1\ENABLE_DIV=1'1.
Setting constant 1-bit at position 28 on $procdff$18136 ($adff) from module $paramod\Execute\ENABLE_MUL=1'1\ENABLE_DIV=1'1.
Setting constant 1-bit at position 29 on $procdff$18136 ($adff) from module $paramod\Execute\ENABLE_MUL=1'1\ENABLE_DIV=1'1.
Setting constant 1-bit at position 30 on $procdff$18136 ($adff) from module $paramod\Execute\ENABLE_MUL=1'1\ENABLE_DIV=1'1.
Setting constant 1-bit at position 31 on $procdff$18136 ($adff) from module $paramod\Execute\ENABLE_MUL=1'1\ENABLE_DIV=1'1.
Setting constant 1-bit at position 0 on $procdff$18141 ($adff) from module $paramod\Execute\ENABLE_MUL=1'1\ENABLE_DIV=1'1.
Setting constant 1-bit at position 1 on $procdff$18141 ($adff) from module $paramod\Execute\ENABLE_MUL=1'1\ENABLE_DIV=1'1.
Setting constant 1-bit at position 2 on $procdff$18141 ($adff) from module $paramod\Execute\ENABLE_MUL=1'1\ENABLE_DIV=1'1.
Setting constant 1-bit at position 3 on $procdff$18141 ($adff) from module $paramod\Execute\ENABLE_MUL=1'1\ENABLE_DIV=1'1.
Setting constant 1-bit at position 4 on $procdff$18141 ($adff) from module $paramod\Execute\ENABLE_MUL=1'1\ENABLE_DIV=1'1.
Adding EN signal on $procdff$18171 ($adff) from module $paramod\Branch\UART_MMIO_ADDR=32'11110000000001000000000011110000 (D = \r_data2, Q = \data_mem_write_data).
Adding EN signal on $procdff$18206 ($adff) from module $paramod\Branch\UART_MMIO_ADDR=32'11110000000001000000000011110000 (D = \d_paddr, Q = \translated_address).
Adding EN signal on $procdff$18176 ($adff) from module $paramod\Branch\UART_MMIO_ADDR=32'11110000000001000000000011110000 (D = $ternary$./build_yosys/cpu_yosys.v:2960$3497_Y, Q = \data_mem_address).
Adding EN signal on $procdff$18196 ($adff) from module $paramod\Branch\UART_MMIO_ADDR=32'11110000000001000000000011110000 (D = $procmux$6955_Y, Q = \mmu_started).
Adding EN signal on $procdff$18186 ($adff) from module $paramod\Branch\UART_MMIO_ADDR=32'11110000000001000000000011110000 (D = $procmux$6968_Y, Q = \pending).
Adding EN signal on $procdff$18201 ($adff) from module $paramod\Branch\UART_MMIO_ADDR=32'11110000000001000000000011110000 (D = $procmux$6942_Y, Q = \translated).
Adding EN signal on $procdff$18221 ($adff) from module Execute_Mul (D = $ternary$./build_yosys/cpu_yosys.v:2851$2402_Y, Q = \mul_out).
Adding EN signal on $procdff$18216 ($adff) from module Execute_Mul (D = $procmux$7028_Y, Q = \state).
Adding EN signal on $procdff$18231 ($adff) from module Execute_Mul (D = $ternary$./build_yosys/cpu_yosys.v:2846$2400_Y, Q = \multiplier_q).
Adding EN signal on $procdff$18226 ($adff) from module Execute_Mul (D = $ternary$./build_yosys/cpu_yosys.v:2845$2398_Y, Q = \multiplicand_q).
Adding EN signal on $procdff$18236 ($adff) from module Execute_Mul (D = $ne$./build_yosys/cpu_yosys.v:2847$2401_Y, Q = \high_result_q).
Adding EN signal on $procdff$18256 ($adff) from module Execute_Divider (D = $procmux$7080_Y, Q = \remainder).
Adding EN signal on $procdff$18286 ($adff) from module Execute_Divider (D = $logic_and$./build_yosys/cpu_yosys.v:2733$2374_Y, Q = \remainder_neg).
Adding EN signal on $procdff$18241 ($adff) from module Execute_Divider (D = $procmux$7115_Y, Q = \count).
Adding EN signal on $procdff$18276 ($adff) from module Execute_Divider (D = $procmux$7048_Y, Q = \remainder_reg).
Adding EN signal on $procdff$18271 ($adff) from module Execute_Divider (D = $procmux$7057_Y, Q = \quotient_reg).
Adding EN signal on $procdff$18246 ($adff) from module Execute_Divider (D = $procmux$7107_Y, Q = \state).
Adding EN signal on $procdff$18266 ($adff) from module Execute_Divider (D = $ternary$./build_yosys/cpu_yosys.v:2731$2371_Y, Q = \divisor_abs).
Adding EN signal on $procdff$18261 ($adff) from module Execute_Divider (D = $procmux$7072_Y, Q = \dividend_abs).
Adding EN signal on $procdff$18251 ($adff) from module Execute_Divider (D = $procmux$7088_Y, Q = \quotient).
Adding EN signal on $procdff$18281 ($adff) from module Execute_Divider (D = $logic_and$./build_yosys/cpu_yosys.v:2732$2373_Y, Q = \quotient_neg).
Adding EN signal on $procdff$18336 ($adff) from module $paramod\Fetch\BURST_MODE=1'1 (D = $procmux$7143_Y, Q = \burst_start_word).
Adding EN signal on $procdff$18321 ($adff) from module $paramod\Fetch\BURST_MODE=1'1 (D = \fetch_address, Q = \vaddr).
Adding EN signal on $procdff$18326 ($adff) from module $paramod\Fetch\BURST_MODE=1'1 (D = $procmux$7174_Y, Q = \burst_count).
Adding EN signal on $procdff$18316 ($adff) from module $paramod\Fetch\BURST_MODE=1'1 (D = \program_mem_read_data, Q = \opcode).
Adding EN signal on $procdff$18296 ($adff) from module $paramod\Fetch\BURST_MODE=1'1 (D = $procmux$7226_Y, Q = \program_mem_read_address).
Adding EN signal on $procdff$18331 ($adff) from module $paramod\Fetch\BURST_MODE=1'1 (D = $procmux$7156_Y, Q = \state).
Adding EN signal on $procdff$18301 ($adff) from module $paramod\Fetch\BURST_MODE=1'1 (D = $procmux$7213_Y, Q = \busy).
Adding EN signal on $procdff$18341 ($adff) from module Decorder (D = \decoder_ctrl_next, Q = \decoder_ctrl).
Adding EN signal on $procdff$18361 ($adff) from module $paramod$28704d8bf4447e08602ecae7770c77318b280126\Fetch_Fifo (D = $procmux$7248_Y, Q = \rptr).
Adding EN signal on $procdff$18351 ($adff) from module $paramod$28704d8bf4447e08602ecae7770c77318b280126\Fetch_Fifo (D = $procmux$7261_Y, Q = \count).
Adding EN signal on $procdff$18356 ($adff) from module $paramod$28704d8bf4447e08602ecae7770c77318b280126\Fetch_Fifo (D = $procmux$7254_Y, Q = \wptr).
Adding EN signal on $procdff$18491 ($adff) from module $paramod$01725da92754737a8a2ce09aa1322a94754cc9bb\PSC_Register (D = $procmux$7412_Y, Q = \registers[13]).
Adding EN signal on $procdff$18551 ($adff) from module $paramod$01725da92754737a8a2ce09aa1322a94754cc9bb\PSC_Register (D = $procmux$7472_Y, Q = \registers[1]).
Adding EN signal on $procdff$18381 ($adff) from module $paramod$01725da92754737a8a2ce09aa1322a94754cc9bb\PSC_Register (D = $procmux$7298_Y, Q = \registers[33]).
Adding EN signal on $procdff$18531 ($adff) from module $paramod$01725da92754737a8a2ce09aa1322a94754cc9bb\PSC_Register (D = $procmux$7452_Y, Q = \registers[5]).
Adding EN signal on $procdff$18441 ($adff) from module $paramod$01725da92754737a8a2ce09aa1322a94754cc9bb\PSC_Register (D = $procmux$7362_Y, Q = \registers[23]).
Adding EN signal on $procdff$18386 ($adff) from module $paramod$01725da92754737a8a2ce09aa1322a94754cc9bb\PSC_Register (D = $procmux$7287_Y, Q = \ready[33]).
Adding EN signal on $procdff$18521 ($adff) from module $paramod$01725da92754737a8a2ce09aa1322a94754cc9bb\PSC_Register (D = $procmux$7442_Y, Q = \registers[7]).
Adding EN signal on $procdff$18501 ($adff) from module $paramod$01725da92754737a8a2ce09aa1322a94754cc9bb\PSC_Register (D = $procmux$7422_Y, Q = \registers[11]).
Adding EN signal on $procdff$18391 ($adff) from module $paramod$01725da92754737a8a2ce09aa1322a94754cc9bb\PSC_Register (D = $procmux$7317_Y, Q = \registers[32]).
Adding EN signal on $procdff$18446 ($adff) from module $paramod$01725da92754737a8a2ce09aa1322a94754cc9bb\PSC_Register (D = $procmux$7367_Y, Q = \registers[22]).
Adding EN signal on $procdff$18546 ($adff) from module $paramod$01725da92754737a8a2ce09aa1322a94754cc9bb\PSC_Register (D = $procmux$7467_Y, Q = \registers[2]).
Adding EN signal on $procdff$18396 ($adff) from module $paramod$01725da92754737a8a2ce09aa1322a94754cc9bb\PSC_Register (D = $procmux$7306_Y, Q = \ready[32]).
Adding EN signal on $procdff$18471 ($adff) from module $paramod$01725da92754737a8a2ce09aa1322a94754cc9bb\PSC_Register (D = $procmux$7392_Y, Q = \registers[17]).
Adding EN signal on $procdff$18496 ($adff) from module $paramod$01725da92754737a8a2ce09aa1322a94754cc9bb\PSC_Register (D = $procmux$7417_Y, Q = \registers[12]).
Adding EN signal on $procdff$18401 ($adff) from module $paramod$01725da92754737a8a2ce09aa1322a94754cc9bb\PSC_Register (D = $procmux$7322_Y, Q = \registers[31]).
Adding EN signal on $procdff$18516 ($adff) from module $paramod$01725da92754737a8a2ce09aa1322a94754cc9bb\PSC_Register (D = $procmux$7437_Y, Q = \registers[8]).
Adding EN signal on $procdff$18451 ($adff) from module $paramod$01725da92754737a8a2ce09aa1322a94754cc9bb\PSC_Register (D = $procmux$7372_Y, Q = \registers[21]).
Adding EN signal on $procdff$18406 ($adff) from module $paramod$01725da92754737a8a2ce09aa1322a94754cc9bb\PSC_Register (D = $procmux$7327_Y, Q = \registers[30]).
Adding EN signal on $procdff$18486 ($adff) from module $paramod$01725da92754737a8a2ce09aa1322a94754cc9bb\PSC_Register (D = $procmux$7407_Y, Q = \registers[14]).
Adding EN signal on $procdff$18541 ($adff) from module $paramod$01725da92754737a8a2ce09aa1322a94754cc9bb\PSC_Register (D = $procmux$7462_Y, Q = \registers[3]).
Adding EN signal on $procdff$18411 ($adff) from module $paramod$01725da92754737a8a2ce09aa1322a94754cc9bb\PSC_Register (D = $procmux$7332_Y, Q = \registers[29]).
Adding EN signal on $procdff$18526 ($adff) from module $paramod$01725da92754737a8a2ce09aa1322a94754cc9bb\PSC_Register (D = $procmux$7447_Y, Q = \registers[6]).
Adding EN signal on $procdff$18456 ($adff) from module $paramod$01725da92754737a8a2ce09aa1322a94754cc9bb\PSC_Register (D = $procmux$7377_Y, Q = \registers[20]).
Adding EN signal on $procdff$18416 ($adff) from module $paramod$01725da92754737a8a2ce09aa1322a94754cc9bb\PSC_Register (D = $procmux$7337_Y, Q = \registers[28]).
Adding EN signal on $procdff$18476 ($adff) from module $paramod$01725da92754737a8a2ce09aa1322a94754cc9bb\PSC_Register (D = $procmux$7397_Y, Q = \registers[16]).
Adding EN signal on $procdff$18421 ($adff) from module $paramod$01725da92754737a8a2ce09aa1322a94754cc9bb\PSC_Register (D = $procmux$7342_Y, Q = \registers[27]).
Adding EN signal on $procdff$18461 ($adff) from module $paramod$01725da92754737a8a2ce09aa1322a94754cc9bb\PSC_Register (D = $procmux$7382_Y, Q = \registers[19]).
Adding EN signal on $procdff$18536 ($adff) from module $paramod$01725da92754737a8a2ce09aa1322a94754cc9bb\PSC_Register (D = $procmux$7457_Y, Q = \registers[4]).
Adding EN signal on $procdff$18426 ($adff) from module $paramod$01725da92754737a8a2ce09aa1322a94754cc9bb\PSC_Register (D = $procmux$7347_Y, Q = \registers[26]).
Adding EN signal on $procdff$18506 ($adff) from module $paramod$01725da92754737a8a2ce09aa1322a94754cc9bb\PSC_Register (D = $procmux$7427_Y, Q = \registers[10]).
Adding EN signal on $procdff$18511 ($adff) from module $paramod$01725da92754737a8a2ce09aa1322a94754cc9bb\PSC_Register (D = $procmux$7432_Y, Q = \registers[9]).
Adding EN signal on $procdff$18431 ($adff) from module $paramod$01725da92754737a8a2ce09aa1322a94754cc9bb\PSC_Register (D = $procmux$7352_Y, Q = \registers[25]).
Adding EN signal on $procdff$18481 ($adff) from module $paramod$01725da92754737a8a2ce09aa1322a94754cc9bb\PSC_Register (D = $procmux$7402_Y, Q = \registers[15]).
Adding EN signal on $procdff$18466 ($adff) from module $paramod$01725da92754737a8a2ce09aa1322a94754cc9bb\PSC_Register (D = $procmux$7387_Y, Q = \registers[18]).
Adding EN signal on $procdff$18436 ($adff) from module $paramod$01725da92754737a8a2ce09aa1322a94754cc9bb\PSC_Register (D = $procmux$7357_Y, Q = \registers[24]).
Adding EN signal on $procdff$18556 ($adff) from module PSC_RV32_InstructionEngine (D = \memory_alu_data, Q = \memory_vaddr).
Adding EN signal on $procdff$18732 ($dff) from module PSC_InstructionUnit (D = \alloc_phys [0], Q = \rat_spec_slot[7]).
Adding EN signal on $procdff$18858 ($dff) from module PSC_InstructionUnit (D = \alloc_phys [0], Q = \rat_spec_slot[25]).
Adding EN signal on $procdff$18739 ($dff) from module PSC_InstructionUnit (D = \alloc_phys [0], Q = \rat_spec_slot[8]).
Adding EN signal on $procdff$19755 ($adff) from module PSC_InstructionUnit (D = $procmux$14606_Y, Q = \decode_stage_src1_tag).
Adding EN signal on $procdff$18621 ($adff) from module PSC_InstructionUnit (D = $procmux$14033_Y, Q = \md_active).
Adding EN signal on $procdff$18561 ($adff) from module PSC_InstructionUnit (D = $procmux$14117_Y, Q = \rob_head).
Adding EN signal on $procdff$18795 ($dff) from module PSC_InstructionUnit (D = \alloc_phys [0], Q = \rat_spec_slot[16]).
Adding EN signal on $procdff$18746 ($dff) from module PSC_InstructionUnit (D = \alloc_phys [0], Q = \rat_spec_slot[9]).
Adding EN signal on $procdff$18725 ($dff) from module PSC_InstructionUnit (D = \alloc_phys [0], Q = \rat_spec_slot[6]).
Adding EN signal on $procdff$18753 ($dff) from module PSC_InstructionUnit (D = \alloc_phys [0], Q = \rat_spec_slot[10]).
Adding EN signal on $procdff$18865 ($dff) from module PSC_InstructionUnit (D = \alloc_phys [0], Q = \rat_spec_slot[26]).
Adding EN signal on $procdff$18566 ($adff) from module PSC_InstructionUnit (D = $procmux$14108_Y, Q = \rob_tail).
Adding EN signal on $procdff$18886 ($dff) from module PSC_InstructionUnit (D = \alloc_phys [0], Q = \rat_spec_slot[29]).
Adding EN signal on $procdff$18626 ($adff) from module PSC_InstructionUnit (D = $5$mem2reg_rd$\iq$./build_yosys/cpu_yosys.v:2161$3931_DATA[79:0]$5451 [78], Q = \md_active_rob_tag).
Adding EN signal on $procdff$18586 ($adff) from module PSC_InstructionUnit (D = $procmux$14099_Y, Q = \alu_active).
Adding EN signal on $procdff$18591 ($adff) from module PSC_InstructionUnit (D = $5$mem2reg_rd$\iq$./build_yosys/cpu_yosys.v:2138$3916_DATA[79:0]$5377 [78], Q = \alu_active_rob_tag).
Adding EN signal on $procdff$19745 ($adff) from module PSC_InstructionUnit (D = \decoded_ctrl, Q = \decode_stage_ctrl).
Adding EN signal on $procdff$18571 ($adff) from module PSC_InstructionUnit (D = $procmux$12467_Y, Q = \rob_count).
Adding EN signal on $procdff$18601 ($adff) from module PSC_InstructionUnit (D = $logic_and$./build_yosys/cpu_yosys.v:2139$5383_Y, Q = \alu_active_dest_valid).
Adding EN signal on $procdff$18781 ($dff) from module PSC_InstructionUnit (D = \alloc_phys [0], Q = \rat_spec_slot[14]).
Adding EN signal on $procdff$18760 ($dff) from module PSC_InstructionUnit (D = \alloc_phys [0], Q = \rat_spec_slot[11]).
Adding EN signal on $procdff$18711 ($dff) from module PSC_InstructionUnit (D = \alloc_phys [0], Q = \rat_spec_slot[4]).
Adding EN signal on $procdff$18851 ($dff) from module PSC_InstructionUnit (D = \alloc_phys [0], Q = \rat_spec_slot[24]).
Adding EN signal on $procdff$18718 ($dff) from module PSC_InstructionUnit (D = \alloc_phys [0], Q = \rat_spec_slot[5]).
Adding EN signal on $procdff$18690 ($dff) from module PSC_InstructionUnit (D = \alloc_phys [0], Q = \rat_spec_slot[1]).
Adding EN signal on $procdff$19750 ($adff) from module PSC_InstructionUnit (D = \opcode, Q = \decode_stage_opcode).
Adding EN signal on $procdff$18631 ($adff) from module PSC_InstructionUnit (D = $5$mem2reg_rd$\rob$./build_yosys/cpu_yosys.v:2163$3933_DATA[307:0]$5455 [108:103], Q = \md_active_dest_phys).
Adding EN signal on $procdff$18802 ($dff) from module PSC_InstructionUnit (D = \alloc_phys [0], Q = \rat_spec_slot[17]).
Adding EN signal on $procdff$18872 ($dff) from module PSC_InstructionUnit (D = \alloc_phys [0], Q = \rat_spec_slot[27]).
Adding EN signal on $procdff$18636 ($adff) from module PSC_InstructionUnit (D = $5$mem2reg_rd$\rob$./build_yosys/cpu_yosys.v:2162$3932_DATA[307:0]$5453 [109], Q = \md_active_dest_valid).
Adding EN signal on $procdff$18641 ($adff) from module PSC_InstructionUnit (D = $5$mem2reg_rd$\rob$./build_yosys/cpu_yosys.v:2164$3934_DATA[307:0]$5457 [271:142], Q = \md_active_ctrl).
Adding EN signal on $procdff$18809 ($dff) from module PSC_InstructionUnit (D = \alloc_phys [0], Q = \rat_spec_slot[18]).
Adding EN signal on $procdff$18893 ($dff) from module PSC_InstructionUnit (D = \alloc_phys [0], Q = \rat_spec_slot[30]).
Adding EN signal on $procdff$18646 ($adff) from module PSC_InstructionUnit (D = $5$mem2reg_rd$\iq$./build_yosys/cpu_yosys.v:2165$3935_DATA[79:0]$5458 [76:45], Q = \md_active_src1).
Adding EN signal on $procdff$18651 ($adff) from module PSC_InstructionUnit (D = $5$mem2reg_rd$\iq$./build_yosys/cpu_yosys.v:2166$3936_DATA[79:0]$5459 [37:6], Q = \md_active_src2).
Adding EN signal on $procdff$18816 ($dff) from module PSC_InstructionUnit (D = \alloc_phys [0], Q = \rat_spec_slot[19]).
Adding EN signal on $procdff$18661 ($adff) from module PSC_InstructionUnit (D = $ternary$./build_yosys/cpu_yosys.v:2114$5327_Y, Q = \rob[0] [31:0]).
Adding EN signal on $procdff$18661 ($adff) from module PSC_InstructionUnit (D = $ternary$./build_yosys/cpu_yosys.v:2113$5326_Y, Q = \rob[0] [36:32]).
Adding EN signal on $procdff$18661 ($adff) from module PSC_InstructionUnit (D = \decode_stage_ctrl [0], Q = \rob[0] [37]).
Adding EN signal on $procdff$18661 ($adff) from module PSC_InstructionUnit (D = $ternary$./build_yosys/cpu_yosys.v:2110$5325_Y, Q = \rob[0] [108:103]).
Adding EN signal on $procdff$18661 ($adff) from module PSC_InstructionUnit (D = $logic_and$./build_yosys/cpu_yosys.v:1822$3973_Y, Q = \rob[0] [109]).
Adding EN signal on $procdff$18661 ($adff) from module PSC_InstructionUnit (D = \decode_stage_ctrl, Q = \rob[0] [271:142]).
Adding EN signal on $procdff$18661 ($adff) from module PSC_InstructionUnit (D = \decode_stage_opcode, Q = \rob[0] [303:272]).
Adding EN signal on $procdff$18661 ($adff) from module PSC_InstructionUnit (D = $logic_or$./build_yosys/cpu_yosys.v:1766$5324_Y, Q = \rob[0] [304]).
Adding EN signal on $procdff$18661 ($adff) from module PSC_InstructionUnit (D = \alu_execute_data, Q = \rob[0] [69:38]).
Adding EN signal on $procdff$18661 ($adff) from module PSC_InstructionUnit (D = $procmux$10040_Y, Q = \rob[0] [70]).
Adding EN signal on $procdff$18661 ($adff) from module PSC_InstructionUnit (D = $procmux$10085_Y, Q = \rob[0] [102:71]).
Adding EN signal on $procdff$18661 ($adff) from module PSC_InstructionUnit (D = $procmux$10274_Y, Q = \rob[0] [305]).
Adding EN signal on $procdff$18661 ($adff) from module PSC_InstructionUnit (D = $procmux$12433_Y, Q = \rob[0] [306]).
Adding EN signal on $procdff$18661 ($adff) from module PSC_InstructionUnit (D = $procmux$10169_Y, Q = \rob[0] [141:110]).
Adding EN signal on $procdff$18823 ($dff) from module PSC_InstructionUnit (D = \alloc_phys [0], Q = \rat_spec_slot[20]).
Adding EN signal on $procdff$18900 ($dff) from module PSC_InstructionUnit (D = \alloc_phys [0], Q = \rat_spec_slot[31]).
Adding EN signal on $procdff$18666 ($adff) from module PSC_InstructionUnit (D = $ternary$./build_yosys/cpu_yosys.v:2114$5327_Y, Q = \rob[1] [31:0]).
Adding EN signal on $procdff$18666 ($adff) from module PSC_InstructionUnit (D = \decode_stage_ctrl [0], Q = \rob[1] [37]).
Adding EN signal on $procdff$18666 ($adff) from module PSC_InstructionUnit (D = \alu_execute_data, Q = \rob[1] [69:38]).
Adding EN signal on $procdff$18666 ($adff) from module PSC_InstructionUnit (D = $procmux$10010_Y, Q = \rob[1] [70]).
Adding EN signal on $procdff$18666 ($adff) from module PSC_InstructionUnit (D = $procmux$10061_Y, Q = \rob[1] [102:71]).
Adding EN signal on $procdff$18666 ($adff) from module PSC_InstructionUnit (D = $ternary$./build_yosys/cpu_yosys.v:2110$5325_Y, Q = \rob[1] [108:103]).
Adding EN signal on $procdff$18666 ($adff) from module PSC_InstructionUnit (D = $logic_and$./build_yosys/cpu_yosys.v:1822$3973_Y, Q = \rob[1] [109]).
Adding EN signal on $procdff$18666 ($adff) from module PSC_InstructionUnit (D = \decode_stage_ctrl, Q = \rob[1] [271:142]).
Adding EN signal on $procdff$18666 ($adff) from module PSC_InstructionUnit (D = \decode_stage_opcode, Q = \rob[1] [303:272]).
Adding EN signal on $procdff$18666 ($adff) from module PSC_InstructionUnit (D = $logic_or$./build_yosys/cpu_yosys.v:1766$5324_Y, Q = \rob[1] [304]).
Adding EN signal on $procdff$18666 ($adff) from module PSC_InstructionUnit (D = $procmux$10256_Y, Q = \rob[1] [305]).
Adding EN signal on $procdff$18666 ($adff) from module PSC_InstructionUnit (D = $procmux$10308_Y, Q = \rob[1] [306]).
Adding EN signal on $procdff$18666 ($adff) from module PSC_InstructionUnit (D = $ternary$./build_yosys/cpu_yosys.v:2113$5326_Y, Q = \rob[1] [36:32]).
Adding EN signal on $procdff$18666 ($adff) from module PSC_InstructionUnit (D = $procmux$10148_Y, Q = \rob[1] [141:110]).
Adding EN signal on $procdff$18671 ($adff) from module PSC_InstructionUnit (D = \decode_stage_src2_tag, Q = \iq[0] [5:0]).
Adding EN signal on $procdff$18671 ($adff) from module PSC_InstructionUnit (D = \decode_stage_src1_tag, Q = \iq[0] [44:39]).
Adding EN signal on $procdff$18671 ($adff) from module PSC_InstructionUnit (D = \rob_tail, Q = \iq[0] [78]).
Adding EN signal on $procdff$18671 ($adff) from module PSC_InstructionUnit (D = $procmux$9756_Y, Q = \iq[0] [37:6]).
Adding EN signal on $procdff$18671 ($adff) from module PSC_InstructionUnit (D = $procmux$9801_Y, Q = \iq[0] [38]).
Adding EN signal on $procdff$18671 ($adff) from module PSC_InstructionUnit (D = $procmux$9869_Y, Q = \iq[0] [76:45]).
Adding EN signal on $procdff$18671 ($adff) from module PSC_InstructionUnit (D = $procmux$9914_Y, Q = \iq[0] [77]).
Adding EN signal on $procdff$18830 ($dff) from module PSC_InstructionUnit (D = \alloc_phys [0], Q = \rat_spec_slot[21]).
Adding EN signal on $procdff$18676 ($adff) from module PSC_InstructionUnit (D = \decode_stage_src1_tag, Q = \iq[1] [44:39]).
Adding EN signal on $procdff$18676 ($adff) from module PSC_InstructionUnit (D = \decode_stage_src2_tag, Q = \iq[1] [5:0]).
Adding EN signal on $procdff$18676 ($adff) from module PSC_InstructionUnit (D = $procmux$9710_Y, Q = \iq[1] [37:6]).
Adding EN signal on $procdff$18676 ($adff) from module PSC_InstructionUnit (D = $procmux$9778_Y, Q = \iq[1] [38]).
Adding EN signal on $procdff$18676 ($adff) from module PSC_InstructionUnit (D = $procmux$9846_Y, Q = \iq[1] [76:45]).
Adding EN signal on $procdff$18676 ($adff) from module PSC_InstructionUnit (D = $procmux$9891_Y, Q = \iq[1] [77]).
Adding EN signal on $procdff$18676 ($adff) from module PSC_InstructionUnit (D = \rob_tail, Q = \iq[1] [78]).
Adding EN signal on $procdff$18683 ($dff) from module PSC_InstructionUnit (D = \alloc_phys [0], Q = \rat_spec_slot[0]).
Adding EN signal on $procdff$18697 ($dff) from module PSC_InstructionUnit (D = \alloc_phys [0], Q = \rat_spec_slot[2]).
Adding EN signal on $procdff$18844 ($dff) from module PSC_InstructionUnit (D = \alloc_phys [0], Q = \rat_spec_slot[23]).
Adding EN signal on $procdff$18767 ($dff) from module PSC_InstructionUnit (D = \alloc_phys [0], Q = \rat_spec_slot[12]).
Adding EN signal on $procdff$18879 ($dff) from module PSC_InstructionUnit (D = \alloc_phys [0], Q = \rat_spec_slot[28]).
Adding EN signal on $procdff$18704 ($dff) from module PSC_InstructionUnit (D = \alloc_phys [0], Q = \rat_spec_slot[3]).
Adding EN signal on $procdff$19740 ($adff) from module PSC_InstructionUnit (D = $procmux$14630_Y, Q = \decode_stage_valid).
Adding EN signal on $procdff$18837 ($dff) from module PSC_InstructionUnit (D = \alloc_phys [0], Q = \rat_spec_slot[22]).
Adding EN signal on $procdff$18606 ($adff) from module PSC_InstructionUnit (D = $5$mem2reg_rd$\rob$./build_yosys/cpu_yosys.v:2141$3920_DATA[307:0]$5387 [271:142], Q = \alu_active_ctrl).
Adding EN signal on $procdff$18611 ($adff) from module PSC_InstructionUnit (D = $5$mem2reg_rd$\iq$./build_yosys/cpu_yosys.v:2142$3921_DATA[79:0]$5388 [76:45], Q = \alu_active_src1).
Adding EN signal on $procdff$18788 ($dff) from module PSC_InstructionUnit (D = \alloc_phys [0], Q = \rat_spec_slot[15]).
Adding EN signal on $procdff$18616 ($adff) from module PSC_InstructionUnit (D = $5$mem2reg_rd$\iq$./build_yosys/cpu_yosys.v:2143$3922_DATA[79:0]$5389 [37:6], Q = \alu_active_src2).
Adding EN signal on $procdff$19760 ($adff) from module PSC_InstructionUnit (D = $procmux$14591_Y, Q = \decode_stage_src2_tag).
Adding EN signal on $procdff$18596 ($adff) from module PSC_InstructionUnit (D = $5$mem2reg_rd$\rob$./build_yosys/cpu_yosys.v:2140$3919_DATA[307:0]$5385 [108:103], Q = \alu_active_dest_phys).
Adding EN signal on $procdff$18774 ($dff) from module PSC_InstructionUnit (D = \alloc_phys [0], Q = \rat_spec_slot[13]).
Setting constant 1-bit at position 0 on $procdff$19270 ($adff) from module PSC_InstructionUnit.
Setting constant 1-bit at position 1 on $procdff$19270 ($adff) from module PSC_InstructionUnit.
Setting constant 1-bit at position 2 on $procdff$19270 ($adff) from module PSC_InstructionUnit.
Setting constant 1-bit at position 3 on $procdff$19270 ($adff) from module PSC_InstructionUnit.
Setting constant 1-bit at position 4 on $procdff$19270 ($adff) from module PSC_InstructionUnit.
Setting constant 1-bit at position 0 on $procdff$18980 ($adff) from module PSC_InstructionUnit.
Setting constant 1-bit at position 1 on $procdff$18980 ($adff) from module PSC_InstructionUnit.
Setting constant 1-bit at position 2 on $procdff$18980 ($adff) from module PSC_InstructionUnit.
Setting constant 1-bit at position 3 on $procdff$18980 ($adff) from module PSC_InstructionUnit.
Setting constant 1-bit at position 4 on $procdff$18980 ($adff) from module PSC_InstructionUnit.
Setting constant 1-bit at position 5 on $procdff$18980 ($adff) from module PSC_InstructionUnit.
Setting constant 1-bit at position 6 on $procdff$18980 ($adff) from module PSC_InstructionUnit.
Setting constant 1-bit at position 7 on $procdff$18980 ($adff) from module PSC_InstructionUnit.
Setting constant 1-bit at position 0 on $procdff$18970 ($adff) from module PSC_InstructionUnit.
Setting constant 1-bit at position 1 on $procdff$18970 ($adff) from module PSC_InstructionUnit.
Setting constant 1-bit at position 0 on $procdff$19605 ($adff) from module PSC_InstructionUnit.
Setting constant 1-bit at position 1 on $procdff$19605 ($adff) from module PSC_InstructionUnit.
Setting constant 1-bit at position 2 on $procdff$19605 ($adff) from module PSC_InstructionUnit.
Setting constant 1-bit at position 3 on $procdff$19605 ($adff) from module PSC_InstructionUnit.
Setting constant 1-bit at position 4 on $procdff$19605 ($adff) from module PSC_InstructionUnit.
Setting constant 1-bit at position 5 on $procdff$19605 ($adff) from module PSC_InstructionUnit.
Setting constant 1-bit at position 6 on $procdff$19605 ($adff) from module PSC_InstructionUnit.
Setting constant 1-bit at position 7 on $procdff$19605 ($adff) from module PSC_InstructionUnit.
Setting constant 1-bit at position 8 on $procdff$19605 ($adff) from module PSC_InstructionUnit.
Setting constant 1-bit at position 9 on $procdff$19605 ($adff) from module PSC_InstructionUnit.
Setting constant 1-bit at position 10 on $procdff$19605 ($adff) from module PSC_InstructionUnit.
Setting constant 1-bit at position 11 on $procdff$19605 ($adff) from module PSC_InstructionUnit.
Setting constant 1-bit at position 12 on $procdff$19605 ($adff) from module PSC_InstructionUnit.
Setting constant 1-bit at position 13 on $procdff$19605 ($adff) from module PSC_InstructionUnit.
Setting constant 1-bit at position 14 on $procdff$19605 ($adff) from module PSC_InstructionUnit.
Setting constant 1-bit at position 15 on $procdff$19605 ($adff) from module PSC_InstructionUnit.
Setting constant 1-bit at position 16 on $procdff$19605 ($adff) from module PSC_InstructionUnit.
Setting constant 1-bit at position 17 on $procdff$19605 ($adff) from module PSC_InstructionUnit.
Setting constant 1-bit at position 18 on $procdff$19605 ($adff) from module PSC_InstructionUnit.
Setting constant 1-bit at position 19 on $procdff$19605 ($adff) from module PSC_InstructionUnit.
Setting constant 1-bit at position 20 on $procdff$19605 ($adff) from module PSC_InstructionUnit.
Setting constant 1-bit at position 21 on $procdff$19605 ($adff) from module PSC_InstructionUnit.
Setting constant 1-bit at position 22 on $procdff$19605 ($adff) from module PSC_InstructionUnit.
Setting constant 1-bit at position 23 on $procdff$19605 ($adff) from module PSC_InstructionUnit.
Setting constant 1-bit at position 24 on $procdff$19605 ($adff) from module PSC_InstructionUnit.
Setting constant 1-bit at position 25 on $procdff$19605 ($adff) from module PSC_InstructionUnit.
Setting constant 1-bit at position 26 on $procdff$19605 ($adff) from module PSC_InstructionUnit.
Setting constant 1-bit at position 27 on $procdff$19605 ($adff) from module PSC_InstructionUnit.
Setting constant 1-bit at position 28 on $procdff$19605 ($adff) from module PSC_InstructionUnit.
Setting constant 1-bit at position 29 on $procdff$19605 ($adff) from module PSC_InstructionUnit.
Setting constant 1-bit at position 30 on $procdff$19605 ($adff) from module PSC_InstructionUnit.
Setting constant 1-bit at position 31 on $procdff$19605 ($adff) from module PSC_InstructionUnit.
Setting constant 1-bit at position 32 on $procdff$19605 ($adff) from module PSC_InstructionUnit.
Setting constant 1-bit at position 33 on $procdff$19605 ($adff) from module PSC_InstructionUnit.
Setting constant 1-bit at position 34 on $procdff$19605 ($adff) from module PSC_InstructionUnit.
Setting constant 1-bit at position 35 on $procdff$19605 ($adff) from module PSC_InstructionUnit.
Setting constant 1-bit at position 36 on $procdff$19605 ($adff) from module PSC_InstructionUnit.
Setting constant 1-bit at position 37 on $procdff$19605 ($adff) from module PSC_InstructionUnit.
Setting constant 1-bit at position 38 on $procdff$19605 ($adff) from module PSC_InstructionUnit.
Setting constant 1-bit at position 39 on $procdff$19605 ($adff) from module PSC_InstructionUnit.
Setting constant 1-bit at position 40 on $procdff$19605 ($adff) from module PSC_InstructionUnit.
Setting constant 1-bit at position 41 on $procdff$19605 ($adff) from module PSC_InstructionUnit.
Setting constant 1-bit at position 42 on $procdff$19605 ($adff) from module PSC_InstructionUnit.
Setting constant 1-bit at position 43 on $procdff$19605 ($adff) from module PSC_InstructionUnit.
Setting constant 1-bit at position 44 on $procdff$19605 ($adff) from module PSC_InstructionUnit.
Setting constant 1-bit at position 45 on $procdff$19605 ($adff) from module PSC_InstructionUnit.
Setting constant 1-bit at position 46 on $procdff$19605 ($adff) from module PSC_InstructionUnit.
Setting constant 1-bit at position 47 on $procdff$19605 ($adff) from module PSC_InstructionUnit.
Setting constant 1-bit at position 48 on $procdff$19605 ($adff) from module PSC_InstructionUnit.
Setting constant 1-bit at position 49 on $procdff$19605 ($adff) from module PSC_InstructionUnit.
Setting constant 1-bit at position 50 on $procdff$19605 ($adff) from module PSC_InstructionUnit.
Setting constant 1-bit at position 51 on $procdff$19605 ($adff) from module PSC_InstructionUnit.
Setting constant 1-bit at position 52 on $procdff$19605 ($adff) from module PSC_InstructionUnit.
Setting constant 1-bit at position 53 on $procdff$19605 ($adff) from module PSC_InstructionUnit.
Setting constant 1-bit at position 54 on $procdff$19605 ($adff) from module PSC_InstructionUnit.
Setting constant 1-bit at position 55 on $procdff$19605 ($adff) from module PSC_InstructionUnit.
Setting constant 1-bit at position 56 on $procdff$19605 ($adff) from module PSC_InstructionUnit.
Setting constant 1-bit at position 57 on $procdff$19605 ($adff) from module PSC_InstructionUnit.
Setting constant 1-bit at position 58 on $procdff$19605 ($adff) from module PSC_InstructionUnit.
Setting constant 1-bit at position 59 on $procdff$19605 ($adff) from module PSC_InstructionUnit.
Setting constant 1-bit at position 60 on $procdff$19605 ($adff) from module PSC_InstructionUnit.
Setting constant 1-bit at position 61 on $procdff$19605 ($adff) from module PSC_InstructionUnit.
Setting constant 1-bit at position 62 on $procdff$19605 ($adff) from module PSC_InstructionUnit.
Setting constant 1-bit at position 63 on $procdff$19605 ($adff) from module PSC_InstructionUnit.
Setting constant 1-bit at position 64 on $procdff$19605 ($adff) from module PSC_InstructionUnit.
Setting constant 1-bit at position 65 on $procdff$19605 ($adff) from module PSC_InstructionUnit.
Setting constant 1-bit at position 66 on $procdff$19605 ($adff) from module PSC_InstructionUnit.
Setting constant 1-bit at position 67 on $procdff$19605 ($adff) from module PSC_InstructionUnit.
Setting constant 1-bit at position 68 on $procdff$19605 ($adff) from module PSC_InstructionUnit.
Setting constant 1-bit at position 69 on $procdff$19605 ($adff) from module PSC_InstructionUnit.
Setting constant 1-bit at position 70 on $procdff$19605 ($adff) from module PSC_InstructionUnit.
Setting constant 1-bit at position 71 on $procdff$19605 ($adff) from module PSC_InstructionUnit.
Setting constant 1-bit at position 72 on $procdff$19605 ($adff) from module PSC_InstructionUnit.
Setting constant 1-bit at position 73 on $procdff$19605 ($adff) from module PSC_InstructionUnit.
Setting constant 1-bit at position 74 on $procdff$19605 ($adff) from module PSC_InstructionUnit.
Setting constant 1-bit at position 75 on $procdff$19605 ($adff) from module PSC_InstructionUnit.
Setting constant 1-bit at position 76 on $procdff$19605 ($adff) from module PSC_InstructionUnit.
Setting constant 1-bit at position 77 on $procdff$19605 ($adff) from module PSC_InstructionUnit.
Setting constant 1-bit at position 78 on $procdff$19605 ($adff) from module PSC_InstructionUnit.
Setting constant 1-bit at position 79 on $procdff$19605 ($adff) from module PSC_InstructionUnit.
Setting constant 1-bit at position 80 on $procdff$19605 ($adff) from module PSC_InstructionUnit.
Setting constant 1-bit at position 81 on $procdff$19605 ($adff) from module PSC_InstructionUnit.
Setting constant 1-bit at position 82 on $procdff$19605 ($adff) from module PSC_InstructionUnit.
Setting constant 1-bit at position 83 on $procdff$19605 ($adff) from module PSC_InstructionUnit.
Setting constant 1-bit at position 84 on $procdff$19605 ($adff) from module PSC_InstructionUnit.
Setting constant 1-bit at position 85 on $procdff$19605 ($adff) from module PSC_InstructionUnit.
Setting constant 1-bit at position 86 on $procdff$19605 ($adff) from module PSC_InstructionUnit.
Setting constant 1-bit at position 87 on $procdff$19605 ($adff) from module PSC_InstructionUnit.
Setting constant 1-bit at position 88 on $procdff$19605 ($adff) from module PSC_InstructionUnit.
Setting constant 1-bit at position 89 on $procdff$19605 ($adff) from module PSC_InstructionUnit.
Setting constant 1-bit at position 90 on $procdff$19605 ($adff) from module PSC_InstructionUnit.
Setting constant 1-bit at position 91 on $procdff$19605 ($adff) from module PSC_InstructionUnit.
Setting constant 1-bit at position 92 on $procdff$19605 ($adff) from module PSC_InstructionUnit.
Setting constant 1-bit at position 93 on $procdff$19605 ($adff) from module PSC_InstructionUnit.
Setting constant 1-bit at position 94 on $procdff$19605 ($adff) from module PSC_InstructionUnit.
Setting constant 1-bit at position 95 on $procdff$19605 ($adff) from module PSC_InstructionUnit.
Setting constant 1-bit at position 96 on $procdff$19605 ($adff) from module PSC_InstructionUnit.
Setting constant 1-bit at position 97 on $procdff$19605 ($adff) from module PSC_InstructionUnit.
Setting constant 1-bit at position 98 on $procdff$19605 ($adff) from module PSC_InstructionUnit.
Setting constant 1-bit at position 99 on $procdff$19605 ($adff) from module PSC_InstructionUnit.
Setting constant 1-bit at position 100 on $procdff$19605 ($adff) from module PSC_InstructionUnit.
Setting constant 1-bit at position 101 on $procdff$19605 ($adff) from module PSC_InstructionUnit.
Setting constant 1-bit at position 102 on $procdff$19605 ($adff) from module PSC_InstructionUnit.
Setting constant 1-bit at position 103 on $procdff$19605 ($adff) from module PSC_InstructionUnit.
Setting constant 1-bit at position 104 on $procdff$19605 ($adff) from module PSC_InstructionUnit.
Setting constant 1-bit at position 105 on $procdff$19605 ($adff) from module PSC_InstructionUnit.
Setting constant 1-bit at position 106 on $procdff$19605 ($adff) from module PSC_InstructionUnit.
Setting constant 1-bit at position 107 on $procdff$19605 ($adff) from module PSC_InstructionUnit.
Setting constant 1-bit at position 108 on $procdff$19605 ($adff) from module PSC_InstructionUnit.
Setting constant 1-bit at position 109 on $procdff$19605 ($adff) from module PSC_InstructionUnit.
Setting constant 1-bit at position 110 on $procdff$19605 ($adff) from module PSC_InstructionUnit.
Setting constant 1-bit at position 111 on $procdff$19605 ($adff) from module PSC_InstructionUnit.
Setting constant 1-bit at position 112 on $procdff$19605 ($adff) from module PSC_InstructionUnit.
Setting constant 1-bit at position 113 on $procdff$19605 ($adff) from module PSC_InstructionUnit.
Setting constant 1-bit at position 114 on $procdff$19605 ($adff) from module PSC_InstructionUnit.
Setting constant 1-bit at position 115 on $procdff$19605 ($adff) from module PSC_InstructionUnit.
Setting constant 1-bit at position 116 on $procdff$19605 ($adff) from module PSC_InstructionUnit.
Setting constant 1-bit at position 117 on $procdff$19605 ($adff) from module PSC_InstructionUnit.
Setting constant 1-bit at position 118 on $procdff$19605 ($adff) from module PSC_InstructionUnit.
Setting constant 1-bit at position 119 on $procdff$19605 ($adff) from module PSC_InstructionUnit.
Setting constant 1-bit at position 120 on $procdff$19605 ($adff) from module PSC_InstructionUnit.
Setting constant 1-bit at position 121 on $procdff$19605 ($adff) from module PSC_InstructionUnit.
Setting constant 1-bit at position 122 on $procdff$19605 ($adff) from module PSC_InstructionUnit.
Setting constant 1-bit at position 123 on $procdff$19605 ($adff) from module PSC_InstructionUnit.
Setting constant 1-bit at position 124 on $procdff$19605 ($adff) from module PSC_InstructionUnit.
Setting constant 1-bit at position 125 on $procdff$19605 ($adff) from module PSC_InstructionUnit.
Setting constant 1-bit at position 126 on $procdff$19605 ($adff) from module PSC_InstructionUnit.
Setting constant 1-bit at position 127 on $procdff$19605 ($adff) from module PSC_InstructionUnit.
Setting constant 1-bit at position 128 on $procdff$19605 ($adff) from module PSC_InstructionUnit.
Setting constant 1-bit at position 129 on $procdff$19605 ($adff) from module PSC_InstructionUnit.
Setting constant 1-bit at position 130 on $procdff$19605 ($adff) from module PSC_InstructionUnit.
Setting constant 1-bit at position 131 on $procdff$19605 ($adff) from module PSC_InstructionUnit.
Setting constant 1-bit at position 132 on $procdff$19605 ($adff) from module PSC_InstructionUnit.
Setting constant 1-bit at position 133 on $procdff$19605 ($adff) from module PSC_InstructionUnit.
Setting constant 1-bit at position 134 on $procdff$19605 ($adff) from module PSC_InstructionUnit.
Setting constant 1-bit at position 135 on $procdff$19605 ($adff) from module PSC_InstructionUnit.
Setting constant 1-bit at position 136 on $procdff$19605 ($adff) from module PSC_InstructionUnit.
Setting constant 1-bit at position 137 on $procdff$19605 ($adff) from module PSC_InstructionUnit.
Setting constant 1-bit at position 138 on $procdff$19605 ($adff) from module PSC_InstructionUnit.
Setting constant 1-bit at position 139 on $procdff$19605 ($adff) from module PSC_InstructionUnit.
Setting constant 1-bit at position 140 on $procdff$19605 ($adff) from module PSC_InstructionUnit.
Setting constant 1-bit at position 141 on $procdff$19605 ($adff) from module PSC_InstructionUnit.
Setting constant 1-bit at position 142 on $procdff$19605 ($adff) from module PSC_InstructionUnit.
Setting constant 1-bit at position 143 on $procdff$19605 ($adff) from module PSC_InstructionUnit.
Setting constant 1-bit at position 144 on $procdff$19605 ($adff) from module PSC_InstructionUnit.
Setting constant 1-bit at position 145 on $procdff$19605 ($adff) from module PSC_InstructionUnit.
Setting constant 1-bit at position 146 on $procdff$19605 ($adff) from module PSC_InstructionUnit.
Setting constant 1-bit at position 147 on $procdff$19605 ($adff) from module PSC_InstructionUnit.
Setting constant 1-bit at position 148 on $procdff$19605 ($adff) from module PSC_InstructionUnit.
Setting constant 1-bit at position 149 on $procdff$19605 ($adff) from module PSC_InstructionUnit.
Setting constant 1-bit at position 150 on $procdff$19605 ($adff) from module PSC_InstructionUnit.
Setting constant 1-bit at position 151 on $procdff$19605 ($adff) from module PSC_InstructionUnit.
Setting constant 1-bit at position 152 on $procdff$19605 ($adff) from module PSC_InstructionUnit.
Setting constant 1-bit at position 153 on $procdff$19605 ($adff) from module PSC_InstructionUnit.
Setting constant 1-bit at position 154 on $procdff$19605 ($adff) from module PSC_InstructionUnit.
Setting constant 1-bit at position 155 on $procdff$19605 ($adff) from module PSC_InstructionUnit.
Setting constant 1-bit at position 156 on $procdff$19605 ($adff) from module PSC_InstructionUnit.
Setting constant 1-bit at position 157 on $procdff$19605 ($adff) from module PSC_InstructionUnit.
Setting constant 1-bit at position 158 on $procdff$19605 ($adff) from module PSC_InstructionUnit.
Setting constant 1-bit at position 159 on $procdff$19605 ($adff) from module PSC_InstructionUnit.
Setting constant 1-bit at position 160 on $procdff$19605 ($adff) from module PSC_InstructionUnit.
Setting constant 1-bit at position 161 on $procdff$19605 ($adff) from module PSC_InstructionUnit.
Setting constant 1-bit at position 162 on $procdff$19605 ($adff) from module PSC_InstructionUnit.
Setting constant 1-bit at position 163 on $procdff$19605 ($adff) from module PSC_InstructionUnit.
Setting constant 1-bit at position 164 on $procdff$19605 ($adff) from module PSC_InstructionUnit.
Setting constant 1-bit at position 165 on $procdff$19605 ($adff) from module PSC_InstructionUnit.
Setting constant 1-bit at position 166 on $procdff$19605 ($adff) from module PSC_InstructionUnit.
Setting constant 1-bit at position 167 on $procdff$19605 ($adff) from module PSC_InstructionUnit.
Setting constant 1-bit at position 168 on $procdff$19605 ($adff) from module PSC_InstructionUnit.
Setting constant 1-bit at position 169 on $procdff$19605 ($adff) from module PSC_InstructionUnit.
Setting constant 1-bit at position 170 on $procdff$19605 ($adff) from module PSC_InstructionUnit.
Setting constant 1-bit at position 171 on $procdff$19605 ($adff) from module PSC_InstructionUnit.
Setting constant 1-bit at position 172 on $procdff$19605 ($adff) from module PSC_InstructionUnit.
Setting constant 1-bit at position 173 on $procdff$19605 ($adff) from module PSC_InstructionUnit.
Setting constant 1-bit at position 174 on $procdff$19605 ($adff) from module PSC_InstructionUnit.
Setting constant 1-bit at position 175 on $procdff$19605 ($adff) from module PSC_InstructionUnit.
Setting constant 1-bit at position 176 on $procdff$19605 ($adff) from module PSC_InstructionUnit.
Setting constant 1-bit at position 177 on $procdff$19605 ($adff) from module PSC_InstructionUnit.
Setting constant 1-bit at position 178 on $procdff$19605 ($adff) from module PSC_InstructionUnit.
Setting constant 1-bit at position 179 on $procdff$19605 ($adff) from module PSC_InstructionUnit.
Setting constant 1-bit at position 180 on $procdff$19605 ($adff) from module PSC_InstructionUnit.
Setting constant 1-bit at position 181 on $procdff$19605 ($adff) from module PSC_InstructionUnit.
Setting constant 1-bit at position 182 on $procdff$19605 ($adff) from module PSC_InstructionUnit.
Setting constant 1-bit at position 183 on $procdff$19605 ($adff) from module PSC_InstructionUnit.
Setting constant 1-bit at position 184 on $procdff$19605 ($adff) from module PSC_InstructionUnit.
Setting constant 1-bit at position 185 on $procdff$19605 ($adff) from module PSC_InstructionUnit.
Setting constant 1-bit at position 186 on $procdff$19605 ($adff) from module PSC_InstructionUnit.
Setting constant 1-bit at position 187 on $procdff$19605 ($adff) from module PSC_InstructionUnit.
Setting constant 1-bit at position 188 on $procdff$19605 ($adff) from module PSC_InstructionUnit.
Setting constant 1-bit at position 189 on $procdff$19605 ($adff) from module PSC_InstructionUnit.
Setting constant 1-bit at position 190 on $procdff$19605 ($adff) from module PSC_InstructionUnit.
Setting constant 1-bit at position 191 on $procdff$19605 ($adff) from module PSC_InstructionUnit.
Setting constant 1-bit at position 192 on $procdff$19605 ($adff) from module PSC_InstructionUnit.
Setting constant 1-bit at position 193 on $procdff$19605 ($adff) from module PSC_InstructionUnit.
Setting constant 1-bit at position 194 on $procdff$19605 ($adff) from module PSC_InstructionUnit.
Setting constant 1-bit at position 195 on $procdff$19605 ($adff) from module PSC_InstructionUnit.
Setting constant 1-bit at position 196 on $procdff$19605 ($adff) from module PSC_InstructionUnit.
Setting constant 1-bit at position 197 on $procdff$19605 ($adff) from module PSC_InstructionUnit.
Setting constant 1-bit at position 198 on $procdff$19605 ($adff) from module PSC_InstructionUnit.
Setting constant 1-bit at position 199 on $procdff$19605 ($adff) from module PSC_InstructionUnit.
Setting constant 1-bit at position 200 on $procdff$19605 ($adff) from module PSC_InstructionUnit.
Setting constant 1-bit at position 201 on $procdff$19605 ($adff) from module PSC_InstructionUnit.
Setting constant 1-bit at position 202 on $procdff$19605 ($adff) from module PSC_InstructionUnit.
Setting constant 1-bit at position 203 on $procdff$19605 ($adff) from module PSC_InstructionUnit.
Setting constant 1-bit at position 204 on $procdff$19605 ($adff) from module PSC_InstructionUnit.
Setting constant 1-bit at position 205 on $procdff$19605 ($adff) from module PSC_InstructionUnit.
Setting constant 1-bit at position 206 on $procdff$19605 ($adff) from module PSC_InstructionUnit.
Setting constant 1-bit at position 207 on $procdff$19605 ($adff) from module PSC_InstructionUnit.
Setting constant 1-bit at position 208 on $procdff$19605 ($adff) from module PSC_InstructionUnit.
Setting constant 1-bit at position 209 on $procdff$19605 ($adff) from module PSC_InstructionUnit.
Setting constant 1-bit at position 210 on $procdff$19605 ($adff) from module PSC_InstructionUnit.
Setting constant 1-bit at position 211 on $procdff$19605 ($adff) from module PSC_InstructionUnit.
Setting constant 1-bit at position 212 on $procdff$19605 ($adff) from module PSC_InstructionUnit.
Setting constant 1-bit at position 213 on $procdff$19605 ($adff) from module PSC_InstructionUnit.
Setting constant 1-bit at position 214 on $procdff$19605 ($adff) from module PSC_InstructionUnit.
Setting constant 1-bit at position 215 on $procdff$19605 ($adff) from module PSC_InstructionUnit.
Setting constant 1-bit at position 216 on $procdff$19605 ($adff) from module PSC_InstructionUnit.
Setting constant 1-bit at position 217 on $procdff$19605 ($adff) from module PSC_InstructionUnit.
Setting constant 1-bit at position 218 on $procdff$19605 ($adff) from module PSC_InstructionUnit.
Setting constant 1-bit at position 219 on $procdff$19605 ($adff) from module PSC_InstructionUnit.
Setting constant 1-bit at position 220 on $procdff$19605 ($adff) from module PSC_InstructionUnit.
Setting constant 1-bit at position 221 on $procdff$19605 ($adff) from module PSC_InstructionUnit.
Setting constant 1-bit at position 222 on $procdff$19605 ($adff) from module PSC_InstructionUnit.
Setting constant 1-bit at position 223 on $procdff$19605 ($adff) from module PSC_InstructionUnit.
Setting constant 1-bit at position 224 on $procdff$19605 ($adff) from module PSC_InstructionUnit.
Setting constant 1-bit at position 225 on $procdff$19605 ($adff) from module PSC_InstructionUnit.
Setting constant 1-bit at position 226 on $procdff$19605 ($adff) from module PSC_InstructionUnit.
Setting constant 1-bit at position 227 on $procdff$19605 ($adff) from module PSC_InstructionUnit.
Setting constant 1-bit at position 228 on $procdff$19605 ($adff) from module PSC_InstructionUnit.
Setting constant 1-bit at position 229 on $procdff$19605 ($adff) from module PSC_InstructionUnit.
Setting constant 1-bit at position 230 on $procdff$19605 ($adff) from module PSC_InstructionUnit.
Setting constant 1-bit at position 231 on $procdff$19605 ($adff) from module PSC_InstructionUnit.
Setting constant 1-bit at position 232 on $procdff$19605 ($adff) from module PSC_InstructionUnit.
Setting constant 1-bit at position 233 on $procdff$19605 ($adff) from module PSC_InstructionUnit.
Setting constant 1-bit at position 234 on $procdff$19605 ($adff) from module PSC_InstructionUnit.
Setting constant 1-bit at position 235 on $procdff$19605 ($adff) from module PSC_InstructionUnit.
Setting constant 1-bit at position 236 on $procdff$19605 ($adff) from module PSC_InstructionUnit.
Setting constant 1-bit at position 237 on $procdff$19605 ($adff) from module PSC_InstructionUnit.
Setting constant 1-bit at position 238 on $procdff$19605 ($adff) from module PSC_InstructionUnit.
Setting constant 1-bit at position 239 on $procdff$19605 ($adff) from module PSC_InstructionUnit.
Setting constant 1-bit at position 240 on $procdff$19605 ($adff) from module PSC_InstructionUnit.
Setting constant 1-bit at position 241 on $procdff$19605 ($adff) from module PSC_InstructionUnit.
Setting constant 1-bit at position 242 on $procdff$19605 ($adff) from module PSC_InstructionUnit.
Setting constant 1-bit at position 243 on $procdff$19605 ($adff) from module PSC_InstructionUnit.
Setting constant 1-bit at position 244 on $procdff$19605 ($adff) from module PSC_InstructionUnit.
Setting constant 1-bit at position 245 on $procdff$19605 ($adff) from module PSC_InstructionUnit.
Setting constant 1-bit at position 246 on $procdff$19605 ($adff) from module PSC_InstructionUnit.
Setting constant 1-bit at position 247 on $procdff$19605 ($adff) from module PSC_InstructionUnit.
Setting constant 1-bit at position 248 on $procdff$19605 ($adff) from module PSC_InstructionUnit.
Setting constant 1-bit at position 249 on $procdff$19605 ($adff) from module PSC_InstructionUnit.
Setting constant 1-bit at position 250 on $procdff$19605 ($adff) from module PSC_InstructionUnit.
Setting constant 1-bit at position 251 on $procdff$19605 ($adff) from module PSC_InstructionUnit.
Setting constant 1-bit at position 252 on $procdff$19605 ($adff) from module PSC_InstructionUnit.
Setting constant 1-bit at position 253 on $procdff$19605 ($adff) from module PSC_InstructionUnit.
Setting constant 1-bit at position 254 on $procdff$19605 ($adff) from module PSC_InstructionUnit.
Setting constant 1-bit at position 255 on $procdff$19605 ($adff) from module PSC_InstructionUnit.
Setting constant 1-bit at position 256 on $procdff$19605 ($adff) from module PSC_InstructionUnit.
Setting constant 1-bit at position 257 on $procdff$19605 ($adff) from module PSC_InstructionUnit.
Setting constant 1-bit at position 258 on $procdff$19605 ($adff) from module PSC_InstructionUnit.
Setting constant 1-bit at position 259 on $procdff$19605 ($adff) from module PSC_InstructionUnit.
Setting constant 1-bit at position 260 on $procdff$19605 ($adff) from module PSC_InstructionUnit.
Setting constant 1-bit at position 261 on $procdff$19605 ($adff) from module PSC_InstructionUnit.
Setting constant 1-bit at position 262 on $procdff$19605 ($adff) from module PSC_InstructionUnit.
Setting constant 1-bit at position 263 on $procdff$19605 ($adff) from module PSC_InstructionUnit.
Setting constant 1-bit at position 264 on $procdff$19605 ($adff) from module PSC_InstructionUnit.
Setting constant 1-bit at position 265 on $procdff$19605 ($adff) from module PSC_InstructionUnit.
Setting constant 1-bit at position 266 on $procdff$19605 ($adff) from module PSC_InstructionUnit.
Setting constant 1-bit at position 267 on $procdff$19605 ($adff) from module PSC_InstructionUnit.
Setting constant 1-bit at position 268 on $procdff$19605 ($adff) from module PSC_InstructionUnit.
Setting constant 1-bit at position 269 on $procdff$19605 ($adff) from module PSC_InstructionUnit.
Setting constant 1-bit at position 270 on $procdff$19605 ($adff) from module PSC_InstructionUnit.
Setting constant 1-bit at position 271 on $procdff$19605 ($adff) from module PSC_InstructionUnit.
Setting constant 1-bit at position 272 on $procdff$19605 ($adff) from module PSC_InstructionUnit.
Setting constant 1-bit at position 273 on $procdff$19605 ($adff) from module PSC_InstructionUnit.
Setting constant 1-bit at position 274 on $procdff$19605 ($adff) from module PSC_InstructionUnit.
Setting constant 1-bit at position 275 on $procdff$19605 ($adff) from module PSC_InstructionUnit.
Setting constant 1-bit at position 276 on $procdff$19605 ($adff) from module PSC_InstructionUnit.
Setting constant 1-bit at position 277 on $procdff$19605 ($adff) from module PSC_InstructionUnit.
Setting constant 1-bit at position 278 on $procdff$19605 ($adff) from module PSC_InstructionUnit.
Setting constant 1-bit at position 279 on $procdff$19605 ($adff) from module PSC_InstructionUnit.
Setting constant 1-bit at position 280 on $procdff$19605 ($adff) from module PSC_InstructionUnit.
Setting constant 1-bit at position 281 on $procdff$19605 ($adff) from module PSC_InstructionUnit.
Setting constant 1-bit at position 282 on $procdff$19605 ($adff) from module PSC_InstructionUnit.
Setting constant 1-bit at position 283 on $procdff$19605 ($adff) from module PSC_InstructionUnit.
Setting constant 1-bit at position 284 on $procdff$19605 ($adff) from module PSC_InstructionUnit.
Setting constant 1-bit at position 285 on $procdff$19605 ($adff) from module PSC_InstructionUnit.
Setting constant 1-bit at position 286 on $procdff$19605 ($adff) from module PSC_InstructionUnit.
Setting constant 1-bit at position 287 on $procdff$19605 ($adff) from module PSC_InstructionUnit.
Setting constant 1-bit at position 288 on $procdff$19605 ($adff) from module PSC_InstructionUnit.
Setting constant 1-bit at position 289 on $procdff$19605 ($adff) from module PSC_InstructionUnit.
Setting constant 1-bit at position 290 on $procdff$19605 ($adff) from module PSC_InstructionUnit.
Setting constant 1-bit at position 291 on $procdff$19605 ($adff) from module PSC_InstructionUnit.
Setting constant 1-bit at position 292 on $procdff$19605 ($adff) from module PSC_InstructionUnit.
Setting constant 1-bit at position 293 on $procdff$19605 ($adff) from module PSC_InstructionUnit.
Setting constant 1-bit at position 294 on $procdff$19605 ($adff) from module PSC_InstructionUnit.
Setting constant 1-bit at position 295 on $procdff$19605 ($adff) from module PSC_InstructionUnit.
Setting constant 1-bit at position 296 on $procdff$19605 ($adff) from module PSC_InstructionUnit.
Setting constant 1-bit at position 297 on $procdff$19605 ($adff) from module PSC_InstructionUnit.
Setting constant 1-bit at position 298 on $procdff$19605 ($adff) from module PSC_InstructionUnit.
Setting constant 1-bit at position 299 on $procdff$19605 ($adff) from module PSC_InstructionUnit.
Setting constant 1-bit at position 300 on $procdff$19605 ($adff) from module PSC_InstructionUnit.
Setting constant 1-bit at position 301 on $procdff$19605 ($adff) from module PSC_InstructionUnit.
Setting constant 1-bit at position 302 on $procdff$19605 ($adff) from module PSC_InstructionUnit.
Setting constant 1-bit at position 303 on $procdff$19605 ($adff) from module PSC_InstructionUnit.
Setting constant 1-bit at position 304 on $procdff$19605 ($adff) from module PSC_InstructionUnit.
Setting constant 1-bit at position 305 on $procdff$19605 ($adff) from module PSC_InstructionUnit.
Setting constant 1-bit at position 306 on $procdff$19605 ($adff) from module PSC_InstructionUnit.
Setting constant 1-bit at position 307 on $procdff$19605 ($adff) from module PSC_InstructionUnit.
Setting constant 1-bit at position 0 on $procdff$19730 ($adff) from module PSC_InstructionUnit.
Setting constant 1-bit at position 1 on $procdff$19730 ($adff) from module PSC_InstructionUnit.
Setting constant 1-bit at position 2 on $procdff$19730 ($adff) from module PSC_InstructionUnit.
Setting constant 1-bit at position 3 on $procdff$19730 ($adff) from module PSC_InstructionUnit.
Setting constant 1-bit at position 4 on $procdff$19730 ($adff) from module PSC_InstructionUnit.
Setting constant 1-bit at position 5 on $procdff$19730 ($adff) from module PSC_InstructionUnit.
Setting constant 1-bit at position 6 on $procdff$19730 ($adff) from module PSC_InstructionUnit.
Setting constant 1-bit at position 7 on $procdff$19730 ($adff) from module PSC_InstructionUnit.
Setting constant 1-bit at position 8 on $procdff$19730 ($adff) from module PSC_InstructionUnit.
Setting constant 1-bit at position 9 on $procdff$19730 ($adff) from module PSC_InstructionUnit.
Setting constant 1-bit at position 10 on $procdff$19730 ($adff) from module PSC_InstructionUnit.
Setting constant 1-bit at position 11 on $procdff$19730 ($adff) from module PSC_InstructionUnit.
Setting constant 1-bit at position 12 on $procdff$19730 ($adff) from module PSC_InstructionUnit.
Setting constant 1-bit at position 13 on $procdff$19730 ($adff) from module PSC_InstructionUnit.
Setting constant 1-bit at position 14 on $procdff$19730 ($adff) from module PSC_InstructionUnit.
Setting constant 1-bit at position 15 on $procdff$19730 ($adff) from module PSC_InstructionUnit.
Setting constant 1-bit at position 16 on $procdff$19730 ($adff) from module PSC_InstructionUnit.
Setting constant 1-bit at position 17 on $procdff$19730 ($adff) from module PSC_InstructionUnit.
Setting constant 1-bit at position 18 on $procdff$19730 ($adff) from module PSC_InstructionUnit.
Setting constant 1-bit at position 19 on $procdff$19730 ($adff) from module PSC_InstructionUnit.
Setting constant 1-bit at position 20 on $procdff$19730 ($adff) from module PSC_InstructionUnit.
Setting constant 1-bit at position 21 on $procdff$19730 ($adff) from module PSC_InstructionUnit.
Setting constant 1-bit at position 22 on $procdff$19730 ($adff) from module PSC_InstructionUnit.
Setting constant 1-bit at position 23 on $procdff$19730 ($adff) from module PSC_InstructionUnit.
Setting constant 1-bit at position 24 on $procdff$19730 ($adff) from module PSC_InstructionUnit.
Setting constant 1-bit at position 25 on $procdff$19730 ($adff) from module PSC_InstructionUnit.
Setting constant 1-bit at position 26 on $procdff$19730 ($adff) from module PSC_InstructionUnit.
Setting constant 1-bit at position 27 on $procdff$19730 ($adff) from module PSC_InstructionUnit.
Setting constant 1-bit at position 28 on $procdff$19730 ($adff) from module PSC_InstructionUnit.
Setting constant 1-bit at position 29 on $procdff$19730 ($adff) from module PSC_InstructionUnit.
Setting constant 1-bit at position 30 on $procdff$19730 ($adff) from module PSC_InstructionUnit.
Setting constant 1-bit at position 31 on $procdff$19730 ($adff) from module PSC_InstructionUnit.
Setting constant 1-bit at position 0 on $procdff$19485 ($adff) from module PSC_InstructionUnit.
Setting constant 1-bit at position 1 on $procdff$19485 ($adff) from module PSC_InstructionUnit.
Setting constant 1-bit at position 2 on $procdff$19485 ($adff) from module PSC_InstructionUnit.
Setting constant 1-bit at position 3 on $procdff$19485 ($adff) from module PSC_InstructionUnit.
Setting constant 1-bit at position 4 on $procdff$19485 ($adff) from module PSC_InstructionUnit.
Setting constant 1-bit at position 5 on $procdff$19485 ($adff) from module PSC_InstructionUnit.
Setting constant 1-bit at position 6 on $procdff$19485 ($adff) from module PSC_InstructionUnit.
Setting constant 1-bit at position 7 on $procdff$19485 ($adff) from module PSC_InstructionUnit.
Setting constant 1-bit at position 8 on $procdff$19485 ($adff) from module PSC_InstructionUnit.
Setting constant 1-bit at position 9 on $procdff$19485 ($adff) from module PSC_InstructionUnit.
Setting constant 1-bit at position 10 on $procdff$19485 ($adff) from module PSC_InstructionUnit.
Setting constant 1-bit at position 11 on $procdff$19485 ($adff) from module PSC_InstructionUnit.
Setting constant 1-bit at position 12 on $procdff$19485 ($adff) from module PSC_InstructionUnit.
Setting constant 1-bit at position 13 on $procdff$19485 ($adff) from module PSC_InstructionUnit.
Setting constant 1-bit at position 14 on $procdff$19485 ($adff) from module PSC_InstructionUnit.
Setting constant 1-bit at position 15 on $procdff$19485 ($adff) from module PSC_InstructionUnit.
Setting constant 1-bit at position 16 on $procdff$19485 ($adff) from module PSC_InstructionUnit.
Setting constant 1-bit at position 17 on $procdff$19485 ($adff) from module PSC_InstructionUnit.
Setting constant 1-bit at position 18 on $procdff$19485 ($adff) from module PSC_InstructionUnit.
Setting constant 1-bit at position 19 on $procdff$19485 ($adff) from module PSC_InstructionUnit.
Setting constant 1-bit at position 20 on $procdff$19485 ($adff) from module PSC_InstructionUnit.
Setting constant 1-bit at position 21 on $procdff$19485 ($adff) from module PSC_InstructionUnit.
Setting constant 1-bit at position 22 on $procdff$19485 ($adff) from module PSC_InstructionUnit.
Setting constant 1-bit at position 23 on $procdff$19485 ($adff) from module PSC_InstructionUnit.
Setting constant 1-bit at position 24 on $procdff$19485 ($adff) from module PSC_InstructionUnit.
Setting constant 1-bit at position 25 on $procdff$19485 ($adff) from module PSC_InstructionUnit.
Setting constant 1-bit at position 26 on $procdff$19485 ($adff) from module PSC_InstructionUnit.
Setting constant 1-bit at position 27 on $procdff$19485 ($adff) from module PSC_InstructionUnit.
Setting constant 1-bit at position 28 on $procdff$19485 ($adff) from module PSC_InstructionUnit.
Setting constant 1-bit at position 29 on $procdff$19485 ($adff) from module PSC_InstructionUnit.
Setting constant 1-bit at position 30 on $procdff$19485 ($adff) from module PSC_InstructionUnit.
Setting constant 1-bit at position 31 on $procdff$19485 ($adff) from module PSC_InstructionUnit.
Setting constant 1-bit at position 32 on $procdff$19485 ($adff) from module PSC_InstructionUnit.
Setting constant 1-bit at position 33 on $procdff$19485 ($adff) from module PSC_InstructionUnit.
Setting constant 1-bit at position 34 on $procdff$19485 ($adff) from module PSC_InstructionUnit.
Setting constant 1-bit at position 35 on $procdff$19485 ($adff) from module PSC_InstructionUnit.
Setting constant 1-bit at position 36 on $procdff$19485 ($adff) from module PSC_InstructionUnit.
Setting constant 1-bit at position 37 on $procdff$19485 ($adff) from module PSC_InstructionUnit.
Setting constant 1-bit at position 38 on $procdff$19485 ($adff) from module PSC_InstructionUnit.
Setting constant 1-bit at position 39 on $procdff$19485 ($adff) from module PSC_InstructionUnit.
Setting constant 1-bit at position 40 on $procdff$19485 ($adff) from module PSC_InstructionUnit.
Setting constant 1-bit at position 41 on $procdff$19485 ($adff) from module PSC_InstructionUnit.
Setting constant 1-bit at position 42 on $procdff$19485 ($adff) from module PSC_InstructionUnit.
Setting constant 1-bit at position 43 on $procdff$19485 ($adff) from module PSC_InstructionUnit.
Setting constant 1-bit at position 44 on $procdff$19485 ($adff) from module PSC_InstructionUnit.
Setting constant 1-bit at position 45 on $procdff$19485 ($adff) from module PSC_InstructionUnit.
Setting constant 1-bit at position 46 on $procdff$19485 ($adff) from module PSC_InstructionUnit.
Setting constant 1-bit at position 47 on $procdff$19485 ($adff) from module PSC_InstructionUnit.
Setting constant 1-bit at position 48 on $procdff$19485 ($adff) from module PSC_InstructionUnit.
Setting constant 1-bit at position 49 on $procdff$19485 ($adff) from module PSC_InstructionUnit.
Setting constant 1-bit at position 50 on $procdff$19485 ($adff) from module PSC_InstructionUnit.
Setting constant 1-bit at position 51 on $procdff$19485 ($adff) from module PSC_InstructionUnit.
Setting constant 1-bit at position 52 on $procdff$19485 ($adff) from module PSC_InstructionUnit.
Setting constant 1-bit at position 53 on $procdff$19485 ($adff) from module PSC_InstructionUnit.
Setting constant 1-bit at position 54 on $procdff$19485 ($adff) from module PSC_InstructionUnit.
Setting constant 1-bit at position 55 on $procdff$19485 ($adff) from module PSC_InstructionUnit.
Setting constant 1-bit at position 56 on $procdff$19485 ($adff) from module PSC_InstructionUnit.
Setting constant 1-bit at position 57 on $procdff$19485 ($adff) from module PSC_InstructionUnit.
Setting constant 1-bit at position 58 on $procdff$19485 ($adff) from module PSC_InstructionUnit.
Setting constant 1-bit at position 59 on $procdff$19485 ($adff) from module PSC_InstructionUnit.
Setting constant 1-bit at position 60 on $procdff$19485 ($adff) from module PSC_InstructionUnit.
Setting constant 1-bit at position 61 on $procdff$19485 ($adff) from module PSC_InstructionUnit.
Setting constant 1-bit at position 62 on $procdff$19485 ($adff) from module PSC_InstructionUnit.
Setting constant 1-bit at position 63 on $procdff$19485 ($adff) from module PSC_InstructionUnit.
Setting constant 1-bit at position 64 on $procdff$19485 ($adff) from module PSC_InstructionUnit.
Setting constant 1-bit at position 65 on $procdff$19485 ($adff) from module PSC_InstructionUnit.
Setting constant 1-bit at position 66 on $procdff$19485 ($adff) from module PSC_InstructionUnit.
Setting constant 1-bit at position 67 on $procdff$19485 ($adff) from module PSC_InstructionUnit.
Setting constant 1-bit at position 68 on $procdff$19485 ($adff) from module PSC_InstructionUnit.
Setting constant 1-bit at position 69 on $procdff$19485 ($adff) from module PSC_InstructionUnit.
Setting constant 1-bit at position 70 on $procdff$19485 ($adff) from module PSC_InstructionUnit.
Setting constant 1-bit at position 71 on $procdff$19485 ($adff) from module PSC_InstructionUnit.
Setting constant 1-bit at position 72 on $procdff$19485 ($adff) from module PSC_InstructionUnit.
Setting constant 1-bit at position 73 on $procdff$19485 ($adff) from module PSC_InstructionUnit.
Setting constant 1-bit at position 74 on $procdff$19485 ($adff) from module PSC_InstructionUnit.
Setting constant 1-bit at position 75 on $procdff$19485 ($adff) from module PSC_InstructionUnit.
Setting constant 1-bit at position 76 on $procdff$19485 ($adff) from module PSC_InstructionUnit.
Setting constant 1-bit at position 77 on $procdff$19485 ($adff) from module PSC_InstructionUnit.
Setting constant 1-bit at position 78 on $procdff$19485 ($adff) from module PSC_InstructionUnit.
Setting constant 1-bit at position 79 on $procdff$19485 ($adff) from module PSC_InstructionUnit.
Setting constant 1-bit at position 0 on $procdff$18985 ($adff) from module PSC_InstructionUnit.
Setting constant 1-bit at position 1 on $procdff$18985 ($adff) from module PSC_InstructionUnit.
Setting constant 1-bit at position 2 on $procdff$18985 ($adff) from module PSC_InstructionUnit.
Setting constant 1-bit at position 3 on $procdff$18985 ($adff) from module PSC_InstructionUnit.
Setting constant 1-bit at position 4 on $procdff$18985 ($adff) from module PSC_InstructionUnit.
Setting constant 1-bit at position 5 on $procdff$18985 ($adff) from module PSC_InstructionUnit.
Setting constant 1-bit at position 6 on $procdff$18985 ($adff) from module PSC_InstructionUnit.
Setting constant 1-bit at position 7 on $procdff$18985 ($adff) from module PSC_InstructionUnit.
Setting constant 1-bit at position 8 on $procdff$18985 ($adff) from module PSC_InstructionUnit.
Setting constant 1-bit at position 9 on $procdff$18985 ($adff) from module PSC_InstructionUnit.
Setting constant 1-bit at position 10 on $procdff$18985 ($adff) from module PSC_InstructionUnit.
Setting constant 1-bit at position 11 on $procdff$18985 ($adff) from module PSC_InstructionUnit.
Setting constant 1-bit at position 12 on $procdff$18985 ($adff) from module PSC_InstructionUnit.
Setting constant 1-bit at position 13 on $procdff$18985 ($adff) from module PSC_InstructionUnit.
Setting constant 1-bit at position 14 on $procdff$18985 ($adff) from module PSC_InstructionUnit.
Setting constant 1-bit at position 15 on $procdff$18985 ($adff) from module PSC_InstructionUnit.
Setting constant 1-bit at position 0 on $procdff$18930 ($adff) from module PSC_InstructionUnit.
Setting constant 1-bit at position 1 on $procdff$18930 ($adff) from module PSC_InstructionUnit.
Setting constant 1-bit at position 2 on $procdff$18930 ($adff) from module PSC_InstructionUnit.
Setting constant 1-bit at position 3 on $procdff$18930 ($adff) from module PSC_InstructionUnit.
Setting constant 1-bit at position 4 on $procdff$18930 ($adff) from module PSC_InstructionUnit.
Setting constant 1-bit at position 5 on $procdff$18930 ($adff) from module PSC_InstructionUnit.
Setting constant 1-bit at position 0 on $procdff$19735 ($adff) from module PSC_InstructionUnit.
Setting constant 1-bit at position 1 on $procdff$19735 ($adff) from module PSC_InstructionUnit.
Setting constant 1-bit at position 2 on $procdff$19735 ($adff) from module PSC_InstructionUnit.
Setting constant 1-bit at position 3 on $procdff$19735 ($adff) from module PSC_InstructionUnit.
Setting constant 1-bit at position 4 on $procdff$19735 ($adff) from module PSC_InstructionUnit.
Setting constant 1-bit at position 5 on $procdff$19735 ($adff) from module PSC_InstructionUnit.
Setting constant 1-bit at position 6 on $procdff$19735 ($adff) from module PSC_InstructionUnit.
Setting constant 1-bit at position 7 on $procdff$19735 ($adff) from module PSC_InstructionUnit.
Setting constant 1-bit at position 8 on $procdff$19735 ($adff) from module PSC_InstructionUnit.
Setting constant 1-bit at position 9 on $procdff$19735 ($adff) from module PSC_InstructionUnit.
Setting constant 1-bit at position 10 on $procdff$19735 ($adff) from module PSC_InstructionUnit.
Setting constant 1-bit at position 11 on $procdff$19735 ($adff) from module PSC_InstructionUnit.
Setting constant 1-bit at position 12 on $procdff$19735 ($adff) from module PSC_InstructionUnit.
Setting constant 1-bit at position 13 on $procdff$19735 ($adff) from module PSC_InstructionUnit.
Setting constant 1-bit at position 14 on $procdff$19735 ($adff) from module PSC_InstructionUnit.
Setting constant 1-bit at position 15 on $procdff$19735 ($adff) from module PSC_InstructionUnit.
Setting constant 1-bit at position 16 on $procdff$19735 ($adff) from module PSC_InstructionUnit.
Setting constant 1-bit at position 17 on $procdff$19735 ($adff) from module PSC_InstructionUnit.
Setting constant 1-bit at position 18 on $procdff$19735 ($adff) from module PSC_InstructionUnit.
Setting constant 1-bit at position 19 on $procdff$19735 ($adff) from module PSC_InstructionUnit.
Setting constant 1-bit at position 20 on $procdff$19735 ($adff) from module PSC_InstructionUnit.
Setting constant 1-bit at position 21 on $procdff$19735 ($adff) from module PSC_InstructionUnit.
Setting constant 1-bit at position 22 on $procdff$19735 ($adff) from module PSC_InstructionUnit.
Setting constant 1-bit at position 23 on $procdff$19735 ($adff) from module PSC_InstructionUnit.
Setting constant 1-bit at position 24 on $procdff$19735 ($adff) from module PSC_InstructionUnit.
Setting constant 1-bit at position 25 on $procdff$19735 ($adff) from module PSC_InstructionUnit.
Setting constant 1-bit at position 26 on $procdff$19735 ($adff) from module PSC_InstructionUnit.
Setting constant 1-bit at position 27 on $procdff$19735 ($adff) from module PSC_InstructionUnit.
Setting constant 1-bit at position 28 on $procdff$19735 ($adff) from module PSC_InstructionUnit.
Setting constant 1-bit at position 29 on $procdff$19735 ($adff) from module PSC_InstructionUnit.
Setting constant 1-bit at position 30 on $procdff$19735 ($adff) from module PSC_InstructionUnit.
Setting constant 1-bit at position 31 on $procdff$19735 ($adff) from module PSC_InstructionUnit.
Setting constant 1-bit at position 32 on $procdff$19735 ($adff) from module PSC_InstructionUnit.
Setting constant 1-bit at position 33 on $procdff$19735 ($adff) from module PSC_InstructionUnit.
Setting constant 1-bit at position 0 on $procdff$18920 ($adff) from module PSC_InstructionUnit.
Setting constant 1-bit at position 1 on $procdff$18920 ($adff) from module PSC_InstructionUnit.
Setting constant 1-bit at position 2 on $procdff$18920 ($adff) from module PSC_InstructionUnit.
Setting constant 1-bit at position 3 on $procdff$18920 ($adff) from module PSC_InstructionUnit.
Setting constant 1-bit at position 4 on $procdff$18920 ($adff) from module PSC_InstructionUnit.
Setting constant 1-bit at position 5 on $procdff$18920 ($adff) from module PSC_InstructionUnit.
Setting constant 1-bit at position 6 on $procdff$18920 ($adff) from module PSC_InstructionUnit.
Setting constant 1-bit at position 7 on $procdff$18920 ($adff) from module PSC_InstructionUnit.
Setting constant 1-bit at position 8 on $procdff$18920 ($adff) from module PSC_InstructionUnit.
Setting constant 1-bit at position 9 on $procdff$18920 ($adff) from module PSC_InstructionUnit.
Setting constant 1-bit at position 10 on $procdff$18920 ($adff) from module PSC_InstructionUnit.
Setting constant 1-bit at position 11 on $procdff$18920 ($adff) from module PSC_InstructionUnit.
Setting constant 1-bit at position 12 on $procdff$18920 ($adff) from module PSC_InstructionUnit.
Setting constant 1-bit at position 13 on $procdff$18920 ($adff) from module PSC_InstructionUnit.
Setting constant 1-bit at position 14 on $procdff$18920 ($adff) from module PSC_InstructionUnit.
Setting constant 1-bit at position 15 on $procdff$18920 ($adff) from module PSC_InstructionUnit.
Setting constant 1-bit at position 16 on $procdff$18920 ($adff) from module PSC_InstructionUnit.
Setting constant 1-bit at position 17 on $procdff$18920 ($adff) from module PSC_InstructionUnit.
Setting constant 1-bit at position 18 on $procdff$18920 ($adff) from module PSC_InstructionUnit.
Setting constant 1-bit at position 19 on $procdff$18920 ($adff) from module PSC_InstructionUnit.
Setting constant 1-bit at position 20 on $procdff$18920 ($adff) from module PSC_InstructionUnit.
Setting constant 1-bit at position 21 on $procdff$18920 ($adff) from module PSC_InstructionUnit.
Setting constant 1-bit at position 22 on $procdff$18920 ($adff) from module PSC_InstructionUnit.
Setting constant 1-bit at position 23 on $procdff$18920 ($adff) from module PSC_InstructionUnit.
Setting constant 1-bit at position 24 on $procdff$18920 ($adff) from module PSC_InstructionUnit.
Setting constant 1-bit at position 25 on $procdff$18920 ($adff) from module PSC_InstructionUnit.
Setting constant 1-bit at position 26 on $procdff$18920 ($adff) from module PSC_InstructionUnit.
Setting constant 1-bit at position 27 on $procdff$18920 ($adff) from module PSC_InstructionUnit.
Setting constant 1-bit at position 28 on $procdff$18920 ($adff) from module PSC_InstructionUnit.
Setting constant 1-bit at position 29 on $procdff$18920 ($adff) from module PSC_InstructionUnit.
Setting constant 1-bit at position 30 on $procdff$18920 ($adff) from module PSC_InstructionUnit.
Setting constant 1-bit at position 31 on $procdff$18920 ($adff) from module PSC_InstructionUnit.
Setting constant 1-bit at position 32 on $procdff$18920 ($adff) from module PSC_InstructionUnit.
Setting constant 1-bit at position 33 on $procdff$18920 ($adff) from module PSC_InstructionUnit.
Setting constant 1-bit at position 34 on $procdff$18920 ($adff) from module PSC_InstructionUnit.
Setting constant 1-bit at position 35 on $procdff$18920 ($adff) from module PSC_InstructionUnit.
Setting constant 1-bit at position 36 on $procdff$18920 ($adff) from module PSC_InstructionUnit.
Setting constant 1-bit at position 37 on $procdff$18920 ($adff) from module PSC_InstructionUnit.
Setting constant 1-bit at position 38 on $procdff$18920 ($adff) from module PSC_InstructionUnit.
Setting constant 1-bit at position 39 on $procdff$18920 ($adff) from module PSC_InstructionUnit.
Setting constant 1-bit at position 40 on $procdff$18920 ($adff) from module PSC_InstructionUnit.
Setting constant 1-bit at position 41 on $procdff$18920 ($adff) from module PSC_InstructionUnit.
Setting constant 1-bit at position 42 on $procdff$18920 ($adff) from module PSC_InstructionUnit.
Setting constant 1-bit at position 43 on $procdff$18920 ($adff) from module PSC_InstructionUnit.
Setting constant 1-bit at position 44 on $procdff$18920 ($adff) from module PSC_InstructionUnit.
Setting constant 1-bit at position 45 on $procdff$18920 ($adff) from module PSC_InstructionUnit.
Setting constant 1-bit at position 46 on $procdff$18920 ($adff) from module PSC_InstructionUnit.
Setting constant 1-bit at position 47 on $procdff$18920 ($adff) from module PSC_InstructionUnit.
Setting constant 1-bit at position 48 on $procdff$18920 ($adff) from module PSC_InstructionUnit.
Setting constant 1-bit at position 49 on $procdff$18920 ($adff) from module PSC_InstructionUnit.
Setting constant 1-bit at position 50 on $procdff$18920 ($adff) from module PSC_InstructionUnit.
Setting constant 1-bit at position 51 on $procdff$18920 ($adff) from module PSC_InstructionUnit.
Setting constant 1-bit at position 52 on $procdff$18920 ($adff) from module PSC_InstructionUnit.
Setting constant 1-bit at position 53 on $procdff$18920 ($adff) from module PSC_InstructionUnit.
Setting constant 1-bit at position 54 on $procdff$18920 ($adff) from module PSC_InstructionUnit.
Setting constant 1-bit at position 55 on $procdff$18920 ($adff) from module PSC_InstructionUnit.
Setting constant 1-bit at position 56 on $procdff$18920 ($adff) from module PSC_InstructionUnit.
Setting constant 1-bit at position 57 on $procdff$18920 ($adff) from module PSC_InstructionUnit.
Setting constant 1-bit at position 58 on $procdff$18920 ($adff) from module PSC_InstructionUnit.
Setting constant 1-bit at position 59 on $procdff$18920 ($adff) from module PSC_InstructionUnit.
Setting constant 1-bit at position 60 on $procdff$18920 ($adff) from module PSC_InstructionUnit.
Setting constant 1-bit at position 61 on $procdff$18920 ($adff) from module PSC_InstructionUnit.
Setting constant 1-bit at position 62 on $procdff$18920 ($adff) from module PSC_InstructionUnit.
Setting constant 1-bit at position 63 on $procdff$18920 ($adff) from module PSC_InstructionUnit.
Setting constant 1-bit at position 64 on $procdff$18920 ($adff) from module PSC_InstructionUnit.
Setting constant 1-bit at position 65 on $procdff$18920 ($adff) from module PSC_InstructionUnit.
Setting constant 1-bit at position 66 on $procdff$18920 ($adff) from module PSC_InstructionUnit.
Setting constant 1-bit at position 67 on $procdff$18920 ($adff) from module PSC_InstructionUnit.
Setting constant 1-bit at position 68 on $procdff$18920 ($adff) from module PSC_InstructionUnit.
Setting constant 1-bit at position 69 on $procdff$18920 ($adff) from module PSC_InstructionUnit.
Setting constant 1-bit at position 70 on $procdff$18920 ($adff) from module PSC_InstructionUnit.
Setting constant 1-bit at position 71 on $procdff$18920 ($adff) from module PSC_InstructionUnit.
Setting constant 1-bit at position 72 on $procdff$18920 ($adff) from module PSC_InstructionUnit.
Setting constant 1-bit at position 73 on $procdff$18920 ($adff) from module PSC_InstructionUnit.
Setting constant 1-bit at position 74 on $procdff$18920 ($adff) from module PSC_InstructionUnit.
Setting constant 1-bit at position 75 on $procdff$18920 ($adff) from module PSC_InstructionUnit.
Setting constant 1-bit at position 76 on $procdff$18920 ($adff) from module PSC_InstructionUnit.
Setting constant 1-bit at position 77 on $procdff$18920 ($adff) from module PSC_InstructionUnit.
Setting constant 1-bit at position 78 on $procdff$18920 ($adff) from module PSC_InstructionUnit.
Setting constant 1-bit at position 79 on $procdff$18920 ($adff) from module PSC_InstructionUnit.
Setting constant 1-bit at position 80 on $procdff$18920 ($adff) from module PSC_InstructionUnit.
Setting constant 1-bit at position 81 on $procdff$18920 ($adff) from module PSC_InstructionUnit.
Setting constant 1-bit at position 82 on $procdff$18920 ($adff) from module PSC_InstructionUnit.
Setting constant 1-bit at position 83 on $procdff$18920 ($adff) from module PSC_InstructionUnit.
Setting constant 1-bit at position 84 on $procdff$18920 ($adff) from module PSC_InstructionUnit.
Setting constant 1-bit at position 85 on $procdff$18920 ($adff) from module PSC_InstructionUnit.
Setting constant 1-bit at position 86 on $procdff$18920 ($adff) from module PSC_InstructionUnit.
Setting constant 1-bit at position 87 on $procdff$18920 ($adff) from module PSC_InstructionUnit.
Setting constant 1-bit at position 88 on $procdff$18920 ($adff) from module PSC_InstructionUnit.
Setting constant 1-bit at position 89 on $procdff$18920 ($adff) from module PSC_InstructionUnit.
Setting constant 1-bit at position 90 on $procdff$18920 ($adff) from module PSC_InstructionUnit.
Setting constant 1-bit at position 91 on $procdff$18920 ($adff) from module PSC_InstructionUnit.
Setting constant 1-bit at position 92 on $procdff$18920 ($adff) from module PSC_InstructionUnit.
Setting constant 1-bit at position 93 on $procdff$18920 ($adff) from module PSC_InstructionUnit.
Setting constant 1-bit at position 94 on $procdff$18920 ($adff) from module PSC_InstructionUnit.
Setting constant 1-bit at position 95 on $procdff$18920 ($adff) from module PSC_InstructionUnit.
Setting constant 1-bit at position 96 on $procdff$18920 ($adff) from module PSC_InstructionUnit.
Setting constant 1-bit at position 97 on $procdff$18920 ($adff) from module PSC_InstructionUnit.
Setting constant 1-bit at position 98 on $procdff$18920 ($adff) from module PSC_InstructionUnit.
Setting constant 1-bit at position 99 on $procdff$18920 ($adff) from module PSC_InstructionUnit.
Setting constant 1-bit at position 100 on $procdff$18920 ($adff) from module PSC_InstructionUnit.
Setting constant 1-bit at position 101 on $procdff$18920 ($adff) from module PSC_InstructionUnit.
Setting constant 1-bit at position 102 on $procdff$18920 ($adff) from module PSC_InstructionUnit.
Setting constant 1-bit at position 103 on $procdff$18920 ($adff) from module PSC_InstructionUnit.
Setting constant 1-bit at position 104 on $procdff$18920 ($adff) from module PSC_InstructionUnit.
Setting constant 1-bit at position 105 on $procdff$18920 ($adff) from module PSC_InstructionUnit.
Setting constant 1-bit at position 106 on $procdff$18920 ($adff) from module PSC_InstructionUnit.
Setting constant 1-bit at position 107 on $procdff$18920 ($adff) from module PSC_InstructionUnit.
Setting constant 1-bit at position 108 on $procdff$18920 ($adff) from module PSC_InstructionUnit.
Setting constant 1-bit at position 109 on $procdff$18920 ($adff) from module PSC_InstructionUnit.
Setting constant 1-bit at position 110 on $procdff$18920 ($adff) from module PSC_InstructionUnit.
Setting constant 1-bit at position 111 on $procdff$18920 ($adff) from module PSC_InstructionUnit.
Setting constant 1-bit at position 112 on $procdff$18920 ($adff) from module PSC_InstructionUnit.
Setting constant 1-bit at position 113 on $procdff$18920 ($adff) from module PSC_InstructionUnit.
Setting constant 1-bit at position 114 on $procdff$18920 ($adff) from module PSC_InstructionUnit.
Setting constant 1-bit at position 115 on $procdff$18920 ($adff) from module PSC_InstructionUnit.
Setting constant 1-bit at position 116 on $procdff$18920 ($adff) from module PSC_InstructionUnit.
Setting constant 1-bit at position 117 on $procdff$18920 ($adff) from module PSC_InstructionUnit.
Setting constant 1-bit at position 118 on $procdff$18920 ($adff) from module PSC_InstructionUnit.
Setting constant 1-bit at position 119 on $procdff$18920 ($adff) from module PSC_InstructionUnit.
Setting constant 1-bit at position 120 on $procdff$18920 ($adff) from module PSC_InstructionUnit.
Setting constant 1-bit at position 121 on $procdff$18920 ($adff) from module PSC_InstructionUnit.
Setting constant 1-bit at position 122 on $procdff$18920 ($adff) from module PSC_InstructionUnit.
Setting constant 1-bit at position 123 on $procdff$18920 ($adff) from module PSC_InstructionUnit.
Setting constant 1-bit at position 124 on $procdff$18920 ($adff) from module PSC_InstructionUnit.
Setting constant 1-bit at position 125 on $procdff$18920 ($adff) from module PSC_InstructionUnit.
Setting constant 1-bit at position 126 on $procdff$18920 ($adff) from module PSC_InstructionUnit.
Setting constant 1-bit at position 127 on $procdff$18920 ($adff) from module PSC_InstructionUnit.
Setting constant 1-bit at position 128 on $procdff$18920 ($adff) from module PSC_InstructionUnit.
Setting constant 1-bit at position 129 on $procdff$18920 ($adff) from module PSC_InstructionUnit.
Setting constant 1-bit at position 0 on $procdff$19490 ($adff) from module PSC_InstructionUnit.
Setting constant 1-bit at position 0 on $procdff$18975 ($adff) from module PSC_InstructionUnit.
Setting constant 1-bit at position 1 on $procdff$18975 ($adff) from module PSC_InstructionUnit.
Setting constant 1-bit at position 2 on $procdff$18975 ($adff) from module PSC_InstructionUnit.
Adding EN signal on $procdff$19955 ($adff) from module PSC_RV32_FetchUnit (D = 1'0, Q = \initial_fetch).
Adding EN signal on $procdff$19945 ($adff) from module PSC_RV32_FetchUnit (D = $procmux$15887_Y, Q = \fetch_state).
Adding EN signal on $procdff$19940 ($adff) from module PSC_RV32_FetchUnit (D = \next_pc, Q = \fetch_pc).
Adding EN signal on $procdff$19950 ($adff) from module PSC_RV32_FetchUnit (D = $procmux$15897_Y, Q = \fetch_wakeup_timer).
Adding EN signal on $procdff$19970 ($adff) from module PSC_RV32_core (D = $procmux$15911_Y, Q = \fetch_valid).
Adding EN signal on $procdff$19965 ($adff) from module PSC_RV32_core (D = $procmux$15922_Y, Q = \cpu_state).
Adding EN signal on $procdff$20265 ($adff) from module Csr (D = \in_SA_STATUS, Q = \csr_SA_STATUS).
Adding EN signal on $procdff$20260 ($adff) from module Csr (D = \in_DMA_STATUS, Q = \csr_DMA_STATUS).
Adding EN signal on $procdff$20020 ($adff) from module Csr (D = \csr_write_newv, Q = \csr_SA_ADDR_C).
Adding EN signal on $procdff$20025 ($adff) from module Csr (D = \csr_write_newv, Q = \csr_CPU_MON_CTRL).
Adding EN signal on $procdff$20095 ($adff) from module Csr (D = \csr_write_newv, Q = \csr_sscratch).
Adding EN signal on $procdff$20030 ($adff) from module Csr (D = \csr_write_newv, Q = \csr_satp).
Adding EN signal on $procdff$20090 ($adff) from module Csr (D = { \csr_write_newv [31:2] 2'00 }, Q = \csr_stvec).
Adding EN signal on $procdff$20125 ($adff) from module Csr (D = \csr_addr, Q = \csr_write_addr).
Adding EN signal on $procdff$20035 ($adff) from module Csr (D = \csr_write_newv [31:13], Q = \csr_mstatus [31:13]).
Adding EN signal on $procdff$20035 ($adff) from module Csr (D = \csr_write_newv [10:8], Q = \csr_mstatus [10:8]).
Adding EN signal on $procdff$20035 ($adff) from module Csr (D = \csr_write_newv [2:0], Q = \csr_mstatus [2:0]).
Adding EN signal on $procdff$20035 ($adff) from module Csr (D = \csr_write_newv [6:4], Q = \csr_mstatus [6:4]).
Adding EN signal on $procdff$19975 ($adff) from module Csr (D = \csr_write_newv, Q = \csr_DMA_CTRL).
Adding EN signal on $procdff$19980 ($adff) from module Csr (D = \csr_write_newv, Q = \csr_DMA_WORDS).
Adding EN signal on $procdff$20040 ($adff) from module Csr (D = \csr_write_newv, Q = \csr_medeleg).
Adding EN signal on $procdff$20100 ($adff) from module Csr (D = $procmux$17229_Y [31:2], Q = \csr_sepc [31:2]).
Adding EN signal on $procdff$19985 ($adff) from module Csr (D = \csr_write_newv, Q = \csr_DMA_SRC).
Adding EN signal on $procdff$19990 ($adff) from module Csr (D = \csr_write_newv, Q = \csr_DMA_DST).
Adding EN signal on $procdff$20045 ($adff) from module Csr (D = $and$./build_yosys/cpu_yosys.v:3879$3373_Y, Q = \csr_mie).
Adding EN signal on $procdff$20080 ($adff) from module Csr (D = 2'00, Q = \csr_sstatus [7:6]).
Adding EN signal on $procdff$20080 ($adff) from module Csr (D = 1'0, Q = \csr_sstatus [0]).
Adding EN signal on $procdff$20080 ($adff) from module Csr (D = 3'000, Q = \csr_sstatus [4:2]).
Adding EN signal on $procdff$20080 ($adff) from module Csr (D = $and$./build_yosys/cpu_yosys.v:3864$3370_Y [31:9], Q = \csr_sstatus [31:9]).
Adding EN signal on $procdff$19995 ($adff) from module Csr (D = \csr_write_newv, Q = \csr_DCACHE_CTRL).
Adding EN signal on $procdff$20135 ($adff) from module Csr (D = $ternary$./build_yosys/cpu_yosys.v:3725$3283_Y, Q = \csr_write_no_side_effect_rs).
Adding EN signal on $procdff$20050 ($adff) from module Csr (D = 20'00000000000000000000, Q = \csr_mip [31:12]).
Adding EN signal on $procdff$20050 ($adff) from module Csr (D = 3'000, Q = \csr_mip [10:8]).
Adding EN signal on $procdff$20050 ($adff) from module Csr (D = 3'000, Q = \csr_mip [6:4]).
Adding EN signal on $procdff$20050 ($adff) from module Csr (D = 3'000, Q = \csr_mip [2:0]).
Adding EN signal on $procdff$20050 ($adff) from module Csr (D = $procmux$16934_Y, Q = \csr_mip [3]).
Adding EN signal on $procdff$20050 ($adff) from module Csr (D = $procmux$16180_Y, Q = \csr_mip [7]).
Adding EN signal on $procdff$20050 ($adff) from module Csr (D = $procmux$16142_Y, Q = \csr_mip [11]).
Adding EN signal on $procdff$20000 ($adff) from module Csr (D = \csr_write_newv, Q = \csr_SA_CTRL).
Adding EN signal on $procdff$20085 ($adff) from module Csr (D = $and$./build_yosys/cpu_yosys.v:3865$3371_Y, Q = \csr_sie).
Adding EN signal on $procdff$20005 ($adff) from module Csr (D = \csr_write_newv, Q = \csr_SA_MODE).
Adding EN signal on $procdff$20055 ($adff) from module Csr (D = { \csr_write_newv [31:2] 2'00 }, Q = \csr_mtvec).
Adding EN signal on $procdff$20010 ($adff) from module Csr (D = \csr_write_newv, Q = \csr_SA_ADDR_A).
Adding EN signal on $procdff$20130 ($adff) from module Csr (D = \csr_apply$func$./build_yosys/cpu_yosys.v:3818$3267.$result, Q = \csr_write_newv).
Adding EN signal on $procdff$20060 ($adff) from module Csr (D = \csr_write_newv, Q = \csr_mscratch).
Adding EN signal on $procdff$20015 ($adff) from module Csr (D = \csr_write_newv, Q = \csr_SA_ADDR_B).
Setting constant 0-bit at position 0 on $auto$ff.cc:266:slice$21525 ($adffe) from module Csr.
Setting constant 0-bit at position 1 on $auto$ff.cc:266:slice$21525 ($adffe) from module Csr.
Setting constant 0-bit at position 2 on $auto$ff.cc:266:slice$21525 ($adffe) from module Csr.
Setting constant 0-bit at position 0 on $auto$ff.cc:266:slice$21522 ($adffe) from module Csr.
Setting constant 0-bit at position 1 on $auto$ff.cc:266:slice$21522 ($adffe) from module Csr.
Setting constant 0-bit at position 2 on $auto$ff.cc:266:slice$21522 ($adffe) from module Csr.
Setting constant 0-bit at position 0 on $auto$ff.cc:266:slice$21519 ($adffe) from module Csr.
Setting constant 0-bit at position 1 on $auto$ff.cc:266:slice$21519 ($adffe) from module Csr.
Setting constant 0-bit at position 2 on $auto$ff.cc:266:slice$21519 ($adffe) from module Csr.
Setting constant 0-bit at position 0 on $auto$ff.cc:266:slice$21516 ($adffe) from module Csr.
Setting constant 0-bit at position 1 on $auto$ff.cc:266:slice$21516 ($adffe) from module Csr.
Setting constant 0-bit at position 2 on $auto$ff.cc:266:slice$21516 ($adffe) from module Csr.
Setting constant 0-bit at position 3 on $auto$ff.cc:266:slice$21516 ($adffe) from module Csr.
Setting constant 0-bit at position 4 on $auto$ff.cc:266:slice$21516 ($adffe) from module Csr.
Setting constant 0-bit at position 5 on $auto$ff.cc:266:slice$21516 ($adffe) from module Csr.
Setting constant 0-bit at position 6 on $auto$ff.cc:266:slice$21516 ($adffe) from module Csr.
Setting constant 0-bit at position 7 on $auto$ff.cc:266:slice$21516 ($adffe) from module Csr.
Setting constant 0-bit at position 8 on $auto$ff.cc:266:slice$21516 ($adffe) from module Csr.
Setting constant 0-bit at position 9 on $auto$ff.cc:266:slice$21516 ($adffe) from module Csr.
Setting constant 0-bit at position 10 on $auto$ff.cc:266:slice$21516 ($adffe) from module Csr.
Setting constant 0-bit at position 11 on $auto$ff.cc:266:slice$21516 ($adffe) from module Csr.
Setting constant 0-bit at position 12 on $auto$ff.cc:266:slice$21516 ($adffe) from module Csr.
Setting constant 0-bit at position 13 on $auto$ff.cc:266:slice$21516 ($adffe) from module Csr.
Setting constant 0-bit at position 14 on $auto$ff.cc:266:slice$21516 ($adffe) from module Csr.
Setting constant 0-bit at position 15 on $auto$ff.cc:266:slice$21516 ($adffe) from module Csr.
Setting constant 0-bit at position 16 on $auto$ff.cc:266:slice$21516 ($adffe) from module Csr.
Setting constant 0-bit at position 17 on $auto$ff.cc:266:slice$21516 ($adffe) from module Csr.
Setting constant 0-bit at position 18 on $auto$ff.cc:266:slice$21516 ($adffe) from module Csr.
Setting constant 0-bit at position 19 on $auto$ff.cc:266:slice$21516 ($adffe) from module Csr.
Setting constant 0-bit at position 0 on $auto$ff.cc:266:slice$21505 ($adffe) from module Csr.
Setting constant 0-bit at position 1 on $auto$ff.cc:266:slice$21505 ($adffe) from module Csr.
Setting constant 0-bit at position 2 on $auto$ff.cc:266:slice$21505 ($adffe) from module Csr.
Setting constant 0-bit at position 0 on $auto$ff.cc:266:slice$21502 ($adffe) from module Csr.
Setting constant 0-bit at position 0 on $auto$ff.cc:266:slice$21499 ($adffe) from module Csr.
Setting constant 0-bit at position 1 on $auto$ff.cc:266:slice$21499 ($adffe) from module Csr.
Setting constant 0-bit at position 0 on $auto$ff.cc:266:slice$21560 ($adffe) from module Csr.
Setting constant 0-bit at position 1 on $auto$ff.cc:266:slice$21560 ($adffe) from module Csr.
Setting constant 1-bit at position 0 on $procdff$20240 ($adff) from module Csr.
Setting constant 1-bit at position 1 on $procdff$20240 ($adff) from module Csr.
Setting constant 1-bit at position 2 on $procdff$20240 ($adff) from module Csr.
Setting constant 1-bit at position 3 on $procdff$20240 ($adff) from module Csr.
Setting constant 1-bit at position 4 on $procdff$20240 ($adff) from module Csr.
Setting constant 1-bit at position 5 on $procdff$20240 ($adff) from module Csr.
Setting constant 1-bit at position 6 on $procdff$20240 ($adff) from module Csr.
Setting constant 1-bit at position 7 on $procdff$20240 ($adff) from module Csr.
Setting constant 1-bit at position 8 on $procdff$20240 ($adff) from module Csr.
Setting constant 1-bit at position 9 on $procdff$20240 ($adff) from module Csr.
Setting constant 1-bit at position 10 on $procdff$20240 ($adff) from module Csr.
Setting constant 1-bit at position 11 on $procdff$20240 ($adff) from module Csr.
Setting constant 1-bit at position 0 on $procdff$20145 ($adff) from module Csr.
Setting constant 1-bit at position 1 on $procdff$20145 ($adff) from module Csr.
Setting constant 1-bit at position 2 on $procdff$20145 ($adff) from module Csr.
Setting constant 1-bit at position 3 on $procdff$20145 ($adff) from module Csr.
Setting constant 1-bit at position 4 on $procdff$20145 ($adff) from module Csr.
Setting constant 1-bit at position 5 on $procdff$20145 ($adff) from module Csr.
Setting constant 1-bit at position 6 on $procdff$20145 ($adff) from module Csr.
Setting constant 1-bit at position 7 on $procdff$20145 ($adff) from module Csr.
Setting constant 1-bit at position 8 on $procdff$20145 ($adff) from module Csr.
Setting constant 1-bit at position 9 on $procdff$20145 ($adff) from module Csr.
Setting constant 1-bit at position 10 on $procdff$20145 ($adff) from module Csr.
Setting constant 1-bit at position 11 on $procdff$20145 ($adff) from module Csr.
Setting constant 1-bit at position 12 on $procdff$20145 ($adff) from module Csr.
Setting constant 1-bit at position 13 on $procdff$20145 ($adff) from module Csr.
Setting constant 1-bit at position 14 on $procdff$20145 ($adff) from module Csr.
Setting constant 1-bit at position 15 on $procdff$20145 ($adff) from module Csr.
Setting constant 1-bit at position 16 on $procdff$20145 ($adff) from module Csr.
Setting constant 1-bit at position 17 on $procdff$20145 ($adff) from module Csr.
Setting constant 1-bit at position 18 on $procdff$20145 ($adff) from module Csr.
Setting constant 1-bit at position 19 on $procdff$20145 ($adff) from module Csr.
Setting constant 1-bit at position 20 on $procdff$20145 ($adff) from module Csr.
Setting constant 1-bit at position 21 on $procdff$20145 ($adff) from module Csr.
Setting constant 1-bit at position 22 on $procdff$20145 ($adff) from module Csr.
Setting constant 1-bit at position 23 on $procdff$20145 ($adff) from module Csr.
Setting constant 1-bit at position 24 on $procdff$20145 ($adff) from module Csr.
Setting constant 1-bit at position 25 on $procdff$20145 ($adff) from module Csr.
Setting constant 1-bit at position 26 on $procdff$20145 ($adff) from module Csr.
Setting constant 1-bit at position 27 on $procdff$20145 ($adff) from module Csr.
Setting constant 1-bit at position 28 on $procdff$20145 ($adff) from module Csr.
Setting constant 1-bit at position 29 on $procdff$20145 ($adff) from module Csr.
Setting constant 1-bit at position 30 on $procdff$20145 ($adff) from module Csr.
Setting constant 1-bit at position 31 on $procdff$20145 ($adff) from module Csr.
Setting constant 0-bit at position 0 on $auto$ff.cc:266:slice$21460 ($adffe) from module Csr.
Setting constant 0-bit at position 1 on $auto$ff.cc:266:slice$21460 ($adffe) from module Csr.

4.7. Executing OPT_CLEAN pass (remove unused cells and wires).
Finding unused cells or wires in module \MMU..
Finding unused cells or wires in module \PSC_PC..
Finding unused cells or wires in module $paramod\Execute\ENABLE_MUL=1'0\ENABLE_DIV=1'0..
Finding unused cells or wires in module $paramod\Execute\ENABLE_MUL=1'1\ENABLE_DIV=1'1..
Finding unused cells or wires in module $paramod\Branch\UART_MMIO_ADDR=32'11110000000001000000000011110000..
Finding unused cells or wires in module \Execute_Mul..
Finding unused cells or wires in module \Execute_Divider..
Finding unused cells or wires in module $paramod\Fetch\BURST_MODE=1'1..
Finding unused cells or wires in module \Decorder..
Finding unused cells or wires in module $paramod$28704d8bf4447e08602ecae7770c77318b280126\Fetch_Fifo..
Finding unused cells or wires in module $paramod$01725da92754737a8a2ce09aa1322a94754cc9bb\PSC_Register..
Finding unused cells or wires in module \PSC_RV32_InstructionEngine..
Finding unused cells or wires in module \PSC_InstructionUnit..
Finding unused cells or wires in module \PSC_RV32_FetchUnit..
Finding unused cells or wires in module \PSC_RV32_core..
Finding unused cells or wires in module \Csr..
Removed 559 unused cells and 9883 unused wires.
<suppressed ~581 debug messages>

4.8. Executing OPT_EXPR pass (perform const folding).
Optimizing module $paramod$01725da92754737a8a2ce09aa1322a94754cc9bb\PSC_Register.
<suppressed ~35 debug messages>
Optimizing module $paramod$28704d8bf4447e08602ecae7770c77318b280126\Fetch_Fifo.
<suppressed ~3 debug messages>
Optimizing module $paramod\Branch\UART_MMIO_ADDR=32'11110000000001000000000011110000.
<suppressed ~3 debug messages>
Optimizing module $paramod\Execute\ENABLE_MUL=1'0\ENABLE_DIV=1'0.
<suppressed ~1 debug messages>
Optimizing module $paramod\Execute\ENABLE_MUL=1'1\ENABLE_DIV=1'1.
<suppressed ~1 debug messages>
Optimizing module $paramod\Fetch\BURST_MODE=1'1.
<suppressed ~4 debug messages>
Optimizing module Csr.
<suppressed ~3 debug messages>
Optimizing module Decorder.
<suppressed ~1 debug messages>
Optimizing module Execute_Divider.
<suppressed ~6 debug messages>
Optimizing module Execute_Mul.
Optimizing module MMU.
<suppressed ~6 debug messages>
Optimizing module PSC_InstructionUnit.
<suppressed ~10 debug messages>
Optimizing module PSC_PC.
<suppressed ~2 debug messages>
Optimizing module PSC_RV32_FetchUnit.
<suppressed ~1 debug messages>
Optimizing module PSC_RV32_InstructionEngine.
Optimizing module PSC_RV32_core.

4.9. Rerunning OPT passes. (Maybe there is more to do..)

4.10. Executing OPT_MUXTREE pass (detect dead branches in mux trees).
Running muxtree optimizer on module $paramod$01725da92754737a8a2ce09aa1322a94754cc9bb\PSC_Register..
  Creating internal representation of mux trees.
  Evaluating internal representation of mux trees.
  Analyzing evaluation results.
Running muxtree optimizer on module $paramod$28704d8bf4447e08602ecae7770c77318b280126\Fetch_Fifo..
  Creating internal representation of mux trees.
  Evaluating internal representation of mux trees.
  Analyzing evaluation results.
Running muxtree optimizer on module $paramod\Branch\UART_MMIO_ADDR=32'11110000000001000000000011110000..
  Creating internal representation of mux trees.
  Evaluating internal representation of mux trees.
  Analyzing evaluation results.
Running muxtree optimizer on module $paramod\Execute\ENABLE_MUL=1'0\ENABLE_DIV=1'0..
  Creating internal representation of mux trees.
  Evaluating internal representation of mux trees.
  Analyzing evaluation results.
Running muxtree optimizer on module $paramod\Execute\ENABLE_MUL=1'1\ENABLE_DIV=1'1..
  Creating internal representation of mux trees.
  Evaluating internal representation of mux trees.
  Analyzing evaluation results.
Running muxtree optimizer on module $paramod\Fetch\BURST_MODE=1'1..
  Creating internal representation of mux trees.
  Evaluating internal representation of mux trees.
  Analyzing evaluation results.
Running muxtree optimizer on module \Csr..
  Creating internal representation of mux trees.
  Evaluating internal representation of mux trees.
  Analyzing evaluation results.
Running muxtree optimizer on module \Decorder..
  Creating internal representation of mux trees.
  Evaluating internal representation of mux trees.
  Analyzing evaluation results.
Running muxtree optimizer on module \Execute_Divider..
  Creating internal representation of mux trees.
  Evaluating internal representation of mux trees.
  Analyzing evaluation results.
Running muxtree optimizer on module \Execute_Mul..
  Creating internal representation of mux trees.
  Evaluating internal representation of mux trees.
  Analyzing evaluation results.
Running muxtree optimizer on module \MMU..
  Creating internal representation of mux trees.
  Evaluating internal representation of mux trees.
  Analyzing evaluation results.
Running muxtree optimizer on module \PSC_InstructionUnit..
  Creating internal representation of mux trees.
  Evaluating internal representation of mux trees.
  Analyzing evaluation results.
Running muxtree optimizer on module \PSC_PC..
  Creating internal representation of mux trees.
  Evaluating internal representation of mux trees.
  Analyzing evaluation results.
Running muxtree optimizer on module \PSC_RV32_FetchUnit..
  Creating internal representation of mux trees.
  Evaluating internal representation of mux trees.
  Analyzing evaluation results.
Running muxtree optimizer on module \PSC_RV32_InstructionEngine..
  Creating internal representation of mux trees.
  Evaluating internal representation of mux trees.
  Analyzing evaluation results.
Running muxtree optimizer on module \PSC_RV32_core..
  Creating internal representation of mux trees.
  Evaluating internal representation of mux trees.
  Analyzing evaluation results.
Removed 0 multiplexer ports.
<suppressed ~302 debug messages>

4.11. Executing OPT_REDUCE pass (consolidate $*mux and $reduce_* inputs).
  Optimizing cells in module $paramod$01725da92754737a8a2ce09aa1322a94754cc9bb\PSC_Register.
  Optimizing cells in module $paramod$28704d8bf4447e08602ecae7770c77318b280126\Fetch_Fifo.
    New ctrl vector for $pmux cell $procmux$7250: $auto$opt_reduce.cc:137:opt_pmux$21576
  Optimizing cells in module $paramod$28704d8bf4447e08602ecae7770c77318b280126\Fetch_Fifo.
  Optimizing cells in module $paramod\Branch\UART_MMIO_ADDR=32'11110000000001000000000011110000.
  Optimizing cells in module $paramod\Execute\ENABLE_MUL=1'0\ENABLE_DIV=1'0.
  Optimizing cells in module $paramod\Execute\ENABLE_MUL=1'1\ENABLE_DIV=1'1.
  Optimizing cells in module $paramod\Fetch\BURST_MODE=1'1.
  Optimizing cells in module \Csr.
  Optimizing cells in module \Decorder.
  Optimizing cells in module \Execute_Divider.
  Optimizing cells in module \Execute_Mul.
  Optimizing cells in module \MMU.
  Optimizing cells in module \PSC_InstructionUnit.
  Optimizing cells in module \PSC_PC.
  Optimizing cells in module \PSC_RV32_FetchUnit.
  Optimizing cells in module \PSC_RV32_InstructionEngine.
  Optimizing cells in module \PSC_RV32_core.
Performed a total of 1 changes.

4.12. Executing OPT_MERGE pass (detect identical cells).
Finding identical cells in module `$paramod$01725da92754737a8a2ce09aa1322a94754cc9bb\PSC_Register'.
Finding identical cells in module `$paramod$28704d8bf4447e08602ecae7770c77318b280126\Fetch_Fifo'.
Finding identical cells in module `$paramod\Branch\UART_MMIO_ADDR=32'11110000000001000000000011110000'.
<suppressed ~33 debug messages>
Finding identical cells in module `$paramod\Execute\ENABLE_MUL=1'0\ENABLE_DIV=1'0'.
Finding identical cells in module `$paramod\Execute\ENABLE_MUL=1'1\ENABLE_DIV=1'1'.
Finding identical cells in module `$paramod\Fetch\BURST_MODE=1'1'.
<suppressed ~27 debug messages>
Finding identical cells in module `\Csr'.
<suppressed ~9 debug messages>
Finding identical cells in module `\Decorder'.
Finding identical cells in module `\Execute_Divider'.
<suppressed ~18 debug messages>
Finding identical cells in module `\Execute_Mul'.
<suppressed ~6 debug messages>
Finding identical cells in module `\MMU'.
<suppressed ~48 debug messages>
Finding identical cells in module `\PSC_InstructionUnit'.
<suppressed ~687 debug messages>
Finding identical cells in module `\PSC_PC'.
<suppressed ~3 debug messages>
Finding identical cells in module `\PSC_RV32_FetchUnit'.
Finding identical cells in module `\PSC_RV32_InstructionEngine'.
Finding identical cells in module `\PSC_RV32_core'.
Removed a total of 277 cells.

4.13. Executing OPT_DFF pass (perform DFF optimizations).
Setting constant 0-bit at position 0 on $auto$ff.cc:266:slice$21496 ($adffe) from module Csr.
Setting constant 0-bit at position 1 on $auto$ff.cc:266:slice$21496 ($adffe) from module Csr.
Setting constant 0-bit at position 2 on $auto$ff.cc:266:slice$21496 ($adffe) from module Csr.
Setting constant 0-bit at position 4 on $auto$ff.cc:266:slice$21496 ($adffe) from module Csr.
Setting constant 0-bit at position 5 on $auto$ff.cc:266:slice$21496 ($adffe) from module Csr.
Setting constant 0-bit at position 6 on $auto$ff.cc:266:slice$21496 ($adffe) from module Csr.
Setting constant 0-bit at position 8 on $auto$ff.cc:266:slice$21496 ($adffe) from module Csr.
Setting constant 0-bit at position 9 on $auto$ff.cc:266:slice$21496 ($adffe) from module Csr.
Setting constant 0-bit at position 10 on $auto$ff.cc:266:slice$21496 ($adffe) from module Csr.
Setting constant 0-bit at position 12 on $auto$ff.cc:266:slice$21496 ($adffe) from module Csr.
Setting constant 0-bit at position 13 on $auto$ff.cc:266:slice$21496 ($adffe) from module Csr.
Setting constant 0-bit at position 14 on $auto$ff.cc:266:slice$21496 ($adffe) from module Csr.
Setting constant 0-bit at position 15 on $auto$ff.cc:266:slice$21496 ($adffe) from module Csr.
Setting constant 0-bit at position 16 on $auto$ff.cc:266:slice$21496 ($adffe) from module Csr.
Setting constant 0-bit at position 17 on $auto$ff.cc:266:slice$21496 ($adffe) from module Csr.
Setting constant 0-bit at position 18 on $auto$ff.cc:266:slice$21496 ($adffe) from module Csr.
Setting constant 0-bit at position 19 on $auto$ff.cc:266:slice$21496 ($adffe) from module Csr.
Setting constant 0-bit at position 20 on $auto$ff.cc:266:slice$21496 ($adffe) from module Csr.
Setting constant 0-bit at position 21 on $auto$ff.cc:266:slice$21496 ($adffe) from module Csr.
Setting constant 0-bit at position 22 on $auto$ff.cc:266:slice$21496 ($adffe) from module Csr.
Setting constant 0-bit at position 23 on $auto$ff.cc:266:slice$21496 ($adffe) from module Csr.
Setting constant 0-bit at position 24 on $auto$ff.cc:266:slice$21496 ($adffe) from module Csr.
Setting constant 0-bit at position 25 on $auto$ff.cc:266:slice$21496 ($adffe) from module Csr.
Setting constant 0-bit at position 26 on $auto$ff.cc:266:slice$21496 ($adffe) from module Csr.
Setting constant 0-bit at position 27 on $auto$ff.cc:266:slice$21496 ($adffe) from module Csr.
Setting constant 0-bit at position 28 on $auto$ff.cc:266:slice$21496 ($adffe) from module Csr.
Setting constant 0-bit at position 29 on $auto$ff.cc:266:slice$21496 ($adffe) from module Csr.
Setting constant 0-bit at position 30 on $auto$ff.cc:266:slice$21496 ($adffe) from module Csr.
Setting constant 0-bit at position 31 on $auto$ff.cc:266:slice$21496 ($adffe) from module Csr.
Setting constant 0-bit at position 0 on $auto$ff.cc:266:slice$21508 ($adffe) from module Csr.
Setting constant 0-bit at position 1 on $auto$ff.cc:266:slice$21508 ($adffe) from module Csr.
Setting constant 0-bit at position 2 on $auto$ff.cc:266:slice$21508 ($adffe) from module Csr.
Setting constant 0-bit at position 3 on $auto$ff.cc:266:slice$21508 ($adffe) from module Csr.
Setting constant 0-bit at position 4 on $auto$ff.cc:266:slice$21508 ($adffe) from module Csr.
Setting constant 0-bit at position 5 on $auto$ff.cc:266:slice$21508 ($adffe) from module Csr.
Setting constant 0-bit at position 6 on $auto$ff.cc:266:slice$21508 ($adffe) from module Csr.
Setting constant 0-bit at position 7 on $auto$ff.cc:266:slice$21508 ($adffe) from module Csr.
Setting constant 0-bit at position 8 on $auto$ff.cc:266:slice$21508 ($adffe) from module Csr.
Setting constant 0-bit at position 11 on $auto$ff.cc:266:slice$21508 ($adffe) from module Csr.
Setting constant 0-bit at position 12 on $auto$ff.cc:266:slice$21508 ($adffe) from module Csr.
Setting constant 0-bit at position 13 on $auto$ff.cc:266:slice$21508 ($adffe) from module Csr.
Setting constant 0-bit at position 14 on $auto$ff.cc:266:slice$21508 ($adffe) from module Csr.
Setting constant 0-bit at position 15 on $auto$ff.cc:266:slice$21508 ($adffe) from module Csr.
Setting constant 0-bit at position 16 on $auto$ff.cc:266:slice$21508 ($adffe) from module Csr.
Setting constant 0-bit at position 17 on $auto$ff.cc:266:slice$21508 ($adffe) from module Csr.
Setting constant 0-bit at position 18 on $auto$ff.cc:266:slice$21508 ($adffe) from module Csr.
Setting constant 0-bit at position 19 on $auto$ff.cc:266:slice$21508 ($adffe) from module Csr.
Setting constant 0-bit at position 20 on $auto$ff.cc:266:slice$21508 ($adffe) from module Csr.
Setting constant 0-bit at position 21 on $auto$ff.cc:266:slice$21508 ($adffe) from module Csr.
Setting constant 0-bit at position 22 on $auto$ff.cc:266:slice$21508 ($adffe) from module Csr.
Setting constant 0-bit at position 0 on $auto$ff.cc:266:slice$21554 ($adffe) from module Csr.
Setting constant 0-bit at position 2 on $auto$ff.cc:266:slice$21554 ($adffe) from module Csr.
Setting constant 0-bit at position 3 on $auto$ff.cc:266:slice$21554 ($adffe) from module Csr.
Setting constant 0-bit at position 4 on $auto$ff.cc:266:slice$21554 ($adffe) from module Csr.
Setting constant 0-bit at position 6 on $auto$ff.cc:266:slice$21554 ($adffe) from module Csr.
Setting constant 0-bit at position 7 on $auto$ff.cc:266:slice$21554 ($adffe) from module Csr.
Setting constant 0-bit at position 8 on $auto$ff.cc:266:slice$21554 ($adffe) from module Csr.
Setting constant 0-bit at position 10 on $auto$ff.cc:266:slice$21554 ($adffe) from module Csr.
Setting constant 0-bit at position 11 on $auto$ff.cc:266:slice$21554 ($adffe) from module Csr.
Setting constant 0-bit at position 12 on $auto$ff.cc:266:slice$21554 ($adffe) from module Csr.
Setting constant 0-bit at position 13 on $auto$ff.cc:266:slice$21554 ($adffe) from module Csr.
Setting constant 0-bit at position 14 on $auto$ff.cc:266:slice$21554 ($adffe) from module Csr.
Setting constant 0-bit at position 15 on $auto$ff.cc:266:slice$21554 ($adffe) from module Csr.
Setting constant 0-bit at position 16 on $auto$ff.cc:266:slice$21554 ($adffe) from module Csr.
Setting constant 0-bit at position 17 on $auto$ff.cc:266:slice$21554 ($adffe) from module Csr.
Setting constant 0-bit at position 18 on $auto$ff.cc:266:slice$21554 ($adffe) from module Csr.
Setting constant 0-bit at position 19 on $auto$ff.cc:266:slice$21554 ($adffe) from module Csr.
Setting constant 0-bit at position 20 on $auto$ff.cc:266:slice$21554 ($adffe) from module Csr.
Setting constant 0-bit at position 21 on $auto$ff.cc:266:slice$21554 ($adffe) from module Csr.
Setting constant 0-bit at position 22 on $auto$ff.cc:266:slice$21554 ($adffe) from module Csr.
Setting constant 0-bit at position 23 on $auto$ff.cc:266:slice$21554 ($adffe) from module Csr.
Setting constant 0-bit at position 24 on $auto$ff.cc:266:slice$21554 ($adffe) from module Csr.
Setting constant 0-bit at position 25 on $auto$ff.cc:266:slice$21554 ($adffe) from module Csr.
Setting constant 0-bit at position 26 on $auto$ff.cc:266:slice$21554 ($adffe) from module Csr.
Setting constant 0-bit at position 27 on $auto$ff.cc:266:slice$21554 ($adffe) from module Csr.
Setting constant 0-bit at position 28 on $auto$ff.cc:266:slice$21554 ($adffe) from module Csr.
Setting constant 0-bit at position 29 on $auto$ff.cc:266:slice$21554 ($adffe) from module Csr.
Setting constant 0-bit at position 30 on $auto$ff.cc:266:slice$21554 ($adffe) from module Csr.
Setting constant 0-bit at position 31 on $auto$ff.cc:266:slice$21554 ($adffe) from module Csr.
Adding EN signal on $auto$ff.cc:266:slice$21432 ($adffe) from module PSC_RV32_FetchUnit (D = $2\next_pc[31:0], Q = \fetch_pc).

4.14. Executing OPT_CLEAN pass (remove unused cells and wires).
Finding unused cells or wires in module $paramod$01725da92754737a8a2ce09aa1322a94754cc9bb\PSC_Register..
Finding unused cells or wires in module $paramod$28704d8bf4447e08602ecae7770c77318b280126\Fetch_Fifo..
Finding unused cells or wires in module $paramod\Branch\UART_MMIO_ADDR=32'11110000000001000000000011110000..
Finding unused cells or wires in module $paramod\Execute\ENABLE_MUL=1'0\ENABLE_DIV=1'0..
Finding unused cells or wires in module $paramod\Execute\ENABLE_MUL=1'1\ENABLE_DIV=1'1..
Finding unused cells or wires in module $paramod\Fetch\BURST_MODE=1'1..
Finding unused cells or wires in module \Csr..
Finding unused cells or wires in module \Decorder..
Finding unused cells or wires in module \Execute_Divider..
Finding unused cells or wires in module \Execute_Mul..
Finding unused cells or wires in module \MMU..
Finding unused cells or wires in module \PSC_InstructionUnit..
Finding unused cells or wires in module \PSC_PC..
Finding unused cells or wires in module \PSC_RV32_FetchUnit..
Finding unused cells or wires in module \PSC_RV32_InstructionEngine..
Finding unused cells or wires in module \PSC_RV32_core..
Removed 1 unused cells and 279 unused wires.
<suppressed ~11 debug messages>

4.15. Executing OPT_EXPR pass (perform const folding).
Optimizing module $paramod$01725da92754737a8a2ce09aa1322a94754cc9bb\PSC_Register.
Optimizing module $paramod$28704d8bf4447e08602ecae7770c77318b280126\Fetch_Fifo.
Optimizing module $paramod\Branch\UART_MMIO_ADDR=32'11110000000001000000000011110000.
Optimizing module $paramod\Execute\ENABLE_MUL=1'0\ENABLE_DIV=1'0.
Optimizing module $paramod\Execute\ENABLE_MUL=1'1\ENABLE_DIV=1'1.
Optimizing module $paramod\Fetch\BURST_MODE=1'1.
Optimizing module Csr.
Optimizing module Decorder.
Optimizing module Execute_Divider.
Optimizing module Execute_Mul.
Optimizing module MMU.
Optimizing module PSC_InstructionUnit.
Optimizing module PSC_PC.
Optimizing module PSC_RV32_FetchUnit.
<suppressed ~1 debug messages>
Optimizing module PSC_RV32_InstructionEngine.
Optimizing module PSC_RV32_core.

4.16. Rerunning OPT passes. (Maybe there is more to do..)

4.17. Executing OPT_MUXTREE pass (detect dead branches in mux trees).
Running muxtree optimizer on module $paramod$01725da92754737a8a2ce09aa1322a94754cc9bb\PSC_Register..
  Creating internal representation of mux trees.
  Evaluating internal representation of mux trees.
  Analyzing evaluation results.
Running muxtree optimizer on module $paramod$28704d8bf4447e08602ecae7770c77318b280126\Fetch_Fifo..
  Creating internal representation of mux trees.
  Evaluating internal representation of mux trees.
  Analyzing evaluation results.
Running muxtree optimizer on module $paramod\Branch\UART_MMIO_ADDR=32'11110000000001000000000011110000..
  Creating internal representation of mux trees.
  Evaluating internal representation of mux trees.
  Analyzing evaluation results.
Running muxtree optimizer on module $paramod\Execute\ENABLE_MUL=1'0\ENABLE_DIV=1'0..
  Creating internal representation of mux trees.
  Evaluating internal representation of mux trees.
  Analyzing evaluation results.
Running muxtree optimizer on module $paramod\Execute\ENABLE_MUL=1'1\ENABLE_DIV=1'1..
  Creating internal representation of mux trees.
  Evaluating internal representation of mux trees.
  Analyzing evaluation results.
Running muxtree optimizer on module $paramod\Fetch\BURST_MODE=1'1..
  Creating internal representation of mux trees.
  Evaluating internal representation of mux trees.
  Analyzing evaluation results.
Running muxtree optimizer on module \Csr..
  Creating internal representation of mux trees.
  Evaluating internal representation of mux trees.
  Analyzing evaluation results.
Running muxtree optimizer on module \Decorder..
  Creating internal representation of mux trees.
  Evaluating internal representation of mux trees.
  Analyzing evaluation results.
Running muxtree optimizer on module \Execute_Divider..
  Creating internal representation of mux trees.
  Evaluating internal representation of mux trees.
  Analyzing evaluation results.
Running muxtree optimizer on module \Execute_Mul..
  Creating internal representation of mux trees.
  Evaluating internal representation of mux trees.
  Analyzing evaluation results.
Running muxtree optimizer on module \MMU..
  Creating internal representation of mux trees.
  Evaluating internal representation of mux trees.
  Analyzing evaluation results.
Running muxtree optimizer on module \PSC_InstructionUnit..
  Creating internal representation of mux trees.
  Evaluating internal representation of mux trees.
  Analyzing evaluation results.
Running muxtree optimizer on module \PSC_PC..
  Creating internal representation of mux trees.
  Evaluating internal representation of mux trees.
  Analyzing evaluation results.
Running muxtree optimizer on module \PSC_RV32_FetchUnit..
  Creating internal representation of mux trees.
  Evaluating internal representation of mux trees.
  Analyzing evaluation results.
Running muxtree optimizer on module \PSC_RV32_InstructionEngine..
  Creating internal representation of mux trees.
  Evaluating internal representation of mux trees.
  Analyzing evaluation results.
Running muxtree optimizer on module \PSC_RV32_core..
  Creating internal representation of mux trees.
  Evaluating internal representation of mux trees.
  Analyzing evaluation results.
Removed 0 multiplexer ports.
<suppressed ~305 debug messages>

4.18. Executing OPT_REDUCE pass (consolidate $*mux and $reduce_* inputs).
  Optimizing cells in module $paramod$01725da92754737a8a2ce09aa1322a94754cc9bb\PSC_Register.
  Optimizing cells in module $paramod$28704d8bf4447e08602ecae7770c77318b280126\Fetch_Fifo.
  Optimizing cells in module $paramod\Branch\UART_MMIO_ADDR=32'11110000000001000000000011110000.
  Optimizing cells in module $paramod\Execute\ENABLE_MUL=1'0\ENABLE_DIV=1'0.
  Optimizing cells in module $paramod\Execute\ENABLE_MUL=1'1\ENABLE_DIV=1'1.
  Optimizing cells in module $paramod\Fetch\BURST_MODE=1'1.
  Optimizing cells in module \Csr.
  Optimizing cells in module \Decorder.
  Optimizing cells in module \Execute_Divider.
  Optimizing cells in module \Execute_Mul.
  Optimizing cells in module \MMU.
  Optimizing cells in module \PSC_InstructionUnit.
  Optimizing cells in module \PSC_PC.
  Optimizing cells in module \PSC_RV32_FetchUnit.
  Optimizing cells in module \PSC_RV32_InstructionEngine.
  Optimizing cells in module \PSC_RV32_core.
Performed a total of 0 changes.

4.19. Executing OPT_MERGE pass (detect identical cells).
Finding identical cells in module `$paramod$01725da92754737a8a2ce09aa1322a94754cc9bb\PSC_Register'.
Finding identical cells in module `$paramod$28704d8bf4447e08602ecae7770c77318b280126\Fetch_Fifo'.
Finding identical cells in module `$paramod\Branch\UART_MMIO_ADDR=32'11110000000001000000000011110000'.
Finding identical cells in module `$paramod\Execute\ENABLE_MUL=1'0\ENABLE_DIV=1'0'.
Finding identical cells in module `$paramod\Execute\ENABLE_MUL=1'1\ENABLE_DIV=1'1'.
Finding identical cells in module `$paramod\Fetch\BURST_MODE=1'1'.
Finding identical cells in module `\Csr'.
Finding identical cells in module `\Decorder'.
Finding identical cells in module `\Execute_Divider'.
Finding identical cells in module `\Execute_Mul'.
Finding identical cells in module `\MMU'.
Finding identical cells in module `\PSC_InstructionUnit'.
Finding identical cells in module `\PSC_PC'.
Finding identical cells in module `\PSC_RV32_FetchUnit'.
<suppressed ~3 debug messages>
Finding identical cells in module `\PSC_RV32_InstructionEngine'.
Finding identical cells in module `\PSC_RV32_core'.
Removed a total of 1 cells.

4.20. Executing OPT_DFF pass (perform DFF optimizations).

4.21. Executing OPT_CLEAN pass (remove unused cells and wires).
Finding unused cells or wires in module $paramod$01725da92754737a8a2ce09aa1322a94754cc9bb\PSC_Register..
Finding unused cells or wires in module $paramod$28704d8bf4447e08602ecae7770c77318b280126\Fetch_Fifo..
Finding unused cells or wires in module $paramod\Branch\UART_MMIO_ADDR=32'11110000000001000000000011110000..
Finding unused cells or wires in module $paramod\Execute\ENABLE_MUL=1'0\ENABLE_DIV=1'0..
Finding unused cells or wires in module $paramod\Execute\ENABLE_MUL=1'1\ENABLE_DIV=1'1..
Finding unused cells or wires in module $paramod\Fetch\BURST_MODE=1'1..
Finding unused cells or wires in module \Csr..
Finding unused cells or wires in module \Decorder..
Finding unused cells or wires in module \Execute_Divider..
Finding unused cells or wires in module \Execute_Mul..
Finding unused cells or wires in module \MMU..
Finding unused cells or wires in module \PSC_InstructionUnit..
Finding unused cells or wires in module \PSC_PC..
Finding unused cells or wires in module \PSC_RV32_FetchUnit..
Finding unused cells or wires in module \PSC_RV32_InstructionEngine..
Finding unused cells or wires in module \PSC_RV32_core..
Removed 0 unused cells and 1 unused wires.
<suppressed ~1 debug messages>

4.22. Executing OPT_EXPR pass (perform const folding).
Optimizing module $paramod$01725da92754737a8a2ce09aa1322a94754cc9bb\PSC_Register.
Optimizing module $paramod$28704d8bf4447e08602ecae7770c77318b280126\Fetch_Fifo.
Optimizing module $paramod\Branch\UART_MMIO_ADDR=32'11110000000001000000000011110000.
Optimizing module $paramod\Execute\ENABLE_MUL=1'0\ENABLE_DIV=1'0.
Optimizing module $paramod\Execute\ENABLE_MUL=1'1\ENABLE_DIV=1'1.
Optimizing module $paramod\Fetch\BURST_MODE=1'1.
Optimizing module Csr.
Optimizing module Decorder.
Optimizing module Execute_Divider.
Optimizing module Execute_Mul.
Optimizing module MMU.
Optimizing module PSC_InstructionUnit.
Optimizing module PSC_PC.
Optimizing module PSC_RV32_FetchUnit.
Optimizing module PSC_RV32_InstructionEngine.
Optimizing module PSC_RV32_core.

4.23. Rerunning OPT passes. (Maybe there is more to do..)

4.24. Executing OPT_MUXTREE pass (detect dead branches in mux trees).
Running muxtree optimizer on module $paramod$01725da92754737a8a2ce09aa1322a94754cc9bb\PSC_Register..
  Creating internal representation of mux trees.
  Evaluating internal representation of mux trees.
  Analyzing evaluation results.
Running muxtree optimizer on module $paramod$28704d8bf4447e08602ecae7770c77318b280126\Fetch_Fifo..
  Creating internal representation of mux trees.
  Evaluating internal representation of mux trees.
  Analyzing evaluation results.
Running muxtree optimizer on module $paramod\Branch\UART_MMIO_ADDR=32'11110000000001000000000011110000..
  Creating internal representation of mux trees.
  Evaluating internal representation of mux trees.
  Analyzing evaluation results.
Running muxtree optimizer on module $paramod\Execute\ENABLE_MUL=1'0\ENABLE_DIV=1'0..
  Creating internal representation of mux trees.
  Evaluating internal representation of mux trees.
  Analyzing evaluation results.
Running muxtree optimizer on module $paramod\Execute\ENABLE_MUL=1'1\ENABLE_DIV=1'1..
  Creating internal representation of mux trees.
  Evaluating internal representation of mux trees.
  Analyzing evaluation results.
Running muxtree optimizer on module $paramod\Fetch\BURST_MODE=1'1..
  Creating internal representation of mux trees.
  Evaluating internal representation of mux trees.
  Analyzing evaluation results.
Running muxtree optimizer on module \Csr..
  Creating internal representation of mux trees.
  Evaluating internal representation of mux trees.
  Analyzing evaluation results.
Running muxtree optimizer on module \Decorder..
  Creating internal representation of mux trees.
  Evaluating internal representation of mux trees.
  Analyzing evaluation results.
Running muxtree optimizer on module \Execute_Divider..
  Creating internal representation of mux trees.
  Evaluating internal representation of mux trees.
  Analyzing evaluation results.
Running muxtree optimizer on module \Execute_Mul..
  Creating internal representation of mux trees.
  Evaluating internal representation of mux trees.
  Analyzing evaluation results.
Running muxtree optimizer on module \MMU..
  Creating internal representation of mux trees.
  Evaluating internal representation of mux trees.
  Analyzing evaluation results.
Running muxtree optimizer on module \PSC_InstructionUnit..
  Creating internal representation of mux trees.
  Evaluating internal representation of mux trees.
  Analyzing evaluation results.
Running muxtree optimizer on module \PSC_PC..
  Creating internal representation of mux trees.
  Evaluating internal representation of mux trees.
  Analyzing evaluation results.
Running muxtree optimizer on module \PSC_RV32_FetchUnit..
  Creating internal representation of mux trees.
  Evaluating internal representation of mux trees.
  Analyzing evaluation results.
Running muxtree optimizer on module \PSC_RV32_InstructionEngine..
  Creating internal representation of mux trees.
  Evaluating internal representation of mux trees.
  Analyzing evaluation results.
Running muxtree optimizer on module \PSC_RV32_core..
  Creating internal representation of mux trees.
  Evaluating internal representation of mux trees.
  Analyzing evaluation results.
Removed 0 multiplexer ports.
<suppressed ~305 debug messages>

4.25. Executing OPT_REDUCE pass (consolidate $*mux and $reduce_* inputs).
  Optimizing cells in module $paramod$01725da92754737a8a2ce09aa1322a94754cc9bb\PSC_Register.
  Optimizing cells in module $paramod$28704d8bf4447e08602ecae7770c77318b280126\Fetch_Fifo.
  Optimizing cells in module $paramod\Branch\UART_MMIO_ADDR=32'11110000000001000000000011110000.
  Optimizing cells in module $paramod\Execute\ENABLE_MUL=1'0\ENABLE_DIV=1'0.
  Optimizing cells in module $paramod\Execute\ENABLE_MUL=1'1\ENABLE_DIV=1'1.
  Optimizing cells in module $paramod\Fetch\BURST_MODE=1'1.
  Optimizing cells in module \Csr.
  Optimizing cells in module \Decorder.
  Optimizing cells in module \Execute_Divider.
  Optimizing cells in module \Execute_Mul.
  Optimizing cells in module \MMU.
  Optimizing cells in module \PSC_InstructionUnit.
  Optimizing cells in module \PSC_PC.
  Optimizing cells in module \PSC_RV32_FetchUnit.
  Optimizing cells in module \PSC_RV32_InstructionEngine.
  Optimizing cells in module \PSC_RV32_core.
Performed a total of 0 changes.

4.26. Executing OPT_MERGE pass (detect identical cells).
Finding identical cells in module `$paramod$01725da92754737a8a2ce09aa1322a94754cc9bb\PSC_Register'.
Finding identical cells in module `$paramod$28704d8bf4447e08602ecae7770c77318b280126\Fetch_Fifo'.
Finding identical cells in module `$paramod\Branch\UART_MMIO_ADDR=32'11110000000001000000000011110000'.
Finding identical cells in module `$paramod\Execute\ENABLE_MUL=1'0\ENABLE_DIV=1'0'.
Finding identical cells in module `$paramod\Execute\ENABLE_MUL=1'1\ENABLE_DIV=1'1'.
Finding identical cells in module `$paramod\Fetch\BURST_MODE=1'1'.
Finding identical cells in module `\Csr'.
Finding identical cells in module `\Decorder'.
Finding identical cells in module `\Execute_Divider'.
Finding identical cells in module `\Execute_Mul'.
Finding identical cells in module `\MMU'.
Finding identical cells in module `\PSC_InstructionUnit'.
Finding identical cells in module `\PSC_PC'.
Finding identical cells in module `\PSC_RV32_FetchUnit'.
Finding identical cells in module `\PSC_RV32_InstructionEngine'.
Finding identical cells in module `\PSC_RV32_core'.
Removed a total of 0 cells.

4.27. Executing OPT_DFF pass (perform DFF optimizations).

4.28. Executing OPT_CLEAN pass (remove unused cells and wires).
Finding unused cells or wires in module $paramod$01725da92754737a8a2ce09aa1322a94754cc9bb\PSC_Register..
Finding unused cells or wires in module $paramod$28704d8bf4447e08602ecae7770c77318b280126\Fetch_Fifo..
Finding unused cells or wires in module $paramod\Branch\UART_MMIO_ADDR=32'11110000000001000000000011110000..
Finding unused cells or wires in module $paramod\Execute\ENABLE_MUL=1'0\ENABLE_DIV=1'0..
Finding unused cells or wires in module $paramod\Execute\ENABLE_MUL=1'1\ENABLE_DIV=1'1..
Finding unused cells or wires in module $paramod\Fetch\BURST_MODE=1'1..
Finding unused cells or wires in module \Csr..
Finding unused cells or wires in module \Decorder..
Finding unused cells or wires in module \Execute_Divider..
Finding unused cells or wires in module \Execute_Mul..
Finding unused cells or wires in module \MMU..
Finding unused cells or wires in module \PSC_InstructionUnit..
Finding unused cells or wires in module \PSC_PC..
Finding unused cells or wires in module \PSC_RV32_FetchUnit..
Finding unused cells or wires in module \PSC_RV32_InstructionEngine..
Finding unused cells or wires in module \PSC_RV32_core..

4.29. Executing OPT_EXPR pass (perform const folding).
Optimizing module $paramod$01725da92754737a8a2ce09aa1322a94754cc9bb\PSC_Register.
Optimizing module $paramod$28704d8bf4447e08602ecae7770c77318b280126\Fetch_Fifo.
Optimizing module $paramod\Branch\UART_MMIO_ADDR=32'11110000000001000000000011110000.
Optimizing module $paramod\Execute\ENABLE_MUL=1'0\ENABLE_DIV=1'0.
Optimizing module $paramod\Execute\ENABLE_MUL=1'1\ENABLE_DIV=1'1.
Optimizing module $paramod\Fetch\BURST_MODE=1'1.
Optimizing module Csr.
Optimizing module Decorder.
Optimizing module Execute_Divider.
Optimizing module Execute_Mul.
Optimizing module MMU.
Optimizing module PSC_InstructionUnit.
Optimizing module PSC_PC.
Optimizing module PSC_RV32_FetchUnit.
Optimizing module PSC_RV32_InstructionEngine.
Optimizing module PSC_RV32_core.

4.30. Finished OPT passes. (There is nothing left to do.)

5. Printing statistics.

=== $paramod$01725da92754737a8a2ce09aa1322a94754cc9bb\PSC_Register ===

   Number of wires:                366
   Number of wire bits:           3847
   Number of public wires:         134
   Number of public wire bits:    1383
   Number of ports:                 25
   Number of port bits:            251
   Number of memories:               0
   Number of memory bits:            0
   Number of processes:              0
   Number of cells:                312
     $adffe                         35
     $eq                           107
     $logic_and                     41
     $logic_not                      2
     $logic_or                       6
     $lt                             2
     $mux                           80
     $pmux                           4
     $reduce_bool                   35

=== $paramod$28704d8bf4447e08602ecae7770c77318b280126\Fetch_Fifo ===

   Number of wires:                 61
   Number of wire bits:            582
   Number of public wires:          26
   Number of public wire bits:     290
   Number of ports:                 15
   Number of port bits:            143
   Number of memories:               2
   Number of memory bits:         1024
   Number of processes:              0
   Number of cells:                 55
     $add                            3
     $adff                           1
     $adffe                          3
     $dff                            4
     $eq                             7
     $logic_and                      5
     $logic_not                      4
     $memrd                          2
     $memwr_v2                       2
     $mux                           17
     $pmux                           1
     $reduce_bool                    3
     $reduce_or                      2
     $sub                            1

=== $paramod\Branch\UART_MMIO_ADDR=32'11110000000001000000000011110000 ===

   Number of wires:                 98
   Number of wire bits:            500
   Number of public wires:          27
   Number of public wire bits:     350
   Number of ports:                 23
   Number of port bits:            315
   Number of memories:               0
   Number of memory bits:            0
   Number of processes:              0
   Number of cells:                 84
     $adff                           5
     $adffe                          6
     $eq                             4
     $logic_and                      7
     $logic_not                      2
     $logic_or                       5
     $mux                           40
     $ne                             5
     $not                            3
     $reduce_and                     5
     $reduce_bool                    1
     $reduce_or                      1

=== $paramod\Execute\ENABLE_MUL=1'0\ENABLE_DIV=1'0 ===

   Number of wires:                 78
   Number of wire bits:           1084
   Number of public wires:          32
   Number of public wire bits:     600
   Number of ports:                 12
   Number of port bits:            327
   Number of memories:               0
   Number of memory bits:            0
   Number of processes:              0
   Number of cells:                 55
     $add                            1
     $adffe                          2
     $and                            1
     $eq                            14
     $logic_not                      3
     $logic_or                       1
     $lt                             2
     $mux                           10
     $ne                             6
     $or                             1
     $pmux                           3
     $reduce_and                     2
     $reduce_bool                    2
     $shl                            1
     $shr                            1
     $sshr                           1
     $sub                            1
     $xor                            1
     Execute_Divider                 1
     Execute_Mul                     1

=== $paramod\Execute\ENABLE_MUL=1'1\ENABLE_DIV=1'1 ===

   Number of wires:                 85
   Number of wire bits:           1155
   Number of public wires:          32
   Number of public wire bits:     600
   Number of ports:                 12
   Number of port bits:            327
   Number of memories:               0
   Number of memory bits:            0
   Number of processes:              0
   Number of cells:                 66
     $add                            1
     $adffe                          2
     $and                            1
     $eq                            16
     $logic_and                      3
     $logic_not                      3
     $logic_or                       1
     $lt                             2
     $mux                           14
     $ne                             8
     $or                             1
     $pmux                           3
     $reduce_and                     2
     $reduce_bool                    2
     $shl                            1
     $shr                            1
     $sshr                           1
     $sub                            1
     $xor                            1
     Execute_Divider                 1
     Execute_Mul                     1

=== $paramod\Fetch\BURST_MODE=1'1 ===

   Number of wires:                 79
   Number of wire bits:            471
   Number of public wires:          24
   Number of public wire bits:     279
   Number of ports:                 21
   Number of port bits:            269
   Number of memories:               0
   Number of memory bits:            0
   Number of processes:              0
   Number of cells:                 67
     $add                            2
     $adff                           3
     $adffe                          7
     $eq                             7
     $ge                             1
     $logic_and                      1
     $logic_not                      1
     $mux                           21
     $ne                             6
     $not                            2
     $pmux                           5
     $reduce_and                     7
     $reduce_bool                    2
     $reduce_or                      2

=== Csr ===

   Number of wires:                292
   Number of wire bits:           4107
   Number of public wires:         116
   Number of public wire bits:    2803
   Number of ports:                 54
   Number of port bits:           1125
   Number of memories:               0
   Number of memory bits:            0
   Number of processes:              0
   Number of cells:                231
     $adff                          11
     $adffe                         33
     $and                            2
     $eq                            53
     $logic_and                      1
     $logic_not                      3
     $mux                           89
     $ne                             6
     $not                            1
     $or                             1
     $pmux                           3
     $reduce_and                    24
     $reduce_bool                    3
     $shiftx                         1

=== Decorder ===

   Number of wires:                163
   Number of wire bits:            899
   Number of public wires:          71
   Number of public wire bits:     634
   Number of ports:                  8
   Number of port bits:            200
   Number of memories:               0
   Number of memory bits:            0
   Number of processes:              0
   Number of cells:                140
     $adff                           1
     $adffe                          1
     $eq                            24
     $logic_and                     30
     $logic_not                      6
     $logic_or                      33
     $mux                           31
     $ne                             2
     $not                            1
     $or                             9
     $reduce_and                     1
     $reduce_bool                    1

=== Execute_Divider ===

   Number of wires:                 75
   Number of wire bits:           1138
   Number of public wires:          28
   Number of public wire bits:     410
   Number of ports:                 11
   Number of port bits:            135
   Number of memories:               0
   Number of memory bits:            0
   Number of processes:              0
   Number of cells:                 66
     $add                            4
     $adffe                         10
     $eq                             5
     $ge                             1
     $logic_and                      4
     $logic_not                      2
     $mux                           16
     $ne                             5
     $not                            4
     $pmux                           7
     $reduce_and                     2
     $reduce_bool                    3
     $sub                            2
     $xor                            1

=== Execute_Mul ===

   Number of wires:                 31
   Number of wire bits:            353
   Number of public wires:          15
   Number of public wire bits:     239
   Number of ports:                 10
   Number of port bits:            104
   Number of memories:               0
   Number of memory bits:            0
   Number of processes:              0
   Number of cells:                 24
     $adff                           1
     $adffe                          5
     $eq                             3
     $logic_not                      1
     $logic_or                       1
     $mul                            1
     $mux                            8
     $ne                             1
     $reduce_and                     1
     $reduce_bool                    2

=== MMU ===

   Number of wires:                185
   Number of wire bits:           1713
   Number of public wires:          53
   Number of public wire bits:     739
   Number of ports:                 20
   Number of port bits:            176
   Number of memories:               0
   Number of memory bits:            0
   Number of processes:              0
   Number of cells:                150
     $add                            2
     $adff                           4
     $adffe                         12
     $eq                            12
     $logic_and                     12
     $logic_not                      9
     $logic_or                       9
     $mux                           45
     $ne                            20
     $pmux                           8
     $reduce_and                     9
     $reduce_bool                    6
     $reduce_or                      2

=== PSC_InstructionUnit ===

   Number of wires:                965
   Number of wire bits:          28509
   Number of public wires:         184
   Number of public wire bits:    4319
   Number of ports:                 55
   Number of port bits:           1678
   Number of memories:               0
   Number of memory bits:            0
   Number of processes:              0
   Number of cells:                938
     $add                            6
     $adff                          12
     $adffe                         64
     $and                            4
     $dffe                          32
     $eq                           175
     $ge                             2
     $logic_and                    127
     $logic_not                     45
     $logic_or                      41
     $lt                             2
     $mux                          309
     $ne                             9
     $neg                            4
     $not                           17
     $or                             4
     $paramod$01725da92754737a8a2ce09aa1322a94754cc9bb\PSC_Register      1
     $pmux                          15
     $reduce_and                    46
     $reduce_bool                   12
     $shift                          6
     $shiftx                         3
     $sub                            1
     PSC_PC                          1

=== PSC_PC ===

   Number of wires:                 42
   Number of wire bits:           1180
   Number of public wires:          25
   Number of public wire bits:     822
   Number of ports:                 16
   Number of port bits:            658
   Number of memories:               0
   Number of memory bits:            0
   Number of processes:              0
   Number of cells:                 24
     $add                            2
     $adffe                          2
     $logic_and                      2
     $logic_not                      1
     $mux                           10
     $ne                             1
     $or                             4
     $reduce_bool                    1
     $shr                            1

=== PSC_RV32_FetchUnit ===

   Number of wires:                104
   Number of wire bits:            692
   Number of public wires:          58
   Number of public wire bits:     518
   Number of ports:                 34
   Number of port bits:            314
   Number of memories:               0
   Number of memory bits:            0
   Number of processes:              0
   Number of cells:                 60
     $add                            2
     $adff                           1
     $adffe                          4
     $eq                             5
     $gt                             1
     $le                             1
     $logic_and                      7
     $logic_not                      4
     $logic_or                       2
     $lt                             1
     $mux                           15
     $ne                             4
     $not                            3
     $paramod$28704d8bf4447e08602ecae7770c77318b280126\Fetch_Fifo      1
     $paramod\Fetch\BURST_MODE=1'1      1
     $pmux                           2
     $reduce_and                     3
     $reduce_bool                    1
     $reduce_or                      1
     MMU                             1

=== PSC_RV32_InstructionEngine ===

   Number of wires:                104
   Number of wire bits:           2334
   Number of public wires:          94
   Number of public wire bits:    2293
   Number of ports:                 49
   Number of port bits:           1076
   Number of memories:               0
   Number of memory bits:            0
   Number of processes:              0
   Number of cells:                 28
     $adffe                          1
     $eq                             3
     $logic_and                      7
     $logic_not                      1
     $logic_or                       6
     $mux                            3
     $or                             1
     $paramod\Branch\UART_MMIO_ADDR=32'11110000000001000000000011110000      1
     $paramod\Execute\ENABLE_MUL=1'0\ENABLE_DIV=1'0      1
     $paramod\Execute\ENABLE_MUL=1'1\ENABLE_DIV=1'1      1
     Decorder                        1
     MMU                             1
     PSC_InstructionUnit             1

=== PSC_RV32_core ===

   Number of wires:                131
   Number of wire bits:           2186
   Number of public wires:          96
   Number of public wire bits:    1863
   Number of ports:                 41
   Number of port bits:            733
   Number of memories:               0
   Number of memory bits:            0
   Number of processes:              0
   Number of cells:                 53
     $adff                           1
     $adffe                          2
     $eq                             5
     $logic_and                      6
     $logic_not                      6
     $logic_or                       4
     $mux                           17
     $ne                             3
     $or                             2
     $pmux                           2
     $reduce_and                     1
     $reduce_or                      1
     Csr                             1
     PSC_RV32_FetchUnit              1
     PSC_RV32_InstructionEngine      1

=== design hierarchy ===

   PSC_RV32_core                     1
     Csr                             1
     PSC_RV32_FetchUnit              1
       $paramod$28704d8bf4447e08602ecae7770c77318b280126\Fetch_Fifo      1
       $paramod\Fetch\BURST_MODE=1'1      1
       MMU                           1
     PSC_RV32_InstructionEngine      1
       $paramod\Branch\UART_MMIO_ADDR=32'11110000000001000000000011110000      1
       $paramod\Execute\ENABLE_MUL=1'0\ENABLE_DIV=1'0      1
         Execute_Divider             1
         Execute_Mul                 1
       $paramod\Execute\ENABLE_MUL=1'1\ENABLE_DIV=1'1      1
         Execute_Divider             1
         Execute_Mul                 1
       Decorder                      1
       MMU                           1
       PSC_InstructionUnit           1
         $paramod$01725da92754737a8a2ce09aa1322a94754cc9bb\PSC_Register      1
         PSC_PC                      1

   Number of wires:               3150
   Number of wire bits:          53954
   Number of public wires:        1111
   Number of public wire bits:   19530
   Number of ports:                447
   Number of port bits:           8246
   Number of memories:               2
   Number of memory bits:         1024
   Number of processes:              0
   Number of cells:               2575
     $add                           29
     $adff                          45
     $adffe                        216
     $and                            8
     $dff                            4
     $dffe                          32
     $eq                           460
     $ge                             5
     $gt                             1
     $le                             1
     $logic_and                    269
     $logic_not                    105
     $logic_or                     119
     $lt                             9
     $memrd                          2
     $memwr_v2                       2
     $mul                            2
     $mux                          794
     $ne                           102
     $neg                            4
     $not                           35
     $or                            23
     $pmux                          68
     $reduce_and                   115
     $reduce_bool                   85
     $reduce_or                     11
     $shift                          6
     $shiftx                         4
     $shl                            2
     $shr                            3
     $sshr                           2
     $sub                            8
     $xor                            4

Warnings: 6 unique messages, 11 total
End of script. Logfile hash: 09fa61617a, CPU: user 3.13s system 0.15s, MEM: 270.21 MB peak
Yosys 0.52 (git sha1 fee39a3284c90249e1d9684cf6944ffbbcbb8f90)
Time spent: 27% 1x proc_mux (0 sec), 11% 6x opt_expr (0 sec), ...
