
 /----------------------------------------------------------------------------\
 |  yosys -- Yosys Open SYnthesis Suite                                       |
 |  Copyright (C) 2012 - 2025  Claire Xenia Wolf <claire@yosyshq.com>         |
 |  Distributed under an ISC-like license, type "license" to see terms        |
 \----------------------------------------------------------------------------/
 Yosys 0.52 (git sha1 fee39a3284c90249e1d9684cf6944ffbbcbb8f90)

-- Running command `	read_verilog -sv ../rtl/ai/src/PSC_NPU_Controller.v ../rtl/ai/src/PSC_NPU_ReadController.v ../rtl/ai/src/PSC_NPU_SystolicArray4x4.v ../rtl/ai/src/PSC_NPU_PE_INT.v ../rtl/ai/src/PSC_NPU_PE_Mult.v; 	hierarchy -top PSC_NPU_Controller; 	proc; opt; 	stat' --

1. Executing Verilog-2005 frontend: ../rtl/ai/src/PSC_NPU_Controller.v
Parsing SystemVerilog input from `../rtl/ai/src/PSC_NPU_Controller.v' to AST representation.
Generating RTLIL representation for module `\PSC_NPU_Controller'.
Successfully finished Verilog frontend.

2. Executing Verilog-2005 frontend: ../rtl/ai/src/PSC_NPU_ReadController.v
Parsing SystemVerilog input from `../rtl/ai/src/PSC_NPU_ReadController.v' to AST representation.
Generating RTLIL representation for module `\PSC_NPU_ReadController'.
Successfully finished Verilog frontend.

3. Executing Verilog-2005 frontend: ../rtl/ai/src/PSC_NPU_SystolicArray4x4.v
Parsing SystemVerilog input from `../rtl/ai/src/PSC_NPU_SystolicArray4x4.v' to AST representation.
Generating RTLIL representation for module `\PSC_NPU_SystolicArray4x4'.
Successfully finished Verilog frontend.

4. Executing Verilog-2005 frontend: ../rtl/ai/src/PSC_NPU_PE_INT.v
Parsing SystemVerilog input from `../rtl/ai/src/PSC_NPU_PE_INT.v' to AST representation.
Generating RTLIL representation for module `\PSC_NPU_PE_INT'.
Successfully finished Verilog frontend.

5. Executing Verilog-2005 frontend: ../rtl/ai/src/PSC_NPU_PE_Mult.v
Parsing SystemVerilog input from `../rtl/ai/src/PSC_NPU_PE_Mult.v' to AST representation.
Generating RTLIL representation for module `\PSC_NPU_PE_Mult'.
Warning: Replacing memory \data_B_latch with list of registers. See ../rtl/ai/src/PSC_NPU_PE_Mult.v:196
Warning: Replacing memory \data_A_latch with list of registers. See ../rtl/ai/src/PSC_NPU_PE_Mult.v:195
Successfully finished Verilog frontend.

6. Executing HIERARCHY pass (managing design hierarchy).

6.1. Analyzing design hierarchy..
Top module:  \PSC_NPU_Controller
Used module:     \PSC_NPU_ReadController
Used module:     \PSC_NPU_SystolicArray4x4
Used module:         \PSC_NPU_PE_Mult
Used module:         \PSC_NPU_PE_INT
Parameter \PE_N = 4
Parameter \RADDR_MASK = 16777215

6.2. Executing AST frontend in derive mode using pre-parsed AST for module `\PSC_NPU_ReadController'.
Parameter \PE_N = 4
Parameter \RADDR_MASK = 16777215
Generating RTLIL representation for module `$paramod$307663d54ccd312905f02689dff12188c7776671\PSC_NPU_ReadController'.
Parameter \DW = 8
Parameter \PW = 32
Parameter \SW = 32
Parameter \MUL_NUM = 4

6.3. Executing AST frontend in derive mode using pre-parsed AST for module `\PSC_NPU_SystolicArray4x4'.
Parameter \DW = 8
Parameter \PW = 32
Parameter \SW = 32
Parameter \MUL_NUM = 4
Generating RTLIL representation for module `$paramod$de230bda5a80cbecdf77d89ad4a10a91c6974674\PSC_NPU_SystolicArray4x4'.
Parameter \DW = 8
Parameter \PW = 32
Parameter \SW = 32
Parameter \N = 16
Parameter \MUL_NUM = 2

6.4. Executing AST frontend in derive mode using pre-parsed AST for module `\PSC_NPU_PE_Mult'.
Parameter \DW = 8
Parameter \PW = 32
Parameter \SW = 32
Parameter \N = 16
Parameter \MUL_NUM = 2
Generating RTLIL representation for module `$paramod$6e96d3371685f1de13ea5b5ece0c7c6ec954200e\PSC_NPU_PE_Mult'.
Warning: Replacing memory \data_B_latch with list of registers. See ../rtl/ai/src/PSC_NPU_PE_Mult.v:196
Warning: Replacing memory \data_A_latch with list of registers. See ../rtl/ai/src/PSC_NPU_PE_Mult.v:195
Parameter \DW = 8
Parameter \PW = 32
Parameter \SW = 32
Parameter \THREADS = 16

6.5. Executing AST frontend in derive mode using pre-parsed AST for module `\PSC_NPU_PE_INT'.
Parameter \DW = 8
Parameter \PW = 32
Parameter \SW = 32
Parameter \THREADS = 16
Generating RTLIL representation for module `$paramod$cf50c80de863ac3afecc719a64e6ee2860f6b52d\PSC_NPU_PE_INT'.

6.6. Analyzing design hierarchy..
Top module:  \PSC_NPU_Controller
Used module:     $paramod$307663d54ccd312905f02689dff12188c7776671\PSC_NPU_ReadController
Used module:     $paramod$de230bda5a80cbecdf77d89ad4a10a91c6974674\PSC_NPU_SystolicArray4x4
Used module:         \PSC_NPU_PE_Mult
Used module:         \PSC_NPU_PE_INT
Parameter \DW = 8
Parameter \PW = 32
Parameter \SW = 32
Parameter \N = 16
Parameter \MUL_NUM = 4

6.7. Executing AST frontend in derive mode using pre-parsed AST for module `\PSC_NPU_PE_Mult'.
Parameter \DW = 8
Parameter \PW = 32
Parameter \SW = 32
Parameter \N = 16
Parameter \MUL_NUM = 4
Generating RTLIL representation for module `$paramod$de7457a8d8cd5c2fae12683d12ea9a3d68328a1b\PSC_NPU_PE_Mult'.
Warning: Replacing memory \data_B_latch with list of registers. See ../rtl/ai/src/PSC_NPU_PE_Mult.v:196
Warning: Replacing memory \data_A_latch with list of registers. See ../rtl/ai/src/PSC_NPU_PE_Mult.v:195
Parameter \DW = 8
Parameter \PW = 32
Parameter \SW = 32
Parameter \THREADS = 16
Found cached RTLIL representation for module `$paramod$cf50c80de863ac3afecc719a64e6ee2860f6b52d\PSC_NPU_PE_INT'.

6.8. Analyzing design hierarchy..
Top module:  \PSC_NPU_Controller
Used module:     $paramod$307663d54ccd312905f02689dff12188c7776671\PSC_NPU_ReadController
Used module:     $paramod$de230bda5a80cbecdf77d89ad4a10a91c6974674\PSC_NPU_SystolicArray4x4
Used module:         $paramod$de7457a8d8cd5c2fae12683d12ea9a3d68328a1b\PSC_NPU_PE_Mult
Used module:         $paramod$cf50c80de863ac3afecc719a64e6ee2860f6b52d\PSC_NPU_PE_INT

6.9. Analyzing design hierarchy..
Top module:  \PSC_NPU_Controller
Used module:     $paramod$307663d54ccd312905f02689dff12188c7776671\PSC_NPU_ReadController
Used module:     $paramod$de230bda5a80cbecdf77d89ad4a10a91c6974674\PSC_NPU_SystolicArray4x4
Used module:         $paramod$de7457a8d8cd5c2fae12683d12ea9a3d68328a1b\PSC_NPU_PE_Mult
Used module:         $paramod$cf50c80de863ac3afecc719a64e6ee2860f6b52d\PSC_NPU_PE_INT
Removing unused module `$paramod$6e96d3371685f1de13ea5b5ece0c7c6ec954200e\PSC_NPU_PE_Mult'.
Removing unused module `\PSC_NPU_PE_Mult'.
Removing unused module `\PSC_NPU_PE_INT'.
Removing unused module `\PSC_NPU_SystolicArray4x4'.
Removing unused module `\PSC_NPU_ReadController'.
Removed 5 unused modules.

7. Executing PROC pass (convert processes to netlists).

7.1. Executing PROC_CLEAN pass (remove empty switches from decision trees).
Cleaned up 0 empty switches.

7.2. Executing PROC_RMDEAD pass (remove dead branches from decision trees).
Marked 3 switch rules as full_case in process $proc$../rtl/ai/src/PSC_NPU_PE_INT.v:88$521 in module $paramod$cf50c80de863ac3afecc719a64e6ee2860f6b52d\PSC_NPU_PE_INT.
Marked 2 switch rules as full_case in process $proc$../rtl/ai/src/PSC_NPU_PE_INT.v:75$519 in module $paramod$cf50c80de863ac3afecc719a64e6ee2860f6b52d\PSC_NPU_PE_INT.
Marked 2 switch rules as full_case in process $proc$../rtl/ai/src/PSC_NPU_PE_INT.v:62$517 in module $paramod$cf50c80de863ac3afecc719a64e6ee2860f6b52d\PSC_NPU_PE_INT.
Marked 8 switch rules as full_case in process $proc$../rtl/ai/src/PSC_NPU_PE_Mult.v:182$658 in module $paramod$de7457a8d8cd5c2fae12683d12ea9a3d68328a1b\PSC_NPU_PE_Mult.
Removed 8 dead cases from process $proc$../rtl/ai/src/PSC_NPU_PE_Mult.v:122$591 in module $paramod$de7457a8d8cd5c2fae12683d12ea9a3d68328a1b\PSC_NPU_PE_Mult.
Marked 12 switch rules as full_case in process $proc$../rtl/ai/src/PSC_NPU_PE_Mult.v:122$591 in module $paramod$de7457a8d8cd5c2fae12683d12ea9a3d68328a1b\PSC_NPU_PE_Mult.
Marked 9 switch rules as full_case in process $proc$../rtl/ai/src/PSC_NPU_ReadController.v:238$329 in module $paramod$307663d54ccd312905f02689dff12188c7776671\PSC_NPU_ReadController.
Marked 13 switch rules as full_case in process $proc$../rtl/ai/src/PSC_NPU_Controller.v:339$9 in module PSC_NPU_Controller.
Removed a total of 8 dead cases.

7.3. Executing PROC_PRUNE pass (remove redundant assignments in processes).
Removed 11 redundant assignments.
Promoted 66 assignments to connections.

7.4. Executing PROC_INIT pass (extract init attributes).

7.5. Executing PROC_ARST pass (detect async resets in processes).
Found async reset \reset_n in `$paramod$cf50c80de863ac3afecc719a64e6ee2860f6b52d\PSC_NPU_PE_INT.$proc$../rtl/ai/src/PSC_NPU_PE_INT.v:88$521'.
Found async reset \reset_n in `$paramod$cf50c80de863ac3afecc719a64e6ee2860f6b52d\PSC_NPU_PE_INT.$proc$../rtl/ai/src/PSC_NPU_PE_INT.v:75$519'.
Found async reset \reset_n in `$paramod$cf50c80de863ac3afecc719a64e6ee2860f6b52d\PSC_NPU_PE_INT.$proc$../rtl/ai/src/PSC_NPU_PE_INT.v:62$517'.
Found async reset \reset_n in `$paramod$de7457a8d8cd5c2fae12683d12ea9a3d68328a1b\PSC_NPU_PE_Mult.$proc$../rtl/ai/src/PSC_NPU_PE_Mult.v:182$658'.
Found async reset \reset_n in `$paramod$307663d54ccd312905f02689dff12188c7776671\PSC_NPU_ReadController.$proc$../rtl/ai/src/PSC_NPU_ReadController.v:238$329'.
Found async reset \reset_n in `\PSC_NPU_Controller.$proc$../rtl/ai/src/PSC_NPU_Controller.v:339$9'.

7.6. Executing PROC_ROM pass (convert switches to ROMs).
Converted 0 switches.
<suppressed ~88 debug messages>

7.7. Executing PROC_MUX pass (convert decision trees to multiplexers).
Creating decoders for process `$paramod$cf50c80de863ac3afecc719a64e6ee2860f6b52d\PSC_NPU_PE_INT.$proc$../rtl/ai/src/PSC_NPU_PE_INT.v:88$521'.
     1/39: $0\ps_acc[511:0] [511:480]
     2/39: $0\ps_acc[511:0] [479:448]
     3/39: $0\ps_acc[511:0] [447:416]
     4/39: $0\ps_acc[511:0] [415:384]
     5/39: $0\ps_acc[511:0] [383:352]
     6/39: $0\ps_acc[511:0] [351:320]
     7/39: $0\ps_acc[511:0] [319:288]
     8/39: $0\ps_acc[511:0] [287:256]
     9/39: $0\ps_acc[511:0] [255:224]
    10/39: $0\ps_acc[511:0] [223:192]
    11/39: $0\ps_acc[511:0] [191:160]
    12/39: $0\ps_acc[511:0] [159:128]
    13/39: $0\ps_acc[511:0] [127:96]
    14/39: $0\ps_acc[511:0] [95:64]
    15/39: $0\ps_acc[511:0] [63:32]
    16/39: $0\ps_acc[511:0] [31:0]
    17/39: $0\product[511:0] [479:448]
    18/39: $0\product[511:0] [447:416]
    19/39: $0\product[511:0] [415:384]
    20/39: $0\product[511:0] [383:352]
    21/39: $0\product[511:0] [351:320]
    22/39: $0\product[511:0] [319:288]
    23/39: $0\product[511:0] [287:256]
    24/39: $0\product[511:0] [255:224]
    25/39: $0\product[511:0] [223:192]
    26/39: $0\product[511:0] [191:160]
    27/39: $0\product[511:0] [159:128]
    28/39: $0\product[511:0] [127:96]
    29/39: $0\product[511:0] [95:64]
    30/39: $0\product[511:0] [63:32]
    31/39: $0\product[511:0] [31:0]
    32/39: $1\i[31:0]
    33/39: $0\done[0:0]
    34/39: $2\i[31:0]
    35/39: $0\mul_done[15:0]
    36/39: $0\product[511:0] [511:480]
    37/39: $0\data_out_valid[15:0]
    38/39: $0\state[2:0]
    39/39: $0\busy[0:0]
Creating decoders for process `$paramod$cf50c80de863ac3afecc719a64e6ee2860f6b52d\PSC_NPU_PE_INT.$proc$../rtl/ai/src/PSC_NPU_PE_INT.v:75$519'.
     1/1: $0\data_B[127:0]
Creating decoders for process `$paramod$cf50c80de863ac3afecc719a64e6ee2860f6b52d\PSC_NPU_PE_INT.$proc$../rtl/ai/src/PSC_NPU_PE_INT.v:62$517'.
     1/1: $0\data_A[127:0]
Creating decoders for process `$paramod$de7457a8d8cd5c2fae12683d12ea9a3d68328a1b\PSC_NPU_PE_Mult.$proc$../rtl/ai/src/PSC_NPU_PE_Mult.v:182$658'.
     1/78: $6$lookahead\data_out_ready$657[15:0]$770
     2/78: $3$bitselwrite$pos$../rtl/ai/src/PSC_NPU_PE_Mult.v:264$581[31:0]$768
     3/78: $6$lookahead\result_C$656[511:0]$769
     4/78: $3$bitselwrite$pos$../rtl/ai/src/PSC_NPU_PE_Mult.v:258$580[31:0]$767
     5/78: $5$lookahead\data_out_ready$657[15:0]$746
     6/78: $3$bitselwrite$pos$../rtl/ai/src/PSC_NPU_PE_Mult.v:264$579[31:0]$744
     7/78: $5$lookahead\result_C$656[511:0]$745
     8/78: $3$bitselwrite$pos$../rtl/ai/src/PSC_NPU_PE_Mult.v:258$578[31:0]$743
     9/78: $4$lookahead\data_out_ready$657[15:0]$722
    10/78: $3$bitselwrite$pos$../rtl/ai/src/PSC_NPU_PE_Mult.v:264$577[31:0]$720
    11/78: $4$lookahead\result_C$656[511:0]$721
    12/78: $3$bitselwrite$pos$../rtl/ai/src/PSC_NPU_PE_Mult.v:258$576[31:0]$719
    13/78: $3$lookahead\data_out_ready$657[15:0]$698
    14/78: $3$bitselwrite$pos$../rtl/ai/src/PSC_NPU_PE_Mult.v:264$575[31:0]$696
    15/78: $3$lookahead\result_C$656[511:0]$697
    16/78: $3$bitselwrite$pos$../rtl/ai/src/PSC_NPU_PE_Mult.v:258$574[31:0]$695
    17/78: $3\seq_i[31:0]
    18/78: $2\seq_i[31:0]
    19/78: $2$lookahead\data_out_ready$657[15:0]$689
    20/78: $2$lookahead\result_C$656[511:0]$688
    21/78: $2$bitselwrite$pos$../rtl/ai/src/PSC_NPU_PE_Mult.v:264$581[31:0]$687
    22/78: $2$bitselwrite$pos$../rtl/ai/src/PSC_NPU_PE_Mult.v:258$580[31:0]$686
    23/78: $2$bitselwrite$pos$../rtl/ai/src/PSC_NPU_PE_Mult.v:264$579[31:0]$685
    24/78: $2$bitselwrite$pos$../rtl/ai/src/PSC_NPU_PE_Mult.v:258$578[31:0]$684
    25/78: $2$bitselwrite$pos$../rtl/ai/src/PSC_NPU_PE_Mult.v:264$577[31:0]$683
    26/78: $2$bitselwrite$pos$../rtl/ai/src/PSC_NPU_PE_Mult.v:258$576[31:0]$682
    27/78: $2$bitselwrite$pos$../rtl/ai/src/PSC_NPU_PE_Mult.v:264$575[31:0]$681
    28/78: $2$bitselwrite$pos$../rtl/ai/src/PSC_NPU_PE_Mult.v:258$574[31:0]$680
    29/78: $2\seq_lane[31:0]
    30/78: $2\seq_m[31:0]
    31/78: $1$lookahead\data_out_ready$657[15:0]$679
    32/78: $1$lookahead\result_C$656[511:0]$678
    33/78: $1$bitselwrite$pos$../rtl/ai/src/PSC_NPU_PE_Mult.v:264$581[31:0]$677
    34/78: $1$bitselwrite$pos$../rtl/ai/src/PSC_NPU_PE_Mult.v:258$580[31:0]$676
    35/78: $1$bitselwrite$pos$../rtl/ai/src/PSC_NPU_PE_Mult.v:264$579[31:0]$675
    36/78: $1$bitselwrite$pos$../rtl/ai/src/PSC_NPU_PE_Mult.v:258$578[31:0]$674
    37/78: $1$bitselwrite$pos$../rtl/ai/src/PSC_NPU_PE_Mult.v:264$577[31:0]$673
    38/78: $1$bitselwrite$pos$../rtl/ai/src/PSC_NPU_PE_Mult.v:258$576[31:0]$672
    39/78: $1$bitselwrite$pos$../rtl/ai/src/PSC_NPU_PE_Mult.v:264$575[31:0]$671
    40/78: $1$bitselwrite$pos$../rtl/ai/src/PSC_NPU_PE_Mult.v:258$574[31:0]$670
    41/78: $1\seq_lane[31:0]
    42/78: $1\seq_m[31:0]
    43/78: $1\seq_i[31:0]
    44/78: $0\data_B_latch[15][7:0]
    45/78: $0\data_B_latch[14][7:0]
    46/78: $0\data_B_latch[13][7:0]
    47/78: $0\data_B_latch[12][7:0]
    48/78: $0\data_B_latch[11][7:0]
    49/78: $0\data_B_latch[10][7:0]
    50/78: $0\data_B_latch[9][7:0]
    51/78: $0\data_B_latch[8][7:0]
    52/78: $0\data_B_latch[7][7:0]
    53/78: $0\data_B_latch[6][7:0]
    54/78: $0\data_B_latch[5][7:0]
    55/78: $0\data_B_latch[4][7:0]
    56/78: $0\data_B_latch[3][7:0]
    57/78: $0\data_B_latch[2][7:0]
    58/78: $0\data_B_latch[1][7:0]
    59/78: $0\data_B_latch[0][7:0]
    60/78: $0\data_A_latch[15][7:0]
    61/78: $0\data_A_latch[14][7:0]
    62/78: $0\data_A_latch[13][7:0]
    63/78: $0\data_A_latch[12][7:0]
    64/78: $0\data_A_latch[11][7:0]
    65/78: $0\data_A_latch[10][7:0]
    66/78: $0\data_A_latch[9][7:0]
    67/78: $0\data_A_latch[8][7:0]
    68/78: $0\data_A_latch[7][7:0]
    69/78: $0\data_A_latch[6][7:0]
    70/78: $0\data_A_latch[5][7:0]
    71/78: $0\data_A_latch[4][7:0]
    72/78: $0\data_A_latch[3][7:0]
    73/78: $0\data_A_latch[2][7:0]
    74/78: $0\data_A_latch[1][7:0]
    75/78: $0\data_A_latch[0][7:0]
    76/78: $0\valid_latch[15:0]
    77/78: $0\group_index[1:0]
    78/78: $0\state[1:0]
Creating decoders for process `$paramod$de7457a8d8cd5c2fae12683d12ea9a3d68328a1b\PSC_NPU_PE_Mult.$proc$../rtl/ai/src/PSC_NPU_PE_Mult.v:122$591'.
     1/36: $2$mem2reg_rd$\data_B_latch$../rtl/ai/src/PSC_NPU_PE_Mult.v:146$589_DATA[7:0]$655
     2/36: $2$mem2reg_rd$\data_A_latch$../rtl/ai/src/PSC_NPU_PE_Mult.v:143$588_DATA[7:0]$654
     3/36: $4\mul_B_bus[31:24]
     4/36: $1$mem2reg_rd$\data_B_latch$../rtl/ai/src/PSC_NPU_PE_Mult.v:146$589_DATA[7:0]$653
     5/36: $1$mem2reg_rd$\data_B_latch$../rtl/ai/src/PSC_NPU_PE_Mult.v:146$589_ADDR[3:0]$652
     6/36: $4\mul_A_bus[31:24]
     7/36: $1$mem2reg_rd$\data_A_latch$../rtl/ai/src/PSC_NPU_PE_Mult.v:143$588_DATA[7:0]$651
     8/36: $1$mem2reg_rd$\data_A_latch$../rtl/ai/src/PSC_NPU_PE_Mult.v:143$588_ADDR[3:0]$650
     9/36: $4\mul_lane_valid[3:3]
    10/36: $2$mem2reg_rd$\data_B_latch$../rtl/ai/src/PSC_NPU_PE_Mult.v:146$587_DATA[7:0]$643
    11/36: $2$mem2reg_rd$\data_A_latch$../rtl/ai/src/PSC_NPU_PE_Mult.v:143$586_DATA[7:0]$642
    12/36: $3\mul_B_bus[23:16]
    13/36: $1$mem2reg_rd$\data_B_latch$../rtl/ai/src/PSC_NPU_PE_Mult.v:146$587_DATA[7:0]$641
    14/36: $1$mem2reg_rd$\data_B_latch$../rtl/ai/src/PSC_NPU_PE_Mult.v:146$587_ADDR[3:0]$640
    15/36: $3\mul_A_bus[23:16]
    16/36: $1$mem2reg_rd$\data_A_latch$../rtl/ai/src/PSC_NPU_PE_Mult.v:143$586_DATA[7:0]$639
    17/36: $1$mem2reg_rd$\data_A_latch$../rtl/ai/src/PSC_NPU_PE_Mult.v:143$586_ADDR[3:0]$638
    18/36: $3\mul_lane_valid[2:2]
    19/36: $2$mem2reg_rd$\data_B_latch$../rtl/ai/src/PSC_NPU_PE_Mult.v:146$585_DATA[7:0]$631
    20/36: $2$mem2reg_rd$\data_A_latch$../rtl/ai/src/PSC_NPU_PE_Mult.v:143$584_DATA[7:0]$630
    21/36: $2\mul_B_bus[15:8]
    22/36: $1$mem2reg_rd$\data_B_latch$../rtl/ai/src/PSC_NPU_PE_Mult.v:146$585_DATA[7:0]$629
    23/36: $1$mem2reg_rd$\data_B_latch$../rtl/ai/src/PSC_NPU_PE_Mult.v:146$585_ADDR[3:0]$628
    24/36: $2\mul_A_bus[15:8]
    25/36: $1$mem2reg_rd$\data_A_latch$../rtl/ai/src/PSC_NPU_PE_Mult.v:143$584_DATA[7:0]$627
    26/36: $1$mem2reg_rd$\data_A_latch$../rtl/ai/src/PSC_NPU_PE_Mult.v:143$584_ADDR[3:0]$626
    27/36: $2\mul_lane_valid[1:1]
    28/36: $2$mem2reg_rd$\data_B_latch$../rtl/ai/src/PSC_NPU_PE_Mult.v:146$583_DATA[7:0]$619
    29/36: $2$mem2reg_rd$\data_A_latch$../rtl/ai/src/PSC_NPU_PE_Mult.v:143$582_DATA[7:0]$618
    30/36: $1\mul_B_bus[7:0]
    31/36: $1$mem2reg_rd$\data_B_latch$../rtl/ai/src/PSC_NPU_PE_Mult.v:146$583_DATA[7:0]$617
    32/36: $1$mem2reg_rd$\data_B_latch$../rtl/ai/src/PSC_NPU_PE_Mult.v:146$583_ADDR[3:0]$616
    33/36: $1\mul_A_bus[7:0]
    34/36: $1$mem2reg_rd$\data_A_latch$../rtl/ai/src/PSC_NPU_PE_Mult.v:143$582_DATA[7:0]$615
    35/36: $1$mem2reg_rd$\data_A_latch$../rtl/ai/src/PSC_NPU_PE_Mult.v:143$582_ADDR[3:0]$614
    36/36: $1\mul_lane_valid[0:0]
Creating decoders for process `$paramod$de230bda5a80cbecdf77d89ad4a10a91c6974674\PSC_NPU_SystolicArray4x4.$proc$../rtl/ai/src/PSC_NPU_SystolicArray4x4.v:267$391'.
Creating decoders for process `$paramod$307663d54ccd312905f02689dff12188c7776671\PSC_NPU_ReadController.$proc$../rtl/ai/src/PSC_NPU_ReadController.v:238$329'.
     1/40: $0\b_data_out[127:0] [127:96]
     2/40: $0\b_data_out[127:0] [95:64]
     3/40: $0\b_data_out[127:0] [63:32]
     4/40: $0\b_data_out[127:0] [31:0]
     5/40: $0\a_data_out[127:0] [95:64]
     6/40: $0\a_data_out[127:0] [63:32]
     7/40: $0\a_data_out[127:0] [31:0]
     8/40: $4\tile_row_offset$func$../rtl/ai/src/PSC_NPU_ReadController.v:281$327.$result[31:0]$355
     9/40: $3\tile_row_offset$func$../rtl/ai/src/PSC_NPU_ReadController.v:287$328.$result[31:0]$352
    10/40: $3\tile_row_offset$func$../rtl/ai/src/PSC_NPU_ReadController.v:287$328.row_size[7:0]$354
    11/40: $3\tile_row_offset$func$../rtl/ai/src/PSC_NPU_ReadController.v:287$328.tile_idx[7:0]$353
    12/40: $3\tile_row_offset$func$../rtl/ai/src/PSC_NPU_ReadController.v:281$327.$result[31:0]$349
    13/40: $3\tile_row_offset$func$../rtl/ai/src/PSC_NPU_ReadController.v:281$327.row_size[7:0]$351
    14/40: $3\tile_row_offset$func$../rtl/ai/src/PSC_NPU_ReadController.v:281$327.tile_idx[7:0]$350
    15/40: $2\tile_row_offset$func$../rtl/ai/src/PSC_NPU_ReadController.v:287$328.row_size[7:0]$348
    16/40: $2\tile_row_offset$func$../rtl/ai/src/PSC_NPU_ReadController.v:287$328.tile_idx[7:0]$347
    17/40: $2\tile_row_offset$func$../rtl/ai/src/PSC_NPU_ReadController.v:287$328.$result[31:0]$346
    18/40: $2\tile_row_offset$func$../rtl/ai/src/PSC_NPU_ReadController.v:281$327.row_size[7:0]$345
    19/40: $2\tile_row_offset$func$../rtl/ai/src/PSC_NPU_ReadController.v:281$327.tile_idx[7:0]$344
    20/40: $2\tile_row_offset$func$../rtl/ai/src/PSC_NPU_ReadController.v:281$327.$result[31:0]$343
    21/40: $1\tile_row_offset$func$../rtl/ai/src/PSC_NPU_ReadController.v:287$328.row_size[7:0]$342
    22/40: $1\tile_row_offset$func$../rtl/ai/src/PSC_NPU_ReadController.v:287$328.tile_idx[7:0]$341
    23/40: $1\tile_row_offset$func$../rtl/ai/src/PSC_NPU_ReadController.v:287$328.$result[31:0]$340
    24/40: $1\tile_row_offset$func$../rtl/ai/src/PSC_NPU_ReadController.v:281$327.row_size[7:0]$339
    25/40: $1\tile_row_offset$func$../rtl/ai/src/PSC_NPU_ReadController.v:281$327.tile_idx[7:0]$338
    26/40: $1\tile_row_offset$func$../rtl/ai/src/PSC_NPU_ReadController.v:281$327.$result[31:0]$337
    27/40: $0\read_ready[0:0]
    28/40: $0\rd_read_valid[0:0]
    29/40: $0\b_addr_cur[31:0]
    30/40: $0\a_addr_cur[31:0]
    31/40: $0\matrix_size_y_r[7:0]
    32/40: $0\matrix_size_x_r[7:0]
    33/40: $0\k_idx_r[7:0]
    34/40: $0\j_idx_r[7:0]
    35/40: $0\i_idx_r[7:0]
    36/40: $0\read_idx[1:0]
    37/40: $0\a_data_out[127:0] [127:96]
    38/40: $4\tile_row_offset$func$../rtl/ai/src/PSC_NPU_ReadController.v:287$328.$result[31:0]$370
    39/40: $0\state[2:0]
    40/40: $0\rd_read_addr[31:0]
Creating decoders for process `\PSC_NPU_Controller.$proc$../rtl/ai/src/PSC_NPU_Controller.v:339$9'.
     1/67: $6\matrix_row_elements$func$../rtl/ai/src/PSC_NPU_Controller.v:127$4.$result[31:0]$84
     2/67: $5\matrix_tile_base_C$func$../rtl/ai/src/PSC_NPU_Controller.v:504$3.$result[31:0]$75
     3/67: $5\matrix_tile_base_C$func$../rtl/ai/src/PSC_NPU_Controller.v:504$3.element_idx[31:0]$78
     4/67: $5\matrix_row_elements$func$../rtl/ai/src/PSC_NPU_Controller.v:127$4.$result[31:0]$79
     5/67: $5\matrix_row_elements$func$../rtl/ai/src/PSC_NPU_Controller.v:127$4.size[7:0]$81
     6/67: $5\matrix_row_elements$func$../rtl/ai/src/PSC_NPU_Controller.v:127$4.row_idx[7:0]$80
     7/67: $5\matrix_tile_base_C$func$../rtl/ai/src/PSC_NPU_Controller.v:504$3.global_col_base[7:0]$77
     8/67: $5\matrix_tile_base_C$func$../rtl/ai/src/PSC_NPU_Controller.v:504$3.global_row_base[7:0]$76
     9/67: $4\matrix_row_elements$func$../rtl/ai/src/PSC_NPU_Controller.v:127$4.size[7:0]$72
    10/67: $4\matrix_row_elements$func$../rtl/ai/src/PSC_NPU_Controller.v:127$4.row_idx[7:0]$71
    11/67: $4\matrix_row_elements$func$../rtl/ai/src/PSC_NPU_Controller.v:127$4.$result[31:0]$70
    12/67: $4\matrix_tile_base_C$func$../rtl/ai/src/PSC_NPU_Controller.v:504$3.element_idx[31:0]$69
    13/67: $4\matrix_tile_base_C$func$../rtl/ai/src/PSC_NPU_Controller.v:504$3.global_col_base[7:0]$68
    14/67: $4\matrix_tile_base_C$func$../rtl/ai/src/PSC_NPU_Controller.v:504$3.global_row_base[7:0]$67
    15/67: $4\matrix_tile_base_C$func$../rtl/ai/src/PSC_NPU_Controller.v:504$3.$result[31:0]$66
    16/67: $3\matrix_row_elements$func$../rtl/ai/src/PSC_NPU_Controller.v:127$4.size[7:0]$64
    17/67: $3\matrix_row_elements$func$../rtl/ai/src/PSC_NPU_Controller.v:127$4.row_idx[7:0]$63
    18/67: $3\matrix_row_elements$func$../rtl/ai/src/PSC_NPU_Controller.v:127$4.$result[31:0]$62
    19/67: $3\matrix_tile_base_C$func$../rtl/ai/src/PSC_NPU_Controller.v:504$3.element_idx[31:0]$61
    20/67: $3\matrix_tile_base_C$func$../rtl/ai/src/PSC_NPU_Controller.v:504$3.global_col_base[7:0]$60
    21/67: $3\matrix_tile_base_C$func$../rtl/ai/src/PSC_NPU_Controller.v:504$3.global_row_base[7:0]$59
    22/67: $3\matrix_tile_base_C$func$../rtl/ai/src/PSC_NPU_Controller.v:504$3.$result[31:0]$58
    23/67: $3\func_b_os_data$func$../rtl/ai/src/PSC_NPU_Controller.v:428$2.$result[31:0]$55
    24/67: $3\func_a_os_data$func$../rtl/ai/src/PSC_NPU_Controller.v:427$1.$result[31:0]$54
    25/67: $2\matrix_row_elements$func$../rtl/ai/src/PSC_NPU_Controller.v:127$4.size[7:0]$53
    26/67: $2\matrix_row_elements$func$../rtl/ai/src/PSC_NPU_Controller.v:127$4.row_idx[7:0]$52
    27/67: $2\matrix_row_elements$func$../rtl/ai/src/PSC_NPU_Controller.v:127$4.$result[31:0]$51
    28/67: $2\matrix_tile_base_C$func$../rtl/ai/src/PSC_NPU_Controller.v:504$3.element_idx[31:0]$50
    29/67: $2\matrix_tile_base_C$func$../rtl/ai/src/PSC_NPU_Controller.v:504$3.global_col_base[7:0]$49
    30/67: $2\matrix_tile_base_C$func$../rtl/ai/src/PSC_NPU_Controller.v:504$3.global_row_base[7:0]$48
    31/67: $2\matrix_tile_base_C$func$../rtl/ai/src/PSC_NPU_Controller.v:504$3.$result[31:0]$47
    32/67: $2\func_b_os_data$func$../rtl/ai/src/PSC_NPU_Controller.v:428$2.idx[3:0]$46
    33/67: $2\func_b_os_data$func$../rtl/ai/src/PSC_NPU_Controller.v:428$2.b_data[127:0]$45
    34/67: $2\func_b_os_data$func$../rtl/ai/src/PSC_NPU_Controller.v:428$2.$result[31:0]$44
    35/67: $2\func_a_os_data$func$../rtl/ai/src/PSC_NPU_Controller.v:427$1.idx[3:0]$43
    36/67: $2\func_a_os_data$func$../rtl/ai/src/PSC_NPU_Controller.v:427$1.a_data[127:0]$42
    37/67: $2\func_a_os_data$func$../rtl/ai/src/PSC_NPU_Controller.v:427$1.$result[31:0]$41
    38/67: $1\matrix_row_elements$func$../rtl/ai/src/PSC_NPU_Controller.v:127$4.size[7:0]$36
    39/67: $1\matrix_row_elements$func$../rtl/ai/src/PSC_NPU_Controller.v:127$4.row_idx[7:0]$35
    40/67: $1\matrix_row_elements$func$../rtl/ai/src/PSC_NPU_Controller.v:127$4.$result[31:0]$34
    41/67: $1\matrix_tile_base_C$func$../rtl/ai/src/PSC_NPU_Controller.v:504$3.element_idx[31:0]$33
    42/67: $1\matrix_tile_base_C$func$../rtl/ai/src/PSC_NPU_Controller.v:504$3.global_col_base[7:0]$32
    43/67: $1\matrix_tile_base_C$func$../rtl/ai/src/PSC_NPU_Controller.v:504$3.global_row_base[7:0]$31
    44/67: $1\matrix_tile_base_C$func$../rtl/ai/src/PSC_NPU_Controller.v:504$3.$result[31:0]$30
    45/67: $1\func_b_os_data$func$../rtl/ai/src/PSC_NPU_Controller.v:428$2.idx[3:0]$29
    46/67: $1\func_b_os_data$func$../rtl/ai/src/PSC_NPU_Controller.v:428$2.b_data[127:0]$28
    47/67: $1\func_b_os_data$func$../rtl/ai/src/PSC_NPU_Controller.v:428$2.$result[31:0]$27
    48/67: $1\func_a_os_data$func$../rtl/ai/src/PSC_NPU_Controller.v:427$1.idx[3:0]$26
    49/67: $1\func_a_os_data$func$../rtl/ai/src/PSC_NPU_Controller.v:427$1.a_data[127:0]$25
    50/67: $1\func_a_os_data$func$../rtl/ai/src/PSC_NPU_Controller.v:427$1.$result[31:0]$24
    51/67: $0\done[0:0]
    52/67: $0\busy[0:0]
    53/67: $0\c_write_valid[0:0]
    54/67: $0\start_pulse[0:0]
    55/67: $0\en_shift_right[0:0]
    56/67: $0\en_b_shift_bottom[0:0]
    57/67: $0\data_clear[0:0]
    58/67: $0\read_start[0:0]
    59/67: $0\state[5:0]
    60/67: $0\cur_b_data[31:0]
    61/67: $0\cur_a_data[31:0]
    62/67: $0\row_s[5:0]
    63/67: $0\k_idx[7:0]
    64/67: $0\j_idx[7:0]
    65/67: $0\i_idx[7:0]
    66/67: $0\c_write_wdata[31:0]
    67/67: $0\c_write_addr[31:0]

7.8. Executing PROC_DLATCH pass (convert process syncs to latches).
No latch inferred for signal `$paramod$de7457a8d8cd5c2fae12683d12ea9a3d68328a1b\PSC_NPU_PE_Mult.\mul_A_bus' from process `$paramod$de7457a8d8cd5c2fae12683d12ea9a3d68328a1b\PSC_NPU_PE_Mult.$proc$../rtl/ai/src/PSC_NPU_PE_Mult.v:122$591'.
No latch inferred for signal `$paramod$de7457a8d8cd5c2fae12683d12ea9a3d68328a1b\PSC_NPU_PE_Mult.\mul_B_bus' from process `$paramod$de7457a8d8cd5c2fae12683d12ea9a3d68328a1b\PSC_NPU_PE_Mult.$proc$../rtl/ai/src/PSC_NPU_PE_Mult.v:122$591'.
No latch inferred for signal `$paramod$de7457a8d8cd5c2fae12683d12ea9a3d68328a1b\PSC_NPU_PE_Mult.\mul_lane_valid' from process `$paramod$de7457a8d8cd5c2fae12683d12ea9a3d68328a1b\PSC_NPU_PE_Mult.$proc$../rtl/ai/src/PSC_NPU_PE_Mult.v:122$591'.
No latch inferred for signal `$paramod$de7457a8d8cd5c2fae12683d12ea9a3d68328a1b\PSC_NPU_PE_Mult.\comb_m' from process `$paramod$de7457a8d8cd5c2fae12683d12ea9a3d68328a1b\PSC_NPU_PE_Mult.$proc$../rtl/ai/src/PSC_NPU_PE_Mult.v:122$591'.
No latch inferred for signal `$paramod$de7457a8d8cd5c2fae12683d12ea9a3d68328a1b\PSC_NPU_PE_Mult.\comb_lane' from process `$paramod$de7457a8d8cd5c2fae12683d12ea9a3d68328a1b\PSC_NPU_PE_Mult.$proc$../rtl/ai/src/PSC_NPU_PE_Mult.v:122$591'.
No latch inferred for signal `$paramod$de7457a8d8cd5c2fae12683d12ea9a3d68328a1b\PSC_NPU_PE_Mult.$mem2reg_rd$\data_A_latch$../rtl/ai/src/PSC_NPU_PE_Mult.v:143$582_ADDR' from process `$paramod$de7457a8d8cd5c2fae12683d12ea9a3d68328a1b\PSC_NPU_PE_Mult.$proc$../rtl/ai/src/PSC_NPU_PE_Mult.v:122$591'.
No latch inferred for signal `$paramod$de7457a8d8cd5c2fae12683d12ea9a3d68328a1b\PSC_NPU_PE_Mult.$mem2reg_rd$\data_A_latch$../rtl/ai/src/PSC_NPU_PE_Mult.v:143$582_DATA' from process `$paramod$de7457a8d8cd5c2fae12683d12ea9a3d68328a1b\PSC_NPU_PE_Mult.$proc$../rtl/ai/src/PSC_NPU_PE_Mult.v:122$591'.
No latch inferred for signal `$paramod$de7457a8d8cd5c2fae12683d12ea9a3d68328a1b\PSC_NPU_PE_Mult.$mem2reg_rd$\data_B_latch$../rtl/ai/src/PSC_NPU_PE_Mult.v:146$583_ADDR' from process `$paramod$de7457a8d8cd5c2fae12683d12ea9a3d68328a1b\PSC_NPU_PE_Mult.$proc$../rtl/ai/src/PSC_NPU_PE_Mult.v:122$591'.
No latch inferred for signal `$paramod$de7457a8d8cd5c2fae12683d12ea9a3d68328a1b\PSC_NPU_PE_Mult.$mem2reg_rd$\data_B_latch$../rtl/ai/src/PSC_NPU_PE_Mult.v:146$583_DATA' from process `$paramod$de7457a8d8cd5c2fae12683d12ea9a3d68328a1b\PSC_NPU_PE_Mult.$proc$../rtl/ai/src/PSC_NPU_PE_Mult.v:122$591'.
No latch inferred for signal `$paramod$de7457a8d8cd5c2fae12683d12ea9a3d68328a1b\PSC_NPU_PE_Mult.$mem2reg_rd$\data_A_latch$../rtl/ai/src/PSC_NPU_PE_Mult.v:143$584_ADDR' from process `$paramod$de7457a8d8cd5c2fae12683d12ea9a3d68328a1b\PSC_NPU_PE_Mult.$proc$../rtl/ai/src/PSC_NPU_PE_Mult.v:122$591'.
No latch inferred for signal `$paramod$de7457a8d8cd5c2fae12683d12ea9a3d68328a1b\PSC_NPU_PE_Mult.$mem2reg_rd$\data_A_latch$../rtl/ai/src/PSC_NPU_PE_Mult.v:143$584_DATA' from process `$paramod$de7457a8d8cd5c2fae12683d12ea9a3d68328a1b\PSC_NPU_PE_Mult.$proc$../rtl/ai/src/PSC_NPU_PE_Mult.v:122$591'.
No latch inferred for signal `$paramod$de7457a8d8cd5c2fae12683d12ea9a3d68328a1b\PSC_NPU_PE_Mult.$mem2reg_rd$\data_B_latch$../rtl/ai/src/PSC_NPU_PE_Mult.v:146$585_ADDR' from process `$paramod$de7457a8d8cd5c2fae12683d12ea9a3d68328a1b\PSC_NPU_PE_Mult.$proc$../rtl/ai/src/PSC_NPU_PE_Mult.v:122$591'.
No latch inferred for signal `$paramod$de7457a8d8cd5c2fae12683d12ea9a3d68328a1b\PSC_NPU_PE_Mult.$mem2reg_rd$\data_B_latch$../rtl/ai/src/PSC_NPU_PE_Mult.v:146$585_DATA' from process `$paramod$de7457a8d8cd5c2fae12683d12ea9a3d68328a1b\PSC_NPU_PE_Mult.$proc$../rtl/ai/src/PSC_NPU_PE_Mult.v:122$591'.
No latch inferred for signal `$paramod$de7457a8d8cd5c2fae12683d12ea9a3d68328a1b\PSC_NPU_PE_Mult.$mem2reg_rd$\data_A_latch$../rtl/ai/src/PSC_NPU_PE_Mult.v:143$586_ADDR' from process `$paramod$de7457a8d8cd5c2fae12683d12ea9a3d68328a1b\PSC_NPU_PE_Mult.$proc$../rtl/ai/src/PSC_NPU_PE_Mult.v:122$591'.
No latch inferred for signal `$paramod$de7457a8d8cd5c2fae12683d12ea9a3d68328a1b\PSC_NPU_PE_Mult.$mem2reg_rd$\data_A_latch$../rtl/ai/src/PSC_NPU_PE_Mult.v:143$586_DATA' from process `$paramod$de7457a8d8cd5c2fae12683d12ea9a3d68328a1b\PSC_NPU_PE_Mult.$proc$../rtl/ai/src/PSC_NPU_PE_Mult.v:122$591'.
No latch inferred for signal `$paramod$de7457a8d8cd5c2fae12683d12ea9a3d68328a1b\PSC_NPU_PE_Mult.$mem2reg_rd$\data_B_latch$../rtl/ai/src/PSC_NPU_PE_Mult.v:146$587_ADDR' from process `$paramod$de7457a8d8cd5c2fae12683d12ea9a3d68328a1b\PSC_NPU_PE_Mult.$proc$../rtl/ai/src/PSC_NPU_PE_Mult.v:122$591'.
No latch inferred for signal `$paramod$de7457a8d8cd5c2fae12683d12ea9a3d68328a1b\PSC_NPU_PE_Mult.$mem2reg_rd$\data_B_latch$../rtl/ai/src/PSC_NPU_PE_Mult.v:146$587_DATA' from process `$paramod$de7457a8d8cd5c2fae12683d12ea9a3d68328a1b\PSC_NPU_PE_Mult.$proc$../rtl/ai/src/PSC_NPU_PE_Mult.v:122$591'.
No latch inferred for signal `$paramod$de7457a8d8cd5c2fae12683d12ea9a3d68328a1b\PSC_NPU_PE_Mult.$mem2reg_rd$\data_A_latch$../rtl/ai/src/PSC_NPU_PE_Mult.v:143$588_ADDR' from process `$paramod$de7457a8d8cd5c2fae12683d12ea9a3d68328a1b\PSC_NPU_PE_Mult.$proc$../rtl/ai/src/PSC_NPU_PE_Mult.v:122$591'.
No latch inferred for signal `$paramod$de7457a8d8cd5c2fae12683d12ea9a3d68328a1b\PSC_NPU_PE_Mult.$mem2reg_rd$\data_A_latch$../rtl/ai/src/PSC_NPU_PE_Mult.v:143$588_DATA' from process `$paramod$de7457a8d8cd5c2fae12683d12ea9a3d68328a1b\PSC_NPU_PE_Mult.$proc$../rtl/ai/src/PSC_NPU_PE_Mult.v:122$591'.
No latch inferred for signal `$paramod$de7457a8d8cd5c2fae12683d12ea9a3d68328a1b\PSC_NPU_PE_Mult.$mem2reg_rd$\data_B_latch$../rtl/ai/src/PSC_NPU_PE_Mult.v:146$589_ADDR' from process `$paramod$de7457a8d8cd5c2fae12683d12ea9a3d68328a1b\PSC_NPU_PE_Mult.$proc$../rtl/ai/src/PSC_NPU_PE_Mult.v:122$591'.
No latch inferred for signal `$paramod$de7457a8d8cd5c2fae12683d12ea9a3d68328a1b\PSC_NPU_PE_Mult.$mem2reg_rd$\data_B_latch$../rtl/ai/src/PSC_NPU_PE_Mult.v:146$589_DATA' from process `$paramod$de7457a8d8cd5c2fae12683d12ea9a3d68328a1b\PSC_NPU_PE_Mult.$proc$../rtl/ai/src/PSC_NPU_PE_Mult.v:122$591'.
No latch inferred for signal `$paramod$de230bda5a80cbecdf77d89ad4a10a91c6974674\PSC_NPU_SystolicArray4x4.\ps_acc_out' from process `$paramod$de230bda5a80cbecdf77d89ad4a10a91c6974674\PSC_NPU_SystolicArray4x4.$proc$../rtl/ai/src/PSC_NPU_SystolicArray4x4.v:267$391'.

7.9. Executing PROC_DFF pass (convert process syncs to FFs).
Creating register for signal `$paramod$cf50c80de863ac3afecc719a64e6ee2860f6b52d\PSC_NPU_PE_INT.\busy' using process `$paramod$cf50c80de863ac3afecc719a64e6ee2860f6b52d\PSC_NPU_PE_INT.$proc$../rtl/ai/src/PSC_NPU_PE_INT.v:88$521'.
  created $adff cell `$procdff$2986' with positive edge clock and positive level reset.
Creating register for signal `$paramod$cf50c80de863ac3afecc719a64e6ee2860f6b52d\PSC_NPU_PE_INT.\done' using process `$paramod$cf50c80de863ac3afecc719a64e6ee2860f6b52d\PSC_NPU_PE_INT.$proc$../rtl/ai/src/PSC_NPU_PE_INT.v:88$521'.
  created $adff cell `$procdff$2991' with positive edge clock and positive level reset.
Creating register for signal `$paramod$cf50c80de863ac3afecc719a64e6ee2860f6b52d\PSC_NPU_PE_INT.\state' using process `$paramod$cf50c80de863ac3afecc719a64e6ee2860f6b52d\PSC_NPU_PE_INT.$proc$../rtl/ai/src/PSC_NPU_PE_INT.v:88$521'.
  created $adff cell `$procdff$2996' with positive edge clock and positive level reset.
Creating register for signal `$paramod$cf50c80de863ac3afecc719a64e6ee2860f6b52d\PSC_NPU_PE_INT.\data_out_valid' using process `$paramod$cf50c80de863ac3afecc719a64e6ee2860f6b52d\PSC_NPU_PE_INT.$proc$../rtl/ai/src/PSC_NPU_PE_INT.v:88$521'.
  created $adff cell `$procdff$3001' with positive edge clock and positive level reset.
Creating register for signal `$paramod$cf50c80de863ac3afecc719a64e6ee2860f6b52d\PSC_NPU_PE_INT.\ps_acc' using process `$paramod$cf50c80de863ac3afecc719a64e6ee2860f6b52d\PSC_NPU_PE_INT.$proc$../rtl/ai/src/PSC_NPU_PE_INT.v:88$521'.
  created $adff cell `$procdff$3006' with positive edge clock and positive level reset.
Creating register for signal `$paramod$cf50c80de863ac3afecc719a64e6ee2860f6b52d\PSC_NPU_PE_INT.\mul_done' using process `$paramod$cf50c80de863ac3afecc719a64e6ee2860f6b52d\PSC_NPU_PE_INT.$proc$../rtl/ai/src/PSC_NPU_PE_INT.v:88$521'.
  created $adff cell `$procdff$3011' with positive edge clock and positive level reset.
Creating register for signal `$paramod$cf50c80de863ac3afecc719a64e6ee2860f6b52d\PSC_NPU_PE_INT.\product' using process `$paramod$cf50c80de863ac3afecc719a64e6ee2860f6b52d\PSC_NPU_PE_INT.$proc$../rtl/ai/src/PSC_NPU_PE_INT.v:88$521'.
  created $adff cell `$procdff$3016' with positive edge clock and positive level reset.
Creating register for signal `$paramod$cf50c80de863ac3afecc719a64e6ee2860f6b52d\PSC_NPU_PE_INT.\i' using process `$paramod$cf50c80de863ac3afecc719a64e6ee2860f6b52d\PSC_NPU_PE_INT.$proc$../rtl/ai/src/PSC_NPU_PE_INT.v:88$521'.
  created $dff cell `$procdff$3023' with positive edge clock.
Creating register for signal `$paramod$cf50c80de863ac3afecc719a64e6ee2860f6b52d\PSC_NPU_PE_INT.\data_B' using process `$paramod$cf50c80de863ac3afecc719a64e6ee2860f6b52d\PSC_NPU_PE_INT.$proc$../rtl/ai/src/PSC_NPU_PE_INT.v:75$519'.
  created $adff cell `$procdff$3028' with positive edge clock and positive level reset.
Creating register for signal `$paramod$cf50c80de863ac3afecc719a64e6ee2860f6b52d\PSC_NPU_PE_INT.\data_A' using process `$paramod$cf50c80de863ac3afecc719a64e6ee2860f6b52d\PSC_NPU_PE_INT.$proc$../rtl/ai/src/PSC_NPU_PE_INT.v:62$517'.
  created $adff cell `$procdff$3033' with positive edge clock and positive level reset.
Creating register for signal `$paramod$de7457a8d8cd5c2fae12683d12ea9a3d68328a1b\PSC_NPU_PE_Mult.\state' using process `$paramod$de7457a8d8cd5c2fae12683d12ea9a3d68328a1b\PSC_NPU_PE_Mult.$proc$../rtl/ai/src/PSC_NPU_PE_Mult.v:182$658'.
  created $adff cell `$procdff$3038' with positive edge clock and positive level reset.
Creating register for signal `$paramod$de7457a8d8cd5c2fae12683d12ea9a3d68328a1b\PSC_NPU_PE_Mult.\result_C' using process `$paramod$de7457a8d8cd5c2fae12683d12ea9a3d68328a1b\PSC_NPU_PE_Mult.$proc$../rtl/ai/src/PSC_NPU_PE_Mult.v:182$658'.
  created $adff cell `$procdff$3043' with positive edge clock and positive level reset.
Creating register for signal `$paramod$de7457a8d8cd5c2fae12683d12ea9a3d68328a1b\PSC_NPU_PE_Mult.\data_out_ready' using process `$paramod$de7457a8d8cd5c2fae12683d12ea9a3d68328a1b\PSC_NPU_PE_Mult.$proc$../rtl/ai/src/PSC_NPU_PE_Mult.v:182$658'.
  created $adff cell `$procdff$3048' with positive edge clock and positive level reset.
Creating register for signal `$paramod$de7457a8d8cd5c2fae12683d12ea9a3d68328a1b\PSC_NPU_PE_Mult.\group_index' using process `$paramod$de7457a8d8cd5c2fae12683d12ea9a3d68328a1b\PSC_NPU_PE_Mult.$proc$../rtl/ai/src/PSC_NPU_PE_Mult.v:182$658'.
  created $adff cell `$procdff$3053' with positive edge clock and positive level reset.
Creating register for signal `$paramod$de7457a8d8cd5c2fae12683d12ea9a3d68328a1b\PSC_NPU_PE_Mult.\valid_latch' using process `$paramod$de7457a8d8cd5c2fae12683d12ea9a3d68328a1b\PSC_NPU_PE_Mult.$proc$../rtl/ai/src/PSC_NPU_PE_Mult.v:182$658'.
  created $adff cell `$procdff$3058' with positive edge clock and positive level reset.
Creating register for signal `$paramod$de7457a8d8cd5c2fae12683d12ea9a3d68328a1b\PSC_NPU_PE_Mult.\seq_i' using process `$paramod$de7457a8d8cd5c2fae12683d12ea9a3d68328a1b\PSC_NPU_PE_Mult.$proc$../rtl/ai/src/PSC_NPU_PE_Mult.v:182$658'.
  created $adff cell `$procdff$3063' with positive edge clock and positive level reset.
Creating register for signal `$paramod$de7457a8d8cd5c2fae12683d12ea9a3d68328a1b\PSC_NPU_PE_Mult.\seq_m' using process `$paramod$de7457a8d8cd5c2fae12683d12ea9a3d68328a1b\PSC_NPU_PE_Mult.$proc$../rtl/ai/src/PSC_NPU_PE_Mult.v:182$658'.
  created $dff cell `$procdff$3070' with positive edge clock.
Creating register for signal `$paramod$de7457a8d8cd5c2fae12683d12ea9a3d68328a1b\PSC_NPU_PE_Mult.\seq_lane' using process `$paramod$de7457a8d8cd5c2fae12683d12ea9a3d68328a1b\PSC_NPU_PE_Mult.$proc$../rtl/ai/src/PSC_NPU_PE_Mult.v:182$658'.
  created $dff cell `$procdff$3077' with positive edge clock.
Creating register for signal `$paramod$de7457a8d8cd5c2fae12683d12ea9a3d68328a1b\PSC_NPU_PE_Mult.\data_A_latch[0]' using process `$paramod$de7457a8d8cd5c2fae12683d12ea9a3d68328a1b\PSC_NPU_PE_Mult.$proc$../rtl/ai/src/PSC_NPU_PE_Mult.v:182$658'.
  created $adff cell `$procdff$3082' with positive edge clock and positive level reset.
Creating register for signal `$paramod$de7457a8d8cd5c2fae12683d12ea9a3d68328a1b\PSC_NPU_PE_Mult.\data_A_latch[1]' using process `$paramod$de7457a8d8cd5c2fae12683d12ea9a3d68328a1b\PSC_NPU_PE_Mult.$proc$../rtl/ai/src/PSC_NPU_PE_Mult.v:182$658'.
  created $adff cell `$procdff$3087' with positive edge clock and positive level reset.
Creating register for signal `$paramod$de7457a8d8cd5c2fae12683d12ea9a3d68328a1b\PSC_NPU_PE_Mult.\data_A_latch[2]' using process `$paramod$de7457a8d8cd5c2fae12683d12ea9a3d68328a1b\PSC_NPU_PE_Mult.$proc$../rtl/ai/src/PSC_NPU_PE_Mult.v:182$658'.
  created $adff cell `$procdff$3092' with positive edge clock and positive level reset.
Creating register for signal `$paramod$de7457a8d8cd5c2fae12683d12ea9a3d68328a1b\PSC_NPU_PE_Mult.\data_A_latch[3]' using process `$paramod$de7457a8d8cd5c2fae12683d12ea9a3d68328a1b\PSC_NPU_PE_Mult.$proc$../rtl/ai/src/PSC_NPU_PE_Mult.v:182$658'.
  created $adff cell `$procdff$3097' with positive edge clock and positive level reset.
Creating register for signal `$paramod$de7457a8d8cd5c2fae12683d12ea9a3d68328a1b\PSC_NPU_PE_Mult.\data_A_latch[4]' using process `$paramod$de7457a8d8cd5c2fae12683d12ea9a3d68328a1b\PSC_NPU_PE_Mult.$proc$../rtl/ai/src/PSC_NPU_PE_Mult.v:182$658'.
  created $adff cell `$procdff$3102' with positive edge clock and positive level reset.
Creating register for signal `$paramod$de7457a8d8cd5c2fae12683d12ea9a3d68328a1b\PSC_NPU_PE_Mult.\data_A_latch[5]' using process `$paramod$de7457a8d8cd5c2fae12683d12ea9a3d68328a1b\PSC_NPU_PE_Mult.$proc$../rtl/ai/src/PSC_NPU_PE_Mult.v:182$658'.
  created $adff cell `$procdff$3107' with positive edge clock and positive level reset.
Creating register for signal `$paramod$de7457a8d8cd5c2fae12683d12ea9a3d68328a1b\PSC_NPU_PE_Mult.\data_A_latch[6]' using process `$paramod$de7457a8d8cd5c2fae12683d12ea9a3d68328a1b\PSC_NPU_PE_Mult.$proc$../rtl/ai/src/PSC_NPU_PE_Mult.v:182$658'.
  created $adff cell `$procdff$3112' with positive edge clock and positive level reset.
Creating register for signal `$paramod$de7457a8d8cd5c2fae12683d12ea9a3d68328a1b\PSC_NPU_PE_Mult.\data_A_latch[7]' using process `$paramod$de7457a8d8cd5c2fae12683d12ea9a3d68328a1b\PSC_NPU_PE_Mult.$proc$../rtl/ai/src/PSC_NPU_PE_Mult.v:182$658'.
  created $adff cell `$procdff$3117' with positive edge clock and positive level reset.
Creating register for signal `$paramod$de7457a8d8cd5c2fae12683d12ea9a3d68328a1b\PSC_NPU_PE_Mult.\data_A_latch[8]' using process `$paramod$de7457a8d8cd5c2fae12683d12ea9a3d68328a1b\PSC_NPU_PE_Mult.$proc$../rtl/ai/src/PSC_NPU_PE_Mult.v:182$658'.
  created $adff cell `$procdff$3122' with positive edge clock and positive level reset.
Creating register for signal `$paramod$de7457a8d8cd5c2fae12683d12ea9a3d68328a1b\PSC_NPU_PE_Mult.\data_A_latch[9]' using process `$paramod$de7457a8d8cd5c2fae12683d12ea9a3d68328a1b\PSC_NPU_PE_Mult.$proc$../rtl/ai/src/PSC_NPU_PE_Mult.v:182$658'.
  created $adff cell `$procdff$3127' with positive edge clock and positive level reset.
Creating register for signal `$paramod$de7457a8d8cd5c2fae12683d12ea9a3d68328a1b\PSC_NPU_PE_Mult.\data_A_latch[10]' using process `$paramod$de7457a8d8cd5c2fae12683d12ea9a3d68328a1b\PSC_NPU_PE_Mult.$proc$../rtl/ai/src/PSC_NPU_PE_Mult.v:182$658'.
  created $adff cell `$procdff$3132' with positive edge clock and positive level reset.
Creating register for signal `$paramod$de7457a8d8cd5c2fae12683d12ea9a3d68328a1b\PSC_NPU_PE_Mult.\data_A_latch[11]' using process `$paramod$de7457a8d8cd5c2fae12683d12ea9a3d68328a1b\PSC_NPU_PE_Mult.$proc$../rtl/ai/src/PSC_NPU_PE_Mult.v:182$658'.
  created $adff cell `$procdff$3137' with positive edge clock and positive level reset.
Creating register for signal `$paramod$de7457a8d8cd5c2fae12683d12ea9a3d68328a1b\PSC_NPU_PE_Mult.\data_A_latch[12]' using process `$paramod$de7457a8d8cd5c2fae12683d12ea9a3d68328a1b\PSC_NPU_PE_Mult.$proc$../rtl/ai/src/PSC_NPU_PE_Mult.v:182$658'.
  created $adff cell `$procdff$3142' with positive edge clock and positive level reset.
Creating register for signal `$paramod$de7457a8d8cd5c2fae12683d12ea9a3d68328a1b\PSC_NPU_PE_Mult.\data_A_latch[13]' using process `$paramod$de7457a8d8cd5c2fae12683d12ea9a3d68328a1b\PSC_NPU_PE_Mult.$proc$../rtl/ai/src/PSC_NPU_PE_Mult.v:182$658'.
  created $adff cell `$procdff$3147' with positive edge clock and positive level reset.
Creating register for signal `$paramod$de7457a8d8cd5c2fae12683d12ea9a3d68328a1b\PSC_NPU_PE_Mult.\data_A_latch[14]' using process `$paramod$de7457a8d8cd5c2fae12683d12ea9a3d68328a1b\PSC_NPU_PE_Mult.$proc$../rtl/ai/src/PSC_NPU_PE_Mult.v:182$658'.
  created $adff cell `$procdff$3152' with positive edge clock and positive level reset.
Creating register for signal `$paramod$de7457a8d8cd5c2fae12683d12ea9a3d68328a1b\PSC_NPU_PE_Mult.\data_A_latch[15]' using process `$paramod$de7457a8d8cd5c2fae12683d12ea9a3d68328a1b\PSC_NPU_PE_Mult.$proc$../rtl/ai/src/PSC_NPU_PE_Mult.v:182$658'.
  created $adff cell `$procdff$3157' with positive edge clock and positive level reset.
Creating register for signal `$paramod$de7457a8d8cd5c2fae12683d12ea9a3d68328a1b\PSC_NPU_PE_Mult.\data_B_latch[0]' using process `$paramod$de7457a8d8cd5c2fae12683d12ea9a3d68328a1b\PSC_NPU_PE_Mult.$proc$../rtl/ai/src/PSC_NPU_PE_Mult.v:182$658'.
  created $adff cell `$procdff$3162' with positive edge clock and positive level reset.
Creating register for signal `$paramod$de7457a8d8cd5c2fae12683d12ea9a3d68328a1b\PSC_NPU_PE_Mult.\data_B_latch[1]' using process `$paramod$de7457a8d8cd5c2fae12683d12ea9a3d68328a1b\PSC_NPU_PE_Mult.$proc$../rtl/ai/src/PSC_NPU_PE_Mult.v:182$658'.
  created $adff cell `$procdff$3167' with positive edge clock and positive level reset.
Creating register for signal `$paramod$de7457a8d8cd5c2fae12683d12ea9a3d68328a1b\PSC_NPU_PE_Mult.\data_B_latch[2]' using process `$paramod$de7457a8d8cd5c2fae12683d12ea9a3d68328a1b\PSC_NPU_PE_Mult.$proc$../rtl/ai/src/PSC_NPU_PE_Mult.v:182$658'.
  created $adff cell `$procdff$3172' with positive edge clock and positive level reset.
Creating register for signal `$paramod$de7457a8d8cd5c2fae12683d12ea9a3d68328a1b\PSC_NPU_PE_Mult.\data_B_latch[3]' using process `$paramod$de7457a8d8cd5c2fae12683d12ea9a3d68328a1b\PSC_NPU_PE_Mult.$proc$../rtl/ai/src/PSC_NPU_PE_Mult.v:182$658'.
  created $adff cell `$procdff$3177' with positive edge clock and positive level reset.
Creating register for signal `$paramod$de7457a8d8cd5c2fae12683d12ea9a3d68328a1b\PSC_NPU_PE_Mult.\data_B_latch[4]' using process `$paramod$de7457a8d8cd5c2fae12683d12ea9a3d68328a1b\PSC_NPU_PE_Mult.$proc$../rtl/ai/src/PSC_NPU_PE_Mult.v:182$658'.
  created $adff cell `$procdff$3182' with positive edge clock and positive level reset.
Creating register for signal `$paramod$de7457a8d8cd5c2fae12683d12ea9a3d68328a1b\PSC_NPU_PE_Mult.\data_B_latch[5]' using process `$paramod$de7457a8d8cd5c2fae12683d12ea9a3d68328a1b\PSC_NPU_PE_Mult.$proc$../rtl/ai/src/PSC_NPU_PE_Mult.v:182$658'.
  created $adff cell `$procdff$3187' with positive edge clock and positive level reset.
Creating register for signal `$paramod$de7457a8d8cd5c2fae12683d12ea9a3d68328a1b\PSC_NPU_PE_Mult.\data_B_latch[6]' using process `$paramod$de7457a8d8cd5c2fae12683d12ea9a3d68328a1b\PSC_NPU_PE_Mult.$proc$../rtl/ai/src/PSC_NPU_PE_Mult.v:182$658'.
  created $adff cell `$procdff$3192' with positive edge clock and positive level reset.
Creating register for signal `$paramod$de7457a8d8cd5c2fae12683d12ea9a3d68328a1b\PSC_NPU_PE_Mult.\data_B_latch[7]' using process `$paramod$de7457a8d8cd5c2fae12683d12ea9a3d68328a1b\PSC_NPU_PE_Mult.$proc$../rtl/ai/src/PSC_NPU_PE_Mult.v:182$658'.
  created $adff cell `$procdff$3197' with positive edge clock and positive level reset.
Creating register for signal `$paramod$de7457a8d8cd5c2fae12683d12ea9a3d68328a1b\PSC_NPU_PE_Mult.\data_B_latch[8]' using process `$paramod$de7457a8d8cd5c2fae12683d12ea9a3d68328a1b\PSC_NPU_PE_Mult.$proc$../rtl/ai/src/PSC_NPU_PE_Mult.v:182$658'.
  created $adff cell `$procdff$3202' with positive edge clock and positive level reset.
Creating register for signal `$paramod$de7457a8d8cd5c2fae12683d12ea9a3d68328a1b\PSC_NPU_PE_Mult.\data_B_latch[9]' using process `$paramod$de7457a8d8cd5c2fae12683d12ea9a3d68328a1b\PSC_NPU_PE_Mult.$proc$../rtl/ai/src/PSC_NPU_PE_Mult.v:182$658'.
  created $adff cell `$procdff$3207' with positive edge clock and positive level reset.
Creating register for signal `$paramod$de7457a8d8cd5c2fae12683d12ea9a3d68328a1b\PSC_NPU_PE_Mult.\data_B_latch[10]' using process `$paramod$de7457a8d8cd5c2fae12683d12ea9a3d68328a1b\PSC_NPU_PE_Mult.$proc$../rtl/ai/src/PSC_NPU_PE_Mult.v:182$658'.
  created $adff cell `$procdff$3212' with positive edge clock and positive level reset.
Creating register for signal `$paramod$de7457a8d8cd5c2fae12683d12ea9a3d68328a1b\PSC_NPU_PE_Mult.\data_B_latch[11]' using process `$paramod$de7457a8d8cd5c2fae12683d12ea9a3d68328a1b\PSC_NPU_PE_Mult.$proc$../rtl/ai/src/PSC_NPU_PE_Mult.v:182$658'.
  created $adff cell `$procdff$3217' with positive edge clock and positive level reset.
Creating register for signal `$paramod$de7457a8d8cd5c2fae12683d12ea9a3d68328a1b\PSC_NPU_PE_Mult.\data_B_latch[12]' using process `$paramod$de7457a8d8cd5c2fae12683d12ea9a3d68328a1b\PSC_NPU_PE_Mult.$proc$../rtl/ai/src/PSC_NPU_PE_Mult.v:182$658'.
  created $adff cell `$procdff$3222' with positive edge clock and positive level reset.
Creating register for signal `$paramod$de7457a8d8cd5c2fae12683d12ea9a3d68328a1b\PSC_NPU_PE_Mult.\data_B_latch[13]' using process `$paramod$de7457a8d8cd5c2fae12683d12ea9a3d68328a1b\PSC_NPU_PE_Mult.$proc$../rtl/ai/src/PSC_NPU_PE_Mult.v:182$658'.
  created $adff cell `$procdff$3227' with positive edge clock and positive level reset.
Creating register for signal `$paramod$de7457a8d8cd5c2fae12683d12ea9a3d68328a1b\PSC_NPU_PE_Mult.\data_B_latch[14]' using process `$paramod$de7457a8d8cd5c2fae12683d12ea9a3d68328a1b\PSC_NPU_PE_Mult.$proc$../rtl/ai/src/PSC_NPU_PE_Mult.v:182$658'.
  created $adff cell `$procdff$3232' with positive edge clock and positive level reset.
Creating register for signal `$paramod$de7457a8d8cd5c2fae12683d12ea9a3d68328a1b\PSC_NPU_PE_Mult.\data_B_latch[15]' using process `$paramod$de7457a8d8cd5c2fae12683d12ea9a3d68328a1b\PSC_NPU_PE_Mult.$proc$../rtl/ai/src/PSC_NPU_PE_Mult.v:182$658'.
  created $adff cell `$procdff$3237' with positive edge clock and positive level reset.
Creating register for signal `$paramod$de7457a8d8cd5c2fae12683d12ea9a3d68328a1b\PSC_NPU_PE_Mult.$bitselwrite$pos$../rtl/ai/src/PSC_NPU_PE_Mult.v:258$574' using process `$paramod$de7457a8d8cd5c2fae12683d12ea9a3d68328a1b\PSC_NPU_PE_Mult.$proc$../rtl/ai/src/PSC_NPU_PE_Mult.v:182$658'.
  created $adff cell `$procdff$3242' with positive edge clock and positive level reset.
Creating register for signal `$paramod$de7457a8d8cd5c2fae12683d12ea9a3d68328a1b\PSC_NPU_PE_Mult.$bitselwrite$pos$../rtl/ai/src/PSC_NPU_PE_Mult.v:264$575' using process `$paramod$de7457a8d8cd5c2fae12683d12ea9a3d68328a1b\PSC_NPU_PE_Mult.$proc$../rtl/ai/src/PSC_NPU_PE_Mult.v:182$658'.
  created $adff cell `$procdff$3247' with positive edge clock and positive level reset.
Creating register for signal `$paramod$de7457a8d8cd5c2fae12683d12ea9a3d68328a1b\PSC_NPU_PE_Mult.$bitselwrite$pos$../rtl/ai/src/PSC_NPU_PE_Mult.v:258$576' using process `$paramod$de7457a8d8cd5c2fae12683d12ea9a3d68328a1b\PSC_NPU_PE_Mult.$proc$../rtl/ai/src/PSC_NPU_PE_Mult.v:182$658'.
  created $adff cell `$procdff$3252' with positive edge clock and positive level reset.
Creating register for signal `$paramod$de7457a8d8cd5c2fae12683d12ea9a3d68328a1b\PSC_NPU_PE_Mult.$bitselwrite$pos$../rtl/ai/src/PSC_NPU_PE_Mult.v:264$577' using process `$paramod$de7457a8d8cd5c2fae12683d12ea9a3d68328a1b\PSC_NPU_PE_Mult.$proc$../rtl/ai/src/PSC_NPU_PE_Mult.v:182$658'.
  created $adff cell `$procdff$3257' with positive edge clock and positive level reset.
Creating register for signal `$paramod$de7457a8d8cd5c2fae12683d12ea9a3d68328a1b\PSC_NPU_PE_Mult.$bitselwrite$pos$../rtl/ai/src/PSC_NPU_PE_Mult.v:258$578' using process `$paramod$de7457a8d8cd5c2fae12683d12ea9a3d68328a1b\PSC_NPU_PE_Mult.$proc$../rtl/ai/src/PSC_NPU_PE_Mult.v:182$658'.
  created $adff cell `$procdff$3262' with positive edge clock and positive level reset.
Creating register for signal `$paramod$de7457a8d8cd5c2fae12683d12ea9a3d68328a1b\PSC_NPU_PE_Mult.$bitselwrite$pos$../rtl/ai/src/PSC_NPU_PE_Mult.v:264$579' using process `$paramod$de7457a8d8cd5c2fae12683d12ea9a3d68328a1b\PSC_NPU_PE_Mult.$proc$../rtl/ai/src/PSC_NPU_PE_Mult.v:182$658'.
  created $adff cell `$procdff$3267' with positive edge clock and positive level reset.
Creating register for signal `$paramod$de7457a8d8cd5c2fae12683d12ea9a3d68328a1b\PSC_NPU_PE_Mult.$bitselwrite$pos$../rtl/ai/src/PSC_NPU_PE_Mult.v:258$580' using process `$paramod$de7457a8d8cd5c2fae12683d12ea9a3d68328a1b\PSC_NPU_PE_Mult.$proc$../rtl/ai/src/PSC_NPU_PE_Mult.v:182$658'.
  created $adff cell `$procdff$3272' with positive edge clock and positive level reset.
Creating register for signal `$paramod$de7457a8d8cd5c2fae12683d12ea9a3d68328a1b\PSC_NPU_PE_Mult.$bitselwrite$pos$../rtl/ai/src/PSC_NPU_PE_Mult.v:264$581' using process `$paramod$de7457a8d8cd5c2fae12683d12ea9a3d68328a1b\PSC_NPU_PE_Mult.$proc$../rtl/ai/src/PSC_NPU_PE_Mult.v:182$658'.
  created $adff cell `$procdff$3277' with positive edge clock and positive level reset.
Creating register for signal `$paramod$de7457a8d8cd5c2fae12683d12ea9a3d68328a1b\PSC_NPU_PE_Mult.$lookahead\result_C$656' using process `$paramod$de7457a8d8cd5c2fae12683d12ea9a3d68328a1b\PSC_NPU_PE_Mult.$proc$../rtl/ai/src/PSC_NPU_PE_Mult.v:182$658'.
  created $adff cell `$procdff$3282' with positive edge clock and positive level reset.
Creating register for signal `$paramod$de7457a8d8cd5c2fae12683d12ea9a3d68328a1b\PSC_NPU_PE_Mult.$lookahead\data_out_ready$657' using process `$paramod$de7457a8d8cd5c2fae12683d12ea9a3d68328a1b\PSC_NPU_PE_Mult.$proc$../rtl/ai/src/PSC_NPU_PE_Mult.v:182$658'.
  created $adff cell `$procdff$3287' with positive edge clock and positive level reset.
Creating register for signal `$paramod$307663d54ccd312905f02689dff12188c7776671\PSC_NPU_ReadController.\rd_read_addr' using process `$paramod$307663d54ccd312905f02689dff12188c7776671\PSC_NPU_ReadController.$proc$../rtl/ai/src/PSC_NPU_ReadController.v:238$329'.
  created $adff cell `$procdff$3292' with positive edge clock and positive level reset.
Creating register for signal `$paramod$307663d54ccd312905f02689dff12188c7776671\PSC_NPU_ReadController.\rd_read_valid' using process `$paramod$307663d54ccd312905f02689dff12188c7776671\PSC_NPU_ReadController.$proc$../rtl/ai/src/PSC_NPU_ReadController.v:238$329'.
  created $adff cell `$procdff$3297' with positive edge clock and positive level reset.
Creating register for signal `$paramod$307663d54ccd312905f02689dff12188c7776671\PSC_NPU_ReadController.\state' using process `$paramod$307663d54ccd312905f02689dff12188c7776671\PSC_NPU_ReadController.$proc$../rtl/ai/src/PSC_NPU_ReadController.v:238$329'.
  created $adff cell `$procdff$3302' with positive edge clock and positive level reset.
Creating register for signal `$paramod$307663d54ccd312905f02689dff12188c7776671\PSC_NPU_ReadController.\read_ready' using process `$paramod$307663d54ccd312905f02689dff12188c7776671\PSC_NPU_ReadController.$proc$../rtl/ai/src/PSC_NPU_ReadController.v:238$329'.
  created $adff cell `$procdff$3307' with positive edge clock and positive level reset.
Creating register for signal `$paramod$307663d54ccd312905f02689dff12188c7776671\PSC_NPU_ReadController.\a_data_out' using process `$paramod$307663d54ccd312905f02689dff12188c7776671\PSC_NPU_ReadController.$proc$../rtl/ai/src/PSC_NPU_ReadController.v:238$329'.
  created $adff cell `$procdff$3312' with positive edge clock and positive level reset.
Creating register for signal `$paramod$307663d54ccd312905f02689dff12188c7776671\PSC_NPU_ReadController.\b_data_out' using process `$paramod$307663d54ccd312905f02689dff12188c7776671\PSC_NPU_ReadController.$proc$../rtl/ai/src/PSC_NPU_ReadController.v:238$329'.
  created $adff cell `$procdff$3317' with positive edge clock and positive level reset.
Creating register for signal `$paramod$307663d54ccd312905f02689dff12188c7776671\PSC_NPU_ReadController.\read_idx' using process `$paramod$307663d54ccd312905f02689dff12188c7776671\PSC_NPU_ReadController.$proc$../rtl/ai/src/PSC_NPU_ReadController.v:238$329'.
  created $adff cell `$procdff$3322' with positive edge clock and positive level reset.
Creating register for signal `$paramod$307663d54ccd312905f02689dff12188c7776671\PSC_NPU_ReadController.\i_idx_r' using process `$paramod$307663d54ccd312905f02689dff12188c7776671\PSC_NPU_ReadController.$proc$../rtl/ai/src/PSC_NPU_ReadController.v:238$329'.
  created $adff cell `$procdff$3327' with positive edge clock and positive level reset.
Creating register for signal `$paramod$307663d54ccd312905f02689dff12188c7776671\PSC_NPU_ReadController.\j_idx_r' using process `$paramod$307663d54ccd312905f02689dff12188c7776671\PSC_NPU_ReadController.$proc$../rtl/ai/src/PSC_NPU_ReadController.v:238$329'.
  created $adff cell `$procdff$3332' with positive edge clock and positive level reset.
Creating register for signal `$paramod$307663d54ccd312905f02689dff12188c7776671\PSC_NPU_ReadController.\k_idx_r' using process `$paramod$307663d54ccd312905f02689dff12188c7776671\PSC_NPU_ReadController.$proc$../rtl/ai/src/PSC_NPU_ReadController.v:238$329'.
  created $adff cell `$procdff$3337' with positive edge clock and positive level reset.
Creating register for signal `$paramod$307663d54ccd312905f02689dff12188c7776671\PSC_NPU_ReadController.\matrix_size_x_r' using process `$paramod$307663d54ccd312905f02689dff12188c7776671\PSC_NPU_ReadController.$proc$../rtl/ai/src/PSC_NPU_ReadController.v:238$329'.
  created $adff cell `$procdff$3342' with positive edge clock and positive level reset.
Creating register for signal `$paramod$307663d54ccd312905f02689dff12188c7776671\PSC_NPU_ReadController.\matrix_size_y_r' using process `$paramod$307663d54ccd312905f02689dff12188c7776671\PSC_NPU_ReadController.$proc$../rtl/ai/src/PSC_NPU_ReadController.v:238$329'.
  created $adff cell `$procdff$3347' with positive edge clock and positive level reset.
Creating register for signal `$paramod$307663d54ccd312905f02689dff12188c7776671\PSC_NPU_ReadController.\a_addr_cur' using process `$paramod$307663d54ccd312905f02689dff12188c7776671\PSC_NPU_ReadController.$proc$../rtl/ai/src/PSC_NPU_ReadController.v:238$329'.
  created $adff cell `$procdff$3352' with positive edge clock and positive level reset.
Creating register for signal `$paramod$307663d54ccd312905f02689dff12188c7776671\PSC_NPU_ReadController.\b_addr_cur' using process `$paramod$307663d54ccd312905f02689dff12188c7776671\PSC_NPU_ReadController.$proc$../rtl/ai/src/PSC_NPU_ReadController.v:238$329'.
  created $adff cell `$procdff$3357' with positive edge clock and positive level reset.
Creating register for signal `$paramod$307663d54ccd312905f02689dff12188c7776671\PSC_NPU_ReadController.\tile_row_offset$func$../rtl/ai/src/PSC_NPU_ReadController.v:281$327.$result' using process `$paramod$307663d54ccd312905f02689dff12188c7776671\PSC_NPU_ReadController.$proc$../rtl/ai/src/PSC_NPU_ReadController.v:238$329'.
  created $adff cell `$procdff$3362' with positive edge clock and positive level reset.
Creating register for signal `$paramod$307663d54ccd312905f02689dff12188c7776671\PSC_NPU_ReadController.\tile_row_offset$func$../rtl/ai/src/PSC_NPU_ReadController.v:281$327.tile_idx' using process `$paramod$307663d54ccd312905f02689dff12188c7776671\PSC_NPU_ReadController.$proc$../rtl/ai/src/PSC_NPU_ReadController.v:238$329'.
  created $adff cell `$procdff$3367' with positive edge clock and positive level reset.
Creating register for signal `$paramod$307663d54ccd312905f02689dff12188c7776671\PSC_NPU_ReadController.\tile_row_offset$func$../rtl/ai/src/PSC_NPU_ReadController.v:281$327.row_size' using process `$paramod$307663d54ccd312905f02689dff12188c7776671\PSC_NPU_ReadController.$proc$../rtl/ai/src/PSC_NPU_ReadController.v:238$329'.
  created $adff cell `$procdff$3372' with positive edge clock and positive level reset.
Creating register for signal `$paramod$307663d54ccd312905f02689dff12188c7776671\PSC_NPU_ReadController.\tile_row_offset$func$../rtl/ai/src/PSC_NPU_ReadController.v:287$328.$result' using process `$paramod$307663d54ccd312905f02689dff12188c7776671\PSC_NPU_ReadController.$proc$../rtl/ai/src/PSC_NPU_ReadController.v:238$329'.
  created $adff cell `$procdff$3377' with positive edge clock and positive level reset.
Creating register for signal `$paramod$307663d54ccd312905f02689dff12188c7776671\PSC_NPU_ReadController.\tile_row_offset$func$../rtl/ai/src/PSC_NPU_ReadController.v:287$328.tile_idx' using process `$paramod$307663d54ccd312905f02689dff12188c7776671\PSC_NPU_ReadController.$proc$../rtl/ai/src/PSC_NPU_ReadController.v:238$329'.
  created $adff cell `$procdff$3382' with positive edge clock and positive level reset.
Creating register for signal `$paramod$307663d54ccd312905f02689dff12188c7776671\PSC_NPU_ReadController.\tile_row_offset$func$../rtl/ai/src/PSC_NPU_ReadController.v:287$328.row_size' using process `$paramod$307663d54ccd312905f02689dff12188c7776671\PSC_NPU_ReadController.$proc$../rtl/ai/src/PSC_NPU_ReadController.v:238$329'.
  created $adff cell `$procdff$3387' with positive edge clock and positive level reset.
Creating register for signal `\PSC_NPU_Controller.\c_write_valid' using process `\PSC_NPU_Controller.$proc$../rtl/ai/src/PSC_NPU_Controller.v:339$9'.
  created $adff cell `$procdff$3392' with positive edge clock and positive level reset.
Creating register for signal `\PSC_NPU_Controller.\c_write_addr' using process `\PSC_NPU_Controller.$proc$../rtl/ai/src/PSC_NPU_Controller.v:339$9'.
  created $adff cell `$procdff$3397' with positive edge clock and positive level reset.
Creating register for signal `\PSC_NPU_Controller.\c_write_wdata' using process `\PSC_NPU_Controller.$proc$../rtl/ai/src/PSC_NPU_Controller.v:339$9'.
  created $adff cell `$procdff$3402' with positive edge clock and positive level reset.
Creating register for signal `\PSC_NPU_Controller.\busy' using process `\PSC_NPU_Controller.$proc$../rtl/ai/src/PSC_NPU_Controller.v:339$9'.
  created $adff cell `$procdff$3407' with positive edge clock and positive level reset.
Creating register for signal `\PSC_NPU_Controller.\done' using process `\PSC_NPU_Controller.$proc$../rtl/ai/src/PSC_NPU_Controller.v:339$9'.
  created $adff cell `$procdff$3412' with positive edge clock and positive level reset.
Creating register for signal `\PSC_NPU_Controller.\i_idx' using process `\PSC_NPU_Controller.$proc$../rtl/ai/src/PSC_NPU_Controller.v:339$9'.
  created $adff cell `$procdff$3417' with positive edge clock and positive level reset.
Creating register for signal `\PSC_NPU_Controller.\j_idx' using process `\PSC_NPU_Controller.$proc$../rtl/ai/src/PSC_NPU_Controller.v:339$9'.
  created $adff cell `$procdff$3422' with positive edge clock and positive level reset.
Creating register for signal `\PSC_NPU_Controller.\k_idx' using process `\PSC_NPU_Controller.$proc$../rtl/ai/src/PSC_NPU_Controller.v:339$9'.
  created $adff cell `$procdff$3427' with positive edge clock and positive level reset.
Creating register for signal `\PSC_NPU_Controller.\data_clear' using process `\PSC_NPU_Controller.$proc$../rtl/ai/src/PSC_NPU_Controller.v:339$9'.
  created $adff cell `$procdff$3432' with positive edge clock and positive level reset.
Creating register for signal `\PSC_NPU_Controller.\en_b_shift_bottom' using process `\PSC_NPU_Controller.$proc$../rtl/ai/src/PSC_NPU_Controller.v:339$9'.
  created $adff cell `$procdff$3437' with positive edge clock and positive level reset.
Creating register for signal `\PSC_NPU_Controller.\en_shift_right' using process `\PSC_NPU_Controller.$proc$../rtl/ai/src/PSC_NPU_Controller.v:339$9'.
  created $adff cell `$procdff$3442' with positive edge clock and positive level reset.
Creating register for signal `\PSC_NPU_Controller.\start_pulse' using process `\PSC_NPU_Controller.$proc$../rtl/ai/src/PSC_NPU_Controller.v:339$9'.
  created $adff cell `$procdff$3447' with positive edge clock and positive level reset.
Creating register for signal `\PSC_NPU_Controller.\row_s' using process `\PSC_NPU_Controller.$proc$../rtl/ai/src/PSC_NPU_Controller.v:339$9'.
  created $adff cell `$procdff$3452' with positive edge clock and positive level reset.
Creating register for signal `\PSC_NPU_Controller.\cur_a_data' using process `\PSC_NPU_Controller.$proc$../rtl/ai/src/PSC_NPU_Controller.v:339$9'.
  created $adff cell `$procdff$3457' with positive edge clock and positive level reset.
Creating register for signal `\PSC_NPU_Controller.\cur_b_data' using process `\PSC_NPU_Controller.$proc$../rtl/ai/src/PSC_NPU_Controller.v:339$9'.
  created $adff cell `$procdff$3462' with positive edge clock and positive level reset.
Creating register for signal `\PSC_NPU_Controller.\read_start' using process `\PSC_NPU_Controller.$proc$../rtl/ai/src/PSC_NPU_Controller.v:339$9'.
  created $adff cell `$procdff$3467' with positive edge clock and positive level reset.
Creating register for signal `\PSC_NPU_Controller.\state' using process `\PSC_NPU_Controller.$proc$../rtl/ai/src/PSC_NPU_Controller.v:339$9'.
  created $adff cell `$procdff$3472' with positive edge clock and positive level reset.
Creating register for signal `\PSC_NPU_Controller.\func_a_os_data$func$../rtl/ai/src/PSC_NPU_Controller.v:427$1.$result' using process `\PSC_NPU_Controller.$proc$../rtl/ai/src/PSC_NPU_Controller.v:339$9'.
  created $adff cell `$procdff$3477' with positive edge clock and positive level reset.
Creating register for signal `\PSC_NPU_Controller.\func_a_os_data$func$../rtl/ai/src/PSC_NPU_Controller.v:427$1.a_data' using process `\PSC_NPU_Controller.$proc$../rtl/ai/src/PSC_NPU_Controller.v:339$9'.
  created $adff cell `$procdff$3482' with positive edge clock and positive level reset.
Creating register for signal `\PSC_NPU_Controller.\func_a_os_data$func$../rtl/ai/src/PSC_NPU_Controller.v:427$1.idx' using process `\PSC_NPU_Controller.$proc$../rtl/ai/src/PSC_NPU_Controller.v:339$9'.
  created $adff cell `$procdff$3487' with positive edge clock and positive level reset.
Creating register for signal `\PSC_NPU_Controller.\func_b_os_data$func$../rtl/ai/src/PSC_NPU_Controller.v:428$2.$result' using process `\PSC_NPU_Controller.$proc$../rtl/ai/src/PSC_NPU_Controller.v:339$9'.
  created $adff cell `$procdff$3492' with positive edge clock and positive level reset.
Creating register for signal `\PSC_NPU_Controller.\func_b_os_data$func$../rtl/ai/src/PSC_NPU_Controller.v:428$2.b_data' using process `\PSC_NPU_Controller.$proc$../rtl/ai/src/PSC_NPU_Controller.v:339$9'.
  created $adff cell `$procdff$3497' with positive edge clock and positive level reset.
Creating register for signal `\PSC_NPU_Controller.\func_b_os_data$func$../rtl/ai/src/PSC_NPU_Controller.v:428$2.idx' using process `\PSC_NPU_Controller.$proc$../rtl/ai/src/PSC_NPU_Controller.v:339$9'.
  created $adff cell `$procdff$3502' with positive edge clock and positive level reset.
Creating register for signal `\PSC_NPU_Controller.\matrix_tile_base_C$func$../rtl/ai/src/PSC_NPU_Controller.v:504$3.$result' using process `\PSC_NPU_Controller.$proc$../rtl/ai/src/PSC_NPU_Controller.v:339$9'.
  created $adff cell `$procdff$3507' with positive edge clock and positive level reset.
Creating register for signal `\PSC_NPU_Controller.\matrix_tile_base_C$func$../rtl/ai/src/PSC_NPU_Controller.v:504$3.global_row_base' using process `\PSC_NPU_Controller.$proc$../rtl/ai/src/PSC_NPU_Controller.v:339$9'.
  created $adff cell `$procdff$3512' with positive edge clock and positive level reset.
Creating register for signal `\PSC_NPU_Controller.\matrix_tile_base_C$func$../rtl/ai/src/PSC_NPU_Controller.v:504$3.global_col_base' using process `\PSC_NPU_Controller.$proc$../rtl/ai/src/PSC_NPU_Controller.v:339$9'.
  created $adff cell `$procdff$3517' with positive edge clock and positive level reset.
Creating register for signal `\PSC_NPU_Controller.\matrix_tile_base_C$func$../rtl/ai/src/PSC_NPU_Controller.v:504$3.element_idx' using process `\PSC_NPU_Controller.$proc$../rtl/ai/src/PSC_NPU_Controller.v:339$9'.
  created $adff cell `$procdff$3522' with positive edge clock and positive level reset.
Creating register for signal `\PSC_NPU_Controller.\matrix_row_elements$func$../rtl/ai/src/PSC_NPU_Controller.v:127$4.$result' using process `\PSC_NPU_Controller.$proc$../rtl/ai/src/PSC_NPU_Controller.v:339$9'.
  created $adff cell `$procdff$3527' with positive edge clock and positive level reset.
Creating register for signal `\PSC_NPU_Controller.\matrix_row_elements$func$../rtl/ai/src/PSC_NPU_Controller.v:127$4.row_idx' using process `\PSC_NPU_Controller.$proc$../rtl/ai/src/PSC_NPU_Controller.v:339$9'.
  created $adff cell `$procdff$3532' with positive edge clock and positive level reset.
Creating register for signal `\PSC_NPU_Controller.\matrix_row_elements$func$../rtl/ai/src/PSC_NPU_Controller.v:127$4.size' using process `\PSC_NPU_Controller.$proc$../rtl/ai/src/PSC_NPU_Controller.v:339$9'.
  created $adff cell `$procdff$3537' with positive edge clock and positive level reset.

7.10. Executing PROC_MEMWR pass (convert process memory writes to cells).

7.11. Executing PROC_CLEAN pass (remove empty switches from decision trees).
Found and cleaned up 20 empty switches in `$paramod$cf50c80de863ac3afecc719a64e6ee2860f6b52d\PSC_NPU_PE_INT.$proc$../rtl/ai/src/PSC_NPU_PE_INT.v:88$521'.
Removing empty process `$paramod$cf50c80de863ac3afecc719a64e6ee2860f6b52d\PSC_NPU_PE_INT.$proc$../rtl/ai/src/PSC_NPU_PE_INT.v:88$521'.
Found and cleaned up 2 empty switches in `$paramod$cf50c80de863ac3afecc719a64e6ee2860f6b52d\PSC_NPU_PE_INT.$proc$../rtl/ai/src/PSC_NPU_PE_INT.v:75$519'.
Removing empty process `$paramod$cf50c80de863ac3afecc719a64e6ee2860f6b52d\PSC_NPU_PE_INT.$proc$../rtl/ai/src/PSC_NPU_PE_INT.v:75$519'.
Found and cleaned up 2 empty switches in `$paramod$cf50c80de863ac3afecc719a64e6ee2860f6b52d\PSC_NPU_PE_INT.$proc$../rtl/ai/src/PSC_NPU_PE_INT.v:62$517'.
Removing empty process `$paramod$cf50c80de863ac3afecc719a64e6ee2860f6b52d\PSC_NPU_PE_INT.$proc$../rtl/ai/src/PSC_NPU_PE_INT.v:62$517'.
Found and cleaned up 24 empty switches in `$paramod$de7457a8d8cd5c2fae12683d12ea9a3d68328a1b\PSC_NPU_PE_Mult.$proc$../rtl/ai/src/PSC_NPU_PE_Mult.v:182$658'.
Removing empty process `$paramod$de7457a8d8cd5c2fae12683d12ea9a3d68328a1b\PSC_NPU_PE_Mult.$proc$../rtl/ai/src/PSC_NPU_PE_Mult.v:182$658'.
Found and cleaned up 12 empty switches in `$paramod$de7457a8d8cd5c2fae12683d12ea9a3d68328a1b\PSC_NPU_PE_Mult.$proc$../rtl/ai/src/PSC_NPU_PE_Mult.v:122$591'.
Removing empty process `$paramod$de7457a8d8cd5c2fae12683d12ea9a3d68328a1b\PSC_NPU_PE_Mult.$proc$../rtl/ai/src/PSC_NPU_PE_Mult.v:122$591'.
Removing empty process `$paramod$de230bda5a80cbecdf77d89ad4a10a91c6974674\PSC_NPU_SystolicArray4x4.$proc$../rtl/ai/src/PSC_NPU_SystolicArray4x4.v:267$391'.
Found and cleaned up 10 empty switches in `$paramod$307663d54ccd312905f02689dff12188c7776671\PSC_NPU_ReadController.$proc$../rtl/ai/src/PSC_NPU_ReadController.v:238$329'.
Removing empty process `$paramod$307663d54ccd312905f02689dff12188c7776671\PSC_NPU_ReadController.$proc$../rtl/ai/src/PSC_NPU_ReadController.v:238$329'.
Found and cleaned up 18 empty switches in `\PSC_NPU_Controller.$proc$../rtl/ai/src/PSC_NPU_Controller.v:339$9'.
Removing empty process `PSC_NPU_Controller.$proc$../rtl/ai/src/PSC_NPU_Controller.v:339$9'.
Cleaned up 88 empty switches.

7.12. Executing OPT_EXPR pass (perform const folding).
Optimizing module $paramod$cf50c80de863ac3afecc719a64e6ee2860f6b52d\PSC_NPU_PE_INT.
<suppressed ~55 debug messages>
Optimizing module $paramod$de7457a8d8cd5c2fae12683d12ea9a3d68328a1b\PSC_NPU_PE_Mult.
<suppressed ~148 debug messages>
Optimizing module $paramod$de230bda5a80cbecdf77d89ad4a10a91c6974674\PSC_NPU_SystolicArray4x4.
Optimizing module $paramod$307663d54ccd312905f02689dff12188c7776671\PSC_NPU_ReadController.
<suppressed ~93 debug messages>
Optimizing module PSC_NPU_Controller.
<suppressed ~83 debug messages>

8. Executing OPT pass (performing simple optimizations).

8.1. Executing OPT_EXPR pass (perform const folding).
Optimizing module $paramod$cf50c80de863ac3afecc719a64e6ee2860f6b52d\PSC_NPU_PE_INT.
Optimizing module $paramod$de7457a8d8cd5c2fae12683d12ea9a3d68328a1b\PSC_NPU_PE_Mult.
<suppressed ~30 debug messages>
Optimizing module $paramod$de230bda5a80cbecdf77d89ad4a10a91c6974674\PSC_NPU_SystolicArray4x4.
<suppressed ~3 debug messages>
Optimizing module $paramod$307663d54ccd312905f02689dff12188c7776671\PSC_NPU_ReadController.
<suppressed ~2 debug messages>
Optimizing module PSC_NPU_Controller.
<suppressed ~1 debug messages>

8.2. Executing OPT_MERGE pass (detect identical cells).
Finding identical cells in module `$paramod$cf50c80de863ac3afecc719a64e6ee2860f6b52d\PSC_NPU_PE_INT'.
<suppressed ~255 debug messages>
Finding identical cells in module `$paramod$de7457a8d8cd5c2fae12683d12ea9a3d68328a1b\PSC_NPU_PE_Mult'.
<suppressed ~630 debug messages>
Finding identical cells in module `$paramod$de230bda5a80cbecdf77d89ad4a10a91c6974674\PSC_NPU_SystolicArray4x4'.
Finding identical cells in module `$paramod$307663d54ccd312905f02689dff12188c7776671\PSC_NPU_ReadController'.
<suppressed ~231 debug messages>
Finding identical cells in module `\PSC_NPU_Controller'.
<suppressed ~372 debug messages>
Removed a total of 496 cells.

8.3. Executing OPT_MUXTREE pass (detect dead branches in mux trees).
Running muxtree optimizer on module $paramod$cf50c80de863ac3afecc719a64e6ee2860f6b52d\PSC_NPU_PE_INT..
  Creating internal representation of mux trees.
  Evaluating internal representation of mux trees.
  Analyzing evaluation results.
Running muxtree optimizer on module $paramod$de7457a8d8cd5c2fae12683d12ea9a3d68328a1b\PSC_NPU_PE_Mult..
  Creating internal representation of mux trees.
  Evaluating internal representation of mux trees.
  Analyzing evaluation results.
    dead port 1/2 on $mux $procmux$1877.
    dead port 2/2 on $mux $procmux$1877.
    dead port 1/2 on $mux $procmux$1874.
    dead port 2/2 on $mux $procmux$1874.
    dead port 2/2 on $mux $procmux$1868.
    dead port 1/2 on $mux $procmux$1703.
    dead port 2/2 on $mux $procmux$1703.
    dead port 1/2 on $mux $procmux$1700.
    dead port 2/2 on $mux $procmux$1700.
    dead port 1/2 on $mux $procmux$1694.
    dead port 2/2 on $mux $procmux$1694.
    dead port 1/2 on $mux $procmux$1691.
    dead port 2/2 on $mux $procmux$1691.
    dead port 2/2 on $mux $procmux$1685.
    dead port 2/2 on $mux $procmux$1665.
    dead port 2/2 on $mux $procmux$1848.
    dead port 1/2 on $mux $procmux$1825.
    dead port 2/2 on $mux $procmux$1825.
    dead port 1/2 on $mux $procmux$1822.
    dead port 2/2 on $mux $procmux$1822.
    dead port 1/2 on $mux $procmux$1816.
    dead port 2/2 on $mux $procmux$1816.
    dead port 1/2 on $mux $procmux$1813.
    dead port 2/2 on $mux $procmux$1813.
    dead port 2/2 on $mux $procmux$1807.
    dead port 1/2 on $mux $procmux$1282.
    dead port 2/2 on $mux $procmux$1282.
    dead port 1/2 on $mux $procmux$1278.
    dead port 2/2 on $mux $procmux$1278.
    dead port 1/2 on $mux $procmux$1274.
    dead port 2/2 on $mux $procmux$1274.
    dead port 1/2 on $mux $procmux$1270.
    dead port 2/2 on $mux $procmux$1270.
    dead port 2/2 on $mux $procmux$1787.
    dead port 1/2 on $mux $procmux$1266.
    dead port 2/2 on $mux $procmux$1266.
    dead port 1/2 on $mux $procmux$1262.
    dead port 2/2 on $mux $procmux$1262.
    dead port 1/2 on $mux $procmux$1258.
    dead port 2/2 on $mux $procmux$1258.
    dead port 1/2 on $mux $procmux$1254.
    dead port 2/2 on $mux $procmux$1254.
    dead port 2/2 on $mux $procmux$1237.
    dead port 1/2 on $mux $procmux$1229.
    dead port 2/2 on $mux $procmux$1229.
    dead port 1/2 on $mux $procmux$1227.
    dead port 2/2 on $mux $procmux$1227.
    dead port 1/2 on $mux $procmux$1215.
    dead port 2/2 on $mux $procmux$1215.
    dead port 1/2 on $mux $procmux$1213.
    dead port 2/2 on $mux $procmux$1213.
    dead port 1/2 on $mux $procmux$1201.
    dead port 2/2 on $mux $procmux$1201.
    dead port 1/2 on $mux $procmux$1199.
    dead port 2/2 on $mux $procmux$1199.
    dead port 1/2 on $mux $procmux$1187.
    dead port 2/2 on $mux $procmux$1187.
    dead port 1/2 on $mux $procmux$1185.
    dead port 2/2 on $mux $procmux$1185.
    dead port 1/2 on $mux $procmux$1173.
    dead port 2/2 on $mux $procmux$1173.
    dead port 1/2 on $mux $procmux$1171.
    dead port 2/2 on $mux $procmux$1171.
    dead port 1/2 on $mux $procmux$1159.
    dead port 2/2 on $mux $procmux$1159.
    dead port 1/2 on $mux $procmux$1764.
    dead port 2/2 on $mux $procmux$1764.
    dead port 1/2 on $mux $procmux$1157.
    dead port 2/2 on $mux $procmux$1157.
    dead port 1/2 on $mux $procmux$1761.
    dead port 2/2 on $mux $procmux$1761.
    dead port 1/2 on $mux $procmux$1145.
    dead port 2/2 on $mux $procmux$1145.
    dead port 1/2 on $mux $procmux$1143.
    dead port 2/2 on $mux $procmux$1143.
    dead port 2/2 on $mux $procmux$1138.
    dead port 1/2 on $mux $procmux$1755.
    dead port 2/2 on $mux $procmux$1755.
    dead port 1/2 on $mux $procmux$1131.
    dead port 2/2 on $mux $procmux$1131.
    dead port 1/2 on $mux $procmux$1752.
    dead port 2/2 on $mux $procmux$1752.
    dead port 1/2 on $mux $procmux$1129.
    dead port 2/2 on $mux $procmux$1129.
    dead port 2/2 on $mux $procmux$1124.
    dead port 2/2 on $mux $procmux$1746.
    dead port 1/2 on $mux $procmux$1886.
    dead port 2/2 on $mux $procmux$1886.
    dead port 1/2 on $mux $procmux$1883.
    dead port 2/2 on $mux $procmux$1883.
    dead port 2/2 on $mux $procmux$1726.
Running muxtree optimizer on module $paramod$de230bda5a80cbecdf77d89ad4a10a91c6974674\PSC_NPU_SystolicArray4x4..
  Creating internal representation of mux trees.
  No muxes found in this module.
Running muxtree optimizer on module $paramod$307663d54ccd312905f02689dff12188c7776671\PSC_NPU_ReadController..
  Creating internal representation of mux trees.
  Evaluating internal representation of mux trees.
  Analyzing evaluation results.
    dead port 1/2 on $mux $procmux$2104.
    dead port 2/2 on $mux $procmux$2104.
    dead port 1/2 on $mux $procmux$2097.
    dead port 2/2 on $mux $procmux$2097.
    dead port 1/2 on $mux $procmux$2090.
    dead port 2/2 on $mux $procmux$2090.
    dead port 1/2 on $mux $procmux$2083.
    dead port 2/2 on $mux $procmux$2083.
    dead port 1/2 on $mux $procmux$2076.
    dead port 2/2 on $mux $procmux$2076.
    dead port 1/2 on $mux $procmux$2069.
    dead port 2/2 on $mux $procmux$2069.
    dead port 1/2 on $mux $procmux$2062.
    dead port 2/2 on $mux $procmux$2062.
    dead port 1/2 on $mux $procmux$2060.
    dead port 2/2 on $mux $procmux$2060.
    dead port 1/2 on $mux $procmux$2052.
    dead port 2/2 on $mux $procmux$2052.
    dead port 1/2 on $mux $procmux$2050.
    dead port 2/2 on $mux $procmux$2050.
    dead port 1/2 on $mux $procmux$2042.
    dead port 2/2 on $mux $procmux$2042.
    dead port 1/2 on $mux $procmux$2040.
    dead port 2/2 on $mux $procmux$2040.
    dead port 1/2 on $mux $procmux$2032.
    dead port 2/2 on $mux $procmux$2032.
    dead port 1/2 on $mux $procmux$2030.
    dead port 2/2 on $mux $procmux$2030.
    dead port 1/2 on $mux $procmux$2022.
    dead port 2/2 on $mux $procmux$2022.
    dead port 1/2 on $mux $procmux$2020.
    dead port 2/2 on $mux $procmux$2020.
    dead port 1/2 on $mux $procmux$2012.
    dead port 2/2 on $mux $procmux$2012.
    dead port 1/2 on $mux $procmux$2010.
    dead port 2/2 on $mux $procmux$2010.
Running muxtree optimizer on module \PSC_NPU_Controller..
  Creating internal representation of mux trees.
  Evaluating internal representation of mux trees.
  Analyzing evaluation results.
    dead port 1/2 on $mux $procmux$2706.
    dead port 2/2 on $mux $procmux$2706.
    dead port 1/2 on $mux $procmux$2693.
    dead port 2/2 on $mux $procmux$2693.
    dead port 1/2 on $mux $procmux$2680.
    dead port 2/2 on $mux $procmux$2680.
    dead port 1/2 on $mux $procmux$2667.
    dead port 2/2 on $mux $procmux$2667.
    dead port 1/2 on $mux $procmux$2654.
    dead port 2/2 on $mux $procmux$2654.
    dead port 1/2 on $mux $procmux$2641.
    dead port 2/2 on $mux $procmux$2641.
    dead port 1/2 on $mux $procmux$2628.
    dead port 2/2 on $mux $procmux$2628.
    dead port 1/2 on $mux $procmux$2622.
    dead port 2/2 on $mux $procmux$2622.
    dead port 1/2 on $mux $procmux$2616.
    dead port 2/2 on $mux $procmux$2616.
    dead port 1/2 on $mux $procmux$2610.
    dead port 2/2 on $mux $procmux$2610.
    dead port 1/2 on $mux $procmux$2604.
    dead port 2/2 on $mux $procmux$2604.
    dead port 1/2 on $mux $procmux$2598.
    dead port 2/2 on $mux $procmux$2598.
    dead port 1/2 on $mux $procmux$2592.
    dead port 2/2 on $mux $procmux$2592.
    dead port 2/2 on $mux $procmux$2586.
    dead port 2/2 on $mux $procmux$2564.
    dead port 1/2 on $mux $procmux$2542.
    dead port 2/2 on $mux $procmux$2542.
    dead port 1/2 on $mux $procmux$2540.
    dead port 2/2 on $mux $procmux$2540.
    dead port 1/2 on $mux $procmux$2533.
    dead port 2/2 on $mux $procmux$2533.
    dead port 1/2 on $mux $procmux$2531.
    dead port 2/2 on $mux $procmux$2531.
    dead port 1/2 on $mux $procmux$2524.
    dead port 2/2 on $mux $procmux$2524.
    dead port 1/2 on $mux $procmux$2522.
    dead port 2/2 on $mux $procmux$2522.
    dead port 1/2 on $mux $procmux$2515.
    dead port 2/2 on $mux $procmux$2515.
    dead port 1/2 on $mux $procmux$2513.
    dead port 2/2 on $mux $procmux$2513.
    dead port 1/2 on $mux $procmux$2506.
    dead port 2/2 on $mux $procmux$2506.
    dead port 1/2 on $mux $procmux$2504.
    dead port 2/2 on $mux $procmux$2504.
    dead port 1/2 on $mux $procmux$2497.
    dead port 2/2 on $mux $procmux$2497.
    dead port 1/2 on $mux $procmux$2495.
    dead port 2/2 on $mux $procmux$2495.
    dead port 1/2 on $mux $procmux$2488.
    dead port 2/2 on $mux $procmux$2488.
    dead port 1/2 on $mux $procmux$2486.
    dead port 2/2 on $mux $procmux$2486.
    dead port 1/2 on $mux $procmux$2479.
    dead port 2/2 on $mux $procmux$2479.
    dead port 1/2 on $mux $procmux$2477.
    dead port 2/2 on $mux $procmux$2477.
    dead port 1/2 on $mux $procmux$2475.
    dead port 2/2 on $mux $procmux$2475.
    dead port 1/2 on $mux $procmux$2467.
    dead port 2/2 on $mux $procmux$2467.
    dead port 1/2 on $mux $procmux$2465.
    dead port 2/2 on $mux $procmux$2465.
    dead port 1/2 on $mux $procmux$2463.
    dead port 2/2 on $mux $procmux$2463.
    dead port 1/2 on $mux $procmux$2455.
    dead port 2/2 on $mux $procmux$2455.
    dead port 1/2 on $mux $procmux$2453.
    dead port 2/2 on $mux $procmux$2453.
    dead port 1/2 on $mux $procmux$2451.
    dead port 2/2 on $mux $procmux$2451.
    dead port 1/2 on $mux $procmux$2443.
    dead port 2/2 on $mux $procmux$2443.
    dead port 1/2 on $mux $procmux$2441.
    dead port 2/2 on $mux $procmux$2441.
    dead port 1/2 on $mux $procmux$2439.
    dead port 2/2 on $mux $procmux$2439.
    dead port 1/2 on $mux $procmux$2431.
    dead port 2/2 on $mux $procmux$2431.
    dead port 1/2 on $mux $procmux$2429.
    dead port 2/2 on $mux $procmux$2429.
    dead port 1/2 on $mux $procmux$2427.
    dead port 2/2 on $mux $procmux$2427.
    dead port 1/2 on $mux $procmux$2419.
    dead port 2/2 on $mux $procmux$2419.
    dead port 1/2 on $mux $procmux$2417.
    dead port 2/2 on $mux $procmux$2417.
    dead port 1/2 on $mux $procmux$2415.
    dead port 2/2 on $mux $procmux$2415.
    dead port 1/2 on $mux $procmux$2407.
    dead port 2/2 on $mux $procmux$2407.
    dead port 1/2 on $mux $procmux$2405.
    dead port 2/2 on $mux $procmux$2405.
    dead port 1/2 on $mux $procmux$2403.
    dead port 2/2 on $mux $procmux$2403.
    dead port 1/2 on $mux $procmux$2395.
    dead port 2/2 on $mux $procmux$2395.
    dead port 1/2 on $mux $procmux$2393.
    dead port 2/2 on $mux $procmux$2393.
    dead port 1/2 on $mux $procmux$2391.
    dead port 2/2 on $mux $procmux$2391.
    dead port 1/2 on $mux $procmux$2389.
    dead port 2/2 on $mux $procmux$2389.
    dead port 1/2 on $mux $procmux$2380.
    dead port 2/2 on $mux $procmux$2380.
    dead port 1/2 on $mux $procmux$2378.
    dead port 2/2 on $mux $procmux$2378.
    dead port 1/2 on $mux $procmux$2376.
    dead port 2/2 on $mux $procmux$2376.
    dead port 1/2 on $mux $procmux$2374.
    dead port 2/2 on $mux $procmux$2374.
    dead port 1/2 on $mux $procmux$2365.
    dead port 2/2 on $mux $procmux$2365.
    dead port 1/2 on $mux $procmux$2363.
    dead port 2/2 on $mux $procmux$2363.
    dead port 1/2 on $mux $procmux$2361.
    dead port 2/2 on $mux $procmux$2361.
    dead port 1/2 on $mux $procmux$2359.
    dead port 2/2 on $mux $procmux$2359.
    dead port 1/2 on $mux $procmux$2350.
    dead port 2/2 on $mux $procmux$2350.
    dead port 1/2 on $mux $procmux$2348.
    dead port 2/2 on $mux $procmux$2348.
    dead port 1/2 on $mux $procmux$2346.
    dead port 2/2 on $mux $procmux$2346.
    dead port 1/2 on $mux $procmux$2344.
    dead port 2/2 on $mux $procmux$2344.
    dead port 1/2 on $mux $procmux$2335.
    dead port 2/2 on $mux $procmux$2335.
    dead port 1/2 on $mux $procmux$2333.
    dead port 2/2 on $mux $procmux$2333.
    dead port 1/2 on $mux $procmux$2331.
    dead port 2/2 on $mux $procmux$2331.
    dead port 1/2 on $mux $procmux$2329.
    dead port 2/2 on $mux $procmux$2329.
    dead port 1/2 on $mux $procmux$2320.
    dead port 2/2 on $mux $procmux$2320.
    dead port 1/2 on $mux $procmux$2318.
    dead port 2/2 on $mux $procmux$2318.
    dead port 1/2 on $mux $procmux$2316.
    dead port 2/2 on $mux $procmux$2316.
    dead port 1/2 on $mux $procmux$2314.
    dead port 2/2 on $mux $procmux$2314.
    dead port 1/2 on $mux $procmux$2305.
    dead port 2/2 on $mux $procmux$2305.
    dead port 1/2 on $mux $procmux$2303.
    dead port 2/2 on $mux $procmux$2303.
    dead port 1/2 on $mux $procmux$2301.
    dead port 2/2 on $mux $procmux$2301.
    dead port 1/2 on $mux $procmux$2299.
    dead port 2/2 on $mux $procmux$2299.
Removed 281 multiplexer ports.
<suppressed ~146 debug messages>

8.4. Executing OPT_REDUCE pass (consolidate $*mux and $reduce_* inputs).
  Optimizing cells in module $paramod$cf50c80de863ac3afecc719a64e6ee2860f6b52d\PSC_NPU_PE_INT.
    New ctrl vector for $pmux cell $procmux$1061: $auto$opt_reduce.cc:137:opt_pmux$3539
    New ctrl vector for $pmux cell $procmux$1100: { $procmux$1108_CMP $auto$opt_reduce.cc:137:opt_pmux$3541 }
  Optimizing cells in module $paramod$cf50c80de863ac3afecc719a64e6ee2860f6b52d\PSC_NPU_PE_INT.
  Optimizing cells in module $paramod$de7457a8d8cd5c2fae12683d12ea9a3d68328a1b\PSC_NPU_PE_Mult.
  Optimizing cells in module $paramod$de230bda5a80cbecdf77d89ad4a10a91c6974674\PSC_NPU_SystolicArray4x4.
  Optimizing cells in module $paramod$307663d54ccd312905f02689dff12188c7776671\PSC_NPU_ReadController.
    New ctrl vector for $pmux cell $procmux$2116: $auto$opt_reduce.cc:137:opt_pmux$3543
  Optimizing cells in module $paramod$307663d54ccd312905f02689dff12188c7776671\PSC_NPU_ReadController.
  Optimizing cells in module \PSC_NPU_Controller.
    New ctrl vector for $pmux cell $procmux$2738: $auto$opt_reduce.cc:137:opt_pmux$3545
    New ctrl vector for $pmux cell $procmux$2876: { $procmux$2952_CMP $auto$opt_reduce.cc:137:opt_pmux$3547 $procmux$2888_CMP $procmux$2981_CMP $procmux$2971_CMP }
    New ctrl vector for $pmux cell $procmux$2729: $auto$opt_reduce.cc:137:opt_pmux$3549
    New ctrl vector for $pmux cell $procmux$2720: $auto$opt_reduce.cc:137:opt_pmux$3551
    New ctrl vector for $pmux cell $procmux$2857: { $procmux$2952_CMP $procmux$2864_CMP $procmux$2888_CMP $auto$opt_reduce.cc:137:opt_pmux$3553 $procmux$2981_CMP }
    New ctrl vector for $pmux cell $procmux$2835: { $procmux$2952_CMP $procmux$2864_CMP $procmux$2888_CMP $auto$opt_reduce.cc:137:opt_pmux$3555 $procmux$2981_CMP }
  Optimizing cells in module \PSC_NPU_Controller.
Performed a total of 9 changes.

8.5. Executing OPT_MERGE pass (detect identical cells).
Finding identical cells in module `$paramod$cf50c80de863ac3afecc719a64e6ee2860f6b52d\PSC_NPU_PE_INT'.
Finding identical cells in module `$paramod$de7457a8d8cd5c2fae12683d12ea9a3d68328a1b\PSC_NPU_PE_Mult'.
Finding identical cells in module `$paramod$de230bda5a80cbecdf77d89ad4a10a91c6974674\PSC_NPU_SystolicArray4x4'.
Finding identical cells in module `$paramod$307663d54ccd312905f02689dff12188c7776671\PSC_NPU_ReadController'.
<suppressed ~6 debug messages>
Finding identical cells in module `\PSC_NPU_Controller'.
<suppressed ~12 debug messages>
Removed a total of 6 cells.

8.6. Executing OPT_DFF pass (perform DFF optimizations).
Adding EN signal on $procdff$3033 ($adff) from module $paramod$cf50c80de863ac3afecc719a64e6ee2860f6b52d\PSC_NPU_PE_INT (D = $procmux$1117_Y, Q = \data_A).
Adding EN signal on $procdff$3023 ($dff) from module $paramod$cf50c80de863ac3afecc719a64e6ee2860f6b52d\PSC_NPU_PE_INT (D = 16, Q = \i).
Adding EN signal on $procdff$3001 ($adff) from module $paramod$cf50c80de863ac3afecc719a64e6ee2860f6b52d\PSC_NPU_PE_INT (D = $procmux$1079_Y, Q = \data_out_valid).
Adding EN signal on $procdff$3016 ($adff) from module $paramod$cf50c80de863ac3afecc719a64e6ee2860f6b52d\PSC_NPU_PE_INT (D = $procmux$1051_Y, Q = \product [31:0]).
Adding EN signal on $procdff$3016 ($adff) from module $paramod$cf50c80de863ac3afecc719a64e6ee2860f6b52d\PSC_NPU_PE_INT (D = $procmux$1041_Y, Q = \product [63:32]).
Adding EN signal on $procdff$3016 ($adff) from module $paramod$cf50c80de863ac3afecc719a64e6ee2860f6b52d\PSC_NPU_PE_INT (D = $procmux$1031_Y, Q = \product [95:64]).
Adding EN signal on $procdff$3016 ($adff) from module $paramod$cf50c80de863ac3afecc719a64e6ee2860f6b52d\PSC_NPU_PE_INT (D = $procmux$1021_Y, Q = \product [127:96]).
Adding EN signal on $procdff$3016 ($adff) from module $paramod$cf50c80de863ac3afecc719a64e6ee2860f6b52d\PSC_NPU_PE_INT (D = $procmux$1011_Y, Q = \product [159:128]).
Adding EN signal on $procdff$3016 ($adff) from module $paramod$cf50c80de863ac3afecc719a64e6ee2860f6b52d\PSC_NPU_PE_INT (D = $procmux$1001_Y, Q = \product [191:160]).
Adding EN signal on $procdff$3016 ($adff) from module $paramod$cf50c80de863ac3afecc719a64e6ee2860f6b52d\PSC_NPU_PE_INT (D = $procmux$991_Y, Q = \product [223:192]).
Adding EN signal on $procdff$3016 ($adff) from module $paramod$cf50c80de863ac3afecc719a64e6ee2860f6b52d\PSC_NPU_PE_INT (D = $procmux$981_Y, Q = \product [255:224]).
Adding EN signal on $procdff$3016 ($adff) from module $paramod$cf50c80de863ac3afecc719a64e6ee2860f6b52d\PSC_NPU_PE_INT (D = $procmux$971_Y, Q = \product [287:256]).
Adding EN signal on $procdff$3016 ($adff) from module $paramod$cf50c80de863ac3afecc719a64e6ee2860f6b52d\PSC_NPU_PE_INT (D = $procmux$961_Y, Q = \product [319:288]).
Adding EN signal on $procdff$3016 ($adff) from module $paramod$cf50c80de863ac3afecc719a64e6ee2860f6b52d\PSC_NPU_PE_INT (D = $procmux$951_Y, Q = \product [351:320]).
Adding EN signal on $procdff$3016 ($adff) from module $paramod$cf50c80de863ac3afecc719a64e6ee2860f6b52d\PSC_NPU_PE_INT (D = $procmux$941_Y, Q = \product [383:352]).
Adding EN signal on $procdff$3016 ($adff) from module $paramod$cf50c80de863ac3afecc719a64e6ee2860f6b52d\PSC_NPU_PE_INT (D = $procmux$931_Y, Q = \product [415:384]).
Adding EN signal on $procdff$3016 ($adff) from module $paramod$cf50c80de863ac3afecc719a64e6ee2860f6b52d\PSC_NPU_PE_INT (D = $procmux$921_Y, Q = \product [447:416]).
Adding EN signal on $procdff$3016 ($adff) from module $paramod$cf50c80de863ac3afecc719a64e6ee2860f6b52d\PSC_NPU_PE_INT (D = $procmux$911_Y, Q = \product [479:448]).
Adding EN signal on $procdff$3016 ($adff) from module $paramod$cf50c80de863ac3afecc719a64e6ee2860f6b52d\PSC_NPU_PE_INT (D = $procmux$1072_Y, Q = \product [511:480]).
Adding EN signal on $procdff$2986 ($adff) from module $paramod$cf50c80de863ac3afecc719a64e6ee2860f6b52d\PSC_NPU_PE_INT (D = $procmux$1100_Y, Q = \busy).
Adding EN signal on $procdff$3011 ($adff) from module $paramod$cf50c80de863ac3afecc719a64e6ee2860f6b52d\PSC_NPU_PE_INT (D = $procmux$1065_Y, Q = \mul_done).
Adding EN signal on $procdff$3006 ($adff) from module $paramod$cf50c80de863ac3afecc719a64e6ee2860f6b52d\PSC_NPU_PE_INT (D = { $procmux$796_Y $procmux$803_Y $procmux$810_Y $procmux$817_Y $procmux$824_Y $procmux$831_Y $procmux$838_Y $procmux$845_Y $procmux$852_Y $procmux$859_Y $procmux$866_Y $procmux$873_Y $procmux$880_Y $procmux$887_Y $procmux$894_Y $procmux$901_Y }, Q = \ps_acc).
Adding EN signal on $procdff$3028 ($adff) from module $paramod$cf50c80de863ac3afecc719a64e6ee2860f6b52d\PSC_NPU_PE_INT (D = $procmux$1112_Y, Q = \data_B).
Adding EN signal on $procdff$2996 ($adff) from module $paramod$cf50c80de863ac3afecc719a64e6ee2860f6b52d\PSC_NPU_PE_INT (D = $procmux$1089_Y, Q = \state).
Setting constant 0-bit at position 0 on $auto$ff.cc:266:slice$3559 ($dffe) from module $paramod$cf50c80de863ac3afecc719a64e6ee2860f6b52d\PSC_NPU_PE_INT.
Setting constant 0-bit at position 1 on $auto$ff.cc:266:slice$3559 ($dffe) from module $paramod$cf50c80de863ac3afecc719a64e6ee2860f6b52d\PSC_NPU_PE_INT.
Setting constant 0-bit at position 2 on $auto$ff.cc:266:slice$3559 ($dffe) from module $paramod$cf50c80de863ac3afecc719a64e6ee2860f6b52d\PSC_NPU_PE_INT.
Setting constant 0-bit at position 3 on $auto$ff.cc:266:slice$3559 ($dffe) from module $paramod$cf50c80de863ac3afecc719a64e6ee2860f6b52d\PSC_NPU_PE_INT.
Setting constant 1-bit at position 4 on $auto$ff.cc:266:slice$3559 ($dffe) from module $paramod$cf50c80de863ac3afecc719a64e6ee2860f6b52d\PSC_NPU_PE_INT.
Setting constant 0-bit at position 5 on $auto$ff.cc:266:slice$3559 ($dffe) from module $paramod$cf50c80de863ac3afecc719a64e6ee2860f6b52d\PSC_NPU_PE_INT.
Setting constant 0-bit at position 6 on $auto$ff.cc:266:slice$3559 ($dffe) from module $paramod$cf50c80de863ac3afecc719a64e6ee2860f6b52d\PSC_NPU_PE_INT.
Setting constant 0-bit at position 7 on $auto$ff.cc:266:slice$3559 ($dffe) from module $paramod$cf50c80de863ac3afecc719a64e6ee2860f6b52d\PSC_NPU_PE_INT.
Setting constant 0-bit at position 8 on $auto$ff.cc:266:slice$3559 ($dffe) from module $paramod$cf50c80de863ac3afecc719a64e6ee2860f6b52d\PSC_NPU_PE_INT.
Setting constant 0-bit at position 9 on $auto$ff.cc:266:slice$3559 ($dffe) from module $paramod$cf50c80de863ac3afecc719a64e6ee2860f6b52d\PSC_NPU_PE_INT.
Setting constant 0-bit at position 10 on $auto$ff.cc:266:slice$3559 ($dffe) from module $paramod$cf50c80de863ac3afecc719a64e6ee2860f6b52d\PSC_NPU_PE_INT.
Setting constant 0-bit at position 11 on $auto$ff.cc:266:slice$3559 ($dffe) from module $paramod$cf50c80de863ac3afecc719a64e6ee2860f6b52d\PSC_NPU_PE_INT.
Setting constant 0-bit at position 12 on $auto$ff.cc:266:slice$3559 ($dffe) from module $paramod$cf50c80de863ac3afecc719a64e6ee2860f6b52d\PSC_NPU_PE_INT.
Setting constant 0-bit at position 13 on $auto$ff.cc:266:slice$3559 ($dffe) from module $paramod$cf50c80de863ac3afecc719a64e6ee2860f6b52d\PSC_NPU_PE_INT.
Setting constant 0-bit at position 14 on $auto$ff.cc:266:slice$3559 ($dffe) from module $paramod$cf50c80de863ac3afecc719a64e6ee2860f6b52d\PSC_NPU_PE_INT.
Setting constant 0-bit at position 15 on $auto$ff.cc:266:slice$3559 ($dffe) from module $paramod$cf50c80de863ac3afecc719a64e6ee2860f6b52d\PSC_NPU_PE_INT.
Setting constant 0-bit at position 16 on $auto$ff.cc:266:slice$3559 ($dffe) from module $paramod$cf50c80de863ac3afecc719a64e6ee2860f6b52d\PSC_NPU_PE_INT.
Setting constant 0-bit at position 17 on $auto$ff.cc:266:slice$3559 ($dffe) from module $paramod$cf50c80de863ac3afecc719a64e6ee2860f6b52d\PSC_NPU_PE_INT.
Setting constant 0-bit at position 18 on $auto$ff.cc:266:slice$3559 ($dffe) from module $paramod$cf50c80de863ac3afecc719a64e6ee2860f6b52d\PSC_NPU_PE_INT.
Setting constant 0-bit at position 19 on $auto$ff.cc:266:slice$3559 ($dffe) from module $paramod$cf50c80de863ac3afecc719a64e6ee2860f6b52d\PSC_NPU_PE_INT.
Setting constant 0-bit at position 20 on $auto$ff.cc:266:slice$3559 ($dffe) from module $paramod$cf50c80de863ac3afecc719a64e6ee2860f6b52d\PSC_NPU_PE_INT.
Setting constant 0-bit at position 21 on $auto$ff.cc:266:slice$3559 ($dffe) from module $paramod$cf50c80de863ac3afecc719a64e6ee2860f6b52d\PSC_NPU_PE_INT.
Setting constant 0-bit at position 22 on $auto$ff.cc:266:slice$3559 ($dffe) from module $paramod$cf50c80de863ac3afecc719a64e6ee2860f6b52d\PSC_NPU_PE_INT.
Setting constant 0-bit at position 23 on $auto$ff.cc:266:slice$3559 ($dffe) from module $paramod$cf50c80de863ac3afecc719a64e6ee2860f6b52d\PSC_NPU_PE_INT.
Setting constant 0-bit at position 24 on $auto$ff.cc:266:slice$3559 ($dffe) from module $paramod$cf50c80de863ac3afecc719a64e6ee2860f6b52d\PSC_NPU_PE_INT.
Setting constant 0-bit at position 25 on $auto$ff.cc:266:slice$3559 ($dffe) from module $paramod$cf50c80de863ac3afecc719a64e6ee2860f6b52d\PSC_NPU_PE_INT.
Setting constant 0-bit at position 26 on $auto$ff.cc:266:slice$3559 ($dffe) from module $paramod$cf50c80de863ac3afecc719a64e6ee2860f6b52d\PSC_NPU_PE_INT.
Setting constant 0-bit at position 27 on $auto$ff.cc:266:slice$3559 ($dffe) from module $paramod$cf50c80de863ac3afecc719a64e6ee2860f6b52d\PSC_NPU_PE_INT.
Setting constant 0-bit at position 28 on $auto$ff.cc:266:slice$3559 ($dffe) from module $paramod$cf50c80de863ac3afecc719a64e6ee2860f6b52d\PSC_NPU_PE_INT.
Setting constant 0-bit at position 29 on $auto$ff.cc:266:slice$3559 ($dffe) from module $paramod$cf50c80de863ac3afecc719a64e6ee2860f6b52d\PSC_NPU_PE_INT.
Setting constant 0-bit at position 30 on $auto$ff.cc:266:slice$3559 ($dffe) from module $paramod$cf50c80de863ac3afecc719a64e6ee2860f6b52d\PSC_NPU_PE_INT.
Setting constant 0-bit at position 31 on $auto$ff.cc:266:slice$3559 ($dffe) from module $paramod$cf50c80de863ac3afecc719a64e6ee2860f6b52d\PSC_NPU_PE_INT.
Adding EN signal on $procdff$3043 ($adff) from module $paramod$de7457a8d8cd5c2fae12683d12ea9a3d68328a1b\PSC_NPU_PE_Mult (D = $6$lookahead\result_C$656[511:0]$769, Q = \result_C).
Adding EN signal on $procdff$3142 ($adff) from module $paramod$de7457a8d8cd5c2fae12683d12ea9a3d68328a1b\PSC_NPU_PE_Mult (D = \data_A [103:96], Q = \data_A_latch[12]).
Adding EN signal on $procdff$3232 ($adff) from module $paramod$de7457a8d8cd5c2fae12683d12ea9a3d68328a1b\PSC_NPU_PE_Mult (D = \data_B [119:112], Q = \data_B_latch[14]).
Adding EN signal on $procdff$3192 ($adff) from module $paramod$de7457a8d8cd5c2fae12683d12ea9a3d68328a1b\PSC_NPU_PE_Mult (D = \data_B [55:48], Q = \data_B_latch[6]).
Adding EN signal on $procdff$3102 ($adff) from module $paramod$de7457a8d8cd5c2fae12683d12ea9a3d68328a1b\PSC_NPU_PE_Mult (D = \data_A [39:32], Q = \data_A_latch[4]).
Adding EN signal on $procdff$3202 ($adff) from module $paramod$de7457a8d8cd5c2fae12683d12ea9a3d68328a1b\PSC_NPU_PE_Mult (D = \data_B [71:64], Q = \data_B_latch[8]).
Adding EN signal on $procdff$3197 ($adff) from module $paramod$de7457a8d8cd5c2fae12683d12ea9a3d68328a1b\PSC_NPU_PE_Mult (D = \data_B [63:56], Q = \data_B_latch[7]).
Adding EN signal on $procdff$3187 ($adff) from module $paramod$de7457a8d8cd5c2fae12683d12ea9a3d68328a1b\PSC_NPU_PE_Mult (D = \data_B [47:40], Q = \data_B_latch[5]).
Adding EN signal on $procdff$3038 ($adff) from module $paramod$de7457a8d8cd5c2fae12683d12ea9a3d68328a1b\PSC_NPU_PE_Mult (D = $procmux$1637_Y, Q = \state).
Adding EN signal on $procdff$3162 ($adff) from module $paramod$de7457a8d8cd5c2fae12683d12ea9a3d68328a1b\PSC_NPU_PE_Mult (D = \data_B [7:0], Q = \data_B_latch[0]).
Adding EN signal on $procdff$3182 ($adff) from module $paramod$de7457a8d8cd5c2fae12683d12ea9a3d68328a1b\PSC_NPU_PE_Mult (D = \data_B [39:32], Q = \data_B_latch[4]).
Adding EN signal on $procdff$3107 ($adff) from module $paramod$de7457a8d8cd5c2fae12683d12ea9a3d68328a1b\PSC_NPU_PE_Mult (D = \data_A [47:40], Q = \data_A_latch[5]).
Adding EN signal on $procdff$3237 ($adff) from module $paramod$de7457a8d8cd5c2fae12683d12ea9a3d68328a1b\PSC_NPU_PE_Mult (D = \data_B [127:120], Q = \data_B_latch[15]).
Adding EN signal on $procdff$3227 ($adff) from module $paramod$de7457a8d8cd5c2fae12683d12ea9a3d68328a1b\PSC_NPU_PE_Mult (D = \data_B [111:104], Q = \data_B_latch[13]).
Adding EN signal on $procdff$3053 ($adff) from module $paramod$de7457a8d8cd5c2fae12683d12ea9a3d68328a1b\PSC_NPU_PE_Mult (D = $procmux$1624_Y, Q = \group_index).
Adding EN signal on $procdff$3112 ($adff) from module $paramod$de7457a8d8cd5c2fae12683d12ea9a3d68328a1b\PSC_NPU_PE_Mult (D = \data_A [55:48], Q = \data_A_latch[6]).
Adding EN signal on $procdff$3058 ($adff) from module $paramod$de7457a8d8cd5c2fae12683d12ea9a3d68328a1b\PSC_NPU_PE_Mult (D = $procmux$1613_Y, Q = \valid_latch).
Adding EN signal on $procdff$3147 ($adff) from module $paramod$de7457a8d8cd5c2fae12683d12ea9a3d68328a1b\PSC_NPU_PE_Mult (D = \data_A [111:104], Q = \data_A_latch[13]).
Adding EN signal on $procdff$3117 ($adff) from module $paramod$de7457a8d8cd5c2fae12683d12ea9a3d68328a1b\PSC_NPU_PE_Mult (D = \data_A [63:56], Q = \data_A_latch[7]).
Adding EN signal on $procdff$3063 ($adff) from module $paramod$de7457a8d8cd5c2fae12683d12ea9a3d68328a1b\PSC_NPU_PE_Mult (D = $3\seq_i[31:0], Q = \seq_i).
Adding EN signal on $procdff$3167 ($adff) from module $paramod$de7457a8d8cd5c2fae12683d12ea9a3d68328a1b\PSC_NPU_PE_Mult (D = \data_B [15:8], Q = \data_B_latch[1]).
Adding EN signal on $procdff$3177 ($adff) from module $paramod$de7457a8d8cd5c2fae12683d12ea9a3d68328a1b\PSC_NPU_PE_Mult (D = \data_B [31:24], Q = \data_B_latch[3]).
Adding EN signal on $procdff$3070 ($dff) from module $paramod$de7457a8d8cd5c2fae12683d12ea9a3d68328a1b\PSC_NPU_PE_Mult (D = 4, Q = \seq_m).
Adding EN signal on $procdff$3122 ($adff) from module $paramod$de7457a8d8cd5c2fae12683d12ea9a3d68328a1b\PSC_NPU_PE_Mult (D = \data_A [71:64], Q = \data_A_latch[8]).
Adding EN signal on $procdff$3152 ($adff) from module $paramod$de7457a8d8cd5c2fae12683d12ea9a3d68328a1b\PSC_NPU_PE_Mult (D = \data_A [119:112], Q = \data_A_latch[14]).
Adding EN signal on $procdff$3077 ($dff) from module $paramod$de7457a8d8cd5c2fae12683d12ea9a3d68328a1b\PSC_NPU_PE_Mult (D = $add$../rtl/ai/src/PSC_NPU_PE_Mult.v:247$764_Y, Q = \seq_lane).
Adding EN signal on $procdff$3212 ($adff) from module $paramod$de7457a8d8cd5c2fae12683d12ea9a3d68328a1b\PSC_NPU_PE_Mult (D = \data_B [87:80], Q = \data_B_latch[10]).
Adding EN signal on $procdff$3207 ($adff) from module $paramod$de7457a8d8cd5c2fae12683d12ea9a3d68328a1b\PSC_NPU_PE_Mult (D = \data_B [79:72], Q = \data_B_latch[9]).
Adding EN signal on $procdff$3082 ($adff) from module $paramod$de7457a8d8cd5c2fae12683d12ea9a3d68328a1b\PSC_NPU_PE_Mult (D = \data_A [7:0], Q = \data_A_latch[0]).
Adding EN signal on $procdff$3127 ($adff) from module $paramod$de7457a8d8cd5c2fae12683d12ea9a3d68328a1b\PSC_NPU_PE_Mult (D = \data_A [79:72], Q = \data_A_latch[9]).
Adding EN signal on $procdff$3217 ($adff) from module $paramod$de7457a8d8cd5c2fae12683d12ea9a3d68328a1b\PSC_NPU_PE_Mult (D = \data_B [95:88], Q = \data_B_latch[11]).
Adding EN signal on $procdff$3087 ($adff) from module $paramod$de7457a8d8cd5c2fae12683d12ea9a3d68328a1b\PSC_NPU_PE_Mult (D = \data_A [15:8], Q = \data_A_latch[1]).
Adding EN signal on $procdff$3222 ($adff) from module $paramod$de7457a8d8cd5c2fae12683d12ea9a3d68328a1b\PSC_NPU_PE_Mult (D = \data_B [103:96], Q = \data_B_latch[12]).
Adding EN signal on $procdff$3132 ($adff) from module $paramod$de7457a8d8cd5c2fae12683d12ea9a3d68328a1b\PSC_NPU_PE_Mult (D = \data_A [87:80], Q = \data_A_latch[10]).
Adding EN signal on $procdff$3092 ($adff) from module $paramod$de7457a8d8cd5c2fae12683d12ea9a3d68328a1b\PSC_NPU_PE_Mult (D = \data_A [23:16], Q = \data_A_latch[2]).
Adding EN signal on $procdff$3157 ($adff) from module $paramod$de7457a8d8cd5c2fae12683d12ea9a3d68328a1b\PSC_NPU_PE_Mult (D = \data_A [127:120], Q = \data_A_latch[15]).
Adding EN signal on $procdff$3172 ($adff) from module $paramod$de7457a8d8cd5c2fae12683d12ea9a3d68328a1b\PSC_NPU_PE_Mult (D = \data_B [23:16], Q = \data_B_latch[2]).
Adding EN signal on $procdff$3097 ($adff) from module $paramod$de7457a8d8cd5c2fae12683d12ea9a3d68328a1b\PSC_NPU_PE_Mult (D = \data_A [31:24], Q = \data_A_latch[3]).
Adding EN signal on $procdff$3137 ($adff) from module $paramod$de7457a8d8cd5c2fae12683d12ea9a3d68328a1b\PSC_NPU_PE_Mult (D = \data_A [95:88], Q = \data_A_latch[11]).
Setting constant 0-bit at position 0 on $auto$ff.cc:266:slice$3812 ($dffe) from module $paramod$de7457a8d8cd5c2fae12683d12ea9a3d68328a1b\PSC_NPU_PE_Mult.
Setting constant 0-bit at position 1 on $auto$ff.cc:266:slice$3812 ($dffe) from module $paramod$de7457a8d8cd5c2fae12683d12ea9a3d68328a1b\PSC_NPU_PE_Mult.
Setting constant 1-bit at position 2 on $auto$ff.cc:266:slice$3812 ($dffe) from module $paramod$de7457a8d8cd5c2fae12683d12ea9a3d68328a1b\PSC_NPU_PE_Mult.
Setting constant 0-bit at position 3 on $auto$ff.cc:266:slice$3812 ($dffe) from module $paramod$de7457a8d8cd5c2fae12683d12ea9a3d68328a1b\PSC_NPU_PE_Mult.
Setting constant 0-bit at position 4 on $auto$ff.cc:266:slice$3812 ($dffe) from module $paramod$de7457a8d8cd5c2fae12683d12ea9a3d68328a1b\PSC_NPU_PE_Mult.
Setting constant 0-bit at position 5 on $auto$ff.cc:266:slice$3812 ($dffe) from module $paramod$de7457a8d8cd5c2fae12683d12ea9a3d68328a1b\PSC_NPU_PE_Mult.
Setting constant 0-bit at position 6 on $auto$ff.cc:266:slice$3812 ($dffe) from module $paramod$de7457a8d8cd5c2fae12683d12ea9a3d68328a1b\PSC_NPU_PE_Mult.
Setting constant 0-bit at position 7 on $auto$ff.cc:266:slice$3812 ($dffe) from module $paramod$de7457a8d8cd5c2fae12683d12ea9a3d68328a1b\PSC_NPU_PE_Mult.
Setting constant 0-bit at position 8 on $auto$ff.cc:266:slice$3812 ($dffe) from module $paramod$de7457a8d8cd5c2fae12683d12ea9a3d68328a1b\PSC_NPU_PE_Mult.
Setting constant 0-bit at position 9 on $auto$ff.cc:266:slice$3812 ($dffe) from module $paramod$de7457a8d8cd5c2fae12683d12ea9a3d68328a1b\PSC_NPU_PE_Mult.
Setting constant 0-bit at position 10 on $auto$ff.cc:266:slice$3812 ($dffe) from module $paramod$de7457a8d8cd5c2fae12683d12ea9a3d68328a1b\PSC_NPU_PE_Mult.
Setting constant 0-bit at position 11 on $auto$ff.cc:266:slice$3812 ($dffe) from module $paramod$de7457a8d8cd5c2fae12683d12ea9a3d68328a1b\PSC_NPU_PE_Mult.
Setting constant 0-bit at position 12 on $auto$ff.cc:266:slice$3812 ($dffe) from module $paramod$de7457a8d8cd5c2fae12683d12ea9a3d68328a1b\PSC_NPU_PE_Mult.
Setting constant 0-bit at position 13 on $auto$ff.cc:266:slice$3812 ($dffe) from module $paramod$de7457a8d8cd5c2fae12683d12ea9a3d68328a1b\PSC_NPU_PE_Mult.
Setting constant 0-bit at position 14 on $auto$ff.cc:266:slice$3812 ($dffe) from module $paramod$de7457a8d8cd5c2fae12683d12ea9a3d68328a1b\PSC_NPU_PE_Mult.
Setting constant 0-bit at position 15 on $auto$ff.cc:266:slice$3812 ($dffe) from module $paramod$de7457a8d8cd5c2fae12683d12ea9a3d68328a1b\PSC_NPU_PE_Mult.
Setting constant 0-bit at position 16 on $auto$ff.cc:266:slice$3812 ($dffe) from module $paramod$de7457a8d8cd5c2fae12683d12ea9a3d68328a1b\PSC_NPU_PE_Mult.
Setting constant 0-bit at position 17 on $auto$ff.cc:266:slice$3812 ($dffe) from module $paramod$de7457a8d8cd5c2fae12683d12ea9a3d68328a1b\PSC_NPU_PE_Mult.
Setting constant 0-bit at position 18 on $auto$ff.cc:266:slice$3812 ($dffe) from module $paramod$de7457a8d8cd5c2fae12683d12ea9a3d68328a1b\PSC_NPU_PE_Mult.
Setting constant 0-bit at position 19 on $auto$ff.cc:266:slice$3812 ($dffe) from module $paramod$de7457a8d8cd5c2fae12683d12ea9a3d68328a1b\PSC_NPU_PE_Mult.
Setting constant 0-bit at position 20 on $auto$ff.cc:266:slice$3812 ($dffe) from module $paramod$de7457a8d8cd5c2fae12683d12ea9a3d68328a1b\PSC_NPU_PE_Mult.
Setting constant 0-bit at position 21 on $auto$ff.cc:266:slice$3812 ($dffe) from module $paramod$de7457a8d8cd5c2fae12683d12ea9a3d68328a1b\PSC_NPU_PE_Mult.
Setting constant 0-bit at position 22 on $auto$ff.cc:266:slice$3812 ($dffe) from module $paramod$de7457a8d8cd5c2fae12683d12ea9a3d68328a1b\PSC_NPU_PE_Mult.
Setting constant 0-bit at position 23 on $auto$ff.cc:266:slice$3812 ($dffe) from module $paramod$de7457a8d8cd5c2fae12683d12ea9a3d68328a1b\PSC_NPU_PE_Mult.
Setting constant 0-bit at position 24 on $auto$ff.cc:266:slice$3812 ($dffe) from module $paramod$de7457a8d8cd5c2fae12683d12ea9a3d68328a1b\PSC_NPU_PE_Mult.
Setting constant 0-bit at position 25 on $auto$ff.cc:266:slice$3812 ($dffe) from module $paramod$de7457a8d8cd5c2fae12683d12ea9a3d68328a1b\PSC_NPU_PE_Mult.
Setting constant 0-bit at position 26 on $auto$ff.cc:266:slice$3812 ($dffe) from module $paramod$de7457a8d8cd5c2fae12683d12ea9a3d68328a1b\PSC_NPU_PE_Mult.
Setting constant 0-bit at position 27 on $auto$ff.cc:266:slice$3812 ($dffe) from module $paramod$de7457a8d8cd5c2fae12683d12ea9a3d68328a1b\PSC_NPU_PE_Mult.
Setting constant 0-bit at position 28 on $auto$ff.cc:266:slice$3812 ($dffe) from module $paramod$de7457a8d8cd5c2fae12683d12ea9a3d68328a1b\PSC_NPU_PE_Mult.
Setting constant 0-bit at position 29 on $auto$ff.cc:266:slice$3812 ($dffe) from module $paramod$de7457a8d8cd5c2fae12683d12ea9a3d68328a1b\PSC_NPU_PE_Mult.
Setting constant 0-bit at position 30 on $auto$ff.cc:266:slice$3812 ($dffe) from module $paramod$de7457a8d8cd5c2fae12683d12ea9a3d68328a1b\PSC_NPU_PE_Mult.
Setting constant 0-bit at position 31 on $auto$ff.cc:266:slice$3812 ($dffe) from module $paramod$de7457a8d8cd5c2fae12683d12ea9a3d68328a1b\PSC_NPU_PE_Mult.
Setting constant 1-bit at position 0 on $procdff$3242 ($adff) from module $paramod$de7457a8d8cd5c2fae12683d12ea9a3d68328a1b\PSC_NPU_PE_Mult.
Setting constant 1-bit at position 1 on $procdff$3242 ($adff) from module $paramod$de7457a8d8cd5c2fae12683d12ea9a3d68328a1b\PSC_NPU_PE_Mult.
Setting constant 1-bit at position 2 on $procdff$3242 ($adff) from module $paramod$de7457a8d8cd5c2fae12683d12ea9a3d68328a1b\PSC_NPU_PE_Mult.
Setting constant 1-bit at position 3 on $procdff$3242 ($adff) from module $paramod$de7457a8d8cd5c2fae12683d12ea9a3d68328a1b\PSC_NPU_PE_Mult.
Setting constant 1-bit at position 4 on $procdff$3242 ($adff) from module $paramod$de7457a8d8cd5c2fae12683d12ea9a3d68328a1b\PSC_NPU_PE_Mult.
Setting constant 1-bit at position 5 on $procdff$3242 ($adff) from module $paramod$de7457a8d8cd5c2fae12683d12ea9a3d68328a1b\PSC_NPU_PE_Mult.
Setting constant 1-bit at position 6 on $procdff$3242 ($adff) from module $paramod$de7457a8d8cd5c2fae12683d12ea9a3d68328a1b\PSC_NPU_PE_Mult.
Setting constant 1-bit at position 7 on $procdff$3242 ($adff) from module $paramod$de7457a8d8cd5c2fae12683d12ea9a3d68328a1b\PSC_NPU_PE_Mult.
Setting constant 1-bit at position 8 on $procdff$3242 ($adff) from module $paramod$de7457a8d8cd5c2fae12683d12ea9a3d68328a1b\PSC_NPU_PE_Mult.
Setting constant 1-bit at position 9 on $procdff$3242 ($adff) from module $paramod$de7457a8d8cd5c2fae12683d12ea9a3d68328a1b\PSC_NPU_PE_Mult.
Setting constant 1-bit at position 10 on $procdff$3242 ($adff) from module $paramod$de7457a8d8cd5c2fae12683d12ea9a3d68328a1b\PSC_NPU_PE_Mult.
Setting constant 1-bit at position 11 on $procdff$3242 ($adff) from module $paramod$de7457a8d8cd5c2fae12683d12ea9a3d68328a1b\PSC_NPU_PE_Mult.
Setting constant 1-bit at position 12 on $procdff$3242 ($adff) from module $paramod$de7457a8d8cd5c2fae12683d12ea9a3d68328a1b\PSC_NPU_PE_Mult.
Setting constant 1-bit at position 13 on $procdff$3242 ($adff) from module $paramod$de7457a8d8cd5c2fae12683d12ea9a3d68328a1b\PSC_NPU_PE_Mult.
Setting constant 1-bit at position 14 on $procdff$3242 ($adff) from module $paramod$de7457a8d8cd5c2fae12683d12ea9a3d68328a1b\PSC_NPU_PE_Mult.
Setting constant 1-bit at position 15 on $procdff$3242 ($adff) from module $paramod$de7457a8d8cd5c2fae12683d12ea9a3d68328a1b\PSC_NPU_PE_Mult.
Setting constant 1-bit at position 16 on $procdff$3242 ($adff) from module $paramod$de7457a8d8cd5c2fae12683d12ea9a3d68328a1b\PSC_NPU_PE_Mult.
Setting constant 1-bit at position 17 on $procdff$3242 ($adff) from module $paramod$de7457a8d8cd5c2fae12683d12ea9a3d68328a1b\PSC_NPU_PE_Mult.
Setting constant 1-bit at position 18 on $procdff$3242 ($adff) from module $paramod$de7457a8d8cd5c2fae12683d12ea9a3d68328a1b\PSC_NPU_PE_Mult.
Setting constant 1-bit at position 19 on $procdff$3242 ($adff) from module $paramod$de7457a8d8cd5c2fae12683d12ea9a3d68328a1b\PSC_NPU_PE_Mult.
Setting constant 1-bit at position 20 on $procdff$3242 ($adff) from module $paramod$de7457a8d8cd5c2fae12683d12ea9a3d68328a1b\PSC_NPU_PE_Mult.
Setting constant 1-bit at position 21 on $procdff$3242 ($adff) from module $paramod$de7457a8d8cd5c2fae12683d12ea9a3d68328a1b\PSC_NPU_PE_Mult.
Setting constant 1-bit at position 22 on $procdff$3242 ($adff) from module $paramod$de7457a8d8cd5c2fae12683d12ea9a3d68328a1b\PSC_NPU_PE_Mult.
Setting constant 1-bit at position 23 on $procdff$3242 ($adff) from module $paramod$de7457a8d8cd5c2fae12683d12ea9a3d68328a1b\PSC_NPU_PE_Mult.
Setting constant 1-bit at position 24 on $procdff$3242 ($adff) from module $paramod$de7457a8d8cd5c2fae12683d12ea9a3d68328a1b\PSC_NPU_PE_Mult.
Setting constant 1-bit at position 25 on $procdff$3242 ($adff) from module $paramod$de7457a8d8cd5c2fae12683d12ea9a3d68328a1b\PSC_NPU_PE_Mult.
Setting constant 1-bit at position 26 on $procdff$3242 ($adff) from module $paramod$de7457a8d8cd5c2fae12683d12ea9a3d68328a1b\PSC_NPU_PE_Mult.
Setting constant 1-bit at position 27 on $procdff$3242 ($adff) from module $paramod$de7457a8d8cd5c2fae12683d12ea9a3d68328a1b\PSC_NPU_PE_Mult.
Setting constant 1-bit at position 28 on $procdff$3242 ($adff) from module $paramod$de7457a8d8cd5c2fae12683d12ea9a3d68328a1b\PSC_NPU_PE_Mult.
Setting constant 1-bit at position 29 on $procdff$3242 ($adff) from module $paramod$de7457a8d8cd5c2fae12683d12ea9a3d68328a1b\PSC_NPU_PE_Mult.
Setting constant 1-bit at position 30 on $procdff$3242 ($adff) from module $paramod$de7457a8d8cd5c2fae12683d12ea9a3d68328a1b\PSC_NPU_PE_Mult.
Setting constant 1-bit at position 31 on $procdff$3242 ($adff) from module $paramod$de7457a8d8cd5c2fae12683d12ea9a3d68328a1b\PSC_NPU_PE_Mult.
Setting constant 1-bit at position 0 on $procdff$3282 ($adff) from module $paramod$de7457a8d8cd5c2fae12683d12ea9a3d68328a1b\PSC_NPU_PE_Mult.
Setting constant 1-bit at position 1 on $procdff$3282 ($adff) from module $paramod$de7457a8d8cd5c2fae12683d12ea9a3d68328a1b\PSC_NPU_PE_Mult.
Setting constant 1-bit at position 2 on $procdff$3282 ($adff) from module $paramod$de7457a8d8cd5c2fae12683d12ea9a3d68328a1b\PSC_NPU_PE_Mult.
Setting constant 1-bit at position 3 on $procdff$3282 ($adff) from module $paramod$de7457a8d8cd5c2fae12683d12ea9a3d68328a1b\PSC_NPU_PE_Mult.
Setting constant 1-bit at position 4 on $procdff$3282 ($adff) from module $paramod$de7457a8d8cd5c2fae12683d12ea9a3d68328a1b\PSC_NPU_PE_Mult.
Setting constant 1-bit at position 5 on $procdff$3282 ($adff) from module $paramod$de7457a8d8cd5c2fae12683d12ea9a3d68328a1b\PSC_NPU_PE_Mult.
Setting constant 1-bit at position 6 on $procdff$3282 ($adff) from module $paramod$de7457a8d8cd5c2fae12683d12ea9a3d68328a1b\PSC_NPU_PE_Mult.
Setting constant 1-bit at position 7 on $procdff$3282 ($adff) from module $paramod$de7457a8d8cd5c2fae12683d12ea9a3d68328a1b\PSC_NPU_PE_Mult.
Setting constant 1-bit at position 8 on $procdff$3282 ($adff) from module $paramod$de7457a8d8cd5c2fae12683d12ea9a3d68328a1b\PSC_NPU_PE_Mult.
Setting constant 1-bit at position 9 on $procdff$3282 ($adff) from module $paramod$de7457a8d8cd5c2fae12683d12ea9a3d68328a1b\PSC_NPU_PE_Mult.
Setting constant 1-bit at position 10 on $procdff$3282 ($adff) from module $paramod$de7457a8d8cd5c2fae12683d12ea9a3d68328a1b\PSC_NPU_PE_Mult.
Setting constant 1-bit at position 11 on $procdff$3282 ($adff) from module $paramod$de7457a8d8cd5c2fae12683d12ea9a3d68328a1b\PSC_NPU_PE_Mult.
Setting constant 1-bit at position 12 on $procdff$3282 ($adff) from module $paramod$de7457a8d8cd5c2fae12683d12ea9a3d68328a1b\PSC_NPU_PE_Mult.
Setting constant 1-bit at position 13 on $procdff$3282 ($adff) from module $paramod$de7457a8d8cd5c2fae12683d12ea9a3d68328a1b\PSC_NPU_PE_Mult.
Setting constant 1-bit at position 14 on $procdff$3282 ($adff) from module $paramod$de7457a8d8cd5c2fae12683d12ea9a3d68328a1b\PSC_NPU_PE_Mult.
Setting constant 1-bit at position 15 on $procdff$3282 ($adff) from module $paramod$de7457a8d8cd5c2fae12683d12ea9a3d68328a1b\PSC_NPU_PE_Mult.
Setting constant 1-bit at position 16 on $procdff$3282 ($adff) from module $paramod$de7457a8d8cd5c2fae12683d12ea9a3d68328a1b\PSC_NPU_PE_Mult.
Setting constant 1-bit at position 17 on $procdff$3282 ($adff) from module $paramod$de7457a8d8cd5c2fae12683d12ea9a3d68328a1b\PSC_NPU_PE_Mult.
Setting constant 1-bit at position 18 on $procdff$3282 ($adff) from module $paramod$de7457a8d8cd5c2fae12683d12ea9a3d68328a1b\PSC_NPU_PE_Mult.
Setting constant 1-bit at position 19 on $procdff$3282 ($adff) from module $paramod$de7457a8d8cd5c2fae12683d12ea9a3d68328a1b\PSC_NPU_PE_Mult.
Setting constant 1-bit at position 20 on $procdff$3282 ($adff) from module $paramod$de7457a8d8cd5c2fae12683d12ea9a3d68328a1b\PSC_NPU_PE_Mult.
Setting constant 1-bit at position 21 on $procdff$3282 ($adff) from module $paramod$de7457a8d8cd5c2fae12683d12ea9a3d68328a1b\PSC_NPU_PE_Mult.
Setting constant 1-bit at position 22 on $procdff$3282 ($adff) from module $paramod$de7457a8d8cd5c2fae12683d12ea9a3d68328a1b\PSC_NPU_PE_Mult.
Setting constant 1-bit at position 23 on $procdff$3282 ($adff) from module $paramod$de7457a8d8cd5c2fae12683d12ea9a3d68328a1b\PSC_NPU_PE_Mult.
Setting constant 1-bit at position 24 on $procdff$3282 ($adff) from module $paramod$de7457a8d8cd5c2fae12683d12ea9a3d68328a1b\PSC_NPU_PE_Mult.
Setting constant 1-bit at position 25 on $procdff$3282 ($adff) from module $paramod$de7457a8d8cd5c2fae12683d12ea9a3d68328a1b\PSC_NPU_PE_Mult.
Setting constant 1-bit at position 26 on $procdff$3282 ($adff) from module $paramod$de7457a8d8cd5c2fae12683d12ea9a3d68328a1b\PSC_NPU_PE_Mult.
Setting constant 1-bit at position 27 on $procdff$3282 ($adff) from module $paramod$de7457a8d8cd5c2fae12683d12ea9a3d68328a1b\PSC_NPU_PE_Mult.
Setting constant 1-bit at position 28 on $procdff$3282 ($adff) from module $paramod$de7457a8d8cd5c2fae12683d12ea9a3d68328a1b\PSC_NPU_PE_Mult.
Setting constant 1-bit at position 29 on $procdff$3282 ($adff) from module $paramod$de7457a8d8cd5c2fae12683d12ea9a3d68328a1b\PSC_NPU_PE_Mult.
Setting constant 1-bit at position 30 on $procdff$3282 ($adff) from module $paramod$de7457a8d8cd5c2fae12683d12ea9a3d68328a1b\PSC_NPU_PE_Mult.
Setting constant 1-bit at position 31 on $procdff$3282 ($adff) from module $paramod$de7457a8d8cd5c2fae12683d12ea9a3d68328a1b\PSC_NPU_PE_Mult.
Setting constant 1-bit at position 32 on $procdff$3282 ($adff) from module $paramod$de7457a8d8cd5c2fae12683d12ea9a3d68328a1b\PSC_NPU_PE_Mult.
Setting constant 1-bit at position 33 on $procdff$3282 ($adff) from module $paramod$de7457a8d8cd5c2fae12683d12ea9a3d68328a1b\PSC_NPU_PE_Mult.
Setting constant 1-bit at position 34 on $procdff$3282 ($adff) from module $paramod$de7457a8d8cd5c2fae12683d12ea9a3d68328a1b\PSC_NPU_PE_Mult.
Setting constant 1-bit at position 35 on $procdff$3282 ($adff) from module $paramod$de7457a8d8cd5c2fae12683d12ea9a3d68328a1b\PSC_NPU_PE_Mult.
Setting constant 1-bit at position 36 on $procdff$3282 ($adff) from module $paramod$de7457a8d8cd5c2fae12683d12ea9a3d68328a1b\PSC_NPU_PE_Mult.
Setting constant 1-bit at position 37 on $procdff$3282 ($adff) from module $paramod$de7457a8d8cd5c2fae12683d12ea9a3d68328a1b\PSC_NPU_PE_Mult.
Setting constant 1-bit at position 38 on $procdff$3282 ($adff) from module $paramod$de7457a8d8cd5c2fae12683d12ea9a3d68328a1b\PSC_NPU_PE_Mult.
Setting constant 1-bit at position 39 on $procdff$3282 ($adff) from module $paramod$de7457a8d8cd5c2fae12683d12ea9a3d68328a1b\PSC_NPU_PE_Mult.
Setting constant 1-bit at position 40 on $procdff$3282 ($adff) from module $paramod$de7457a8d8cd5c2fae12683d12ea9a3d68328a1b\PSC_NPU_PE_Mult.
Setting constant 1-bit at position 41 on $procdff$3282 ($adff) from module $paramod$de7457a8d8cd5c2fae12683d12ea9a3d68328a1b\PSC_NPU_PE_Mult.
Setting constant 1-bit at position 42 on $procdff$3282 ($adff) from module $paramod$de7457a8d8cd5c2fae12683d12ea9a3d68328a1b\PSC_NPU_PE_Mult.
Setting constant 1-bit at position 43 on $procdff$3282 ($adff) from module $paramod$de7457a8d8cd5c2fae12683d12ea9a3d68328a1b\PSC_NPU_PE_Mult.
Setting constant 1-bit at position 44 on $procdff$3282 ($adff) from module $paramod$de7457a8d8cd5c2fae12683d12ea9a3d68328a1b\PSC_NPU_PE_Mult.
Setting constant 1-bit at position 45 on $procdff$3282 ($adff) from module $paramod$de7457a8d8cd5c2fae12683d12ea9a3d68328a1b\PSC_NPU_PE_Mult.
Setting constant 1-bit at position 46 on $procdff$3282 ($adff) from module $paramod$de7457a8d8cd5c2fae12683d12ea9a3d68328a1b\PSC_NPU_PE_Mult.
Setting constant 1-bit at position 47 on $procdff$3282 ($adff) from module $paramod$de7457a8d8cd5c2fae12683d12ea9a3d68328a1b\PSC_NPU_PE_Mult.
Setting constant 1-bit at position 48 on $procdff$3282 ($adff) from module $paramod$de7457a8d8cd5c2fae12683d12ea9a3d68328a1b\PSC_NPU_PE_Mult.
Setting constant 1-bit at position 49 on $procdff$3282 ($adff) from module $paramod$de7457a8d8cd5c2fae12683d12ea9a3d68328a1b\PSC_NPU_PE_Mult.
Setting constant 1-bit at position 50 on $procdff$3282 ($adff) from module $paramod$de7457a8d8cd5c2fae12683d12ea9a3d68328a1b\PSC_NPU_PE_Mult.
Setting constant 1-bit at position 51 on $procdff$3282 ($adff) from module $paramod$de7457a8d8cd5c2fae12683d12ea9a3d68328a1b\PSC_NPU_PE_Mult.
Setting constant 1-bit at position 52 on $procdff$3282 ($adff) from module $paramod$de7457a8d8cd5c2fae12683d12ea9a3d68328a1b\PSC_NPU_PE_Mult.
Setting constant 1-bit at position 53 on $procdff$3282 ($adff) from module $paramod$de7457a8d8cd5c2fae12683d12ea9a3d68328a1b\PSC_NPU_PE_Mult.
Setting constant 1-bit at position 54 on $procdff$3282 ($adff) from module $paramod$de7457a8d8cd5c2fae12683d12ea9a3d68328a1b\PSC_NPU_PE_Mult.
Setting constant 1-bit at position 55 on $procdff$3282 ($adff) from module $paramod$de7457a8d8cd5c2fae12683d12ea9a3d68328a1b\PSC_NPU_PE_Mult.
Setting constant 1-bit at position 56 on $procdff$3282 ($adff) from module $paramod$de7457a8d8cd5c2fae12683d12ea9a3d68328a1b\PSC_NPU_PE_Mult.
Setting constant 1-bit at position 57 on $procdff$3282 ($adff) from module $paramod$de7457a8d8cd5c2fae12683d12ea9a3d68328a1b\PSC_NPU_PE_Mult.
Setting constant 1-bit at position 58 on $procdff$3282 ($adff) from module $paramod$de7457a8d8cd5c2fae12683d12ea9a3d68328a1b\PSC_NPU_PE_Mult.
Setting constant 1-bit at position 59 on $procdff$3282 ($adff) from module $paramod$de7457a8d8cd5c2fae12683d12ea9a3d68328a1b\PSC_NPU_PE_Mult.
Setting constant 1-bit at position 60 on $procdff$3282 ($adff) from module $paramod$de7457a8d8cd5c2fae12683d12ea9a3d68328a1b\PSC_NPU_PE_Mult.
Setting constant 1-bit at position 61 on $procdff$3282 ($adff) from module $paramod$de7457a8d8cd5c2fae12683d12ea9a3d68328a1b\PSC_NPU_PE_Mult.
Setting constant 1-bit at position 62 on $procdff$3282 ($adff) from module $paramod$de7457a8d8cd5c2fae12683d12ea9a3d68328a1b\PSC_NPU_PE_Mult.
Setting constant 1-bit at position 63 on $procdff$3282 ($adff) from module $paramod$de7457a8d8cd5c2fae12683d12ea9a3d68328a1b\PSC_NPU_PE_Mult.
Setting constant 1-bit at position 64 on $procdff$3282 ($adff) from module $paramod$de7457a8d8cd5c2fae12683d12ea9a3d68328a1b\PSC_NPU_PE_Mult.
Setting constant 1-bit at position 65 on $procdff$3282 ($adff) from module $paramod$de7457a8d8cd5c2fae12683d12ea9a3d68328a1b\PSC_NPU_PE_Mult.
Setting constant 1-bit at position 66 on $procdff$3282 ($adff) from module $paramod$de7457a8d8cd5c2fae12683d12ea9a3d68328a1b\PSC_NPU_PE_Mult.
Setting constant 1-bit at position 67 on $procdff$3282 ($adff) from module $paramod$de7457a8d8cd5c2fae12683d12ea9a3d68328a1b\PSC_NPU_PE_Mult.
Setting constant 1-bit at position 68 on $procdff$3282 ($adff) from module $paramod$de7457a8d8cd5c2fae12683d12ea9a3d68328a1b\PSC_NPU_PE_Mult.
Setting constant 1-bit at position 69 on $procdff$3282 ($adff) from module $paramod$de7457a8d8cd5c2fae12683d12ea9a3d68328a1b\PSC_NPU_PE_Mult.
Setting constant 1-bit at position 70 on $procdff$3282 ($adff) from module $paramod$de7457a8d8cd5c2fae12683d12ea9a3d68328a1b\PSC_NPU_PE_Mult.
Setting constant 1-bit at position 71 on $procdff$3282 ($adff) from module $paramod$de7457a8d8cd5c2fae12683d12ea9a3d68328a1b\PSC_NPU_PE_Mult.
Setting constant 1-bit at position 72 on $procdff$3282 ($adff) from module $paramod$de7457a8d8cd5c2fae12683d12ea9a3d68328a1b\PSC_NPU_PE_Mult.
Setting constant 1-bit at position 73 on $procdff$3282 ($adff) from module $paramod$de7457a8d8cd5c2fae12683d12ea9a3d68328a1b\PSC_NPU_PE_Mult.
Setting constant 1-bit at position 74 on $procdff$3282 ($adff) from module $paramod$de7457a8d8cd5c2fae12683d12ea9a3d68328a1b\PSC_NPU_PE_Mult.
Setting constant 1-bit at position 75 on $procdff$3282 ($adff) from module $paramod$de7457a8d8cd5c2fae12683d12ea9a3d68328a1b\PSC_NPU_PE_Mult.
Setting constant 1-bit at position 76 on $procdff$3282 ($adff) from module $paramod$de7457a8d8cd5c2fae12683d12ea9a3d68328a1b\PSC_NPU_PE_Mult.
Setting constant 1-bit at position 77 on $procdff$3282 ($adff) from module $paramod$de7457a8d8cd5c2fae12683d12ea9a3d68328a1b\PSC_NPU_PE_Mult.
Setting constant 1-bit at position 78 on $procdff$3282 ($adff) from module $paramod$de7457a8d8cd5c2fae12683d12ea9a3d68328a1b\PSC_NPU_PE_Mult.
Setting constant 1-bit at position 79 on $procdff$3282 ($adff) from module $paramod$de7457a8d8cd5c2fae12683d12ea9a3d68328a1b\PSC_NPU_PE_Mult.
Setting constant 1-bit at position 80 on $procdff$3282 ($adff) from module $paramod$de7457a8d8cd5c2fae12683d12ea9a3d68328a1b\PSC_NPU_PE_Mult.
Setting constant 1-bit at position 81 on $procdff$3282 ($adff) from module $paramod$de7457a8d8cd5c2fae12683d12ea9a3d68328a1b\PSC_NPU_PE_Mult.
Setting constant 1-bit at position 82 on $procdff$3282 ($adff) from module $paramod$de7457a8d8cd5c2fae12683d12ea9a3d68328a1b\PSC_NPU_PE_Mult.
Setting constant 1-bit at position 83 on $procdff$3282 ($adff) from module $paramod$de7457a8d8cd5c2fae12683d12ea9a3d68328a1b\PSC_NPU_PE_Mult.
Setting constant 1-bit at position 84 on $procdff$3282 ($adff) from module $paramod$de7457a8d8cd5c2fae12683d12ea9a3d68328a1b\PSC_NPU_PE_Mult.
Setting constant 1-bit at position 85 on $procdff$3282 ($adff) from module $paramod$de7457a8d8cd5c2fae12683d12ea9a3d68328a1b\PSC_NPU_PE_Mult.
Setting constant 1-bit at position 86 on $procdff$3282 ($adff) from module $paramod$de7457a8d8cd5c2fae12683d12ea9a3d68328a1b\PSC_NPU_PE_Mult.
Setting constant 1-bit at position 87 on $procdff$3282 ($adff) from module $paramod$de7457a8d8cd5c2fae12683d12ea9a3d68328a1b\PSC_NPU_PE_Mult.
Setting constant 1-bit at position 88 on $procdff$3282 ($adff) from module $paramod$de7457a8d8cd5c2fae12683d12ea9a3d68328a1b\PSC_NPU_PE_Mult.
Setting constant 1-bit at position 89 on $procdff$3282 ($adff) from module $paramod$de7457a8d8cd5c2fae12683d12ea9a3d68328a1b\PSC_NPU_PE_Mult.
Setting constant 1-bit at position 90 on $procdff$3282 ($adff) from module $paramod$de7457a8d8cd5c2fae12683d12ea9a3d68328a1b\PSC_NPU_PE_Mult.
Setting constant 1-bit at position 91 on $procdff$3282 ($adff) from module $paramod$de7457a8d8cd5c2fae12683d12ea9a3d68328a1b\PSC_NPU_PE_Mult.
Setting constant 1-bit at position 92 on $procdff$3282 ($adff) from module $paramod$de7457a8d8cd5c2fae12683d12ea9a3d68328a1b\PSC_NPU_PE_Mult.
Setting constant 1-bit at position 93 on $procdff$3282 ($adff) from module $paramod$de7457a8d8cd5c2fae12683d12ea9a3d68328a1b\PSC_NPU_PE_Mult.
Setting constant 1-bit at position 94 on $procdff$3282 ($adff) from module $paramod$de7457a8d8cd5c2fae12683d12ea9a3d68328a1b\PSC_NPU_PE_Mult.
Setting constant 1-bit at position 95 on $procdff$3282 ($adff) from module $paramod$de7457a8d8cd5c2fae12683d12ea9a3d68328a1b\PSC_NPU_PE_Mult.
Setting constant 1-bit at position 96 on $procdff$3282 ($adff) from module $paramod$de7457a8d8cd5c2fae12683d12ea9a3d68328a1b\PSC_NPU_PE_Mult.
Setting constant 1-bit at position 97 on $procdff$3282 ($adff) from module $paramod$de7457a8d8cd5c2fae12683d12ea9a3d68328a1b\PSC_NPU_PE_Mult.
Setting constant 1-bit at position 98 on $procdff$3282 ($adff) from module $paramod$de7457a8d8cd5c2fae12683d12ea9a3d68328a1b\PSC_NPU_PE_Mult.
Setting constant 1-bit at position 99 on $procdff$3282 ($adff) from module $paramod$de7457a8d8cd5c2fae12683d12ea9a3d68328a1b\PSC_NPU_PE_Mult.
Setting constant 1-bit at position 100 on $procdff$3282 ($adff) from module $paramod$de7457a8d8cd5c2fae12683d12ea9a3d68328a1b\PSC_NPU_PE_Mult.
Setting constant 1-bit at position 101 on $procdff$3282 ($adff) from module $paramod$de7457a8d8cd5c2fae12683d12ea9a3d68328a1b\PSC_NPU_PE_Mult.
Setting constant 1-bit at position 102 on $procdff$3282 ($adff) from module $paramod$de7457a8d8cd5c2fae12683d12ea9a3d68328a1b\PSC_NPU_PE_Mult.
Setting constant 1-bit at position 103 on $procdff$3282 ($adff) from module $paramod$de7457a8d8cd5c2fae12683d12ea9a3d68328a1b\PSC_NPU_PE_Mult.
Setting constant 1-bit at position 104 on $procdff$3282 ($adff) from module $paramod$de7457a8d8cd5c2fae12683d12ea9a3d68328a1b\PSC_NPU_PE_Mult.
Setting constant 1-bit at position 105 on $procdff$3282 ($adff) from module $paramod$de7457a8d8cd5c2fae12683d12ea9a3d68328a1b\PSC_NPU_PE_Mult.
Setting constant 1-bit at position 106 on $procdff$3282 ($adff) from module $paramod$de7457a8d8cd5c2fae12683d12ea9a3d68328a1b\PSC_NPU_PE_Mult.
Setting constant 1-bit at position 107 on $procdff$3282 ($adff) from module $paramod$de7457a8d8cd5c2fae12683d12ea9a3d68328a1b\PSC_NPU_PE_Mult.
Setting constant 1-bit at position 108 on $procdff$3282 ($adff) from module $paramod$de7457a8d8cd5c2fae12683d12ea9a3d68328a1b\PSC_NPU_PE_Mult.
Setting constant 1-bit at position 109 on $procdff$3282 ($adff) from module $paramod$de7457a8d8cd5c2fae12683d12ea9a3d68328a1b\PSC_NPU_PE_Mult.
Setting constant 1-bit at position 110 on $procdff$3282 ($adff) from module $paramod$de7457a8d8cd5c2fae12683d12ea9a3d68328a1b\PSC_NPU_PE_Mult.
Setting constant 1-bit at position 111 on $procdff$3282 ($adff) from module $paramod$de7457a8d8cd5c2fae12683d12ea9a3d68328a1b\PSC_NPU_PE_Mult.
Setting constant 1-bit at position 112 on $procdff$3282 ($adff) from module $paramod$de7457a8d8cd5c2fae12683d12ea9a3d68328a1b\PSC_NPU_PE_Mult.
Setting constant 1-bit at position 113 on $procdff$3282 ($adff) from module $paramod$de7457a8d8cd5c2fae12683d12ea9a3d68328a1b\PSC_NPU_PE_Mult.
Setting constant 1-bit at position 114 on $procdff$3282 ($adff) from module $paramod$de7457a8d8cd5c2fae12683d12ea9a3d68328a1b\PSC_NPU_PE_Mult.
Setting constant 1-bit at position 115 on $procdff$3282 ($adff) from module $paramod$de7457a8d8cd5c2fae12683d12ea9a3d68328a1b\PSC_NPU_PE_Mult.
Setting constant 1-bit at position 116 on $procdff$3282 ($adff) from module $paramod$de7457a8d8cd5c2fae12683d12ea9a3d68328a1b\PSC_NPU_PE_Mult.
Setting constant 1-bit at position 117 on $procdff$3282 ($adff) from module $paramod$de7457a8d8cd5c2fae12683d12ea9a3d68328a1b\PSC_NPU_PE_Mult.
Setting constant 1-bit at position 118 on $procdff$3282 ($adff) from module $paramod$de7457a8d8cd5c2fae12683d12ea9a3d68328a1b\PSC_NPU_PE_Mult.
Setting constant 1-bit at position 119 on $procdff$3282 ($adff) from module $paramod$de7457a8d8cd5c2fae12683d12ea9a3d68328a1b\PSC_NPU_PE_Mult.
Setting constant 1-bit at position 120 on $procdff$3282 ($adff) from module $paramod$de7457a8d8cd5c2fae12683d12ea9a3d68328a1b\PSC_NPU_PE_Mult.
Setting constant 1-bit at position 121 on $procdff$3282 ($adff) from module $paramod$de7457a8d8cd5c2fae12683d12ea9a3d68328a1b\PSC_NPU_PE_Mult.
Setting constant 1-bit at position 122 on $procdff$3282 ($adff) from module $paramod$de7457a8d8cd5c2fae12683d12ea9a3d68328a1b\PSC_NPU_PE_Mult.
Setting constant 1-bit at position 123 on $procdff$3282 ($adff) from module $paramod$de7457a8d8cd5c2fae12683d12ea9a3d68328a1b\PSC_NPU_PE_Mult.
Setting constant 1-bit at position 124 on $procdff$3282 ($adff) from module $paramod$de7457a8d8cd5c2fae12683d12ea9a3d68328a1b\PSC_NPU_PE_Mult.
Setting constant 1-bit at position 125 on $procdff$3282 ($adff) from module $paramod$de7457a8d8cd5c2fae12683d12ea9a3d68328a1b\PSC_NPU_PE_Mult.
Setting constant 1-bit at position 126 on $procdff$3282 ($adff) from module $paramod$de7457a8d8cd5c2fae12683d12ea9a3d68328a1b\PSC_NPU_PE_Mult.
Setting constant 1-bit at position 127 on $procdff$3282 ($adff) from module $paramod$de7457a8d8cd5c2fae12683d12ea9a3d68328a1b\PSC_NPU_PE_Mult.
Setting constant 1-bit at position 128 on $procdff$3282 ($adff) from module $paramod$de7457a8d8cd5c2fae12683d12ea9a3d68328a1b\PSC_NPU_PE_Mult.
Setting constant 1-bit at position 129 on $procdff$3282 ($adff) from module $paramod$de7457a8d8cd5c2fae12683d12ea9a3d68328a1b\PSC_NPU_PE_Mult.
Setting constant 1-bit at position 130 on $procdff$3282 ($adff) from module $paramod$de7457a8d8cd5c2fae12683d12ea9a3d68328a1b\PSC_NPU_PE_Mult.
Setting constant 1-bit at position 131 on $procdff$3282 ($adff) from module $paramod$de7457a8d8cd5c2fae12683d12ea9a3d68328a1b\PSC_NPU_PE_Mult.
Setting constant 1-bit at position 132 on $procdff$3282 ($adff) from module $paramod$de7457a8d8cd5c2fae12683d12ea9a3d68328a1b\PSC_NPU_PE_Mult.
Setting constant 1-bit at position 133 on $procdff$3282 ($adff) from module $paramod$de7457a8d8cd5c2fae12683d12ea9a3d68328a1b\PSC_NPU_PE_Mult.
Setting constant 1-bit at position 134 on $procdff$3282 ($adff) from module $paramod$de7457a8d8cd5c2fae12683d12ea9a3d68328a1b\PSC_NPU_PE_Mult.
Setting constant 1-bit at position 135 on $procdff$3282 ($adff) from module $paramod$de7457a8d8cd5c2fae12683d12ea9a3d68328a1b\PSC_NPU_PE_Mult.
Setting constant 1-bit at position 136 on $procdff$3282 ($adff) from module $paramod$de7457a8d8cd5c2fae12683d12ea9a3d68328a1b\PSC_NPU_PE_Mult.
Setting constant 1-bit at position 137 on $procdff$3282 ($adff) from module $paramod$de7457a8d8cd5c2fae12683d12ea9a3d68328a1b\PSC_NPU_PE_Mult.
Setting constant 1-bit at position 138 on $procdff$3282 ($adff) from module $paramod$de7457a8d8cd5c2fae12683d12ea9a3d68328a1b\PSC_NPU_PE_Mult.
Setting constant 1-bit at position 139 on $procdff$3282 ($adff) from module $paramod$de7457a8d8cd5c2fae12683d12ea9a3d68328a1b\PSC_NPU_PE_Mult.
Setting constant 1-bit at position 140 on $procdff$3282 ($adff) from module $paramod$de7457a8d8cd5c2fae12683d12ea9a3d68328a1b\PSC_NPU_PE_Mult.
Setting constant 1-bit at position 141 on $procdff$3282 ($adff) from module $paramod$de7457a8d8cd5c2fae12683d12ea9a3d68328a1b\PSC_NPU_PE_Mult.
Setting constant 1-bit at position 142 on $procdff$3282 ($adff) from module $paramod$de7457a8d8cd5c2fae12683d12ea9a3d68328a1b\PSC_NPU_PE_Mult.
Setting constant 1-bit at position 143 on $procdff$3282 ($adff) from module $paramod$de7457a8d8cd5c2fae12683d12ea9a3d68328a1b\PSC_NPU_PE_Mult.
Setting constant 1-bit at position 144 on $procdff$3282 ($adff) from module $paramod$de7457a8d8cd5c2fae12683d12ea9a3d68328a1b\PSC_NPU_PE_Mult.
Setting constant 1-bit at position 145 on $procdff$3282 ($adff) from module $paramod$de7457a8d8cd5c2fae12683d12ea9a3d68328a1b\PSC_NPU_PE_Mult.
Setting constant 1-bit at position 146 on $procdff$3282 ($adff) from module $paramod$de7457a8d8cd5c2fae12683d12ea9a3d68328a1b\PSC_NPU_PE_Mult.
Setting constant 1-bit at position 147 on $procdff$3282 ($adff) from module $paramod$de7457a8d8cd5c2fae12683d12ea9a3d68328a1b\PSC_NPU_PE_Mult.
Setting constant 1-bit at position 148 on $procdff$3282 ($adff) from module $paramod$de7457a8d8cd5c2fae12683d12ea9a3d68328a1b\PSC_NPU_PE_Mult.
Setting constant 1-bit at position 149 on $procdff$3282 ($adff) from module $paramod$de7457a8d8cd5c2fae12683d12ea9a3d68328a1b\PSC_NPU_PE_Mult.
Setting constant 1-bit at position 150 on $procdff$3282 ($adff) from module $paramod$de7457a8d8cd5c2fae12683d12ea9a3d68328a1b\PSC_NPU_PE_Mult.
Setting constant 1-bit at position 151 on $procdff$3282 ($adff) from module $paramod$de7457a8d8cd5c2fae12683d12ea9a3d68328a1b\PSC_NPU_PE_Mult.
Setting constant 1-bit at position 152 on $procdff$3282 ($adff) from module $paramod$de7457a8d8cd5c2fae12683d12ea9a3d68328a1b\PSC_NPU_PE_Mult.
Setting constant 1-bit at position 153 on $procdff$3282 ($adff) from module $paramod$de7457a8d8cd5c2fae12683d12ea9a3d68328a1b\PSC_NPU_PE_Mult.
Setting constant 1-bit at position 154 on $procdff$3282 ($adff) from module $paramod$de7457a8d8cd5c2fae12683d12ea9a3d68328a1b\PSC_NPU_PE_Mult.
Setting constant 1-bit at position 155 on $procdff$3282 ($adff) from module $paramod$de7457a8d8cd5c2fae12683d12ea9a3d68328a1b\PSC_NPU_PE_Mult.
Setting constant 1-bit at position 156 on $procdff$3282 ($adff) from module $paramod$de7457a8d8cd5c2fae12683d12ea9a3d68328a1b\PSC_NPU_PE_Mult.
Setting constant 1-bit at position 157 on $procdff$3282 ($adff) from module $paramod$de7457a8d8cd5c2fae12683d12ea9a3d68328a1b\PSC_NPU_PE_Mult.
Setting constant 1-bit at position 158 on $procdff$3282 ($adff) from module $paramod$de7457a8d8cd5c2fae12683d12ea9a3d68328a1b\PSC_NPU_PE_Mult.
Setting constant 1-bit at position 159 on $procdff$3282 ($adff) from module $paramod$de7457a8d8cd5c2fae12683d12ea9a3d68328a1b\PSC_NPU_PE_Mult.
Setting constant 1-bit at position 160 on $procdff$3282 ($adff) from module $paramod$de7457a8d8cd5c2fae12683d12ea9a3d68328a1b\PSC_NPU_PE_Mult.
Setting constant 1-bit at position 161 on $procdff$3282 ($adff) from module $paramod$de7457a8d8cd5c2fae12683d12ea9a3d68328a1b\PSC_NPU_PE_Mult.
Setting constant 1-bit at position 162 on $procdff$3282 ($adff) from module $paramod$de7457a8d8cd5c2fae12683d12ea9a3d68328a1b\PSC_NPU_PE_Mult.
Setting constant 1-bit at position 163 on $procdff$3282 ($adff) from module $paramod$de7457a8d8cd5c2fae12683d12ea9a3d68328a1b\PSC_NPU_PE_Mult.
Setting constant 1-bit at position 164 on $procdff$3282 ($adff) from module $paramod$de7457a8d8cd5c2fae12683d12ea9a3d68328a1b\PSC_NPU_PE_Mult.
Setting constant 1-bit at position 165 on $procdff$3282 ($adff) from module $paramod$de7457a8d8cd5c2fae12683d12ea9a3d68328a1b\PSC_NPU_PE_Mult.
Setting constant 1-bit at position 166 on $procdff$3282 ($adff) from module $paramod$de7457a8d8cd5c2fae12683d12ea9a3d68328a1b\PSC_NPU_PE_Mult.
Setting constant 1-bit at position 167 on $procdff$3282 ($adff) from module $paramod$de7457a8d8cd5c2fae12683d12ea9a3d68328a1b\PSC_NPU_PE_Mult.
Setting constant 1-bit at position 168 on $procdff$3282 ($adff) from module $paramod$de7457a8d8cd5c2fae12683d12ea9a3d68328a1b\PSC_NPU_PE_Mult.
Setting constant 1-bit at position 169 on $procdff$3282 ($adff) from module $paramod$de7457a8d8cd5c2fae12683d12ea9a3d68328a1b\PSC_NPU_PE_Mult.
Setting constant 1-bit at position 170 on $procdff$3282 ($adff) from module $paramod$de7457a8d8cd5c2fae12683d12ea9a3d68328a1b\PSC_NPU_PE_Mult.
Setting constant 1-bit at position 171 on $procdff$3282 ($adff) from module $paramod$de7457a8d8cd5c2fae12683d12ea9a3d68328a1b\PSC_NPU_PE_Mult.
Setting constant 1-bit at position 172 on $procdff$3282 ($adff) from module $paramod$de7457a8d8cd5c2fae12683d12ea9a3d68328a1b\PSC_NPU_PE_Mult.
Setting constant 1-bit at position 173 on $procdff$3282 ($adff) from module $paramod$de7457a8d8cd5c2fae12683d12ea9a3d68328a1b\PSC_NPU_PE_Mult.
Setting constant 1-bit at position 174 on $procdff$3282 ($adff) from module $paramod$de7457a8d8cd5c2fae12683d12ea9a3d68328a1b\PSC_NPU_PE_Mult.
Setting constant 1-bit at position 175 on $procdff$3282 ($adff) from module $paramod$de7457a8d8cd5c2fae12683d12ea9a3d68328a1b\PSC_NPU_PE_Mult.
Setting constant 1-bit at position 176 on $procdff$3282 ($adff) from module $paramod$de7457a8d8cd5c2fae12683d12ea9a3d68328a1b\PSC_NPU_PE_Mult.
Setting constant 1-bit at position 177 on $procdff$3282 ($adff) from module $paramod$de7457a8d8cd5c2fae12683d12ea9a3d68328a1b\PSC_NPU_PE_Mult.
Setting constant 1-bit at position 178 on $procdff$3282 ($adff) from module $paramod$de7457a8d8cd5c2fae12683d12ea9a3d68328a1b\PSC_NPU_PE_Mult.
Setting constant 1-bit at position 179 on $procdff$3282 ($adff) from module $paramod$de7457a8d8cd5c2fae12683d12ea9a3d68328a1b\PSC_NPU_PE_Mult.
Setting constant 1-bit at position 180 on $procdff$3282 ($adff) from module $paramod$de7457a8d8cd5c2fae12683d12ea9a3d68328a1b\PSC_NPU_PE_Mult.
Setting constant 1-bit at position 181 on $procdff$3282 ($adff) from module $paramod$de7457a8d8cd5c2fae12683d12ea9a3d68328a1b\PSC_NPU_PE_Mult.
Setting constant 1-bit at position 182 on $procdff$3282 ($adff) from module $paramod$de7457a8d8cd5c2fae12683d12ea9a3d68328a1b\PSC_NPU_PE_Mult.
Setting constant 1-bit at position 183 on $procdff$3282 ($adff) from module $paramod$de7457a8d8cd5c2fae12683d12ea9a3d68328a1b\PSC_NPU_PE_Mult.
Setting constant 1-bit at position 184 on $procdff$3282 ($adff) from module $paramod$de7457a8d8cd5c2fae12683d12ea9a3d68328a1b\PSC_NPU_PE_Mult.
Setting constant 1-bit at position 185 on $procdff$3282 ($adff) from module $paramod$de7457a8d8cd5c2fae12683d12ea9a3d68328a1b\PSC_NPU_PE_Mult.
Setting constant 1-bit at position 186 on $procdff$3282 ($adff) from module $paramod$de7457a8d8cd5c2fae12683d12ea9a3d68328a1b\PSC_NPU_PE_Mult.
Setting constant 1-bit at position 187 on $procdff$3282 ($adff) from module $paramod$de7457a8d8cd5c2fae12683d12ea9a3d68328a1b\PSC_NPU_PE_Mult.
Setting constant 1-bit at position 188 on $procdff$3282 ($adff) from module $paramod$de7457a8d8cd5c2fae12683d12ea9a3d68328a1b\PSC_NPU_PE_Mult.
Setting constant 1-bit at position 189 on $procdff$3282 ($adff) from module $paramod$de7457a8d8cd5c2fae12683d12ea9a3d68328a1b\PSC_NPU_PE_Mult.
Setting constant 1-bit at position 190 on $procdff$3282 ($adff) from module $paramod$de7457a8d8cd5c2fae12683d12ea9a3d68328a1b\PSC_NPU_PE_Mult.
Setting constant 1-bit at position 191 on $procdff$3282 ($adff) from module $paramod$de7457a8d8cd5c2fae12683d12ea9a3d68328a1b\PSC_NPU_PE_Mult.
Setting constant 1-bit at position 192 on $procdff$3282 ($adff) from module $paramod$de7457a8d8cd5c2fae12683d12ea9a3d68328a1b\PSC_NPU_PE_Mult.
Setting constant 1-bit at position 193 on $procdff$3282 ($adff) from module $paramod$de7457a8d8cd5c2fae12683d12ea9a3d68328a1b\PSC_NPU_PE_Mult.
Setting constant 1-bit at position 194 on $procdff$3282 ($adff) from module $paramod$de7457a8d8cd5c2fae12683d12ea9a3d68328a1b\PSC_NPU_PE_Mult.
Setting constant 1-bit at position 195 on $procdff$3282 ($adff) from module $paramod$de7457a8d8cd5c2fae12683d12ea9a3d68328a1b\PSC_NPU_PE_Mult.
Setting constant 1-bit at position 196 on $procdff$3282 ($adff) from module $paramod$de7457a8d8cd5c2fae12683d12ea9a3d68328a1b\PSC_NPU_PE_Mult.
Setting constant 1-bit at position 197 on $procdff$3282 ($adff) from module $paramod$de7457a8d8cd5c2fae12683d12ea9a3d68328a1b\PSC_NPU_PE_Mult.
Setting constant 1-bit at position 198 on $procdff$3282 ($adff) from module $paramod$de7457a8d8cd5c2fae12683d12ea9a3d68328a1b\PSC_NPU_PE_Mult.
Setting constant 1-bit at position 199 on $procdff$3282 ($adff) from module $paramod$de7457a8d8cd5c2fae12683d12ea9a3d68328a1b\PSC_NPU_PE_Mult.
Setting constant 1-bit at position 200 on $procdff$3282 ($adff) from module $paramod$de7457a8d8cd5c2fae12683d12ea9a3d68328a1b\PSC_NPU_PE_Mult.
Setting constant 1-bit at position 201 on $procdff$3282 ($adff) from module $paramod$de7457a8d8cd5c2fae12683d12ea9a3d68328a1b\PSC_NPU_PE_Mult.
Setting constant 1-bit at position 202 on $procdff$3282 ($adff) from module $paramod$de7457a8d8cd5c2fae12683d12ea9a3d68328a1b\PSC_NPU_PE_Mult.
Setting constant 1-bit at position 203 on $procdff$3282 ($adff) from module $paramod$de7457a8d8cd5c2fae12683d12ea9a3d68328a1b\PSC_NPU_PE_Mult.
Setting constant 1-bit at position 204 on $procdff$3282 ($adff) from module $paramod$de7457a8d8cd5c2fae12683d12ea9a3d68328a1b\PSC_NPU_PE_Mult.
Setting constant 1-bit at position 205 on $procdff$3282 ($adff) from module $paramod$de7457a8d8cd5c2fae12683d12ea9a3d68328a1b\PSC_NPU_PE_Mult.
Setting constant 1-bit at position 206 on $procdff$3282 ($adff) from module $paramod$de7457a8d8cd5c2fae12683d12ea9a3d68328a1b\PSC_NPU_PE_Mult.
Setting constant 1-bit at position 207 on $procdff$3282 ($adff) from module $paramod$de7457a8d8cd5c2fae12683d12ea9a3d68328a1b\PSC_NPU_PE_Mult.
Setting constant 1-bit at position 208 on $procdff$3282 ($adff) from module $paramod$de7457a8d8cd5c2fae12683d12ea9a3d68328a1b\PSC_NPU_PE_Mult.
Setting constant 1-bit at position 209 on $procdff$3282 ($adff) from module $paramod$de7457a8d8cd5c2fae12683d12ea9a3d68328a1b\PSC_NPU_PE_Mult.
Setting constant 1-bit at position 210 on $procdff$3282 ($adff) from module $paramod$de7457a8d8cd5c2fae12683d12ea9a3d68328a1b\PSC_NPU_PE_Mult.
Setting constant 1-bit at position 211 on $procdff$3282 ($adff) from module $paramod$de7457a8d8cd5c2fae12683d12ea9a3d68328a1b\PSC_NPU_PE_Mult.
Setting constant 1-bit at position 212 on $procdff$3282 ($adff) from module $paramod$de7457a8d8cd5c2fae12683d12ea9a3d68328a1b\PSC_NPU_PE_Mult.
Setting constant 1-bit at position 213 on $procdff$3282 ($adff) from module $paramod$de7457a8d8cd5c2fae12683d12ea9a3d68328a1b\PSC_NPU_PE_Mult.
Setting constant 1-bit at position 214 on $procdff$3282 ($adff) from module $paramod$de7457a8d8cd5c2fae12683d12ea9a3d68328a1b\PSC_NPU_PE_Mult.
Setting constant 1-bit at position 215 on $procdff$3282 ($adff) from module $paramod$de7457a8d8cd5c2fae12683d12ea9a3d68328a1b\PSC_NPU_PE_Mult.
Setting constant 1-bit at position 216 on $procdff$3282 ($adff) from module $paramod$de7457a8d8cd5c2fae12683d12ea9a3d68328a1b\PSC_NPU_PE_Mult.
Setting constant 1-bit at position 217 on $procdff$3282 ($adff) from module $paramod$de7457a8d8cd5c2fae12683d12ea9a3d68328a1b\PSC_NPU_PE_Mult.
Setting constant 1-bit at position 218 on $procdff$3282 ($adff) from module $paramod$de7457a8d8cd5c2fae12683d12ea9a3d68328a1b\PSC_NPU_PE_Mult.
Setting constant 1-bit at position 219 on $procdff$3282 ($adff) from module $paramod$de7457a8d8cd5c2fae12683d12ea9a3d68328a1b\PSC_NPU_PE_Mult.
Setting constant 1-bit at position 220 on $procdff$3282 ($adff) from module $paramod$de7457a8d8cd5c2fae12683d12ea9a3d68328a1b\PSC_NPU_PE_Mult.
Setting constant 1-bit at position 221 on $procdff$3282 ($adff) from module $paramod$de7457a8d8cd5c2fae12683d12ea9a3d68328a1b\PSC_NPU_PE_Mult.
Setting constant 1-bit at position 222 on $procdff$3282 ($adff) from module $paramod$de7457a8d8cd5c2fae12683d12ea9a3d68328a1b\PSC_NPU_PE_Mult.
Setting constant 1-bit at position 223 on $procdff$3282 ($adff) from module $paramod$de7457a8d8cd5c2fae12683d12ea9a3d68328a1b\PSC_NPU_PE_Mult.
Setting constant 1-bit at position 224 on $procdff$3282 ($adff) from module $paramod$de7457a8d8cd5c2fae12683d12ea9a3d68328a1b\PSC_NPU_PE_Mult.
Setting constant 1-bit at position 225 on $procdff$3282 ($adff) from module $paramod$de7457a8d8cd5c2fae12683d12ea9a3d68328a1b\PSC_NPU_PE_Mult.
Setting constant 1-bit at position 226 on $procdff$3282 ($adff) from module $paramod$de7457a8d8cd5c2fae12683d12ea9a3d68328a1b\PSC_NPU_PE_Mult.
Setting constant 1-bit at position 227 on $procdff$3282 ($adff) from module $paramod$de7457a8d8cd5c2fae12683d12ea9a3d68328a1b\PSC_NPU_PE_Mult.
Setting constant 1-bit at position 228 on $procdff$3282 ($adff) from module $paramod$de7457a8d8cd5c2fae12683d12ea9a3d68328a1b\PSC_NPU_PE_Mult.
Setting constant 1-bit at position 229 on $procdff$3282 ($adff) from module $paramod$de7457a8d8cd5c2fae12683d12ea9a3d68328a1b\PSC_NPU_PE_Mult.
Setting constant 1-bit at position 230 on $procdff$3282 ($adff) from module $paramod$de7457a8d8cd5c2fae12683d12ea9a3d68328a1b\PSC_NPU_PE_Mult.
Setting constant 1-bit at position 231 on $procdff$3282 ($adff) from module $paramod$de7457a8d8cd5c2fae12683d12ea9a3d68328a1b\PSC_NPU_PE_Mult.
Setting constant 1-bit at position 232 on $procdff$3282 ($adff) from module $paramod$de7457a8d8cd5c2fae12683d12ea9a3d68328a1b\PSC_NPU_PE_Mult.
Setting constant 1-bit at position 233 on $procdff$3282 ($adff) from module $paramod$de7457a8d8cd5c2fae12683d12ea9a3d68328a1b\PSC_NPU_PE_Mult.
Setting constant 1-bit at position 234 on $procdff$3282 ($adff) from module $paramod$de7457a8d8cd5c2fae12683d12ea9a3d68328a1b\PSC_NPU_PE_Mult.
Setting constant 1-bit at position 235 on $procdff$3282 ($adff) from module $paramod$de7457a8d8cd5c2fae12683d12ea9a3d68328a1b\PSC_NPU_PE_Mult.
Setting constant 1-bit at position 236 on $procdff$3282 ($adff) from module $paramod$de7457a8d8cd5c2fae12683d12ea9a3d68328a1b\PSC_NPU_PE_Mult.
Setting constant 1-bit at position 237 on $procdff$3282 ($adff) from module $paramod$de7457a8d8cd5c2fae12683d12ea9a3d68328a1b\PSC_NPU_PE_Mult.
Setting constant 1-bit at position 238 on $procdff$3282 ($adff) from module $paramod$de7457a8d8cd5c2fae12683d12ea9a3d68328a1b\PSC_NPU_PE_Mult.
Setting constant 1-bit at position 239 on $procdff$3282 ($adff) from module $paramod$de7457a8d8cd5c2fae12683d12ea9a3d68328a1b\PSC_NPU_PE_Mult.
Setting constant 1-bit at position 240 on $procdff$3282 ($adff) from module $paramod$de7457a8d8cd5c2fae12683d12ea9a3d68328a1b\PSC_NPU_PE_Mult.
Setting constant 1-bit at position 241 on $procdff$3282 ($adff) from module $paramod$de7457a8d8cd5c2fae12683d12ea9a3d68328a1b\PSC_NPU_PE_Mult.
Setting constant 1-bit at position 242 on $procdff$3282 ($adff) from module $paramod$de7457a8d8cd5c2fae12683d12ea9a3d68328a1b\PSC_NPU_PE_Mult.
Setting constant 1-bit at position 243 on $procdff$3282 ($adff) from module $paramod$de7457a8d8cd5c2fae12683d12ea9a3d68328a1b\PSC_NPU_PE_Mult.
Setting constant 1-bit at position 244 on $procdff$3282 ($adff) from module $paramod$de7457a8d8cd5c2fae12683d12ea9a3d68328a1b\PSC_NPU_PE_Mult.
Setting constant 1-bit at position 245 on $procdff$3282 ($adff) from module $paramod$de7457a8d8cd5c2fae12683d12ea9a3d68328a1b\PSC_NPU_PE_Mult.
Setting constant 1-bit at position 246 on $procdff$3282 ($adff) from module $paramod$de7457a8d8cd5c2fae12683d12ea9a3d68328a1b\PSC_NPU_PE_Mult.
Setting constant 1-bit at position 247 on $procdff$3282 ($adff) from module $paramod$de7457a8d8cd5c2fae12683d12ea9a3d68328a1b\PSC_NPU_PE_Mult.
Setting constant 1-bit at position 248 on $procdff$3282 ($adff) from module $paramod$de7457a8d8cd5c2fae12683d12ea9a3d68328a1b\PSC_NPU_PE_Mult.
Setting constant 1-bit at position 249 on $procdff$3282 ($adff) from module $paramod$de7457a8d8cd5c2fae12683d12ea9a3d68328a1b\PSC_NPU_PE_Mult.
Setting constant 1-bit at position 250 on $procdff$3282 ($adff) from module $paramod$de7457a8d8cd5c2fae12683d12ea9a3d68328a1b\PSC_NPU_PE_Mult.
Setting constant 1-bit at position 251 on $procdff$3282 ($adff) from module $paramod$de7457a8d8cd5c2fae12683d12ea9a3d68328a1b\PSC_NPU_PE_Mult.
Setting constant 1-bit at position 252 on $procdff$3282 ($adff) from module $paramod$de7457a8d8cd5c2fae12683d12ea9a3d68328a1b\PSC_NPU_PE_Mult.
Setting constant 1-bit at position 253 on $procdff$3282 ($adff) from module $paramod$de7457a8d8cd5c2fae12683d12ea9a3d68328a1b\PSC_NPU_PE_Mult.
Setting constant 1-bit at position 254 on $procdff$3282 ($adff) from module $paramod$de7457a8d8cd5c2fae12683d12ea9a3d68328a1b\PSC_NPU_PE_Mult.
Setting constant 1-bit at position 255 on $procdff$3282 ($adff) from module $paramod$de7457a8d8cd5c2fae12683d12ea9a3d68328a1b\PSC_NPU_PE_Mult.
Setting constant 1-bit at position 256 on $procdff$3282 ($adff) from module $paramod$de7457a8d8cd5c2fae12683d12ea9a3d68328a1b\PSC_NPU_PE_Mult.
Setting constant 1-bit at position 257 on $procdff$3282 ($adff) from module $paramod$de7457a8d8cd5c2fae12683d12ea9a3d68328a1b\PSC_NPU_PE_Mult.
Setting constant 1-bit at position 258 on $procdff$3282 ($adff) from module $paramod$de7457a8d8cd5c2fae12683d12ea9a3d68328a1b\PSC_NPU_PE_Mult.
Setting constant 1-bit at position 259 on $procdff$3282 ($adff) from module $paramod$de7457a8d8cd5c2fae12683d12ea9a3d68328a1b\PSC_NPU_PE_Mult.
Setting constant 1-bit at position 260 on $procdff$3282 ($adff) from module $paramod$de7457a8d8cd5c2fae12683d12ea9a3d68328a1b\PSC_NPU_PE_Mult.
Setting constant 1-bit at position 261 on $procdff$3282 ($adff) from module $paramod$de7457a8d8cd5c2fae12683d12ea9a3d68328a1b\PSC_NPU_PE_Mult.
Setting constant 1-bit at position 262 on $procdff$3282 ($adff) from module $paramod$de7457a8d8cd5c2fae12683d12ea9a3d68328a1b\PSC_NPU_PE_Mult.
Setting constant 1-bit at position 263 on $procdff$3282 ($adff) from module $paramod$de7457a8d8cd5c2fae12683d12ea9a3d68328a1b\PSC_NPU_PE_Mult.
Setting constant 1-bit at position 264 on $procdff$3282 ($adff) from module $paramod$de7457a8d8cd5c2fae12683d12ea9a3d68328a1b\PSC_NPU_PE_Mult.
Setting constant 1-bit at position 265 on $procdff$3282 ($adff) from module $paramod$de7457a8d8cd5c2fae12683d12ea9a3d68328a1b\PSC_NPU_PE_Mult.
Setting constant 1-bit at position 266 on $procdff$3282 ($adff) from module $paramod$de7457a8d8cd5c2fae12683d12ea9a3d68328a1b\PSC_NPU_PE_Mult.
Setting constant 1-bit at position 267 on $procdff$3282 ($adff) from module $paramod$de7457a8d8cd5c2fae12683d12ea9a3d68328a1b\PSC_NPU_PE_Mult.
Setting constant 1-bit at position 268 on $procdff$3282 ($adff) from module $paramod$de7457a8d8cd5c2fae12683d12ea9a3d68328a1b\PSC_NPU_PE_Mult.
Setting constant 1-bit at position 269 on $procdff$3282 ($adff) from module $paramod$de7457a8d8cd5c2fae12683d12ea9a3d68328a1b\PSC_NPU_PE_Mult.
Setting constant 1-bit at position 270 on $procdff$3282 ($adff) from module $paramod$de7457a8d8cd5c2fae12683d12ea9a3d68328a1b\PSC_NPU_PE_Mult.
Setting constant 1-bit at position 271 on $procdff$3282 ($adff) from module $paramod$de7457a8d8cd5c2fae12683d12ea9a3d68328a1b\PSC_NPU_PE_Mult.
Setting constant 1-bit at position 272 on $procdff$3282 ($adff) from module $paramod$de7457a8d8cd5c2fae12683d12ea9a3d68328a1b\PSC_NPU_PE_Mult.
Setting constant 1-bit at position 273 on $procdff$3282 ($adff) from module $paramod$de7457a8d8cd5c2fae12683d12ea9a3d68328a1b\PSC_NPU_PE_Mult.
Setting constant 1-bit at position 274 on $procdff$3282 ($adff) from module $paramod$de7457a8d8cd5c2fae12683d12ea9a3d68328a1b\PSC_NPU_PE_Mult.
Setting constant 1-bit at position 275 on $procdff$3282 ($adff) from module $paramod$de7457a8d8cd5c2fae12683d12ea9a3d68328a1b\PSC_NPU_PE_Mult.
Setting constant 1-bit at position 276 on $procdff$3282 ($adff) from module $paramod$de7457a8d8cd5c2fae12683d12ea9a3d68328a1b\PSC_NPU_PE_Mult.
Setting constant 1-bit at position 277 on $procdff$3282 ($adff) from module $paramod$de7457a8d8cd5c2fae12683d12ea9a3d68328a1b\PSC_NPU_PE_Mult.
Setting constant 1-bit at position 278 on $procdff$3282 ($adff) from module $paramod$de7457a8d8cd5c2fae12683d12ea9a3d68328a1b\PSC_NPU_PE_Mult.
Setting constant 1-bit at position 279 on $procdff$3282 ($adff) from module $paramod$de7457a8d8cd5c2fae12683d12ea9a3d68328a1b\PSC_NPU_PE_Mult.
Setting constant 1-bit at position 280 on $procdff$3282 ($adff) from module $paramod$de7457a8d8cd5c2fae12683d12ea9a3d68328a1b\PSC_NPU_PE_Mult.
Setting constant 1-bit at position 281 on $procdff$3282 ($adff) from module $paramod$de7457a8d8cd5c2fae12683d12ea9a3d68328a1b\PSC_NPU_PE_Mult.
Setting constant 1-bit at position 282 on $procdff$3282 ($adff) from module $paramod$de7457a8d8cd5c2fae12683d12ea9a3d68328a1b\PSC_NPU_PE_Mult.
Setting constant 1-bit at position 283 on $procdff$3282 ($adff) from module $paramod$de7457a8d8cd5c2fae12683d12ea9a3d68328a1b\PSC_NPU_PE_Mult.
Setting constant 1-bit at position 284 on $procdff$3282 ($adff) from module $paramod$de7457a8d8cd5c2fae12683d12ea9a3d68328a1b\PSC_NPU_PE_Mult.
Setting constant 1-bit at position 285 on $procdff$3282 ($adff) from module $paramod$de7457a8d8cd5c2fae12683d12ea9a3d68328a1b\PSC_NPU_PE_Mult.
Setting constant 1-bit at position 286 on $procdff$3282 ($adff) from module $paramod$de7457a8d8cd5c2fae12683d12ea9a3d68328a1b\PSC_NPU_PE_Mult.
Setting constant 1-bit at position 287 on $procdff$3282 ($adff) from module $paramod$de7457a8d8cd5c2fae12683d12ea9a3d68328a1b\PSC_NPU_PE_Mult.
Setting constant 1-bit at position 288 on $procdff$3282 ($adff) from module $paramod$de7457a8d8cd5c2fae12683d12ea9a3d68328a1b\PSC_NPU_PE_Mult.
Setting constant 1-bit at position 289 on $procdff$3282 ($adff) from module $paramod$de7457a8d8cd5c2fae12683d12ea9a3d68328a1b\PSC_NPU_PE_Mult.
Setting constant 1-bit at position 290 on $procdff$3282 ($adff) from module $paramod$de7457a8d8cd5c2fae12683d12ea9a3d68328a1b\PSC_NPU_PE_Mult.
Setting constant 1-bit at position 291 on $procdff$3282 ($adff) from module $paramod$de7457a8d8cd5c2fae12683d12ea9a3d68328a1b\PSC_NPU_PE_Mult.
Setting constant 1-bit at position 292 on $procdff$3282 ($adff) from module $paramod$de7457a8d8cd5c2fae12683d12ea9a3d68328a1b\PSC_NPU_PE_Mult.
Setting constant 1-bit at position 293 on $procdff$3282 ($adff) from module $paramod$de7457a8d8cd5c2fae12683d12ea9a3d68328a1b\PSC_NPU_PE_Mult.
Setting constant 1-bit at position 294 on $procdff$3282 ($adff) from module $paramod$de7457a8d8cd5c2fae12683d12ea9a3d68328a1b\PSC_NPU_PE_Mult.
Setting constant 1-bit at position 295 on $procdff$3282 ($adff) from module $paramod$de7457a8d8cd5c2fae12683d12ea9a3d68328a1b\PSC_NPU_PE_Mult.
Setting constant 1-bit at position 296 on $procdff$3282 ($adff) from module $paramod$de7457a8d8cd5c2fae12683d12ea9a3d68328a1b\PSC_NPU_PE_Mult.
Setting constant 1-bit at position 297 on $procdff$3282 ($adff) from module $paramod$de7457a8d8cd5c2fae12683d12ea9a3d68328a1b\PSC_NPU_PE_Mult.
Setting constant 1-bit at position 298 on $procdff$3282 ($adff) from module $paramod$de7457a8d8cd5c2fae12683d12ea9a3d68328a1b\PSC_NPU_PE_Mult.
Setting constant 1-bit at position 299 on $procdff$3282 ($adff) from module $paramod$de7457a8d8cd5c2fae12683d12ea9a3d68328a1b\PSC_NPU_PE_Mult.
Setting constant 1-bit at position 300 on $procdff$3282 ($adff) from module $paramod$de7457a8d8cd5c2fae12683d12ea9a3d68328a1b\PSC_NPU_PE_Mult.
Setting constant 1-bit at position 301 on $procdff$3282 ($adff) from module $paramod$de7457a8d8cd5c2fae12683d12ea9a3d68328a1b\PSC_NPU_PE_Mult.
Setting constant 1-bit at position 302 on $procdff$3282 ($adff) from module $paramod$de7457a8d8cd5c2fae12683d12ea9a3d68328a1b\PSC_NPU_PE_Mult.
Setting constant 1-bit at position 303 on $procdff$3282 ($adff) from module $paramod$de7457a8d8cd5c2fae12683d12ea9a3d68328a1b\PSC_NPU_PE_Mult.
Setting constant 1-bit at position 304 on $procdff$3282 ($adff) from module $paramod$de7457a8d8cd5c2fae12683d12ea9a3d68328a1b\PSC_NPU_PE_Mult.
Setting constant 1-bit at position 305 on $procdff$3282 ($adff) from module $paramod$de7457a8d8cd5c2fae12683d12ea9a3d68328a1b\PSC_NPU_PE_Mult.
Setting constant 1-bit at position 306 on $procdff$3282 ($adff) from module $paramod$de7457a8d8cd5c2fae12683d12ea9a3d68328a1b\PSC_NPU_PE_Mult.
Setting constant 1-bit at position 307 on $procdff$3282 ($adff) from module $paramod$de7457a8d8cd5c2fae12683d12ea9a3d68328a1b\PSC_NPU_PE_Mult.
Setting constant 1-bit at position 308 on $procdff$3282 ($adff) from module $paramod$de7457a8d8cd5c2fae12683d12ea9a3d68328a1b\PSC_NPU_PE_Mult.
Setting constant 1-bit at position 309 on $procdff$3282 ($adff) from module $paramod$de7457a8d8cd5c2fae12683d12ea9a3d68328a1b\PSC_NPU_PE_Mult.
Setting constant 1-bit at position 310 on $procdff$3282 ($adff) from module $paramod$de7457a8d8cd5c2fae12683d12ea9a3d68328a1b\PSC_NPU_PE_Mult.
Setting constant 1-bit at position 311 on $procdff$3282 ($adff) from module $paramod$de7457a8d8cd5c2fae12683d12ea9a3d68328a1b\PSC_NPU_PE_Mult.
Setting constant 1-bit at position 312 on $procdff$3282 ($adff) from module $paramod$de7457a8d8cd5c2fae12683d12ea9a3d68328a1b\PSC_NPU_PE_Mult.
Setting constant 1-bit at position 313 on $procdff$3282 ($adff) from module $paramod$de7457a8d8cd5c2fae12683d12ea9a3d68328a1b\PSC_NPU_PE_Mult.
Setting constant 1-bit at position 314 on $procdff$3282 ($adff) from module $paramod$de7457a8d8cd5c2fae12683d12ea9a3d68328a1b\PSC_NPU_PE_Mult.
Setting constant 1-bit at position 315 on $procdff$3282 ($adff) from module $paramod$de7457a8d8cd5c2fae12683d12ea9a3d68328a1b\PSC_NPU_PE_Mult.
Setting constant 1-bit at position 316 on $procdff$3282 ($adff) from module $paramod$de7457a8d8cd5c2fae12683d12ea9a3d68328a1b\PSC_NPU_PE_Mult.
Setting constant 1-bit at position 317 on $procdff$3282 ($adff) from module $paramod$de7457a8d8cd5c2fae12683d12ea9a3d68328a1b\PSC_NPU_PE_Mult.
Setting constant 1-bit at position 318 on $procdff$3282 ($adff) from module $paramod$de7457a8d8cd5c2fae12683d12ea9a3d68328a1b\PSC_NPU_PE_Mult.
Setting constant 1-bit at position 319 on $procdff$3282 ($adff) from module $paramod$de7457a8d8cd5c2fae12683d12ea9a3d68328a1b\PSC_NPU_PE_Mult.
Setting constant 1-bit at position 320 on $procdff$3282 ($adff) from module $paramod$de7457a8d8cd5c2fae12683d12ea9a3d68328a1b\PSC_NPU_PE_Mult.
Setting constant 1-bit at position 321 on $procdff$3282 ($adff) from module $paramod$de7457a8d8cd5c2fae12683d12ea9a3d68328a1b\PSC_NPU_PE_Mult.
Setting constant 1-bit at position 322 on $procdff$3282 ($adff) from module $paramod$de7457a8d8cd5c2fae12683d12ea9a3d68328a1b\PSC_NPU_PE_Mult.
Setting constant 1-bit at position 323 on $procdff$3282 ($adff) from module $paramod$de7457a8d8cd5c2fae12683d12ea9a3d68328a1b\PSC_NPU_PE_Mult.
Setting constant 1-bit at position 324 on $procdff$3282 ($adff) from module $paramod$de7457a8d8cd5c2fae12683d12ea9a3d68328a1b\PSC_NPU_PE_Mult.
Setting constant 1-bit at position 325 on $procdff$3282 ($adff) from module $paramod$de7457a8d8cd5c2fae12683d12ea9a3d68328a1b\PSC_NPU_PE_Mult.
Setting constant 1-bit at position 326 on $procdff$3282 ($adff) from module $paramod$de7457a8d8cd5c2fae12683d12ea9a3d68328a1b\PSC_NPU_PE_Mult.
Setting constant 1-bit at position 327 on $procdff$3282 ($adff) from module $paramod$de7457a8d8cd5c2fae12683d12ea9a3d68328a1b\PSC_NPU_PE_Mult.
Setting constant 1-bit at position 328 on $procdff$3282 ($adff) from module $paramod$de7457a8d8cd5c2fae12683d12ea9a3d68328a1b\PSC_NPU_PE_Mult.
Setting constant 1-bit at position 329 on $procdff$3282 ($adff) from module $paramod$de7457a8d8cd5c2fae12683d12ea9a3d68328a1b\PSC_NPU_PE_Mult.
Setting constant 1-bit at position 330 on $procdff$3282 ($adff) from module $paramod$de7457a8d8cd5c2fae12683d12ea9a3d68328a1b\PSC_NPU_PE_Mult.
Setting constant 1-bit at position 331 on $procdff$3282 ($adff) from module $paramod$de7457a8d8cd5c2fae12683d12ea9a3d68328a1b\PSC_NPU_PE_Mult.
Setting constant 1-bit at position 332 on $procdff$3282 ($adff) from module $paramod$de7457a8d8cd5c2fae12683d12ea9a3d68328a1b\PSC_NPU_PE_Mult.
Setting constant 1-bit at position 333 on $procdff$3282 ($adff) from module $paramod$de7457a8d8cd5c2fae12683d12ea9a3d68328a1b\PSC_NPU_PE_Mult.
Setting constant 1-bit at position 334 on $procdff$3282 ($adff) from module $paramod$de7457a8d8cd5c2fae12683d12ea9a3d68328a1b\PSC_NPU_PE_Mult.
Setting constant 1-bit at position 335 on $procdff$3282 ($adff) from module $paramod$de7457a8d8cd5c2fae12683d12ea9a3d68328a1b\PSC_NPU_PE_Mult.
Setting constant 1-bit at position 336 on $procdff$3282 ($adff) from module $paramod$de7457a8d8cd5c2fae12683d12ea9a3d68328a1b\PSC_NPU_PE_Mult.
Setting constant 1-bit at position 337 on $procdff$3282 ($adff) from module $paramod$de7457a8d8cd5c2fae12683d12ea9a3d68328a1b\PSC_NPU_PE_Mult.
Setting constant 1-bit at position 338 on $procdff$3282 ($adff) from module $paramod$de7457a8d8cd5c2fae12683d12ea9a3d68328a1b\PSC_NPU_PE_Mult.
Setting constant 1-bit at position 339 on $procdff$3282 ($adff) from module $paramod$de7457a8d8cd5c2fae12683d12ea9a3d68328a1b\PSC_NPU_PE_Mult.
Setting constant 1-bit at position 340 on $procdff$3282 ($adff) from module $paramod$de7457a8d8cd5c2fae12683d12ea9a3d68328a1b\PSC_NPU_PE_Mult.
Setting constant 1-bit at position 341 on $procdff$3282 ($adff) from module $paramod$de7457a8d8cd5c2fae12683d12ea9a3d68328a1b\PSC_NPU_PE_Mult.
Setting constant 1-bit at position 342 on $procdff$3282 ($adff) from module $paramod$de7457a8d8cd5c2fae12683d12ea9a3d68328a1b\PSC_NPU_PE_Mult.
Setting constant 1-bit at position 343 on $procdff$3282 ($adff) from module $paramod$de7457a8d8cd5c2fae12683d12ea9a3d68328a1b\PSC_NPU_PE_Mult.
Setting constant 1-bit at position 344 on $procdff$3282 ($adff) from module $paramod$de7457a8d8cd5c2fae12683d12ea9a3d68328a1b\PSC_NPU_PE_Mult.
Setting constant 1-bit at position 345 on $procdff$3282 ($adff) from module $paramod$de7457a8d8cd5c2fae12683d12ea9a3d68328a1b\PSC_NPU_PE_Mult.
Setting constant 1-bit at position 346 on $procdff$3282 ($adff) from module $paramod$de7457a8d8cd5c2fae12683d12ea9a3d68328a1b\PSC_NPU_PE_Mult.
Setting constant 1-bit at position 347 on $procdff$3282 ($adff) from module $paramod$de7457a8d8cd5c2fae12683d12ea9a3d68328a1b\PSC_NPU_PE_Mult.
Setting constant 1-bit at position 348 on $procdff$3282 ($adff) from module $paramod$de7457a8d8cd5c2fae12683d12ea9a3d68328a1b\PSC_NPU_PE_Mult.
Setting constant 1-bit at position 349 on $procdff$3282 ($adff) from module $paramod$de7457a8d8cd5c2fae12683d12ea9a3d68328a1b\PSC_NPU_PE_Mult.
Setting constant 1-bit at position 350 on $procdff$3282 ($adff) from module $paramod$de7457a8d8cd5c2fae12683d12ea9a3d68328a1b\PSC_NPU_PE_Mult.
Setting constant 1-bit at position 351 on $procdff$3282 ($adff) from module $paramod$de7457a8d8cd5c2fae12683d12ea9a3d68328a1b\PSC_NPU_PE_Mult.
Setting constant 1-bit at position 352 on $procdff$3282 ($adff) from module $paramod$de7457a8d8cd5c2fae12683d12ea9a3d68328a1b\PSC_NPU_PE_Mult.
Setting constant 1-bit at position 353 on $procdff$3282 ($adff) from module $paramod$de7457a8d8cd5c2fae12683d12ea9a3d68328a1b\PSC_NPU_PE_Mult.
Setting constant 1-bit at position 354 on $procdff$3282 ($adff) from module $paramod$de7457a8d8cd5c2fae12683d12ea9a3d68328a1b\PSC_NPU_PE_Mult.
Setting constant 1-bit at position 355 on $procdff$3282 ($adff) from module $paramod$de7457a8d8cd5c2fae12683d12ea9a3d68328a1b\PSC_NPU_PE_Mult.
Setting constant 1-bit at position 356 on $procdff$3282 ($adff) from module $paramod$de7457a8d8cd5c2fae12683d12ea9a3d68328a1b\PSC_NPU_PE_Mult.
Setting constant 1-bit at position 357 on $procdff$3282 ($adff) from module $paramod$de7457a8d8cd5c2fae12683d12ea9a3d68328a1b\PSC_NPU_PE_Mult.
Setting constant 1-bit at position 358 on $procdff$3282 ($adff) from module $paramod$de7457a8d8cd5c2fae12683d12ea9a3d68328a1b\PSC_NPU_PE_Mult.
Setting constant 1-bit at position 359 on $procdff$3282 ($adff) from module $paramod$de7457a8d8cd5c2fae12683d12ea9a3d68328a1b\PSC_NPU_PE_Mult.
Setting constant 1-bit at position 360 on $procdff$3282 ($adff) from module $paramod$de7457a8d8cd5c2fae12683d12ea9a3d68328a1b\PSC_NPU_PE_Mult.
Setting constant 1-bit at position 361 on $procdff$3282 ($adff) from module $paramod$de7457a8d8cd5c2fae12683d12ea9a3d68328a1b\PSC_NPU_PE_Mult.
Setting constant 1-bit at position 362 on $procdff$3282 ($adff) from module $paramod$de7457a8d8cd5c2fae12683d12ea9a3d68328a1b\PSC_NPU_PE_Mult.
Setting constant 1-bit at position 363 on $procdff$3282 ($adff) from module $paramod$de7457a8d8cd5c2fae12683d12ea9a3d68328a1b\PSC_NPU_PE_Mult.
Setting constant 1-bit at position 364 on $procdff$3282 ($adff) from module $paramod$de7457a8d8cd5c2fae12683d12ea9a3d68328a1b\PSC_NPU_PE_Mult.
Setting constant 1-bit at position 365 on $procdff$3282 ($adff) from module $paramod$de7457a8d8cd5c2fae12683d12ea9a3d68328a1b\PSC_NPU_PE_Mult.
Setting constant 1-bit at position 366 on $procdff$3282 ($adff) from module $paramod$de7457a8d8cd5c2fae12683d12ea9a3d68328a1b\PSC_NPU_PE_Mult.
Setting constant 1-bit at position 367 on $procdff$3282 ($adff) from module $paramod$de7457a8d8cd5c2fae12683d12ea9a3d68328a1b\PSC_NPU_PE_Mult.
Setting constant 1-bit at position 368 on $procdff$3282 ($adff) from module $paramod$de7457a8d8cd5c2fae12683d12ea9a3d68328a1b\PSC_NPU_PE_Mult.
Setting constant 1-bit at position 369 on $procdff$3282 ($adff) from module $paramod$de7457a8d8cd5c2fae12683d12ea9a3d68328a1b\PSC_NPU_PE_Mult.
Setting constant 1-bit at position 370 on $procdff$3282 ($adff) from module $paramod$de7457a8d8cd5c2fae12683d12ea9a3d68328a1b\PSC_NPU_PE_Mult.
Setting constant 1-bit at position 371 on $procdff$3282 ($adff) from module $paramod$de7457a8d8cd5c2fae12683d12ea9a3d68328a1b\PSC_NPU_PE_Mult.
Setting constant 1-bit at position 372 on $procdff$3282 ($adff) from module $paramod$de7457a8d8cd5c2fae12683d12ea9a3d68328a1b\PSC_NPU_PE_Mult.
Setting constant 1-bit at position 373 on $procdff$3282 ($adff) from module $paramod$de7457a8d8cd5c2fae12683d12ea9a3d68328a1b\PSC_NPU_PE_Mult.
Setting constant 1-bit at position 374 on $procdff$3282 ($adff) from module $paramod$de7457a8d8cd5c2fae12683d12ea9a3d68328a1b\PSC_NPU_PE_Mult.
Setting constant 1-bit at position 375 on $procdff$3282 ($adff) from module $paramod$de7457a8d8cd5c2fae12683d12ea9a3d68328a1b\PSC_NPU_PE_Mult.
Setting constant 1-bit at position 376 on $procdff$3282 ($adff) from module $paramod$de7457a8d8cd5c2fae12683d12ea9a3d68328a1b\PSC_NPU_PE_Mult.
Setting constant 1-bit at position 377 on $procdff$3282 ($adff) from module $paramod$de7457a8d8cd5c2fae12683d12ea9a3d68328a1b\PSC_NPU_PE_Mult.
Setting constant 1-bit at position 378 on $procdff$3282 ($adff) from module $paramod$de7457a8d8cd5c2fae12683d12ea9a3d68328a1b\PSC_NPU_PE_Mult.
Setting constant 1-bit at position 379 on $procdff$3282 ($adff) from module $paramod$de7457a8d8cd5c2fae12683d12ea9a3d68328a1b\PSC_NPU_PE_Mult.
Setting constant 1-bit at position 380 on $procdff$3282 ($adff) from module $paramod$de7457a8d8cd5c2fae12683d12ea9a3d68328a1b\PSC_NPU_PE_Mult.
Setting constant 1-bit at position 381 on $procdff$3282 ($adff) from module $paramod$de7457a8d8cd5c2fae12683d12ea9a3d68328a1b\PSC_NPU_PE_Mult.
Setting constant 1-bit at position 382 on $procdff$3282 ($adff) from module $paramod$de7457a8d8cd5c2fae12683d12ea9a3d68328a1b\PSC_NPU_PE_Mult.
Setting constant 1-bit at position 383 on $procdff$3282 ($adff) from module $paramod$de7457a8d8cd5c2fae12683d12ea9a3d68328a1b\PSC_NPU_PE_Mult.
Setting constant 1-bit at position 384 on $procdff$3282 ($adff) from module $paramod$de7457a8d8cd5c2fae12683d12ea9a3d68328a1b\PSC_NPU_PE_Mult.
Setting constant 1-bit at position 385 on $procdff$3282 ($adff) from module $paramod$de7457a8d8cd5c2fae12683d12ea9a3d68328a1b\PSC_NPU_PE_Mult.
Setting constant 1-bit at position 386 on $procdff$3282 ($adff) from module $paramod$de7457a8d8cd5c2fae12683d12ea9a3d68328a1b\PSC_NPU_PE_Mult.
Setting constant 1-bit at position 387 on $procdff$3282 ($adff) from module $paramod$de7457a8d8cd5c2fae12683d12ea9a3d68328a1b\PSC_NPU_PE_Mult.
Setting constant 1-bit at position 388 on $procdff$3282 ($adff) from module $paramod$de7457a8d8cd5c2fae12683d12ea9a3d68328a1b\PSC_NPU_PE_Mult.
Setting constant 1-bit at position 389 on $procdff$3282 ($adff) from module $paramod$de7457a8d8cd5c2fae12683d12ea9a3d68328a1b\PSC_NPU_PE_Mult.
Setting constant 1-bit at position 390 on $procdff$3282 ($adff) from module $paramod$de7457a8d8cd5c2fae12683d12ea9a3d68328a1b\PSC_NPU_PE_Mult.
Setting constant 1-bit at position 391 on $procdff$3282 ($adff) from module $paramod$de7457a8d8cd5c2fae12683d12ea9a3d68328a1b\PSC_NPU_PE_Mult.
Setting constant 1-bit at position 392 on $procdff$3282 ($adff) from module $paramod$de7457a8d8cd5c2fae12683d12ea9a3d68328a1b\PSC_NPU_PE_Mult.
Setting constant 1-bit at position 393 on $procdff$3282 ($adff) from module $paramod$de7457a8d8cd5c2fae12683d12ea9a3d68328a1b\PSC_NPU_PE_Mult.
Setting constant 1-bit at position 394 on $procdff$3282 ($adff) from module $paramod$de7457a8d8cd5c2fae12683d12ea9a3d68328a1b\PSC_NPU_PE_Mult.
Setting constant 1-bit at position 395 on $procdff$3282 ($adff) from module $paramod$de7457a8d8cd5c2fae12683d12ea9a3d68328a1b\PSC_NPU_PE_Mult.
Setting constant 1-bit at position 396 on $procdff$3282 ($adff) from module $paramod$de7457a8d8cd5c2fae12683d12ea9a3d68328a1b\PSC_NPU_PE_Mult.
Setting constant 1-bit at position 397 on $procdff$3282 ($adff) from module $paramod$de7457a8d8cd5c2fae12683d12ea9a3d68328a1b\PSC_NPU_PE_Mult.
Setting constant 1-bit at position 398 on $procdff$3282 ($adff) from module $paramod$de7457a8d8cd5c2fae12683d12ea9a3d68328a1b\PSC_NPU_PE_Mult.
Setting constant 1-bit at position 399 on $procdff$3282 ($adff) from module $paramod$de7457a8d8cd5c2fae12683d12ea9a3d68328a1b\PSC_NPU_PE_Mult.
Setting constant 1-bit at position 400 on $procdff$3282 ($adff) from module $paramod$de7457a8d8cd5c2fae12683d12ea9a3d68328a1b\PSC_NPU_PE_Mult.
Setting constant 1-bit at position 401 on $procdff$3282 ($adff) from module $paramod$de7457a8d8cd5c2fae12683d12ea9a3d68328a1b\PSC_NPU_PE_Mult.
Setting constant 1-bit at position 402 on $procdff$3282 ($adff) from module $paramod$de7457a8d8cd5c2fae12683d12ea9a3d68328a1b\PSC_NPU_PE_Mult.
Setting constant 1-bit at position 403 on $procdff$3282 ($adff) from module $paramod$de7457a8d8cd5c2fae12683d12ea9a3d68328a1b\PSC_NPU_PE_Mult.
Setting constant 1-bit at position 404 on $procdff$3282 ($adff) from module $paramod$de7457a8d8cd5c2fae12683d12ea9a3d68328a1b\PSC_NPU_PE_Mult.
Setting constant 1-bit at position 405 on $procdff$3282 ($adff) from module $paramod$de7457a8d8cd5c2fae12683d12ea9a3d68328a1b\PSC_NPU_PE_Mult.
Setting constant 1-bit at position 406 on $procdff$3282 ($adff) from module $paramod$de7457a8d8cd5c2fae12683d12ea9a3d68328a1b\PSC_NPU_PE_Mult.
Setting constant 1-bit at position 407 on $procdff$3282 ($adff) from module $paramod$de7457a8d8cd5c2fae12683d12ea9a3d68328a1b\PSC_NPU_PE_Mult.
Setting constant 1-bit at position 408 on $procdff$3282 ($adff) from module $paramod$de7457a8d8cd5c2fae12683d12ea9a3d68328a1b\PSC_NPU_PE_Mult.
Setting constant 1-bit at position 409 on $procdff$3282 ($adff) from module $paramod$de7457a8d8cd5c2fae12683d12ea9a3d68328a1b\PSC_NPU_PE_Mult.
Setting constant 1-bit at position 410 on $procdff$3282 ($adff) from module $paramod$de7457a8d8cd5c2fae12683d12ea9a3d68328a1b\PSC_NPU_PE_Mult.
Setting constant 1-bit at position 411 on $procdff$3282 ($adff) from module $paramod$de7457a8d8cd5c2fae12683d12ea9a3d68328a1b\PSC_NPU_PE_Mult.
Setting constant 1-bit at position 412 on $procdff$3282 ($adff) from module $paramod$de7457a8d8cd5c2fae12683d12ea9a3d68328a1b\PSC_NPU_PE_Mult.
Setting constant 1-bit at position 413 on $procdff$3282 ($adff) from module $paramod$de7457a8d8cd5c2fae12683d12ea9a3d68328a1b\PSC_NPU_PE_Mult.
Setting constant 1-bit at position 414 on $procdff$3282 ($adff) from module $paramod$de7457a8d8cd5c2fae12683d12ea9a3d68328a1b\PSC_NPU_PE_Mult.
Setting constant 1-bit at position 415 on $procdff$3282 ($adff) from module $paramod$de7457a8d8cd5c2fae12683d12ea9a3d68328a1b\PSC_NPU_PE_Mult.
Setting constant 1-bit at position 416 on $procdff$3282 ($adff) from module $paramod$de7457a8d8cd5c2fae12683d12ea9a3d68328a1b\PSC_NPU_PE_Mult.
Setting constant 1-bit at position 417 on $procdff$3282 ($adff) from module $paramod$de7457a8d8cd5c2fae12683d12ea9a3d68328a1b\PSC_NPU_PE_Mult.
Setting constant 1-bit at position 418 on $procdff$3282 ($adff) from module $paramod$de7457a8d8cd5c2fae12683d12ea9a3d68328a1b\PSC_NPU_PE_Mult.
Setting constant 1-bit at position 419 on $procdff$3282 ($adff) from module $paramod$de7457a8d8cd5c2fae12683d12ea9a3d68328a1b\PSC_NPU_PE_Mult.
Setting constant 1-bit at position 420 on $procdff$3282 ($adff) from module $paramod$de7457a8d8cd5c2fae12683d12ea9a3d68328a1b\PSC_NPU_PE_Mult.
Setting constant 1-bit at position 421 on $procdff$3282 ($adff) from module $paramod$de7457a8d8cd5c2fae12683d12ea9a3d68328a1b\PSC_NPU_PE_Mult.
Setting constant 1-bit at position 422 on $procdff$3282 ($adff) from module $paramod$de7457a8d8cd5c2fae12683d12ea9a3d68328a1b\PSC_NPU_PE_Mult.
Setting constant 1-bit at position 423 on $procdff$3282 ($adff) from module $paramod$de7457a8d8cd5c2fae12683d12ea9a3d68328a1b\PSC_NPU_PE_Mult.
Setting constant 1-bit at position 424 on $procdff$3282 ($adff) from module $paramod$de7457a8d8cd5c2fae12683d12ea9a3d68328a1b\PSC_NPU_PE_Mult.
Setting constant 1-bit at position 425 on $procdff$3282 ($adff) from module $paramod$de7457a8d8cd5c2fae12683d12ea9a3d68328a1b\PSC_NPU_PE_Mult.
Setting constant 1-bit at position 426 on $procdff$3282 ($adff) from module $paramod$de7457a8d8cd5c2fae12683d12ea9a3d68328a1b\PSC_NPU_PE_Mult.
Setting constant 1-bit at position 427 on $procdff$3282 ($adff) from module $paramod$de7457a8d8cd5c2fae12683d12ea9a3d68328a1b\PSC_NPU_PE_Mult.
Setting constant 1-bit at position 428 on $procdff$3282 ($adff) from module $paramod$de7457a8d8cd5c2fae12683d12ea9a3d68328a1b\PSC_NPU_PE_Mult.
Setting constant 1-bit at position 429 on $procdff$3282 ($adff) from module $paramod$de7457a8d8cd5c2fae12683d12ea9a3d68328a1b\PSC_NPU_PE_Mult.
Setting constant 1-bit at position 430 on $procdff$3282 ($adff) from module $paramod$de7457a8d8cd5c2fae12683d12ea9a3d68328a1b\PSC_NPU_PE_Mult.
Setting constant 1-bit at position 431 on $procdff$3282 ($adff) from module $paramod$de7457a8d8cd5c2fae12683d12ea9a3d68328a1b\PSC_NPU_PE_Mult.
Setting constant 1-bit at position 432 on $procdff$3282 ($adff) from module $paramod$de7457a8d8cd5c2fae12683d12ea9a3d68328a1b\PSC_NPU_PE_Mult.
Setting constant 1-bit at position 433 on $procdff$3282 ($adff) from module $paramod$de7457a8d8cd5c2fae12683d12ea9a3d68328a1b\PSC_NPU_PE_Mult.
Setting constant 1-bit at position 434 on $procdff$3282 ($adff) from module $paramod$de7457a8d8cd5c2fae12683d12ea9a3d68328a1b\PSC_NPU_PE_Mult.
Setting constant 1-bit at position 435 on $procdff$3282 ($adff) from module $paramod$de7457a8d8cd5c2fae12683d12ea9a3d68328a1b\PSC_NPU_PE_Mult.
Setting constant 1-bit at position 436 on $procdff$3282 ($adff) from module $paramod$de7457a8d8cd5c2fae12683d12ea9a3d68328a1b\PSC_NPU_PE_Mult.
Setting constant 1-bit at position 437 on $procdff$3282 ($adff) from module $paramod$de7457a8d8cd5c2fae12683d12ea9a3d68328a1b\PSC_NPU_PE_Mult.
Setting constant 1-bit at position 438 on $procdff$3282 ($adff) from module $paramod$de7457a8d8cd5c2fae12683d12ea9a3d68328a1b\PSC_NPU_PE_Mult.
Setting constant 1-bit at position 439 on $procdff$3282 ($adff) from module $paramod$de7457a8d8cd5c2fae12683d12ea9a3d68328a1b\PSC_NPU_PE_Mult.
Setting constant 1-bit at position 440 on $procdff$3282 ($adff) from module $paramod$de7457a8d8cd5c2fae12683d12ea9a3d68328a1b\PSC_NPU_PE_Mult.
Setting constant 1-bit at position 441 on $procdff$3282 ($adff) from module $paramod$de7457a8d8cd5c2fae12683d12ea9a3d68328a1b\PSC_NPU_PE_Mult.
Setting constant 1-bit at position 442 on $procdff$3282 ($adff) from module $paramod$de7457a8d8cd5c2fae12683d12ea9a3d68328a1b\PSC_NPU_PE_Mult.
Setting constant 1-bit at position 443 on $procdff$3282 ($adff) from module $paramod$de7457a8d8cd5c2fae12683d12ea9a3d68328a1b\PSC_NPU_PE_Mult.
Setting constant 1-bit at position 444 on $procdff$3282 ($adff) from module $paramod$de7457a8d8cd5c2fae12683d12ea9a3d68328a1b\PSC_NPU_PE_Mult.
Setting constant 1-bit at position 445 on $procdff$3282 ($adff) from module $paramod$de7457a8d8cd5c2fae12683d12ea9a3d68328a1b\PSC_NPU_PE_Mult.
Setting constant 1-bit at position 446 on $procdff$3282 ($adff) from module $paramod$de7457a8d8cd5c2fae12683d12ea9a3d68328a1b\PSC_NPU_PE_Mult.
Setting constant 1-bit at position 447 on $procdff$3282 ($adff) from module $paramod$de7457a8d8cd5c2fae12683d12ea9a3d68328a1b\PSC_NPU_PE_Mult.
Setting constant 1-bit at position 448 on $procdff$3282 ($adff) from module $paramod$de7457a8d8cd5c2fae12683d12ea9a3d68328a1b\PSC_NPU_PE_Mult.
Setting constant 1-bit at position 449 on $procdff$3282 ($adff) from module $paramod$de7457a8d8cd5c2fae12683d12ea9a3d68328a1b\PSC_NPU_PE_Mult.
Setting constant 1-bit at position 450 on $procdff$3282 ($adff) from module $paramod$de7457a8d8cd5c2fae12683d12ea9a3d68328a1b\PSC_NPU_PE_Mult.
Setting constant 1-bit at position 451 on $procdff$3282 ($adff) from module $paramod$de7457a8d8cd5c2fae12683d12ea9a3d68328a1b\PSC_NPU_PE_Mult.
Setting constant 1-bit at position 452 on $procdff$3282 ($adff) from module $paramod$de7457a8d8cd5c2fae12683d12ea9a3d68328a1b\PSC_NPU_PE_Mult.
Setting constant 1-bit at position 453 on $procdff$3282 ($adff) from module $paramod$de7457a8d8cd5c2fae12683d12ea9a3d68328a1b\PSC_NPU_PE_Mult.
Setting constant 1-bit at position 454 on $procdff$3282 ($adff) from module $paramod$de7457a8d8cd5c2fae12683d12ea9a3d68328a1b\PSC_NPU_PE_Mult.
Setting constant 1-bit at position 455 on $procdff$3282 ($adff) from module $paramod$de7457a8d8cd5c2fae12683d12ea9a3d68328a1b\PSC_NPU_PE_Mult.
Setting constant 1-bit at position 456 on $procdff$3282 ($adff) from module $paramod$de7457a8d8cd5c2fae12683d12ea9a3d68328a1b\PSC_NPU_PE_Mult.
Setting constant 1-bit at position 457 on $procdff$3282 ($adff) from module $paramod$de7457a8d8cd5c2fae12683d12ea9a3d68328a1b\PSC_NPU_PE_Mult.
Setting constant 1-bit at position 458 on $procdff$3282 ($adff) from module $paramod$de7457a8d8cd5c2fae12683d12ea9a3d68328a1b\PSC_NPU_PE_Mult.
Setting constant 1-bit at position 459 on $procdff$3282 ($adff) from module $paramod$de7457a8d8cd5c2fae12683d12ea9a3d68328a1b\PSC_NPU_PE_Mult.
Setting constant 1-bit at position 460 on $procdff$3282 ($adff) from module $paramod$de7457a8d8cd5c2fae12683d12ea9a3d68328a1b\PSC_NPU_PE_Mult.
Setting constant 1-bit at position 461 on $procdff$3282 ($adff) from module $paramod$de7457a8d8cd5c2fae12683d12ea9a3d68328a1b\PSC_NPU_PE_Mult.
Setting constant 1-bit at position 462 on $procdff$3282 ($adff) from module $paramod$de7457a8d8cd5c2fae12683d12ea9a3d68328a1b\PSC_NPU_PE_Mult.
Setting constant 1-bit at position 463 on $procdff$3282 ($adff) from module $paramod$de7457a8d8cd5c2fae12683d12ea9a3d68328a1b\PSC_NPU_PE_Mult.
Setting constant 1-bit at position 464 on $procdff$3282 ($adff) from module $paramod$de7457a8d8cd5c2fae12683d12ea9a3d68328a1b\PSC_NPU_PE_Mult.
Setting constant 1-bit at position 465 on $procdff$3282 ($adff) from module $paramod$de7457a8d8cd5c2fae12683d12ea9a3d68328a1b\PSC_NPU_PE_Mult.
Setting constant 1-bit at position 466 on $procdff$3282 ($adff) from module $paramod$de7457a8d8cd5c2fae12683d12ea9a3d68328a1b\PSC_NPU_PE_Mult.
Setting constant 1-bit at position 467 on $procdff$3282 ($adff) from module $paramod$de7457a8d8cd5c2fae12683d12ea9a3d68328a1b\PSC_NPU_PE_Mult.
Setting constant 1-bit at position 468 on $procdff$3282 ($adff) from module $paramod$de7457a8d8cd5c2fae12683d12ea9a3d68328a1b\PSC_NPU_PE_Mult.
Setting constant 1-bit at position 469 on $procdff$3282 ($adff) from module $paramod$de7457a8d8cd5c2fae12683d12ea9a3d68328a1b\PSC_NPU_PE_Mult.
Setting constant 1-bit at position 470 on $procdff$3282 ($adff) from module $paramod$de7457a8d8cd5c2fae12683d12ea9a3d68328a1b\PSC_NPU_PE_Mult.
Setting constant 1-bit at position 471 on $procdff$3282 ($adff) from module $paramod$de7457a8d8cd5c2fae12683d12ea9a3d68328a1b\PSC_NPU_PE_Mult.
Setting constant 1-bit at position 472 on $procdff$3282 ($adff) from module $paramod$de7457a8d8cd5c2fae12683d12ea9a3d68328a1b\PSC_NPU_PE_Mult.
Setting constant 1-bit at position 473 on $procdff$3282 ($adff) from module $paramod$de7457a8d8cd5c2fae12683d12ea9a3d68328a1b\PSC_NPU_PE_Mult.
Setting constant 1-bit at position 474 on $procdff$3282 ($adff) from module $paramod$de7457a8d8cd5c2fae12683d12ea9a3d68328a1b\PSC_NPU_PE_Mult.
Setting constant 1-bit at position 475 on $procdff$3282 ($adff) from module $paramod$de7457a8d8cd5c2fae12683d12ea9a3d68328a1b\PSC_NPU_PE_Mult.
Setting constant 1-bit at position 476 on $procdff$3282 ($adff) from module $paramod$de7457a8d8cd5c2fae12683d12ea9a3d68328a1b\PSC_NPU_PE_Mult.
Setting constant 1-bit at position 477 on $procdff$3282 ($adff) from module $paramod$de7457a8d8cd5c2fae12683d12ea9a3d68328a1b\PSC_NPU_PE_Mult.
Setting constant 1-bit at position 478 on $procdff$3282 ($adff) from module $paramod$de7457a8d8cd5c2fae12683d12ea9a3d68328a1b\PSC_NPU_PE_Mult.
Setting constant 1-bit at position 479 on $procdff$3282 ($adff) from module $paramod$de7457a8d8cd5c2fae12683d12ea9a3d68328a1b\PSC_NPU_PE_Mult.
Setting constant 1-bit at position 480 on $procdff$3282 ($adff) from module $paramod$de7457a8d8cd5c2fae12683d12ea9a3d68328a1b\PSC_NPU_PE_Mult.
Setting constant 1-bit at position 481 on $procdff$3282 ($adff) from module $paramod$de7457a8d8cd5c2fae12683d12ea9a3d68328a1b\PSC_NPU_PE_Mult.
Setting constant 1-bit at position 482 on $procdff$3282 ($adff) from module $paramod$de7457a8d8cd5c2fae12683d12ea9a3d68328a1b\PSC_NPU_PE_Mult.
Setting constant 1-bit at position 483 on $procdff$3282 ($adff) from module $paramod$de7457a8d8cd5c2fae12683d12ea9a3d68328a1b\PSC_NPU_PE_Mult.
Setting constant 1-bit at position 484 on $procdff$3282 ($adff) from module $paramod$de7457a8d8cd5c2fae12683d12ea9a3d68328a1b\PSC_NPU_PE_Mult.
Setting constant 1-bit at position 485 on $procdff$3282 ($adff) from module $paramod$de7457a8d8cd5c2fae12683d12ea9a3d68328a1b\PSC_NPU_PE_Mult.
Setting constant 1-bit at position 486 on $procdff$3282 ($adff) from module $paramod$de7457a8d8cd5c2fae12683d12ea9a3d68328a1b\PSC_NPU_PE_Mult.
Setting constant 1-bit at position 487 on $procdff$3282 ($adff) from module $paramod$de7457a8d8cd5c2fae12683d12ea9a3d68328a1b\PSC_NPU_PE_Mult.
Setting constant 1-bit at position 488 on $procdff$3282 ($adff) from module $paramod$de7457a8d8cd5c2fae12683d12ea9a3d68328a1b\PSC_NPU_PE_Mult.
Setting constant 1-bit at position 489 on $procdff$3282 ($adff) from module $paramod$de7457a8d8cd5c2fae12683d12ea9a3d68328a1b\PSC_NPU_PE_Mult.
Setting constant 1-bit at position 490 on $procdff$3282 ($adff) from module $paramod$de7457a8d8cd5c2fae12683d12ea9a3d68328a1b\PSC_NPU_PE_Mult.
Setting constant 1-bit at position 491 on $procdff$3282 ($adff) from module $paramod$de7457a8d8cd5c2fae12683d12ea9a3d68328a1b\PSC_NPU_PE_Mult.
Setting constant 1-bit at position 492 on $procdff$3282 ($adff) from module $paramod$de7457a8d8cd5c2fae12683d12ea9a3d68328a1b\PSC_NPU_PE_Mult.
Setting constant 1-bit at position 493 on $procdff$3282 ($adff) from module $paramod$de7457a8d8cd5c2fae12683d12ea9a3d68328a1b\PSC_NPU_PE_Mult.
Setting constant 1-bit at position 494 on $procdff$3282 ($adff) from module $paramod$de7457a8d8cd5c2fae12683d12ea9a3d68328a1b\PSC_NPU_PE_Mult.
Setting constant 1-bit at position 495 on $procdff$3282 ($adff) from module $paramod$de7457a8d8cd5c2fae12683d12ea9a3d68328a1b\PSC_NPU_PE_Mult.
Setting constant 1-bit at position 496 on $procdff$3282 ($adff) from module $paramod$de7457a8d8cd5c2fae12683d12ea9a3d68328a1b\PSC_NPU_PE_Mult.
Setting constant 1-bit at position 497 on $procdff$3282 ($adff) from module $paramod$de7457a8d8cd5c2fae12683d12ea9a3d68328a1b\PSC_NPU_PE_Mult.
Setting constant 1-bit at position 498 on $procdff$3282 ($adff) from module $paramod$de7457a8d8cd5c2fae12683d12ea9a3d68328a1b\PSC_NPU_PE_Mult.
Setting constant 1-bit at position 499 on $procdff$3282 ($adff) from module $paramod$de7457a8d8cd5c2fae12683d12ea9a3d68328a1b\PSC_NPU_PE_Mult.
Setting constant 1-bit at position 500 on $procdff$3282 ($adff) from module $paramod$de7457a8d8cd5c2fae12683d12ea9a3d68328a1b\PSC_NPU_PE_Mult.
Setting constant 1-bit at position 501 on $procdff$3282 ($adff) from module $paramod$de7457a8d8cd5c2fae12683d12ea9a3d68328a1b\PSC_NPU_PE_Mult.
Setting constant 1-bit at position 502 on $procdff$3282 ($adff) from module $paramod$de7457a8d8cd5c2fae12683d12ea9a3d68328a1b\PSC_NPU_PE_Mult.
Setting constant 1-bit at position 503 on $procdff$3282 ($adff) from module $paramod$de7457a8d8cd5c2fae12683d12ea9a3d68328a1b\PSC_NPU_PE_Mult.
Setting constant 1-bit at position 504 on $procdff$3282 ($adff) from module $paramod$de7457a8d8cd5c2fae12683d12ea9a3d68328a1b\PSC_NPU_PE_Mult.
Setting constant 1-bit at position 505 on $procdff$3282 ($adff) from module $paramod$de7457a8d8cd5c2fae12683d12ea9a3d68328a1b\PSC_NPU_PE_Mult.
Setting constant 1-bit at position 506 on $procdff$3282 ($adff) from module $paramod$de7457a8d8cd5c2fae12683d12ea9a3d68328a1b\PSC_NPU_PE_Mult.
Setting constant 1-bit at position 507 on $procdff$3282 ($adff) from module $paramod$de7457a8d8cd5c2fae12683d12ea9a3d68328a1b\PSC_NPU_PE_Mult.
Setting constant 1-bit at position 508 on $procdff$3282 ($adff) from module $paramod$de7457a8d8cd5c2fae12683d12ea9a3d68328a1b\PSC_NPU_PE_Mult.
Setting constant 1-bit at position 509 on $procdff$3282 ($adff) from module $paramod$de7457a8d8cd5c2fae12683d12ea9a3d68328a1b\PSC_NPU_PE_Mult.
Setting constant 1-bit at position 510 on $procdff$3282 ($adff) from module $paramod$de7457a8d8cd5c2fae12683d12ea9a3d68328a1b\PSC_NPU_PE_Mult.
Setting constant 1-bit at position 511 on $procdff$3282 ($adff) from module $paramod$de7457a8d8cd5c2fae12683d12ea9a3d68328a1b\PSC_NPU_PE_Mult.
Setting constant 1-bit at position 0 on $procdff$3287 ($adff) from module $paramod$de7457a8d8cd5c2fae12683d12ea9a3d68328a1b\PSC_NPU_PE_Mult.
Setting constant 1-bit at position 1 on $procdff$3287 ($adff) from module $paramod$de7457a8d8cd5c2fae12683d12ea9a3d68328a1b\PSC_NPU_PE_Mult.
Setting constant 1-bit at position 2 on $procdff$3287 ($adff) from module $paramod$de7457a8d8cd5c2fae12683d12ea9a3d68328a1b\PSC_NPU_PE_Mult.
Setting constant 1-bit at position 3 on $procdff$3287 ($adff) from module $paramod$de7457a8d8cd5c2fae12683d12ea9a3d68328a1b\PSC_NPU_PE_Mult.
Setting constant 1-bit at position 4 on $procdff$3287 ($adff) from module $paramod$de7457a8d8cd5c2fae12683d12ea9a3d68328a1b\PSC_NPU_PE_Mult.
Setting constant 1-bit at position 5 on $procdff$3287 ($adff) from module $paramod$de7457a8d8cd5c2fae12683d12ea9a3d68328a1b\PSC_NPU_PE_Mult.
Setting constant 1-bit at position 6 on $procdff$3287 ($adff) from module $paramod$de7457a8d8cd5c2fae12683d12ea9a3d68328a1b\PSC_NPU_PE_Mult.
Setting constant 1-bit at position 7 on $procdff$3287 ($adff) from module $paramod$de7457a8d8cd5c2fae12683d12ea9a3d68328a1b\PSC_NPU_PE_Mult.
Setting constant 1-bit at position 8 on $procdff$3287 ($adff) from module $paramod$de7457a8d8cd5c2fae12683d12ea9a3d68328a1b\PSC_NPU_PE_Mult.
Setting constant 1-bit at position 9 on $procdff$3287 ($adff) from module $paramod$de7457a8d8cd5c2fae12683d12ea9a3d68328a1b\PSC_NPU_PE_Mult.
Setting constant 1-bit at position 10 on $procdff$3287 ($adff) from module $paramod$de7457a8d8cd5c2fae12683d12ea9a3d68328a1b\PSC_NPU_PE_Mult.
Setting constant 1-bit at position 11 on $procdff$3287 ($adff) from module $paramod$de7457a8d8cd5c2fae12683d12ea9a3d68328a1b\PSC_NPU_PE_Mult.
Setting constant 1-bit at position 12 on $procdff$3287 ($adff) from module $paramod$de7457a8d8cd5c2fae12683d12ea9a3d68328a1b\PSC_NPU_PE_Mult.
Setting constant 1-bit at position 13 on $procdff$3287 ($adff) from module $paramod$de7457a8d8cd5c2fae12683d12ea9a3d68328a1b\PSC_NPU_PE_Mult.
Setting constant 1-bit at position 14 on $procdff$3287 ($adff) from module $paramod$de7457a8d8cd5c2fae12683d12ea9a3d68328a1b\PSC_NPU_PE_Mult.
Setting constant 1-bit at position 15 on $procdff$3287 ($adff) from module $paramod$de7457a8d8cd5c2fae12683d12ea9a3d68328a1b\PSC_NPU_PE_Mult.
Adding EN signal on $procdff$3322 ($adff) from module $paramod$307663d54ccd312905f02689dff12188c7776671\PSC_NPU_ReadController (D = $procmux$2201_Y, Q = \read_idx).
Adding EN signal on $procdff$3342 ($adff) from module $paramod$307663d54ccd312905f02689dff12188c7776671\PSC_NPU_ReadController (D = \matrix_size_x, Q = \matrix_size_x_r).
Adding EN signal on $procdff$3327 ($adff) from module $paramod$307663d54ccd312905f02689dff12188c7776671\PSC_NPU_ReadController (D = \i_idx, Q = \i_idx_r).
Adding EN signal on $procdff$3337 ($adff) from module $paramod$307663d54ccd312905f02689dff12188c7776671\PSC_NPU_ReadController (D = \k_idx, Q = \k_idx_r).
Adding EN signal on $procdff$3357 ($adff) from module $paramod$307663d54ccd312905f02689dff12188c7776671\PSC_NPU_ReadController (D = $procmux$2125_Y, Q = \b_addr_cur).
Adding EN signal on $procdff$3332 ($adff) from module $paramod$307663d54ccd312905f02689dff12188c7776671\PSC_NPU_ReadController (D = \j_idx, Q = \j_idx_r).
Adding EN signal on $procdff$3312 ($adff) from module $paramod$307663d54ccd312905f02689dff12188c7776671\PSC_NPU_ReadController (D = $procmux$1949_Y, Q = \a_data_out [95:64]).
Adding EN signal on $procdff$3312 ($adff) from module $paramod$307663d54ccd312905f02689dff12188c7776671\PSC_NPU_ReadController (D = $procmux$1964_Y, Q = \a_data_out [63:32]).
Adding EN signal on $procdff$3312 ($adff) from module $paramod$307663d54ccd312905f02689dff12188c7776671\PSC_NPU_ReadController (D = $procmux$1980_Y, Q = \a_data_out [31:0]).
Adding EN signal on $procdff$3312 ($adff) from module $paramod$307663d54ccd312905f02689dff12188c7776671\PSC_NPU_ReadController (D = $procmux$2220_Y, Q = \a_data_out [127:96]).
Adding EN signal on $procdff$3317 ($adff) from module $paramod$307663d54ccd312905f02689dff12188c7776671\PSC_NPU_ReadController (D = $procmux$1908_Y, Q = \b_data_out [95:64]).
Adding EN signal on $procdff$3317 ($adff) from module $paramod$307663d54ccd312905f02689dff12188c7776671\PSC_NPU_ReadController (D = $procmux$1921_Y, Q = \b_data_out [63:32]).
Adding EN signal on $procdff$3317 ($adff) from module $paramod$307663d54ccd312905f02689dff12188c7776671\PSC_NPU_ReadController (D = $procmux$1935_Y, Q = \b_data_out [31:0]).
Adding EN signal on $procdff$3317 ($adff) from module $paramod$307663d54ccd312905f02689dff12188c7776671\PSC_NPU_ReadController (D = $procmux$1896_Y, Q = \b_data_out [127:96]).
Adding EN signal on $procdff$3292 ($adff) from module $paramod$307663d54ccd312905f02689dff12188c7776671\PSC_NPU_ReadController (D = $procmux$2266_Y, Q = \rd_read_addr).
Adding EN signal on $procdff$3352 ($adff) from module $paramod$307663d54ccd312905f02689dff12188c7776671\PSC_NPU_ReadController (D = $procmux$2139_Y, Q = \a_addr_cur).
Adding EN signal on $procdff$3347 ($adff) from module $paramod$307663d54ccd312905f02689dff12188c7776671\PSC_NPU_ReadController (D = \matrix_size_y, Q = \matrix_size_y_r).
Adding EN signal on $procdff$3302 ($adff) from module $paramod$307663d54ccd312905f02689dff12188c7776671\PSC_NPU_ReadController (D = $procmux$2250_Y, Q = \state).
Setting constant 1-bit at position 0 on $procdff$3362 ($adff) from module $paramod$307663d54ccd312905f02689dff12188c7776671\PSC_NPU_ReadController.
Setting constant 1-bit at position 1 on $procdff$3362 ($adff) from module $paramod$307663d54ccd312905f02689dff12188c7776671\PSC_NPU_ReadController.
Setting constant 1-bit at position 2 on $procdff$3362 ($adff) from module $paramod$307663d54ccd312905f02689dff12188c7776671\PSC_NPU_ReadController.
Setting constant 1-bit at position 3 on $procdff$3362 ($adff) from module $paramod$307663d54ccd312905f02689dff12188c7776671\PSC_NPU_ReadController.
Setting constant 1-bit at position 4 on $procdff$3362 ($adff) from module $paramod$307663d54ccd312905f02689dff12188c7776671\PSC_NPU_ReadController.
Setting constant 1-bit at position 5 on $procdff$3362 ($adff) from module $paramod$307663d54ccd312905f02689dff12188c7776671\PSC_NPU_ReadController.
Setting constant 1-bit at position 6 on $procdff$3362 ($adff) from module $paramod$307663d54ccd312905f02689dff12188c7776671\PSC_NPU_ReadController.
Setting constant 1-bit at position 7 on $procdff$3362 ($adff) from module $paramod$307663d54ccd312905f02689dff12188c7776671\PSC_NPU_ReadController.
Setting constant 1-bit at position 8 on $procdff$3362 ($adff) from module $paramod$307663d54ccd312905f02689dff12188c7776671\PSC_NPU_ReadController.
Setting constant 1-bit at position 9 on $procdff$3362 ($adff) from module $paramod$307663d54ccd312905f02689dff12188c7776671\PSC_NPU_ReadController.
Setting constant 1-bit at position 10 on $procdff$3362 ($adff) from module $paramod$307663d54ccd312905f02689dff12188c7776671\PSC_NPU_ReadController.
Setting constant 1-bit at position 11 on $procdff$3362 ($adff) from module $paramod$307663d54ccd312905f02689dff12188c7776671\PSC_NPU_ReadController.
Setting constant 1-bit at position 12 on $procdff$3362 ($adff) from module $paramod$307663d54ccd312905f02689dff12188c7776671\PSC_NPU_ReadController.
Setting constant 1-bit at position 13 on $procdff$3362 ($adff) from module $paramod$307663d54ccd312905f02689dff12188c7776671\PSC_NPU_ReadController.
Setting constant 1-bit at position 14 on $procdff$3362 ($adff) from module $paramod$307663d54ccd312905f02689dff12188c7776671\PSC_NPU_ReadController.
Setting constant 1-bit at position 15 on $procdff$3362 ($adff) from module $paramod$307663d54ccd312905f02689dff12188c7776671\PSC_NPU_ReadController.
Setting constant 1-bit at position 16 on $procdff$3362 ($adff) from module $paramod$307663d54ccd312905f02689dff12188c7776671\PSC_NPU_ReadController.
Setting constant 1-bit at position 17 on $procdff$3362 ($adff) from module $paramod$307663d54ccd312905f02689dff12188c7776671\PSC_NPU_ReadController.
Setting constant 1-bit at position 18 on $procdff$3362 ($adff) from module $paramod$307663d54ccd312905f02689dff12188c7776671\PSC_NPU_ReadController.
Setting constant 1-bit at position 19 on $procdff$3362 ($adff) from module $paramod$307663d54ccd312905f02689dff12188c7776671\PSC_NPU_ReadController.
Setting constant 1-bit at position 20 on $procdff$3362 ($adff) from module $paramod$307663d54ccd312905f02689dff12188c7776671\PSC_NPU_ReadController.
Setting constant 1-bit at position 21 on $procdff$3362 ($adff) from module $paramod$307663d54ccd312905f02689dff12188c7776671\PSC_NPU_ReadController.
Setting constant 1-bit at position 22 on $procdff$3362 ($adff) from module $paramod$307663d54ccd312905f02689dff12188c7776671\PSC_NPU_ReadController.
Setting constant 1-bit at position 23 on $procdff$3362 ($adff) from module $paramod$307663d54ccd312905f02689dff12188c7776671\PSC_NPU_ReadController.
Setting constant 1-bit at position 24 on $procdff$3362 ($adff) from module $paramod$307663d54ccd312905f02689dff12188c7776671\PSC_NPU_ReadController.
Setting constant 1-bit at position 25 on $procdff$3362 ($adff) from module $paramod$307663d54ccd312905f02689dff12188c7776671\PSC_NPU_ReadController.
Setting constant 1-bit at position 26 on $procdff$3362 ($adff) from module $paramod$307663d54ccd312905f02689dff12188c7776671\PSC_NPU_ReadController.
Setting constant 1-bit at position 27 on $procdff$3362 ($adff) from module $paramod$307663d54ccd312905f02689dff12188c7776671\PSC_NPU_ReadController.
Setting constant 1-bit at position 28 on $procdff$3362 ($adff) from module $paramod$307663d54ccd312905f02689dff12188c7776671\PSC_NPU_ReadController.
Setting constant 1-bit at position 29 on $procdff$3362 ($adff) from module $paramod$307663d54ccd312905f02689dff12188c7776671\PSC_NPU_ReadController.
Setting constant 1-bit at position 30 on $procdff$3362 ($adff) from module $paramod$307663d54ccd312905f02689dff12188c7776671\PSC_NPU_ReadController.
Setting constant 1-bit at position 31 on $procdff$3362 ($adff) from module $paramod$307663d54ccd312905f02689dff12188c7776671\PSC_NPU_ReadController.
Setting constant 1-bit at position 0 on $procdff$3367 ($adff) from module $paramod$307663d54ccd312905f02689dff12188c7776671\PSC_NPU_ReadController.
Setting constant 1-bit at position 1 on $procdff$3367 ($adff) from module $paramod$307663d54ccd312905f02689dff12188c7776671\PSC_NPU_ReadController.
Setting constant 1-bit at position 2 on $procdff$3367 ($adff) from module $paramod$307663d54ccd312905f02689dff12188c7776671\PSC_NPU_ReadController.
Setting constant 1-bit at position 3 on $procdff$3367 ($adff) from module $paramod$307663d54ccd312905f02689dff12188c7776671\PSC_NPU_ReadController.
Setting constant 1-bit at position 4 on $procdff$3367 ($adff) from module $paramod$307663d54ccd312905f02689dff12188c7776671\PSC_NPU_ReadController.
Setting constant 1-bit at position 5 on $procdff$3367 ($adff) from module $paramod$307663d54ccd312905f02689dff12188c7776671\PSC_NPU_ReadController.
Setting constant 1-bit at position 6 on $procdff$3367 ($adff) from module $paramod$307663d54ccd312905f02689dff12188c7776671\PSC_NPU_ReadController.
Setting constant 1-bit at position 7 on $procdff$3367 ($adff) from module $paramod$307663d54ccd312905f02689dff12188c7776671\PSC_NPU_ReadController.
Adding EN signal on $procdff$3422 ($adff) from module PSC_NPU_Controller (D = $procmux$2930_Y, Q = \j_idx).
Adding EN signal on $procdff$3457 ($adff) from module PSC_NPU_Controller (D = $procmux$2857_Y, Q = \cur_a_data).
Adding EN signal on $procdff$3472 ($adff) from module PSC_NPU_Controller (D = $procmux$2777_Y, Q = \state).
Adding EN signal on $procdff$3427 ($adff) from module PSC_NPU_Controller (D = $procmux$2901_Y, Q = \k_idx).
Adding EN signal on $procdff$3397 ($adff) from module PSC_NPU_Controller (D = $procmux$2970_Y, Q = \c_write_addr).
Adding EN signal on $procdff$3452 ($adff) from module PSC_NPU_Controller (D = $procmux$2876_Y, Q = \row_s).
Adding EN signal on $procdff$3417 ($adff) from module PSC_NPU_Controller (D = $procmux$2948_Y, Q = \i_idx).
Adding EN signal on $procdff$3402 ($adff) from module PSC_NPU_Controller (D = \ps_acc_out, Q = \c_write_wdata).
Adding EN signal on $procdff$3462 ($adff) from module PSC_NPU_Controller (D = $procmux$2835_Y, Q = \cur_b_data).
Setting constant 1-bit at position 0 on $procdff$3492 ($adff) from module PSC_NPU_Controller.
Setting constant 1-bit at position 1 on $procdff$3492 ($adff) from module PSC_NPU_Controller.
Setting constant 1-bit at position 2 on $procdff$3492 ($adff) from module PSC_NPU_Controller.
Setting constant 1-bit at position 3 on $procdff$3492 ($adff) from module PSC_NPU_Controller.
Setting constant 1-bit at position 4 on $procdff$3492 ($adff) from module PSC_NPU_Controller.
Setting constant 1-bit at position 5 on $procdff$3492 ($adff) from module PSC_NPU_Controller.
Setting constant 1-bit at position 6 on $procdff$3492 ($adff) from module PSC_NPU_Controller.
Setting constant 1-bit at position 7 on $procdff$3492 ($adff) from module PSC_NPU_Controller.
Setting constant 1-bit at position 8 on $procdff$3492 ($adff) from module PSC_NPU_Controller.
Setting constant 1-bit at position 9 on $procdff$3492 ($adff) from module PSC_NPU_Controller.
Setting constant 1-bit at position 10 on $procdff$3492 ($adff) from module PSC_NPU_Controller.
Setting constant 1-bit at position 11 on $procdff$3492 ($adff) from module PSC_NPU_Controller.
Setting constant 1-bit at position 12 on $procdff$3492 ($adff) from module PSC_NPU_Controller.
Setting constant 1-bit at position 13 on $procdff$3492 ($adff) from module PSC_NPU_Controller.
Setting constant 1-bit at position 14 on $procdff$3492 ($adff) from module PSC_NPU_Controller.
Setting constant 1-bit at position 15 on $procdff$3492 ($adff) from module PSC_NPU_Controller.
Setting constant 1-bit at position 16 on $procdff$3492 ($adff) from module PSC_NPU_Controller.
Setting constant 1-bit at position 17 on $procdff$3492 ($adff) from module PSC_NPU_Controller.
Setting constant 1-bit at position 18 on $procdff$3492 ($adff) from module PSC_NPU_Controller.
Setting constant 1-bit at position 19 on $procdff$3492 ($adff) from module PSC_NPU_Controller.
Setting constant 1-bit at position 20 on $procdff$3492 ($adff) from module PSC_NPU_Controller.
Setting constant 1-bit at position 21 on $procdff$3492 ($adff) from module PSC_NPU_Controller.
Setting constant 1-bit at position 22 on $procdff$3492 ($adff) from module PSC_NPU_Controller.
Setting constant 1-bit at position 23 on $procdff$3492 ($adff) from module PSC_NPU_Controller.
Setting constant 1-bit at position 24 on $procdff$3492 ($adff) from module PSC_NPU_Controller.
Setting constant 1-bit at position 25 on $procdff$3492 ($adff) from module PSC_NPU_Controller.
Setting constant 1-bit at position 26 on $procdff$3492 ($adff) from module PSC_NPU_Controller.
Setting constant 1-bit at position 27 on $procdff$3492 ($adff) from module PSC_NPU_Controller.
Setting constant 1-bit at position 28 on $procdff$3492 ($adff) from module PSC_NPU_Controller.
Setting constant 1-bit at position 29 on $procdff$3492 ($adff) from module PSC_NPU_Controller.
Setting constant 1-bit at position 30 on $procdff$3492 ($adff) from module PSC_NPU_Controller.
Setting constant 1-bit at position 31 on $procdff$3492 ($adff) from module PSC_NPU_Controller.
Setting constant 1-bit at position 0 on $procdff$3482 ($adff) from module PSC_NPU_Controller.
Setting constant 1-bit at position 1 on $procdff$3482 ($adff) from module PSC_NPU_Controller.
Setting constant 1-bit at position 2 on $procdff$3482 ($adff) from module PSC_NPU_Controller.
Setting constant 1-bit at position 3 on $procdff$3482 ($adff) from module PSC_NPU_Controller.
Setting constant 1-bit at position 4 on $procdff$3482 ($adff) from module PSC_NPU_Controller.
Setting constant 1-bit at position 5 on $procdff$3482 ($adff) from module PSC_NPU_Controller.
Setting constant 1-bit at position 6 on $procdff$3482 ($adff) from module PSC_NPU_Controller.
Setting constant 1-bit at position 7 on $procdff$3482 ($adff) from module PSC_NPU_Controller.
Setting constant 1-bit at position 8 on $procdff$3482 ($adff) from module PSC_NPU_Controller.
Setting constant 1-bit at position 9 on $procdff$3482 ($adff) from module PSC_NPU_Controller.
Setting constant 1-bit at position 10 on $procdff$3482 ($adff) from module PSC_NPU_Controller.
Setting constant 1-bit at position 11 on $procdff$3482 ($adff) from module PSC_NPU_Controller.
Setting constant 1-bit at position 12 on $procdff$3482 ($adff) from module PSC_NPU_Controller.
Setting constant 1-bit at position 13 on $procdff$3482 ($adff) from module PSC_NPU_Controller.
Setting constant 1-bit at position 14 on $procdff$3482 ($adff) from module PSC_NPU_Controller.
Setting constant 1-bit at position 15 on $procdff$3482 ($adff) from module PSC_NPU_Controller.
Setting constant 1-bit at position 16 on $procdff$3482 ($adff) from module PSC_NPU_Controller.
Setting constant 1-bit at position 17 on $procdff$3482 ($adff) from module PSC_NPU_Controller.
Setting constant 1-bit at position 18 on $procdff$3482 ($adff) from module PSC_NPU_Controller.
Setting constant 1-bit at position 19 on $procdff$3482 ($adff) from module PSC_NPU_Controller.
Setting constant 1-bit at position 20 on $procdff$3482 ($adff) from module PSC_NPU_Controller.
Setting constant 1-bit at position 21 on $procdff$3482 ($adff) from module PSC_NPU_Controller.
Setting constant 1-bit at position 22 on $procdff$3482 ($adff) from module PSC_NPU_Controller.
Setting constant 1-bit at position 23 on $procdff$3482 ($adff) from module PSC_NPU_Controller.
Setting constant 1-bit at position 24 on $procdff$3482 ($adff) from module PSC_NPU_Controller.
Setting constant 1-bit at position 25 on $procdff$3482 ($adff) from module PSC_NPU_Controller.
Setting constant 1-bit at position 26 on $procdff$3482 ($adff) from module PSC_NPU_Controller.
Setting constant 1-bit at position 27 on $procdff$3482 ($adff) from module PSC_NPU_Controller.
Setting constant 1-bit at position 28 on $procdff$3482 ($adff) from module PSC_NPU_Controller.
Setting constant 1-bit at position 29 on $procdff$3482 ($adff) from module PSC_NPU_Controller.
Setting constant 1-bit at position 30 on $procdff$3482 ($adff) from module PSC_NPU_Controller.
Setting constant 1-bit at position 31 on $procdff$3482 ($adff) from module PSC_NPU_Controller.
Setting constant 1-bit at position 32 on $procdff$3482 ($adff) from module PSC_NPU_Controller.
Setting constant 1-bit at position 33 on $procdff$3482 ($adff) from module PSC_NPU_Controller.
Setting constant 1-bit at position 34 on $procdff$3482 ($adff) from module PSC_NPU_Controller.
Setting constant 1-bit at position 35 on $procdff$3482 ($adff) from module PSC_NPU_Controller.
Setting constant 1-bit at position 36 on $procdff$3482 ($adff) from module PSC_NPU_Controller.
Setting constant 1-bit at position 37 on $procdff$3482 ($adff) from module PSC_NPU_Controller.
Setting constant 1-bit at position 38 on $procdff$3482 ($adff) from module PSC_NPU_Controller.
Setting constant 1-bit at position 39 on $procdff$3482 ($adff) from module PSC_NPU_Controller.
Setting constant 1-bit at position 40 on $procdff$3482 ($adff) from module PSC_NPU_Controller.
Setting constant 1-bit at position 41 on $procdff$3482 ($adff) from module PSC_NPU_Controller.
Setting constant 1-bit at position 42 on $procdff$3482 ($adff) from module PSC_NPU_Controller.
Setting constant 1-bit at position 43 on $procdff$3482 ($adff) from module PSC_NPU_Controller.
Setting constant 1-bit at position 44 on $procdff$3482 ($adff) from module PSC_NPU_Controller.
Setting constant 1-bit at position 45 on $procdff$3482 ($adff) from module PSC_NPU_Controller.
Setting constant 1-bit at position 46 on $procdff$3482 ($adff) from module PSC_NPU_Controller.
Setting constant 1-bit at position 47 on $procdff$3482 ($adff) from module PSC_NPU_Controller.
Setting constant 1-bit at position 48 on $procdff$3482 ($adff) from module PSC_NPU_Controller.
Setting constant 1-bit at position 49 on $procdff$3482 ($adff) from module PSC_NPU_Controller.
Setting constant 1-bit at position 50 on $procdff$3482 ($adff) from module PSC_NPU_Controller.
Setting constant 1-bit at position 51 on $procdff$3482 ($adff) from module PSC_NPU_Controller.
Setting constant 1-bit at position 52 on $procdff$3482 ($adff) from module PSC_NPU_Controller.
Setting constant 1-bit at position 53 on $procdff$3482 ($adff) from module PSC_NPU_Controller.
Setting constant 1-bit at position 54 on $procdff$3482 ($adff) from module PSC_NPU_Controller.
Setting constant 1-bit at position 55 on $procdff$3482 ($adff) from module PSC_NPU_Controller.
Setting constant 1-bit at position 56 on $procdff$3482 ($adff) from module PSC_NPU_Controller.
Setting constant 1-bit at position 57 on $procdff$3482 ($adff) from module PSC_NPU_Controller.
Setting constant 1-bit at position 58 on $procdff$3482 ($adff) from module PSC_NPU_Controller.
Setting constant 1-bit at position 59 on $procdff$3482 ($adff) from module PSC_NPU_Controller.
Setting constant 1-bit at position 60 on $procdff$3482 ($adff) from module PSC_NPU_Controller.
Setting constant 1-bit at position 61 on $procdff$3482 ($adff) from module PSC_NPU_Controller.
Setting constant 1-bit at position 62 on $procdff$3482 ($adff) from module PSC_NPU_Controller.
Setting constant 1-bit at position 63 on $procdff$3482 ($adff) from module PSC_NPU_Controller.
Setting constant 1-bit at position 64 on $procdff$3482 ($adff) from module PSC_NPU_Controller.
Setting constant 1-bit at position 65 on $procdff$3482 ($adff) from module PSC_NPU_Controller.
Setting constant 1-bit at position 66 on $procdff$3482 ($adff) from module PSC_NPU_Controller.
Setting constant 1-bit at position 67 on $procdff$3482 ($adff) from module PSC_NPU_Controller.
Setting constant 1-bit at position 68 on $procdff$3482 ($adff) from module PSC_NPU_Controller.
Setting constant 1-bit at position 69 on $procdff$3482 ($adff) from module PSC_NPU_Controller.
Setting constant 1-bit at position 70 on $procdff$3482 ($adff) from module PSC_NPU_Controller.
Setting constant 1-bit at position 71 on $procdff$3482 ($adff) from module PSC_NPU_Controller.
Setting constant 1-bit at position 72 on $procdff$3482 ($adff) from module PSC_NPU_Controller.
Setting constant 1-bit at position 73 on $procdff$3482 ($adff) from module PSC_NPU_Controller.
Setting constant 1-bit at position 74 on $procdff$3482 ($adff) from module PSC_NPU_Controller.
Setting constant 1-bit at position 75 on $procdff$3482 ($adff) from module PSC_NPU_Controller.
Setting constant 1-bit at position 76 on $procdff$3482 ($adff) from module PSC_NPU_Controller.
Setting constant 1-bit at position 77 on $procdff$3482 ($adff) from module PSC_NPU_Controller.
Setting constant 1-bit at position 78 on $procdff$3482 ($adff) from module PSC_NPU_Controller.
Setting constant 1-bit at position 79 on $procdff$3482 ($adff) from module PSC_NPU_Controller.
Setting constant 1-bit at position 80 on $procdff$3482 ($adff) from module PSC_NPU_Controller.
Setting constant 1-bit at position 81 on $procdff$3482 ($adff) from module PSC_NPU_Controller.
Setting constant 1-bit at position 82 on $procdff$3482 ($adff) from module PSC_NPU_Controller.
Setting constant 1-bit at position 83 on $procdff$3482 ($adff) from module PSC_NPU_Controller.
Setting constant 1-bit at position 84 on $procdff$3482 ($adff) from module PSC_NPU_Controller.
Setting constant 1-bit at position 85 on $procdff$3482 ($adff) from module PSC_NPU_Controller.
Setting constant 1-bit at position 86 on $procdff$3482 ($adff) from module PSC_NPU_Controller.
Setting constant 1-bit at position 87 on $procdff$3482 ($adff) from module PSC_NPU_Controller.
Setting constant 1-bit at position 88 on $procdff$3482 ($adff) from module PSC_NPU_Controller.
Setting constant 1-bit at position 89 on $procdff$3482 ($adff) from module PSC_NPU_Controller.
Setting constant 1-bit at position 90 on $procdff$3482 ($adff) from module PSC_NPU_Controller.
Setting constant 1-bit at position 91 on $procdff$3482 ($adff) from module PSC_NPU_Controller.
Setting constant 1-bit at position 92 on $procdff$3482 ($adff) from module PSC_NPU_Controller.
Setting constant 1-bit at position 93 on $procdff$3482 ($adff) from module PSC_NPU_Controller.
Setting constant 1-bit at position 94 on $procdff$3482 ($adff) from module PSC_NPU_Controller.
Setting constant 1-bit at position 95 on $procdff$3482 ($adff) from module PSC_NPU_Controller.
Setting constant 1-bit at position 96 on $procdff$3482 ($adff) from module PSC_NPU_Controller.
Setting constant 1-bit at position 97 on $procdff$3482 ($adff) from module PSC_NPU_Controller.
Setting constant 1-bit at position 98 on $procdff$3482 ($adff) from module PSC_NPU_Controller.
Setting constant 1-bit at position 99 on $procdff$3482 ($adff) from module PSC_NPU_Controller.
Setting constant 1-bit at position 100 on $procdff$3482 ($adff) from module PSC_NPU_Controller.
Setting constant 1-bit at position 101 on $procdff$3482 ($adff) from module PSC_NPU_Controller.
Setting constant 1-bit at position 102 on $procdff$3482 ($adff) from module PSC_NPU_Controller.
Setting constant 1-bit at position 103 on $procdff$3482 ($adff) from module PSC_NPU_Controller.
Setting constant 1-bit at position 104 on $procdff$3482 ($adff) from module PSC_NPU_Controller.
Setting constant 1-bit at position 105 on $procdff$3482 ($adff) from module PSC_NPU_Controller.
Setting constant 1-bit at position 106 on $procdff$3482 ($adff) from module PSC_NPU_Controller.
Setting constant 1-bit at position 107 on $procdff$3482 ($adff) from module PSC_NPU_Controller.
Setting constant 1-bit at position 108 on $procdff$3482 ($adff) from module PSC_NPU_Controller.
Setting constant 1-bit at position 109 on $procdff$3482 ($adff) from module PSC_NPU_Controller.
Setting constant 1-bit at position 110 on $procdff$3482 ($adff) from module PSC_NPU_Controller.
Setting constant 1-bit at position 111 on $procdff$3482 ($adff) from module PSC_NPU_Controller.
Setting constant 1-bit at position 112 on $procdff$3482 ($adff) from module PSC_NPU_Controller.
Setting constant 1-bit at position 113 on $procdff$3482 ($adff) from module PSC_NPU_Controller.
Setting constant 1-bit at position 114 on $procdff$3482 ($adff) from module PSC_NPU_Controller.
Setting constant 1-bit at position 115 on $procdff$3482 ($adff) from module PSC_NPU_Controller.
Setting constant 1-bit at position 116 on $procdff$3482 ($adff) from module PSC_NPU_Controller.
Setting constant 1-bit at position 117 on $procdff$3482 ($adff) from module PSC_NPU_Controller.
Setting constant 1-bit at position 118 on $procdff$3482 ($adff) from module PSC_NPU_Controller.
Setting constant 1-bit at position 119 on $procdff$3482 ($adff) from module PSC_NPU_Controller.
Setting constant 1-bit at position 120 on $procdff$3482 ($adff) from module PSC_NPU_Controller.
Setting constant 1-bit at position 121 on $procdff$3482 ($adff) from module PSC_NPU_Controller.
Setting constant 1-bit at position 122 on $procdff$3482 ($adff) from module PSC_NPU_Controller.
Setting constant 1-bit at position 123 on $procdff$3482 ($adff) from module PSC_NPU_Controller.
Setting constant 1-bit at position 124 on $procdff$3482 ($adff) from module PSC_NPU_Controller.
Setting constant 1-bit at position 125 on $procdff$3482 ($adff) from module PSC_NPU_Controller.
Setting constant 1-bit at position 126 on $procdff$3482 ($adff) from module PSC_NPU_Controller.
Setting constant 1-bit at position 127 on $procdff$3482 ($adff) from module PSC_NPU_Controller.
Setting constant 1-bit at position 0 on $procdff$3502 ($adff) from module PSC_NPU_Controller.
Setting constant 1-bit at position 1 on $procdff$3502 ($adff) from module PSC_NPU_Controller.
Setting constant 1-bit at position 2 on $procdff$3502 ($adff) from module PSC_NPU_Controller.
Setting constant 1-bit at position 3 on $procdff$3502 ($adff) from module PSC_NPU_Controller.
Setting constant 1-bit at position 0 on $procdff$3512 ($adff) from module PSC_NPU_Controller.
Setting constant 1-bit at position 1 on $procdff$3512 ($adff) from module PSC_NPU_Controller.
Setting constant 1-bit at position 2 on $procdff$3512 ($adff) from module PSC_NPU_Controller.
Setting constant 1-bit at position 3 on $procdff$3512 ($adff) from module PSC_NPU_Controller.
Setting constant 1-bit at position 4 on $procdff$3512 ($adff) from module PSC_NPU_Controller.
Setting constant 1-bit at position 5 on $procdff$3512 ($adff) from module PSC_NPU_Controller.
Setting constant 1-bit at position 6 on $procdff$3512 ($adff) from module PSC_NPU_Controller.
Setting constant 1-bit at position 7 on $procdff$3512 ($adff) from module PSC_NPU_Controller.

8.7. Executing OPT_CLEAN pass (remove unused cells and wires).
Finding unused cells or wires in module $paramod$cf50c80de863ac3afecc719a64e6ee2860f6b52d\PSC_NPU_PE_INT..
Finding unused cells or wires in module $paramod$de7457a8d8cd5c2fae12683d12ea9a3d68328a1b\PSC_NPU_PE_Mult..
Finding unused cells or wires in module $paramod$de230bda5a80cbecdf77d89ad4a10a91c6974674\PSC_NPU_SystolicArray4x4..
Finding unused cells or wires in module $paramod$307663d54ccd312905f02689dff12188c7776671\PSC_NPU_ReadController..
Finding unused cells or wires in module \PSC_NPU_Controller..
Removed 139 unused cells and 1628 unused wires.
<suppressed ~155 debug messages>

8.8. Executing OPT_EXPR pass (perform const folding).
Optimizing module $paramod$307663d54ccd312905f02689dff12188c7776671\PSC_NPU_ReadController.
<suppressed ~12 debug messages>
Optimizing module $paramod$cf50c80de863ac3afecc719a64e6ee2860f6b52d\PSC_NPU_PE_INT.
<suppressed ~25 debug messages>
Optimizing module $paramod$de230bda5a80cbecdf77d89ad4a10a91c6974674\PSC_NPU_SystolicArray4x4.
Optimizing module $paramod$de7457a8d8cd5c2fae12683d12ea9a3d68328a1b\PSC_NPU_PE_Mult.
<suppressed ~14 debug messages>
Optimizing module PSC_NPU_Controller.
<suppressed ~7 debug messages>

8.9. Rerunning OPT passes. (Maybe there is more to do..)

8.10. Executing OPT_MUXTREE pass (detect dead branches in mux trees).
Running muxtree optimizer on module $paramod$307663d54ccd312905f02689dff12188c7776671\PSC_NPU_ReadController..
  Creating internal representation of mux trees.
  Evaluating internal representation of mux trees.
  Analyzing evaluation results.
Running muxtree optimizer on module $paramod$cf50c80de863ac3afecc719a64e6ee2860f6b52d\PSC_NPU_PE_INT..
  Creating internal representation of mux trees.
  Evaluating internal representation of mux trees.
  Analyzing evaluation results.
Running muxtree optimizer on module $paramod$de230bda5a80cbecdf77d89ad4a10a91c6974674\PSC_NPU_SystolicArray4x4..
  Creating internal representation of mux trees.
  No muxes found in this module.
Running muxtree optimizer on module $paramod$de7457a8d8cd5c2fae12683d12ea9a3d68328a1b\PSC_NPU_PE_Mult..
  Creating internal representation of mux trees.
  Evaluating internal representation of mux trees.
  Analyzing evaluation results.
    dead port 1/17 on $pmux $procmux$1831.
    dead port 2/17 on $pmux $procmux$1831.
    dead port 3/17 on $pmux $procmux$1831.
    dead port 5/17 on $pmux $procmux$1831.
    dead port 6/17 on $pmux $procmux$1831.
    dead port 7/17 on $pmux $procmux$1831.
    dead port 9/17 on $pmux $procmux$1831.
    dead port 10/17 on $pmux $procmux$1831.
    dead port 11/17 on $pmux $procmux$1831.
    dead port 13/17 on $pmux $procmux$1831.
    dead port 14/17 on $pmux $procmux$1831.
    dead port 15/17 on $pmux $procmux$1831.
    dead port 1/17 on $pmux $procmux$1851.
    dead port 2/17 on $pmux $procmux$1851.
    dead port 3/17 on $pmux $procmux$1851.
    dead port 5/17 on $pmux $procmux$1851.
    dead port 6/17 on $pmux $procmux$1851.
    dead port 7/17 on $pmux $procmux$1851.
    dead port 9/17 on $pmux $procmux$1851.
    dead port 10/17 on $pmux $procmux$1851.
    dead port 11/17 on $pmux $procmux$1851.
    dead port 13/17 on $pmux $procmux$1851.
    dead port 14/17 on $pmux $procmux$1851.
    dead port 15/17 on $pmux $procmux$1851.
Running muxtree optimizer on module \PSC_NPU_Controller..
  Creating internal representation of mux trees.
  Evaluating internal representation of mux trees.
  Analyzing evaluation results.
Removed 24 multiplexer ports.
<suppressed ~93 debug messages>

8.11. Executing OPT_REDUCE pass (consolidate $*mux and $reduce_* inputs).
  Optimizing cells in module $paramod$307663d54ccd312905f02689dff12188c7776671\PSC_NPU_ReadController.
    New ctrl vector for $pmux cell $procmux$2201: { $procmux$1901_CMP $auto$opt_reduce.cc:137:opt_pmux$4125 }
  Optimizing cells in module $paramod$307663d54ccd312905f02689dff12188c7776671\PSC_NPU_ReadController.
  Optimizing cells in module $paramod$cf50c80de863ac3afecc719a64e6ee2860f6b52d\PSC_NPU_PE_INT.
  Optimizing cells in module $paramod$de230bda5a80cbecdf77d89ad4a10a91c6974674\PSC_NPU_SystolicArray4x4.
  Optimizing cells in module $paramod$de7457a8d8cd5c2fae12683d12ea9a3d68328a1b\PSC_NPU_PE_Mult.
  Optimizing cells in module \PSC_NPU_Controller.
Performed a total of 1 changes.

8.12. Executing OPT_MERGE pass (detect identical cells).
Finding identical cells in module `$paramod$307663d54ccd312905f02689dff12188c7776671\PSC_NPU_ReadController'.
<suppressed ~135 debug messages>
Finding identical cells in module `$paramod$cf50c80de863ac3afecc719a64e6ee2860f6b52d\PSC_NPU_PE_INT'.
<suppressed ~189 debug messages>
Finding identical cells in module `$paramod$de230bda5a80cbecdf77d89ad4a10a91c6974674\PSC_NPU_SystolicArray4x4'.
Finding identical cells in module `$paramod$de7457a8d8cd5c2fae12683d12ea9a3d68328a1b\PSC_NPU_PE_Mult'.
<suppressed ~63 debug messages>
Finding identical cells in module `\PSC_NPU_Controller'.
<suppressed ~96 debug messages>
Removed a total of 161 cells.

8.13. Executing OPT_DFF pass (perform DFF optimizations).
Adding EN signal on $auto$ff.cc:266:slice$3863 ($adffe) from module $paramod$307663d54ccd312905f02689dff12188c7776671\PSC_NPU_ReadController (D = $0\read_idx[1:0], Q = \read_idx).

8.14. Executing OPT_CLEAN pass (remove unused cells and wires).
Finding unused cells or wires in module $paramod$307663d54ccd312905f02689dff12188c7776671\PSC_NPU_ReadController..
Finding unused cells or wires in module $paramod$cf50c80de863ac3afecc719a64e6ee2860f6b52d\PSC_NPU_PE_INT..
Finding unused cells or wires in module $paramod$de230bda5a80cbecdf77d89ad4a10a91c6974674\PSC_NPU_SystolicArray4x4..
Finding unused cells or wires in module $paramod$de7457a8d8cd5c2fae12683d12ea9a3d68328a1b\PSC_NPU_PE_Mult..
Finding unused cells or wires in module \PSC_NPU_Controller..
Removed 2 unused cells and 175 unused wires.
<suppressed ~6 debug messages>

8.15. Executing OPT_EXPR pass (perform const folding).
Optimizing module $paramod$307663d54ccd312905f02689dff12188c7776671\PSC_NPU_ReadController.
Optimizing module $paramod$cf50c80de863ac3afecc719a64e6ee2860f6b52d\PSC_NPU_PE_INT.
Optimizing module $paramod$de230bda5a80cbecdf77d89ad4a10a91c6974674\PSC_NPU_SystolicArray4x4.
Optimizing module $paramod$de7457a8d8cd5c2fae12683d12ea9a3d68328a1b\PSC_NPU_PE_Mult.
Optimizing module PSC_NPU_Controller.

8.16. Rerunning OPT passes. (Maybe there is more to do..)

8.17. Executing OPT_MUXTREE pass (detect dead branches in mux trees).
Running muxtree optimizer on module $paramod$307663d54ccd312905f02689dff12188c7776671\PSC_NPU_ReadController..
  Creating internal representation of mux trees.
  Evaluating internal representation of mux trees.
  Analyzing evaluation results.
Running muxtree optimizer on module $paramod$cf50c80de863ac3afecc719a64e6ee2860f6b52d\PSC_NPU_PE_INT..
  Creating internal representation of mux trees.
  Evaluating internal representation of mux trees.
  Analyzing evaluation results.
Running muxtree optimizer on module $paramod$de230bda5a80cbecdf77d89ad4a10a91c6974674\PSC_NPU_SystolicArray4x4..
  Creating internal representation of mux trees.
  No muxes found in this module.
Running muxtree optimizer on module $paramod$de7457a8d8cd5c2fae12683d12ea9a3d68328a1b\PSC_NPU_PE_Mult..
  Creating internal representation of mux trees.
  Evaluating internal representation of mux trees.
  Analyzing evaluation results.
Running muxtree optimizer on module \PSC_NPU_Controller..
  Creating internal representation of mux trees.
  Evaluating internal representation of mux trees.
  Analyzing evaluation results.
Removed 0 multiplexer ports.
<suppressed ~103 debug messages>

8.18. Executing OPT_REDUCE pass (consolidate $*mux and $reduce_* inputs).
  Optimizing cells in module $paramod$307663d54ccd312905f02689dff12188c7776671\PSC_NPU_ReadController.
    New input vector for $reduce_and cell $auto$opt_dff.cc:220:make_patterns_logic$4130: { $auto$opt_dff.cc:194:make_patterns_logic$3864 $auto$opt_dff.cc:194:make_patterns_logic$3866 $auto$opt_dff.cc:194:make_patterns_logic$4127 }
  Optimizing cells in module $paramod$307663d54ccd312905f02689dff12188c7776671\PSC_NPU_ReadController.
  Optimizing cells in module $paramod$cf50c80de863ac3afecc719a64e6ee2860f6b52d\PSC_NPU_PE_INT.
  Optimizing cells in module $paramod$de230bda5a80cbecdf77d89ad4a10a91c6974674\PSC_NPU_SystolicArray4x4.
  Optimizing cells in module $paramod$de7457a8d8cd5c2fae12683d12ea9a3d68328a1b\PSC_NPU_PE_Mult.
  Optimizing cells in module \PSC_NPU_Controller.
Performed a total of 1 changes.

8.19. Executing OPT_MERGE pass (detect identical cells).
Finding identical cells in module `$paramod$307663d54ccd312905f02689dff12188c7776671\PSC_NPU_ReadController'.
Finding identical cells in module `$paramod$cf50c80de863ac3afecc719a64e6ee2860f6b52d\PSC_NPU_PE_INT'.
Finding identical cells in module `$paramod$de230bda5a80cbecdf77d89ad4a10a91c6974674\PSC_NPU_SystolicArray4x4'.
Finding identical cells in module `$paramod$de7457a8d8cd5c2fae12683d12ea9a3d68328a1b\PSC_NPU_PE_Mult'.
Finding identical cells in module `\PSC_NPU_Controller'.
Removed a total of 0 cells.

8.20. Executing OPT_DFF pass (perform DFF optimizations).

8.21. Executing OPT_CLEAN pass (remove unused cells and wires).
Finding unused cells or wires in module $paramod$307663d54ccd312905f02689dff12188c7776671\PSC_NPU_ReadController..
Finding unused cells or wires in module $paramod$cf50c80de863ac3afecc719a64e6ee2860f6b52d\PSC_NPU_PE_INT..
Finding unused cells or wires in module $paramod$de230bda5a80cbecdf77d89ad4a10a91c6974674\PSC_NPU_SystolicArray4x4..
Finding unused cells or wires in module $paramod$de7457a8d8cd5c2fae12683d12ea9a3d68328a1b\PSC_NPU_PE_Mult..
Finding unused cells or wires in module \PSC_NPU_Controller..
Removed 1 unused cells and 1 unused wires.
<suppressed ~2 debug messages>

8.22. Executing OPT_EXPR pass (perform const folding).
Optimizing module $paramod$307663d54ccd312905f02689dff12188c7776671\PSC_NPU_ReadController.
Optimizing module $paramod$cf50c80de863ac3afecc719a64e6ee2860f6b52d\PSC_NPU_PE_INT.
Optimizing module $paramod$de230bda5a80cbecdf77d89ad4a10a91c6974674\PSC_NPU_SystolicArray4x4.
Optimizing module $paramod$de7457a8d8cd5c2fae12683d12ea9a3d68328a1b\PSC_NPU_PE_Mult.
Optimizing module PSC_NPU_Controller.

8.23. Rerunning OPT passes. (Maybe there is more to do..)

8.24. Executing OPT_MUXTREE pass (detect dead branches in mux trees).
Running muxtree optimizer on module $paramod$307663d54ccd312905f02689dff12188c7776671\PSC_NPU_ReadController..
  Creating internal representation of mux trees.
  Evaluating internal representation of mux trees.
  Analyzing evaluation results.
Running muxtree optimizer on module $paramod$cf50c80de863ac3afecc719a64e6ee2860f6b52d\PSC_NPU_PE_INT..
  Creating internal representation of mux trees.
  Evaluating internal representation of mux trees.
  Analyzing evaluation results.
Running muxtree optimizer on module $paramod$de230bda5a80cbecdf77d89ad4a10a91c6974674\PSC_NPU_SystolicArray4x4..
  Creating internal representation of mux trees.
  No muxes found in this module.
Running muxtree optimizer on module $paramod$de7457a8d8cd5c2fae12683d12ea9a3d68328a1b\PSC_NPU_PE_Mult..
  Creating internal representation of mux trees.
  Evaluating internal representation of mux trees.
  Analyzing evaluation results.
Running muxtree optimizer on module \PSC_NPU_Controller..
  Creating internal representation of mux trees.
  Evaluating internal representation of mux trees.
  Analyzing evaluation results.
Removed 0 multiplexer ports.
<suppressed ~103 debug messages>

8.25. Executing OPT_REDUCE pass (consolidate $*mux and $reduce_* inputs).
  Optimizing cells in module $paramod$307663d54ccd312905f02689dff12188c7776671\PSC_NPU_ReadController.
  Optimizing cells in module $paramod$cf50c80de863ac3afecc719a64e6ee2860f6b52d\PSC_NPU_PE_INT.
  Optimizing cells in module $paramod$de230bda5a80cbecdf77d89ad4a10a91c6974674\PSC_NPU_SystolicArray4x4.
  Optimizing cells in module $paramod$de7457a8d8cd5c2fae12683d12ea9a3d68328a1b\PSC_NPU_PE_Mult.
  Optimizing cells in module \PSC_NPU_Controller.
Performed a total of 0 changes.

8.26. Executing OPT_MERGE pass (detect identical cells).
Finding identical cells in module `$paramod$307663d54ccd312905f02689dff12188c7776671\PSC_NPU_ReadController'.
Finding identical cells in module `$paramod$cf50c80de863ac3afecc719a64e6ee2860f6b52d\PSC_NPU_PE_INT'.
Finding identical cells in module `$paramod$de230bda5a80cbecdf77d89ad4a10a91c6974674\PSC_NPU_SystolicArray4x4'.
Finding identical cells in module `$paramod$de7457a8d8cd5c2fae12683d12ea9a3d68328a1b\PSC_NPU_PE_Mult'.
Finding identical cells in module `\PSC_NPU_Controller'.
Removed a total of 0 cells.

8.27. Executing OPT_DFF pass (perform DFF optimizations).

8.28. Executing OPT_CLEAN pass (remove unused cells and wires).
Finding unused cells or wires in module $paramod$307663d54ccd312905f02689dff12188c7776671\PSC_NPU_ReadController..
Finding unused cells or wires in module $paramod$cf50c80de863ac3afecc719a64e6ee2860f6b52d\PSC_NPU_PE_INT..
Finding unused cells or wires in module $paramod$de230bda5a80cbecdf77d89ad4a10a91c6974674\PSC_NPU_SystolicArray4x4..
Finding unused cells or wires in module $paramod$de7457a8d8cd5c2fae12683d12ea9a3d68328a1b\PSC_NPU_PE_Mult..
Finding unused cells or wires in module \PSC_NPU_Controller..

8.29. Executing OPT_EXPR pass (perform const folding).
Optimizing module $paramod$307663d54ccd312905f02689dff12188c7776671\PSC_NPU_ReadController.
Optimizing module $paramod$cf50c80de863ac3afecc719a64e6ee2860f6b52d\PSC_NPU_PE_INT.
Optimizing module $paramod$de230bda5a80cbecdf77d89ad4a10a91c6974674\PSC_NPU_SystolicArray4x4.
Optimizing module $paramod$de7457a8d8cd5c2fae12683d12ea9a3d68328a1b\PSC_NPU_PE_Mult.
Optimizing module PSC_NPU_Controller.

8.30. Finished OPT passes. (There is nothing left to do.)

9. Printing statistics.

=== $paramod$307663d54ccd312905f02689dff12188c7776671\PSC_NPU_ReadController ===

   Number of wires:                132
   Number of wire bits:           1977
   Number of public wires:          27
   Number of public wire bits:     547
   Number of ports:                 17
   Number of port bits:            430
   Number of memories:               0
   Number of memory bits:            0
   Number of processes:              0
   Number of cells:                128
     $add                            9
     $adff                           2
     $adffe                         15
     $eq                            19
     $logic_not                      2
     $mul                            2
     $mux                           31
     $ne                            14
     $pmux                          15
     $reduce_and                    13
     $reduce_bool                    4
     $reduce_or                      2

=== $paramod$cf50c80de863ac3afecc719a64e6ee2860f6b52d\PSC_NPU_PE_INT ===

   Number of wires:                154
   Number of wire bits:           5163
   Number of public wires:          24
   Number of public wire bits:    2412
   Number of ports:                 18
   Number of port bits:           1832
   Number of memories:               0
   Number of memory bits:            0
   Number of processes:              0
   Number of cells:                186
     $add                           16
     $adff                           1
     $adffe                         23
     $eq                             4
     $logic_and                     16
     $logic_not                     17
     $mux                           28
     $ne                            20
     $not                            1
     $or                             1
     $pmux                          36
     $reduce_and                    18
     $reduce_bool                    4
     $reduce_or                      1

=== $paramod$de230bda5a80cbecdf77d89ad4a10a91c6974674\PSC_NPU_SystolicArray4x4 ===

   Number of wires:                 22
   Number of wire bits:           1934
   Number of public wires:          22
   Number of public wire bits:    1934
   Number of ports:                 12
   Number of port bits:            110
   Number of memories:               0
   Number of memory bits:            0
   Number of processes:              0
   Number of cells:                  3
     $paramod$cf50c80de863ac3afecc719a64e6ee2860f6b52d\PSC_NPU_PE_INT      1
     $paramod$de7457a8d8cd5c2fae12683d12ea9a3d68328a1b\PSC_NPU_PE_Mult      1
     $shiftx                         1

=== $paramod$de7457a8d8cd5c2fae12683d12ea9a3d68328a1b\PSC_NPU_PE_Mult ===

   Number of wires:                227
   Number of wire bits:          16085
   Number of public wires:          50
   Number of public wire bits:    1307
   Number of ports:                  7
   Number of port bits:            802
   Number of memories:               0
   Number of memory bits:            0
   Number of processes:              0
   Number of cells:                230
     $add                            4
     $adff                           1
     $adffe                         36
     $and                            7
     $eq                            50
     $logic_and                     12
     $logic_not                      5
     $lt                             4
     $mul                            4
     $mux                           34
     $ne                             3
     $neg                            8
     $not                            8
     $or                             7
     $pmux                          11
     $reduce_and                    19
     $reduce_or                      1
     $shift                         12
     $shiftx                         4

=== PSC_NPU_Controller ===

   Number of wires:                204
   Number of wire bits:           2343
   Number of public wires:          56
   Number of public wire bits:    1125
   Number of ports:                 22
   Number of port bits:            256
   Number of memories:               0
   Number of memory bits:            0
   Number of processes:              0
   Number of cells:                167
     $add                            9
     $adff                           7
     $adffe                          9
     $eq                            32
     $logic_and                      1
     $logic_not                      2
     $mul                            1
     $mux                           53
     $ne                            18
     $or                             1
     $paramod$307663d54ccd312905f02689dff12188c7776671\PSC_NPU_ReadController      1
     $paramod$de230bda5a80cbecdf77d89ad4a10a91c6974674\PSC_NPU_SystolicArray4x4      1
     $pmux                          11
     $reduce_and                     8
     $reduce_bool                    6
     $reduce_or                      4
     $sub                            3

=== design hierarchy ===

   PSC_NPU_Controller                1
     $paramod$307663d54ccd312905f02689dff12188c7776671\PSC_NPU_ReadController      1
     $paramod$de230bda5a80cbecdf77d89ad4a10a91c6974674\PSC_NPU_SystolicArray4x4      1
       $paramod$cf50c80de863ac3afecc719a64e6ee2860f6b52d\PSC_NPU_PE_INT      1
       $paramod$de7457a8d8cd5c2fae12683d12ea9a3d68328a1b\PSC_NPU_PE_Mult      1

   Number of wires:                739
   Number of wire bits:          27502
   Number of public wires:         179
   Number of public wire bits:    7325
   Number of ports:                 76
   Number of port bits:           3430
   Number of memories:               0
   Number of memory bits:            0
   Number of processes:              0
   Number of cells:                710
     $add                           38
     $adff                          11
     $adffe                         83
     $and                            7
     $eq                           105
     $logic_and                     29
     $logic_not                     26
     $lt                             4
     $mul                            7
     $mux                          146
     $ne                            55
     $neg                            8
     $not                            9
     $or                             9
     $pmux                          73
     $reduce_and                    58
     $reduce_bool                   14
     $reduce_or                      8
     $shift                         12
     $shiftx                         5
     $sub                            3

Warnings: 2 unique messages, 6 total
End of script. Logfile hash: e7b78b6545, CPU: user 0.45s system 0.01s, MEM: 35.34 MB peak
Yosys 0.52 (git sha1 fee39a3284c90249e1d9684cf6944ffbbcbb8f90)
Time spent: 21% 4x opt_dff (0 sec), 21% 4x opt_clean (0 sec), ...
