00314537
85050513
00050113
5440106f
100005b7
0085a603
00167613
00060663
00000013
ff1ff06f
00a5a023
00008067
100005b7
0085a603
00167613
00060663
00000013
ff1ff06f
00a5a023
00008067
00050593
fff00513
02058063
10000637
00862683
0026f693
00069a63
fff58593
00000013
fe0596e3
00008067
00462503
0ff57513
00008067
10000537
00852583
0025f593
00059663
00000013
ff1ff06f
00452503
0ff57513
00008067
ff010113
00112623
00812423
0023f637
eb064683
0023f5b7
00068663
eb45a403
0140006f
00100693
ead60823
00314437
00040413
00c51613
00c40533
004146b7
00068693
eaa5aa23
02a6f263
00207537
90c50513
002075b7
92958593
0a100613
00001097
6f8080e7
0000006f
00040513
00000593
00001097
5cc080e7
00040513
00c12083
00812403
01010113
00008067
00500537
004005b7
00050113
14159073
02000293
10029073
10200073
14011073
f8410113
00000013
00112023
00312223
00412423
00512623
00612823
00712a23
01c12c23
01d12e23
03e12023
03f12223
02a12423
02b12623
02c12823
02d12a23
02e12c23
02f12e23
05012023
05112223
04812423
04912623
05212823
05312a23
05412c23
05512e23
07612023
07712223
07812423
07912623
07a12823
07b12a23
14002573
06a12c23
00010513
00001097
2d8080e7
00012083
00412183
00812203
00c12283
01012303
01412383
01812e03
01c12e83
02012f03
02412f83
02812503
02c12583
03012603
03412683
03812703
03c12783
04012803
04412883
04812403
04c12483
05012903
05412983
05812a03
05c12a83
06012b03
06412b83
06812c03
06c12c83
07012d03
07412d83
07812103
10200073
fcc10113
00112023
00812223
00912423
01212623
01312823
01412a23
01512c23
01612e23
03712023
03812223
03912423
03a12623
03b12823
00252023
0005a103
00012083
00412403
00812483
00c12903
01012983
01412a03
01812a83
01c12b03
02012b83
02412c03
02812c83
02c12d03
03012d83
03410113
00008067
fe010113
00112e23
00812c23
00912a23
01212823
01312623
01412423
00058413
01459593
02058463
00207537
93850513
002075b7
92958593
13300613
00040693
00001097
4d8080e7
0000006f
000015b7
fff58593
00b675b3
02058463
00207537
95a50513
002075b7
92958593
00060693
13600613
00001097
4a4080e7
0000006f
01445593
ffc5f593
00b50933
00092503
00157593
08059c63
0023f5b7
eb05c703
0023f537
00070663
eb452483
0140006f
00100713
eae58823
003144b7
00048493
000015b7
00b485b3
00414737
00070713
eab52a23
02b77263
00207537
90c50513
002075b7
92958593
0a100613
00001097
42c080e7
0000006f
00060993
00001637
00048513
00000593
00068a13
00001097
2f4080e7
000a0693
00098613
00c4d493
00a49513
00150513
00a92023
00a55513
00265613
00a45413
00c6e633
000015b7
00c51513
ffc58593
00166613
00b475b3
00b56533
00c52023
01c12083
01812403
01412483
01012903
00c12983
00812a03
02010113
00008067
00000013
ffdff06f
fc010113
02112e23
02812c23
02912a23
03212823
03312623
03412423
03512223
03612023
01712e23
01812c23
01912a23
01a12823
01b12623
00b12423
0022f437
a1840413
00442583
00a12223
08058a63
00002537
00a405b3
0145a583
08058663
00004537
00a405b3
0245a583
08058663
00006537
00a405b3
0345a583
08058663
00008537
00a405b3
0445a583
08058663
0000a537
00a405b3
0545a583
08058663
0000c537
00a405b3
0645a583
08058663
0000e537
00a405b3
0745a583
08058663
00207537
97c50513
002075b7
92958593
15900613
00001097
2c4080e7
0000006f
00100913
0700006f
01050513
00a40433
00200913
0600006f
02050513
00a40433
00300913
0500006f
03050513
00a40433
00400913
0400006f
04050513
00a40433
00500913
0300006f
05050513
00a40433
00600913
0200006f
06050513
00a40433
00700913
0100006f
07050513
00a40433
00800913
000025b7
00200637
13c60613
0023f537
fdc58b13
eb054583
01640b33
020b2823
020b2023
020b2223
020b2423
020b2623
000b2823
000b2a23
000b2c23
000b2e23
00cb2023
000b2223
000b2423
000b2623
0023fbb7
00058663
eb4ba983
0140006f
00100593
eab50823
003149b7
00098993
00001537
00a98533
00414c37
000c0c13
eaabaa23
02ac7263
00207537
90c50513
002075b7
92958593
0a100613
00001097
1a8080e7
0000006f
00001637
000014b7
00098513
00000593
00001097
074080e7
00207537
9a150513
00001097
17c080e7
00200a37
000a0a13
038a7263
00e00693
00098513
000a0593
000a0613
00000097
c40080e7
009a0a33
ff8a62e3
00207537
9be50513
00001097
140080e7
00207537
9d950513
00001097
130080e7
100005b7
10000637
00600693
00098513
00000097
c00080e7
100015b7
10001637
00600693
00098513
00000097
be8080e7
100025b7
10002637
00600693
00098513
00000097
bd0080e7
100035b7
10003637
00600693
00098513
00000097
bb8080e7
100045b7
10004637
00600693
00098513
00000097
ba0080e7
100055b7
10005637
00600693
00098513
00000097
b88080e7
100065b7
10006637
00600693
00098513
00000097
b70080e7
100075b7
10007637
00600693
00098513
00000097
b58080e7
100085b7
10008637
00600693
00098513
00000097
b40080e7
100095b7
10009637
00600693
00098513
00000097
b28080e7
1000a5b7
1000a637
00600693
00098513
00000097
b10080e7
1000b5b7
1000b637
00600693
00098513
00000097
af8080e7
1000c5b7
1000c637
00600693
00098513
00000097
ae0080e7
1000d5b7
1000d637
00600693
00098513
00000097
ac8080e7
1000e5b7
1000e637
00600693
00098513
00000097
ab0080e7
1000f5b7
1000f637
00600693
00098513
00000097
a98080e7
00207537
9fb50513
00001097
fa0080e7
1009a503
00157593
06059e63
0023f537
eb054583
00058663
eb4baa03
0140006f
00100593
eab50823
00314a37
000a0a13
00001537
00aa0533
eaabaa23
02ac7263
00207537
90c50513
002075b7
92958593
0a100613
00001097
f44080e7
0000006f
00001637
000a0513
00000593
00001097
e14080e7
00ca5513
00a51513
00150513
10a9a023
00a55513
040015b7
00c51513
40758593
00b52a23
00207537
a2150513
00001097
ef8080e7
0009a503
00157593
06059e63
0023f537
eb054583
00058663
eb4baa03
0140006f
00100593
eab50823
00314a37
000a0a13
00001537
00aa0533
eaabaa23
02ac7263
00207537
90c50513
002075b7
92958593
0a100613
00001097
e9c080e7
0000006f
00001637
000a0513
00000593
00001097
d6c080e7
00ca5513
00a51513
00150513
00a9a023
00a55513
000085b7
00c51513
00758593
08b52023
00207537
a4c50513
00001097
e50080e7
0009a503
00157593
06059e63
0023f537
eb054583
00058663
eb4baa03
0140006f
00100593
eab50823
00314a37
000a0a13
00001537
00aa0533
eaabaa23
02ac7263
00207537
90c50513
002075b7
92958593
0a100613
00001097
df4080e7
0000006f
00001637
000a0513
00000593
00001097
cc4080e7
00ca5513
00a51513
00150513
00a9a023
01212023
00a55513
0000c5b7
00c51513
00758593
0cb52023
00412503
16050e63
00812503
16050a63
00207537
a7a50513
00001097
d94080e7
00000c93
0023fd37
00001db7
00400ab7
00812903
000014b7
0480006f
00412583
019585b3
000a0513
00001097
bf4080e7
0000100f
015c85b3
01e00693
00098513
000a0613
00000097
830080e7
009c8cb3
80090513
80050913
00812503
06acfa63
eb0d4503
00050663
eb4baa03
0140006f
00100513
eaad0823
00314a37
000a0a13
01ba0533
eaabaa23
02ac6463
00001637
000a0513
00000593
00001097
bdc080e7
00090613
f6996ce3
00001637
f71ff06f
00207537
90c50513
002075b7
92958593
0a100613
00001097
cc8080e7
0000006f
00207537
a9b50513
00001097
cb4080e7
004e04b7
004dfa37
0023fab7
00001cb7
4ff00d13
00314db7
000d8d93
eb0ac503
00050663
eb4ba903
0100006f
00100513
eaaa8823
000d8913
01990533
eaabaa23
0aac6463
00001637
00090513
00000593
00001097
b44080e7
01600693
00098513
00048593
00090613
fffff097
72c080e7
019a0a33
00ca5513
019484b3
fba560e3
00100513
00012583
00b42023
00a42223
01642423
01342623
00207537
abc50513
00001097
c0c080e7
00040513
03c12083
03812403
03412483
03012903
02c12983
02812a03
02412a83
02012b03
01c12b83
01812c03
01412c83
01012d03
00c12d83
04010113
00008067
00207537
90c50513
002075b7
92958593
0a100613
00001097
bb0080e7
0000006f
0023f5b7
eb058593
00c5a503
00052683
41f6d613
01d65613
00c68633
ff867613
40c68633
00461713
00d61613
00e60633
0022f737
a1870713
00c707b3
0047a883
0085a603
00100813
01089663
0007a883
19104e63
00168793
41f7d893
01d8d893
011788b3
ff88f893
411787b3
00479893
00d79793
011787b3
00f707b3
0047a883
01089663
0007a803
17004263
00268793
41f7d813
01d85813
01078833
ff887813
410787b3
00479813
00d79793
010787b3
00f707b3
0047a883
00100813
01089663
0007a883
13104463
00368793
41f7d893
01d8d893
011788b3
ff88f893
411787b3
00479893
00d79793
011787b3
00f707b3
0047a883
01089663
0007a803
0f004863
00468793
41f7d813
01d85813
01078833
ff887813
410787b3
00479813
00d79793
010787b3
00f707b3
0047a883
00100813
01089663
0007a883
0b104a63
00568793
41f7d893
01d8d893
011788b3
ff88f893
411787b3
00479893
00d79793
011787b3
00f707b3
0047a883
01089663
0007a803
07004e63
00668793
41f7d813
01d85813
01078833
ff887813
410787b3
00479813
00d79793
010787b3
00f707b3
0047a883
00100813
01089663
0007a883
05104063
00768693
41f6d793
01d7d793
00f687b3
ff87f793
40f686b3
00469793
00d69693
00f686b3
00d707b3
0047a683
01069663
0007a683
00d04463
00060793
04a78263
00c7a603
00f5a623
800005b7
00c65613
00b66633
000025b7
00850513
01058593
00b786b3
00878593
12000073
18061073
12000073
14069073
fffff317
3e830067
00008067
18001073
12000073
0000100f
de010113
20112e23
20812c23
20912a23
21212823
21312623
03554583
03454603
03654683
03754703
00859593
00c5e5b3
01069693
01871713
00d766b3
00b6e6b3
fff68593
05a00613
52b66863
00259593
00206637
7a060613
00b605b3
0005a583
00058067
100005b7
02854503
0085a603
00167613
1a060663
00000013
ff1ff06f
02954583
02854603
02a54683
02b54503
00859593
00c5e5b3
01069693
01851513
00d56533
00b56533
21c12083
21812403
21412483
21012903
20c12983
22010113
00000317
7ac30067
02954583
02854603
02a54683
02b54703
00859593
00c5e633
02d54583
02c54783
02e54803
02f54503
00859593
00f5e5b3
01081813
01851513
01056533
01069793
01871713
00b566b3
00001837
00f76533
00068593
0106e463
000015b7
00c56533
00069463
10000593
00050613
21c12083
21812403
21412483
21012903
20c12983
22010113
00001317
ba830067
02954583
02854603
02a54683
02b54703
00859593
00c5e5b3
01069693
01871713
00d766b3
00b6e5b3
00050413
00058513
00002097
f90080e7
3b40006f
00050413
00005097
45c080e7
3a40006f
02954583
02a54603
02b54683
02854703
00859593
01061613
01869693
00e5e5b3
00c6e633
02d54683
02c54703
02e54783
02f54803
00869693
00e6e6b3
01079793
01881813
00f86733
00b66633
00d765b3
00050413
00060513
00002097
02c080e7
3400006f
100015b7
0005a583
00b12623
00c12583
020504a3
0035f593
1800006f
00a5a023
3380006f
03954583
03854603
03a54683
03b54703
00859593
00c5e5b3
01069693
01871713
00d76633
00b66633
02c609b3
36098463
02854583
02954683
02a54703
02b54783
02c54803
02d54883
02e54283
02f54303
00869693
01071713
01879793
00889893
01029293
01831313
00b6e5b3
00e7e6b3
0108e733
005367b3
03154803
03054883
03254283
00050493
03354503
00881813
01186833
00299993
01029293
01851513
005568b3
0023f537
a9850513
00b6e6b3
0023f5b7
eb058593
00e7e733
013507b3
0108e933
11058813
0006c883
00168693
f1180023
00074883
00052023
00450513
01180023
00180813
00170713
fcf51ee3
01058513
11058593
0ff67613
0023f437
a9840413
00040693
00001097
e94080e7
013909b3
00042503
00a92023
00490913
00440413
ff3918e3
2940006f
c1800613
100005b7
0085a683
0026f693
22069a63
00160613
00000013
fe0616e3
fff00593
2280006f
100005b7
0085a603
00267613
00061663
00000013
ff1ff06f
0045a583
020504a3
02b50423
02050523
020505a3
1b40006f
02954583
02854603
02a54683
02b54503
00859593
00c5e5b3
01069693
01851513
00d56533
00b56533
21c12083
21812403
21412483
21012903
20c12983
22010113
00002317
88830067
00000593
00c10613
20000693
00b60733
00b70023
00158593
fed59ae3
02954583
02854603
02a54683
02b54703
00859593
00c5e5b3
01069693
01871713
00d76633
00b66633
00c10593
0f40006f
02954583
02854603
02a54683
00050913
02b54503
00859593
00c5e5b3
01069693
01851513
00d56533
00b56533
0023f4b7
0c048493
00048593
00001097
258080e7
00050413
02051e63
02d94583
02c94603
02e94683
02f94503
00859593
00c5e5b3
01069693
01851513
00d56533
00b56533
20000613
00048593
00000097
33c080e7
01845513
01045593
00845613
02890423
02c904a3
02b90523
02a905a3
0800006f
02954583
02a54603
02b54683
02854703
00859593
01061613
01869693
00e5e5b3
00c6e633
02d54683
02c54703
02e54783
02f54803
00869693
00e6e6b3
01079793
01881813
00f86733
00b66633
00d765b3
00050413
00060513
00002097
974080e7
01855593
01055613
00855693
02a40423
02d404a3
02c40523
02b405a3
21c12083
21812403
21412483
21012903
20c12983
22010113
00008067
00207537
ae350513
002075b7
92958593
2fc00613
00000097
3d8080e7
0000006f
0045a583
0ff5f593
0085d613
0105d693
02b50423
02c504a3
02d50523
02c505a3
fa5ff06f
00050493
0023f5b7
eb058593
0ff67613
01058513
11058593
0023f6b7
a9868693
00001097
be8080e7
02048423
020484a3
02048523
020485a3
f69ff06f
0023f537
ebc52503
00052583
00207537
ad050513
00000097
358080e7
18001073
12000073
0000100f
ff010113
00112623
00812423
142026f3
14302773
14102473
100027f3
02068663
00800593
04b69463
00000097
9b8080e7
00440413
14141073
00c12083
00812403
01010113
00008067
00207537
b0c50513
002075b7
92958593
31400613
00040693
00000097
2e4080e7
0000006f
00207537
b4650513
002075b7
92958593
31800613
00040793
00000097
2c0080e7
0000006f
ff010113
00112623
00812423
00912223
00207537
b8150513
00000097
29c080e7
00207537
b8f50513
00000097
28c080e7
00207537
bab50513
00000097
27c080e7
00207537
bc050513
00000097
26c080e7
00207537
bd650513
002075b7
e3958593
00207637
e4560613
00000097
24c080e7
00200537
15850513
10551073
00207537
e4e50513
00000097
230080e7
00000513
00000593
fffff097
e88080e7
0023f5b7
eb058593
00052023
00a5a423
00a5a623
00207537
e6850513
00400437
00040413
0044c4b7
35848493
00040593
00048613
00000097
1e4080e7
00207537
ea250513
00000097
1d4080e7
408485b3
00040513
fffff097
e2c080e7
0000100f
00207537
ebc50513
00000097
1b0080e7
fffff097
604080e7
00207537
ecb50513
00000097
198080e7
00207537
ede50513
002075b7
92958593
3d400613
00000097
17c080e7
0000006f
02060263
00c50633
00050693
0005c703
00158593
00168793
00e68023
00078693
fec796e3
00008067
02060063
00054683
0005c703
00e69e63
fff60613
00150513
00158593
fe0614e3
00000513
00008067
40e68533
00008067
00060e63
00c50633
00050693
00168713
00b68023
00070693
fec71ae3
00008067
fe010113
00112e23
00812c23
00912a23
01212823
02054463
02051c63
03000513
01c12083
01812403
01412483
01012903
02010113
fffff317
8f030067
00050413
02d00513
fffff097
8e0080e7
40800533
00000793
00100593
fff00613
00610693
00000813
00000713
00078413
01f00793
00181813
00f558b3
00f592b3
fff78793
0018f893
0108e8b3
00a83813
fff80813
005872b3
ff687813
00e2e733
01088833
fcc798e3
03080513
00140793
00868833
00a80023
00070513
fa0714e3
00610493
00100913
00848533
00054503
fffff097
858080e7
00140513
fff40413
fea944e3
01c12083
01812403
01412483
01012903
02010113
00008067
f9010113
04112623
04812423
04912223
05212023
03312e23
03412c23
03512a23
03612823
03712623
03812423
03912223
03a12023
01b12e23
00050413
06f12223
07012423
07112623
04b12a23
04c12c23
04d12e23
06e12023
05410513
02500493
07200913
ccccd5b7
00d10a13
00900a93
00100b13
07300b93
07800c13
00a12c23
ccd58c93
00207d37
f80d0d13
00c0006f
1e050a63
00140413
00044503
00950c63
1e050863
ffffe097
788080e7
00140413
fe9ff06f
00144503
00140413
02a94e63
10950863
06400593
fcb514e3
01812503
00450593
00b12c23
00052d83
140dc063
140d9663
03000513
ffffe097
744080e7
00140413
fa5ff06f
0f750663
f9851ce3
01812503
00450593
00b12c23
00052983
01c9d513
00ad0533
00054503
ffffe097
710080e7
00499513
01c55513
00ad0533
00054503
ffffe097
6f8080e7
00899513
01c55513
00ad0533
00054503
ffffe097
6e0080e7
00c99513
01c55513
00ad0533
00054503
ffffe097
6c8080e7
01099513
01c55513
00ad0533
00054503
ffffe097
6b0080e7
01499513
01c55513
00ad0533
00054503
ffffe097
698080e7
01899513
01c55513
00ad0533
00054503
ffffe097
680080e7
00f9f513
00ad0533
00054503
ffffe097
66c080e7
00140413
ecdff06f
02500513
ffffe097
658080e7
00140413
eb9ff06f
01812503
00450593
00b12c23
00052983
0009c503
e8050ee3
00198993
0ff57513
ffffe097
628080e7
0009c503
00198993
fe0516e3
e7dff06f
02d00513
ffffe097
60c080e7
41b00db3
00000513
000d8593
00050993
039db633
00150513
00365d93
0f867613
001d9693
40c58633
40d60633
03066613
013a06b3
00c68023
fcbae8e3
013a0533
00054503
ffffe097
5c0080e7
00198513
fff98993
feab44e3
e15ff06f
02500513
ffffe097
5a4080e7
04c12083
04812403
04412483
04012903
03c12983
03812a03
03412a83
03012b03
02c12b83
02812c03
02412c83
02012d03
01c12d83
07010113
00008067
00250693
00900613
02000713
0080006f
00168693
ffe6c503
fec50ce3
fee50ae3
03000613
02c51063
fff6c503
02056513
07800613
02c51063
0006c503
02051063
00c0006f
ffe68693
00051a63
fff00513
00008067
ffe68693
03000513
00000613
00168693
00a00713
00600793
00500813
0200006f
fd000893
00a888b3
0006c503
00461613
00c8e633
00168693
02050663
fd050893
fee8e0e3
f9f50893
00f8f663
fa900893
fd5ff06f
fbf50893
01186663
fc900893
fc5ff06f
00000513
00c5a023
00008067
26058663
fc010113
02112e23
02812c23
02912a23
03212823
03312623
03412423
03512223
03612023
01712e23
01812c23
01912a23
01a12823
01b12623
00060413
00058493
00050913
00000a93
00207b37
f80b0b13
00700b93
01000c13
05f00c93
0240006f
07c00513
ffffe097
434080e7
00a00513
ffffe097
428080e7
015d0ab3
1a9afa63
008a8a33
01ca5513
00ab0533
00054503
41548d33
ffffe097
404080e7
004a1513
01c55513
00ab0533
00054503
ffffe097
3ec080e7
008a1513
01c55513
00ab0533
00054503
ffffe097
3d4080e7
00ca1513
01c55513
00ab0533
00054503
ffffe097
3bc080e7
010a1513
01c55513
00ab0533
00054503
ffffe097
3a4080e7
014a1513
01c55513
00ab0533
00054503
ffffe097
38c080e7
018a1513
01c55513
00ab0533
00054503
ffffe097
374080e7
00fa7513
00ab0533
00054503
ffffe097
360080e7
00207537
f0650513
00000097
b24080e7
00000993
01590db3
00c0006f
00198993
07898863
03a9f863
013d8533
00054a03
004a5513
00ab0533
00054503
ffffe097
31c080e7
00fa7513
00ab0533
00054a03
0140006f
02000513
02000a13
ffffe097
2fc080e7
000a0513
ffffe097
2f0080e7
02000513
ffffe097
2e4080e7
fb7990e3
02000513
ffffe097
2d4080e7
f91ff06f
01000513
00ad6463
01000d13
02000513
ffffe097
2b8080e7
07c00513
ffffe097
2ac080e7
e75486e3
01aa89b3
013909b3
0180006f
0ff57513
ffffe097
290080e7
001d8d93
e53d86e3
000dc503
fe050593
0ff5f593
ff95e0e3
02e00513
fd9ff06f
03c12083
03812403
03412483
03012903
02c12983
02812a03
02412a83
02012b03
01c12b83
01812c03
01412c83
01012d03
00c12d83
04010113
00008067
ff010113
00112623
00812423
00000413
06a05063
04058e63
0005a683
04068863
0006c603
04060463
00268693
00900713
02000793
00c0006f
fff6c603
00168693
fee60ce3
fef60ae3
03000713
08e61463
fff6c603
02066613
07800713
0ae61863
0006c603
0a061863
0740006f
00000413
00200693
10000613
18d54663
18058463
0045a683
18068063
0006c503
16050c63
00268693
00900593
02000713
00c0006f
fff6c503
00168693
feb50ce3
fee50ae3
03000593
02b51a63
fff6c503
02056513
07800593
0ab51663
0006c503
0a051663
0200006f
ffe68693
02061e63
00207537
f0950513
0140006f
ffe68693
08051663
00207537
f2c50513
00c12083
00812403
01010113
00000317
8fc30067
ffe68693
03000613
00000413
00168693
00a00713
00600793
00500813
0200006f
fd000893
00c888b3
0006c603
00441413
0088e433
00168693
f20606e3
fd060893
fee8e0e3
f9f60893
00f8f663
fa900893
fd5ff06f
fbf60893
f11866e3
fc900893
fc5ff06f
ffe68693
03000513
00000593
00168693
00a00713
00600793
00500813
0200006f
fd000893
00a888b3
0006c503
00459593
00b8e5b3
00168693
02050663
fd050893
fee8e0e3
f9f50893
00f8f663
fa900893
fd5ff06f
fbf50893
01186663
fc900893
fc5ff06f
02058863
00001537
00150513
00058613
02a5e063
00207537
f5050513
000015b7
00001637
00000097
808080e7
00001637
00040513
00060593
00040613
00c12083
00812403
01010113
00000317
b7430067
00000693
00265613
7e461073
7e859073
00100593
7ec51073
7e059073
7e069073
7f0025f3
fe058ee3
00100293
7f029073
00000293
7f029073
00008067
01061713
01861793
7d051073
00030837
00e7e533
7d459073
7d881073
00250593
00450713
0330000f
7c059073
7c051073
7c071073
7c051073
00150593
7c059073
7c8025f3
0015f593
02059263
ff6775b7
98058593
00158593
04058463
00000013
7c802773
00177713
fe0706e3
7c051073
0330000f
02060463
02c60533
00251513
00a68533
000305b7
0005a603
00c6a023
00468693
00458593
fea698e3
00008067
7c051073
00008067
fd010113
02112623
02812423
02912223
03212023
01312e23
01412c23
01512a23
01612823
01712623
01812423
01912223
00050413
fff50513
00f00613
0ca66c63
00347513
0c051863
0023f637
00241a93
6c062883
6c060693
10468613
20468693
0023f737
2c070713
0889e7b7
0d778793
00070813
0180006f
00150513
01580833
00860633
015686b3
0c850863
02aa82b3
005a82b3
005702b3
00068313
00060393
00080e13
0400006f
00078893
00d89e93
000e2023
004e0e13
011ec8b3
0118de93
011eceb3
005e9893
01d8c8b3
00fefe93
01d38023
00032023
00138393
00430313
f85e0ce3
00089463
00078893
00d89e93
011ec8b3
0118de93
011ec8b3
00589e93
00f8ff13
f1e38023
fb1e80e3
011ec8b3
f9dff06f
00207537
f9150513
00040593
02c12083
02812403
02412483
02012903
01c12983
01812a03
01412a83
01012b03
00c12b83
00812c03
00412c83
03010113
fffff317
5a830067
0023f537
6d152023
14058263
00000513
0023f9b7
6c098993
00440593
00498613
10498693
0023fb37
2c0b0b13
00000713
02a407b3
00f58833
01098833
00068893
00000293
00060313
00088393
00034e03
0003ce83
00130313
03ce8e33
005e02b3
008383b3
ff0314e3
00f70333
00170713
00231313
006b0333
00532023
00188893
fc8710e3
00150513
00860633
fa8510e3
00207537
fad50513
00040593
00040613
fffff097
500080e7
01041513
01841593
00498613
00a5e5b3
10498693
7d061073
00030537
7d469073
00258613
7d851073
0330000f
7c061073
00458613
7c059073
7c061073
7c059073
00158613
7c061073
7c802673
00167613
02061263
ff677637
98060613
00160613
10060463
00000013
7c8026f3
0016f693
fe0686e3
7c059073
0330000f
028405b3
00259613
20498593
00c58633
00052683
00d5a023
00458593
00450513
fec598e3
0cc0006f
00207537
fad50513
00040593
00040613
fffff097
444080e7
01041613
01841693
0023f5b7
6c058593
00030537
00c6e633
00458693
7d069073
10458693
7d469073
00260693
7d851073
0330000f
7c069073
00460693
7c061073
7c069073
7c061073
00160693
7c069073
7c8026f3
0016f693
02069263
ff6776b7
98068693
00168693
0e068863
00000013
7c802773
00177713
fe0706e3
7c061073
0330000f
02840633
00261613
20458593
00c58633
00052683
00d5a023
00458593
00450513
fec598e3
0b40006f
7c059073
00207537
fc750513
fffff097
384080e7
00000913
00000493
20498b93
002079b7
fda98993
0140006f
00190913
015b8bb3
015b0b33
04890663
00000a13
000b0c13
000b8c93
0140006f
001a0a13
004c8c93
004c0c13
fd440ae3
000ca683
000c2703
fee684e3
00098513
00090593
000a0613
fffff097
31c080e7
00148493
fcdff06f
00048e63
00207537
00650513
00048593
fffff097
2fc080e7
0240006f
00207537
ff850513
0100006f
7c061073
00207537
fc750513
fffff097
2d8080e7
00a00513
02c12083
02812403
02412483
02012903
01c12983
01812a03
01412a83
01012b03
00c12b83
00812c03
00412c83
03010113
ffffe317
aa830067
00000317
00830067
10006637
00400693
00d62423
f9c00693
00168693
00000013
fe069ce3
00862683
0046f693
00069663
00100693
00d62423
ffff46b7
cb068693
00862703
00277713
00070a63
00168693
fe0698e3
fff00513
00008067
f9c00693
00168693
00000013
fe069ce3
00a62223
00200513
00a62423
f9c00513
00150513
00000013
fe051ce3
ffff4537
cb050513
00862683
0046f693
00069a63
00150513
fe0518e3
ffe00513
00008067
00000693
00000013
00000013
00000013
00000013
00000013
00000013
00000013
00000013
00000013
00000013
00000013
00000013
00000013
00000013
00000013
00000013
00000013
00000013
00000013
00000013
00000013
00000013
00000013
00000013
00000013
00000013
00000013
00000013
00000013
00000013
00000013
00000013
00000013
00000013
00000013
00000013
00000013
00000013
00000013
00000013
00000013
00000013
00000013
00000013
00000013
00000013
00000013
00000013
00000013
00000013
ffff4537
10006737
cb050793
20000813
00078513
00862883
0088f893
00088863
00150513
fe0518e3
0200006f
00000513
00072883
00d582b3
00168693
01128023
fd0698e3
00008067
ffd00513
00008067
de010113
20112e23
20812c23
20912a23
21212823
21312623
21412423
00058413
00050493
00000097
22c080e7
00050e63
00207537
01b50513
00000593
fffff097
090080e7
0880006f
00810593
00810993
00048513
00000097
dec080e7
00050c63
00207537
03050513
fffff097
064080e7
05c0006f
e0000593
00040a13
0009c903
000a4603
00c91c63
fff50513
001a0a13
00198993
feb514e3
15c0006f
40a00633
00207537
04350513
00048593
fffff097
020080e7
000a4583
00207537
06350513
00090613
fffff097
008080e7
00048513
00040593
00000097
17c080e7
00050e63
00207537
01b50513
00100593
fffff097
fe0080e7
0880006f
00810593
00810993
00048513
00000097
d3c080e7
00050c63
00207537
03050513
fffff097
fb4080e7
05c0006f
e0000593
00040a13
0009c903
000a4603
00c91c63
fff50513
001a0a13
00198993
feb514e3
0ac0006f
40a00633
00207537
04350513
00048593
fffff097
f70080e7
000a4583
00207537
06350513
00090613
fffff097
f58080e7
00048513
00040593
00000097
0cc080e7
00050e63
00207537
01b50513
00200593
fffff097
f30080e7
0880006f
00810593
00810993
00048513
00000097
c8c080e7
00050c63
00207537
03050513
fffff097
f04080e7
05c0006f
e0000593
0009c903
00044603
00c91e63
fff50513
00140413
00198993
feb514e3
00000513
0380006f
40a00633
00207537
04350513
00048593
fffff097
ec0080e7
00044583
00207537
06350513
00090613
fffff097
ea8080e7
fff00513
21c12083
21812403
21412483
21012903
20c12983
20812a03
22010113
00008067
10006637
00400693
00d62423
f9c00693
00168693
00000013
fe069ce3
20058693
10006737
0005c783
00158593
00f72023
fed59ae3
00862583
0045f593
00059663
00100593
00b62423
ffff45b7
cb058593
00862683
0026f693
00068a63
00158593
fe0598e3
fff00513
00008067
f9c00593
00158593
00000013
fe059ce3
00a62223
01000513
00a62423
f9c00513
00150513
00000013
fe051ce3
ffff4537
cb050513
00862583
0045f593
00059a63
00150513
fe0518e3
ffe00513
00008067
00000513
00000013
00000013
00000013
00000013
00000013
00000013
00000013
00000013
00000013
00000013
00000013
00000013
00000013
00000013
00000013
00000013
00000013
00000013
00000013
00000013
00000013
00000013
00000013
00000013
00000013
00000013
00000013
00000013
00000013
00000013
00000013
00000013
00000013
00000013
00000013
00000013
00000013
00000013
00000013
00000013
00000013
00000013
00000013
00000013
00000013
00000013
00000013
00000013
00000013
00000013
00008067
dd010113
22112623
22812423
22912223
23212023
21312e23
21412c23
21512a23
21612823
21712623
00050493
00000413
00001537
20c10a13
10006ab7
00207937
09c90913
00300b13
02150b93
002079b7
07598993
01c0006f
00098513
00040593
fffff097
c90080e7
00140413
11640063
00c10593
00048513
00000097
9ec080e7
fc051ce3
00000593
008aa683
00c10513
00054603
00150513
00861613
00b645b3
01059613
01159713
00159793
01259813
01359593
41f65613
41f75713
41f85813
41f5d593
01767633
01777733
01787833
0175f5b3
00c7c633
00161793
01361613
00e7c733
41f65613
00171793
01371713
01767633
0107c7b3
41f75713
00361613
00179813
01379793
01777733
00b845b3
41f7d793
00271713
01359813
0177f7b3
00459593
00e64633
00c5c5b3
00179793
41f85613
00f5c5b3
01767633
00c5c5b3
f54518e3
0106d693
01059593
0105d613
02c68863
00090513
00040593
fffff097
b94080e7
00140413
f16414e3
00207537
0bd50513
fffff097
b7c080e7
0180006f
00207537
08950513
00040593
fffff097
b64080e7
00000413
00c10493
00207937
0d190913
00f00993
20000a13
00c0006f
00140413
05440c63
00848533
00054a83
004ad513
00a90533
00054503
ffffd097
330080e7
00faf513
00a90533
00054503
ffffd097
31c080e7
02000513
ffffd097
310080e7
00f47513
fb351ce3
00a00513
ffffd097
2fc080e7
fa9ff06f
22c12083
22812403
22412483
22012903
21c12983
21812a03
21412a83
21012b03
20c12b83
23010113
00008067
ff010113
00112623
00812423
00912223
01212023
00058493
00050913
00207537
0e250513
fffff097
a94080e7
00090513
00048593
00000097
c08080e7
00207437
0ef40413
06050c63
00207537
01b50513
00000593
fffff097
a64080e7
00090513
00048593
00000097
bd8080e7
04050863
00207537
01b50513
00100593
fffff097
a3c080e7
00090513
00048593
00000097
bb0080e7
02050463
00207537
01b50513
00200593
fffff097
a14080e7
fff00493
00207437
0fa40413
0080006f
00000493
00040513
fffff097
9f4080e7
00048513
00c12083
00812403
00412483
00012903
01010113
00008067
10007537
00452583
0015f593
02058263
ffff45b7
cb058593
00158593
00058e63
00000013
00452603
00167613
fe0616e3
00000513
00008067
fff00513
00008067
00050593
fff00513
04058063
10007637
00462683
0016f693
02068263
ffff46b7
cb068693
00168693
02068063
00000013
00462703
00177713
fe0716e3
00000513
00062603
00c5a023
00008067
00050593
fff00513
04058463
10007637
00462683
0016f693
02068263
ffff46b7
cb068693
00168693
02068463
00000013
00462703
00177713
fe0716e3
00000513
00062603
00861613
00865613
00c5a023
00008067
00050613
00000513
08060a63
08058863
00000513
100076b7
ffff4737
cb070713
04c0006f
0006a783
00251813
00150513
01060833
00879793
0087d793
00f82023
00000013
00000013
00000013
00000013
00000013
00000013
00000013
00000013
00000013
00000013
02b50863
0046a783
0017f793
fa0788e3
00070793
00178793
00078e63
00000013
0046a803
00187813
fe0816e3
f91ff06f
00058513
00008067
fe010113
00112e23
00812c23
00912a23
01212823
01312623
00000413
0c050a63
100075b7
00100693
00300613
002409b7
cc498993
00d5a223
01600693
0340006f
00080413
00000013
00000013
00000013
00000013
00000013
00000013
00000013
00000013
00000013
00000013
04a47263
0045a703
01b75713
fec76ce3
fca474e3
00000793
00241713
00e98733
0005a803
00078893
00178793
01072023
00878833
fb16e0e3
00470713
fea862e3
f95ff06f
00000493
00207937
10790913
0009a603
00090513
00048593
ffffe097
788080e7
00148493
00498993
fe9412e3
00207537
11350513
00040593
ffffe097
768080e7
00040513
01c12083
01812403
01412483
01012903
00c12983
02010113
00008067
fd010113
02112623
02812423
02912223
03212023
01312e23
01412c23
01512a23
01612823
01712623
20050863
00058493
00000413
100075b7
00100693
00300613
00240a37
cc4a0a13
00d5a223
01600693
0340006f
00080413
00000013
00000013
00000013
00000013
00000013
00000013
00000013
00000013
00000013
00000013
04a47263
0045a703
01b75713
fec76ce3
fca474e3
00000793
00241713
00ea0733
0005a803
00078893
00178793
01072023
00878833
fb16e0e3
00470713
fea862e3
f95ff06f
050a2603
00207937
12890913
01400593
00090513
ffffe097
668080e7
054a2603
01500593
00090513
ffffe097
654080e7
058a2603
01600593
00090513
ffffe097
640080e7
05ca2603
01700593
00090513
ffffe097
62c080e7
060a2603
01800593
00090513
ffffe097
618080e7
064a2603
01900593
00090513
ffffe097
604080e7
068a2603
01a00593
00090513
ffffe097
5f0080e7
06ca2603
01b00593
00090513
ffffe097
5dc080e7
070a2603
01c00593
00090513
ffffe097
5c8080e7
074a2603
01d00593
00090513
ffffe097
5b4080e7
00000913
f8040a93
00241b13
002079b7
12f98993
016a0b33
07f00b93
00098513
00048593
00090613
ffffe097
584080e7
41240533
00abee63
000b0513
000a8593
00052023
00158593
00450513
fe059ae3
00291593
00ba05b3
00048513
fffff097
484080e7
02051663
00148493
08090913
f80a8a93
fa8964e3
00207537
11350513
00040593
ffffe097
528080e7
01c0006f
00207537
14550513
00048593
ffffe097
510080e7
00000413
00040513
02c12083
02812403
02412483
02012903
01c12983
01812a03
01412a83
01012b03
00c12b83
03010113
00008067
10003637
00462683
0016f693
02069263
fffe86b7
96068693
00168693
02068a63
00000013
00462703
00177713
fe0706e3
00a62023
00300513
00a62223
00058863
fff58593
00000013
fe059ce3
00008067
00207537
16050513
ffffe317
47c30067
ff010113
00112623
00812423
00912223
00050413
fffff537
c7850513
00150513
00000013
fe051ce3
100034b7
fffff537
0004a223
c7850513
00150513
00000013
fe051ce3
00200513
00a4a223
c1800513
00150513
00000013
fe051ce3
0044a503
00157513
02051263
fffe8537
96050513
00150513
02050e63
00000013
0044a583
0015f593
fe0586e3
10003537
10100593
00b52023
00300513
00a4a223
f9c00513
00150513
00000013
fe051ce3
0140006f
00207537
16050513
ffffe097
3bc080e7
0044a503
00157513
02051263
fffe8537
96050513
00150513
02050c63
00000013
0044a583
0015f593
fe0586e3
10003537
00052023
00300513
00a4a223
f9c00513
00150513
00000013
fe051ce3
0140006f
00207537
16050513
ffffe097
35c080e7
0044a503
00157513
02051263
fffe8537
96050513
00150513
02050e63
00000013
0044a583
0015f593
fe0586e3
10003537
03a00593
00b52023
00300513
00a4a223
f9c00513
00150513
00000013
fe051ce3
0140006f
00207537
16050513
ffffe097
2f8080e7
0044a503
00157513
02051263
fffe8537
96050513
00150513
02050e63
00000013
0044a583
0015f593
fe0586e3
10003537
16600593
00b52023
00300513
00a4a223
f9c00513
00150513
00000013
fe051ce3
0140006f
00207537
16050513
ffffe097
294080e7
0044a503
00157513
02051263
fffe8537
96050513
00150513
02050e63
00000013
0044a583
0015f593
fe0586e3
10003537
03600593
00b52023
00300513
00a4a223
f9c00513
00150513
00000013
fe051ce3
0140006f
00207537
16050513
ffffe097
230080e7
0044a503
00157513
02051263
fffe8537
96050513
00150513
02050e63
00000013
0044a583
0015f593
fe0586e3
10003537
1e800593
00b52023
00300513
00a4a223
f9c00513
00150513
00000013
fe051ce3
0140006f
00207537
16050513
ffffe097
1cc080e7
0044a503
00157513
02051263
fffe8537
96050513
00150513
02050e63
00000013
0044a583
0015f593
fe0586e3
10003537
01100593
00b52023
00300513
00a4a223
f9c00513
00150513
00000013
fe051ce3
0140006f
00207537
16050513
ffffe097
168080e7
0044a503
00157513
02051263
fffe8537
96050513
00150513
04050e63
00000013
0044a583
0015f593
fe0586e3
10003537
02900593
00b52023
00300513
00a4a223
f9c00513
00150513
00000013
fe051ce3
00040863
fff40413
00000013
fe041ce3
00c12083
00812403
00412483
01010113
00008067
00207537
16050513
ffffe097
0e4080e7
fc0418e3
fd9ff06f
ff010113
00112623
00812423
00912223
01212023
00058413
10003937
00492583
0015f593
00050493
02059263
fffe8537
96050513
00150513
02050c63
00000013
00492583
0015f593
fe0586e3
02a00513
00a92023
00300513
00a92223
e0c00513
00150513
00000013
fe051ce3
0140006f
00207537
16050513
ffffe097
05c080e7
00492503
00157513
02051263
fffe8537
96050513
00150513
04050263
00000013
00492583
0015f593
fe0586e3
01749513
100035b7
01f55513
10050513
00a5a023
00300513
00a92223
f9c00513
00150513
00000013
fe051ce3
0140006f
00207537
16050513
ffffe097
ff0080e7
00492503
00157513
02051263
fffe8537
96050513
00150513
04050063
00000013
00492583
0015f593
fe0586e3
0ff4f513
100035b7
10050513
00a5a023
00300513
00a92223
f9c00513
00150513
00000013
fe051ce3
0140006f
00207537
16050513
ffffe097
f88080e7
00492503
00157513
1df48493
02051263
fffe8537
96050513
00150513
04050263
00000013
00492583
0015f593
fe0586e3
01749513
100035b7
01f55513
10050513
00a5a023
00300513
00a92223
f9c00513
00150513
00000013
fe051ce3
0140006f
00207537
16050513
ffffe097
f18080e7
00492503
00157513
02051263
fffe8537
96050513
00150513
04050063
00000013
00492583
0015f593
fe0586e3
0ff4f513
100035b7
10050513
00a5a023
00300513
00a92223
f9c00513
00150513
00000013
fe051ce3
0140006f
00207537
16050513
ffffe097
eb0080e7
00492503
00157513
02051263
fffe8537
96050513
00150513
02050e63
00000013
00492583
0015f593
fe0586e3
10003537
02b00593
00b52023
00300513
00a92223
e0c00513
00150513
00000013
fe051ce3
0140006f
00207537
16050513
ffffe097
e4c080e7
00492503
00157513
02051263
fffe8537
96050513
00150513
04050263
00000013
00492583
0015f593
fe0586e3
01741513
100035b7
01f55513
10050513
00a5a023
00300513
00a92223
f9c00513
00150513
00000013
fe051ce3
0140006f
00207537
16050513
ffffe097
de0080e7
00492503
00157513
02051263
fffe8537
96050513
00150513
04050063
00000013
00492583
0015f593
fe0586e3
0ff47513
100035b7
10050513
00a5a023
00300513
00a92223
f9c00513
00150513
00000013
fe051ce3
0140006f
00207537
16050513
ffffe097
d78080e7
00492503
00157513
13f40413
02051263
fffe8537
96050513
00150513
04050263
00000013
00492583
0015f593
fe0586e3
01741513
100035b7
01f55513
10050513
00a5a023
00300513
00a92223
f9c00513
00150513
00000013
fe051ce3
0140006f
00207537
16050513
ffffe097
d08080e7
00492503
00157513
02051263
fffe8537
96050513
00150513
04050063
00000013
00492583
0015f593
fe0586e3
0ff47513
100035b7
10050513
00a5a023
00300513
00a92223
f9c00513
00150513
00000013
fe051ce3
0140006f
00207537
16050513
ffffe097
ca0080e7
00492503
00157513
02051263
fffe8537
96050513
00150513
04050863
00000013
00492583
0015f593
fe0586e3
10003537
02c00593
00b52023
00300513
00a92223
e0c00513
00150513
00000013
fe051ce3
00c12083
00812403
00412483
00012903
01010113
00008067
00207537
16050513
00c12083
00812403
00412483
00012903
01010113
ffffe317
c1430067
fd010113
02112623
02812423
02912223
03212023
01312e23
01412c23
01512a23
01612823
01712623
01812423
01912223
01a12023
100034b7
00207537
17250513
ffffe097
bcc080e7
0000c537
35050513
fffff097
748080e7
00000097
22c080e7
00000513
00000593
00000097
ad0080e7
00000913
002079b7
45498993
fffe8537
00207437
16040413
1e000a13
14000a93
96050b13
00300b93
00c0006f
00190913
1b590663
00000c13
00591513
00991593
40a58cb3
03c0006f
00a4a023
0174a223
00000013
00000013
00000013
00000013
00000013
00000013
00000013
00000013
00000013
00000013
001c0c13
fb4c08e3
019c0533
00a98533
00054d03
001d7513
00050663
10000513
0080006f
1ff00513
0044a583
0015f593
02059063
000b0593
00158593
04058a63
00000013
0044a603
00167613
fe0606e3
00a4a023
0174a223
00000013
00000013
00000013
00000013
00000013
00000013
00000013
00000013
00000013
00000013
002d7513
02050063
10000513
01c0006f
00040513
ffffe097
a90080e7
002d7513
fe0514e3
1ff00513
0044a583
0015f593
02059063
000b0593
00158593
04058a63
00000013
0044a603
00167613
fe0606e3
00a4a023
0174a223
00000013
00000013
00000013
00000013
00000013
00000013
00000013
00000013
00000013
00000013
004d7513
02050063
10000513
01c0006f
00040513
ffffe097
a10080e7
004d7513
fe0514e3
1ff00513
0044a583
0015f593
ea0590e3
000b0593
00158593
00058c63
00000013
0044a603
00167613
fe0606e3
e81ff06f
00040513
ffffe097
9cc080e7
ea1ff06f
02c12083
02812403
02412483
02012903
01c12983
01812a03
01412a83
01012b03
00c12b83
00812c03
00412c83
00012d03
03010113
00008067
ff010113
00112623
00812423
10003437
00442503
00157513
02051263
fffe8537
96050513
00150513
02050c63
00000013
00442583
0015f593
fe0586e3
03300513
00a42023
00300513
00a42223
f9c00513
00150513
00000013
fe051ce3
0140006f
00207537
16050513
ffffe097
920080e7
00442503
00157513
02051263
fffe8537
96050513
00150513
02050e63
00000013
00442583
0015f593
fe0586e3
10003537
10000593
00b52023
00300513
00a42223
f9c00513
00150513
00000013
fe051ce3
0140006f
00207537
16050513
ffffe097
8bc080e7
00442503
00157513
02051263
fffe8537
96050513
00150513
02050e63
00000013
00442583
0015f593
fe0586e3
10003537
10000593
00b52023
00300513
00a42223
f9c00513
00150513
00000013
fe051ce3
0140006f
00207537
16050513
ffffe097
858080e7
00442503
00157513
02051263
fffe8537
96050513
00150513
02050e63
00000013
00442583
0015f593
fe0586e3
10003537
10100593
00b52023
00300513
00a42223
f9c00513
00150513
00000013
fe051ce3
0140006f
00207537
16050513
ffffd097
7f4080e7
00442503
00157513
02051263
fffe8537
96050513
00150513
02050e63
00000013
00442583
0015f593
fe0586e3
10003537
1e000593
00b52023
00300513
00a42223
f9c00513
00150513
00000013
fe051ce3
0140006f
00207537
16050513
ffffd097
790080e7
00442503
00157513
02051263
fffe8537
96050513
00150513
02050e63
00000013
00442583
0015f593
fe0586e3
10003537
10000593
00b52023
00300513
00a42223
f9c00513
00150513
00000013
fe051ce3
0140006f
00207537
16050513
ffffd097
72c080e7
00442503
00157513
02051263
fffe8537
96050513
00150513
04050463
00000013
00442583
0015f593
fe0586e3
10003537
10000593
00b52023
00300513
00a42223
f9c00513
00150513
00000013
fe051ce3
00c12083
00812403
01010113
00008067
00207537
16050513
00c12083
00812403
01010113
ffffd317
6b030067
ff010113
00112623
00812423
00912223
01212023
10003437
00207537
18850513
ffffd097
688080e7
0000c537
35050513
fffff097
204080e7
00442503
00157513
02051263
fffe8537
96050513
00150513
02050c63
00000013
00442583
0015f593
fe0586e3
03600513
00a42023
00300513
00a42223
f9c00513
00150513
00000013
fe051ce3
0140006f
00207537
16050513
ffffd097
618080e7
00442503
00157513
02051263
fffe8537
96050513
00150513
02050e63
00000013
00442583
0015f593
fe0586e3
10003537
18800593
00b52023
00300513
00a42223
f9c00513
00150513
00000013
fe051ce3
0140006f
00207537
16050513
ffffd097
5b4080e7
00000097
c24080e7
00000513
00000097
0d8080e7
002dc537
0c052223
00000513
00000097
0c4080e7
13f00613
1df00693
00000513
00000593
00000097
4dc080e7
00000413
1e000493
14000913
00000513
00000593
00000613
00001097
98c080e7
fff90913
fe0914e3
00140413
fc941ee3
002dc537
0c450513
00052223
00052423
00207537
1a050513
00000097
26c080e7
00207537
1a950513
00000097
25c080e7
00207537
1b150513
00000097
24c080e7
00207537
b0a50513
00000097
23c080e7
00207537
1c150513
00c12083
00812403
00412483
00012903
01010113
00000317
21830067
ff010113
00112623
00812423
00912223
100034b7
0044a583
0015f593
00050413
02059263
fffe8537
96050513
00150513
02050c63
00000013
0044a583
0015f593
fe0586e3
03700513
00a4a023
00300513
00a4a223
f9c00513
00150513
00000013
fe051ce3
0140006f
00207537
16050513
ffffd097
458080e7
0044a503
00157513
02051263
fffe8537
96050513
00150513
04050063
00000013
0044a583
0015f593
fe0586e3
00845513
100035b7
10050513
00a5a023
00300513
00a4a223
f9c00513
00150513
00000013
fe051ce3
0140006f
00207537
16050513
ffffd097
3f0080e7
0044a503
00157513
02051263
fffe8537
96050513
00150513
04050663
00000013
0044a583
0015f593
fe0586e3
10046513
100035b7
00a5a023
00300513
00a4a223
f9c00513
00150513
00000013
fe051ce3
00c12083
00812403
00412483
01010113
00008067
00207537
16050513
00c12083
00812403
00412483
01010113
ffffd317
36c30067
ff010113
00112623
00812423
00912223
01212023
002dc537
0c052223
00000513
00000097
e7c080e7
13f00613
1df00693
00000513
00000593
00000097
294080e7
00000413
1e000493
14000913
00000513
00000593
00000613
00000097
744080e7
fff90913
fe0914e3
00140413
fc941ee3
002dc537
0c450513
00052223
00052423
00c12083
00812403
00412483
00012903
01010113
00008067
002dc637
0c460613
00a62223
00b62423
00008067
0e050c63
fe010113
00112e23
00812c23
00912a23
01212823
01312623
01412423
01512223
01612023
00050413
00900493
002dc937
0c490913
aaaab537
ebe00993
00d00a13
aab50a93
00a00b13
00044603
02c4d063
01460663
07660863
0480006f
00092223
00140413
00044603
fec4c4e3
02961863
00492503
03553533
00555513
00451593
00651513
40b50533
03050593
efb50513
00b92223
fca9e6e3
02c0006f
02060a63
00492503
00892583
00000097
050080e7
00492503
00c50593
ed750513
00b92223
faa9e0e3
00001097
8c0080e7
f95ff06f
01c12083
01812403
01412483
01012903
00c12983
00812a03
00412a83
00012b03
02010113
00008067
fe010113
00112e23
00812c23
00912a23
01212823
01312623
01412423
00060413
ecb50613
ebf00693
0cd66e63
e2b58613
e1f00693
0cd66863
f8140613
fa100693
00d67463
03f00413
002dc637
0c462603
888896b7
88968693
40c585b3
1e058593
02d5b633
00865613
00961693
00561613
40d60633
00c585b3
00b50613
00b58693
00000097
0a4080e7
00000493
fe040413
00341513
00541413
40a40433
0022d537
c5450513
00850433
00c00913
00c0006f
00148493
05248863
00149513
00a40533
00055983
00000a13
0200006f
00000513
00000593
00000613
00000097
51c080e7
001a0a13
fd2a06e3
01499533
01451513
fc055ee3
0ff00513
0ff00593
0ff00613
fd9ff06f
01c12083
01812403
01412483
01012903
00c12983
00812a03
02010113
00008067
fe010113
00112e23
00812c23
00912a23
01212823
01312623
01412423
00068413
00060913
00058493
10003a37
004a2583
0015f593
00050993
02059263
fffe8537
96050513
00150513
02050c63
00000013
004a2583
0015f593
fe0586e3
02a00513
00aa2023
00300513
00aa2223
f9c00513
00150513
00000013
fe051ce3
0140006f
00207537
16050513
ffffd097
010080e7
004a2503
00157513
02051263
fffe8537
96050513
00150513
04050263
00000013
004a2583
0015f593
fe0586e3
01099513
100035b7
01855513
10050513
00a5a023
00300513
00aa2223
f9c00513
00150513
00000013
fe051ce3
0140006f
00207537
16050513
ffffd097
fa4080e7
004a2503
00157513
02051263
fffe8537
96050513
00150513
04050063
00000013
004a2583
0015f593
fe0586e3
0ff9f513
100035b7
10050513
00a5a023
00300513
00aa2223
f9c00513
00150513
00000013
fe051ce3
0140006f
00207537
16050513
ffffd097
f3c080e7
004a2503
00157513
02051263
fffe8537
96050513
00150513
04050263
00000013
004a2583
0015f593
fe0586e3
01091513
100035b7
01855513
10050513
00a5a023
00300513
00aa2223
f9c00513
00150513
00000013
fe051ce3
0140006f
00207537
16050513
ffffd097
ed0080e7
004a2503
00157513
02051263
fffe8537
96050513
00150513
04050063
00000013
004a2583
0015f593
fe0586e3
0ff97513
100035b7
10050513
00a5a023
00300513
00aa2223
f9c00513
00150513
00000013
fe051ce3
0140006f
00207537
16050513
ffffd097
e68080e7
004a2503
00157513
02051263
fffe8537
96050513
00150513
02050e63
00000013
004a2583
0015f593
fe0586e3
10003537
02b00593
00b52023
00300513
00aa2223
f9c00513
00150513
00000013
fe051ce3
0140006f
00207537
16050513
ffffd097
e04080e7
004a2503
00157513
02051263
fffe8537
96050513
00150513
04050063
00000013
004a2583
0015f593
fe0586e3
0084d513
100035b7
10050513
00a5a023
00300513
00aa2223
f9c00513
00150513
00000013
fe051ce3
0140006f
00207537
16050513
ffffd097
d9c080e7
004a2503
00157513
02051263
fffe8537
96050513
00150513
02050e63
00000013
004a2583
0015f593
fe0586e3
1004e513
100035b7
00a5a023
00300513
00aa2223
f9c00513
00150513
00000013
fe051ce3
0140006f
00207537
16050513
ffffd097
d38080e7
004a2503
00157513
02051263
fffe8537
96050513
00150513
04050063
00000013
004a2583
0015f593
fe0586e3
00845513
100035b7
10050513
00a5a023
00300513
00aa2223
f9c00513
00150513
00000013
fe051ce3
0140006f
00207537
16050513
ffffd097
cd0080e7
004a2503
00157513
02051263
fffe8537
96050513
00150513
02050e63
00000013
004a2583
0015f593
fe0586e3
10046513
100035b7
00a5a023
00300513
00aa2223
f9c00513
00150513
00000013
fe051ce3
0140006f
00207537
16050513
ffffd097
c6c080e7
004a2503
00157513
02051263
fffe8537
96050513
00150513
04050c63
00000013
004a2583
0015f593
fe0586e3
10003537
02c00593
00b52023
00300513
00aa2223
f9c00513
00150513
00000013
fe051ce3
01c12083
01812403
01412483
01012903
00c12983
00812a03
02010113
00008067
00207537
16050513
01c12083
01812403
01412483
01012903
00c12983
00812a03
02010113
ffffd317
bd030067
ff010113
00112623
00812423
00912223
01212023
00060413
100034b7
0044a603
00167613
02061263
fffe8637
96060613
00160613
04060863
00000013
0044a683
0016f693
fe0686e3
1ff54513
00a4a023
00300513
00a4a223
00000013
00000013
00000013
00000013
00000013
00000013
00000013
00000013
00000013
00000013
01c0006f
00207537
16050513
00058913
ffffd097
b38080e7
00090593
0044a503
00157513
02051263
fffe8537
96050513
00150513
04050a63
00000013
0044a603
00167613
fe0606e3
1ff5c513
100035b7
00a5a023
00300513
00a4a223
00000013
00000013
00000013
00000013
00000013
00000013
00000013
00000013
00000013
00000013
0140006f
00207537
16050513
ffffd097
ab8080e7
0044a503
00157513
02051263
fffe8537
96050513
00150513
06050463
00000013
0044a583
0015f593
fe0586e3
1ff44513
100035b7
00a5a023
00300513
00a4a223
00000013
00000013
00000013
00000013
00000013
00000013
00000013
00000013
00000013
00000013
00c12083
00812403
00412483
00012903
01010113
00008067
00207537
16050513
00c12083
00812403
00412483
00012903
01010113
ffffd317
a1430067
002dc537
0c852503
00008067
002dc537
0cc52503
00008067
00900593
02b50663
00050613
00d00513
00a60a63
00a00513
04a61c63
00000317
0a830067
002dc537
0c052423
0940006f
002dc537
0c852583
aaaab637
aab60613
02c5b5b3
0055d593
00459613
00659593
40c585b3
03058613
efb58593
ebe00693
0cc52423
04b6ee63
00000317
05c30067
ff010113
00112623
00812423
002dc437
0c440413
00442503
00842583
fffff097
7ac080e7
00442503
00c50593
ed750513
ebe00613
00b42223
00c12083
00812403
01010113
00a66663
00000317
00c30067
00008067
002dc537
0c450513
00852583
e1e00613
00c58693
e3758593
00052223
00d52423
20b66663
ff010113
00112623
00812423
00912223
01212023
002dc937
0c492503
0c490493
00b00593
1d400413
00a5e663
1d400513
0080006f
ff450513
0ca92223
fffff097
408080e7
0c492503
3b400593
40a585b3
1e000613
0084a423
00c5e463
40a405b3
00b58693
13f00613
00000513
00000097
808080e7
14000413
00000513
00000593
00000613
00000097
cc0080e7
fff40413
fe0414e3
14000413
00000513
00000593
00000613
00000097
ca0080e7
fff40413
fe0414e3
14000413
00000513
00000593
00000613
00000097
c80080e7
fff40413
fe0414e3
14000413
00000513
00000593
00000613
00000097
c60080e7
fff40413
fe0414e3
14000413
00000513
00000593
00000613
00000097
c40080e7
fff40413
fe0414e3
14000413
00000513
00000593
00000613
00000097
c20080e7
fff40413
fe0414e3
14000413
00000513
00000593
00000613
00000097
c00080e7
fff40413
fe0414e3
14000413
00000513
00000593
00000613
00000097
be0080e7
fff40413
fe0414e3
14000413
00000513
00000593
00000613
00000097
bc0080e7
fff40413
fe0414e3
14000413
00000513
00000593
00000613
00000097
ba0080e7
fff40413
fe0414e3
14000413
00000513
00000593
00000613
00000097
b80080e7
fff40413
fe0414e3
14000413
00000513
00000593
00000613
00000097
b60080e7
fff40413
fe0414e3
00c12083
00812403
00412483
00012903
01010113
00008067
f9010113
04112623
04812423
04912223
05212023
03312e23
03412c23
03512a23
03612823
03712623
03812423
03912223
03a12023
01b12e23
00050413
06f12223
07012423
07112623
04b12a23
04c12c23
04d12e23
06e12023
05410513
02500b13
002dc4b7
0c448493
ebe00993
00207937
3bc90913
aaaab5b7
ccccd637
00d10b93
00900c13
00d00d13
00a00d93
00a12c23
aab58a93
ccd60a13
ffc00c93
0100006f
00000097
d30080e7
00140413
00044603
26cb6863
00261513
00a90533
00052503
00050067
0044a503
03553533
00555513
00451593
00651513
40b50533
03050593
efb50513
00b4a223
fca9e0e3
fb5ff06f
00144503
00140413
07200593
06a5c663
13650063
06400593
1cb51a63
01812503
00450593
00b12c23
00052b03
220b4c63
260b1463
0044a503
0084a583
03000613
fffff097
414080e7
0044a503
00c50593
ed750513
00b4a223
02500b13
30a9e263
00000097
c80080e7
00207937
3bc90913
00140413
f49ff06f
07300593
0cb50263
07800593
16b51663
01812503
00450593
00b12c23
00052903
01c00b13
0140006f
00000097
c40080e7
ffcb0b13
139b0663
01695533
00f57513
002075b7
f8058593
00a58533
00054603
03860e63
03a60863
fdb608e3
0044a503
0084a583
fffff097
378080e7
0044a503
00c50593
ed750513
00b4a223
faa9eae3
fa9ff06f
0004a223
fa9ff06f
0044a503
03553533
00555513
00451593
00651513
40b50533
03050593
efb50513
00b4a223
f8a9e0e3
f75ff06f
0044a503
0084a583
02500613
0fc0006f
01812503
00450593
00b12c23
00052903
00094603
02cc5063
01a60663
07b60863
0480006f
0004a223
00190913
00094603
fecc44e3
03861863
0044a503
03553533
00555513
00451593
00651513
40b50533
03050593
efb50513
00b4a223
fca9e6e3
02c0006f
1a060e63
0044a503
0084a583
fffff097
2a4080e7
0044a503
00c50593
ed750513
00b4a223
faa9e0e3
00000097
b14080e7
f95ff06f
02500b13
00207937
3bc90913
00140413
dd5ff06f
18050263
0044a503
0084a583
02500613
fffff097
258080e7
0044a503
00c50593
ed750513
00b4a223
00a9e663
00000097
ac8080e7
00044603
db8608e3
03a60863
d9b602e3
0044a503
0084a583
fffff097
21c080e7
0044a503
00c50593
ed750513
00b4a223
d6a9f0e3
d65ff06f
0004a223
00140413
d5dff06f
0044a503
0084a583
02d00613
fffff097
1e4080e7
0044a503
00c50593
ed750513
00b4a223
00a9e663
00000097
a54080e7
41600b33
00000513
000b0593
00050913
034b3633
00150513
00365b13
0f867613
001b1693
40c58633
40d60633
03066613
012b86b3
00c68023
fcbc68e3
02500b13
01c0006f
00000097
a08080e7
00190513
fff90913
00100593
06a5da63
012b8533
00054603
03860e63
03a60863
fdb60ce3
0044a503
0084a583
fffff097
148080e7
0044a503
00c50593
ed750513
00b4a223
faa9eee3
fb1ff06f
0004a223
fb1ff06f
0044a503
03553533
00555513
00451593
00651513
40b50533
03050593
efb50513
00b4a223
f8a9e4e3
f7dff06f
00207937
3bc90913
00140413
c51ff06f
0044a503
0084a583
02500613
fffff097
0d8080e7
0044a503
00c50593
ed750513
ebe00613
00b4a223
00a66663
00000097
944080e7
04c12083
04812403
04412483
04012903
03c12983
03812a03
03412a83
03012b03
02c12b83
02812c03
02412c83
02012d03
01c12d83
07010113
00008067
02b50533
00008067
00a60533
00b685b3
00008067
40c50533
40d585b3
00008067
02c50733
02d587b3
02d50533
02c585b3
40f70733
00a585b3
40f75513
40f5d593
00008067
00200613
1cc5c463
00000693
00100613
00c0006f
00160613
04b60a63
00058713
00068793
00175713
40e686b3
fee7dae3
00f706b3
fed650e3
00361713
00369793
00e50733
00f507b3
0007a803
0047a883
00072283
00472303
01072023
01172223
0057a023
0067a223
fadff06f
fd010113
02812623
02912423
03212223
03312023
01412e23
01512c23
01612a23
01712823
01812623
01912423
01a12223
00450613
00200693
077cb837
0022d737
55470713
40000793
53180813
0022d8b7
57888893
00c0006f
00169693
0cd5ca63
00000293
40d00333
0066f333
03030333
01b35313
00670333
00034e03
4016d313
00269393
007503b3
01c7deb3
00369e13
003e9e93
00060f13
0140006f
00d282b3
01c383b3
01cf0f33
fab2d8e3
fe6058e3
000f0f93
00030413
00088493
00038913
ffcfa983
000faa03
00092a83
00492b03
ffc4ab83
0004ac03
01d484b3
fff40413
037a8cb3
038b0d33
038a8ab3
037b0b33
41ac8bb3
015b0ab3
40fbdb13
40fada93
013b0bb3
014a8c33
416989b3
415a0a33
ff7fae23
018fa023
01392023
01492223
00890913
008f8f93
f8041ce3
f71ff06f
02c12403
02812483
02412903
02012983
01c12a03
01812a83
01412b03
01012b83
00c12c03
00812c83
00412d03
03010113
00000513
00008067
fd010113
02112623
02812423
02912223
03212023
01312e23
01412c23
01512a23
01612823
01712623
01812423
00058613
00050413
40a58933
00295493
00207537
1cf50513
00040593
ffffc097
fd0080e7
00207537
1ea50513
ffffc097
fc0080e7
0e048263
ffc90913
a5a5a537
0014ba13
123455b7
5a550993
01448533
67858613
a30005b7
012676b3
008686b3
0136c733
00e6a023
01f61693
00165613
fff50513
41f6d693
00b6f6b3
00d64633
fc051ce3
00207537
20a50513
ffffc097
f60080e7
01448a33
00100513
123455b7
a3000ab7
002074b7
23248493
0000f637
67858c13
e0160b13
10000bb7
0200006f
01fc1593
001c5613
41f5d593
0155f5b3
fffa0a13
00b64c33
020a0863
012c75b3
008585b3
0005a603
0135c6b3
fcd60ae3
00048513
ffffc097
ef8080e7
00000513
016ba023
fbdff06f
02051063
00207537
27150513
01c0006f
00207537
20a50513
ffffc097
ecc080e7
00207537
25450513
02c12083
02812403
02412483
02012903
01c12983
01812a03
01412a83
01012b03
00c12b83
00812c03
03010113
ffffc317
e9030067
fd010113
02112623
02812423
02912223
03212023
01312e23
01412c23
01512a23
01612823
01712623
00058613
00050413
40a584b3
00207537
1cf50513
00040593
ffffc097
e48080e7
00207537
29150513
ffffc097
e38080e7
0024d493
0c048863
a5a5a537
0014b593
5a550913
00b485b3
00259513
00a40533
00040593
0125c633
00c5a023
00458593
fea59ae3
00207537
2b550513
ffffc097
df4080e7
00000513
00000993
409005b3
0024b613
00100a13
002074b7
23248493
0000f6b7
40c00633
e0168a93
00b66b33
10000bb7
00299593
00198993
00b405b3
0005a603
0125c6b3
00d61c63
00198993
013b0633
00458593
ff4614e3
0240006f
00048513
ffffc097
d8c080e7
015ba023
013b05b3
00100513
fa059ee3
00c0006f
00157513
02050063
00207537
27150513
01c0006f
00207537
2b550513
ffffc097
d54080e7
00207537
25450513
02c12083
02812403
02412483
02012903
01c12983
01812a03
01412a83
01012b03
00c12b83
03010113
ffffc317
d1c30067
00050793
fff00513
22d5e063
20d67e63
20078c63
20070a63
fc010113
02112e23
02812c23
02912a23
03212823
03312623
03412423
03512223
03612023
01712e23
01812c23
01912a23
01a12823
01b12623
00000593
00000f13
40c686b3
00100a93
01000813
000108b7
fff88893
00068313
00c12423
00d12223
0200006f
00412683
00d585b3
00d30333
00038f13
00812603
00400513
12a38c63
02df0e33
001f0393
002e5e93
02d38e33
002e5e13
41de0e33
110e6a63
00000d13
00000493
0025d413
00235f93
00ce8eb3
004f1913
408f8f33
01270fb3
00860433
000a8913
0140006f
000a0d13
000a8913
00098493
f90988e3
03c48a33
00148993
004a5a93
03c98a33
01da8bb3
004a5b13
01db0c33
01af0a33
00000c93
078bfa63
004a5d93
004d5293
001b9d13
01b40db3
01a78d33
001d9d93
000d5083
01b78d33
005402b3
00129293
00578db3
000d9283
002d8d93
01029513
41f2d693
401280b3
01055513
00d2c2b3
40dc86b3
01009093
005686b3
4100d293
41f2dc93
0192c2b3
41928cb3
01968cb3
00050093
fdad90e3
018bea63
00100a93
035cdab3
011afa63
0140006f
415b0ab3
035cdab3
011ae463
00088a93
008ada93
009f84b3
01548023
f35964e3
00090a93
f21ff06f
fff00513
0280006f
04070513
00074583
00759613
40b60633
035655b3
00b70023
00170713
fea714e3
00000513
03c12083
03812403
03412483
03012903
02c12983
02812a03
02412a83
02012b03
01c12b83
01812c03
01412c83
01012d03
00c12d83
04010113
00008067
0022f5b7
9f058593
02050863
00052603
02060463
00452603
02060063
00852603
00060c63
00c52583
00059663
0022f537
9f050513
00050593
0022f537
a0b52823
00008067
fe010113
00112e23
00812c23
00912a23
01212823
00000413
04050663
00058493
04058263
00050913
00000413
10007537
00100593
00b52223
00c10513
ffffd097
124080e7
02051063
00c12503
00140413
00855513
00a91023
00290913
fc849ee3
00048413
00040513
01c12083
01812403
01412483
01012903
02010113
00008067
00050693
fff00513
66058c63
66068a63
66060863
10000393
ffe00513
6675e263
fa010113
04112e23
04812c23
04912a23
05212823
05312623
05412423
05512223
05612023
03712e23
03812c23
03912a23
03a12823
03b12623
00000713
00000793
00000893
00000493
04a00813
00068293
00058413
0180006f
00000893
10078393
20028293
00170713
0675e263
00000e13
00078313
00038793
00971393
00d383b3
20038393
00028e93
000e9f03
002e8e93
41ff5f93
01ff4f33
41fe0e33
01ee0e33
fe7e94e3
00ae5393
fa7878e3
00188893
0028c393
00b44e33
01c3e3b3
00039463
f0030413
00078493
f95ff06f
54b40e63
54947c63
00060993
00b4e463
00058493
002f3937
7d090913
00068513
00040613
00048693
00090713
00000097
bf8080e7
00050663
ffd00513
5200006f
00000613
0022f537
a1052503
00452683
01054703
00052783
00100593
01000813
fff70893
011598b3
01f00293
00078313
01312a23
0280006f
41fe5e13
01c02eb3
007903b3
00160613
41d00eb3
01cefe33
05c3a023
04030313
07060463
00261393
00768e33
000e2e03
00661e93
00fe8eb3
040e8e93
00090f13
00030f93
000f4983
000f8a03
001f8f93
033a09b3
01c98e33
001f0f13
ffdf94e3
fa0702e3
f8577ee3
000e4863
011e0e33
00ee5e33
f91ff06f
41c88e33
00ee5e33
41c00e33
f81ff06f
00852603
00c52703
01154503
00100693
002f3f37
7d0f0f13
040f2803
044f2f83
048f2583
04cf2883
050f2e83
054f2983
058f2903
05cf2a03
060f2e03
064f2283
068f2303
06cf2383
fff50a93
02e12423
00072b03
00060b83
00160c03
00260c83
00360d03
00460d83
00560083
00660703
00760783
015696b3
00d12223
01012423
03780ab3
01f12823
038f8bb3
00b12623
03958c33
016a8b33
018b8bb3
00860683
00960803
00a60a83
00b60c03
00088593
03a88cb3
000e8f93
03be8d33
00098e93
00090993
02e90733
01412c23
02fa07b3
02612223
03530ab3
02712023
03838c33
01ac8d33
00f707b3
018a8db3
070f2703
074f2c03
078f2c83
07cf2883
021e8f33
01c12e23
02de06b3
017b0b33
01ed0f33
00d786b3
00c60783
00d60b83
00e60d03
00f60083
02f707b3
00fd87b3
01eb0f33
00028313
03028833
010686b3
037c0833
010787b3
00df06b3
03ac8833
010787b3
01412803
00480813
00f686b3
00088793
02188b33
01668b33
02050a63
01f00693
000f8393
00098e13
01012903
00058a13
04d56063
41fb5b13
00812f83
01412a83
00c12983
00078593
05c0006f
000f8393
00098e13
00812f83
01412a83
01012903
00c12983
00058a13
00078593
0380006f
00812f83
00c12983
00078593
000b4a63
00412683
00db0b33
00ab5b33
0140006f
00412683
416686b3
00a6d6b3
40d00b33
01412a83
01012a23
01682023
02812683
0046a683
01060783
01160803
01260b83
01360d03
01460d83
01560083
01660f03
01760883
02ff87b3
03090833
03798bb3
03aa0d33
03b38db3
03ee0f33
01812283
031288b3
00d786b3
01780833
01bd0d33
011f08b3
01860783
01960f03
01a60b83
01b60d83
021e80b3
01c12283
02f287b3
02412283
03728bb3
02012283
03b28db3
01bb8bb3
010686b3
001d0d33
00f887b3
01c60803
01d60883
01e60d83
01f60083
03070833
010b8833
01a686b3
00030b93
03e30f33
01e787b3
031c08b3
01180833
00f686b3
03bc87b3
00f807b3
00f686b3
02158d33
01a68d33
02050c63
01e00693
00a6f663
41fd5d13
0280006f
000d4a63
00412683
00dd0d33
00ad5d33
0140006f
00412683
41a686b3
00a6d6b3
40d00d33
01aaa423
02060683
02160783
02260803
02360883
02df86b3
02f907b3
03098833
031a08b3
02460f03
02560f83
02660903
02760983
03e38333
03fe83b3
032e0e33
01812283
03328eb3
02860f03
02960f83
02a60903
02b60983
01c12283
03e282b3
02812f03
008f2f03
03fb8fb3
02412a03
032a0933
02012a03
033a09b3
02c60a03
02d60b83
02e60d83
02f60603
03470733
037c0a33
03bc8bb3
01e686b3
010787b3
006888b3
01de0e33
01390933
00f686b3
007888b3
005e02b3
00e90733
011686b3
01f282b3
01470733
005686b3
01770733
00e686b3
02c58633
00c68633
00050c63
01e00693
01412703
00a6fa63
41f65613
0300006f
01412703
0280006f
00064a63
00412683
00d60633
00a65633
0140006f
00412683
40c68633
00a65533
40a00633
01ab26b3
00269513
00a70533
00052503
00caa623
00c55463
00200693
00000513
00daa023
008aa823
009aaa23
05c12083
05812403
05412483
05012903
04c12983
04812a03
04412a83
04012b03
03c12b83
03812c03
03412c83
03012d03
02c12d83
06010113
00008067
00200593
00a5ee63
00251513
0022f5b7
a0458593
00a58533
00052503
00008067
00207537
2f150513
00008067
fd010113
02112623
02812423
02912223
03212023
00207537
2f750513
0000c5b7
b8058493
00048593
ffffb097
34c080e7
00000413
10007537
00100593
00b52223
002dc937
0d090913
00810513
ffffd097
9e4080e7
02051c63
00812503
00140413
00855513
00a91023
00290913
fc941ee3
00207537
31750513
0000c5b7
b8058593
ffffb097
2f4080e7
0240006f
00207537
31750513
00040593
ffffb097
2dc080e7
0000c537
b8050513
08a41863
002dc537
0d050513
0000c5b7
b8058593
00810613
00000097
890080e7
00050a63
00050593
00207537
35050513
06c0006f
01812583
01c12603
00207537
36d50513
ffffb097
288080e7
00c12583
01012603
01412683
00207537
38a50513
ffffb097
26c080e7
00812503
00200593
02a5ee63
00050413
00251513
0022f5b7
a0458593
00a58533
00052583
02c0006f
00207537
33550513
00040593
ffffb097
230080e7
fff00513
0240006f
00050413
002075b7
2f158593
00207537
3aa50513
ffffb097
20c080e7
00040513
02c12083
02812403
02412483
02012903
03010113
00008067
04058a63
00000813
00000613
01f00693
00100713
fff00793
00181813
00d558b3
00d712b3
fff68693
0018f893
0108e833
00b838b3
fff88893
0058f2b3
00b8f8b3
00c2e633
41180833
fcf698e3
00060513
00008067
00000513
00008067
00000613
02058a63
01f00693
fff00713
00161613
00d557b3
0017f793
00c7e633
00b637b3
fff78793
00b7f7b3
fff68693
40f60633
fce69ee3
00060513
00008067
06058c63
00050613
00000293
00000513
41f65793
41f5d813
01f00693
00100713
00f648b3
40f887b3
0105c8b3
41088833
fff00893
00129293
00d7d333
00d713b3
fff68693
00137313
005362b3
0102b333
fff30313
007373b3
01037333
00a3e533
406282b3
fd1698e3
00c5c5b3
0005d463
40a00533
00008067
00000513
00008067
06058063
00050613
00000513
41f65693
41f5d793
00d64733
40d706b3
01f00713
00f5c5b3
40f585b3
fff00793
00151513
00e6d833
00187813
00a86533
00b53833
fff80813
00b87833
fff70713
41050533
fcf71ee3
00065463
40a00533
00008067
00000513
00008067
00200f04
0020121c
002011f4
00201418
00201418
00201418
00201418
00201418
00201418
002010c8
00201418
00201418
00201418
00201418
00201418
00201418
00201418
00201418
00201418
00200ff4
00201040
00201418
00201418
00201418
00201418
00201418
00201418
00201418
00201418
0020124c
00201294
00201380
002012e0
00201418
00201418
00201418
00201418
00201418
00201418
00200f68
00201418
00201418
00201418
00201418
00201418
00201418
00201418
00201418
00201418
002010a4
00201418
00201418
00201418
00201418
00201418
00201418
00201418
00201418
00201418
00201030
00201418
00201418
00201418
00201418
00201418
00201418
00201418
00201418
00201418
00201418
00201418
00201418
00201418
00201418
00201418
00201418
00201418
00201418
00201418
00201418
00201418
00201418
00201418
00201418
00201418
00201418
00201418
00201418
00201418
00201498
00200f20
494e4150
25203a43
64253a73
756f203a
666f2074
6d656d20
0a79726f
732f2e00
6b2f6372
656e7265
00632e6c
494e4150
25203a43
64253a73
6e75203a
67696c61
2064656e
64646176
78252072
4150000a
3a43494e
3a732520
203a6425
6c616e75
656e6769
61702064
20726464
000a7825
494e4150
25203a43
64253a73
6f6e203a
65726620
72702065
7365636f
6c732073
0a73746f
2d2d2d00
656b202d
6c656e72
70616d20
61747320
202e7472
2d2d2d2d
2d2d000a
4d202d2d
204f494d
2070616d
72617473
2d202e74
0a2d2d2d
2d2d2d00
4d4d202d
72204f49
6f696765
616d206e
74732070
2e747261
2d2d2d20
2d000a2d
202d2d2d
63204153
2065726f
72646461
20737365
2070616d
72617473
2d202e74
0a2d2d2d
2d2d2d00
4153202d
726f6320
61642065
61206174
65726464
6d207373
73207061
74726174
2d2d202e
000a2d2d
2d2d2d2d
20415320
65726f63
74616420
62772061
64646120
73736572
70616d20
61747320
202e7472
2d2d2d2d
2d2d000a
75202d2d
20726573
67616d69
616d2065
74732070
2e747261
2d2d2d20
2d000a2d
202d2d2d
72657375
61747320
6d206b63
73207061
74726174
2d2d202e
000a2d2d
61657263
705f6574
65636f72
455f7373
000a646e
636f7270
20737365
65206425
65746978
50000a64
43494e41
7325203a
3a64253a
656e7520
63657078
20646574
63737973
206c6c61
253d3361
000a0a78
494e4150
25203a43
64253a73
4350203a
73696d20
67696c61
2064656e
63706573
2078253d
61767473
78253d6c
74737320
73757461
0a78253d
4150000a
3a43494e
3a732520
203a6425
78656e75
74636570
74206465
20706172
75616373
253d6573
74732078
3d6c6176
73207825
3d637065
0a0a7825
6d656d00
20746573
464f203d
50000a46
4f5f4353
6f422053
5320746f
74726174
2e2e2e2e
2e2e2e2e
2d000a2e
6d202d2d
65736d65
6f642074
2d20656e
000a2d2d
74736554
72655620
6574203a
315f7473
302e352e
2b0a000a
2d2d2d2d
2d2d2d2d
2d2d2d2d
2d2d2d2d
2d2d2d2d
2d2d2d2d
2d2d2d2d
2d2d2d2d
2d2d2d2d
2d2d2d2d
2d2d2d2d
2d2d2d2d
0a2b2d2d
2020207c
20202020
20202020
20202020
20202020
43535020
20534f5f
20202020
20202020
20202020
20202020
20202020
7c202020
20207c0a
20202020
20202020
694d2020
616d696e
4952206c
562d4353
72654b20
206c656e
746f6f42
20202020
20202020
20202020
2d2b0a7c
2d2d2d2d
2d2d2d2d
2d2d2d2d
2d2d2d2d
2d2d2d2d
2d2d2d2d
2d2d2d2d
2d2d2d2d
2d2d2d2d
2d2d2d2d
2d2d2d2d
2d2d2d2d
7c0a2b2d
69754220
3a20646c
20732520
7c0a7325
55504320
3a202020
33565220
53282032
72657075
6f736976
6f6d2072
0a296564
4d4d207c
20202055
5653203a
7c0a3233
52415520
3a202054
49425320
6e6f6320
656c6f73
0a726f20
4155207c
20205452
4d4d203a
63204f49
6f736e6f
7c0a656c
444d4320
3a202020
6c656820
202c6f6c
6d697270
202c7365
706d7564
43207c0a
2020444d
73203a20
74735f61
0a747261
4d43207c
20202044
6473203a
6165725f
73202c64
72775f64
0a657469
4d43207c
20202044
696d203a
65725f63
202c6461
5f63696d
74697277
207c0a65
20444d43
203a2020
33746166
6e695f32
202c6f66
33746166
736c5f32
6166202c
5f323374
0a746163
4d43207c
20202044
6166203a
5f323374
63756f74
207c0a68
20444d43
203a2020
65657073
7c0a6863
444d4320
3a202020
63696d20
79506f72
6e6f6874
71207c0a
20746975
43203a20
412b6c74
202e4320
2b0a2e71
2d2d2d2d
2d2d2d2d
2d2d2d2d
2d2d2d2d
2d2d2d2d
2d2d2d2d
2d2d2d2d
2d2d2d2d
2d2d2d2d
2d2d2d2d
2d2d2d2d
2d2d2d2d
0a2b2d2d
67754100
20393120
36323032
3a323200
303a3035
2d2d0031
7263202d
65746165
6f72705f
73736563
2d20315f
000a2d2d
3a474244
69625f20
7972616e
6568735f
625f6c6c
735f6e69
74726174
2078253d
6e69625f
5f797261
6c656873
69625f6c
6e655f6e
78253d64
2d2d000a
7263202d
65746165
6f72705f
73736563
2d20325f
000a2d2d
202d2d2d
6c656979
2d2d2064
2d000a2d
79202d2d
646c6569
646e6520
2d2d2d20
4150000a
3a43494e
3a732520
203a6425
74697773
64656863
206f7420
656c6469
6f727020
73736563
203a000a
61737500
203a6567
20706d64
66666f5b
5f746573
5d786568
656c5b20
65685f6e
000a5d78
67617375
64203a65
20706d75
66666f5b
5f746573
5d786568
656c5b20
65685f6e
000a5d78
666e695b
6c205d6f
74206e65
62206f6f
28206769
2578303e
202c2958
6e756f72
6f642064
74206e77
7830206f
000a5825
33323130
37363534
62613938
66656463
20415300
61766e69
2064696c
7274616d
73207869
3a657a69
0a642520
6e795300
6e457061
656e6967
61747320
203a7472
25786425
53000a64
70616e79
69676e45
6420656e
2e656e6f
4153000a
20474e20
64253d69
253d6a20
61732064
2078253d
3d757063
000a7825
56204153
46495245
4b4f2059
4153000a
52455620
20594649
6520474e
253d7272
57000a64
45544952
49414620
6572204c
3d797274
000a6425
49524556
52205946
20444145
4f525245
56000a52
46495245
52452059
20524f52
74636573
253d726f
79622078
253d6574
57000a64
45544952
2078253d
44414552
0a78253d
41455200
41462044
72204c49
79727465
0a64253d
43524300
204b4f20
74657228
253d7972
000a2964
20435243
7220474e
79727465
2064253d
6c616328
78253d63
3d776820
0a297825
43524300
49414620
2044454c
6e696628
0a296c61
32313000
36353433
41393837
45444342
52570046
20455449
52415453
57000a54
45544952
444e4520
5257000a
20455449
4f525245
4d000a52
255b4349
253d5d64
4d000a78
53204349
4c504d41
4f432045
3d544e55
000a6425
25206425
57000a78
45544952
63657320
3d726f74
69207825
0a64253d
43494d00
49525720
45204554
524f5252
63657320
3d726f74
000a7825
5f697073
656c6469
4d495420
54554f45
4d49000a
4f422047
4c20544f
204f474f
72617473
000a2e74
2044434c
54584554
74754f20
20747570
72617473
000a2e74
2d435350
0a454e4f
43535000
0a534f2d
53495200
20562d43
32335652
0a505349
53595300
204d4554
44414552
5b000a59
5f6d656d
63656863
72205d6b
65676e61
20782520
7825202d
6d5b000a
635f6d65
6b636568
6172205d
6d6f646e
69727720
70206574
65736168
6d5b000a
635f6d65
6b636568
6172205d
6d6f646e
61657220
20262064
69726576
70207966
65736168
454d000a
5245204d
20524f52
72646461
2078253d
64616572
2078253d
3d707865
000a7825
6d656d5b
6568635f
205d6b63
28204b4f
32335652
61732049
0a296566
656d5b00
68635f6d
5d6b6365
21474e20
28202121
32335652
61662049
0a296c69
656d5b00
68635f6d
5d6b6365
71657320
746e6575
206c6169
74697277
68702065
0a657361
656d5b00
68635f6d
5d6b6365
71657320
746e6575
206c6169
64616572
76202620
66697265
68702079
0a657361
00505500
4e574f44
4b4e5500
4e574f4e
52524500
5300524f
43454550
45522048
44524f43
41545320
73205452
6c706d61
253d7365
53000a64
43454550
45522048
44524f43
444e4520
6d617320
73656c70
0a64253d
45505300
20484345
2043494d
4f525245
6f632052
3d746e75
000a6425
45455053
52204843
474f4345
4954494e
45204e4f
524f5252
0a64253d
494f5600
52204543
45474e41
61747320
253d7472
6e652064
64253d64
4353000a
2045524f
253d5055
4f442064
253d4e57
4e552064
574f4e4b
64253d4e
5053000a
48434545
53455220
3d544c55
000a7325
00205598
00205424
00205424
00205424
00205424
00205424
00205424
00205424
00205424
002051c8
002051a4
00205424
00205424
0020544c
00205424
00205424
00205424
00205424
00205424
00205424
00205424
00205424
00205424
00205424
00205424
00205424
00205424
00205424
00205424
00205424
00205424
00205424
00205424
00205424
00205424
00205424
00205424
002051f4
00000000
00000000
00000000
00000000
00000000
00000000
00000000
00000000
00000000
00000000
00000000
00000000
00000000
00000000
00000000
00000000
00000000
00000000
00000000
00000000
00000000
00000000
00000000
00000000
00000000
00000000
00000000
00000000
00000000
00000000
00000000
00000000
00000000
00000000
00000000
00000000
00000000
00000000
00000000
00000000
00000000
00000000
00000000
00000000
00000000
00000000
00000000
00000000
00000000
00000000
00000000
00000000
00000000
00000000
00000000
00000000
00000000
00000000
00000000
00000000
00000000
00000000
00000000
00000000
00000000
00000000
00000000
00000000
00000000
00000000
00000000
00000000
00000000
00000000
00000000
00000000
00000000
00000000
00000000
00000000
00000000
00000000
00000000
00000000
00000000
00000000
00000000
00000000
00000000
00000000
00000000
00000000
00000000
00000000
00000000
00000000
00000000
00000000
00000000
00000000
00000000
00000000
00000000
00000000
00000000
00000000
00000000
00000000
00000000
00000000
00000000
00000000
00000000
00000000
00000000
00000000
00000000
00000000
00000000
00000000
00000000
00000000
00000000
00000000
00000000
00000000
00000000
00000000
00000000
00000000
00000000
00000000
00000000
00000000
00000000
00000000
00000000
00000000
00000000
00000000
00000000
00000000
00000000
00000000
00000000
00000000
00000000
00000000
00000000
00000000
00000000
00000000
00000000
00000000
00000000
00000000
00000000
00000000
00000000
00000000
00000000
00000000
00000000
00000000
00000000
00000000
00000000
00000000
00000000
00000000
00000000
00000000
00000000
00000000
00000000
00000000
00000000
00000000
00000000
00000000
00000000
00000000
00000000
00000000
00000000
00000000
00000000
00000000
00000000
00000000
00000000
00000000
00000000
00000000
00000000
00000000
00000000
00000000
00000000
00000000
00000000
00000000
00000000
00000000
00000000
00000000
00000000
00000000
00000000
00000000
00000000
00000000
00000000
00000000
00000000
00000000
00000000
00000000
00000000
00000000
00000000
00000000
00000000
00000000
00000000
00000000
00000000
00000000
00000000
00000000
00000000
00000000
00000000
00000000
00000000
00000000
00000000
00000000
00000000
00000000
00000000
00000000
00000000
00000000
00000000
00000000
00000000
00000000
00000000
00000000
00000000
00000000
00000000
00000000
00000000
00000000
00000000
00000000
00000000
00000000
00000000
00000000
00000000
00000000
00000000
00000000
00000000
00000000
00000000
00000000
00000000
00000000
00000000
00000000
00000000
00000000
00000000
00000000
00000000
00000000
00000000
00000000
00000000
00000000
00000000
00000000
00000000
00000000
00000000
00000000
00000000
00000000
00000000
00000000
00000000
00000000
00000000
00000000
00000000
00000000
00000000
00000000
00000000
00000000
00000000
00000000
00000000
00000000
00000000
00000000
00000000
00000000
00000000
00000000
00000000
00000000
00000000
00000000
00000000
00000000
00000000
00000000
00000000
00000000
00000000
00000000
00000000
00000000
00000000
00000000
00000000
00000000
00000000
00000000
00000000
00000000
00000000
00000000
00000000
00000000
00000000
00000000
00000000
00000000
00000000
00000000
00000000
00000000
00000000
00000000
00000000
00000000
00000000
00000000
00000000
00000000
00000000
00000000
00000000
00000000
00000000
00000000
00000000
00000000
00000000
00000000
00000000
00000000
00000000
00000000
00000000
00000000
00000000
00000000
00000000
00000000
00000000
00000000
00000000
00000000
00000000
00000000
00000000
00000000
00000000
00000000
00000000
00000000
00000000
00000000
00000000
00000000
00000000
00000000
00000000
00000000
00000000
00000000
00000000
00000000
00000000
00000000
00000000
00000000
00000000
00000000
00000000
00000000
00000000
00000000
00000000
00000000
00000000
00000000
00000000
00000000
00000000
00000000
00000000
00000000
00000000
00000000
00000000
00000000
00000000
00000000
00000000
00000000
00000000
00000000
00000000
00000000
00000000
00000000
00000000
00000000
00000000
00000000
00000000
00000000
00000000
00000000
00000000
00000000
00000000
00000000
00000000
00000000
00000000
00000000
00000000
00000000
00000000
00000000
00000000
00000000
00000000
00000000
00000000
00000000
00000000
00000000
00000000
00000000
00000000
00000000
00000000
00000000
00000000
00000000
00000000
00000000
00000000
00000000
00000000
00000000
00000000
00000000
00000000
00000000
00000000
00000000
00000000
00000000
00000000
00000000
00000000
00000000
00000000
00000000
00000000
00000000
00000000
00000000
00000000
00000000
00000000
00000000
00000000
00000000
00000000
00000000
00000000
00000000
00000000
00000000
00000000
00000000
00000000
00000000
00000000
00000000
00000000
00000000
00000000
00000000
00000000
00000000
00000000
00000000
00000000
00000000
00000000
00000000
00000000
00000000
00000000
00000000
00000000
00000000
00000000
00000000
00000000
00000000
00000000
00000000
00000000
00000000
00000000
00000000
00000000
00000000
00000000
00000000
00000000
00000000
00000000
00000000
00000000
00000000
00000000
00000000
00000000
00000000
00000000
00000000
00000000
00000000
00000000
00000000
00000000
00000000
00000000
00000000
00000000
00000000
00000000
00000000
00000000
00000000
00000000
00000000
00000000
00000000
00000000
00000000
00000000
00000000
00000000
00000000
00000000
00000000
00000000
00000000
00000000
00000000
00000000
00000000
00000000
00000000
00000000
00000000
00000000
00000000
00000000
00000000
00000000
00000000
00000000
00000000
00000000
00000000
00000000
00000000
00000000
00000000
00000000
00000000
00000000
00000000
00000000
00000000
00000000
00000000
00000000
00000000
00000000
00000000
00000000
00000000
00000000
00000000
00000000
00000000
00000000
00000000
00000000
00000000
00000000
00000000
00000000
00000000
00000000
00000000
00000000
00000000
00000000
00000000
00000000
00000000
00000000
00000000
00000000
00000000
00000000
00000000
00000000
00000000
00000000
00000000
00000000
00000000
00000000
00000000
00000000
00000000
00000000
00000000
00000000
00000000
00000000
00000000
00000000
00000000
00000000
00000000
00000000
00000000
00000000
00000000
00000000
00000000
00000000
00000000
00000000
00000000
00000000
00000000
00000000
00000000
00000000
00000000
00000000
00000000
00000000
00000000
00000000
00000000
00000000
00000000
00000000
00000000
00000000
00000000
00000000
00000000
00000000
00000000
00000000
00000000
00000000
00000000
00000000
00000000
00000000
00000000
00000000
00000000
00000000
00000000
00000000
00000000
00000000
00000000
00000000
00000000
00000000
00000000
00000000
00000000
00000000
00000000
00000000
00000000
00000000
00000000
00000000
00000000
00000000
00000000
00000000
00000000
00000000
00000000
00000000
00000000
00000000
00000000
00000000
00000000
00000000
00000000
00000000
00000000
00000000
00000000
00000000
00000000
00000000
00000000
00000000
00000000
00000000
00000000
00000000
00000000
00000000
00000000
00000000
00000000
00000000
00000000
00000000
00000000
00000000
00000000
00000000
00000000
00000000
00000000
00000000
00000000
00000000
00000000
00000000
00000000
00000000
00000000
00000000
00000000
00000000
00000000
00000000
00000000
00000000
00000000
00000000
00000000
00000000
00000000
00000000
00000000
00000000
00000000
00000000
00000000
00000000
00000000
00000000
00000000
00000000
00000000
00000000
00000000
00000000
00000000
00000000
00000000
00000000
00000000
00000000
00000000
00000000
00000000
00000000
00000000
00000000
00000000
00000000
00000000
00000000
00000000
00000000
00000000
00000000
00000000
00000000
00000000
00000000
00000000
00000000
00000000
00000000
00000000
00000000
00000000
00000000
00000000
00000000
00000000
00000000
00000000
00000000
00000000
00000000
00000000
00000000
00000000
00000000
00000000
00000000
00000000
00000000
00000000
00000000
00000000
00000000
00000000
00000000
00000000
00000000
00000000
00000000
00000000
00000000
00000000
00000000
00000000
00000000
00000000
00000000
00000000
00000000
00000000
00000000
00000000
00000000
00000000
00000000
00000000
00000000
00000000
00000000
00000000
00000000
00000000
00000000
00000000
00000000
00000000
00000000
00000000
00000000
00000000
00000000
00000000
00000000
00000000
00000000
00000000
00000000
00000000
00000000
00000000
00000000
00000000
00000000
00000000
00000000
00000000
00000000
00000000
00000000
00000000
00000000
00000000
00000000
00000000
00000000
00000000
00000000
00000000
00000000
00000000
00000000
00000000
00000000
00000000
00000000
00000000
00000000
00000000
00000000
00000000
00000000
00000000
00000000
00000000
00000000
00000000
00000000
00000000
00000000
00000000
00000000
00000000
00000000
00000000
00000000
00000000
00000000
00000000
00000000
00000000
00000000
00000000
00000000
00000000
00000000
00000000
00000000
00000000
00000000
00000000
00000000
00000000
00000000
00000000
00000000
00000000
00000000
00000000
00000000
00000000
00000000
00000000
00000000
00000000
00000000
00000000
00000000
00000000
00000000
00000000
00000000
00000000
00000000
00000000
00000000
00000000
00000000
00000000
00000000
00000000
00000000
00000000
00000000
00000000
00000000
00000000
00000000
00000000
00000000
00000000
00000000
00000000
00000000
00000000
00000000
00000000
00000000
00000000
00000000
00000000
00000000
00000000
00000000
00000000
00000000
00000000
00000000
00000000
00000000
00000000
00000000
00000000
00000000
00000000
00000000
00000000
00000000
00000000
00000000
00000000
00000000
00000000
00000000
00000000
00000000
00000000
00000000
00000000
00000000
00000000
00000000
00000000
00000000
00000000
00000000
00000000
00000000
00000000
00000000
00000000
00000000
00000000
00000000
00000000
00000000
00000000
00000000
00000000
00000000
00000000
00000000
00000000
00000000
00000000
00000000
00000000
00000000
00000000
00000000
00000000
00000000
00000000
00000000
00000000
00000000
00000000
00000000
00000000
00000000
00000000
00000000
00000000
00000000
00000000
00000000
00000000
00000000
00000000
00000000
00000000
00000000
00000000
00000000
00000000
00000000
00000000
00000000
00000000
00000000
00000000
00000000
00000000
00000000
00000000
00000000
00000000
00000000
00000000
00000000
00000000
00000000
00000000
00000000
00000000
00000000
00000000
00000000
00000000
00000000
00000000
00000000
00000000
00000000
00000000
00000000
00000000
00000000
00000000
00000000
00000000
00000000
00000000
00000000
00000000
00000000
00000000
00000000
00000000
00000000
00000000
00000000
00000000
00000000
00000000
00000000
00000000
00000000
00000000
00000000
00000000
00000000
00000000
00000000
00000000
00000000
00000000
00000000
00000000
00000000
00000000
00000000
00000000
00000000
00000000
00000000
00000000
00000000
00000000
00000000
00000000
00000000
00000000
00000000
00000000
00000000
00000000
00000000
00000000
00000000
00000000
00000000
00000000
00000000
00000000
00000000
00000000
00000000
00000000
00000000
00000000
00000000
00000000
00000000
00000000
00000000
00000000
00000000
00000000
00000000
00000000
00000000
00000000
00000000
00000000
00000000
00000000
00000000
00000000
00000000
00000000
00000000
00000000
00000000
00000000
00000000
00000000
00000000
00000000
00000000
00000000
00000000
00000000
00000000
00000000
00000000
00000000
00000000
00000000
00000000
00000000
00000000
00000000
00000000
00000000
00000000
00000000
00000000
00000000
00000000
00000000
00000000
00000000
00000000
00000000
00000000
00000000
00000000
00000000
00000000
00000000
00000000
00000000
00000000
00000000
00000000
00000000
00000000
00000000
00000000
00000000
00000000
00000000
00000000
00000000
00000000
00000000
00000000
00000000
00000000
00000000
00000000
00000000
00000000
00000000
00000000
00000000
00000000
00000000
00000000
00000000
00000000
00000000
00000000
00000000
00000000
00000000
00000000
00000000
00000000
00000000
00000000
00000000
00000000
00000000
00000000
00000000
00000000
00000000
00000000
00000000
00000000
00000000
00000000
00000000
00000000
00000000
00000000
00000000
00000000
00000000
00000000
00000000
00000000
00000000
00000000
00000000
00000000
00000000
00000000
00000000
00000000
00000000
00000000
00000000
07070700
07070707
07070707
07070707
07070707
07070707
07070707
07070707
07070707
07070707
07070707
00000707
00000000
00000000
00000000
00000000
00000000
07070700
07070707
07070707
07070707
07070707
07070707
07070707
07070707
07070707
07070707
00000000
00000000
00000000
00000000
00000000
00000000
07070700
07070707
07070707
07070707
07070707
07070707
07070707
07070707
07070707
07070707
00000000
00000000
00000000
00000000
00000000
00000000
00000000
00000000
00000000
00000000
00000000
00000000
00000000
00000000
00000000
00000000
00000000
06060600
06060606
06060606
06060606
06060606
06060606
06060606
06060606
06060606
06060606
00000000
00000000
00000000
00000000
07070000
07070707
07070707
00070707
00000000
00000000
00000000
00000000
00000000
00000000
00000000
07070707
07070707
07070707
00000007
00000000
07000000
07070707
07070707
07070707
07070707
07070707
07070707
07070707
07070707
07070707
07070707
07070707
07070707
00000707
00000000
00000000
00000000
00000000
00000000
00000000
00000000
00000000
00000000
00000000
00000000
00000000
00000000
00000000
00000000
00000000
07070700
07070707
07070707
07070707
07070707
07070707
07070707
07070707
07070707
07070707
07070707
00000707
00000000
00000000
00000000
00000000
00000000
07070700
07070707
07070707
07070707
07070707
07070707
07070707
07070707
07070707
07070707
00000000
00000000
00000000
00000000
00000000
00000000
07070700
07070707
07070707
07070707
07070707
07070707
07070707
07070707
07070707
07070707
00000000
00000000
00000000
00000000
00000000
00000000
00000000
00000000
00000000
00000000
00000000
00000000
00000000
00000000
00000000
00000000
00000000
06060600
06060606
06060606
06060606
06060606
06060606
06060606
06060606
06060606
06060606
00000000
00000000
00000000
00000000
07070000
07070707
07070707
00070707
00000000
00000000
00000000
00000000
00000000
00000000
00000000
07070707
07070707
07070707
00000007
00000000
07000000
07070707
07070707
07070707
07070707
07070707
07070707
07070707
07070707
07070707
07070707
07070707
07070707
00000707
00000000
00000000
00000000
00000000
00000000
00000000
00000000
00000000
00000000
00000000
00000000
00000000
00000000
00000000
00000000
00000000
07070700
07070707
07070707
07070707
07070707
07070707
07070707
07070707
07070707
07070707
07070707
00000707
00000000
00000000
00000000
00000000
00000000
07070700
07070707
07070707
07070707
07070707
07070707
07070707
07070707
07070707
07070707
00000000
00000000
00000000
00000000
00000000
00000000
07070700
07070707
07070707
07070707
07070707
07070707
07070707
07070707
07070707
07070707
00000000
00000000
00000000
00000000
00000000
00000000
00000000
00000000
00000000
00000000
00000000
00000000
00000000
00000000
00000000
00000000
00000000
06060600
06060606
06060606
06060606
06060606
06060606
06060606
06060606
06060606
06060606
00000000
00000000
00000000
00000000
07070000
07070707
07070707
00070707
00000000
00000000
00000000
00000000
00000000
00000000
00000000
07070707
07070707
07070707
00000007
00000000
07000000
07070707
07070707
07070707
07070707
07070707
07070707
07070707
07070707
07070707
07070707
07070707
07070707
00000707
00000000
00000000
00000000
00000000
00000000
00000000
00000000
00000000
00000000
00000000
00000000
00000000
00000000
00000000
00000000
00000000
07070700
07070707
07070707
07070707
07070707
07070707
07070707
07070707
07070707
07070707
07070707
00000707
00000000
00000000
00000000
00000000
00000000
07070700
07070707
07070707
07070707
07070707
07070707
07070707
07070707
07070707
07070707
00000000
00000000
00000000
00000000
00000000
00000000
07070700
07070707
07070707
07070707
07070707
07070707
07070707
07070707
07070707
07070707
00000000
00000000
00000000
00000000
00000000
00000000
00000000
00000000
00000000
00000000
00000000
00000000
00000000
00000000
00000000
00000000
00000000
06060600
06060606
06060606
06060606
06060606
06060606
06060606
06060606
06060606
06060606
00000000
00000000
00000000
00000000
07070000
07070707
07070707
00070707
00000000
00000000
00000000
00000000
00000000
00000000
00000000
07070707
07070707
07070707
00000007
00000000
07000000
07070707
07070707
07070707
07070707
07070707
07070707
07070707
07070707
07070707
07070707
07070707
07070707
00000707
00000000
00000000
00000000
00000000
00000000
00000000
00000000
00000000
00000000
00000000
00000000
00000000
00000000
00000000
00000000
00000000
07070700
07070707
07070707
07070707
07070707
07070707
07070707
07070707
07070707
07070707
07070707
00000707
00000000
00000000
00000000
00000000
00000000
07070700
07070707
07070707
07070707
07070707
07070707
07070707
07070707
07070707
07070707
00000000
00000000
00000000
00000000
00000000
00000000
07070700
07070707
07070707
07070707
07070707
07070707
07070707
07070707
07070707
07070707
00000000
00000000
00000000
00000000
00000000
00000000
00000000
00000000
00000000
00000000
00000000
00000000
00000000
00000000
00000000
00000000
00000000
06060600
06060606
06060606
06060606
06060606
06060606
06060606
06060606
06060606
06060606
00000000
00000000
00000000
00000000
07070000
07070707
07070707
00070707
00000000
00000000
00000000
00000000
00000000
00000000
00000000
07070707
07070707
07070707
00000007
00000000
07000000
07070707
07070707
07070707
07070707
07070707
07070707
07070707
07070707
07070707
07070707
07070707
07070707
00000707
00000000
00000000
00000000
00000000
00000000
00000000
00000000
00000000
00000000
00000000
00000000
00000000
00000000
00000000
00000000
00000000
07070700
07070707
07070707
07070707
07070707
07070707
07070707
07070707
07070707
07070707
07070707
00000707
00000000
00000000
00000000
00000000
00000000
07070700
07070707
07070707
07070707
07070707
07070707
07070707
07070707
07070707
07070707
00000000
00000000
00000000
00000000
00000000
00000000
07070700
07070707
07070707
07070707
07070707
07070707
07070707
07070707
07070707
07070707
00000000
00000000
00000000
00000000
00000000
00000000
00000000
00000000
00000000
00000000
00000000
00000000
00000000
00000000
00000000
00000000
00000000
06060600
06060606
06060606
06060606
06060606
06060606
06060606
06060606
06060606
06060606
00000000
00000000
00000000
00000000
07070000
07070707
07070707
00070707
00000000
00000000
00000000
00000000
00000000
00000000
00000000
07070707
07070707
07070707
00000007
00000000
07000000
07070707
07070707
07070707
07070707
07070707
07070707
07070707
07070707
07070707
07070707
07070707
07070707
00000707
00000000
00000000
00000000
00000000
00000000
00000000
00000000
00000000
00000000
00000000
00000000
00000000
00000000
00000000
00000000
00000000
07070700
07070707
07070707
07070707
07070707
07070707
07070707
07070707
07070707
07070707
07070707
00000707
00000000
00000000
00000000
00000000
00000000
07070700
07070707
07070707
07070707
07070707
07070707
07070707
07070707
07070707
07070707
00000000
00000000
00000000
00000000
00000000
00000000
07070700
07070707
07070707
07070707
07070707
07070707
07070707
07070707
07070707
07070707
00000000
00000000
00000000
00000000
00000000
00000000
00000000
00000000
00000000
00000000
00000000
00000000
00000000
00000000
00000000
00000000
00000000
06060600
06060606
06060606
06060606
06060606
06060606
06060606
06060606
06060606
06060606
00000000
00000000
00000000
00000000
07070000
07070707
07070707
00070707
00000000
00000000
00000000
00000000
00000000
00000000
00000000
07070707
07070707
07070707
00000007
00000000
07000000
07070707
07070707
07070707
07070707
07070707
07070707
07070707
07070707
07070707
07070707
07070707
07070707
00000707
00000000
00000000
00000000
00000000
00000000
00000000
00000000
00000000
00000000
00000000
00000000
00000000
00000000
00000000
00000000
00000000
07070700
07070707
07070707
07070707
07070707
07070707
07070707
07070707
07070707
07070707
07070707
00000707
00000000
00000000
00000000
00000000
00000000
07070700
07070707
07070707
07070707
07070707
07070707
07070707
07070707
07070707
07070707
00000000
00000000
00000000
00000000
00000000
00000000
07070700
07070707
07070707
07070707
07070707
07070707
07070707
07070707
07070707
07070707
00000000
00000000
00000000
00000000
00000000
00000000
00000000
00000000
00000000
00000000
00000000
00000000
00000000
00000000
00000000
00000000
00000000
06060600
06060606
06060606
06060606
06060606
06060606
06060606
06060606
06060606
06060606
00000000
00000000
00000000
00000000
07070000
07070707
07070707
00070707
00000000
00000000
00000000
00000000
00000000
00000000
00000000
07070707
07070707
07070707
00000007
00000000
07000000
07070707
07070707
07070707
07070707
07070707
07070707
07070707
07070707
07070707
07070707
07070707
07070707
00000707
00000000
00000000
00000000
00000000
00000000
00000000
00000000
00000000
00000000
00000000
00000000
00000000
00000000
00000000
00000000
00000000
07070700
07070707
07070707
07070707
07070707
07070707
07070707
07070707
07070707
07070707
07070707
00000707
00000000
00000000
00000000
00000000
00000000
07070700
07070707
07070707
07070707
07070707
07070707
07070707
07070707
07070707
07070707
00000007
00000000
00000000
00000000
00000000
00000000
07070700
07070707
07070707
07070707
07070707
07070707
07070707
07070707
07070707
07070707
00000000
00000000
00000000
00000000
00000000
00000000
00000000
00000000
00000000
00000000
00000000
00000000
00000000
00000000
00000000
00000000
00000000
06060600
06060606
06060606
06060606
06060606
06060606
06060606
06060606
06060606
06060606
00000000
00000000
00000000
00000000
07070000
07070707
07070707
00070707
00000000
00000000
00000000
00000000
00000000
00000000
00000000
07070707
07070707
07070707
00000007
00000000
07000000
07070707
07070707
07070707
07070707
07070707
07070707
07070707
07070707
07070707
07070707
07070707
07070707
00000707
00000000
00000000
00000000
00000000
00000000
00000000
00000000
00000000
00000000
00000000
00000000
00000000
00000000
00000000
00000000
00000000
07070700
07070707
07070707
07070707
07070707
07070707
07070707
07070707
07070707
07070707
07070707
07070707
07070707
00000007
00000000
07000000
07070707
07070707
07070707
07070707
07070707
07070707
07070707
07070707
07070707
07070707
07070707
07070707
00070707
00000000
00000000
07070000
07070707
07070707
07070707
07070707
07070707
07070707
07070707
07070707
07070707
07070707
07070707
07070707
00070707
00000000
00000000
00000000
00000000
00000000
00000000
00000000
00000000
00000000
00000000
00000000
00000000
00000000
06060000
06060606
06060606
06060606
06060606
06060606
06060606
06060606
06060606
06060606
06060606
06060606
06060606
00060606
00000000
00000000
07070000
07070707
07070707
00070707
00000000
00000000
00000000
00000000
00000000
00000000
00000000
07070707
07070707
07070707
00000007
00000000
07000000
07070707
07070707
07070707
07070707
07070707
07070707
07070707
07070707
07070707
07070707
07070707
07070707
00000707
00000000
00000000
00000000
00000000
00000000
00000000
00000000
00000000
00000000
00000000
00000000
00000000
00000000
00000000
00000000
00000000
07070700
07070707
07070707
00000707
00000000
00000000
00000000
00000000
00000000
00000000
07070707
07070707
07070707
00000007
00000000
07000000
07070707
07070707
07070707
00000000
00000000
00000000
00000000
00000000
00000000
07070000
07070707
07070707
00070707
00000000
00000000
07070000
07070707
07070707
07070707
00000000
00000000
00000000
00000000
00000000
00000000
07070700
07070707
07070707
00070707
00000000
00000000
00000000
00000000
00000000
00000000
00000000
00000000
00000000
00000000
00000000
00000000
00000000
06060000
06060606
06060606
00060606
00000000
00000000
00000000
00000000
00000000
00000000
06060600
06060606
06060606
00060606
00000000
00000000
07070000
07070707
07070707
00070707
00000000
00000000
00000000
00000000
00000000
00000000
00000000
07070707
07070707
07070707
00000007
00000000
07000000
07070707
07070707
07070707
00000000
00000000
00000000
00000000
00000000
00000000
00000000
00000000
00000000
00000000
00000000
00000000
00000000
00000000
00000000
00000000
00000000
00000000
00000000
00000000
00000000
00000000
00000000
00000000
00000000
00000000
07070700
07070707
07070707
00000707
00000000
00000000
00000000
00000000
00000000
00000000
07070707
07070707
07070707
00000007
00000000
07000000
07070707
07070707
07070707
00000000
00000000
00000000
00000000
00000000
00000000
07070000
07070707
07070707
00070707
00000000
00000000
07070000
07070707
07070707
07070707
00000000
00000000
00000000
00000000
00000000
00000000
07070700
07070707
07070707
00070707
00000000
00000000
00000000
00000000
00000000
00000000
00000000
00000000
00000000
00000000
00000000
00000000
00000000
06060000
06060606
06060606
00060606
00000000
00000000
00000000
00000000
00000000
00000000
06060600
06060606
06060606
00060606
00000000
00000000
07070000
07070707
07070707
00070707
00000000
00000000
00000000
00000000
00000000
00000000
00000000
07070707
07070707
07070707
00000007
00000000
07000000
07070707
07070707
07070707
00000000
00000000
00000000
00000000
00000000
00000000
00000000
00000000
00000000
00000000
00000000
00000000
00000000
00000000
00000000
00000000
00000000
00000000
00000000
00000000
00000000
00000000
00000000
00000000
00000000
00000000
07070700
07070707
07070707
00000707
00000000
00000000
00000000
00000000
00000000
00000000
07070707
07070707
07070707
00000007
00000000
07000000
07070707
07070707
07070707
00000000
00000000
00000000
00000000
00000000
00000000
07070000
07070707
07070707
00070707
00000000
00000000
07070000
07070707
07070707
07070707
00000000
00000000
00000000
00000000
00000000
00000000
07070700
07070707
07070707
00070707
00000000
00000000
00000000
00000000
00000000
00000000
00000000
00000000
00000000
00000000
00000000
00000000
00000000
06060000
06060606
06060606
00060606
00000000
00000000
00000000
00000000
00000000
00000000
06060600
06060606
06060606
00060606
00000000
00000000
07070000
07070707
07070707
00070707
00000000
00000000
00000000
00000000
00000000
00000000
00000000
07070707
07070707
07070707
00000007
00000000
07000000
07070707
07070707
07070707
00000000
00000000
00000000
00000000
00000000
00000000
00000000
00000000
00000000
00000000
00000000
00000000
00000000
00000000
00000000
00000000
00000000
00000000
00000000
00000000
00000000
00000000
00000000
00000000
00000000
00000000
07070700
07070707
07070707
00000707
00000000
00000000
00000000
00000000
00000000
00000000
07070707
07070707
07070707
00000007
00000000
07000000
07070707
07070707
07070707
00000000
00000000
00000000
00000000
00000000
00000000
07070000
07070707
07070707
00070707
00000000
00000000
07070000
07070707
07070707
00070707
00000000
00000000
00000000
00000000
00000000
00000000
07070700
07070707
07070707
00070707
00000000
00000000
00000000
00000000
00000000
00000000
00000000
00000000
00000000
00000000
00000000
00000000
00000000
06060000
06060606
06060606
00060606
00000000
00000000
00000000
00000000
00000000
00000000
06060600
06060606
06060606
00060606
00000000
00000000
07070000
07070707
07070707
07070707
07070707
00000707
00000000
00000000
00000000
00000000
00000000
07070707
07070707
07070707
00000007
00000000
07000000
07070707
07070707
07070707
00000000
00000000
00000000
00000000
00000000
00000000
00000000
00000000
00000000
00000000
00000000
00000000
00000000
00000000
00000000
00000000
00000000
00000000
00000000
00000000
00000000
00000000
00000000
00000000
00000000
00000000
07070700
07070707
07070707
00000707
00000000
00000000
00000000
00000000
00000000
00000000
07070707
07070707
07070707
00000007
00000000
07000000
07070707
07070707
07070707
00000000
00000000
00000000
00000000
00000000
00000000
07070000
07070707
07070707
00070707
00000000
00000000
07070000
07070707
07070707
00070707
00000000
00000000
00000000
00000000
00000000
00000000
07070700
07070707
07070707
00070707
00000000
00000000
00000000
00000000
00000000
00000000
00000000
00000000
00000000
00000000
00000000
00000000
00000000
06060000
06060606
06060606
00060606
00000000
00000000
00000000
00000000
00000000
00000000
06060600
06060606
06060606
00060606
00000000
00000000
07070000
07070707
07070707
07070707
07070707
00000707
00000000
00000000
00000000
00000000
00000000
07070707
07070707
07070707
00000007
00000000
07000000
07070707
07070707
07070707
00000000
00000000
00000000
00000000
00000000
00000000
00000000
00000000
00000000
00000000
00000000
00000000
00000000
00000000
00000000
00000000
00000000
00000000
00000000
00000000
00000000
00000000
00000000
00000000
00000000
00000000
07070700
07070707
07070707
00000707
00000000
00000000
00000000
00000000
00000000
00000000
07070707
07070707
07070707
00000007
00000000
07000000
07070707
07070707
07070707
00000000
00000000
00000000
00000000
00000000
00000000
07070000
07070707
07070707
00070707
00000000
00000000
07070000
07070707
07070707
00070707
00000000
00000000
00000000
00000000
00000000
00000000
07070700
07070707
07070707
00070707
00000000
00000000
00000000
00000000
00000000
00000000
00000000
00000000
00000000
00000000
00000000
00000000
00000000
06060000
06060606
06060606
00060606
00000000
00000000
00000000
00000000
00000000
00000000
06060600
06060606
06060606
00060606
00000000
00000000
07070000
07070707
07070707
07070707
07070707
00000707
00000000
00000000
00000000
00000000
00000000
07070707
07070707
07070707
00000007
00000000
07000000
07070707
07070707
07070707
00000000
00000000
00000000
00000000
00000000
00000000
00000000
00000000
00000000
00000000
00000000
00000000
00000000
00000000
00000000
00000000
00000000
00000000
00000000
00000000
00000000
00000000
00000000
00000000
00000000
00000000
07070700
07070707
07070707
00000707
00000000
00000000
00000000
00000000
00000000
00000000
07070707
07070707
07070707
00000007
00000000
07000000
07070707
07070707
07070707
00000000
00000000
00000000
00000000
00000000
00000000
07070000
07070707
07070707
00070707
00000000
00000000
07070000
07070707
07070707
00070707
00000000
00000000
00000000
00000000
00000000
00000000
07070000
07070707
07070707
00070707
00000000
00000000
00000000
00000000
00000000
00000000
00000000
00000000
00000000
00000000
00000000
00000000
00000000
06060000
06060606
06060606
00060606
00000000
00000000
00000000
00000000
00000000
00000000
06060600
06060606
06060606
00060606
00000000
00000000
07070000
07070707
07070707
07070707
07070707
00000707
00000000
00000000
00000000
00000000
00000000
07070707
07070707
07070707
00000007
00000000
07000000
07070707
07070707
07070707
00000000
00000000
00000000
00000000
00000000
00000000
00000000
00000000
00000000
00000000
00000000
00000000
00000000
00000000
00000000
00000000
00000000
00000000
00000000
00000000
00000000
00000000
00000000
00000000
00000000
00000000
07070700
07070707
07070707
00000707
00000000
00000000
00000000
00000000
00000000
00000000
07070707
07070707
07070707
00000007
00000000
07000000
07070707
07070707
07070707
00000000
00000000
00000000
00000000
00000000
00000000
07070000
07070707
07070707
00070707
00000000
00000000
07070000
07070707
07070707
00070707
00000000
00000000
00000000
00000000
00000000
00000000
07070000
07070707
07070707
00070707
00000000
00000000
00000000
00000000
00000000
00000000
00000000
00000000
00000000
00000000
00000000
00000000
00000000
06060000
06060606
06060606
00060606
00000000
00000000
00000000
00000000
00000000
00000000
06060600
06060606
06060606
00060606
00000000
00000000
07070000
07070707
07070707
07070707
07070707
00000707
00000000
00000000
00000000
00000000
00000000
07070707
07070707
07070707
00000007
00000000
07000000
07070707
07070707
07070707
00000000
00000000
00000000
00000000
00000000
00000000
00000000
00000000
00000000
00000000
00000000
00000000
00000000
00000000
00000000
00000000
00000000
00000000
00000000
00000000
00000000
00000000
00000000
00000000
00000000
00000000
07070700
07070707
07070707
00000707
00000000
00000000
00000000
00000000
00000000
00000000
07070707
07070707
07070707
00000007
00000000
07000000
07070707
07070707
07070707
00000000
00000000
00000000
00000000
00000000
00000000
07070000
07070707
07070707
00070707
00000000
00000000
07070000
07070707
07070707
00070707
00000000
00000000
00000000
00000000
00000000
00000000
07070700
07070707
07070707
00070707
00000000
00000000
00000000
00000000
00000000
00000000
00000000
00000000
00000000
00000000
00000000
00000000
00000000
06060000
06060606
06060606
00060606
00000000
00000000
00000000
00000000
00000000
00000000
06060600
06060606
06060606
00060606
00000000
00000000
07070000
07070707
07070707
07070707
07070707
00000707
00000000
00000000
00000000
00000000
00000000
07070707
07070707
07070707
00000007
00000000
07000000
07070707
07070707
07070707
00000000
00000000
00000000
00000000
00000000
00000000
00000000
00000000
00000000
00000000
00000000
00000000
00000000
00000000
00000000
00000000
00000000
00000000
00000000
00000000
00000000
00000000
00000000
00000000
00000000
00000000
07070700
07070707
07070707
00000707
00000000
00000000
00000000
00000000
00000000
00000000
07070707
07070707
07070707
00000007
00000000
07000000
07070707
07070707
07070707
00000000
00000000
00000000
00000000
00000000
00000000
00000000
00000000
00000000
00000000
00000000
00000000
07070000
07070707
07070707
00070707
00000000
00000000
00000000
00000000
00000000
00000000
00000000
00000000
00000000
00000000
00000000
00000000
00000000
00000000
00000000
00000000
00000000
00000000
00000000
00000000
00000000
00000000
00000000
06060000
06060606
06060606
00060606
00000000
00000000
00000000
00000000
00000000
00000000
06060600
06060606
06060606
00060606
00000000
00000000
07070000
07070707
07070707
07070707
07070707
00000707
00000000
00000000
00000000
00000000
00000000
07070707
07070707
07070707
00000007
00000000
07000000
07070707
07070707
07070707
00000000
00000000
00000000
00000000
00000000
00000000
00000000
00000000
00000000
00000000
00000000
00000000
00000000
00000000
00000000
00000000
00000000
00000000
00000000
00000000
00000000
00000000
00000000
00000000
00000000
00000000
07070700
07070707
07070707
00000707
00000000
00000000
00000000
00000000
00000000
00000000
07070707
07070707
07070707
00000007
00000000
07000000
07070707
07070707
07070707
00000000
00000000
00000000
00000000
00000000
00000000
00000000
00000000
00000000
00000000
00000000
00000000
07070000
07070707
07070707
00070707
00000000
00000000
00000000
00000000
00000000
00000000
00000000
00000000
00000000
00000000
00000000
00000000
00000000
00000000
00000000
00000000
00000000
00000000
00000000
00000000
00000000
00000000
00000000
06060000
06060606
06060606
00060606
00000000
00000000
00000000
00000000
00000000
00000000
06060600
06060606
06060606
00060606
00000000
00000000
07070000
07070707
07070707
07070707
07070707
00000707
00000000
00000000
00000000
00000000
00000000
07070707
07070707
07070707
00000007
00000000
07000000
07070707
07070707
07070707
00000000
00000000
00000000
00000000
00000000
00000000
00000000
00000000
00000000
00000000
00000000
00000000
00000000
00000000
00000000
00000000
00000000
00000000
00000000
00000000
00000000
00000000
00000000
00000000
00000000
00000000
07070700
07070707
07070707
00000707
00000000
00000000
00000000
00000000
00000000
00000000
07070707
07070707
07070707
00000007
00000000
07000000
07070707
07070707
07070707
00000000
00000000
00000000
00000000
00000000
00000000
00000000
00000000
00000000
00000000
00000000
00000000
07070000
07070707
07070707
00070707
00000000
00000000
00000000
00000000
00000000
00000000
00000000
00000000
00000000
00000000
00000000
00000000
00000000
00000000
00000000
00000000
00000000
00000000
00000000
00000000
00000000
00000000
00000000
06060000
06060606
06060606
00060606
00000000
00000000
00000000
00000000
00000000
00000000
06060600
06060606
06060606
00060606
00000000
00000000
07070000
07070707
07070707
07070707
07070707
00000707
00000000
00000000
00000000
00000000
00000000
07070707
07070707
07070707
00000007
00000000
07000000
07070707
07070707
07070707
00000000
00000000
00000000
00000000
00000000
00000000
00000000
00000000
00000000
00000000
00000000
00000000
00000000
00000000
00000000
00000000
00000000
00000000
00000000
00000000
00000000
00000000
00000000
00000000
00000000
00000000
07070700
07070707
07070707
00000707
00000000
00000000
00000000
00000000
00000000
00000000
07070707
07070707
07070707
00000007
00000000
07000000
07070707
07070707
07070707
00000000
00000000
00000000
00000000
00000000
00000000
00000000
00000000
00000000
00000000
00000000
00000000
07070000
07070707
07070707
00070707
00000000
00000000
00000000
00000000
00000000
00000000
00000000
00000000
00000000
00000000
00000000
00000000
00000000
00000000
00000000
00000000
00000000
00000000
00000000
00000000
00000000
00000000
00000000
06060000
06060606
06060606
00060606
00000000
00000000
00000000
00000000
00000000
00000000
06060600
06060606
06060606
00060606
00000000
00000000
07070000
07070707
07070707
07070707
07070707
00000707
00000000
00000000
00000000
00000000
00000000
07070707
07070707
07070707
00000007
00000000
07000000
07070707
07070707
07070707
00000000
00000000
00000000
00000000
00000000
00000000
00000000
00000000
00000000
00000000
00000000
00000000
00000000
00000000
00000000
00000000
00000000
00000000
00000000
00000000
00000000
00000000
00000000
00000000
00000000
00000000
07070700
07070707
07070707
00000707
00000000
00000000
00000000
00000000
00000000
00000000
07070707
07070707
07070707
00000007
00000000
07000000
07070707
07070707
07070707
00000000
00000000
00000000
00000000
00000000
00000000
00000000
00000000
00000000
00000000
00000000
00000000
07070000
07070707
07070707
00070707
00000000
00000000
00000000
00000000
00000000
00000000
00000000
00000000
00000000
00000000
00000000
00000000
00000000
00000000
00000000
00000000
00000000
00000000
00000000
00000000
00000000
00000000
00000000
06060000
06060606
06060606
00060606
00000000
00000000
00000000
00000000
00000000
00000000
06060600
06060606
06060606
00060606
00000000
00000000
07070000
07070707
07070707
07070707
07070707
07070707
07070707
00000007
00000000
00000000
00000000
07070707
07070707
07070707
00000007
00000000
07000000
07070707
07070707
07070707
00000000
00000000
00000000
00000000
00000000
00000000
00000000
00000000
00000000
00000000
00000000
00000000
00000000
00000000
00000000
00000000
00000000
00000000
00000000
00000000
00000000
00000000
00000000
00000000
00000000
00000000
07070700
07070707
07070707
00000707
00000000
00000000
00000000
00000000
00000000
00000000
07070707
07070707
07070707
00000007
00000000
07000000
07070707
07070707
07070707
00000000
00000000
00000000
00000000
00000000
00000000
00000000
00000000
00000000
00000000
00000000
00000000
07070000
07070707
07070707
00070707
00000000
00000000
00000000
00000000
00000000
00000000
00000000
00000000
00000000
00000000
00000000
00000000
00000000
00000000
00000000
00000000
00000000
00000000
00000000
00000000
00000000
00000000
00000000
06060000
06060606
06060606
00060606
00000000
00000000
00000000
00000000
00000000
00000000
06060600
06060606
06060606
00060606
00000000
00000000
07070000
07070707
07070707
07070707
07070707
07070707
07070707
00000007
00000000
00000000
00000000
07070707
07070707
07070707
00000007
00000000
07000000
07070707
07070707
07070707
00000000
00000000
00000000
00000000
00000000
00000000
00000000
00000000
00000000
00000000
00000000
00000000
00000000
00000000
00000000
00000000
00000000
00000000
00000000
00000000
00000000
00000000
00000000
00000000
00000000
00000000
07070700
07070707
07070707
00000707
00000000
00000000
00000000
00000000
00000000
00000000
07070707
07070707
07070707
00000007
00000000
07000000
07070707
07070707
07070707
00000000
00000000
00000000
00000000
00000000
00000000
00000000
00000000
00000000
00000000
00000000
00000000
07070000
07070707
07070707
00070707
00000000
00000000
00000000
00000000
00000000
00000000
00000000
00000000
00000000
00000000
00000000
00000000
00000000
00000000
00000000
00000000
00000000
00000000
00000000
00000000
00000000
00000000
00000000
06060000
06060606
06060606
00060606
00000000
00000000
00000000
00000000
00000000
00000000
06060600
06060606
06060606
00060606
00000000
00000000
07070000
07070707
07070707
07070707
07070707
07070707
07070707
00000007
00000000
00000000
00000000
07070707
07070707
07070707
00000007
00000000
07000000
07070707
07070707
07070707
00000000
00000000
00000000
00000000
00000000
00000000
00000000
00000000
00000000
00000000
00000000
00000000
00000000
00000000
00000000
00000000
00000000
00000000
00000000
00000000
00000000
00000000
00000000
00000000
00000000
00000000
07070700
07070707
07070707
00000707
00000000
00000000
00000000
00000000
00000000
00000000
07070707
07070707
07070707
00000007
00000000
07000000
07070707
07070707
07070707
00000000
00000000
00000000
00000000
00000000
00000000
00000000
00000000
00000000
00000000
00000000
00000000
07070000
07070707
07070707
00070707
00000000
00000000
00000000
00000000
00000000
00000000
00000000
00000000
00000000
00000000
00000000
00000000
00000000
00000000
00000000
00000000
00000000
00000000
00000000
00000000
00000000
00000000
00000000
06060000
06060606
06060606
00060606
00000000
00000000
00000000
00000000
00000000
00000000
06060600
06060606
06060606
00060606
00000000
00000000
07070000
07070707
07070707
07070707
07070707
07070707
07070707
00000007
00000000
00000000
00000000
07070707
07070707
07070707
00000007
00000000
07000000
07070707
07070707
07070707
00000000
00000000
00000000
00000000
00000000
00000000
00000000
00000000
00000000
00000000
00000000
00000000
00000000
00000000
00000000
00000000
00000000
00000000
00000000
00000000
00000000
00000000
00000000
00000000
00000000
00000000
07070700
07070707
07070707
00000707
00000000
00000000
00000000
00000000
00000000
00000000
07070707
07070707
07070707
00000007
00000000
07000000
07070707
07070707
07070707
00000000
00000000
00000000
00000000
00000000
00000000
00000000
00000000
00000000
00000000
00000000
00000000
07070000
07070707
07070707
00070707
00000000
00000000
00000000
00000000
00000000
00000000
00000000
00000000
00000000
00000000
00000000
00000000
00000000
00000000
00000000
00000000
00000000
00000000
00000000
00000000
00000000
00000000
00000000
06060000
06060606
06060606
00060606
00000000
00000000
00000000
00000000
00000000
00000000
06060600
06060606
06060606
00060606
00000000
00000000
07070000
07070707
07070707
07070707
07070707
07070707
07070707
00000007
00000000
00000000
00000000
07070707
07070707
07070707
00000007
00000000
07000000
07070707
07070707
07070707
00000000
00000000
00000000
00000000
00000000
00000000
00000000
00000000
00000000
00000000
00000000
00000000
00000000
00000000
00000000
00000000
00000000
00000000
00000000
00000000
00000000
00000000
00000000
00000000
00000000
00000000
07070700
07070707
07070707
00000707
00000000
00000000
00000000
00000000
00000000
00000000
07070707
07070707
07070707
00000007
00000000
07000000
07070707
07070707
07070707
00000000
00000000
00000000
00000000
00000000
00000000
00000000
00000000
00000000
00000000
00000000
00000000
07070000
07070707
07070707
00070707
00000000
00000000
00000000
00000000
00000000
00000000
00000000
00000000
00000000
00000000
00000000
00000000
00000000
00000000
00000000
00000000
00000000
00000000
00000000
00000000
00000000
00000000
00000000
06060000
06060606
06060606
00060606
00000000
00000000
00000000
00000000
00000000
00000000
06060600
06060606
06060606
00060606
00000000
00000000
07070000
07070707
07070707
07070707
07070707
07070707
07070707
00000007
00000000
00000000
00000000
07070707
07070707
07070707
00000007
00000000
07000000
07070707
07070707
07070707
00000000
00000000
00000000
00000000
00000000
00000000
00000000
00000000
00000000
00000000
00000000
00000000
00000000
00000000
00000000
00000000
00000000
00000000
00000000
00000000
00000000
00000000
00000000
00000000
00000000
00000000
07070700
07070707
07070707
00000707
00000000
00000000
00000000
00000000
00000000
00000000
07070707
07070707
07070707
00000007
00000000
07000000
07070707
07070707
07070707
00000000
00000000
00000000
00000000
00000000
00000000
00000000
00000000
00000000
00000000
00000000
00000000
07070000
07070707
07070707
00070707
00000000
00000000
00000000
00000000
00000000
00000000
00000000
00000000
00000000
00000000
00000000
00000000
00000000
00000000
00000000
00000000
00000000
00000000
00000000
00000000
00000000
00000000
00000000
06060000
06060606
06060606
00060606
00000000
00000000
00000000
00000000
00000000
00000000
06060600
06060606
06060606
00060606
00000000
00000000
07070000
07070707
07070707
07070707
07070707
07070707
07070707
00000007
00000000
00000000
00000000
07070707
07070707
07070707
00000007
00000000
07000000
07070707
07070707
07070707
00000000
00000000
00000000
00000000
00000000
00000000
00000000
00000000
00000000
00000000
00000000
00000000
00000000
00000000
00000000
00000000
00000000
00000000
00000000
00000000
00000000
00000000
00000000
00000000
00000000
00000000
07070700
07070707
07070707
00000707
00000000
00000000
00000000
00000000
00000000
00000000
07070707
07070707
07070707
00000007
00000000
07000000
07070707
07070707
07070707
00000000
00000000
00000000
00000000
00000000
00000000
00000000
00000000
00000000
00000000
00000000
00000000
07070000
07070707
07070707
00070707
00000000
00000000
00000000
00000000
00000000
00000000
00000000
00000000
00000000
00000000
00000000
00000000
00000000
00000000
00000000
00000000
00000000
00000000
00000000
00000000
00000000
00000000
00000000
06060000
06060606
06060606
00060606
00000000
00000000
00000000
00000000
00000000
00000000
06060600
06060606
06060606
00060606
00000000
00000000
07070000
07070707
07070707
07070707
07070707
07070707
07070707
00000007
00000000
00000000
00000000
07070707
07070707
07070707
00000007
00000000
07000000
07070707
07070707
07070707
00000000
00000000
00000000
00000000
00000000
00000000
00000000
00000000
00000000
00000000
00000000
00000000
00000000
00000000
00000000
00000000
00000000
00000000
00000000
00000000
00000000
00000000
00000000
00000000
00000000
00000000
07070700
07070707
07070707
00000707
00000000
00000000
00000000
00000000
00000000
00000000
07070707
07070707
07070707
00000007
00000000
07000000
07070707
07070707
07070707
00000000
00000000
00000000
00000000
00000000
00000000
00000000
00000000
00000000
00000000
00000000
00000000
07070000
07070707
07070707
00070707
00000000
00000000
00000000
00000000
00000000
00000000
00000000
00000000
00000000
00000000
00000000
00000000
00000000
00000000
00000000
00000000
00000000
00000000
00000000
00000000
00000000
00000000
00000000
06060000
06060606
06060606
00060606
00000000
00000000
00000000
00000000
00000000
00000000
06060600
06060606
06060606
00060606
00000000
00000000
07070000
07070707
07070707
07070707
07070707
07070707
07070707
00000007
00000000
00000000
00000000
07070707
07070707
07070707
00000007
00000000
07000000
07070707
07070707
07070707
00000000
00000000
00000000
00000000
00000000
00000000
00000000
00000000
00000000
00000000
00000000
00000000
00000000
00000000
00000000
00000000
00000000
00000000
00000000
00000000
00000000
00000000
00000000
00000000
00000000
00000000
07070700
07070707
07070707
00000707
00000000
00000000
00000000
00000000
00000000
00000000
07070707
07070707
07070707
00000007
00000000
07000000
07070707
07070707
07070707
00000000
00000000
00000000
00000000
00000000
00000000
00000000
00000000
00000000
00000000
00000000
00000000
07070000
07070707
07070707
00070707
00000000
00000000
00000000
00000000
00000000
00000000
00000000
00000000
00000000
00000000
00000000
00000000
00000000
00000000
00000000
00000000
00000000
00000000
00000000
00000000
00000000
00000000
00000000
06060000
06060606
06060606
00060606
00000000
00000000
00000000
00000000
00000000
00000000
06060600
06060606
06060606
00060606
00000000
00000000
07070000
07070707
07070707
07070707
07070707
07070707
07070707
00000707
00000000
00000000
00000000
07070707
07070707
07070707
00000007
00000000
07000000
07070707
07070707
07070707
00000000
00000000
00000000
00000000
00000000
00000000
00000000
00000000
00000000
00000000
00000000
00000000
00000000
00000000
00000000
00000000
00000000
00000000
00000000
00000000
00000000
00000000
00000000
00000000
00000000
00000000
07070700
07070707
07070707
00000707
00000000
00000000
00000000
00000000
00000000
00000000
07070707
07070707
07070707
00000007
00000000
07000000
07070707
07070707
07070707
07070707
07070707
07070707
07070707
07070707
07070707
07070707
07070707
00000000
00000000
00000000
00000000
07070000
07070707
07070707
00070707
00000000
00000000
00000000
00000000
00000000
00000000
00000000
00000000
00000000
00000000
00000000
00000000
07070700
07070707
07070707
07070707
07070707
07070707
07070707
07070707
00000007
00000000
00000000
06060000
06060606
06060606
00060606
00000000
00000000
00000000
00000000
00000000
00000000
06060600
06060606
06060606
00060606
00000000
00000000
07070000
07070707
07070707
07070707
07070707
07070707
07070707
07070707
07070707
00000007
00000000
07070707
07070707
07070707
00000007
00000000
07000000
07070707
07070707
07070707
07070707
07070707
07070707
07070707
07070707
07070707
07070707
00000707
00000000
00000000
00000000
00000000
00000000
00000000
00000000
00000000
00000000
00000000
00000000
00000000
00000000
00000000
00000000
00000000
00000000
00000000
07070700
07070707
07070707
00000707
00000000
00000000
00000000
00000000
00000000
00000000
07070707
07070707
07070707
00000007
00000000
00000000
00000000
07070700
07070707
07070707
07070707
07070707
07070707
07070707
07070707
07070707
07070707
00000000
00000000
00000000
00000000
07070000
07070707
07070707
00070707
00000000
00000000
00000000
00000000
00000000
00000000
00000000
00000000
00000000
00000000
00000000
00000000
07070700
07070707
07070707
07070707
07070707
07070707
07070707
07070707
00000707
00000000
00000000
06060000
06060606
06060606
00060606
00000000
00000000
00000000
00000000
00000000
00000000
06060600
06060606
06060606
00060606
00000000
00000000
07070000
07070707
07070707
00070707
00000000
07070000
07070707
07070707
07070707
00000007
00000000
07070707
07070707
07070707
00000007
00000000
07000000
07070707
07070707
07070707
07070707
07070707
07070707
07070707
07070707
07070707
07070707
00000707
00000000
00000000
00000000
00000000
00000000
00000000
00000000
00000000
00000000
00000000
00000000
00000000
00000000
00000000
00000000
00000000
00000000
00000000
07070700
07070707
07070707
00000707
00000000
00000000
00000000
00000000
00000000
00000000
07070707
07070707
07070707
00000007
00000000
00000000
00000000
07070700
07070707
07070707
07070707
07070707
07070707
07070707
07070707
07070707
07070707
00000000
00000000
00000000
00000000
07070000
07070707
07070707
00070707
00000000
00000000
00000000
00000000
00000000
00000000
00000000
00000000
00000000
00000000
00000000
00000000
07070700
07070707
07070707
07070707
07070707
07070707
07070707
07070707
00000707
00000000
00000000
06060000
06060606
06060606
00060606
00000000
00000000
00000000
00000000
00000000
00000000
06060600
06060606
06060606
00060606
00000000
00000000
07070000
07070707
07070707
00070707
00000000
07070000
07070707
07070707
07070707
00000007
00000000
07070707
07070707
07070707
00000007
00000000
07000000
07070707
07070707
07070707
07070707
07070707
07070707
07070707
07070707
07070707
07070707
00000707
00000000
00000000
00000000
00000000
00000000
00000000
00000000
00000000
00000000
00000000
00000000
00000000
00000000
00000000
00000000
00000000
00000000
00000000
07070700
07070707
07070707
00000707
00000000
00000000
00000000
00000000
00000000
00000000
07070707
07070707
07070707
00000007
00000000
00000000
00000000
07070700
07070707
07070707
07070707
07070707
07070707
07070707
07070707
07070707
07070707
00000000
00000000
00000000
00000000
07070000
07070707
07070707
00070707
00000000
00000000
00000000
00000000
00000000
00000000
00000000
00000000
00000000
00000000
00000000
00000000
07070700
07070707
07070707
07070707
07070707
07070707
07070707
07070707
00000707
00000000
00000000
06060000
06060606
06060606
00060606
00000000
00000000
00000000
00000000
00000000
00000000
06060600
06060606
06060606
00060606
00000000
00000000
07070000
07070707
07070707
00070707
00000000
07070000
07070707
07070707
07070707
00000007
00000000
07070707
07070707
07070707
00000007
00000000
07000000
07070707
07070707
07070707
07070707
07070707
07070707
07070707
07070707
07070707
07070707
00000707
00000000
00000000
00000000
00000000
00000000
00000000
00000000
00000000
00000000
00000000
00000000
00000000
00000000
00000000
00000000
00000000
00000000
00000000
07070700
07070707
07070707
00000707
00000000
00000000
00000000
00000000
00000000
00000000
07070707
07070707
07070707
00000007
00000000
00000000
00000000
07070700
07070707
07070707
07070707
07070707
07070707
07070707
07070707
07070707
07070707
00000000
00000000
00000000
00000000
07070000
07070707
07070707
00070707
00000000
00000000
00000000
00000000
00000000
00000000
00000000
00000000
00000000
00000000
00000000
00000000
07070700
07070707
07070707
07070707
07070707
07070707
07070707
07070707
00000707
00000000
00000000
06060000
06060606
06060606
00060606
00000000
00000000
00000000
00000000
00000000
00000000
06060600
06060606
06060606
00060606
00000000
00000000
07070000
07070707
07070707
00070707
00000000
07070000
07070707
07070707
07070707
00000007
00000000
07070707
07070707
07070707
00000007
00000000
07000000
07070707
07070707
07070707
07070707
07070707
07070707
07070707
07070707
07070707
07070707
00000707
00000000
00000000
00000000
00000000
00000000
00000000
00000000
00000000
00000000
00000000
00000000
00000000
00000000
00000000
00000000
00000000
00000000
00000000
07070700
07070707
07070707
00000707
00000000
00000000
00000000
00000000
00000000
00000000
07070707
07070707
07070707
00000007
00000000
00000000
00000000
07070700
07070707
07070707
07070707
07070707
07070707
07070707
07070707
07070707
07070707
00000000
00000000
00000000
00000000
07070000
07070707
07070707
00070707
00000000
00000000
00000000
00000000
00000000
00000000
00000000
00000000
00000000
00000000
00000000
00000000
07070700
07070707
07070707
07070707
07070707
07070707
07070707
07070707
00000707
00000000
00000000
06060000
06060606
06060606
00060606
00000000
00000000
00000000
00000000
00000000
00000000
06060600
06060606
06060606
00060606
00000000
00000000
07070000
07070707
07070707
00070707
00000000
07070000
07070707
07070707
07070707
00000007
00000000
07070707
07070707
07070707
00000007
00000000
07000000
07070707
07070707
07070707
07070707
07070707
07070707
07070707
07070707
07070707
07070707
00000707
00000000
00000000
00000000
00000000
00000000
00000000
00000000
00000000
00000000
00000000
00000000
00000000
00000000
00000000
00000000
00000000
00000000
00000000
07070700
07070707
07070707
07070707
07070707
07070707
07070707
07070707
07070707
07070707
07070707
00070707
00000000
00000000
00000000
00000000
00000000
07070700
07070707
07070707
07070707
07070707
07070707
07070707
07070707
07070707
07070707
00000000
00000000
00000000
00000000
07070000
07070707
07070707
00070707
00000000
00000000
00000000
00000000
00000000
00000000
00000000
00000000
00000000
00000000
00000000
00000000
07070700
07070707
07070707
07070707
07070707
07070707
07070707
07070707
00000707
00000000
00000000
06060000
06060606
06060606
00060606
00000000
00000000
00000000
00000000
00000000
00000000
06060600
06060606
06060606
00060606
00000000
00000000
07070000
07070707
07070707
00070707
00000000
07070000
07070707
07070707
07070707
00000007
00000000
07070707
07070707
07070707
00000007
00000000
07000000
07070707
07070707
07070707
07070707
07070707
07070707
07070707
07070707
07070707
07070707
00000707
00000000
00000000
00000000
00000000
00000000
00000000
00000000
00000000
00000000
00000000
00000000
00000000
00000000
00000000
00000000
00000000
00000000
00000000
07070700
07070707
07070707
07070707
07070707
07070707
07070707
07070707
07070707
07070707
07070707
00000707
00000000
00000000
00000000
00000000
00000000
07070700
07070707
07070707
07070707
07070707
07070707
07070707
07070707
07070707
07070707
00000007
00000000
00000000
00000000
07070000
07070707
07070707
00070707
00000000
00000000
00000000
00000000
00000000
00000000
00000000
00000000
00000000
00000000
00000000
00000000
07070700
07070707
07070707
07070707
07070707
07070707
07070707
07070707
00000707
00000000
00000000
06060000
06060606
06060606
00060606
00000000
00000000
00000000
00000000
00000000
00000000
06060600
06060606
06060606
00060606
00000000
00000000
07070000
07070707
07070707
00070707
00000000
07070000
07070707
07070707
07070707
00000007
00000000
07070707
07070707
07070707
00000007
00000000
07000000
07070707
07070707
07070707
07070707
07070707
07070707
07070707
07070707
07070707
07070707
00000707
00000000
00000000
00000000
00000000
00000000
00000000
00000000
00000000
00000000
00000000
00000000
00000000
00000000
00000000
00000000
00000000
00000000
00000000
07070700
07070707
07070707
07070707
07070707
07070707
07070707
07070707
07070707
07070707
07070707
00000707
00000000
00000000
00000000
00000000
00000000
07070700
07070707
07070707
07070707
07070707
07070707
07070707
07070707
07070707
07070707
00000000
00000000
00000000
00000000
07070000
07070707
07070707
00070707
00000000
00000000
00000000
00000000
00000000
00000000
00000000
00000000
00000000
00000000
00000000
00000000
07070700
07070707
07070707
07070707
07070707
07070707
07070707
07070707
00000707
00000000
00000000
06060000
06060606
06060606
00060606
00000000
00000000
00000000
00000000
00000000
00000000
06060600
06060606
06060606
00060606
00000000
00000000
07070000
07070707
07070707
00070707
00000000
07070000
07070707
07070707
07070707
00000007
00000000
07070707
07070707
07070707
00000007
00000000
07000000
07070707
07070707
07070707
07070707
07070707
07070707
07070707
07070707
07070707
07070707
00000707
00000000
00000000
00000000
00000000
00000000
00000000
00000000
00000000
00000000
00000000
00000000
00000000
00000000
00000000
00000000
00000000
00000000
00000000
07070700
07070707
07070707
07070707
07070707
07070707
07070707
07070707
07070707
07070707
07070707
00000707
00000000
00000000
00000000
00000000
00000000
07070700
07070707
07070707
07070707
07070707
07070707
07070707
07070707
07070707
07070707
00000007
00000000
00000000
00000000
07070000
07070707
07070707
00070707
00000000
00000000
00000000
00000000
00000000
00000000
00000000
00000000
00000000
00000000
00000000
00000000
07070700
07070707
07070707
07070707
07070707
07070707
07070707
07070707
00000707
00000000
00000000
06060000
06060606
06060606
00060606
00000000
00000000
00000000
00000000
00000000
00000000
06060600
06060606
06060606
00060606
00000000
00000000
07070000
07070707
07070707
00070707
00000000
07070000
07070707
07070707
07070707
00000007
07000000
07070707
07070707
07070707
00000007
00000000
07000000
07070707
07070707
07070707
07070707
07070707
07070707
07070707
07070707
07070707
07070707
00000707
00000000
00000000
00000000
00000000
00000000
00000000
00000000
00000000
00000000
00000000
00000000
00000000
00000000
00000000
00000000
00000000
00000000
00000000
07070700
07070707
07070707
07070707
07070707
07070707
07070707
07070707
07070707
07070707
07070707
00000707
00000000
00000000
00000000
00000000
00000000
00000000
00000000
00000000
00000000
00000000
00000000
00000000
00000000
07070000
07070707
07070707
00070707
00000000
00000000
07070000
07070707
07070707
00070707
00000000
00000000
00000000
00000000
00000000
00000000
00000000
00000000
00000000
00000000
00000000
00000000
07070700
07070707
07070707
07070707
07070707
07070707
07070707
07070707
00000707
00000000
00000000
06060000
06060606
06060606
00060606
00000000
00000000
00000000
00000000
00000000
00000000
06060600
06060606
06060606
00060606
00000000
00000000
07070000
07070707
07070707
00070707
00000000
00000000
00000000
07070700
07070707
07070707
07070707
07070707
07070707
07070707
00000007
00000000
07000000
07070707
07070707
07070707
00000000
00000000
00000000
00000000
00000000
00000000
00000000
00000000
00000000
00000000
00000000
00000000
00000000
00000000
00000000
00000000
00000000
00000000
00000000
00000000
00000000
00000000
00000000
00000000
00000000
00000000
07070700
07070707
07070707
07070707
07070707
07070707
07070707
07070707
07070707
07070707
07070707
00000707
00000000
00000000
00000000
00000000
00000000
00000000
00000000
00000000
00000000
00000000
00000000
00000000
00000000
07070000
07070707
07070707
00070707
00000000
00000000
07070000
07070707
07070707
00070707
00000000
00000000
00000000
00000000
00000000
00000000
00000000
00000000
00000000
00000000
00000000
00000000
07070700
07070707
07070707
07070707
07070707
07070707
07070707
07070707
00000707
00000000
00000000
06060000
06060606
06060606
00060606
00000000
00000000
00000000
00000000
00000000
00000000
06060600
06060606
06060606
00060606
00000000
00000000
07070000
07070707
07070707
00070707
00000000
00000000
00000000
07070700
07070707
07070707
07070707
07070707
07070707
07070707
00000007
00000000
07000000
07070707
07070707
07070707
00000000
00000000
00000000
00000000
00000000
00000000
00000000
00000000
00000000
00000000
00000000
00000000
00000000
00000000
00000000
00000000
00000000
00000000
00000000
00000000
00000000
00000000
00000000
00000000
00000000
00000000
07070700
07070707
07070707
07070707
07070707
07070707
07070707
07070707
07070707
07070707
07070707
00000707
00000000
00000000
00000000
00000000
00000000
00000000
00000000
00000000
00000000
00000000
00000000
00000000
00000000
07070000
07070707
07070707
00070707
00000000
00000000
07070000
07070707
07070707
00070707
00000000
00000000
00000000
00000000
00000000
00000000
00000000
00000000
00000000
00000000
00000000
00000000
07070700
07070707
07070707
07070707
07070707
07070707
07070707
07070707
00000007
00000000
00000000
06060000
06060606
06060606
00060606
00000000
00000000
00000000
00000000
00000000
00000000
06060600
06060606
06060606
00060606
00000000
00000000
07070000
07070707
07070707
00070707
00000000
00000000
00000000
07070700
07070707
07070707
07070707
07070707
07070707
07070707
00000007
00000000
07000000
07070707
07070707
07070707
00000000
00000000
00000000
00000000
00000000
00000000
00000000
00000000
00000000
00000000
00000000
00000000
00000000
00000000
00000000
00000000
00000000
00000000
00000000
00000000
00000000
00000000
00000000
00000000
00000000
00000000
07070700
07070707
07070707
07070707
07070707
07070707
07070707
07070707
07070707
07070707
07070707
00000707
00000000
00000000
00000000
00000000
00000000
00000000
00000000
00000000
00000000
00000000
00000000
00000000
00000000
07070000
07070707
07070707
00070707
00000000
00000000
07070000
07070707
07070707
00070707
00000000
00000000
00000000
00000000
00000000
00000000
00000000
00000000
00000000
00000000
00000000
00000000
00000000
00000000
00000000
00000000
00000000
00000000
00000000
00000000
00000000
00000000
00000000
06060000
06060606
06060606
00060606
00000000
00000000
00000000
00000000
00000000
00000000
06060600
06060606
06060606
00060606
00000000
00000000
07070000
07070707
07070707
00070707
00000000
00000000
00000000
07070700
07070707
07070707
07070707
07070707
07070707
07070707
00000007
00000000
07000000
07070707
07070707
07070707
00000000
00000000
00000000
00000000
00000000
00000000
00000000
00000000
00000000
00000000
00000000
00000000
00000000
00000000
00000000
00000000
00000000
00000000
00000000
00000000
00000000
00000000
00000000
00000000
00000000
00000000
07070700
07070707
07070707
07070707
07070707
07070707
07070707
07070707
07070707
07070707
07070707
00000707
00000000
00000000
00000000
00000000
00000000
00000000
00000000
00000000
00000000
00000000
00000000
00000000
00000000
07070000
07070707
07070707
00070707
00000000
00000000
07070000
07070707
07070707
00070707
00000000
00000000
00000000
00000000
00000000
00000000
00000000
00000000
00000000
00000000
00000000
00000000
00000000
00000000
00000000
00000000
00000000
00000000
00000000
00000000
00000000
00000000
00000000
06060000
06060606
06060606
00060606
00000000
00000000
00000000
00000000
00000000
00000000
06060600
06060606
06060606
00060606
00000000
00000000
07070000
07070707
07070707
00070707
00000000
00000000
00000000
07070700
07070707
07070707
07070707
07070707
07070707
07070707
00000007
00000000
07000000
07070707
07070707
07070707
00000000
00000000
00000000
00000000
00000000
00000000
00000000
00000000
00000000
00000000
00000000
00000000
00000000
00000000
00000000
00000000
00000000
00000000
00000000
00000000
00000000
00000000
00000000
00000000
00000000
00000000
07070700
07070707
07070707
07070707
07070707
07070707
07070707
07070707
07070707
07070707
07070707
00000707
00000000
00000000
00000000
00000000
00000000
00000000
00000000
00000000
00000000
00000000
00000000
00000000
00000000
07070000
07070707
07070707
00070707
00000000
00000000
07070000
07070707
07070707
00070707
00000000
00000000
00000000
00000000
00000000
00000000
00000000
00000000
00000000
00000000
00000000
00000000
00000000
00000000
00000000
00000000
00000000
00000000
00000000
00000000
00000000
00000000
00000000
06060000
06060606
06060606
00060606
00000000
00000000
00000000
00000000
00000000
00000000
06060600
06060606
06060606
00060606
00000000
00000000
07070000
07070707
07070707
00070707
00000000
00000000
00000000
07070700
07070707
07070707
07070707
07070707
07070707
07070707
00000007
00000000
07000000
07070707
07070707
07070707
00000000
00000000
00000000
00000000
00000000
00000000
00000000
00000000
00000000
00000000
00000000
00000000
00000000
00000000
00000000
00000000
00000000
00000000
00000000
00000000
00000000
00000000
00000000
00000000
00000000
00000000
07070700
07070707
07070707
00070707
00000000
00000000
00000000
00000000
00000000
00000000
00000000
00000000
00000000
00000000
00000000
00000000
00000000
00000000
00000000
00000000
00000000
00000000
00000000
00000000
00000000
07070000
07070707
07070707
00070707
00000000
00000000
07070000
07070707
07070707
00070707
00000000
00000000
00000000
00000000
00000000
00000000
00000000
00000000
00000000
00000000
00000000
00000000
00000000
00000000
00000000
00000000
00000000
00000000
00000000
00000000
00000000
00000000
00000000
06060000
06060606
06060606
00060606
00000000
00000000
00000000
00000000
00000000
00000000
06060600
06060606
06060606
00060606
00000000
00000000
07070000
07070707
07070707
00070707
00000000
00000000
00000000
07070700
07070707
07070707
07070707
07070707
07070707
07070707
00000007
00000000
07000000
07070707
07070707
07070707
00000000
00000000
00000000
00000000
00000000
00000000
00000000
00000000
00000000
00000000
00000000
00000000
00000000
00000000
00000000
00000000
00000000
00000000
00000000
00000000
00000000
00000000
00000000
00000000
00000000
00000000
07070700
07070707
07070707
00000707
00000000
00000000
00000000
00000000
00000000
00000000
00000000
00000000
00000000
00000000
00000000
00000000
00000000
00000000
00000000
00000000
00000000
00000000
00000000
00000000
00000000
07070000
07070707
07070707
00070707
00000000
00000000
07070000
07070707
07070707
00070707
00000000
00000000
00000000
00000000
00000000
00000000
00000000
00000000
00000000
00000000
00000000
00000000
00000000
00000000
00000000
00000000
00000000
00000000
00000000
00000000
00000000
00000000
00000000
06060000
06060606
06060606
00060606
00000000
00000000
00000000
00000000
00000000
00000000
06060600
06060606
06060606
00060606
00000000
00000000
07070000
07070707
07070707
00070707
00000000
00000000
00000000
07070700
07070707
07070707
07070707
07070707
07070707
07070707
00000007
00000000
07000000
07070707
07070707
07070707
00000000
00000000
00000000
00000000
00000000
00000000
00000000
00000000
00000000
00000000
00000000
00000000
00000000
00000000
00000000
00000000
00000000
00000000
00000000
00000000
00000000
00000000
00000000
00000000
00000000
00000000
07070700
07070707
07070707
00000707
00000000
00000000
00000000
00000000
00000000
00000000
00000000
00000000
00000000
00000000
00000000
00000000
00000000
00000000
00000000
00000000
00000000
00000000
00000000
00000000
00000000
07070000
07070707
07070707
00070707
00000000
00000000
07070000
07070707
07070707
00070707
00000000
00000000
00000000
00000000
00000000
00000000
00000000
00000000
00000000
00000000
00000000
00000000
00000000
00000000
00000000
00000000
00000000
00000000
00000000
00000000
00000000
00000000
00000000
06060000
06060606
06060606
00060606
00000000
00000000
00000000
00000000
00000000
00000000
06060600
06060606
06060606
00060606
00000000
00000000
07070000
07070707
07070707
00070707
00000000
00000000
00000000
07070700
07070707
07070707
07070707
07070707
07070707
07070707
00000007
00000000
07000000
07070707
07070707
07070707
00000000
00000000
00000000
00000000
00000000
00000000
00000000
00000000
00000000
00000000
00000000
00000000
00000000
00000000
00000000
00000000
00000000
00000000
00000000
00000000
00000000
00000000
00000000
00000000
00000000
00000000
07070700
07070707
07070707
00000707
00000000
00000000
00000000
00000000
00000000
00000000
00000000
00000000
00000000
00000000
00000000
00000000
00000000
00000000
00000000
00000000
00000000
00000000
00000000
00000000
00000000
07070000
07070707
07070707
00070707
00000000
00000000
07070000
07070707
07070707
00070707
00000000
00000000
00000000
00000000
00000000
00000000
00000000
00000000
00000000
00000000
00000000
00000000
00000000
00000000
00000000
00000000
00000000
00000000
00000000
00000000
00000000
00000000
00000000
06060000
06060606
06060606
00060606
00000000
00000000
00000000
00000000
00000000
00000000
06060600
06060606
06060606
00060606
00000000
00000000
07070000
07070707
07070707
00070707
00000000
00000000
00000000
07070700
07070707
07070707
07070707
07070707
07070707
07070707
00000007
00000000
07000000
07070707
07070707
07070707
00000000
00000000
00000000
00000000
00000000
00000000
00000000
00000000
00000000
00000000
00000000
00000000
00000000
00000000
00000000
00000000
00000000
00000000
00000000
00000000
00000000
00000000
00000000
00000000
00000000
00000000
07070700
07070707
07070707
00000707
00000000
00000000
00000000
00000000
00000000
00000000
00000000
00000000
00000000
00000000
00000000
00000000
00000000
00000000
00000000
00000000
00000000
00000000
00000000
00000000
00000000
07070000
07070707
07070707
00070707
00000000
00000000
07070000
07070707
07070707
00070707
00000000
00000000
00000000
00000000
00000000
00000000
00000000
00000000
00000000
00000000
00000000
00000000
00000000
00000000
00000000
00000000
00000000
00000000
00000000
00000000
00000000
00000000
00000000
06060000
06060606
06060606
00060606
00000000
00000000
00000000
00000000
00000000
00000000
06060600
06060606
06060606
00060606
00000000
00000000
07070000
07070707
07070707
00070707
00000000
00000000
00000000
07070000
03070707
07070707
07070707
07070707
07070707
07070707
00000007
00000000
07000000
07070707
07070707
07070707
00000000
00000000
00000000
00000000
00000000
00000000
00000000
00000000
00000000
00000000
00000000
00000000
00000000
00000000
00000000
00000000
00000000
00000000
00000000
00000000
00000000
00000000
00000000
00000000
00000000
00000000
07070700
07070707
07070707
00000707
00000000
00000000
00000000
00000000
00000000
00000000
00000000
00000000
00000000
00000000
00000000
00000000
00000000
00000000
00000000
00000000
00000000
00000000
00000000
00000000
00000000
07070000
07070707
07070707
00070707
00000000
00000000
07070000
07070707
07070707
00070707
00000000
00000000
00000000
00000000
00000000
00000000
00000000
00000000
00000000
00000000
00000000
00000000
00000000
00000000
00000000
00000000
00000000
00000000
00000000
00000000
00000000
00000000
00000000
06060000
06060606
06060606
00060606
00000000
00000000
00000000
00000000
00000000
00000000
06060600
06060606
06060606
00060606
00000000
00000000
07070000
07070707
07070707
00070707
00000000
00000000
00000000
00000000
00000000
07070700
07070707
07070707
07070707
07070707
00000007
00000000
07000000
07070707
07070707
07070707
00000000
00000000
00000000
00000000
00000000
00000000
00000000
00000000
00000000
00000000
00000000
00000000
00000000
00000000
00000000
00000000
00000000
00000000
00000000
00000000
00000000
00000000
00000000
00000000
00000000
00000000
07070700
07070707
07070707
00000707
00000000
00000000
00000000
00000000
00000000
00000000
00000000
00000000
00000000
00000000
00000000
00000000
00000000
00000000
00000000
00000000
00000000
00000000
00000000
00000000
00000000
07070000
07070707
07070707
00070707
00000000
00000000
07070000
07070707
07070707
00070707
00000000
00000000
00000000
00000000
00000000
00000000
00000000
00000000
00000000
00000000
00000000
00000000
00000000
00000000
00000000
00000000
00000000
00000000
00000000
00000000
00000000
00000000
00000000
06060000
06060606
06060606
00060606
00000000
00000000
00000000
00000000
00000000
00000000
06060600
06060606
06060606
00060606
00000000
00000000
07070000
07070707
07070707
00070707
00000000
00000000
00000000
00000000
00000000
07070700
07070707
07070707
07070707
07070707
00000007
00000000
07000000
07070707
07070707
07070707
00000000
00000000
00000000
00000000
00000000
00000000
00000000
00000000
00000000
00000000
00000000
00000000
00000000
00000000
00000000
00000000
00000000
00000000
00000000
00000000
00000000
00000000
00000000
00000000
00000000
00000000
07070700
07070707
07070707
00000707
00000000
00000000
00000000
00000000
00000000
00000000
00000000
00000000
00000000
00000000
00000000
00000000
00000000
00000000
00000000
00000000
00000000
00000000
00000000
00000000
00000000
07070000
07070707
07070707
00070707
00000000
00000000
07070000
07070707
07070707
00070707
00000000
00000000
00000000
00000000
00000000
00000000
00000000
00000000
00000000
00000000
00000000
00000000
00000000
00000000
00000000
00000000
00000000
00000000
00000000
00000000
00000000
00000000
00000000
06060000
06060606
06060606
00060606
00000000
00000000
00000000
00000000
00000000
00000000
06060600
06060606
06060606
00060606
00000000
00000000
07070000
07070707
07070707
00070707
00000000
00000000
00000000
00000000
00000000
07070700
07070707
07070707
07070707
07070707
00000007
00000000
07000000
07070707
07070707
07070707
00000000
00000000
00000000
00000000
00000000
00000000
00000000
00000000
00000000
00000000
00000000
00000000
00000000
00000000
00000000
00000000
00000000
00000000
00000000
00000000
00000000
00000000
00000000
00000000
00000000
00000000
07070700
07070707
07070707
00000707
00000000
00000000
00000000
00000000
00000000
00000000
00000000
00000000
00000000
00000000
00000000
00000000
07070700
00000507
00070707
00000000
00000000
00000000
00000000
00000000
00000000
07070000
07070707
07070707
00070707
00000000
00000000
07070000
07070707
07070707
00070707
00000000
00000000
00000000
00000000
00000000
00000000
07070000
07070707
07000000
00000707
00000000
00000000
00000000
00000000
00000000
00000000
00000000
00000000
00000000
00000000
00000000
00000000
00000000
06060000
06060606
06060606
00060606
00000000
00000000
00000000
00000000
00000000
00000000
06060600
06060606
06060606
00060606
00000000
00000000
07070000
07070707
07070707
00070707
00000000
00000000
00000000
00000000
00000000
07070700
07070707
07070707
07070707
07070707
00000007
00000000
07000000
07070707
07070707
07070707
00000000
00000000
00000000
00000000
00000000
00000000
00000000
00000000
00000000
00000000
00000000
00000000
00000000
00000000
00000000
00000000
00000000
00000000
00000000
00000000
00000000
00000000
00000000
00000000
00000000
00000000
07070700
07070707
07070707
00000707
00000000
00000000
00000000
00000000
00000000
00000000
00000000
00000000
00000000
00000000
00000000
07000000
07070707
07070707
07070707
00000000
00000000
00000000
00000000
00000000
00000000
07070000
07070707
07070707
00070707
00000000
00000000
07070000
07070707
07070707
00070707
00000000
00000000
00000000
00000000
00000000
00000000
07070700
07070707
07070707
00070707
00000000
00000000
00000000
00000000
00000000
00000000
00000000
00000000
00000000
00000000
00000000
00000000
00000000
06060000
06060606
06060606
00060606
00000000
00000000
00000000
00000000
00000000
00000000
06060600
06060606
06060606
00060606
00000000
00000000
07070000
07070707
07070707
00070707
00000000
00000000
00000000
00000000
00000000
07070700
07070707
07070707
07070707
07070707
00000007
00000000
07000000
07070707
07070707
07070707
00000000
00000000
00000000
00000000
00000000
00000000
00000000
00000000
00000000
00000000
00000000
00000000
00000000
00000000
00000000
00000000
00000000
00000000
00000000
00000000
00000000
00000000
00000000
00000000
00000000
00000000
07070700
07070707
07070707
00000707
00000000
00000000
00000000
00000000
00000000
00000000
00000000
00000000
00000000
00000000
00000000
07000000
07070707
07070707
07070707
00000000
00000000
00000000
00000000
00000000
00000000
07070000
07070707
07070707
00070707
00000000
00000000
07070000
07070707
07070707
00070707
00000000
00000000
00000000
00000000
00000000
00000000
07070000
07070707
07070707
00070707
00000000
00000000
00000000
00000000
00000000
00000000
00000000
00000000
00000000
00000000
00000000
00000000
00000000
06060000
06060606
06060606
00060606
00000000
00000000
00000000
00000000
00000000
00000000
06060600
06060606
06060606
00060606
00000000
00000000
07070000
07070707
07070707
00070707
00000000
00000000
00000000
00000000
00000000
07070700
07070707
07070707
07070707
07070707
00000007
00000000
07000000
07070707
07070707
07070707
00000000
00000000
00000000
00000000
00000000
00000000
00000000
00000000
00000000
00000000
00000000
00000000
00000000
00000000
00000000
00000000
00000000
00000000
00000000
00000000
00000000
00000000
00000000
00000000
00000000
00000000
07070700
07070707
07070707
00000707
00000000
00000000
00000000
00000000
00000000
00000000
00000000
00000000
00000000
00000000
00000000
07000000
07070707
07070707
07070707
00000000
00000000
00000000
00000000
00000000
00000000
07070000
07070707
07070707
00070707
00000000
00000000
07070000
07070707
07070707
00070707
00000000
00000000
00000000
00000000
00000000
00000000
07070000
07070707
07070707
00070707
00000000
00000000
00000000
00000000
00000000
00000000
00000000
00000000
00000000
00000000
00000000
00000000
00000000
06060000
06060606
06060606
00060606
00000000
00000000
00000000
00000000
00000000
00000000
06060600
06060606
06060606
00060606
00000000
00000000
07070000
07070707
07070707
00070707
00000000
00000000
00000000
00000000
00000000
07070705
07070707
07070707
07070707
07070707
00000007
00000000
07000000
07070707
07070707
07070707
00000000
00000000
00000000
00000000
00000000
00000000
00000000
00000000
00000000
00000000
00000000
00000000
00000000
00000000
00000000
00000000
00000000
00000000
00000000
00000000
00000000
00000000
00000000
00000000
00000000
00000000
07070700
07070707
07070707
00000707
00000000
00000000
00000000
00000000
00000000
00000000
00000000
00000000
00000000
00000000
00000000
07000000
07070707
07070707
07070707
00000000
00000000
00000000
00000000
00000000
00000000
07070000
07070707
07070707
00070707
00000000
00000000
07070000
07070707
07070707
00070707
00000000
00000000
00000000
00000000
00000000
00000000
07070500
07070707
07070707
00070707
00000000
00000000
00000000
00000000
00000000
00000000
00000000
00000000
00000000
00000000
00000000
00000000
00000000
06060000
06060606
06060606
00060606
00000000
00000000
00000000
00000000
00000000
00000000
06060600
06060606
06060606
00060606
00000000
00000000
07070000
07070707
07070707
00070707
00000000
00000000
00000000
00000000
00000000
07070700
07070707
07070707
07070707
07070707
00000007
00000000
07000000
07070707
07070707
07070707
00000000
00000000
00000000
00000000
00000000
00000000
00000000
00000000
00000000
00000000
00000000
00000000
00000000
00000000
00000000
00000000
00000000
00000000
00000000
00000000
00000000
00000000
00000000
00000000
00000000
00000000
07070700
07070707
07070707
00000707
00000000
00000000
00000000
00000000
00000000
00000000
00000000
00000000
00000000
00000000
00000000
07000000
07070707
07070707
07070707
00000000
00000000
00000000
00000000
00000000
00000000
07070000
07070707
07070707
00070707
00000000
00000000
07070000
07070707
07070707
00070707
00000000
00000000
00000000
00000000
00000000
00000000
07070700
07070707
07070707
00070707
00000000
00000000
00000000
00000000
00000000
00000000
00000000
00000000
00000000
00000000
00000000
00000000
00000000
06060000
06060606
06060606
00060606
00000000
00000000
00000000
00000000
00000000
00000000
06060600
06060606
06060606
00060606
00000000
00000000
07070000
07070707
07070707
00070707
00000000
00000000
00000000
00000000
00000000
07070707
07070707
07070707
07070707
07070707
00000007
00000000
07000000
07070707
07070707
07070707
00000000
00000000
00000000
00000000
00000000
00000000
00000000
00000000
00000000
00000000
00000000
00000000
00000000
00000000
00000000
00000000
00000000
00000000
00000000
00000000
00000000
00000000
00000000
00000000
00000000
00000000
07070700
07070707
07070707
00000707
00000000
00000000
00000000
00000000
00000000
00000000
00000000
00000000
00000000
00000000
00000000
07000000
07070707
07070707
07070707
00000000
00000000
00000000
00000000
00000000
00000000
07070000
07070707
07070707
00070707
00000000
00000000
07070000
07070707
07070707
00070707
00000000
00000000
00000000
00000000
00000000
00000000
07070700
07070707
07070707
00070707
00000000
00000000
00000000
00000000
00000000
00000000
00000000
00000000
00000000
00000000
00000000
00000000
00000000
06060000
06060606
06060606
00060606
00000000
00000000
00000000
00000000
00000000
00000000
06060600
06060606
06060606
00060606
00000000
00000000
07070000
07070707
07070707
00070707
00000000
00000000
00000000
00000000
00000000
07070700
07070707
07070707
07070707
07070707
00000007
00000000
07000000
07070707
07070707
07070707
00000000
00000000
00000000
00000000
00000000
00000000
00000000
00000000
00000000
00000000
00000000
00000000
00000000
00000000
00000000
00000000
00000000
00000000
00000000
00000000
00000000
00000000
00000000
00000000
00000000
00000000
07070700
07070707
07070707
00000707
00000000
00000000
00000000
00000000
00000000
00000000
00000000
00000000
00000000
00000000
00000000
07000000
07070707
07070707
07070707
00000000
00000000
00000000
00000000
00000000
00000000
07070000
07070707
07070707
00070707
00000000
00000000
07070000
07070707
07070707
00070707
00000000
00000000
00000000
00000000
00000000
00000000
07070700
07070707
07070707
00070707
00000000
00000000
00000000
00000000
00000000
00000000
00000000
00000000
00000000
00000000
00000000
00000000
00000000
06060000
06060606
06060606
00060606
00000000
00000000
00000000
00000000
00000000
00000000
06060600
06060606
06060606
00060606
00000000
00000000
07070000
07070707
07070707
00070707
00000000
00000000
00000000
00000000
00000000
00000000
00000000
07070707
07070707
07070707
00000007
00000000
07000000
07070707
07070707
07070707
00000000
00000000
00000000
00000000
00000000
00000000
00000000
00000000
00000000
00000000
00000000
00000000
00000000
00000000
00000000
00000000
00000000
00000000
00000000
00000000
00000000
00000000
00000000
00000000
00000000
00000000
07070700
07070707
07070707
00000707
00000000
00000000
00000000
00000000
00000000
00000000
00000000
00000000
00000000
00000000
00000000
07000000
07070707
07070707
07070707
00000000
00000000
00000000
00000000
00000000
00000000
07070000
07070707
07070707
00070707
00000000
00000000
07070000
07070707
07070707
00070707
00000000
00000000
00000000
00000000
00000000
00000000
07070000
07070707
07070707
00070707
00000000
00000000
00000000
00000000
00000000
00000000
00000000
00000000
00000000
00000000
00000000
00000000
00000000
06060000
06060606
06060606
00060606
00000000
00000000
00000000
00000000
00000000
00000000
06060600
06060606
06060606
00060606
00000000
00000000
07070000
07070707
07070707
00070707
00000000
00000000
00000000
00000000
00000000
00000000
00000000
07070707
07070707
07070707
00000007
00000000
07000000
07070707
07070707
07070707
00000000
00000000
00000000
00000000
00000000
00000000
00000000
00000000
00000000
00000000
00000000
00000000
00000000
00000000
00000000
00000000
00000000
00000000
00000000
00000000
00000000
00000000
00000000
00000000
00000000
00000000
07070700
07070707
07070707
00000707
00000000
00000000
00000000
00000000
00000000
00000000
00000000
00000000
00000000
00000000
00000000
07000000
07070707
07070707
07070707
00000000
00000000
00000000
00000000
00000000
00000000
07070000
07070707
07070707
00070707
00000000
00000000
07070000
07070707
07070707
07070707
00000000
00000000
00000000
00000000
00000000
00000000
07070700
07070707
07070707
00070707
00000000
00000000
00000000
00000000
00000000
00000000
00000000
00000000
00000000
00000000
00000000
00000000
00000000
06060000
06060606
06060606
00060606
00000000
00000000
00000000
00000000
00000000
00000000
06060600
06060606
06060606
00060606
00000000
00000000
07070000
07070707
07070707
00070707
00000000
00000000
00000000
00000000
00000000
00000000
00000000
07070707
07070707
07070707
00000007
00000000
07000000
07070707
07070707
07070707
00000000
00000000
00000000
00000000
00000000
00000000
00000000
00000000
00000000
00000000
00000000
00000000
00000000
00000000
00000000
00000000
00000000
00000000
00000000
00000000
00000000
00000000
00000000
00000000
00000000
00000000
07070700
07070707
07070707
00000707
00000000
00000000
00000000
00000000
00000000
00000000
00000000
00000000
00000000
00000000
00000000
00000000
00000000
07070700
07070707
07070707
07070707
07070707
07070707
07070707
07070707
07070707
07070707
00000007
00000000
00000000
00000000
00000000
00000000
07070700
07070707
07070707
07070707
07070707
07070707
07070707
07070707
07070707
07070707
00000000
00000000
00000000
00000000
00000000
00000000
00000000
00000000
00000000
00000000
00000000
00000000
00000000
00000000
00000000
00000000
00000000
06060606
06060606
06060606
06060606
06060606
06060606
06060606
06060606
06060606
06060606
00000000
00000000
00000000
00000000
07070000
07070707
07070707
00070707
00000000
00000000
00000000
00000000
00000000
00000000
00000000
07070707
07070707
07070707
00000007
00000000
07000000
07070707
07070707
07070707
07070707
07070707
07070707
07070707
07070707
07070707
07070707
07070707
07070707
00000707
00000000
00000000
00000000
00000000
00000000
00000000
00000000
00000000
00000000
00000000
00000000
00000000
00000000
00000000
00000000
00000000
07070700
07070707
07070707
00000707
00000000
00000000
00000000
00000000
00000000
00000000
00000000
00000000
00000000
00000000
00000000
00000000
00000000
07070700
07070707
07070707
07070707
07070707
07070707
07070707
07070707
07070707
07070707
00000000
00000000
00000000
00000000
00000000
00000000
07070700
07070707
07070707
07070707
07070707
07070707
07070707
07070707
07070707
07070707
00000000
00000000
00000000
00000000
00000000
00000000
00000000
00000000
00000000
00000000
00000000
00000000
00000000
00000000
00000000
00000000
00000000
06060600
06060606
06060606
06060606
06060606
06060606
06060606
06060606
06060606
06060606
00000000
00000000
00000000
00000000
07070000
07070707
07070707
00070707
00000000
00000000
00000000
00000000
00000000
00000000
00000000
07070707
07070707
07070707
00000007
00000000
07000000
07070707
07070707
07070707
07070707
07070707
07070707
07070707
07070707
07070707
07070707
07070707
07070707
00000707
00000000
00000000
00000000
00000000
00000000
00000000
00000000
00000000
00000000
00000000
00000000
00000000
00000000
00000000
00000000
00000000
07070700
07070707
07070707
00000707
00000000
00000000
00000000
00000000
00000000
00000000
00000000
00000000
00000000
00000000
00000000
00000000
00000000
07070700
07070707
07070707
07070707
07070707
07070707
07070707
07070707
07070707
07070707
00000000
00000000
00000000
00000000
00000000
00000000
07070700
07070707
07070707
07070707
07070707
07070707
07070707
07070707
07070707
07070707
00000000
00000000
00000000
00000000
00000000
00000000
00000000
00000000
00000000
00000000
00000000
00000000
00000000
00000000
00000000
00000000
00000000
06060600
06060606
06060606
06060606
06060606
06060606
06060606
06060606
06060606
06060606
00000000
00000000
00000000
00000000
07070000
07070707
07070707
00070707
00000000
00000000
00000000
00000000
00000000
00000000
00000000
07070707
07070707
07070707
00000007
00000000
07000000
07070707
07070707
07070707
07070707
07070707
07070707
07070707
07070707
07070707
07070707
07070707
07070707
00000707
00000000
00000000
00000000
00000000
00000000
00000000
00000000
00000000
00000000
00000000
00000000
00000000
00000000
00000000
00000000
00000000
07070700
07070707
07070707
00000707
00000000
00000000
00000000
00000000
00000000
00000000
00000000
00000000
00000000
00000000
00000000
00000000
00000000
07070700
07070707
07070707
07070707
07070707
07070707
07070707
07070707
07070707
07070707
00000000
00000000
00000000
00000000
00000000
00000000
07070700
07070707
07070707
07070707
07070707
07070707
07070707
07070707
07070707
07070707
00000000
00000000
00000000
00000000
00000000
00000000
00000000
00000000
00000000
00000000
00000000
00000000
00000000
00000000
00000000
00000000
00000000
06060600
06060606
06060606
06060606
06060606
06060606
06060606
06060606
06060606
06060606
00000000
00000000
00000000
00000000
07070000
07070707
07070707
00070707
00000000
00000000
00000000
00000000
00000000
00000000
00000000
07070707
07070707
07070707
00000007
00000000
07000000
07070707
07070707
07070707
07070707
07070707
07070707
07070707
07070707
07070707
07070707
07070707
07070707
00000707
00000000
00000000
00000000
00000000
00000000
00000000
00000000
00000000
00000000
00000000
00000000
00000000
00000000
00000000
00000000
00000000
07070700
07070707
07070707
00000707
00000000
00000000
00000000
00000000
00000000
00000000
00000000
00000000
00000000
00000000
00000000
00000000
00000000
07070700
07070707
07070707
07070707
07070707
07070707
07070707
07070707
07070707
07070707
00000000
00000000
00000000
00000000
00000000
00000000
07070700
07070707
07070707
07070707
07070707
07070707
07070707
07070707
07070707
07070707
00000000
00000000
00000000
00000000
00000000
00000000
00000000
00000000
00000000
00000000
00000000
00000000
00000000
00000000
00000000
00000000
00000000
06060600
06060606
06060606
06060606
06060606
06060606
06060606
06060606
06060606
06060606
00000000
00000000
00000000
00000000
07070000
07070707
07070707
00070707
00000000
00000000
00000000
00000000
00000000
00000000
00000000
07070707
07070707
07070707
00000007
00000000
07000000
07070707
07070707
07070707
07070707
07070707
07070707
07070707
07070707
07070707
07070707
07070707
07070707
00000707
00000000
00000000
00000000
00000000
00000000
00000000
00000000
00000000
00000000
00000000
00000000
00000000
00000000
00000000
00000000
00000000
07070700
07070707
07070707
00000707
00000000
00000000
00000000
00000000
00000000
00000000
00000000
00000000
00000000
00000000
00000000
00000000
00000000
07070700
07070707
07070707
07070707
07070707
07070707
07070707
07070707
07070707
07070707
00000000
00000000
00000000
00000000
00000000
00000000
07070700
07070707
07070707
07070707
07070707
07070707
07070707
07070707
07070707
07070707
00000000
00000000
00000000
00000000
00000000
00000000
00000000
00000000
00000000
00000000
00000000
00000000
00000000
00000000
00000000
00000000
00000000
06060600
06060606
06060606
06060606
06060606
06060606
06060606
06060606
06060606
06060606
00000000
00000000
00000000
00000000
07070000
07070707
07070707
00070707
00000000
00000000
00000000
00000000
00000000
00000000
00000000
07070707
07070707
07070707
00000007
00000000
07000000
07070707
07070707
07070707
07070707
07070707
07070707
07070707
07070707
07070707
07070707
07070707
07070707
00000707
00000000
00000000
00000000
00000000
00000000
00000000
00000000
00000000
00000000
00000000
00000000
00000000
00000000
00000000
00000000
00000000
07070700
07070707
07070707
00000707
00000000
00000000
00000000
00000000
00000000
00000000
00000000
00000000
00000000
00000000
00000000
00000000
00000000
07070700
07070707
07070707
07070707
07070707
07070707
07070707
07070707
07070707
07070707
00000000
00000000
00000000
00000000
00000000
00000000
07070700
07070707
07070707
07070707
07070707
07070707
07070707
07070707
07070707
07070707
00000000
00000000
00000000
00000000
00000000
00000000
00000000
00000000
00000000
00000000
00000000
00000000
00000000
00000000
00000000
00000000
00000000
06060600
06060606
06060606
06060606
06060606
06060606
06060606
06060606
06060606
06060606
00000000
00000000
00000000
00000000
07070000
07070707
07070707
00070707
00000000
00000000
00000000
00000000
00000000
00000000
00000000
07070707
07070707
07070707
00000007
00000000
07000000
07070707
07070707
07070707
07070707
07070707
07070707
07070707
07070707
07070707
07070707
07070707
07070707
00000707
00000000
00000000
00000000
00000000
00000000
00000000
00000000
00000000
00000000
00000000
00000000
00000000
00000000
00000000
00000000
00000000
07070700
07070707
07070707
00000707
00000000
00000000
00000000
00000000
00000000
00000000
00000000
00000000
00000000
00000000
00000000
00000000
00000000
07070700
07070707
07070707
07070707
07070707
07070707
07070707
07070707
07070707
07070707
00000000
00000000
00000000
00000000
00000000
00000000
07070700
07070707
07070707
07070707
07070707
07070707
07070707
07070707
07070707
07070707
00000000
00000000
00000000
00000000
00000000
00000000
00000000
00000000
00000000
00000000
00000000
00000000
00000000
00000000
00000000
00000000
00000000
06060600
06060606
06060606
06060606
06060606
06060606
06060606
06060606
06060606
06060606
00000000
00000000
00000000
00000000
07070000
07070707
07070707
00070707
00000000
00000000
00000000
00000000
00000000
00000000
00000000
07070707
07070707
07070707
00000007
00000000
07000000
07070707
07070707
07070707
07070707
07070707
07070707
07070707
07070707
07070707
07070707
07070707
07070707
00000707
00000000
00000000
00000000
00000000
00000000
00000000
00000000
00000000
00000000
00000000
00000000
00000000
00000000
00000000
00000000
00000000
07070700
07070707
07070707
00000707
00000000
00000000
00000000
00000000
00000000
00000000
00000000
00000000
00000000
00000000
00000000
00000000
00000000
07070700
07070707
07070707
07070707
07070707
07070707
07070707
07070707
07070707
07070707
00000000
00000000
00000000
00000000
00000000
00000000
07070700
07070707
07070707
07070707
07070707
07070707
07070707
07070707
07070707
07070707
00000000
00000000
00000000
00000000
00000000
00000000
00000000
00000000
00000000
00000000
00000000
00000000
00000000
00000000
00000000
00000000
00000000
06060600
06060606
06060606
06060606
06060606
06060606
06060606
06060606
06060606
06060606
00000000
00000000
00000000
00000000
07070000
07070707
07070707
00070707
00000000
00000000
00000000
00000000
00000000
00000000
00000000
07070707
07070707
07070707
00000007
00000000
07000000
07070707
07070707
07070707
07070707
07070707
07070707
07070707
07070707
07070707
07070707
07070707
07070707
00000707
00000000
00000000
00000000
00000000
00000000
00000000
00000000
00000000
00000000
00000000
00000000
00000000
00000000
00000000
00000000
00000000
07070700
07070707
07070707
00000707
00000000
00000000
00000000
00000000
00000000
00000000
00000000
00000000
00000000
00000000
00000000
00000000
00000000
07070700
07070707
07070707
07070707
07070707
07070707
07070707
07070707
07070707
07070707
00000000
00000000
00000000
00000000
00000000
00000000
07070700
07070707
07070707
07070707
07070707
07070707
07070707
07070707
07070707
07070707
00000000
00000000
00000000
00000000
00000000
00000000
00000000
00000000
00000000
00000000
00000000
00000000
00000000
00000000
00000000
00000000
00000000
06060600
06060606
06060606
06060606
06060606
06060606
06060606
06060606
06060606
06060606
00000000
00000000
00000000
00000000
07070000
07070707
07070707
00070707
00000000
00000000
00000000
00000000
00000000
00000000
00000000
07070707
07070707
07070707
00000007
00000000
07000000
07070707
07070707
07070707
07070707
07070707
07070707
07070707
07070707
07070707
07070707
07070707
07070707
00000707
00000000
00000000
00000000
00000000
00000000
00000000
00000000
00000000
00000000
00000000
00000000
00000000
00000000
00000000
00000000
00000000
00000000
00000000
00000000
00000000
00000000
00000000
00000000
00000000
00000000
00000000
00000000
00000000
00000000
00000000
00000000
00000000
00000000
00000000
00000000
00000000
00000000
00000000
00000000
00000000
00000000
00000000
00000000
00000000
00000000
00000000
00000000
00000000
00000000
00000000
00000000
00000000
00000000
00000000
00000000
00000000
00000000
00000000
00000000
00000000
00000000
00000000
00000000
00000000
00000000
00000000
00000000
00000000
00000000
00000000
00000000
00000000
00000000
00000000
00000000
00000000
00000000
00000000
00000000
00000000
00000000
00000000
00000000
00000000
00000000
00000000
00000000
00000000
00000000
00000000
00000000
00000000
00000000
00000000
00000000
00000000
00000000
00000000
00000000
00000000
00000000
00000000
00000000
00000000
00000000
00000000
00000000
00000000
00000000
00000000
00000000
00000000
00000000
00000000
00000000
00000000
00000000
00000000
00000000
00000000
00000000
00000000
00000000
00000000
00000000
00000000
00000000
00000000
00000000
00000000
00000000
00000000
00000000
00000000
00000000
00000000
00000000
00000000
00000000
00000000
00000000
00000000
00000000
00000000
00000000
00000000
00000000
00000000
00000000
00000000
00000000
00000000
00000000
00000000
00000000
00000000
00000000
00000000
00000000
00000000
00000000
00000000
00000000
00000000
00000000
00000000
00000000
00000000
00000000
00000000
00000000
00000000
00000000
00000000
00000000
00000000
00000000
00000000
00000000
00000000
00000000
00000000
00000000
00000000
00000000
00000000
00000000
00000000
00000000
00000000
00000000
00000000
00000000
00000000
00000000
00000000
00000000
00000000
00000000
00000000
00000000
00000000
00000000
00000000
00000000
00000000
00000000
00000000
00000000
00000000
00000000
00000000
00000000
00000000
00000000
00000000
00000000
00000000
00000000
00000000
00000000
00000000
00000000
00000000
00000000
00000000
00000000
00000000
00000000
00000000
00000000
00000000
00000000
00000000
00000000
00000000
00000000
00000000
00000000
00000000
00000000
00000000
00000000
00000000
00000000
00000000
00000000
00000000
00000000
00000000
00000000
00000000
00000000
00000000
00000000
00000000
00000000
00000000
00000000
00000000
00000000
00000000
00000000
00000000
00000000
00000000
00000000
00000000
00000000
00000000
00000000
00000000
00000000
00000000
00000000
00000000
00000000
00000000
00000000
00000000
00000000
00000000
00000000
00000000
00000000
00000000
00000000
00000000
00000000
00000000
00000000
00000000
00000000
00000000
00000000
00000000
00000000
00000000
00000000
00000000
00000000
00000000
00000000
00000000
00000000
00000000
00000000
00000000
00000000
00000000
00000000
00000000
00000000
00000000
00000000
00000000
00000000
00000000
00000000
00000000
00000000
00000000
00000000
00000000
00000000
00000000
00000000
00000000
00000000
00000000
00000000
00000000
00000000
00000000
00000000
00000000
00000000
00000000
00000000
00000000
00000000
00000000
00000000
00000000
00000000
00000000
00000000
00000000
00000000
00000000
00000000
00000000
00000000
00000000
00000000
00000000
00000000
00000000
00000000
00000000
00000000
00000000
00000000
00000000
00000000
00000000
00000000
00000000
00000000
00000000
00000000
00000000
00000000
00000000
00000000
00000000
00000000
00000000
00000000
00000000
00000000
00000000
00000000
00000000
00000000
00000000
00000000
00000000
00000000
00000000
00000000
00000000
00000000
00000000
00000000
00000000
00000000
00000000
00000000
00000000
00000000
00000000
00000000
00000000
00000000
00000000
00000000
00000000
00000000
00000000
00000000
00000000
00000000
00000000
00000000
00000000
00000000
00000000
00000000
00000000
00000000
00000000
00000000
00000000
00000000
00000000
00000000
00000000
00000000
00000000
00000000
00000000
00000000
00000000
00000000
00000000
00000000
00000000
00000000
00000000
00000000
00000000
00000000
00000000
00000000
00000000
00000000
00000000
00000000
00000000
00000000
00000000
00000000
00000000
00000000
00000000
00000000
00000000
00000000
00000000
00000000
00000000
00000000
00000000
00000000
00000000
00000000
00000000
00000000
00000000
00000000
00000000
00000000
00000000
00000000
00000000
00000000
00000000
00000000
00000000
00000000
00000000
00000000
00000000
00000000
00000000
00000000
00000000
00000000
00000000
00000000
00000000
00000000
00000000
00000000
00000000
00000000
00000000
00000000
00000000
00000000
00000000
00000000
00000000
00000000
00000000
00000000
00000000
00000000
00000000
00000000
00000000
00000000
00000000
00000000
00000000
00000000
00000000
00000000
00000000
00000000
00000000
00000000
00000000
00000000
00000000
00000000
00000000
00000000
00000000
00000000
00000000
00000000
00000000
00000000
00000000
00000000
00000000
00000000
00000000
00000000
00000000
00000000
00000000
00000000
00000000
00000000
00000000
00000000
00000000
00000000
00000000
00000000
00000000
00000000
00000000
00000000
00000000
00000000
00000000
00000000
00000000
00000000
00000000
00000000
00000000
00000000
00000000
00000000
00000000
00000000
00000000
00000000
00000000
00000000
00000000
00000000
00000000
00000000
00000000
00000000
00000000
00000000
00000000
00000000
00000000
00000000
00000000
00000000
00000000
00000000
00000000
00000000
00000000
00000000
00000000
00000000
00000000
00000000
00000000
00000000
00000000
00000000
00000000
00000000
00000000
00000000
00000000
00000000
00000000
00000000
00000000
00000000
00000000
00000000
00000000
00000000
00000000
00000000
00000000
00000000
00000000
00000000
00000000
00000000
00000000
00000000
00000000
00000000
00000000
00000000
00000000
00000000
00000000
00000000
00000000
00000000
00000000
00000000
00000000
00000000
00000000
00000000
00000000
00000000
00000000
00000000
00000000
00000000
00000000
00000000
00000000
00000000
00000000
00000000
00000000
00000000
00000000
00000000
00000000
00000000
00000000
00000000
00000000
00000000
00000000
00000000
00000000
00000000
00000000
00000000
00000000
00000000
00000000
00000000
00000000
00000000
00000000
00000000
00000000
00000000
00000000
00000000
00000000
00000000
00000000
00000000
00000000
00000000
00000000
00000000
00000000
00000000
00000000
00000000
00000000
00000000
00000000
00000000
00000000
00000000
00000000
00000000
00000000
00000000
00000000
00000000
00000000
00000000
00000000
00000000
00000000
00000000
00000000
00000000
00000000
00000000
00000000
00000000
00000000
00000000
00000000
00000000
00000000
00000000
00000000
00000000
00000000
00000000
00000000
00000000
00000000
00000000
00000000
00000000
00000000
00000000
00000000
00000000
00000000
00000000
00000000
00000000
00000000
00000000
00000000
00000000
00000000
00000000
00000000
00000000
00000000
00000000
00000000
00000000
00000000
00000000
00000000
00000000
00000000
00000000
00000000
00000000
00000000
00000000
00000000
00000000
00000000
00000000
00000000
00000000
00000000
00000000
00000000
00000000
00000000
00000000
00000000
00000000
00000000
00000000
00000000
00000000
00000000
00000000
00000000
00000000
00000000
00000000
00000000
00000000
00000000
00000000
00000000
00000000
00000000
00000000
00000000
00000000
00000000
00000000
00000000
00000000
00000000
00000000
00000000
00000000
00000000
00000000
00000000
00000000
00000000
00000000
00000000
00000000
00000000
00000000
00000000
00000000
00000000
00000000
00000000
00000000
00000000
00000000
00000000
00000000
00000000
00000000
00000000
00000000
00000000
00000000
00000000
00000000
00000000
00000000
00000000
00000000
00000000
00000000
00000000
00000000
00000000
00000000
00000000
00000000
00000000
00000000
00000000
00000000
00000000
00000000
00000000
00000000
00000000
00000000
00000000
00000000
00000000
00000000
00000000
00000000
00000000
00000000
00000000
00000000
00000000
00000000
00000000
00000000
00000000
00000000
00000000
00000000
00000000
00000000
00000000
00000000
00000000
00000000
00000000
00000000
00000000
00000000
00000000
00000000
00000000
00000000
00000000
00000000
00000000
00000000
00000000
00000000
00000000
00000000
00000000
00000000
00000000
00000000
00000000
00000000
00000000
00000000
00000000
00000000
00000000
00000000
00000000
00000000
00000000
00000000
00000000
00000000
00000000
00000000
00000000
00000000
00000000
00000000
00000000
00000000
00000000
00000000
00000000
00000000
00000000
00000000
00000000
00000000
00000000
00000000
00000000
00000000
00000000
00000000
00000000
00000000
00000000
00000000
00000000
00000000
00000000
00000000
00000000
00000000
00000000
00000000
00000000
00000000
00000000
00000000
00000000
00000000
00000000
00000000
00000000
00000000
00000000
00000000
00000000
00000000
00000000
00000000
00000000
00000000
00000000
00000000
00000000
00000000
00000000
00000000
00000000
00000000
00000000
00000000
00000000
00000000
00000000
00000000
00000000
00000000
00000000
00000000
00000000
00000000
00000000
00000000
00000000
00000000
00000000
00000000
00000000
00000000
00000000
00000000
00000000
00000000
00000000
00000000
00000000
00000000
00000000
00000000
00000000
00000000
00000000
00000000
00000000
00000000
00000000
00000000
00000000
00000000
00000000
00000000
00000000
00000000
00000000
00000000
00000000
00000000
00000000
00000000
00000000
00000000
00000000
00000000
00000000
00000000
00000000
00000000
00000000
00000000
00000000
00000000
00000000
00000000
00000000
00000000
00000000
00000000
00000000
00000000
00000000
00000000
00000000
00000000
00000000
00000000
00000000
00000000
00000000
00000000
00000000
00000000
00000000
00000000
00000000
00000000
00000000
00000000
00000000
00000000
00000000
00000000
00000000
00000000
00000000
00000000
00000000
00000000
00000000
00000000
00000000
00000000
00000000
00000000
00000000
00000000
00000000
00000000
00000000
00000000
00000000
00000000
00000000
00000000
00000000
00000000
00000000
00000000
00000000
00000000
00000000
00000000
00000000
00000000
00000000
00000000
00000000
00000000
00000000
00000000
00000000
00000000
00000000
00000000
00000000
00000000
00000000
00000000
00000000
00000000
00000000
00000000
00000000
00000000
00000000
00000000
00000000
00000000
00000000
00000000
00000000
00000000
00000000
00000000
00000000
00000000
00000000
00000000
00000000
00000000
00000000
00000000
00000000
00000000
00000000
00000000
00000000
00000000
00000000
00000000
00000000
00000000
00000000
00000000
00000000
00000000
00000000
00000000
00000000
00000000
00000000
00000000
00000000
00000000
00000000
00000000
00000000
00000000
00000000
00000000
00000000
00000000
00000000
00000000
00000000
00000000
00000000
00000000
00000000
00000000
00000000
00000000
00000000
00000000
00000000
00000000
00000000
00000000
00000000
00000000
00000000
00000000
00000000
00000000
00000000
00000000
00000000
00000000
00000000
00000000
00000000
00000000
00000000
00000000
00000000
00000000
00000000
00000000
00000000
00000000
00000000
00000000
00000000
00000000
00000000
00000000
00000000
00000000
00000000
00000000
00000000
00000000
00000000
00000000
00000000
00000000
00000000
00000000
00000000
00000000
00000000
00000000
00000000
00000000
00000000
00000000
00000000
00000000
00000000
00000000
00000000
00000000
00000000
00000000
00000000
00000000
00000000
00000000
00000000
00000000
00000000
00000000
00000000
00000000
00000000
00000000
00000000
00000000
00000000
00000000
00000000
00000000
00000000
00000000
00000000
00000000
00000000
00000000
00000000
00000000
00000000
00000000
00000000
00000000
00000000
00000000
00000000
00000000
00000000
00000000
00000000
00000000
00000000
00000000
00000000
00000000
00000000
00000000
00000000
00000000
00000000
00000000
00000000
00000000
00000000
00000000
00000000
00000000
00000000
00000000
00000000
00000000
00000000
00000000
00000000
00000000
00000000
00000000
00000000
00000000
00000000
00000000
00000000
00000000
00000000
00000000
00000000
00000000
00000000
00000000
00000000
00000000
00000000
00000000
00000000
00000000
00000000
00000000
00000000
00000000
00000000
00000000
00000000
00000000
00000000
00000000
00000000
00000000
00000000
00000000
00000000
00000000
00000000
00000000
00000000
00000000
00000000
00000000
00000000
00000000
00000000
00000000
00000000
00000000
00000000
00000000
00000000
00000000
00000000
00000000
00000000
00000000
00000000
00000000
00000000
00000000
00000000
00000000
00000000
00000000
00000000
00000000
00000000
00000000
00000000
00000000
00000000
00000000
00000000
00000000
00000000
00000000
00000000
00000000
00000000
00000000
00000000
00000000
00000000
00000000
00000000
00000000
00000000
00000000
00000000
00000000
00000000
00000000
00000000
00000000
00000000
00000000
00000000
00000000
00000000
00000000
00000000
00000000
00000000
00000000
00000000
00000000
00000000
00000000
00000000
00000000
00000000
00000000
00000000
00000000
00000000
00000000
00000000
00000000
00000000
00000000
00000000
00000000
00000000
00000000
00000000
00000000
00000000
00000000
00000000
00000000
00000000
00000000
00000000
00000000
00000000
00000000
00000000
00000000
00000000
00000000
00000000
00000000
00000000
00000000
00000000
00000000
00000000
00000000
00000000
00000000
00000000
00000000
00000000
00000000
00000000
00000000
00000000
00000000
00000000
00000000
00000000
00000000
00000000
00000000
00000000
00000000
00000000
00000000
00000000
00000000
00000000
00000000
00000000
00000000
00000000
00000000
00000000
00000000
00000000
00000000
00000000
00000000
00000000
00000000
00000000
00000000
00000000
00000000
00000000
00000000
00000000
00000000
00000000
00000000
00000000
00000000
00000000
00000000
00000000
00000000
00000000
00000000
00000000
00000000
00000000
00000000
00000000
00000000
00000000
00000000
00000000
00000000
00000000
00000000
00000000
00000000
00000000
00000000
00000000
00000000
00000000
00000000
00000000
00000000
00000000
00000000
00000000
00000000
00000000
00000000
00000000
00000000
00000000
00000000
00000000
00000000
00000000
00000000
00000000
00000000
00000000
00000000
00000000
00000000
00000000
00000000
00000000
00000000
00000000
00000000
00000000
00000000
00000000
00000000
00000000
00000000
00000000
00000000
00000000
00000000
00000000
00000000
00000000
00000000
00000000
00000000
00000000
00000000
00000000
00000000
00000000
00000000
00000000
00000000
00000000
00000000
00000000
00000000
00000000
00000000
00000000
00000000
00000000
00000000
00000000
00000000
00000000
00000000
00000000
00000000
00000000
00000000
00000000
00000000
00000000
00000000
00000000
00000000
00000000
00000000
00000000
00000000
00000000
00000000
00000000
00000000
00000000
00000000
00000000
00000000
00000000
00000000
00000000
00000000
00000000
00000000
00000000
00000000
00000000
00000000
00000000
00000000
00000000
00000000
00000000
00000000
00000000
00000000
00000000
00000000
00000000
00000000
00000000
00000000
00000000
00000000
00000000
00000000
00000000
00000000
00000000
00000000
00000000
00000000
00000000
00000000
00000000
00000000
00000000
00000000
00000000
00000000
00000000
00000000
00000000
00000000
00000000
00000000
00000000
00000000
00000000
00000000
00000000
00000000
00000000
00000000
00000000
00000000
00000000
00000000
00000000
00000000
00000000
00000000
00000000
00000000
00000000
00000000
00000000
00000000
00000000
00000000
00000000
00000000
00000000
00000000
00000000
00000000
00000000
00000000
00000000
00000000
00000000
00000000
00000000
00000000
00000000
00000000
00000000
00000000
00000000
00000000
00000000
00000000
00000000
00000000
00000000
00000000
00000000
00000000
00000000
00000000
00000000
00000000
00000000
00000000
00000000
00000000
00000000
00000000
00000000
00000000
00000000
00000000
00000000
00000000
00000000
00000000
00000000
00000000
00000000
00000000
00000000
00000000
00000000
00000000
00000000
00000000
00000000
00000000
00000000
00000000
00000000
00000000
00000000
00000000
00000000
00000000
00000000
00000000
00000000
00000000
00000000
00000000
00000000
00000000
00000000
00000000
00000000
00000000
00000000
00000000
00000000
00000000
00000000
00000000
00000000
00000000
00000000
00000000
00000000
00000000
00000000
00000000
00000000
00000000
00000000
00000000
00000000
00000000
00000000
00000000
00000000
00000000
00000000
00000000
00000000
00000000
00000000
00000000
00000000
00000000
00000000
00000000
00000000
00000000
00000000
00000000
00000000
00000000
00000000
00000000
00000000
00000000
00000000
00000000
00000000
00000000
00000000
00000000
00000000
00000000
00000000
00000000
00000000
00000000
00000000
00000000
00000000
00000000
00000000
00000000
00000000
00000000
00000000
00000000
00000000
00000000
00000000
00000000
00000000
00000000
00000000
00000000
00000000
00000000
00000000
00000000
00000000
00000000
00000000
00000000
00000000
00000000
00000000
00000000
00000000
00000000
00000000
00000000
00000000
00000000
00000000
00000000
00000000
00000000
00000000
00000000
00000000
00000000
00000000
00000000
00000000
00000000
00000000
00000000
00000000
00000000
00000000
00000000
00000000
00000000
00000000
00000000
00000000
00000000
00000000
00000000
00000000
00000000
00000000
00000000
00000000
00000000
00000000
00000000
00000000
00000000
00000000
00000000
00000000
00000000
00000000
00000000
00000000
00000000
00000000
00000000
00000000
00000000
00000000
00000000
00000000
00000000
00000000
00000000
00000000
00000000
00000000
00000000
00000000
00000000
00000000
00000000
00000000
00000000
00000000
00000000
00000000
00000000
00000000
00000000
00000000
00000000
00000000
00000000
00000000
00000000
00000000
00000000
00000000
00000000
00000000
00000000
00000000
00000000
00000000
00000000
00000000
00000000
00000000
00000000
00000000
00000000
00000000
00000000
00000000
00000000
00000000
00000000
00000000
00000000
00000000
00000000
00000000
00000000
00000000
00000000
00000000
00000000
00000000
00000000
00000000
00000000
00000000
06060000
00060606
00000000
06060600
00000006
06060400
00000406
06000000
00060606
00000000
00000000
06000000
00000000
00000600
00000000
00000000
06060600
06060606
06060000
04060606
00000000
06060600
00000006
06000000
00000000
00000000
00000000
00000000
06060606
00000000
06060600
00000006
00000006
00060000
06060600
00040606
00060000
00000000
06000006
06060606
00000606
06060606
00060606
06060600
00000606
00000000
00000000
00000000
00000000
00000000
00000000
00000000
00000000
00000000
00000000
00000000
00000000
00000000
00000000
00000000
00000000
00000000
00000000
00000000
00000000
00000000
00000000
00000000
00000000
00000000
00000000
00000000
00000000
00000000
00000000
00000000
00000000
00000000
00000000
00000000
00000000
00000000
00000000
00000000
00000000
00000000
00000000
00000000
00000000
00000000
00000000
00000000
00000000
00000000
00000000
00000000
00000000
00000000
00000000
00000000
00000000
00000000
00000000
00000000
00000000
00000000
00000000
00000000
00000000
00000000
00000000
00000000
00000000
00000000
00000000
00000000
00000000
00000000
00000000
00000000
06060000
06060606
00000000
06060606
00000006
06060600
00000606
06060000
00060606
00000000
00000000
06000000
00000006
00000606
00000000
00000000
06060600
06060606
06060000
06060606
00000000
06060606
00000006
06060000
00000006
00000000
00000000
06000000
06060606
00000000
06060606
00000006
00000606
00060600
06060600
00060606
06060000
06000000
06000006
06060606
00000606
06060606
00060606
06060600
00060606
00000000
00000000
00000000
00000000
00000000
00000000
00000000
00000000
00000000
00000000
00000000
00000000
00000000
00000000
00000000
00000000
00000000
00000000
00000000
00000000
00000000
00000000
00000000
00000000
00000000
00000000
00000000
00000000
00000000
00000000
00000000
00000000
00000000
00000000
00000000
00000000
00000000
00000000
00000000
00000000
00000000
00000000
00000000
00000000
00000000
00000000
00000000
00000000
00000000
00000000
00000000
00000000
00000000
00000000
00000000
00000000
00000000
00000000
00000000
00000000
00000000
00000000
00000000
00000000
00000000
00000000
00000000
00000000
00000000
00000000
00000000
00000000
00000000
00000000
00000000
06060000
06000000
00000006
06060000
00000000
00000606
00060600
00060600
06060000
00000000
00000000
06000000
00000006
00000606
00000000
00000000
00060600
00000000
06060000
06000000
06000006
00000006
00000606
06060000
00000606
00000000
00000000
06060000
06000000
06000006
00000006
00000606
00040606
00060600
00060600
06060000
06060000
06000000
00000006
06060600
00000000
00000606
00000000
00060600
06060000
00000000
00000000
00000000
00000000
00000000
00000000
00000000
00000000
00000000
00000000
00000000
00000000
00000000
00000000
00000000
00000000
00000000
00000000
00000000
00000000
00000000
00000000
00000000
00000000
00000000
00000000
00000000
00000000
00000000
00000000
00000000
00000000
00000000
00000000
00000000
00000000
00000000
00000000
00000000
00000000
00000000
00000000
00000000
00000000
00000000
00000000
00000000
00000000
00000000
00000000
00000000
00000000
00000000
00000000
00000000
00000000
00000000
00000000
00000000
00000000
00000000
00000000
00000000
00000000
00000000
00000000
00000000
00000000
00000000
00000000
00000000
00000000
00000000
00000000
00000000
06060000
06000000
00000006
04060000
00000000
00000606
00060000
00060600
06040000
00000000
00000000
06000000
00000006
00000606
00000000
00000000
00060600
00000000
06060000
06000000
06000006
00000006
00000600
00060600
00000606
00000000
00000000
06060000
00000000
06000006
00000006
00000604
00060606
00060606
00060600
06040000
06060000
06000000
00000006
00060000
00000000
00000606
00000000
00060600
06060000
00000000
00000000
00000000
00000000
00000000
00000000
00000000
00000000
00000000
00000000
00000000
00000000
00000000
00000000
00000000
00000000
00000000
00000000
00000000
00000000
00000000
00000000
00000000
00000000
00000000
00000000
00000000
00000000
00000000
00000000
00000000
00000000
00000000
00000000
00000000
00000000
00000000
00000000
00000000
00000000
00000000
00000000
00000000
00000000
00000000
00000000
00000000
00000000
00000000
00000000
00000000
00000000
00000000
00000000
00000000
00000000
00000000
00000000
00000000
00000000
00000000
00000000
00000000
00000000
00000000
00000000
00000000
00000000
00000000
00000000
00000000
00000000
00000000
00000000
00000000
06060000
06000000
00000006
06060000
00000000
00000606
00000000
00060600
00000000
00000000
00000000
06000000
00000006
00000606
00000000
00000000
00060600
00000000
06060000
06000000
06000006
00000006
00000000
00000606
00060600
00000000
00000000
06060000
00000000
06000000
00000006
00000600
06060606
00060606
00060600
06060000
06060000
06000000
00000006
00060000
00000000
00000606
00000000
00060600
06060000
00000000
00000000
00000000
00000000
00000000
00000000
00000000
00000000
00000000
00000000
00000000
00000000
00000000
00000000
00000000
00000000
00000000
00000000
00000000
00000000
00000000
00000000
00000000
00000000
00000000
00000000
00000000
00000000
00000000
00000000
00000000
00000000
00000000
00000000
00000000
00000000
00000000
00000000
00000000
00000000
00000000
00000000
00000000
00000000
00000000
00000000
00000000
00000000
00000000
00000000
00000000
00000000
00000000
00000000
00000000
00000000
00000000
00000000
00000000
00000000
00000000
00000000
00000000
00000000
00000000
00000000
00000000
00000000
00000000
00000000
00000000
00000000
00000000
00000000
00000000
06060000
06000000
00000006
06060000
00000000
00000606
00000000
00060600
00000000
00000000
00000000
06000000
00000006
00000606
00000000
00000000
00060600
00000000
06060000
06000000
06000006
00000006
00000000
00000606
00060000
00000000
00000000
06060000
00000000
06000000
00000006
00000600
06000606
00060606
00060600
06060000
06060000
06000000
00000006
00060000
00000000
00000606
00000000
00060600
06060000
00000000
00000000
00000000
00000000
00000000
00000000
00000000
00000000
00000000
00000000
00000000
00000000
00000000
00000000
00000000
00000000
00000000
00000000
00000000
00000000
00000000
00000000
00000000
00000000
00000000
00000000
00000000
00000000
00000000
00000000
00000000
00000000
00000000
00000000
00000000
00000000
00000000
00000000
00000000
00000000
00000000
00000000
00000000
00000000
06000000
06060606
06060606
06060606
06060606
06060606
06060606
06060606
06060606
06060606
06060606
06060606
06060606
06060606
06060606
06060606
06060606
06060606
06060606
06060606
06060606
06060606
06060606
06060606
06060606
06060606
06060606
06060606
06060606
00000000
00000000
06060000
06060606
00000000
06060000
00000000
06060600
00000606
00060600
00000000
06060000
06060606
06000006
00000006
00000606
00000000
00000000
06060600
00060606
06060000
06060606
06000000
06000006
00000606
00000606
00060000
00000000
00000000
06060000
00000000
06000000
00000006
00000604
06000606
00060000
06060600
00060606
06060000
06000000
00000006
00060000
00000000
06060606
00000606
06060600
00060606
00000000
00000000
06060606
06060606
06060606
06060606
06060606
06060606
06060606
06060606
06060606
06060606
06060606
06060606
06060606
06060606
06060606
06060606
06060606
06060606
06060606
06060606
06060606
06060606
06060606
06060606
06060606
06060606
00060606
00000000
00000000
00000000
00000000
00000000
00000000
00000000
00000000
00000000
00000000
00000000
00000000
00000000
00000000
00000000
00000000
00000000
00000000
00000000
00000000
00000000
00000000
00000000
00000000
00000000
00000000
00000000
00000000
04000000
00000000
00000000
00000000
00000000
00000000
00000000
00000000
00000000
00000000
00000000
00000000
00000000
00000000
00000000
00000000
00000000
00000000
06060000
00060600
00000000
06060000
00000000
00000000
00060600
00060600
00000000
00000000
00000000
00000000
00000606
00000006
00000000
00000000
00060600
00000000
06060000
00000000
06000000
00000006
00000606
06060606
00060606
00000000
00000000
06060000
00000000
06000000
00000006
00000604
06000606
00060000
00060600
00000000
06060000
06000000
00000006
00060000
00000000
00000606
00000000
06060600
00000606
00000000
00000000
04040600
00000000
00000000
00000000
00000000
00000000
00000000
00000000
00000000
00000000
00000000
00000000
00000000
00000000
00000000
00000000
00000000
00000000
00000000
00000000
00000000
00000000
00000000
00000000
00000000
00000000
00000000
00000000
00000000
00000000
00000000
00000000
00000000
00000000
00000000
00000000
00000000
00000000
00000000
00000000
00000000
00000000
00000000
00000000
00000000
00000000
00000000
00000000
00000000
00000000
00000000
00000000
00000000
00000000
00000000
00000000
00000000
00000000
00000000
00000000
00000000
00000000
00000000
00000000
00000000
00000000
00000000
00000000
00000000
00000000
00000000
00000000
00000000
06060000
00060600
00000000
06060000
00000000
00000000
00060600
00060600
00000000
00000000
00000000
00000000
06000606
00000006
00000000
00000000
00060600
00000000
06060000
00000000
06000000
00000006
00000604
06060606
00060606
00000000
00000000
06060000
00000000
06000000
00000006
00000600
00000606
00060000
00060600
00000000
06060000
06000000
00000006
00060000
00000000
00000606
00000000
00060600
00000606
00000000
00000000
00000000
00000000
00000000
00000000
00000000
00000000
00000000
00000000
00000000
00000000
00000000
00000000
00000000
00000000
00000000
00000000
00000000
00000000
00000000
00000000
00000000
00000000
00000000
00000000
00000000
00000000
00000000
00000000
00000000
00000000
00000000
00000000
00000000
00000000
00000000
00000000
00000000
00000000
00000000
00000000
00000000
00000000
00000000
00000000
00000000
00000000
00000000
00000000
00000000
00000000
00000000
00000000
00000000
00000000
00000000
00000000
00000000
00000000
00000000
00000000
00000000
00000000
00000000
00000000
00000000
00000000
00000000
00000000
00000000
00000000
00000000
00000000
00000000
06060000
06060000
00000000
06060000
00000000
00000606
00060600
00060600
06060000
00000000
00000000
00000000
06060606
00000000
00000000
00000000
00060600
00000000
06060000
00000000
06000000
00000006
00000600
00000606
00060000
00000000
00000000
06060000
00000000
06000006
00000006
00000606
00000606
00060000
00060600
00000000
06060000
06000000
00000006
04060000
00000000
00000606
00000000
00060600
00060600
00000000
00000000
00000000
00000000
00000000
00000000
00000000
00000000
00000000
00000000
00000000
00000000
00000000
00000000
00000000
00000000
00000000
00000000
00000000
00000000
00000000
00000000
00000000
00000000
00000000
00000000
00000000
00000000
00000000
00000000
00000000
00000000
00000000
00000000
00000000
00000000
00000000
00000000
00000000
00000000
00000000
00000000
00000000
00000000
00000000
00000000
00000000
00000000
00000000
00000000
00000000
00000000
00000000
00000000
00000000
00000000
00000000
00000000
00000000
00000000
00000000
00000000
00000000
00000000
00000000
00000000
00000000
00000000
00000000
00000000
00000000
00000000
00000000
00000000
00000000
06060000
06000000
00000006
06060600
00000000
00000606
00060600
06060600
06060000
00000000
00000000
00000000
06060600
00000000
00000000
00000000
00060600
00000000
06060000
00000000
00000000
00000606
00000606
00000606
00060000
00000000
00000000
06000000
06000006
04000006
00000006
00000606
00000606
00060000
00060600
00000000
06060000
06000004
00000006
06060000
00000000
00000606
00000000
00060600
06060400
00000000
00000000
00000000
00000000
00000000
00000000
00000000
00000000
00000000
00000000
00000000
00000000
00000000
00000000
00000000
00000000
00000000
00000000
00000000
00000000
00000000
00000000
00000000
00000000
00000000
00000000
00000000
00000000
00000000
00000000
00000000
00000000
00000000
00000000
00000000
00000000
00000000
00000000
00000000
00000000
00000000
00000000
00000000
00000000
00000000
00000000
00000000
00000000
00000000
00000000
00000000
00000000
00000000
00000000
00000000
00000000
00000000
00000000
00000000
00000000
00000000
00000000
00000000
00000000
00000000
00000000
00000000
00000000
00000000
00000000
00000000
00000000
00000000
00000000
00000000
06060000
04000000
00000006
06060606
00000006
06060600
00000606
06060000
00060606
00000000
00000000
00000000
00060000
00000000
00000000
00000000
00060600
00000000
06060000
00000000
00000000
06060606
00000006
00000606
00060000
00000000
00000000
06000000
06060606
00000000
06060606
00000006
00000606
00060000
00060600
00000000
06000000
06060606
00000000
06060000
00000000
06060606
00060606
00060600
06060000
00000000
00000000
00000000
00000000
00000000
00000000
00000000
00000000
00000000
00000000
00000000
00000000
00000000
00000000
00000000
00000000
00000000
00000000
00000000
00000000
00000000
00000000
00000000
00000000
00000000
00000000
00000000
00000000
00000000
00000000
00000000
00000000
00000000
00000000
00000000
00000000
00000000
00000000
00000000
00000000
00000000
00000000
00000000
00000000
00000000
00000000
00000000
00000000
00000000
00000000
00000000
00000000
00000000
00000000
00000000
00000000
00000000
00000000
00000000
00000000
00000000
00000000
00000000
00000000
00000000
00000000
00000000
00000000
00000000
00000000
00000000
00000000
00000000
00000000
00000000
00000000
00000000
00000000
00000000
00000000
00000000
00000000
00000000
00000000
00000000
00000000
00000000
00000000
00000000
00000000
00000000
00000000
00000000
00000000
00000000
00000000
00000000
00000000
00000000
00000000
00000000
00000000
00000000
00000000
00000000
00000000
00000000
00000000
00000000
00000000
00000000
00000000
00000000
00000000
00000000
00000000
00000000
00000000
00000000
00000000
00000000
00000000
00000000
00000000
00000000
00000000
00000000
00000000
00000000
00000000
00000000
00000000
00000000
00000000
00000000
00000000
00000000
00000000
00000000
00000000
00000000
00000000
00000000
00000000
00000000
00000000
00000000
00000000
00000000
00000000
00000000
00000000
00000000
00000000
00000000
00000000
00000000
00000000
00000000
00000000
00000000
00000000
00000000
00000000
00000000
00000000
00000000
00000000
00000000
00000000
00000000
00000000
00000000
00000000
00000000
00000000
00000000
00000000
00000000
00000000
00000000
00000000
00000000
00000000
00000000
00000000
00000000
00000000
00000000
00000000
00000000
00000000
00000000
00000000
00000000
00000000
00000000
00000000
00000000
00000000
00000000
00000000
00000000
00000000
00000000
00000000
00000000
00000000
00000000
00000000
00000000
00000000
00000000
00000000
00000000
00000000
00000000
00000000
00000000
00000000
00000000
00000000
00000000
00000000
00000000
00000000
00000000
00000000
00000000
00000000
00000000
00000000
00000000
00000000
00000000
00000000
00000000
00000000
00000000
00000000
00000000
00000000
00000000
00000000
00000000
00000000
00000000
00000000
00000000
00000000
00000000
00000000
00000000
00000000
00000000
00000000
00000000
00000000
00000000
00000000
00000000
00000000
00000000
00000000
00000000
00000000
00000000
00000000
00000000
00000000
00000000
00000000
00000000
00000000
00000000
00000000
00000000
00000000
00000000
00000000
00000000
00000000
00000000
00000000
00000000
00000000
00000000
00000000
00000000
00000000
00000000
00000000
00000000
00000000
00000000
00000000
00000000
00000000
00000000
00000000
00000000
00000000
00000000
00000000
00000000
00000000
00000000
00000000
00000000
00000000
00000000
00000000
00000000
00000000
00000000
00000000
00000000
00000000
00000000
00000000
00000000
00000000
00000000
00000000
00000000
00000000
00000000
00000000
00000000
00000000
00000000
00000000
00000000
00000000
00000000
00000000
00000000
00000000
00000000
00000000
00000000
00000000
00000000
00000000
00000000
00000000
00000000
00000000
00000000
00000000
00000000
00000000
00000000
00000000
00000000
00000000
00000000
00000000
00000000
00000000
00000000
00000000
00000000
00000000
00000000
00000000
00000000
00000000
00000000
00000000
00000000
00000000
00000000
00000000
00000000
00000000
00000000
00000000
00000000
00000000
00000000
00000000
00000000
00000000
00000000
00000000
00000000
00000000
00000000
00000000
00000000
00000000
00000000
00000000
00000000
00000000
00000000
00000000
00000000
00000000
00000000
00000000
00000000
00000000
00000000
00000000
00000000
00000000
00000000
00000000
00000000
00000000
00000000
00000000
00000000
00000000
00000000
00000000
00000000
00000000
00000000
00000000
00000000
00000000
00000000
00000000
00000000
00000000
00000000
00000000
00000000
00000000
00000000
00000000
00000000
00000000
00000000
00000000
00000000
00000000
00000000
00000000
00000000
00000000
00000000
00000000
00000000
00000000
00000000
00000000
00000000
00000000
00000000
00000000
00000000
00000000
00000000
00000000
00000000
00000000
00000000
00000000
00000000
00000000
00000000
00000000
00000000
00000000
00000000
00000000
00000000
00000000
00000000
00000000
00000000
00000000
00000000
00000000
00000000
00000000
00000000
00000000
00000000
00000000
00000000
00000000
00000000
00000000
00000000
00000000
00000000
00000000
00000000
00000000
00000000
00000000
00000000
00000000
00000000
00000000
00000000
00000000
00000000
00000000
00000000
00000000
00000000
00000000
00000000
00000000
00000000
00000000
00000000
00000000
00000000
00000000
00000000
00000000
00000000
00000000
00000000
00000000
00000000
00000000
00000000
00000000
00000000
00000000
00000000
00000000
00000000
00000000
00000000
00000000
00000000
00000000
00000000
00000000
00000000
00000000
00000000
00000000
00000000
00000000
00000000
00000000
00000000
00000000
00000000
00000000
00000000
00000000
00000000
00000000
00000000
00000000
00000000
00000000
00000000
00000000
00000000
00000000
00000000
00000000
00000000
00000000
00000000
00000000
00000000
00000000
00000000
00000000
00000000
00000000
00000000
00000000
00000000
00000000
00000000
00000000
00000000
00000000
00000000
00000000
00000000
00000000
00000000
00000000
00000000
00000000
00000000
00000000
00000000
00000000
00000000
00000000
00000000
00000000
00000000
00000000
00000000
00000000
00000000
00000000
00000000
00000000
00000000
00000000
00000000
00000000
00000000
00000000
00000000
00000000
00000000
00000000
00000000
00000000
00000000
00000000
00000000
00000000
00000000
00000000
00000000
00000000
00000000
00000000
00000000
00000000
00000000
00000000
00000000
00000000
00000000
00000000
00000000
00000000
00000000
00000000
00000000
00000000
00000000
00000000
00000000
00000000
00000000
00000000
00000000
00000000
00000000
00000000
00000000
00000000
00000000
00000000
00000000
00000000
00000000
00000000
00000000
00000000
00000000
00000000
00000000
00000000
00000000
00000000
00000000
00000000
00000000
00000000
00000000
00000000
00000000
00000000
00000000
00000000
00000000
00000000
00000000
00000000
00000000
00000000
00000000
00000000
00000000
00000000
00000000
00000000
00000000
00000000
00000000
00000000
00000000
00000000
00000000
00000000
00000000
00000000
00000000
00000000
00000000
00000000
00000000
00000000
00000000
00000000
00000000
00000000
00000000
00000000
00000000
00000000
00000000
00000000
00000000
00000000
00000000
00000000
00000000
00000000
00000000
00000000
00000000
00000000
00000000
00000000
00000000
00000000
00000000
00000000
00000000
00000000
00000000
00000000
00000000
00000000
00000000
00000000
00000000
00000000
00000000
00000000
00000000
00000000
00000000
00000000
00000000
00000000
00000000
00000000
00000000
00000000
00000000
00000000
00000000
00000000
00000000
00000000
00000000
00000000
00000000
00000000
00000000
00000000
00000000
00000000
00000000
00000000
00000000
00000000
00000000
00000000
00000000
00000000
00000000
00000000
00000000
00000000
00000000
00000000
00000000
00000000
00000000
00000000
00000000
00000000
00000000
00000000
00000000
00000000
00000000
00000000
00000000
00000000
00000000
00000000
00000000
00000000
00000000
00000000
00000000
00000000
00000000
00000000
00000000
00000000
00000000
00000000
00000000
00000000
00000000
00000000
00000000
00000000
00000000
00000000
00000000
00000000
00000000
00000000
00000000
00000000
00000000
00000000
00000000
00000000
00000000
00000000
00000000
00000000
00000000
00000000
00000000
00000000
00000000
00000000
00000000
00000000
00000000
00000000
00000000
00000000
00000000
00000000
00000000
00000000
00000000
00000000
00000000
00000000
00000000
00000000
00000000
00000000
00000000
00000000
00000000
00000000
00000000
00000000
00000000
00000000
00000000
00000000
00000000
00000000
00000000
00000000
00000000
00000000
00000000
00000000
00000000
00000000
00000000
00000000
00000000
00000000
00000000
00000000
00000000
00000000
00000000
00000000
00000000
00000000
00000000
00000000
00000000
00000000
00000000
00000000
00000000
00000000
00000000
00000000
00000000
00000000
00000000
00000000
00000000
00000000
00000000
00000000
00000000
00000000
00000000
00000000
00000000
00000000
00000000
00000000
00000000
00000000
00000000
00000000
00000000
00000000
00000000
00000000
00000000
00000000
00000000
00000000
00000000
00000000
00000000
00000000
00000000
00000000
00000000
00000000
00000000
00000000
00000000
00000000
00000000
00000000
00000000
00000000
00000000
00000000
00000000
00000000
00000000
00000000
00000000
00000000
00000000
00000000
00000000
00000000
00000000
00000000
00000000
00000000
00000000
00000000
00000000
00000000
00000000
00000000
00000000
00000000
00000000
00000000
00000000
00000000
00000000
00000000
00000000
00000000
00000000
00000000
00000000
00000000
00000000
00000000
00000000
00000000
00000000
00000000
00000000
00000000
00000000
00000000
00000000
00000000
00000000
00000000
00000000
00000000
00000000
00000000
00000000
00000000
00000000
00000000
00000000
00000000
00000000
00000000
00000000
00000000
00000000
00000000
00000000
00000000
00000000
00000000
00000000
00000000
00000000
00000000
00000000
00000000
00000000
00000000
00000000
00000000
00000000
00000000
00000000
00000000
00000000
00000000
00000000
00000000
00000000
00000000
00000000
00000000
00000000
00000000
00000000
00000000
00000000
00000000
00000000
00000000
00000000
00000000
00000000
00000000
00000000
00000000
00000000
00000000
00000000
00000000
00000000
00000000
00000000
00000000
00000000
00000000
00000000
00000000
00000000
00000000
00000000
00000000
00000000
00000000
00000000
00000000
00000000
00000000
00000000
00000000
00000000
00000000
00000000
00000000
00000000
00000000
00000000
00000000
00000000
00000000
00000000
00000000
00000000
00000000
00000000
00000000
00000000
00000000
00000000
00000000
00000000
00000000
00000000
00000000
00000000
00000000
00000000
00000000
00000000
00000000
00000000
00000000
00000000
00000000
00000000
00000000
00000000
00000000
00000000
00000000
00000000
00000000
00000000
00000000
00000000
00000000
00000000
00000000
00000000
00000000
00000000
00000000
00000000
00000000
00000000
00000000
00000000
00000000
00000000
00000000
00000000
00000000
00000000
00000000
00000000
00000000
00000000
00000000
00000000
00000000
00000000
00000000
00000000
00000000
00000000
00000000
00000000
00000000
00000000
00000000
00000000
00000000
00000000
00000000
00000000
00000000
00000000
00000000
00000000
00000000
00000000
00000000
00000000
00000000
00000000
00000000
00000000
00000000
00000000
00000000
00000000
00000000
00000000
00000000
00000000
00000000
00000000
00000000
00000000
00000000
00000000
00000000
00000000
00000000
00000000
00000000
00000000
00000000
00000000
00000000
00000000
00000000
00000000
00000000
00000000
00000000
00000000
00000000
00000000
00000000
00000000
00000000
00000000
00000000
00000000
00000000
00000000
00000000
00000000
00000000
00000000
00000000
00000000
00000000
00000000
00000000
00000000
00000000
00000000
00000000
00000000
00000000
00000000
00000000
00000000
00000000
00000000
00000000
00000000
00000000
00000000
00000000
00000000
00000000
00000000
00000000
00000000
00000000
00000000
00000000
00000000
00000000
00000000
00000000
00000000
00000000
00000000
00000000
00000000
00000000
00000000
00000000
00000000
00000000
00000000
00000000
00000000
00000000
00000000
00000000
00000000
00000000
00000000
00000000
00000000
00000000
00000000
00000000
00000000
00000000
00000000
00000000
00000000
00000000
00000000
00000000
00000000
00000000
00000000
00000000
00000000
00000000
00000000
00000000
00000000
00000000
00000000
00000000
00000000
00000000
00000000
00000000
00000000
00000000
00000000
00000000
00000000
00000000
00000000
00000000
00000000
00000000
00000000
00000000
00000000
00000000
00000000
00000000
00000000
00000000
00000000
00000000
00000000
00000000
00000000
00000000
00000000
00000000
00000000
00000000
00000000
00000000
00000000
00000000
00000000
00000000
00000000
00000000
00000000
00000000
00000000
00000000
00000000
00000000
00000000
00000000
00000000
00000000
00000000
00000000
00000000
00000000
00000000
00000000
00000000
00000000
00000000
00000000
00000000
00000000
00000000
00000000
00000000
00000000
00000000
00000000
00000000
00000000
00000000
00000000
00000000
00000000
00000000
00000000
00000000
00000000
00000000
00000000
00000000
00000000
00000000
00000000
00000000
00000000
00000000
00000000
00000000
00000000
00000000
00000000
00000000
00000000
00000000
00000000
00000000
00000000
00000000
00000000
00000000
00000000
00000000
00000000
00000000
00000000
00000000
00000000
00000000
00000000
00000000
00000000
00000000
00000000
00000000
00000000
00000000
00000000
00000000
00000000
00000000
00000000
00000000
00000000
00000000
00000000
00000000
00000000
00000000
00000000
00000000
00000000
00000000
00000000
00000000
00000000
00000000
00000000
00000000
00000000
00000000
00000000
00000000
00000000
00000000
00000000
00000000
00000000
00000000
00000000
00000000
00000000
00000000
00000000
00000000
00000000
00000000
00000000
00000000
00000000
00000000
00000000
00000000
00000000
00000000
00000000
00000000
00000000
00000000
00000000
00000000
00000000
00000000
00000000
00000000
00000000
00000000
00000000
00000000
00000000
00000000
00000000
00000000
00000000
00000000
00000000
00000000
00000000
00000000
00000000
00000000
00000000
00000000
00000000
00000000
00000000
00000000
00000000
00000000
00000000
00000000
00000000
00000000
00000000
00000000
00000000
00000000
00000000
00000000
00000000
00000000
00000000
00000000
00000000
00000000
00000000
00000000
00000000
00000000
00000000
00000000
00000000
00000000
00000000
00000000
00000000
00000000
00000000
00000000
00000000
00000000
00000000
00000000
00000000
00000000
00000000
00000000
00000000
00000000
00000000
00000000
00000000
00000000
00000000
00000000
00000000
00000000
00000000
00000000
00000000
00000000
00000000
00000000
00000000
00000000
00000000
00000000
00000000
00000000
00000000
00000000
00000000
00000000
00000000
00000000
00000000
00000000
00000000
00000000
00000000
00000000
00000000
00000000
00000000
00000000
00000000
00000000
00000000
00000000
00000000
00000000
00000000
00000000
00000000
00000000
00000000
00000000
00000000
00000000
00000000
00000000
00000000
00000000
00000000
00000000
00000000
00000000
00000000
00000000
00000000
00000000
00000000
00000000
00000000
00000000
00000000
00000000
00000000
00000000
00000000
00000000
00000000
00000000
00000000
00000000
00000000
00000000
00000000
00000000
00000000
00000000
00000000
00000000
00000000
00000000
00000000
00000000
00000000
00000000
00000000
00000000
00000000
00000000
00000000
00000000
00000000
00000000
00000000
00000000
00000000
00000000
00000000
00000000
00000000
00000000
00000000
00000000
00000000
00000000
00000000
00000000
00000000
00000000
00000000
00000000
00000000
00000000
00000000
00000000
00000000
00000000
00000000
00000000
00000000
00000000
00000000
00000000
00000000
00000000
00000000
00000000
00000000
00000000
00000000
00000000
00000000
00000000
00000000
00000000
00000000
00000000
00000000
00000000
00000000
00000000
00000000
00000000
00000000
00000000
00000000
00000000
00000000
00000000
00000000
00000000
00000000
00000000
00000000
00000000
00000000
00000000
00000000
00000000
00000000
00000000
00000000
00000000
00000000
00000000
00000000
00000000
00000000
00000000
00000000
00000000
00000000
00000000
00000000
00000000
00000000
00000000
00000000
00000000
00000000
00000000
00000000
00000000
00000000
00000000
00000000
00000000
00000000
00000000
00000000
00000000
00000000
00000000
00000000
00000000
00000000
00000000
00000000
00000000
00000000
00000000
00000000
00000000
00000000
00000000
00000000
00000000
00000000
00000000
00000000
00000000
00000000
00000000
00000000
00000000
00000000
00000000
00000000
00000000
00000000
00000000
00000000
00000000
00000000
00000000
00000000
00000000
00000000
00000000
00000000
00000000
00000000
00000000
00000000
00000000
00000000
00000000
00000000
00000000
00000000
00000000
00000000
00000000
00000000
00000000
00000000
00000000
00000000
00000000
00000000
00000000
00000000
00000000
00000000
00000000
00000000
00000000
00000000
00000000
00000000
00000000
00000000
00000000
00000000
00000000
00000000
00000000
00000000
00000000
00000000
00000000
00000000
00000000
00000000
00000000
00000000
00000000
00000000
00000000
00000000
00000000
00000000
00000000
00000000
00000000
00000000
00000000
00000000
00000000
00000000
00000000
00000000
00000000
00000000
00000000
00000000
00000000
00000000
00000000
00000000
00000000
00000000
00000000
00000000
00000000
00000000
00000000
00000000
00000000
00000000
00000000
00000000
00000000
00000000
00000000
00000000
00000000
00000000
00000000
00000200
02020000
00000000
00000202
00020000
00000000
00000000
00000000
00000000
00000000
00000000
00000000
00000000
00000000
00000000
00000000
00000000
00000000
00000000
00000000
00000000
00000000
00000000
00000000
00000000
00000000
00000000
00000000
00000000
00000000
00000000
00000000
00000000
00000000
00000000
00000000
00000000
00000000
00000000
00000000
00000000
00000000
00000000
00000000
00000000
00000000
00000000
00000000
00000000
00000000
00000000
00000000
00000000
00000000
00000000
00000000
00000000
00000000
00000000
00000000
00000000
00000000
00000000
00000000
00000000
00000000
00000000
00000000
00000000
00000000
00000000
00000000
00000000
00000000
00000000
00000000
00000000
00000000
00000000
00000000
00000000
00000000
00000000
00000000
00000000
00000000
00000000
00000000
00000000
00000000
00000000
00000000
00000000
00000000
00000000
00000000
00000000
00000000
00000000
00000000
00000000
00000000
00000000
00000000
00000000
00000000
00000000
00000000
00000000
00000000
00000000
00000000
00000000
00000000
00000000
00000000
00000000
00000000
00000000
00000000
00000200
02020000
00000000
00000202
00020000
00000000
00000000
00000000
00000000
00000000
00000000
00000000
00000000
00000000
00000000
00000000
00000000
00000000
00000000
00000000
00000000
00000000
00000000
00000000
00000000
00000000
00000000
00000000
00000000
00000000
00000000
00000000
00000000
00000000
00000000
00000000
00000000
00000000
00000000
00000000
00000000
00000000
00000000
00000000
00000000
00000000
00000000
00000000
00000000
00000000
00000000
00000000
00000000
00000000
00000000
00000000
00000000
00000000
00000000
00000000
00000000
00000000
00000000
00000000
00000000
00000000
00000000
00000000
00000000
00000000
00000000
00000000
00000000
00000000
00000000
00000000
00000000
00000000
00000000
00000000
00000000
00000000
00000000
00000000
00000000
00000000
00000000
00000000
00000000
00000000
00000000
00000000
00000000
00000000
00000000
00000000
00000000
00000000
00000000
00000000
00000000
00000000
00000000
00000000
00000000
00000000
00000000
00000000
00000000
00000000
00000000
00000000
00000000
00000000
00000000
00000000
00000000
00000000
00000000
00000000
00000200
02020000
00000000
00000202
00020000
00000000
00000000
00000000
00000000
00000000
00000000
00000000
00000000
00000000
00000000
00000000
00000000
00000000
00000000
00000000
00000000
00000000
00000000
00000000
00000000
00000000
00000000
00000000
00000000
00000000
00000000
00000000
00000000
00000000
00000000
00000000
00000000
00000000
00000000
00000000
00000000
00000000
00000000
00000000
00000000
00000000
00000000
00000000
00000000
00000000
00000000
00000000
00000000
00000000
00000000
00000000
00000000
00000000
00000000
00000000
00000000
00000000
00000000
00000000
00000000
00000000
00000000
00000000
00000000
00000000
00000000
00000000
00000000
00000000
00000000
00000000
00000000
00000000
00000000
00000000
00000000
00000000
00000000
00000000
00000000
00000000
00000000
00000000
00000000
00000000
00000000
00000000
00000000
00000000
00000000
00000000
00000000
00000000
00000000
00000000
00000000
00000000
00000000
00000000
00000000
00000000
00000000
00000000
00000000
00000000
00000000
00000000
00000000
00000000
00000000
00000000
00000000
00000000
00000000
00000000
00000202
02020000
00000000
00000202
00020000
00000000
00000000
00000000
00000000
00000000
00000000
00000000
00000000
00000000
00000000
00000000
00000000
00000000
00000000
00000000
00000000
00000000
00000000
00000000
00000000
00000000
00000000
00000000
00000000
00000000
00000000
00000000
00000000
00000000
00000000
00000000
00000000
00000000
00000000
00000000
00000000
00000000
00000000
00000000
00000000
00000000
00000000
00000000
00000000
00000000
00000000
00000000
00000000
00000000
00000000
00000000
00000000
00000000
00000000
00000000
00000000
00000000
00000000
00000000
00000000
00000000
00000000
00000000
00000000
00000000
00000000
00000000
00000000
00000000
00000000
00000000
00000000
00000000
00000000
00000000
00000000
00000000
05050500
00000005
05050000
00000505
00000000
00000000
00000000
00000000
00000000
00000000
00000000
00000000
00000000
00000000
00000000
00000000
00000000
00000000
00000000
00000000
00000000
00000000
00000000
00000000
00000000
00000000
00000000
00000000
00000000
00000000
00000000
00000000
00000000
00000000
00000000
00000000
00000000
00000000
00000202
02020000
00000000
00000202
02020000
00000000
00000000
00000000
00000000
00000000
00000000
00000000
00000000
00000000
00000000
00000000
00000000
00000000
00000000
00000000
00000000
00000000
00000000
00000000
00000000
00000000
00000000
00000000
00000000
00000000
00000000
00000000
00000000
00000000
00000000
00000000
00000000
00000000
00000000
00000000
00000000
00000000
00000000
00000000
00000000
00000000
00000000
00000000
00000000
00000000
00000000
00000000
00000000
00000000
00000000
00000000
00000000
00000000
00000000
00000000
00000000
00000000
00000000
00000000
00000000
00000000
00000000
00000000
00000000
00000000
00000000
00000000
00000000
00000000
00000000
00000000
00000000
00000000
00000000
00000000
00000000
00000000
05050505
00000505
05050500
00050505
00000000
00000000
00000000
00000000
00000000
00000000
00000000
00000000
00000000
00000000
00000000
00000000
00000000
00000000
00000000
00000000
00000000
00000000
00000000
00000000
00000000
00000000
00000000
00000000
00000000
00000000
00000000
00000000
00000000
00000000
00000000
00000000
00000000
00000000
00000202
02020000
00000000
00000202
02020000
00000000
00000000
00000000
00000000
00000000
00000000
00000000
00000000
00000000
00000000
00000000
00000000
00000000
00000000
00000000
00000000
00000000
00000000
00000000
00000000
00000000
00000000
00000000
00000000
00000000
00000000
00000000
00000000
00000000
00000000
00000000
00000000
00000000
00000000
00000000
00000000
00000000
00000000
00000000
00000000
00000000
00000000
00000000
00000000
00000000
00000000
00000000
00000000
00000000
00000000
00000000
00000000
00000000
00000000
00000000
00000000
00000000
00000000
00000000
00000000
00000000
00000000
00000000
00000000
00000000
00000000
00000000
00000000
00000000
00000000
00000000
00000000
00000000
00000000
00000000
00000000
05000000
00000005
00000500
00000505
05050000
00000000
00000000
00000000
00000000
00000000
00000000
00000000
00000000
00000000
00000000
00000000
00000000
00000000
00000000
00000000
00000000
00000000
00000000
00000000
00000000
00000000
00000000
00000000
00000000
00000000
00000000
00000000
00000000
00000000
00000000
00000000
00000000
00000000
00000000
00000200
02020000
00000000
00000202
00020000
00000000
00000000
00000000
00000000
00000000
00000000
00000000
00000000
00000000
00000000
00000000
00000000
00000000
00000000
00000000
00000000
00000000
00000000
00000000
00000000
00000000
00000000
00000000
00000000
00000000
00000000
00000000
00000000
00000000
00000000
00000000
00000000
00000000
00000000
00000000
00000000
00000000
00000000
00000000
00000000
00000000
00000000
00000000
00000000
00000000
00000000
00000000
00000000
00000000
00000000
00000000
00000000
00000000
00000000
00000000
00000000
00000000
00000000
00000000
00000000
00000000
00000000
00000000
00000000
00000000
00000000
00000000
00000000
00000000
00000000
00000000
00000000
00000000
00000000
00000000
00000000
05050000
00000000
05050400
00000005
05000000
00000004
00000000
00000000
00000000
00000000
00000000
00000000
00000000
00000000
00000000
00000000
00000000
00000000
00000000
00000000
00000000
00000000
00000000
00000000
00000000
00000000
00000000
00000000
00000000
00000000
00000000
00000000
00000000
00000000
00000000
00000000
00000000
00000000
00000000
00000000
00000000
00000000
00000000
00000000
00000000
00000000
00000000
00000000
00000000
00000000
00000000
00000000
00000000
00000000
00000000
00000000
00000000
00000000
00000000
00000000
00000000
00000000
00000000
00000000
00000000
00000000
00000000
00000000
00000000
00000000
00000000
00000000
00000000
00000000
00000000
00000000
00000000
00000000
00000000
03030300
03030303
03030303
03030303
03030303
03030303
00000000
00000000
00000000
00000000
00000000
00000000
00000000
00000000
00000000
00000000
00000000
00000000
04040400
04040404
04040404
04040404
04040404
04040404
04040404
04040404
04040404
00000404
00000000
00000000
00000000
00000000
00000000
00000000
00000000
00000000
00000000
00000000
00000000
00000000
00000000
00050000
00000000
05050000
00000000
05000000
00000005
00000000
00000000
00000000
00000000
00000000
00000000
00000000
00000000
00000000
00000000
00000000
00000000
00000000
00000000
00000000
00000000
00000000
00000000
00000000
00000000
00000000
00000000
00000000
00000000
00000000
00000000
00000000
00000000
00000000
00000000
00000000
00000000
02020000
02020202
02020202
02020202
00020202
02020202
00000202
00000000
00000000
00000000
00000000
00000000
00000000
00000000
00000000
00000000
00000000
00000000
00000000
00000000
00000000
00000000
00000000
00000000
00000000
00000000
00000000
00000000
00000000
00000000
00000000
00000000
00000000
00000000
00000000
00000000
00000000
00000000
00000000
00000000
00000000
03030300
03010000
03030303
03030303
00000103
03030100
00000003
00000000
00000000
00000000
00000000
00000000
00000000
00000000
00000000
00000000
00000000
00000000
04040404
00000404
04040400
04040404
04040404
04040404
00000404
04040000
04040404
00040400
00000000
00000000
00000000
00000000
00000000
00000000
00000000
00000000
00000000
00000000
00000000
00000000
00000000
00050500
00000000
05040000
00000000
00000000
00000005
00000000
00000000
00000000
00000000
00000000
00000000
00000000
00000000
00000000
00000000
00000000
00000000
00000000
00000000
00000000
00000000
00000000
00000000
00000000
00000000
00000000
00000000
00000000
00000000
00000000
00000000
00000000
00000000
00000000
00000000
00000000
00000000
02020000
02020202
02020202
02020202
02020202
02020202
00020202
00000000
00000000
00000000
00000000
00000000
00000000
00000000
00000000
00000000
00000000
00000000
00000000
00000000
00000000
00000000
00000000
00000000
00000000
00000000
00000000
00000000
00000000
00000000
00000000
00000000
00000000
00000000
00000000
00000000
00000000
00000000
00000000
00000000
00000000
00000300
00000000
00000000
00000000
00000000
00000000
00000303
00000000
00000000
00000000
00000000
00000000
00000000
00000000
00000000
00000000
00000000
00000000
00000404
00000000
00000000
00000000
00000000
00000000
00000000
00000000
00000000
00040000
00000000
00000000
00000000
00000000
00000000
00000000
00000000
00000000
00000000
00000000
00000000
00000000
05000000
00050505
00000000
05050000
00000000
00000000
05050505
00000000
00000000
00000000
00000000
00000000
00000000
00000000
00000000
00000000
00000000
00000000
00000000
00000000
00000000
00000000
00000000
00000000
00000000
00000000
00000000
00000000
00000000
00000000
00000000
00000000
00000000
00000000
00000000
00000000
00000000
00000000
00000000
00000200
00000000
00000000
00000000
00000000
00000000
00020000
00000000
00000000
00000000
00000000
00000000
00000000
00000000
00000000
00000000
00000000
00000000
00000000
00000000
00000000
00000000
00000000
00000000
00000000
00000000
00000000
00000000
00000000
00000000
00000000
00000000
00000000
00000000
00000000
00000000
00000000
00000000
00000000
00000000
00000000
00000300
00000000
00000000
00000000
00000000
00000000
00000303
00000000
00000000
00000000
00000000
00000000
00000000
00000000
00000000
00000000
00000000
00000000
00000404
00000000
00000000
00000000
00000000
00000000
00000000
00000000
00000000
00040000
00000000
00000000
00000000
00000000
00000000
00000000
00000000
00000000
00000000
00000000
00000000
00000000
05050000
00050000
00050500
05040000
05000000
00000405
05000005
00000000
00000000
00000000
00000000
00000000
00000000
00000000
00000000
00000000
00000000
00000000
00000000
00000000
00000000
00000000
00000000
00000000
00000000
00000000
00000000
00000000
00000000
00000000
00000000
00000000
00000000
00000000
00000000
00000000
00000000
00000000
00000000
00000200
00000000
00000000
00000000
00000000
00000000
00020000
00000000
00000000
00000000
00000000
00000000
00000000
00000000
00000000
00000000
00000000
00000000
00000000
00000000
06060000
06000000
00000006
00000406
00000606
00000606
00060600
00060600
00060600
00000000
00000000
00000000
00000000
00000000
00000000
00000000
00000000
00000000
00000000
00000000
00000000
00000300
00030300
00030300
00030300
00000303
00000003
00030300
00000000
00000000
00000000
00000000
00000000
00000000
00000000
00000000
00000000
00000000
00000000
00000404
04040404
04040404
04040404
04040404
04040404
04040404
04040404
04040404
00040000
00000000
00000000
00000000
00000000
00000000
00000000
00000000
00000000
00000000
00000000
00000000
00000000
00050500
00000000
00050505
05040000
05040000
00000505
05000000
00000005
00000000
00000000
00000000
00000000
00000000
00000000
00000000
00000000
00000000
00000000
00000000
00000000
00000000
00000000
00000000
00000000
00000000
00000000
00000000
00000000
00000000
00000000
00000000
00000000
00000000
00000000
00000000
00000000
00000000
00000000
00000000
00000200
00000000
00000000
00000000
00000000
00000000
00020000
00000000
00000000
00000000
00000000
00000000
00000000
00000000
00000000
00000000
00000000
00000000
00000000
00000000
06060000
06000006
06000006
00000606
00000606
00060606
00060600
00060600
04060600
00000000
00000000
00000000
00000000
00000000
00000000
00000000
00000000
00000000
00000000
00000000
00000000
00000300
00030300
00030300
00030300
00000303
00000303
03030000
00000000
00000000
00000000
00000000
00000000
00000000
00000000
00000000
00000000
00000000
00000000
04000404
04040404
04040404
04040404
04040404
04040404
04040404
04040404
04040404
00040000
00000000
00000000
00000000
00000000
00000000
00000000
00000000
00000000
00000000
00000000
00000000
00000000
00000500
00000000
05000005
05040000
05050000
00050500
00000000
00000505
00000000
00000000
00000000
00000000
00000000
00000000
00000000
00000000
00000000
00000000
00000000
00000000
00000000
00000000
00000000
00000000
00000000
00000000
00000000
00000000
00000000
00000000
00000000
00000000
00000000
00000000
00000000
00000000
00000000
00000000
00020000
00000200
02020200
02020202
02020202
02020202
00020202
00020000
00000200
00000000
00000000
00000000
00000000
00000000
00000000
00000000
00000000
00000000
00000000
00000000
00000000
06060000
06000000
06000000
00000006
00000006
00000606
00000600
00060600
00060000
00000000
00000000
00000000
00000000
00000000
00000000
00000000
00000000
00000000
00000000
00000000
00000000
00000300
00030300
00030300
00030300
00000303
00000303
03000000
00000003
00000000
00000000
00000000
00000000
00000000
00000000
00000000
00000000
00000000
00000000
04000404
00000004
00000000
00000000
00000000
00000000
00000000
00000000
04040000
00040000
00000000
00000000
00000000
00000000
00000000
00000000
00000000
00000000
00000000
00000000
00000000
00000000
00000505
00000000
05000005
05050000
05050000
00050500
00000000
00000500
00000000
00000000
00000000
00000000
00000000
00000000
00000000
00000000
00000000
00000000
00000000
00000000
00000000
00000000
00000000
00000000
00000000
00000000
00000000
00000000
00000000
00000000
00000000
00000000
00000000
00000000
00000000
00000000
00000000
02020000
00020202
00000200
02020202
02020202
02020202
02020202
02020202
00020000
02020200
00000202
00000000
00000000
00000000
00000000
00000000
00000000
00000000
00000000
00000000
00000000
00000000
00000000
00000000
00000000
00000000
00000000
00000000
00000000
00000000
00000000
00000000
00000000
00000000
00000000
00000000
00000000
00000000
00000000
00000000
00000000
00000000
00000000
00000300
00030300
00030300
00030300
00000303
00000303
00000000
00000003
00000000
00000000
00000000
00000000
00000000
00000000
00000000
00000000
00000000
00000000
04000404
00000004
00000000
00000000
00000000
00000000
00000000
00000000
04040000
00040000
00000000
00000000
00000000
00000000
00000000
00000000
00000000
00000000
00000000
00000000
00000000
00000000
00000005
00000000
05050505
05050000
05000000
00000505
00000000
00050500
00000000
00000000
00000000
00000000
00000000
00000000
00000000
00000000
00000000
00000000
00000000
00000000
00000000
00000000
00000000
00000000
00000000
00000000
00000000
00000000
00000000
00000000
00000000
00000000
00000000
00000000
00000000
00000000
00000000
02020000
00020202
00000200
00000202
00000000
00000000
00000000
02020000
00020000
02020200
00000202
00000000
00000000
00000000
00000000
00000000
00000000
00000000
00000000
00000000
00000000
00000000
00000000
00000000
00000000
00000000
00000000
00000000
00000000
00000000
00000000
00000000
00000000
00000000
00000000
00000000
00000000
00000000
00000000
00000000
00000000
00000000
00000000
00000300
00030300
00030300
00030300
00000303
00000303
00000000
00000003
00000000
00000000
00000000
00000000
00000000
00000000
00000000
00000000
00000000
00000000
04000404
00000004
00000000
00000000
00000000
00000000
00000000
00000000
04040000
00040000
00000000
00000000
00000000
00000000
00000000
00000000
00000000
00000000
00000000
00000000
00000000
00000000
00000005
00000000
00050500
05050000
00000000
00000505
00000000
00050500
00000000
00000000
00000000
00000000
00000000
00000000
00000000
00000000
00000000
00000000
00000000
00000000
00000000
00000000
00000000
00000000
00000000
00000000
00000000
00000000
00000000
00000000
00000000
00000000
00000000
00000000
00000000
00000000
00000000
00000000
00000000
00000200
00000202
00000000
00000000
00000000
02020000
00020000
00000000
00000000
00000000
00000000
00000000
00000000
00000000
00000000
00000000
00000000
00000000
00000000
00000000
06060606
06060606
06060606
06060606
06060606
06060606
06060606
06060606
06060606
00000006
00000000
00000000
00000000
00000000
00000000
00000000
00000000
00000000
00000000
00000000
00000000
00000300
00030300
00030300
00030300
00000303
00000303
00000000
00000003
00000000
00000000
00000000
00000000
00000000
00000000
00000000
00000000
00000000
00000000
04000404
00000004
00000000
00000000
00000000
00000000
00000000
00000000
04040000
00040000
00000000
00000000
00000000
00000000
00000000
00000000
00000000
00000000
00000000
00000000
00000000
00000000
00000005
00000005
00050500
05050000
00000000
00000005
00000000
00050500
00000000
00000000
00000000
00000000
00000000
00000000
00000000
00000000
00000000
00000000
00000000
00000000
00000000
00000000
00000000
00000000
00000000
00000000
00000000
00000000
00000000
00000000
00000000
00000000
00000000
00000000
00000000
00000000
00000000
00000000
00000000
00000200
00000202
00000000
00000000
00000000
02020000
00020000
00000000
00000000
00000000
00000000
00000000
00000000
00000000
00000000
00000000
00000000
00000000
00000000
00000000
06060606
06060606
06060606
06060606
06060606
06060406
06060606
06060606
06060606
00000006
00000000
00000000
00000000
00000000
00000000
00000000
00000000
00000000
00000000
00000000
00000000
00000300
00000000
00000000
00000000
00000000
00000000
00000000
00000003
00000000
00000000
00000000
00000000
00000000
00000000
00000000
00000000
00000000
00000000
04000404
00000004
00000000
00000000
00000000
00000000
00000000
00000000
04040000
00040000
00000000
00000000
00000000
00000000
00000000
00000000
00000000
00000000
00000000
00000000
00000000
00000000
04000005
00000005
00050500
05050000
00000000
00000005
00050400
00050500
00000000
00000000
00000000
00000000
00000000
00000000
00000000
00000000
00000000
00000000
00000000
00000000
00000000
00000000
00000000
00000000
00000000
00000000
00000000
00000000
00000000
00000000
00000000
00000000
00000000
00000000
00000000
00000000
00000000
00000000
00000000
00000200
00000202
00000000
00000000
00000000
02020000
00020000
00000000
00000000
00000000
00000000
00000000
00000000
00000000
00000000
00000000
00000000
00000000
00000000
00000000
00000606
00000000
00000000
00000000
00000000
00000000
00000000
00000000
00000000
00000006
00000000
00000000
00000000
00000000
00000000
00000000
00000000
00000000
00000000
00000000
00000000
00000300
00000000
00000000
00000000
00000000
00000000
00000000
00000003
00000000
00000000
00000000
00000000
00000000
00000000
00000000
00000000
00000000
00000000
04000404
00000004
00000000
00000000
00000000
00000000
00000000
00000000
04040000
00040000
00000000
00000000
00000000
00000000
00000000
00000000
00000000
00000000
00000000
00000000
00000000
00000000
05000005
00000505
00050500
05040000
00000000
00000000
05050505
00050500
00000000
00000000
00000000
00000000
00000000
00000000
00000000
00000000
00000000
00000000
00000000
00000000
00000000
00000000
00000000
00000000
00000000
00000000
00000000
00000000
00000000
00000000
00000000
00000000
00000000
00000000
00000000
00000000
00000000
00000000
00000000
00000200
00000202
00000000
00000000
00000000
02020000
00020000
00000000
00000000
00000000
00000000
00000000
00000000
00000000
00000000
00000000
00000000
00000000
00000000
00000000
00000606
00000000
00000000
00000000
00000000
00000000
00000000
00000000
00000000
00000006
00000000
00000000
00000000
00000000
00000000
00000000
00000000
00000000
00000000
00000000
00000000
00000300
00000000
00000000
00000000
00000000
00000000
00000000
00000003
00000000
00000000
00000000
00000000
00000000
00000000
00000000
00000000
00000000
00000000
04000404
00000004
00000000
00000000
00000000
00000000
00000000
00000000
04040000
00040000
00000000
00000000
00000000
00000000
00000000
00000000
00000000
00000000
00000000
00000000
00000000
00000000
05050505
00000505
00050500
05040000
00000000
00000000
05000005
00050505
00000000
00000000
00000000
00000000
00000000
00000000
00000000
00000000
00000000
00000000
00000000
00000000
00000000
00000000
00000000
00000000
00000000
00000000
00000000
00000000
00000000
00000000
00000000
00000000
00000000
00000000
00000000
00000000
00000000
00000000
00020000
00000200
00000202
00000000
00000000
00000000
02020000
00020000
00000000
00000000
00000000
00000000
00000000
00000000
00000000
00000000
00000000
00000000
00000000
00000000
00000000
00000606
06060600
06060606
06000000
06060606
00000606
06060600
06060606
00000606
00000006
00000000
00000000
00000000
00000000
00000000
00000000
00000000
00000000
00000000
00000000
00000000
00000300
00000000
00000000
00000000
00000000
00000000
00000000
00000003
00000000
00000000
00000000
00000000
00000000
00000000
00000000
00000000
00000000
00000000
04000404
00000004
00000000
00000000
00000000
00000000
00000000
00000000
04040000
00040000
00000000
00000000
00000000
00000000
00000000
00000000
00000000
00000000
00000000
00000000
00000000
05000000
00000005
05050500
00000505
05040000
00000000
05050000
05000005
00050000
00000000
00000000
00000000
00000000
00000000
00000000
00000000
00000000
00000000
00000000
00000000
00000000
00000000
00000000
00000000
00000000
00000000
00000000
00000000
00000000
00000000
00000000
00000000
00000000
00000000
00000000
00000000
00000000
00000000
02020000
00020202
00000200
00000202
00000000
00000000
00000000
02020000
00020000
02020200
00000202
00000000
00000000
00000000
00000000
00000000
00000000
00000000
00000000
00000000
00000000
00000000
00000606
06060606
06060606
06000006
04000604
00060604
06060600
06060606
00000606
00000006
00000000
00000000
00000000
00000000
00000000
00000000
00000000
00000000
00000000
00000000
00000000
00030300
00000000
00000000
00000000
00000000
00000000
03010000
00000003
00000000
00000000
00000000
00000000
00000000
00000000
00000000
00000000
00000000
00000000
04000404
00000004
00000000
00000000
00000000
00000000
00000000
00000000
04040000
00040000
00000000
00000000
00000000
00000000
00000000
00000000
00000000
00000000
00000000
00000000
00000000
05050000
00000000
00050500
00000000
05040000
00000000
00000000
05050405
05000000
00000000
00000000
00000000
00000000
00000000
00000000
00000000
00000000
00000000
00000000
00000000
00000000
00000000
00000000
00000000
00000000
00000000
00000000
00000000
00000000
00000000
00000000
00000000
00000000
00000000
00000000
00000000
00000000
00000000
02020000
00020202
00000200
00000202
00000000
00000000
00000000
02020000
00020000
02020200
00000202
00000000
00000000
00000000
00000000
00000000
00000000
00000000
00000000
00000000
00000000
00000000
00000606
00000006
00000000
06040006
00000000
00060000
00000600
00000000
00000600
00000006
00000000
00000000
00000000
00000000
00000000
00000000
00000000
00000000
00000000
00000000
00000000
00030000
00000000
00000000
00000000
00000000
00000000
03030000
00000003
00000000
00000000
00000000
00000000
00000000
00000000
00000000
00000000
00000000
00000000
04000404
00000004
00000000
00000000
00000000
00000000
00000000
00000000
04040000
00040000
00000000
00000000
00000000
00000000
00000000
00000000
00000000
00000000
00000000
00000000
00000000
00050000
00000000
00000000
00000000
05040000
00000000
00000000
00050505
05000000
00000005
00000000
00000000
00000000
00000000
00000000
00000000
00000000
00000000
00000000
00000000
00000000
00000000
00000000
00000000
00000000
00000000
00000000
00000000
00000000
00000000
00000000
00000000
00000000
00000000
00000000
00000000
00000000
00000000
00000000
00000000
00000200
00000202
00000000
00000000
00000000
02020000
00020000
00000000
00000000
00000000
00000000
00000000
00000000
00000000
00000000
00000000
00000000
00000000
00000000
00000000
00000606
00000006
00000000
06060006
00000000
00060000
00000600
00000000
00000600
00000006
00000000
00000000
00000000
00000000
00000000
00000000
00000000
00000000
00000000
00000000
00000000
00030000
00000000
00000000
00000000
00000000
00000000
00030000
00000000
00000000
00000000
00000000
00000000
00000000
00000000
00000000
00000000
00000000
00000000
04000404
00000004
00000000
00000000
00000000
00000000
00000000
00000000
04040000
00040000
00000000
00000000
00000000
00000000
00000000
00000000
00000000
00000000
00000000
00000000
00000000
00050500
00000000
00000000
00000000
05040000
00000000
00000000
00000000
00000000
00000005
00000000
00000000
00000000
00000000
00000000
00000000
00000000
00000000
00000000
00000000
00000000
00000000
00000000
00000000
00000000
00000000
00000000
00000000
00000000
00000000
00000000
00000000
00000000
00000000
00000000
00000000
00000000
00000000
00000000
00000000
00000200
00000202
00000000
00000000
00000000
02020000
00020000
00000000
00000000
00000000
00000000
00000000
00000000
00000000
00000000
00000000
00000000
00000000
00000000
00000000
00000606
00000006
00000000
00000000
00000000
00000000
00000000
00000000
00000600
00000006
00000000
00000000
00000000
00000000
00000000
00000000
00000000
00000000
00000000
00000000
00000000
00030000
00000000
00000000
00000000
00000000
00000000
00030000
00000000
00000000
00000000
00000000
00000000
00000000
00000000
00000000
00000000
00000000
00000000
04000404
00000004
00000000
00000000
00000000
00000000
00000000
00000000
04040000
00040000
00000000
00000000
00000000
00000000
00000000
00000000
00000000
00000000
00000000
00000000
00000000
00040500
00050000
00000000
00050500
05040000
05000000
00000005
00000000
00000000
00000005
00000000
00000000
00000000
00000000
00000000
00000000
00000000
00000000
00000000
00000000
00000000
00000000
00000000
00000000
00000000
00000000
00000000
00000000
00000000
00000000
00000000
00000000
00000000
00000000
00000000
00000000
00000000
00000000
00000000
00000000
00000000
00000202
00000000
00000000
00000000
02020000
00020000
00000000
00000000
00000000
00000000
00000000
00000000
00000000
00000000
00000000
00000000
00000000
00000000
00000000
00000606
00000006
00000000
00000000
00000000
00000000
00000000
00000000
00000600
00000006
00000000
00000000
00000000
00000000
00000000
00000000
00000000
00000000
00000000
00000000
00000000
03030000
00000000
00000000
00000000
00000000
00000000
00030000
00000000
00000000
00000000
00000000
00000000
00000000
00000000
00000000
00000000
00000000
00000000
04000404
00000004
00000000
00000000
00000000
00000000
00000000
00000000
04040000
00040000
00000000
00000000
00000000
00000000
00000000
00000000
00000000
00000000
00000000
00000000
00000000
00040500
05050000
00000000
05050505
05050000
05050000
00000505
05000000
00000005
00000005
00000000
00000000
00000000
00000000
00000000
00000000
00000000
00000000
00000000
00000000
00000000
00000000
00000000
00000000
00000000
00000000
00000000
00000000
00000000
00000000
00000000
00000000
00000000
00000000
00000000
00000000
00000000
00000000
00000000
00000000
00000200
00000202
00000000
00000000
00000000
02020000
02020000
00000000
00000000
00000000
00000000
00000000
00000000
00000000
00000000
00000000
00000000
00000000
00000000
00000000
00000606
00000006
00000000
00000000
00000000
00000000
00000000
00000000
00000600
00000006
00000000
00000000
00000000
00000000
00000000
00000000
00000000
00000000
00000000
00000000
00000000
00030000
00000000
00000000
00000000
00000000
00000000
03030000
00000000
00000000
00000000
00000000
00000000
00000000
00000000
00000000
00000000
00000000
00000000
04000404
00000004
00000000
00000000
00000000
00000000
00000000
00000000
04040000
00040000
00000000
00000000
00000000
00000000
00000000
00000000
00000000
00000000
00000000
00000000
00000000
00040500
00000500
05050505
05000005
05050000
00050000
05050500
05050505
00000504
00000005
00000000
00000000
00000000
00000000
00000000
00000000
00000000
00000000
00000000
00000000
00000000
00000000
00000000
00000000
00000000
00000000
00000000
00000000
00000000
00000000
00000000
00000000
00000000
00000000
00000000
00000000
00000000
00000000
00000000
00000000
00000200
00000202
00000000
00000000
00000000
02020000
02020000
00000000
00000000
00000000
00000000
00000000
00000000
00000000
00000000
00000000
00000000
00000000
00000000
00000000
00000606
00000006
00000000
00000000
00000000
00000000
00000000
00000000
00000600
00000006
00000000
00000000
00000000
00000000
00000000
00000000
00000000
00000000
00000000
00000000
00000000
00030300
00000000
00000000
00000000
00000000
00000000
03030000
00000003
00000000
00000000
00000000
00000000
00000000
00000000
00000000
00000000
00000000
00000000
04000404
00000004
00000000
00000000
00000000
00000000
00000000
00000000
04040000
00040000
00000000
00000000
00000000
00000000
00000000
00000000
00000000
00000000
00000000
00000000
00000000
00040500
05050500
00000405
05000005
05040000
05050000
00040500
05040000
00000005
00000005
00000000
00000000
00000000
00000000
00000000
00000000
00000000
00000000
00000000
00000000
00000000
00000000
00000000
00000000
00000000
00000000
00000000
00000000
00000000
00000000
00000000
00000000
00000000
00000000
00000000
00000000
00000000
00000000
02020000
00020202
00000200
00000202
00000000
00000000
00000000
02020000
00020000
02020200
00000202
00000000
00000000
00000000
00000000
00000000
00000000
00000000
00000000
00000000
00000000
00000000
00000606
00000006
00000000
06000000
00000000
00060000
00000000
00000000
00000600
00000006
00000000
00000000
00000000
00000000
00000000
00000000
00000000
00000000
00000000
00000000
00000000
00000300
00000000
00000000
00000000
00000000
00000000
00000000
00000003
00000000
00000000
00000000
00000000
00000000
00000000
00000000
00000000
00000000
00000000
04000404
00000004
00000000
00000000
00000000
00000000
00000000
00000000
04040000
00040000
00000000
00000000
00000000
00000000
00000000
00000000
00000000
00000000
00000000
00000000
00000000
00000500
05050000
00000000
05050500
05040000
05000000
00000505
00000000
00000000
00000005
00000000
00000000
00000000
00000000
00000000
00000000
00000000
00000000
00000000
00000000
00000000
00000000
00000000
00000000
00000000
00000000
00000000
00000000
00000000
00000000
00000000
00000000
00000000
00000000
00000000
00000000
00000000
00000000
02020000
00020202
00000200
00000202
00000000
00000000
00000000
02020000
00020000
02020200
00000202
00000000
00000000
00000000
00000000
00000000
00000000
00000000
00000000
00000000
00000000
00000000
00000606
00000006
00000000
06000006
00000000
00060000
00000600
00000000
00000600
00000006
00000000
00000000
00000000
00000000
00000000
00000000
00000000
00000000
00000000
00000000
00000000
00000300
00000000
00000000
00000000
00000000
00000000
00000000
00000003
00000000
00000000
00000000
00000000
00000000
00000000
00000000
00000000
00000000
00000000
04000404
00000004
00000000
00000000
00000000
00000000
00000000
00000000
04040000
00040000
00000000
00000000
00000000
00000000
00000000
00000000
00000000
00000000
00000000
00000000
00000000
00050500
00000000
00000000
00000000
05050000
00000000
00000005
00000000
00000000
00000005
00000000
00000000
00000000
00000000
00000000
00000000
00000000
00000000
00000000
00000000
00000000
00000000
00000000
00000000
00000000
00000000
00000000
00000000
00000000
00000000
00000000
00000000
00000000
00000000
00000000
00000000
00000000
00000000
00000000
00000000
00000200
00000202
00000000
00000000
00000000
02020000
00020000
00000000
00000000
00000000
00000000
00000000
00000000
00000000
00000000
00000000
00000000
00000000
00000000
00000000
00000606
00000006
00000000
06000006
00000000
00060000
00000600
00000000
00000600
00000006
00000000
00000000
00000000
00000000
00000000
00000000
00000000
00000000
00000000
00000000
00000000
00000300
00000000
03030000
00000003
03010100
00000000
00000000
00000003
00000000
00000000
00000000
00000000
00000000
00000000
00000000
00000000
00000000
00000000
04000404
00000004
00000000
00000000
00000000
00000000
00000000
00000000
04040000
00040000
00000000
00000000
00000000
00000000
00000000
00000000
00000000
00000000
00000000
00000000
00000000
00050000
00000000
00050000
00000000
05050000
00000000
00000000
00050505
05000000
00000005
00000000
00000000
00000000
00000000
00000000
00000000
00000000
00000000
00000000
00000000
00000000
00000000
00000000
00000000
00000000
00000000
00000000
00000000
00000000
00000000
00000000
00000000
00000000
00000000
00000000
00000000
00000000
00000000
00000000
00000000
00000200
00000202
00000000
00000000
00000000
02020000
00020000
00000000
00000000
00000000
00000000
00000000
00000000
00000000
00000000
00000000
00000000
00000000
00000000
00000000
00000606
00000406
06000000
06000006
04040600
00060600
00000600
00040400
00000606
00000006
00000000
00000000
00000000
00000000
00000000
00000000
00000000
00000000
00000000
00000000
00000000
00000300
00000000
03030300
00000303
03030303
00000003
00000000
00000003
00000000
00000000
00000000
00000000
00000000
00000000
00000000
00000000
00000000
00000000
04000404
00000004
00000000
00000000
00000000
00000000
00000000
00000000
04040000
00040000
00000000
00000000
00000000
00000000
00000000
00000000
00000000
00000000
00000000
00000000
00000000
05050000
00000000
00050500
00000000
05050000
00000000
05000000
00050505
05050000
00000000
00000000
00000000
00000000
00000000
00000000
00000000
00000000
00000000
00000000
00000000
00000000
00000000
00000000
00000000
00000000
00000000
00000000
00000000
00000000
00000000
00000000
00000000
00000000
00000000
00000000
00000000
00000000
00000000
00000000
00000000
00000200
00000202
00000000
00000000
00000000
02020000
00020000
00000000
00000000
00000000
00000000
00000000
00000000
00000000
00000000
00000000
00000000
00000000
00000000
00000000
00000606
06060606
06060606
06000000
06060606
00060606
06060600
06060606
00000006
00000006
00000000
00000000
00000000
00000000
00000000
00000000
00000000
00000000
00000000
00000000
00000000
00000300
00000000
00000303
00000300
00000303
00000303
00000000
00000003
00000000
00000000
00000000
00000000
00000000
00000000
00000000
00000000
00000000
00000000
04000404
00000004
00000000
00000000
00000000
00000000
00000000
00000000
04040000
00040000
00000000
00000000
00000000
00000000
00000000
00000000
00000000
00000000
00000000
00000000
00000000
05000000
00000005
00040505
00050500
05050000
00000000
05000000
05000005
04050000
00000000
00000000
00000000
00000000
00000000
00000000
00000000
00000000
00000000
00000000
00000000
00000000
00000000
00000000
00000000
00000000
00000000
00000000
00000000
00000000
00000000
00000000
00000000
00000000
00000000
00000000
00000000
00000000
00000000
00000000
00000000
00000200
00000202
00000000
00000000
00000000
02020000
00000000
00000000
00000000
00000000
00000000
00000000
00000000
00000000
00000000
00000000
00000000
00000000
00000000
00000000
00000606
00000000
00000000
00000000
00000000
00000000
00000000
00000000
00000000
00000006
00000000
00000000
00000000
00000000
00000000
00000000
00000000
00000000
00000000
00000000
00000000
00000300
00000000
00000303
00000000
00000103
00000300
00000000
00000003
00000000
00000000
00000000
00000000
00000000
00000000
00000000
00000000
00000000
00000000
04000404
00000004
00000000
00000000
00000000
00000000
00000000
00000000
04040000
00040000
00000000
00000000
00000000
00000000
00000000
00000000
00000000
00000000
00000000
00000000
00000000
00000000
05050505
00000505
00050500
05040000
00000000
00000000
05050005
00050505
00000000
00000000
00000000
00000000
00000000
00000000
00000000
00000000
00000000
00000000
00000000
00000000
00000000
00000000
00000000
00000000
00000000
00000000
00000000
00000000
00000000
00000000
00000000
00000000
00000000
00000000
00000000
00000000
00000000
00000000
00020000
00000200
00000202
00000000
00000000
00000000
02020000
00020000
00000000
00000000
00000000
00000000
00000000
00000000
00000000
00000000
00000000
00000000
00000000
00000000
00000000
00000606
00000000
00000000
00000000
00000000
00000000
00000000
00000000
00000000
00000006
00000000
00000000
00000000
00000000
00000000
00000000
00000000
00000000
00000000
00000000
00000000
00000300
00000000
00000303
00000000
00000303
00000300
00000000
00000003
00000000
00000000
00000000
00000000
00000000
00000000
00000000
00000000
00000000
00000000
04000404
00000004
00000000
00000000
00000000
00000000
00000000
00000000
04040000
00040000
00000000
00000000
00000000
00000000
00000000
00000000
00000000
00000000
00000000
00000000
00000000
00000000
05040505
00000005
00050500
05040000
00000000
00000000
04050505
00050500
00000000
00000000
00000000
00000000
00000000
00000000
00000000
00000000
00000000
00000000
00000000
00000000
00000000
00000000
00000000
00000000
00000000
00000000
00000000
00000000
00000000
00000000
00000000
00000000
00000000
00000000
00000000
00000000
00000000
02020000
00020202
00000200
00000202
00000000
00000000
00000000
02020000
00020000
02020200
00000202
00000000
00000000
00000000
00000000
00000000
00000000
00000000
00000000
00000000
00000000
00000000
00000606
00000000
00000000
00000000
00000000
00000000
00000000
00000000
00000000
00000006
00000000
00000000
00000000
00000000
00000000
00000000
00000000
00000000
00000000
00000000
00000000
00000300
00000000
03030300
00000003
00000103
00000300
00000000
00000003
00000000
00000000
00000000
00000000
00000000
00000000
00000000
00000000
00000000
00000000
04000404
04040404
04040404
04040404
04040404
04040404
04040404
04040404
04040404
00040000
00000000
00000000
00000000
00000000
00000000
00000000
00000000
00000000
00000000
00000000
00000000
00000000
00000005
00000005
00050500
05050000
00000000
00000000
00000000
00050400
00000000
00000000
00000000
00000000
00000000
00000000
00000000
00000000
00000000
00000000
00000000
00000000
00000000
00000000
00000000
00000000
00000000
00000000
00000000
00000000
00000000
00000000
00000000
00000000
00000000
00000000
00000000
00000000
00000000
02020000
00020202
00000200
02020202
02020202
02020202
02020202
02020202
00020000
02020200
00000202
00000000
00000000
00000000
00000000
00000000
00000000
00000000
00000000
00000000
00000000
00000000
06060606
06060606
06060606
06060606
06060606
06060606
06060606
06060606
06060606
00000006
00000000
00000000
00000000
00000000
00000000
00000000
00000000
00000000
00000000
00000000
00000000
00000300
00000000
03030000
00000303
00000103
00000300
00000000
00000003
00000000
00000000
00000000
00000000
00000000
00000000
00000000
00000000
00000000
00000000
00000404
00000000
00000000
00000000
00000000
00000000
00000000
00000000
00000000
00040000
00000000
00000000
00000000
00000000
00000000
00000000
00000000
00000000
00000000
00000000
00000000
00000000
00000005
00000000
00050500
05050000
00000000
00000000
00000000
00050400
00000000
00000000
00000000
00000000
00000000
00000000
00000000
00000000
00000000
00000000
00000000
00000000
00000000
00000000
00000000
00000000
00000000
00000000
00000000
00000000
00000000
00000000
00000000
00000000
00000000
00000000
00000000
00000000
00000000
00000000
00000000
00000200
02020200
02020202
02020202
02020202
00020202
02020000
00000000
00000000
00000000
00000000
00000000
00000000
00000000
00000000
00000000
00000000
00000000
00000000
00000000
06060000
06060000
04000006
00000006
00000606
00000606
00000606
00060600
00060600
00000000
00000000
00000000
00000000
00000000
00000000
00000000
00000000
00000000
00000000
00000000
00000000
00000300
00000000
00000000
00000300
00000103
00000300
00000000
00000003
00000000
00000000
00000000
00000000
00000000
00000000
00000000
00000000
00000000
00000000
00000404
00000000
00000000
00000000
00000000
00000000
00000000
00000000
00000000
00040000
00000000
00000000
00000000
00000000
00000000
00000000
00000000
00000000
00000000
00000000
00000000
00000000
00000005
00000000
00050505
05050000
05000000
00000005
00000000
00050500
00000000
00000000
00000000
00000000
00000000
00000000
00000000
00000000
00000000
00000000
00000000
00000000
00000000
00000000
00000000
00000000
00000000
00000000
00000000
00000000
00000000
00000000
00000000
00000000
00000000
00000000
00000000
00000000
00000000
00000000
00000000
00000200
00000000
00000000
00000000
00000000
00000000
00020000
00000000
00000000
00000000
00000000
00000000
00000000
00000000
00000000
00000000
00000000
00000000
00000000
00000000
04000000
06000000
00000000
00000006
00000000
00000600
00000600
00000000
00000600
00000000
00000000
00000000
00000000
00000000
00000000
00000000
00000000
00000000
00000000
00000000
00000000
00000300
00000000
00000303
00000300
00000003
00000303
00000000
00000003
00000000
00000000
00000000
00000000
00000000
00000000
00000000
00000000
00000000
00000000
00000404
00000000
00000000
00000000
04000000
00000004
00000000
00000000
00000000
00040000
00000000
00000000
00000000
00000000
00000000
00000000
00000000
00000000
00000000
00000000
00000000
00000000
00000005
04000000
05050505
05050000
05050000
00000505
00000000
00050500
00000000
00000000
00000000
00000000
00000000
00000000
00000000
00000000
00000000
00000000
00000000
00000000
00000000
00000000
00000000
00000000
00000000
00000000
00000000
00000000
00000000
00000000
00000000
00000000
00000000
00000000
00000000
00000000
00000000
00000000
00000000
00000200
00000000
00000000
00000000
00000000
00000000
00020000
00000000
00000000
00000000
00000000
00000000
00000000
00000000
00000000
00000000
00000000
00000000
00000000
00000000
06060000
06000000
06000006
00000006
00000606
00000606
00060600
00060600
00060600
00000000
00000000
00000000
00000000
00000000
00000000
00000000
00000000
00000000
00000000
00000000
00000000
00000300
00000000
03030303
00000303
03030303
00000003
00000000
00000003
00000000
00000000
00000000
00000000
00000000
00000000
00000000
00000000
00000000
00000000
00000404
00000000
00000000
00000000
00000000
00000000
00000000
00000000
00000000
00040000
00000000
00000000
00000000
00000000
00000000
00000000
00000000
00000000
00000000
00000000
00000000
00000000
00000505
05000000
05000005
05050000
05050000
00050500
00000000
00000500
00000000
00000000
00000000
00000000
00000000
00000000
00000000
00000000
00000000
00000000
00000000
00000000
00000000
00000000
00000000
00000000
00000000
00000000
00000000
00000000
00000000
00000000
00000000
00000000
00000000
00000000
00000000
00000000
00000000
00000000
00000000
00000200
00000000
00000000
00000000
00000000
00000000
00020000
00000000
00000000
00000000
00000000
00000000
00000000
00000000
00000000
00000000
00000000
00000000
00000000
00000000
06060000
06000006
06000006
00000006
00000606
00060606
00060600
00060600
06060600
00000000
00000000
00000000
00000000
00000000
00000000
00000000
00000000
00000000
00000000
00000000
00000000
00000300
00000000
03030300
00000003
03030303
00000003
00000000
00000003
00000000
00000000
00000000
00000000
00000000
00000000
00000000
00000000
00000000
00000000
00000404
00000000
00000000
00000000
00000000
00000000
00000000
00000000
00000000
00040000
00000000
00000000
00000000
00000000
00000000
00000000
00000000
00000000
00000000
00000000
00000000
00000000
00040500
05000000
05000005
05050000
05050000
00050500
00000000
00000005
00000000
00000000
00000000
00000000
00000000
00000000
00000000
00000000
00000000
00000000
00000000
00000000
00000000
00000000
00000000
00000000
00000000
00000000
00000000
00000000
00000000
00000000
00000000
00000000
00000000
00000000
00000000
00000000
00000000
00000000
00000000
02020000
02020202
02020202
02020202
02020202
02020202
00000202
00000000
00000000
00000000
00000000
00000000
00000000
00000000
00000000
00000000
00000000
00000000
00000000
00000000
06060000
06000006
06000006
00000606
00000606
00000606
00060600
00060600
06060600
00000000
00000000
00000000
00000000
00000000
00000000
00000000
00000000
00000000
00000000
00000000
00000000
00000300
00000000
00000000
00000000
00000000
00000000
00000000
00000003
00000000
00000000
00000000
00000000
00000000
00000000
00000000
00000000
00000000
00000000
04040400
04040404
04040404
04040404
04040404
04040404
04040404
04040404
04040404
00000404
00000000
00000000
00000000
00000000
00000000
00000000
00000000
00000000
00000000
00000000
00000000
00000000
00050500
00000000
05050505
05040000
05000000
00000505
05000000
00000005
00000000
00000000
00000000
00000000
00000000
00000000
00000000
00000000
00000000
00000000
00000000
00000000
00000000
00000000
00000000
00000000
00000000
00000000
00000000
00000000
00000000
00000000
00000000
00000000
00000000
00000000
00000000
00000000
00000000
00000000
00000000
00000000
00000000
00000000
00000000
00000000
00000000
00000000
00000000
00000000
00000000
00000000
00000000
00000000
00000000
00000000
00000000
00000000
00000000
00000000
00000000
00000000
00000000
00000000
00000000
00000000
00000000
00000000
00000000
00000000
00000000
00000000
00000000
00000000
00000000
00000000
00000000
00000000
00000000
00000000
00000000
00000000
00000300
00000000
00000000
00000000
00000000
00000000
00000000
00000003
00000000
00000000
00000000
00000000
00000000
00000000
00000000
00000000
00000000
00000000
00000000
00000000
00000000
04040000
00000000
04000000
00000004
00000000
00000000
00000000
00000000
00000000
00000000
00000000
00000000
00000000
00000000
00000000
00000000
00000000
00000000
00000000
05050000
00040000
00050500
05040000
05000000
00000505
05000004
00000000
00000000
00000000
00000000
00000000
00000000
00000000
00000000
00000000
00000000
00000000
00000000
00000000
00000000
00000000
00000000
00000000
00000000
00000000
00000000
00000000
00000000
00000000
00000000
00000000
00000000
00000000
00000000
00000000
00000000
00000000
00000000
00000000
00000000
00000000
00000000
00000000
00000000
00000000
00000000
00000000
00000000
00000000
00000000
00000000
00000000
00000000
00000000
00000000
00000000
00000000
00000000
00000000
00000000
00000000
00000000
00000000
00000000
00000000
00000000
00000000
00000000
00000000
00000000
00000000
00000000
00000000
00000000
00000000
00000000
00000000
00000000
00000000
00000300
00000000
00000000
00000000
00000000
00000000
00000000
00000003
00000000
00000000
00000000
00000000
00000000
00000000
00000000
00000000
00000000
00000000
00000000
00000000
00000000
04000000
00000000
04000000
00000004
00000000
00000000
00000000
00000000
00000000
00000000
00000000
00000000
00000000
00000000
00000000
00000000
00000000
00000000
00000000
05000000
00050505
00000000
05050000
00000000
00000000
05050505
00000000
00000000
00000000
00000000
00000000
00000000
00000000
00000000
00000000
00000000
00000000
00000000
00000000
00000000
00000000
00000000
00000000
00000000
00000000
00000000
00000000
00000000
00000000
00000000
00000000
00000000
00000000
00000000
00000000
00000000
00000000
00000000
00000000
00000200
02020000
00000000
00000202
02020000
00000000
00000000
00000000
00000000
00000000
00000000
00000000
00000000
00000000
00000000
00000000
00000000
00000000
00000000
00000000
00000000
00000000
00000000
00000000
00000000
00000000
00000000
00000000
00000000
00000000
00000000
00000000
00000000
00000000
00000000
00000000
00000000
00000000
00000000
00000000
00000300
00000000
00000000
00000000
00000000
00000000
00000000
00000003
00000000
00000000
00000000
00000000
00000000
00000000
00000000
00000000
00000000
00000000
00000000
00000000
00000000
04000000
00000000
04000000
00000004
00000000
00000000
00000000
00000000
00000000
00000000
00000000
00000000
00000000
00000000
00000000
00000000
00000000
00000000
00000000
00000000
00050500
00000000
05050000
00000000
00000000
00000005
00000000
00000000
00000000
00000000
00000000
00000000
00000000
00000000
00000000
00000000
00000000
00000000
00000000
00000000
00000000
00000000
00000000
00000000
00000000
00000000
00000000
00000000
00000000
00000000
00000000
00000000
00000000
00000000
00000000
00000000
00000000
00000000
00000000
00000200
02020000
00000000
00000202
00020000
00000000
00000000
00000000
00000000
00000000
00000000
00000000
00000000
00000000
00000000
00000000
00000000
00000000
00000000
00000000
00000000
00000000
00000000
00000000
00000000
00000000
00000000
00000000
00000000
00000000
00000000
00000000
00000000
00000000
00000000
00000000
00000000
00000000
00000000
00000000
00000300
00000000
00000000
00000000
00000000
00000000
00000000
00000003
00000000
00000000
00000000
00000000
00000000
00000000
00000000
00000000
00000000
00000000
00000000
00000000
00000000
04040000
00000000
04000000
00000004
00000000
00000000
00000000
00000000
00000000
00000000
00000000
00000000
00000000
00000000
00000000
00000000
00000000
00000000
00000000
00000000
00050000
00000000
05050000
00000000
05000000
00000005
00000000
00000000
00000000
00000000
00000000
00000000
00000000
00000000
00000000
00000000
00000000
00000000
00000000
00000000
00000000
00000000
00000000
00000000
00000000
00000000
00000000
00000000
00000000
00000000
00000000
00000000
00000000
00000000
00000000
00000000
00000000
00000000
00000000
00000200
02020000
00000000
00000202
00020000
00000000
00000000
00000000
00000000
00000000
00000000
00000000
00000000
00000000
00000000
00000000
00000000
00000000
00000000
00000000
00000000
00000000
00000000
00000000
00000000
00000000
00000000
00000000
00000000
00000000
00000000
00000000
00000000
00000000
00000000
00000000
00000000
00000000
00000000
00000000
00000300
00000000
00000000
00000000
00000000
00000000
00000000
00000003
00000000
00000000
00000000
00000000
00000000
00000000
00000000
00000000
00000000
00000000
00000000
00000000
00000000
04040000
00000000
04000000
00000004
00000000
00000000
00000000
00000000
00000000
00000000
00000000
00000000
00000000
00000000
00000000
00000000
00000000
00000000
00000000
00000000
04050000
00000000
05050000
00000005
05000000
00000005
00000000
00000000
00000000
00000000
00000000
00000000
00000000
00000000
00000000
00000000
00000000
00000000
00000000
00000000
00000000
00000000
00000000
00000000
00000000
00000000
00000000
00000000
00000000
00000000
00000000
00000000
00000000
00000000
00000000
00000000
00000000
00000000
00000000
00000202
02020000
00000000
00000202
00020000
00000000
00000000
00000000
00000000
00000000
00000000
00000000
00000000
00000000
00000000
00000000
00000000
00000000
00000000
00000000
00000000
00000000
00000000
00000000
00000000
00000000
00000000
00000000
00000000
00000000
00000000
00000000
00000000
00000000
00000000
00000000
00000000
00000000
00000000
00000000
03030300
03030303
03030303
03030303
03030303
03030303
03030303
00000003
00000000
00000000
00000000
00000000
00000000
00000000
00000000
00000000
00000000
00000000
00000000
00000000
00000000
00040000
00000000
00000000
00000404
00000000
00000000
00000000
00000000
00000000
00000000
00000000
00000000
00000000
00000000
00000000
00000000
00000000
00000000
00000000
00000000
05000000
00000000
00050500
00000005
05050000
00000000
00000000
00000000
00000000
00000000
00000000
00000000
00000000
00000000
00000000
00000000
00000000
00000000
00000000
00000000
00000000
00000000
00000000
00000000
00000000
00000000
00000000
00000000
00000000
00000000
00000000
00000000
00000000
00000000
00000000
00000000
00000000
00000000
00000000
00000200
02020000
00000000
00000202
00020000
00000000
00000000
00000000
00000000
00000000
00000000
00000000
00000000
00000000
00000000
00000000
00000000
00000000
00000000
00000000
00000000
00000000
00000000
00000000
00000000
00000000
00000000
00000000
00000000
00000000
00000000
00000000
00000000
00000000
00000000
00000000
00000000
00000000
00000000
00000000
03030300
03030303
03030303
03030303
03030303
03030303
03030303
00000003
00000000
00000000
00000000
00000000
00000000
00000000
00000000
00000000
00000000
00000000
00000000
00000000
00040400
00040400
04000000
00000000
00000404
00000404
00000000
00000000
00000000
00000000
00000000
00000000
00000000
00000000
00000000
00000000
00000000
00000000
00000000
00000000
00000000
05000000
05050505
00000505
00000504
00050500
00000000
00000000
00000000
00000000
00000000
00000000
00000000
00000000
00000000
00000000
00000000
00000000
00000000
00000000
00000000
00000000
00000000
00000000
00000000
00000000
00000000
00000000
00000000
00000000
00000000
00000000
00000000
00000000
00000000
00000000
00000000
00000000
00000000
00000000
00000202
02020000
00000000
00000202
02020000
00000000
00000000
00000000
00000000
00000000
00000000
00000000
00000000
00000000
00000000
00000000
00000000
00000000
00000000
00000000
00000000
00000000
00000000
00000000
00000000
00000000
00000000
00000000
00000000
00000000
00000000
00000000
00000000
00000000
00000000
00000000
00000000
00000000
00000000
00000000
00000000
00000000
00000000
00000000
00000000
00000000
00000000
00000000
00000000
00000000
00000000
00000000
00000000
00000000
00000000
00000000
00000000
00000000
00000000
00000000
04040400
04040404
04040404
04040404
04040404
00000404
00000000
00000000
00000000
00000000
00000000
00000000
00000000
00000000
00000000
00000000
00000000
00000000
00000000
00000000
00000000
00000000
05050505
00000005
05050500
00000505
00000000
00000000
00000000
00000000
00000000
00000000
00000000
00000000
00000000
00000000
00000000
00000000
00000000
00000000
00000000
00000000
00000000
00000000
00000000
00000000
00000000
00000000
00000000
00000000
00000000
00000000
00000000
00000000
00000000
00000000
00000000
00000000
00000000
00000000
00000000
00000000
00000000
00000000
00000000
00000000
00000000
00000000
00000000
00000000
00000000
00000000
00000000
00000000
00000000
00000000
00000000
00000000
00000000
00000000
00000000
00000000
00000000
00000000
00000000
00000000
00000000
00000000
00000000
00000000
00000000
00000000
00000000
00000000
00000000
00000000
00000000
00000000
00000000
00000000
00000000
00000000
00000000
00000000
00000000
00000000
00000000
00000000
00000000
00000000
00000000
00000000
00000000
00000000
00000000
00000000
00000000
00000000
00000000
00000000
00000000
00000000
00000000
00000000
00000000
00000000
00000000
00000000
00000000
00000000
00000000
00000000
00000000
00000000
00000000
00000000
00000000
00000000
00000000
00000000
00000000
00000000
00000000
00000000
00000000
00000000
00000000
00000000
00000000
00000000
00000000
00000000
00000000
00000000
00000000
00000000
00000000
00000000
00000000
00000000
00000000
00000000
00000000
00000000
00000000
00000000
00000000
00000000
00000000
00000000
00000000
00000000
00000000
00000000
00000000
00000000
00000000
00000000
00000000
00000000
00000000
00000000
00000000
00000000
00000000
00000000
00000000
00000000
00000000
00000000
00000000
00000000
00000000
00000000
00000000
00000000
00000000
00000000
00000000
00000000
00000000
00000000
00000000
00000000
00000000
00000000
00000000
00000000
00000000
00000000
00000000
00000000
00000000
00000000
00000000
00000000
00000000
00000000
00000000
00000000
00000000
00000000
00000000
00000000
00000000
00000000
00000000
00000000
00000000
00000000
00000000
00000000
00000000
00000000
00000000
00000000
00000000
00000000
00000000
00000000
00000000
00000000
00000000
00000000
00000000
00000000
00000000
00000000
00000000
00000000
00000000
00000000
00000000
00000000
00000000
00000000
00000000
00000000
00000000
00000000
00000000
00000000
00000000
00000000
00000000
00000000
00000000
00000000
00000000
00000000
00000000
00000000
00000000
00000000
00000000
00000000
00000000
00000000
00000000
00000000
00000000
00000000
00000000
00000000
00000000
00000000
00000000
00000000
00000000
00000000
00000000
00000000
00000000
00000000
00000000
00000000
00000000
00000000
00000000
00000000
00000000
00000000
00000000
00000000
00000000
00000000
00000000
00000000
00000000
00000000
00000000
00000000
00000000
00000000
00000000
00000000
00000000
00000000
00000000
00000000
00000000
00000000
00000000
00000000
00000000
00000000
00000000
00000000
00000000
00000000
00000000
00000000
00000000
00000000
00000000
00000000
00000000
00000000
00000000
00000000
00000000
00000000
00000000
00000000
00000000
00000000
00000000
00000000
00000000
00000000
00000000
00000000
00000000
00000000
00000000
00000000
00000000
00000000
00000000
00000000
00000000
00000000
00000000
00000000
00000000
00000000
00000000
00000000
00000000
00000000
00000000
00000000
00000000
00000000
00000000
00000000
00000000
00000000
00000000
00000000
00000000
00000000
00000000
00000000
00000000
00000000
00000000
00000000
00000000
00000000
00000000
00000000
00000000
00000000
00000000
00000000
00000000
00000000
00000000
00000000
00000000
00000000
00000000
00000000
00000000
00000000
00000000
00000000
00000000
00000000
00000000
00000000
00000000
00000000
00000000
00000000
00000000
00000000
00000000
00000000
00000000
00000000
00000000
00000000
00000000
00000000
00000000
00000000
00000000
00000000
00000000
00000000
00000000
00000000
00000000
00000000
00000000
00000000
00000000
00000000
00000000
00000000
00000000
00000000
00000000
00000000
00000000
00000000
00000000
00000000
00000000
00000000
00000000
00000000
00000000
00000000
00000000
00000000
00000000
00000000
00000000
00000000
00000000
00000000
00000000
00000000
00000000
00000000
00000000
00000000
00000000
00000000
00000000
00000000
00000000
00000000
00000000
00000000
00000000
00000000
00000000
00000000
00000000
00000000
00000000
00000000
00000000
00000000
00000000
00000000
00000000
00000000
00000000
00000000
00000000
00000000
00000000
00000000
00000000
00000000
00000000
00000000
00000000
00000000
00000000
00000000
00000000
00000000
00000000
00000000
00000000
00000000
00000000
00000000
00000000
00000000
00000000
00000000
00000000
00000000
00000000
00000000
00000000
00000000
00000000
00000000
00000000
00000000
00000000
00000000
00000000
00000000
00000000
00000000
00000000
00000000
00000000
00000000
00000000
00000000
00000000
00000000
00000000
00000000
00000000
00000000
00000000
00000000
00000000
00000000
00000000
00000000
00000000
00000000
00000000
00000000
00000000
00000000
00000000
00000000
00000000
00000000
00000000
00000000
00000000
00000000
00000000
00000000
00000000
00000000
00000000
00000000
00000000
00000000
00000000
00000000
00000000
00000000
00000000
00000000
00000000
00000000
00000000
00000000
00000000
00000000
00000000
00000000
00000000
00000000
00000000
00000000
00000000
00000000
00000000
00000000
00000000
00000000
00000000
00000000
00000000
00000000
00000000
00000000
00000000
00000000
00000000
00000000
00000000
00000000
00000000
00000000
00000000
00000000
00000000
00000000
00000000
00000000
00000000
00000000
00000000
00000000
00000000
00000000
00000000
00000000
00000000
00000000
00000000
00000000
00000000
00000000
00000000
00000000
00000000
00000000
00000000
00000000
00000000
00000000
00000000
00000000
00000000
00000000
00000000
00000000
00000000
00000000
00000000
00000000
00000000
00000000
00000000
00000000
00000000
00000000
00000000
00000000
00000000
00000000
00000000
00000000
00000000
00000000
00000000
00000000
00000000
00000000
00000000
00000000
00000000
00000000
00000000
00000000
00000000
00000000
00000000
00000000
00000000
00000000
00000000
00000000
00000000
00000000
00000000
00000000
00000000
00000000
00000000
00000000
00000000
00000000
00000000
00000000
00000000
00000000
00000000
00000000
00000000
00000000
00000000
00000000
00000000
00000000
00000000
00000000
00000000
00000000
00000000
00000000
00000000
00000000
00000000
00000000
00000000
00000000
00000000
00000000
00000000
00000000
00000000
00000000
00000000
00000000
00000000
00000000
00000000
00000000
00000000
00000000
00000000
00000000
00000000
00000000
00000000
00000000
00000000
00000000
00000000
00000000
00000000
00000000
00000000
00000000
00000000
00000000
00000000
00000000
00000000
00000000
00000000
00000000
00000000
00000000
00000000
00000000
00000000
00000000
00000000
00000000
00000000
00000000
00000000
00000000
00000000
00000000
00000000
00000000
00000000
00000000
00000000
00000000
00000000
00000000
00000000
00000000
00000000
00000000
00000000
00000000
00000000
00000000
00000000
00000000
00000000
00000000
00000000
00000000
00000000
00000000
00000000
00000000
00000000
00000000
00000000
00000000
00000000
00000000
00000000
00000000
00000000
00000000
00000000
00000000
00000000
00000000
00000000
00000000
00000000
00000000
00000000
00000000
00000000
00000000
00000000
00000000
00000000
00000000
00000000
00000000
00000000
00000000
00000000
00000000
00000000
00000000
00000000
00000000
00000000
00000000
00000000
00000000
00000000
00000000
00000000
00000000
00000000
00000000
00000000
00000000
00000000
00000000
00000000
00000000
00000000
00000000
00000000
00000000
00000000
00000000
00000000
00000000
00000000
00000000
00000000
00000000
00000000
00000000
00000000
00000000
00000000
00000000
00000000
00000000
00000000
00000000
00000000
00000000
00000000
00000000
00000000
00000000
00000000
00000000
00000000
00000000
00000000
00000000
00000000
00000000
00000000
00000000
00000000
00000000
00000000
00000000
00000000
00000000
00000000
00000000
00000000
00000000
00000000
00000000
00000000
00000000
00000000
00000000
00000000
00000000
00000000
00000000
00000000
00000000
00000000
00000000
00000000
00000000
00000000
00000000
00000000
00000000
00000000
00000000
00000000
00000000
00000000
00000000
00000000
00000000
00000000
00000000
00000000
00000000
00000000
00000000
00000000
00000000
00000000
00000000
00000000
00000000
00000000
00000000
00000000
00000000
00000000
00000000
00000000
00000000
00000000
00000000
00000000
00000000
00000000
00000000
00000000
00000000
00000000
00000000
00000000
00000000
00000000
00000000
00000000
00000000
00000000
00000000
00000000
00000000
00000000
00000000
00000000
00000000
00000000
00000000
00000000
00000000
00000000
00000000
00000000
00000000
00000000
00000000
00000000
00000000
00000000
00000000
00000000
00000000
00000000
00000000
00000000
00000000
00000000
00000000
00000000
00000000
00000000
00000000
00000000
00000000
00000000
00000000
00000000
00000000
00000000
00000000
00000000
00000000
00000000
00000000
00000000
00000000
00000000
00000000
00000000
00000000
00000000
00000000
00000000
00000000
00000000
00000000
00000000
00000000
00000000
00000000
00000000
00000000
00000000
00000000
00000000
00000000
00000000
00000000
00000000
00000000
00000000
00000000
00000000
00000000
00000000
00000000
00000000
00000000
00000000
00000000
00000000
00000000
00000000
00000000
00000000
00000000
00000000
00000000
00000000
00000000
00000000
00000000
00000000
00000000
00000000
00000000
00000000
00000000
00000000
00000000
00000000
00000000
00000000
00000000
00000000
00000000
00000000
00000000
00000000
00000000
00000000
00000000
00000000
00000000
00000000
00000000
00000000
00000000
00000000
00000000
00000000
00000000
00000000
00000000
00000000
00000000
00000000
00000000
00000000
00000000
00000000
00000000
00000000
00000000
00000000
00000000
00000000
00000000
00000000
00000000
00000000
00000000
00000000
00000000
00000000
00000000
00000000
00000000
00000000
00000000
00000000
00000000
00000000
00000000
00000000
00000000
00000000
00000000
00000000
00000000
00000000
00000000
00000000
00000000
00000000
00000000
00000000
00000000
00000000
00000000
00000000
00000000
00000000
00000000
00000000
00000000
00000000
00000000
00000000
00000000
00000000
00000000
00000000
00000000
00000000
00000000
00000000
00000000
00000000
00000000
00000000
00000000
00000000
00000000
00000000
00000000
00000000
00000000
00000000
00000000
00000000
00000000
00000000
00000000
00000000
00000000
00000000
00000000
00000000
00000000
00000000
00000000
00000000
00000000
00000000
00000000
00000000
00000000
00000000
00000000
00000000
00000000
00000000
00000000
00000000
00000000
00000000
00000000
00000000
00000000
00000000
00000000
00000000
00000000
00000000
00000000
00000000
00000000
00000000
00000000
00000000
00000000
00000000
00000000
00000000
00000000
00000000
00000000
00000000
00000000
00000000
00000000
00000000
00000000
00000000
00000000
00000000
00000000
00000000
00000000
00000000
00000000
00000000
00000000
00000000
00000000
00000000
00000000
00000000
00000000
00000000
00000000
00000000
00000000
00000000
00000000
00000000
00000000
00000000
00000000
00000000
00000000
00000000
00000000
00000000
00000000
00000000
00000000
00000000
00000000
00000000
00000000
00000000
00000000
00000000
00000000
00000000
00000000
00000000
00000000
00000000
00000000
00000000
00000000
00000000
00000000
00000000
00000000
00000000
00000000
00000000
00000000
00000000
00000000
00000000
00000000
00000000
00000000
00000000
00000000
00000000
00000000
00000000
00000000
00000000
00000000
00000000
00000000
00000000
00000000
00000000
00000000
00000000
00000000
00000000
00000000
00000000
00000000
00000000
00000000
00000000
00000000
00000000
00000000
00000000
00000000
00000000
00000000
00000000
00000000
00000000
00000000
00000000
00000000
00000000
00000000
00000000
00000000
00000000
00000000
00000000
00000000
00000000
00000000
00000000
00000000
00000000
00000000
00000000
00000000
00000000
00000000
00000000
00000000
00000000
00000000
00000000
00000000
00000000
00000000
00000000
00000000
00000000
00000000
00000000
00000000
00000000
00000000
00000000
00000000
00000000
00000000
00000000
00000000
00000000
00000000
00000000
00000000
00000000
00000000
00000000
00000000
00000000
00000000
00000000
00000000
00000000
00000000
00000000
00000000
00000000
00000000
00000000
00000000
00000000
00000000
00000000
00000000
00000000
00000000
00000000
00000000
00000000
00000000
00000000
00000000
00000000
00000000
00000000
00000000
00000000
00000000
00000000
00000000
00000000
00000000
00000000
00000000
00000000
00000000
00000000
00000000
00000000
00000000
00000000
00000000
00000000
00000000
00000000
00000000
00000000
00000000
00000000
00000000
00000000
00000000
00000000
00000000
00000000
00000000
00000000
00000000
00000000
00000000
00000000
00000000
00000000
00000000
00000000
00000000
00000000
00000000
00000000
00000000
00000000
00000000
00000000
00000000
00000000
00000000
00000000
00000000
00000000
00000000
00000000
00000000
00000000
00000000
00000000
00000000
00000000
00000000
00000000
00000000
00000000
00000000
00000000
00000000
00000000
00000000
00000000
00000000
00000000
00000000
00000000
00000000
00000000
00000000
00000000
00000000
00000000
00000000
00000000
00000000
00000000
00000000
00000000
00000000
00000000
00000000
00000000
00000000
00000000
00000000
00000000
00000000
00000000
00000000
00000000
00000000
00000000
00000000
00000000
00000000
00000000
00000000
00000000
00000000
00000000
06060606
00000006
06060600
00000006
06060600
00000006
06060600
00000004
00000000
06000000
00000000
00000006
00000000
00000000
00000000
00000000
00000000
00000000
00000000
00000000
00000000
00000000
06060000
00000006
06060606
06000000
06060606
00000000
00060000
06000000
00000000
00000006
00000000
00000000
00000000
00000000
00000000
00000000
00000000
00000000
00000000
00060606
06060000
00000606
00000000
00000000
06060600
00000006
00060000
06000000
00060606
06060000
00000606
00000000
00000000
00000000
00000000
00000000
00000000
00000000
00000000
00000000
00000000
00000600
00000000
06060000
00000006
06060606
00000000
00000000
00000000
00000000
00000000
00000000
00000000
00000000
00000000
00050000
05000000
00000505
00000000
00000000
00000005
05050500
00000000
00000505
05050500
05000005
00000000
05050500
05000505
00050505
05000000
05000000
05050505
05000000
00000505
05050505
00000000
00000000
00000000
00000000
00000000
00000000
00000000
00000000
00000000
00000000
00000000
00000000
00000000
00000000
00000000
00000000
00000000
00000000
00000000
00000000
00000000
00000000
06060606
00000606
06060000
00000006
06060606
00000006
06060606
00000006
00000000
06000000
06000000
00000006
00000000
00000000
00000000
00000000
00000000
00000000
00000000
00000000
00000000
00000000
06060600
00000606
06060606
06000006
06060606
00000006
00060600
06000000
06000000
00000006
00000000
00000000
00000000
00000000
00000000
00000000
00000000
00000000
06000000
06060606
06060000
00060606
00000000
00000000
06060600
00000006
06060600
06040000
06060606
06060000
00060606
00000000
00000000
00000000
00000000
00000000
00000000
00000000
00000000
00000000
00000000
00000600
00000000
06060600
00000606
06060606
00000006
00000000
00000000
00000000
00000000
00000000
00000000
00000000
00000000
05050500
05000000
00000505
00000000
05000000
00000405
05050500
05000005
00050505
05050505
05040005
00000000
05050500
05000505
05050505
05000000
05000005
05050505
05050000
00000505
05050505
00000000
00000000
00000000
00000000
00000000
00000000
00000000
00000000
00000000
00000000
00000000
00000000
00000000
00000000
00000000
00000000
00000000
00000000
00000000
00000000
00000000
00000000
00000606
00060600
06000000
00000000
00000006
06000606
00000006
00000606
00000000
06000000
06000000
00000006
00000000
00000000
00000000
00000000
00000000
00000000
00000000
00000000
00000000
00000000
00000606
00040600
00000006
06000606
00000006
00000606
06000606
06000000
06040006
00000006
00000000
00000000
00000000
00000000
00000000
00000000
00000000
00000000
06060000
06000000
00060000
06060000
00000000
00000000
00000606
00000606
06000606
06000000
06000000
00060006
06060000
00000000
00000000
00000000
00000000
00000000
00000000
00000000
00000000
00000000
00000000
00000600
00000000
00000606
00000600
00000006
00000606
00000000
00000000
00000000
00000000
00000000
00000000
00000000
00000000
05050500
00000000
00000005
00000000
05000000
00000505
00000505
05050005
00050000
00000505
05040000
00000000
00000500
05000000
05000000
05050000
00000005
00050500
00050400
00050500
00000005
00000005
00000000
00000000
00000000
00000000
00000000
00000000
00000000
00000000
00000000
00000000
00000000
00000000
00000000
00000000
00000000
00000000
00000000
00000000
00000000
00000000
00000000
00000606
00060600
06000000
00000000
00000006
06000000
00000006
00000000
00000000
06000000
06000000
00000006
00000000
00000000
00000000
00000000
00000000
00000000
00000000
00000000
00000000
00000000
00000606
00000000
00000006
06000600
00000006
00000606
06000006
06000006
06060606
00000006
00000000
00000000
00000000
00000000
00000000
00000000
00000000
00000000
06060000
00000000
00060000
06060000
00000000
00000000
00000606
00000000
06000006
06000006
06000000
06060006
06060000
00000000
00000000
00000000
00000000
00000000
00000000
00000000
00000000
00000000
00000000
00000600
00000000
00000606
00000000
00000006
00000606
00000000
00000000
00000000
00000000
00000000
00000000
00000000
00000000
05000505
00000005
00000005
00000000
05050000
00050500
00000005
05050000
00000000
00000505
05040000
00000000
00000500
05000000
05000000
00050000
00000500
00050500
00050500
00050500
00000005
00000005
00000000
00000000
00000000
00000000
00000000
00000000
00000000
00000000
00000000
00000000
00000000
00000000
00000000
00000000
00000000
00000000
00000000
00000000
00000000
00000000
00000000
00000606
00060600
06000000
00000000
00000606
06000000
00000006
00000000
00000000
06000000
06000000
00000006
00000000
00000000
00000000
00000000
00000000
00000000
00000000
00000000
00000000
00000000
00000606
00000000
00000006
06000600
00000006
06000606
00000006
06000006
06060606
00000006
00000000
00000000
00000000
00000000
00000000
00000000
00000000
00000000
06000000
00000004
00060000
06060000
00000000
00000000
00000606
06000000
00000006
06000006
06000000
06060006
06060000
00000000
00000000
00000000
00000000
00000000
00000000
00000000
00000000
00000000
00000000
00000600
00000000
00000606
00000000
00000006
00000606
00000000
00000000
00000000
00000000
00000000
00000000
00000000
00000000
00000005
00000005
00000005
00000000
00050000
00050000
00000005
05050000
00000000
00000505
05040000
00000000
00000500
05000000
05000000
00040500
00000500
00050500
00050500
00050500
05000005
00000005
00000000
00000000
00000000
00000000
00000000
00000000
00000000
00000000
00000000
00000000
00000000
00000000
00000000
00000000
00000000
00000000
00000000
00000000
00000000
00000000
00000000
06060606
00000606
06000000
00000000
06060600
06000006
00000006
00000000
06060606
06000006
06000006
00000006
00000000
00000000
00000000
00000000
00000000
00000000
00000000
00000000
00000000
00000000
06060600
00000606
00000006
06000606
06060606
06000006
00000006
06000006
00000600
00000006
00000000
00000000
00000000
00000000
00000000
00000000
00000000
00000000
06000000
06060606
00060000
06060000
00000000
00000000
00000606
06000000
00000006
06000406
06060606
06060000
06060000
00000000
00000000
00000000
00000000
00000000
00000000
00000000
00000000
00000000
00000000
00000600
00000000
00000606
00000000
00000006
00000606
00000000
00000000
00000000
00000000
00000000
00000000
00000000
00000000
00000005
00000005
00000005
00000000
00050000
00050000
00000005
05050000
00000000
05050505
05040005
00000000
05050500
05000005
00050505
00000500
00000500
00050500
00050500
00050500
05050505
00000000
00000000
00000000
00000000
00000000
00000000
00000000
00000000
00000000
00000000
00000000
00000000
00000000
00000000
00000000
00000000
00000000
00000000
00000000
00000000
00000000
00000000
06040606
00000006
06000000
00000000
00000000
06000606
00000006
00000000
00000000
04000000
06000006
00000000
00000000
00000000
00000000
00000000
00000000
00000000
00000000
00000000
00000000
00000000
00000000
00000600
00000406
06000606
06060006
06000000
06060606
06000006
00000000
00000006
00000000
00000000
00000000
00000000
00000000
00000000
00000000
00000000
00000000
06000000
00060000
06060000
00000000
00000000
00000606
06000000
06060606
06000406
00060606
06060000
06060000
00000000
00000000
00000000
00000000
00000000
00000000
00000000
00000000
00000000
00000000
00000600
00000000
00000606
00000000
00000006
00000606
00000000
00000000
00000000
00000000
00000000
00000000
00000000
00000000
05050505
00000005
00000005
00000000
05050000
00050505
00000005
05050000
00000000
00000505
05040000
00000000
00000500
05000000
00040505
05050500
00000505
00050500
00050500
00050500
00050405
00000000
00000000
00000000
00000000
00000000
00000000
00000000
00000000
00000000
00000000
00000000
00000000
00000000
00000000
00000000
00000000
00000000
00000000
00000000
00000000
00000000
00000000
06000606
00000006
06000000
00000000
00000000
06000600
00000006
00000000
00000000
00000000
06060006
00000000
00000000
00000000
00000000
00000000
00000000
00000000
00000000
00000000
00000000
00000000
00000000
00060600
00000406
06000606
06060006
06000000
06060606
06000006
00000000
00000006
00000000
00000000
00000000
00000000
00000000
00000000
00000000
00000000
00000000
06000000
00060006
06060000
00000000
00000000
00000606
06000000
06060606
06000006
00060600
04060000
06060000
00000000
00000000
00000000
00000000
00000000
00000000
00000000
00000000
00000000
00000000
00000600
00000000
00000606
00000000
00000006
00000606
00000000
00000000
00000000
00000000
00000000
00000000
00000000
00000000
05050505
00000005
00000005
00000000
05050000
00050505
00000005
05050000
00000000
00000505
05040000
00000000
00000500
05000000
00050500
05050500
00000505
00050500
00050500
00050500
05050005
00000000
00000000
00000000
00000000
00000000
00000000
00000000
00000000
00000000
00000000
00000000
00000000
00000000
00000000
00000000
00000000
00000000
00000000
00000000
00000000
00000000
00000000
00000606
00000606
06000000
00000000
00000606
00000606
00000006
00000606
00000000
00000000
06060606
00000000
00000000
00000000
00000000
00000000
00000000
00000000
00000000
00000000
00000000
00000000
00000606
00040600
00000406
06000606
06000006
06000006
00000006
06000006
00000000
00000006
00000000
00000000
00000000
00000000
00000000
00000000
00000000
00000000
06060000
06000000
00060004
06060000
00000000
00000000
00000606
06000606
00000006
06000006
06060000
00060000
06060000
00000000
00000000
00000000
00000000
00000000
00000000
00000000
00000000
00000000
00000000
00000600
00000000
00000606
00000600
00000006
00000606
00000000
00000000
00000000
00000000
00000000
00000000
00000000
00000000
00000005
00000005
00000005
00000000
00050000
00050000
00000505
05050005
04050000
00000504
05040000
00000000
00000500
05000000
05050000
00000500
00000500
00050500
00050000
00050500
05000005
00000000
00000000
00000000
00000000
00000000
00000000
00000000
00000000
00000000
00000000
00000000
00000000
00000000
00000000
00000000
00000000
00000000
00000000
00000000
00000000
00000000
00000000
00000606
00060600
06060600
00000006
06060606
00000006
06060606
00000006
00000000
00000000
00060600
00000000
00000000
00000000
00000000
00000000
00000000
00000000
00000000
00000000
00000000
00000000
06060600
00000606
06060606
06000006
00000006
06000606
00000006
06000006
06000000
00000006
00000000
00000000
00000000
00000000
00000000
00000000
00000000
00000000
06000000
06060606
06060000
00060606
00000000
00000000
06060600
06000606
00000006
06000006
06000000
06060006
00060606
00000000
00000000
00000000
00000000
00000000
00000000
00000000
00000000
00000000
00000000
06060600
00060606
06060600
00000606
06060606
00000006
00000000
00000000
00000000
00000000
00000000
00000000
00000000
00000000
00000005
05000005
00000505
00000000
00050000
00050000
05050500
05000005
00050505
05050505
05000005
05050505
05050500
05000505
05000000
00000500
00000500
00050500
05050000
00000505
05000005
00000005
00000000
00000000
00000000
00000000
00000000
00000000
00000000
00000000
00000000
00000000
00000000
00000000
00000000
00000000
00000000
00000000
00000000
00000000
00000000
00000000
00000000
00000600
00060600
06060600
00000006
06060600
00000006
06060600
00000000
00000000
00000000
00000600
00000000
00000000
00000000
00000000
00000000
00000000
00000000
00000000
00000000
00000000
00000000
06060000
00000006
06060606
00000000
00000006
06000606
00000000
06000006
00000000
00000006
00000000
00000000
00000000
00000000
00000000
00000000
00000000
00000000
00000000
00060606
06060000
00000606
00000000
00000000
06060000
06000006
00000006
06000006
06000000
06060006
00000606
00000000
00000000
00000000
00000000
00000000
00000000
00000000
00000000
00000000
00000000
06060600
00060606
06060000
00000006
06060606
00000000
00000000
00000000
00000000
00000000
00000000
00000000
00000000
00000000
00000005
05000005
00000505
00000000
00050000
00050000
05050400
00000000
00040505
05050500
05000005
04050505
05050500
05000505
05000000
00000500
00000500
00040400
05000000
00000405
00000005
00000005
00000000
00000000
00000000
00000000
00000000
00000000
00000000
00000000
00000000
00000000
00000000
00000000
00000000
00000000
00000000
00000000
00000000
00000000
00000000
00000000
00000000
00000000
00000000
00000000
00000000
00000000
00000000
00000000
00000000
00000000
00000000
00000000
00000000
00000000
00000000
00000000
00000000
00000000
00000000
00000000
00000000
00000000
00000000
00000000
00000000
00000000
00000000
00000000
00000000
00000000
00000000
00000000
00000000
00000000
00000000
00000000
00000000
00000000
00000000
00000000
00000000
00000000
00000000
00000000
00000000
00000000
00000000
00000000
00000000
00000000
00000000
00000000
00000000
00000000
00000000
00000000
00000000
00000000
00000000
00000000
00000000
00000000
00000000
00000000
00000000
00000000
00000000
00000000
00000000
00000000
00000000
00000000
00000000
00000000
00000000
00000000
00000000
00000000
00000000
00000000
00000000
00000000
00000000
00000000
00000000
00000000
00000000
00000000
00000000
00000000
00000000
00000000
00000000
00000000
00000000
00000000
00000000
00000000
00000000
00000000
00000000
00000000
00000000
00000000
00000000
00000000
00000000
00000000
00000000
00000000
00000000
00000000
00000000
00000000
00000000
00000000
00000000
00000000
00000000
00000000
00000000
00000000
00000000
00000000
00000000
00000000
00000000
00000000
00000000
00000000
00000000
00000000
00000000
00000000
00000000
00000000
00000000
00000000
00000000
00000000
00000000
00000000
00000000
00000000
00000000
00000000
00000000
00000000
00000000
00000000
00000000
00000000
00000000
00000000
00000000
00000000
00000000
00000000
00000000
00000000
00000000
00000000
00000000
00000000
00000000
00000000
00000000
00000000
00000000
00000000
00000000
00000000
00000000
00000000
00000000
00000000
00000000
00000000
00000000
00000000
00000000
00000000
00000000
00000000
00000000
00000000
00000000
00000000
00000000
00000000
00000000
00000000
00000000
00000000
00000000
00000000
00000000
00000000
00000000
00000000
00000000
00000000
00000000
00000000
00000000
00000000
00000000
00000000
00000000
00000000
00000000
00000000
00000000
00000000
00000000
00000000
00000000
00000000
00000000
00000000
00000000
00000000
00000000
00000000
00000000
00000000
00000000
00000000
00000000
00000000
00000000
00000000
00000000
00000000
00000000
00000000
00000000
00000000
00000000
00000000
00000000
00000000
00000000
00000000
00000000
00000000
00000000
00000000
00000000
00000000
00000000
00000000
00000000
00000000
00000000
00000000
00000000
00000000
00000000
00000000
00000000
00000000
00000000
00000000
00000000
00000000
00000000
00000000
00000000
00000000
00000000
00000000
00000000
00000000
00000000
00000000
00000000
00000000
00000000
00000000
00000000
00000000
00000000
00000000
00000000
00000000
00000000
00000000
00000000
00000000
00000000
00000000
00000000
00000000
00000000
00000000
00000000
00000000
00000000
00000000
00000000
00000000
00000000
00000000
00000000
00000000
00000000
00000000
00000000
00000000
00000000
00000000
00000000
00000000
00000000
00000000
00000000
00000000
00000000
00000000
00000000
00000000
00000000
00000000
00000000
00000000
00000000
00000000
00000000
00000000
00000000
00000000
00000000
00000000
00000000
00000000
00000000
00000000
00000000
00000000
00000000
00000000
00000000
00000000
00000000
00000000
00000000
00000000
00000000
00000000
00000000
00000000
00000000
00000000
00000000
00000000
00000000
00000000
00000000
00000000
00000000
00000000
00000000
00000000
00000000
00000000
00000000
00000000
00000000
00000000
00000000
00000000
00000000
00000000
00000000
00000000
00000000
00000000
00000000
00000000
00000000
00000000
00000000
00000000
00000000
00000000
00000000
00000000
00000000
00000000
00000000
00000000
00000000
00000000
00000000
00000000
00000000
00000000
00000000
00000000
00000000
00000000
00000000
00000000
00000000
00000000
00000000
00000000
00000000
00000000
00000000
00000000
00000000
00000000
00000000
00000000
00000000
00000000
00000000
00000000
00000000
00000000
00000000
00000000
00000000
00000000
00000000
00000000
00000000
00000000
00000000
00000000
00000000
00000000
00000000
00000000
00000000
00000000
00000000
00000000
00000000
00000000
00000000
00000000
00000000
00000000
00000000
00000000
00000000
00000000
00000000
00000000
00000000
00000000
00000000
00000000
00000000
00000000
00000000
00000000
00000000
00000000
00000000
00000000
00000000
00000000
00000000
00000000
00000000
00000000
00000000
00000000
00000000
00000000
00000000
00000000
00000000
00000000
00000000
00000000
00000000
00000000
00000000
00000000
00000000
00000000
00000000
00000000
00000000
00000000
00000000
00000000
00000000
00000000
00000000
00000000
00000000
00000000
00000000
00000000
00000000
00000000
00000000
00000000
00000000
00000000
00000000
00000000
00000000
00000000
00000000
00000000
00000000
00000000
00000000
00000000
00000000
00000000
00000000
00000000
00000000
00000000
00000000
00000000
00000000
00000000
00000000
00000000
00000000
00000000
00000000
00000000
00000000
00000000
00000000
00000000
00000000
00000000
00000000
00000000
00000000
00000000
00000000
00000000
00000000
00000000
00000000
00000000
00000000
00000000
00000000
00000000
00000000
00000000
00000000
00000000
00000000
00000000
00000000
00000000
00000000
00000000
00000000
00000000
00000000
00000000
00000000
00000000
00000000
00000000
00000000
00000000
00000000
00000000
00000000
00000000
00000000
00000000
00000000
00000000
00000000
00000000
00000000
00000000
00000000
00000000
00000000
00000000
00000000
00000000
00000000
00000000
00000000
00000000
00000000
00000000
00000000
00000000
00000000
00000000
00000000
00000000
00000000
00000000
00000000
00000000
00000000
00000000
00000000
00000000
00000000
00000000
00000000
00000000
00000000
00000000
00000000
00000000
00000000
00000000
00000000
00000000
00000000
00000000
00000000
00000000
00000000
00000000
00000000
00000000
00000000
00000000
00000000
00000000
00000000
00000000
00000000
00000000
00000000
00000000
00000000
00000000
00000000
00000000
00000000
00000000
00000000
00000000
00000000
00000000
00000000
00000000
00000000
00000000
00000000
00000000
00000000
00000000
00000000
00000000
00000000
00000000
00000000
00000000
00000000
00000000
00000000
00000000
00000000
00000000
00000000
00000000
00000000
00000000
00000000
00000000
00000000
00000000
00000000
00000000
00000000
00000000
00000000
00000000
00000000
00000000
00000000
00000000
00000000
00000000
00000000
00000000
00000000
00000000
00000000
00000000
00000000
00000000
00000000
00000000
00000000
00000000
00000000
00000000
00000000
00000000
00000000
00000000
00000000
00000000
00000000
00000000
00000000
00000000
00000000
00000000
00000000
00000000
00000000
00000000
00000000
00000000
00000000
00000000
00000000
00000000
00000000
00000000
00000000
00000000
00000000
00000000
00000000
00000000
00000000
00000000
00000000
00000000
00000000
00000000
00000000
00000000
00000000
00000000
00000000
00000000
00000000
00000000
00000000
00000000
00000000
00000000
00000000
00000000
00000000
00000000
00000000
00000000
00000000
00000000
00000000
00000000
00000000
00000000
00000000
00000000
00000000
00000000
00000000
00000000
00000000
00000000
00000000
00000000
00000000
00000000
00000000
00000000
00000000
00000000
00000000
00000000
00000000
00000000
00000000
00000000
00000000
00000000
00000000
00000000
00000000
00000000
00000000
00000000
00000000
00000000
00000000
00000000
00000000
00000000
00000000
00000000
00000000
00000000
00000000
00000000
00000000
00000000
00000000
00000000
00000000
00000000
00000000
00000000
00000000
00000000
00000000
00000000
00000000
00000000
00000000
00000000
00000000
00000000
00000000
00000000
00000000
00000000
00000000
00000000
00000000
00000000
00000000
00000000
00000000
00000000
00000000
00000000
00000000
00000000
00000000
07070000
00000707
00000007
07000007
00070707
07070700
00000000
00000707
07070700
07000000
00040707
00000000
00000000
00000000
00000000
00000000
00000000
00000000
00000000
00000000
00000000
00000000
00000000
00000000
07000000
00000707
00000007
07000000
00070707
00000000
00000000
00000000
00000000
00000000
00000000
00000000
00000000
00000000
00000000
00000000
00000000
00000000
00000000
00000000
00070707
07000000
00000007
07070700
07070000
00070707
00000000
00000000
00000000
00000000
00000000
00000000
00000000
00000000
00000000
00000000
00000000
07000000
07000000
00000007
00070700
00000000
00000000
07070707
07070000
00000007
00000707
00000000
00000000
00000000
00000000
00000000
00000000
00000000
00000000
00000000
00000707
00000000
00000000
00000000
00000000
00000000
07000000
00070707
00000000
00000000
00000000
00000007
00000000
00000000
00000000
00000000
00000000
00000000
00000000
00000000
00000000
00000000
00000000
00000000
00000000
00000000
00000000
00000000
00000000
00000000
00000000
00000000
00000000
00000000
00000000
00000000
00000000
00000000
00000000
00000000
00070000
00070700
00000007
07000007
00070700
00000700
00000007
00000707
00000700
07000007
00070000
00000000
00000000
00000000
00000000
00000000
00000000
00000000
00000000
00000000
00000000
00000000
00000000
00000000
07070000
00070700
00000707
07000007
00070000
00000000
00000000
00000000
00000000
00000000
00000000
00000000
00000000
00000000
00000000
00000000
00000000
00000000
00000000
07000000
07070007
00070000
00000700
07000007
00000000
00000007
00000000
00000000
00000000
00000000
00000000
00000000
00000000
00000000
00000000
00000000
00000000
07070000
00070000
00000700
07000007
00000000
07000000
07070007
00070700
07000707
00070007
00000000
00000000
00000000
00000000
00000000
00000000
00000000
00000000
07000000
00070007
00000000
00000000
00000000
00000000
00000000
07070000
00000000
00000000
00000000
00000000
00000000
00000000
00000000
00000000
00000000
00000000
00000000
00000000
00000000
00000000
00000000
00000000
00000000
00000000
00000000
00000000
00000000
00000000
00000000
00000000
00000000
00000000
00000000
00000000
00000000
00000000
00000000
00000000
00000000
00070000
00070000
00000007
00000007
00000000
00000000
00000007
00000007
00000707
07000000
07000000
00000000
00000000
00000000
00000000
00000000
00000000
00000000
00000000
00000000
00000000
00000000
00000000
00000000
00070000
00070000
07000707
07000007
07070000
00000000
00000000
00000000
00000000
00000000
00000000
00000000
00000000
00000000
00000000
00000000
00000000
00000000
00000000
07000000
07000000
00070700
00070700
00000007
00000007
00000007
00000000
00000000
00000000
00000000
00000000
00000000
00000000
00000000
00000000
00000000
00000000
07070000
00070000
00070000
07000007
00000007
00000000
00070000
00000700
07000700
07070000
00000000
00000000
00000000
00000000
00000000
00000000
00000000
00000000
07000000
00000000
00000000
00000000
00000007
00070707
07000000
00070000
00000000
00070000
07070000
00000700
00000007
00070000
07000000
00000007
00000000
00000000
00000000
00000000
00000000
00000000
00000000
00000000
00000000
00000000
00000000
00000000
00000000
00000000
00000000
00000000
00000000
00000000
00000000
00000000
00000000
00000000
00000000
00000000
00000000
00070000
00070000
00000007
00000007
00000700
00000000
00000007
00000707
00000700
07000000
07070000
00000000
00000000
00000000
00000000
00000000
00000000
00000000
00000000
00000000
00000000
00000000
00000000
00000000
00070000
00070000
07070707
07000007
00070000
00000000
00000000
00000000
00000000
00000000
00000000
00000000
00000000
00000000
00000000
00000000
00000000
00000000
00000000
07000000
07000007
00070700
00070700
00000007
00000007
00000007
00000000
00000000
00000000
00000000
00000000
00000000
00000000
00000000
00000000
00000000
00000000
07000700
00070000
00000700
07000007
00070000
00000700
00070000
00000000
07000700
07070000
00000000
00000000
00000000
00000000
00000000
00000000
00000000
00000000
07000000
00000000
00000007
07070007
00000707
00070700
07070700
07070007
00000000
07070707
00070000
00000707
00000707
07070707
07070000
00000707
00000000
00000000
00000000
00000000
00000000
00000000
00000000
00000000
00000000
00000000
00000000
00000000
00000000
00000000
00000000
00000000
00000000
00000000
00000000
00000000
00000000
00000000
00000000
00000000
00000000
07070000
00000707
00000707
00000007
00000707
07000000
00000000
00000007
07070700
07000007
00070707
00000000
00000000
00000000
00000000
00000000
00000000
00000000
00000000
00000000
00000000
00000000
00000000
00000000
07000000
00000707
00070007
07000007
00070707
00000000
00000000
00000000
00000000
00000000
00000000
00000000
00000000
00000000
00000000
00000000
00000000
00000000
00000000
07000000
00070707
00070700
00070700
00000007
00000007
00000007
00000000
00000000
00000000
00000000
00000000
00000000
00000000
00000000
00000000
00000000
00000000
07000007
07000000
00000707
00000007
00000007
00000007
00070700
07000000
07000007
07000000
00000000
00000000
00000000
00000000
00000000
00000000
00000000
00000000
00000000
00070707
00000007
00070007
00000700
07000000
00000700
07070007
00000707
07000007
00000700
00000700
00000707
00000007
00070007
00000700
00000000
00000000
00000000
00000000
00000000
00000000
00000000
00000000
00000000
00000000
00000000
00000000
00000000
00000000
00000000
00000000
00000000
00000000
00000000
00000000
00000000
00000000
00000000
00000000
00000000
00070000
00000007
07000700
00000007
00070000
00070000
00000000
00000007
00000000
07000007
00000000
00000000
00000000
00000000
00000000
00000000
00000000
00000000
00000000
00000000
00000000
00000000
00000000
00000000
00070000
00070000
00000707
07000007
07070000
00000000
00000000
00000000
00000000
00000000
00000000
00000000
00000000
00000000
00000000
00000000
00000000
00000000
00000000
07000000
07000007
00070700
00070700
00000007
00000007
00000007
00000000
00000000
00000000
00000000
00000000
00000000
00000000
00000000
00000000
00000000
00000000
07070707
00070007
00070700
00000007
07000007
00000007
07000000
07000000
07000000
07000000
00000000
00000000
00000000
00000000
00000000
00000000
00000000
00000000
00000000
00070000
00000700
00070007
00000700
07070707
00000700
00070007
00000000
07000007
00070700
00000700
00000707
00000007
07070007
00000707
00000000
00000000
00000000
00000000
00000000
00000000
00000000
00000000
00000000
00000000
00000000
00000000
00000000
00000000
00000000
00000000
00000000
00000000
00000000
00000000
00000000
00000000
00000000
00000000
00000000
00070000
00000700
07000700
00000000
00070000
00000700
00000000
00000007
00000000
07000007
00000000
00000000
00000000
00000000
00000000
00000000
00000000
00000000
00000000
00000000
00000000
00000000
00000000
00000000
00070000
00070000
00000707
07000007
07070000
00000000
00000000
00000000
00000000
00000000
00000000
00000000
00000000
00000000
00000000
00000000
00000000
00000000
00000000
07000000
07000000
00070700
00070700
00000007
00000007
00000007
00000000
00000000
00000000
00000000
00000000
00000000
00000000
00000000
00000000
00000000
00000000
07000000
00070000
00070000
00000007
07000007
00000007
07000000
00070000
07000000
07000000
00000000
00000000
00000000
00000000
00000000
00000000
00000000
00000000
00000000
07000000
07070000
00070007
07000700
07000007
07070700
00070007
00000000
07000007
07070000
00000707
00000007
00000007
00070007
00000000
00000000
00000000
00000000
00000000
00000000
00000000
00000000
00000000
00000000
00000000
00000000
00000000
00000000
00000000
00000000
00000000
00000000
00000000
00000000
00000000
00000000
00000000
00000000
00000000
00000000
00070000
00070700
07070000
07070000
00070000
00000700
00000000
00000707
00000700
07000007
00000000
00000000
00000000
00000000
00000000
00000000
00000000
00000000
00000000
00000000
00000000
00000000
00000000
00000000
07070000
00070700
00000707
07000007
00070000
00000000
00000000
00000000
00000000
00000000
00000000
00000000
00000000
00000000
00000000
00000000
00000000
00000000
00000000
07000000
07000007
00070000
00000700
07000007
00000000
00000007
00000000
00000000
00000000
00000000
00000000
00000000
00000000
00000000
00000000
00000000
00000000
07000000
00070000
00000700
07000007
00070000
07000707
07070007
00070700
05000000
00070000
00000000
00000000
00000000
00000000
00000000
00000000
00000000
00000000
07000000
00070000
00000000
00070007
00000700
07070007
00000700
07070000
00000000
07000007
00000007
00000700
00000707
00000007
00070007
00000000
00000000
00000000
00000000
00000000
00000000
00000000
00000000
00000000
00000000
00000000
00000000
00000000
00000000
00000000
00000000
00000000
00000000
00000000
00000000
00000000
00000000
00000000
00000000
00000000
00000000
00070000
00070000
00070000
07000000
00000707
07070707
00000007
00000707
07070700
07000000
00000000
00000000
00000000
00000000
00000000
00000000
00000000
00000000
00000000
00000000
00000000
00000000
00000000
00000000
07000000
00000707
00000007
07000007
00000707
00000000
00000000
00000000
00000000
00000000
00000000
00000000
00000000
00000000
00000000
00000000
00000000
00000000
00000000
07000000
00070707
07000000
00000007
07070700
00000000
00000007
00000000
00000000
00000000
00000000
00000000
00000000
00000000
00000000
00000000
00000000
00000000
07000000
07000000
00000707
00070700
00000000
00000700
00070707
07070700
00000707
00000707
00000000
00000000
00000000
00000000
00000000
00000000
00000000
00000000
00000000
00070707
07070700
00070000
00000000
00070707
00000700
07000000
00070707
00000007
07070000
00000007
00000707
00000007
07000000
00000007
00000000
00000000
00000000
00000000
00000000
00000000
00000000
00000000
00000000
00000000
00000000
00000000
00000000
00000000
00000000
00000000
00000000
00000000
00000000
00000000
00000000
00000000
00000000
00000000
00000000
00000000
00000000
00000000
00000000
00000000
00000000
00000000
00000000
00000000
00000000
00000000
00000000
00000000
00000000
00000000
00000000
00000000
00000000
00000000
00000000
00000000
00000000
00000000
00000000
00000000
00000000
00000000
00000000
00000000
00000000
00000000
00000000
00000000
00000000
00000000
00000000
00000000
00000000
00000000
00000000
00000000
00000000
00000000
00000000
00000000
00000000
00000000
00000000
00000000
00000000
00000000
00000000
00000000
00000000
00000000
00000000
00000000
00000000
00000000
00000000
00000000
00000000
00000000
00000000
00000000
00000000
00000000
00000000
00000000
00000000
00000000
00000000
00000000
00000000
00000000
00000000
00000000
00000000
00000000
00000000
00000000
00070700
00000000
00000000
00000000
00000000
00000000
00000000
00000000
07070000
00000000
00000000
00000000
00000000
00000000
00000000
00000000
00000000
00000000
00000000
00000000
00000000
00000000
00000000
00000000
00000000
00000000
00000000
00000000
00000000
00000000
00000000
00000000
00000000
00000000
00000000
00000000
00000000
00000000
00000000
00000000
00000000
00000000
00000000
00000000
00000000
00000000
00000000
00000000
00000000
00000000
00000000
00000000
00000000
00000000
00000000
00000000
00000000
00000000
00000000
00000000
00000000
00000000
00000000
00000000
00000000
00000000
00000000
00000000
00000000
00000000
00000000
00000000
00000000
00000000
00000000
00000000
00000000
00000000
00000000
00000000
00000000
00000000
00000000
00000000
00000000
00000000
00000000
00000000
00000000
00000000
00000000
00000000
00000000
00000000
00000000
00000000
00000000
00000000
00000000
00000000
00000000
00000000
00000000
00000000
00000000
00000000
00000000
00000000
00000000
00000000
00000000
00000000
00000000
00000000
00000000
00000000
00000000
00000000
00000000
00000000
00000000
00000000
00000000
00000000
00000000
00000000
00000000
00000000
00000000
00000000
00000000
00000000
00000000
00000000
00000000
00000000
00000000
00000000
00000000
00000000
00000000
00000000
00000000
00000000
00000000
00000000
00000000
00000000
00000000
00000000
00000000
00000000
00000000
00000000
00000000
00000000
00000000
00000000
00000000
00000000
00000000
00000000
00000000
00000000
00000000
00000000
00000000
00000000
00000000
00000000
00000000
00000000
00000000
00000000
00000000
00000000
00000000
00000000
00000000
00000000
00000000
00000000
00000000
00000000
00000000
00000000
00000000
00000000
00000000
00000000
00000000
00000000
00000000
00000000
00000000
00000000
00000000
00000000
00000000
00000000
00000000
00000000
00000000
00000000
00000000
00000000
00000000
00000000
00000000
00000000
00000000
00000000
00000000
00000000
00000000
00000000
00000000
00000000
00000000
00000000
00000000
00000000
00000000
00000000
00000000
00000000
00000000
00000000
00000000
00000000
00000000
00000000
00000000
00000000
00000000
00000000
00000000
00000000
00000000
00000000
00000000
00000000
00000000
00000000
00000000
00000000
00000000
00000000
00000000
00000000
00000000
00000000
00000000
00000000
00000000
00000000
00000000
00000000
00000000
00000000
00000000
00000000
00000000
00000000
00000000
00000000
00000000
00000000
00000000
00000000
00000000
00000000
00000000
00000000
00000000
00000000
00000000
00000000
00000000
00000000
00000000
00000000
00000000
00000000
00000000
00000000
00000000
00000000
00000000
00000000
00000000
00000000
00000000
00000000
00000000
00000000
00000000
00000000
00000000
00000000
00000000
00000000
00000000
00000000
00000000
00000000
00000000
00000000
00000000
00000000
00000000
00000000
00000000
00000000
00000000
00000000
00000000
00000000
00000000
00000000
00000000
00000000
00000000
00000000
00000000
00000000
00000000
00000000
00000000
00000000
00000000
00000000
00000000
00000000
00000000
00000000
00000000
00000000
00000000
00000000
00000000
00000000
00000000
00000000
00000000
00000000
00000000
00000000
00000000
00000000
00000000
00000000
00000000
00000000
00000000
00000000
00000000
00000000
00000000
00000000
00000000
00000000
00000000
00000000
00000000
00000000
00000000
00000000
00000000
00000000
00000000
00000000
00000000
00000000
00000000
00000000
00000000
00000000
00000000
00000000
00000000
00000000
00000000
00000000
00000000
00000000
00000000
00000000
00000000
00000000
00000000
00000000
00000000
00000000
00000000
00000000
00000000
00000000
00000000
00000000
00000000
00000000
00000000
00000000
00000000
00000000
00000000
00000000
00000000
00000000
00000000
00000000
00000000
00000000
00000000
00000000
00000000
00000000
00000000
00000000
00000000
00000000
00000000
00000000
00000000
00000000
00000000
00000000
00000000
00000000
00000000
00000000
00000000
00000000
00000000
00000000
00000000
00000000
00000000
00000000
00000000
00000000
00000000
00000000
00000000
00000000
00000000
00000000
00000000
00000000
00000000
00000000
00000000
00000000
00000000
00000000
00000000
00000000
00000000
00000000
00000000
00000000
00000000
00000000
00000000
00000000
00000000
00000000
00000000
00000000
00000000
00000000
00000000
00000000
00000000
00000000
00000000
00000000
00000000
00000000
00000000
00000000
00000000
00000000
00000000
00000000
00000000
00000000
00000000
00000000
00000000
00000000
00000000
00000000
00000000
00000000
00000000
00000000
00000000
00000000
00000000
00000000
00000000
00000000
00000000
00000000
00000000
00000000
00000000
00000000
00000000
00000000
00000000
00000000
00000000
00000000
00000000
00000000
00000000
00000000
00000000
00000000
00000000
00000000
00000000
00000000
00000000
00000000
00000000
00000000
00000000
00000000
00000000
00000000
00000000
00000000
00000000
00000000
00000000
00000000
00000000
00000000
00000000
00000000
00000000
00000000
00000000
00000000
00000000
00000000
00000000
00000000
00000000
00000000
00000000
00000000
00000000
00000000
00000000
00000000
00000000
00000000
00000000
00000000
00000000
00000000
00000000
00000000
00000000
00000000
00000000
00000000
00000000
00000000
00000000
00000000
00000000
00000000
00000000
00000000
00000000
00000000
00000000
00000000
00000000
00000000
00000000
00000000
00000000
00000000
00000000
00000000
00000000
00000000
00000000
00000000
00000000
00000000
00000000
00000000
00000000
00000000
00000000
00000000
00000000
00000000
00000000
00000000
00000000
00000000
00000000
00000000
00000000
00000000
00000000
00000000
00000000
00000000
00000000
00000000
00000000
00000000
00000000
00000000
00000000
00000000
00000000
00000000
00000000
00000000
00000000
00000000
00000000
00000000
00000000
00000000
00000000
00000000
00000000
00000000
00000000
00000000
00000000
00000000
00000000
00000000
00000000
00000000
00000000
00000000
00000000
00000000
00000000
00000000
00000000
00000000
00000000
00000000
00000000
00000000
00000000
00000000
00000000
00000000
00000000
00000000
00000000
00000000
00000000
00000000
00000000
00000000
00000000
00000000
00000000
00000000
00000000
00000000
00000000
00000000
00000000
00000000
00000000
00000000
00000000
00000000
00000000
00000000
00000000
00000000
00000000
00000000
00000000
00000000
00000000
00000000
00000000
00000000
00000000
00000000
00000000
00000000
00000000
00000000
00000000
00000000
00000000
00000000
00000000
00000000
00000000
00000000
00000000
00000000
00000000
00000000
00000000
00000000
00000000
00000000
00000000
00000000
00000000
00000000
00000000
00000000
00000000
00000000
00000000
00000000
00000000
00000000
00000000
00000000
00000000
00000000
00000000
00000000
00000000
00000000
00000000
00000000
00000000
00000000
00000000
00000000
00000000
00000000
00000000
00000000
00000000
00000000
00000000
00000000
00000000
00000000
00000000
00000000
00000000
00000000
00000000
00000000
00000000
00000000
00000000
00000000
00000000
00000000
00000000
00000000
00000000
00000000
00000000
00000000
00000000
00000000
00000000
00000000
00000000
00000000
00000000
00000000
00000000
00000000
00000000
00000000
00000000
00000000
00000000
00000000
00000000
00000000
00000000
00000000
00000000
00000000
00000000
00000000
00000000
00000000
00000000
00000000
00000000
00000000
00000000
00000000
00000000
00000000
00000000
00000000
00000000
00000000
00000000
00000000
00000000
00000000
00000000
00000000
00000000
00000000
00000000
00000000
00000000
00000000
00000000
00000000
00000000
00000000
00000000
00000000
00000000
00000000
00000000
00000000
00000000
00000000
00000000
00000000
00000000
00000000
00000000
00000000
00000000
00000000
00000000
00000000
00000000
00000000
00000000
00000000
00000000
00000000
00000000
00000000
00000000
00000000
00000000
00000000
00000000
00000000
00000000
00000000
00000000
00000000
00000000
00000000
00000000
00000000
00000000
00000000
00000000
00000000
00000000
00000000
00000000
00000000
00000000
00000000
00000000
00000000
00000000
00000000
00000000
00000000
00000000
00000000
00000000
00000000
00000000
00000000
00000000
00000000
00000000
00000000
00000000
00000000
00000000
00000000
00000000
00000000
00000000
00000000
00000000
00000000
00000000
00000000
00000000
00000000
00000000
00000000
00000000
00000000
00000000
00000000
00000000
00000000
00000000
00000000
00000000
00000000
00000000
00000000
00000000
00000000
00000000
00000000
00000000
00000000
00000000
00000000
00000000
00000000
00000000
00000000
00000000
00000000
00000000
00000000
00000000
00000000
00000000
00000000
00000000
00000000
00000000
00000000
00000000
00000000
00000000
00000000
00000000
00000000
00000000
00000000
00000000
00000000
00000000
00000000
00000000
00000000
00000000
00000000
00000000
00000000
00000000
00000000
00000000
00000000
00000000
00000000
00000000
00000000
00000000
00000000
00000000
00000000
00000000
00000000
00000000
00000000
00000000
00000000
00000000
00000000
00000000
00000000
00000000
00000000
00000000
00000000
00000000
00000000
00000000
00000000
00000000
00000000
00000000
00000000
00000000
00000000
00000000
00000000
00000000
00000000
00000000
00000000
00000000
00000000
00000000
00000000
00000000
00000000
00000000
00000000
00000000
00000000
00000000
00000000
00000000
00000000
00000000
00000000
00000000
00000000
00000000
00000000
00000000
00000000
00000000
00000000
00000000
00000000
00000000
00000000
00000000
00000000
00000000
00000000
00000000
00000000
00000000
00000000
00000000
00000000
00000000
00000000
00000000
00000000
00000000
00000000
00000000
00000000
00000000
00000000
00000000
00000000
00000000
00000000
00000000
00000000
00000000
00000000
00000000
00000000
00000000
00000000
00000000
00000000
00000000
00000000
00000000
00000000
00000000
00000000
00000000
00000000
00000000
00000000
00000000
00000000
00000000
00000000
00000000
00000000
00000000
00000000
00000000
00000000
00000000
00000000
00000000
00000000
00000000
00000000
00000000
00000000
00000000
00000000
00000000
00000000
00000000
00000000
00000000
00000000
00000000
00000000
00000000
00000000
00000000
00000000
00000000
00000000
00000000
00000000
00000000
00000000
00000000
00000000
00000000
00000000
00000000
00000000
00000000
00000000
00000000
00000000
00000000
00000000
00000000
00000000
00000000
00000000
00000000
00000000
00000000
00000000
00000000
00000000
00000000
00000000
00000000
00000000
00000000
00000000
00000000
00000000
00000000
00000000
00000000
00000000
00000000
00000000
00000000
00000000
00000000
00000000
00000000
00000000
00000000
00000000
00000000
00000000
00000000
00000000
00000000
00000000
00000000
00000000
00000000
00000000
00000000
00000000
00000000
00000000
00000000
00000000
00000000
00000000
00000000
00000000
00000000
00000000
00000000
00000000
00000000
00000000
00000000
00000000
00000000
00000000
00000000
00000000
00000000
00000000
00000000
00000000
00000000
00000000
00000000
00000000
00000000
00000000
00000000
00000000
00000000
00000000
00000000
00000000
00000000
00000000
00000000
00000000
00000000
00000000
00000000
00000000
00000000
00000000
00000000
00000000
00000000
00000000
00000000
00000000
00000000
00000000
00000000
00000000
00000000
00000000
00000000
00000000
00000000
00000000
00000000
00000000
00000000
00000000
00000000
00000000
00000000
00000000
00000000
00000000
00000000
00000000
00000000
00000000
00000000
00000000
00000000
00000000
00000000
00000000
00000000
00000000
00000000
00000000
00000000
00000000
00000000
00000000
00000000
00000000
00000000
00000000
00000000
00000000
00000000
00000000
00000000
00000000
00000000
00000000
00000000
00000000
00000000
00000000
00000000
00000000
00000000
00000000
00000000
00000000
00000000
00000000
00000000
00000000
00000000
00000000
00000000
00000000
00000000
00000000
00000000
00000000
00000000
00000000
00000000
00000000
00000000
00000000
00000000
00000000
00000000
00000000
00000000
00000000
00000000
00000000
00000000
00000000
00000000
00000000
00000000
00000000
00000000
00000000
00000000
00000000
00000000
00000000
00000000
00000000
00000000
00000000
00000000
00000000
00000000
00000000
00000000
00000000
00000000
00000000
00000000
00000000
00000000
00000000
00000000
00000000
00000000
00000000
00000000
00000000
00000000
00000000
00000000
00000000
00000000
00000000
00000000
00000000
00000000
00000000
00000000
00000000
00000000
00000000
00000000
00000000
00000000
00000000
00000000
00000000
00000000
00000000
00000000
00000000
00000000
00000000
00000000
00000000
00000000
00000000
00000000
00000000
00000000
00000000
00000000
00000000
00000000
00000000
00000000
00000000
00000000
00000000
00000000
00000000
00000000
00000000
00000000
00000000
00000000
00000000
00000000
00000000
00000000
00000000
00000000
00000000
00000000
00000000
00000000
00000000
00000000
00000000
00000000
00000000
00000000
00000000
00000000
00000000
00000000
00000000
00000000
00000000
00000000
00000000
00000000
00000000
00000000
00000000
00000000
00000000
00000000
00000000
00000000
00000000
00000000
00000000
00000000
00000000
00000000
00000000
00000000
00000000
00000000
00000000
00000000
00000000
00000000
00000000
00000000
00000000
00000000
00000000
00000000
00000000
00000000
00000000
00000000
00000000
00000000
00000000
00000000
00000000
00000000
00000000
00000000
00000000
00000000
00000000
00000000
00000000
00000000
00000000
00000000
00000000
00000000
00000000
00000000
00000000
00000000
00000000
00000000
00000000
00000000
00000000
00000000
00000000
00000000
00000000
00000000
00000000
00000000
00000000
00000000
00000000
00000000
00000000
00000000
00000000
00000000
00000000
00000000
00000000
00000000
00000000
00000000
00000000
00000000
00000000
00000000
00000000
00000000
00000000
00000000
00000000
00000000
00000000
00000000
00000000
00000000
00000000
00000000
00000000
00000000
00000000
00000000
00000000
00000000
00000000
00000000
00000000
00000000
00000000
00000000
00000000
00000000
00000000
00000000
00000000
00000000
00000000
00000000
00000000
00000000
00000000
00000000
00000000
00000000
00000000
00000000
00000000
00000000
00000000
00000000
00000000
00000000
00000000
00000000
00000000
00000000
00000000
00000000
00000000
00000000
00000000
00000000
00000000
00000000
00000000
00000000
00000000
00000000
00000000
00000000
00000000
00000000
00000000
00000000
00000000
00000000
00000000
00000000
00000000
00000000
00000000
00000000
00000000
00000000
00000000
00000000
00000000
00000000
00000000
00000000
00000000
00000000
00000000
00000000
00000000
00000000
00000000
00000000
00000000
00000000
00000000
00000000
00000000
00000000
00000000
00000000
00000000
00000000
00000000
00000000
00000000
00000000
00000000
00000000
00000000
00000000
00000000
00000000
00000000
00000000
00000000
00000000
00000000
00000000
00000000
00000000
00000000
00000000
00000000
00000000
00000000
00000000
00000000
00000000
00000000
00000000
00000000
00000000
00000000
00000000
00000000
00000000
00000000
00000000
00000000
00000000
00000000
00000000
00000000
00000000
00000000
00000000
00000000
00000000
00000000
00000000
00000000
00000000
00000000
00000000
00000000
00000000
00000000
00000000
00000000
00000000
00000000
00000000
00000000
00000000
00000000
00000000
00000000
00000000
00000000
00000000
00000000
00000000
00000000
00000000
00000000
00000000
00000000
00000000
00000000
00000000
00000000
00000000
00000000
00000000
00000000
00000000
00000000
00000000
00000000
00000000
00000000
00000000
00000000
00000000
00000000
00000000
00000000
00000000
00000000
00000000
00000000
00000000
00000000
00000000
00000000
00000000
00000000
00000000
00000000
00000000
00000000
00000000
00000000
00000000
00000000
00000000
00000000
00000000
00000000
00000000
00000000
00000000
00000000
00000000
00000000
00000000
00000000
00000000
00000000
00000000
00000000
00000000
00000000
00000000
00000000
00000000
00000000
00000000
00000000
00000000
00000000
00000000
00000000
00000000
00000000
00000000
00000000
00000000
00000000
00000000
00000000
00000000
00000000
00000000
00000000
00000000
00000000
00000000
00000000
00000000
00000000
00000000
00000000
00000000
00000000
00000000
00000000
00000000
00000000
00000000
00000000
00000000
00000000
00000000
00000000
00000000
00000000
00000000
00000000
00000000
00000000
00000000
00000000
00000000
00000000
00000000
00000000
00000000
00000000
00000000
00000000
00000000
00000000
00000000
00000000
00000000
00000000
00000000
00000000
00000000
00000000
00000000
00000000
00000000
00000000
00000000
00000000
00000000
00000000
00000000
00000000
00000000
00000000
00000000
00000000
00000000
00000000
00000000
00000000
00000000
00000000
00000000
00000000
00000000
00000000
00000000
00000000
00000000
00000000
00000000
00000000
00000000
00000000
00000000
00000000
00000000
00000000
00000000
00000000
00000000
00000000
00000000
00000000
00000000
00000000
00000000
00000000
00000000
00000000
00000000
00000000
00000000
00000000
00000000
00000000
00000000
00000000
00000000
00000000
00000000
00000000
00000000
00000000
00000000
00000000
00000000
00000000
00000000
00000000
00000000
00000000
00000000
00000000
00000000
00000000
00000000
00000000
00000000
00000000
00000000
00000000
00000000
00000000
00000000
00000000
00000000
00000000
00000000
00000000
00000000
00000000
00000000
00000000
00000000
00000000
00000000
00000000
00000000
00000000
00000000
00000000
00000000
00000000
00000000
00000000
00000000
00000000
00000000
00000000
00000000
00000000
00000000
00000000
00000000
00000000
00000000
00000000
00000000
00000000
00000000
00000000
00000000
00000000
00000000
00000000
00000000
00000000
00000000
00000000
00000000
00000000
00000000
00000000
00000000
00000000
00000000
00000000
00000000
00000000
00000000
00000000
00000000
00000000
00000000
00000000
00000000
00000000
00000000
00000000
00000000
00000000
00000000
00000000
00000000
00000000
00000000
00000000
00000000
00000000
00000000
00000000
00000000
00000000
00000000
00000000
00000000
00000000
00000000
00000000
00000000
00000000
00000000
00000000
00000000
00000000
00000000
00000000
00000000
00000000
00000000
00000000
00000000
00000000
00000000
00000000
00000000
00000000
00000000
00000000
00000000
00000000
00000000
00000000
00000000
00000000
00000000
00000000
00000000
00000000
00000000
00000000
00000000
00000000
00000000
00000000
00000000
00000000
00000000
00000000
00000000
00000000
00000000
00000000
00000000
00000000
00000000
00000000
00000000
00000000
00000000
00000000
00000000
00000000
00000000
00000000
00000000
00000000
00000000
00000000
00000000
00000000
00000000
00000000
00000000
00000000
00000000
00000000
00000000
00000000
00000000
00000000
00000000
00000000
00000000
00000000
00000000
00000000
00000000
00000000
00000000
00000000
00000000
00000000
00000000
00000000
00000000
00000000
00000000
00000000
00000000
00000000
00000000
00000000
00000000
00000000
00000000
00000000
00000000
00000000
00000000
00000000
00000000
00000000
00000000
00000000
00000000
00000000
00000000
00000000
00000000
00000000
00000000
00000000
00000000
00000000
00000000
00000000
00000000
00000000
00000000
00000000
00000000
00000000
00000000
00000000
00000000
00000000
00000000
00000000
00000000
00000000
00000000
00000000
00000000
00000000
00000000
00000000
00000000
00000000
00000000
00000000
00000000
00000000
00000000
00000000
00000000
00000000
00000000
00000000
00000000
00000000
00000000
00000000
00000000
00000000
00000000
00000000
00000000
00000000
00000000
00000000
00000000
00000000
00000000
00000000
00000000
00000000
00000000
00000000
00000000
00000000
00000000
00000000
00000000
00000000
00000000
00000000
00000000
00000000
00000000
00000000
00000000
00000000
00000000
00000000
00000000
00000000
00000000
00000000
00000000
00000000
00000000
00000000
00000000
00000000
00000000
00000000
00000000
00000000
00000000
00000000
00000000
00000000
00000000
00000000
00000000
00000000
00000000
00000000
00000000
00000000
00000000
00000000
00000000
00000000
00000000
00000000
00000000
00000000
00000000
00000000
00000000
00000000
00000000
00000000
00000000
00000000
00000000
00000000
00000000
00000000
00000000
00000000
00000000
00000000
00000000
00000000
00000000
00000000
00000000
00000000
00000000
00000000
00000000
00000000
00000000
00000000
00000000
00000000
00000000
00000000
00000000
00000000
00000000
00000000
00000000
00000000
00000000
00000000
00000000
00000000
00000000
00000000
00000000
00000000
00000000
00000000
00000000
00000000
00000000
00000000
00000000
00000000
00000000
00000000
00000000
00000000
00000000
00000000
00000000
00000000
00000000
00000000
00000000
00000000
00000000
00000000
00000000
00000000
00000000
00000000
00000000
00000000
00000000
00000000
00000000
00000000
00000000
00000000
00000000
00000000
00000000
00000000
00000000
00000000
00000000
00000000
00000000
00000000
00000000
00000000
00000000
00000000
00000000
00000000
00000000
00000000
00000000
00000000
00000000
00000000
00000000
00000000
00000000
00000000
00000000
00000000
00000000
00000000
00000000
00000000
00000000
00000000
00000000
00000000
00000000
00000000
00000000
00000000
00000000
00000000
00000000
00000000
00000000
00000000
00000000
00000000
00000000
00000000
00000000
00000000
00000000
00000000
00000000
00000000
00000000
00000000
00000000
00000000
00000000
00000000
00000000
00000000
00000000
00000000
00000000
00000000
00000000
00000000
00000000
00000000
00000000
00000000
00000000
00000000
00000000
00000000
00000000
00000000
00000000
00000000
00000000
00000000
00000000
00000000
00000000
00000000
00000000
00000000
00000000
00000000
00000000
00000000
00000000
00000000
00000000
00000000
00000000
00000000
00000000
00000000
00000000
00000000
00000000
00000000
00000000
00000000
00000000
00000000
00000000
00000000
00000000
00000000
00000000
00000000
00000000
00000000
00000000
00000000
00000000
00000000
00000000
00000000
00000000
00000000
00000000
00000000
00000000
00000000
00000000
00000000
00000000
00000000
00000000
00000000
00000000
00000000
00000000
00000000
00000000
00000000
00000000
00000000
00000000
00000000
00000000
00000000
00000000
00000000
00000000
00000000
00000000
00000000
00000000
00000000
00000000
00000000
00000000
00000000
00000000
00000000
00000000
00000000
00000000
00000000
00000000
00000000
00000000
00000000
00000000
00000000
00000000
00000000
00000000
00000000
00000000
00000000
00000000
00000000
00000000
00000000
00000000
00000000
00000000
00000000
00000000
00000000
00000000
00000000
00000000
00000000
00000000
00000000
00000000
00000000
00000000
00000000
00000000
00000000
00000000
00000000
00000000
00000000
00000000
00000000
00000000
00000000
00000000
00000000
00000000
00000000
00000000
00000000
00000000
00000000
00000000
00000000
00000000
00000000
00000000
00000000
00000000
00000000
00000000
00000000
00000000
00000000
00000000
00000000
00000000
00000000
00000000
00000000
00000000
00000000
00000000
00000000
00000000
00000000
00000000
00000000
00000000
00000000
00000000
00000000
00000000
00000000
00000000
00000000
00000000
00000000
00000000
00000000
00000000
00000000
00000000
00000000
00000000
00000000
00000000
00000000
00000000
00000000
00000000
00000000
00000000
00000000
00000000
00000000
00000000
00000000
00000000
00000000
00000000
00000000
00000000
00000000
00000000
00000000
00000000
00000000
00000000
00000000
00000000
00000000
00000000
00000000
00000000
00000000
00000000
00000000
00000000
00000000
00000000
00000000
00000000
00000000
00000000
00000000
00000000
00000000
00000000
00000000
00000000
00000000
00000000
00000000
00000000
00000000
00000000
00000000
00000000
00000000
00000000
00000000
00000000
00000000
00000000
00000000
00000000
00000000
00000000
00000000
00000000
00000000
00000000
00000000
00000000
00000000
00000000
00000000
00000000
00000000
00000000
00000000
00000000
00000000
00000000
00000000
00000000
00000000
00000000
00000000
00000000
00000000
00000000
00000000
00000000
00000000
00000000
00000000
00000000
00000000
00000000
00000000
00000000
00000000
00000000
00000000
00000000
00000000
00000000
00000000
00000000
00000000
00000000
00000000
00000000
00000000
00000000
00000000
00000000
00000000
00000000
00000000
00000000
00000000
00000000
00000000
00000000
00000000
00000000
00000000
00000000
00000000
00000000
00000000
00000000
00000000
00000000
00000000
00000000
00000000
00000000
00000000
00000000
00000000
00000000
00000000
00000000
00000000
00000000
00000000
00000000
00000000
00000000
00000000
00000000
00000000
00000000
00000000
00000000
00000000
00000000
00000000
00000000
00000000
00000000
00000000
00000000
00000000
00000000
00000000
00000000
00000000
00000000
00000000
00000000
00000000
00000000
00000000
00000000
00000000
00000000
00000000
00000000
00000000
00000000
00000000
00000000
00000000
00000000
00000000
00000000
00000000
00000000
00000000
00000000
00000000
00000000
00000000
00000000
00000000
00000000
00000000
00000000
00000000
00000000
00000000
00000000
00000000
00000000
00000000
00000000
00000000
00000000
00000000
00000000
00000000
00000000
00000000
00000000
00000000
00000000
00000000
00000000
00000000
00000000
00000000
00000000
00000000
00000000
00000000
00000000
00000000
00000000
00000000
00000000
00000000
00000000
00000000
00000000
00000000
00000000
00000000
00000000
00000000
00000000
00000000
00000000
00000000
00000000
00000000
00000000
00000000
00000000
00000000
00000000
00000000
00000000
00000000
00000000
00000000
00000000
00000000
00000000
00000000
00000000
00000000
00000000
00000000
00000000
00000000
00000000
00000000
00000000
00000000
00000000
00000000
00000000
00000000
00000000
00000000
00000000
00000000
00000000
00000000
00000000
00000000
00000000
00000000
00000000
00000000
00000000
00000000
00000000
00000000
00000000
00000000
00000000
00000000
00000000
00000000
00000000
00000000
00000000
00000000
00000000
00000000
00000000
00000000
00000000
00000000
00000000
00000000
00000000
00000000
00000000
00000000
00000000
00000000
00000000
00000000
00000000
00000000
00000000
00000000
00000000
00000000
00000000
00000000
00000000
00000000
00000000
00000000
00000000
00000000
00000000
00000000
00000000
00000000
00000000
00000000
00000000
00000000
00000000
00000000
00000000
00000000
00000000
00000000
00000000
00000000
00000000
00000000
00000000
00000000
00000000
00000000
00000000
00000000
00000000
00000000
00000000
00000000
00000000
00000000
00000000
00000000
00000000
00000000
00000000
00000000
00000000
00000000
00000000
00000000
00000000
00000000
00000000
00000000
00000000
00000000
00000000
00000000
00000000
00000000
00000000
00000000
00000000
00000000
00000000
00000000
00000000
00000000
00000000
00000000
00000000
00000000
00000000
00000000
00000000
00000000
00000000
00000000
00000000
00000000
00000000
00000000
00000000
00000000
00000000
00000000
00000000
00000000
00000000
00000000
00000000
00000000
00000000
00000000
00000000
00000000
00000000
00000000
00000000
00000000
00000000
00000000
00000000
00000000
00000000
00000000
00000000
00000000
00000000
00000000
00000000
00000000
00000000
00000000
00000000
00000000
00000000
00000000
00000000
00000000
00000000
00000000
00000000
00000000
00000000
00000000
00000000
00000000
00000000
00000000
00000000
00000000
00000000
00000000
00000000
00000000
00000000
00000000
00000000
00000000
00000000
00000000
00000000
00000000
00000000
00000000
00000000
00000000
00000000
00000000
00000000
00000000
00000000
00000000
00000000
00000000
00000000
00000000
00000000
00000000
00000000
00000000
00000000
00000000
00000000
00000000
00000000
00000000
00000000
00000000
00000000
00000000
00000000
00000000
00000000
00000000
00000000
00000000
00000000
00000000
00000000
00000000
00000000
00000000
00000000
00000000
00000000
00000000
00000000
00000000
00000000
00000000
00000000
00000000
00000000
00000000
00000000
00000000
00000000
00000000
00000000
00000000
00000000
00000000
00000000
00000000
00000000
00000000
00000000
00000000
00000000
00000000
00000000
00000000
00000000
00000000
00000000
00000000
00000000
00000000
00000000
00000000
00000000
00000000
00000000
00000000
00000000
00000000
00000000
00000000
00000000
00000000
00000000
00000000
00000000
00000000
00000000
00000000
00000000
00000000
00000000
00000000
00000000
00000000
00000000
00000000
00000000
00000000
00000000
00000000
00000000
00000000
00000000
00000000
00000000
00000000
00000000
00000000
00000000
00000000
00000000
00000000
00000000
00000000
00000000
00000000
00000000
00000000
00000000
00000000
00000000
00000000
00000000
00000000
00000000
00000000
00000000
00000000
00000000
00000000
00000000
00000000
00000000
00000000
00000000
00000000
00000000
00000000
00000000
00000000
00000000
00000000
00000000
00000000
00000000
00000000
00000000
00000000
00000000
00000000
00000000
00000000
00000000
00000000
00000000
00000000
00000000
00000000
00000000
00000000
00000000
00000000
00000000
00000000
00000000
00000000
00000000
00000000
00000000
00000000
00000000
00000000
00000000
00000000
00000000
00000000
00000000
00000000
00000000
00000000
00000000
00000000
00000000
00000000
00000000
00000000
00000000
00000000
00000000
00000000
00000000
00000000
00000000
00000000
00000000
00000000
00000000
00000000
00000000
00000000
00000000
00000000
00000000
00000000
00000000
00000000
00000000
00000000
00000000
00000000
00000000
00000000
00000000
00000000
00000000
00000000
00000000
00000000
00000000
00000000
00000000
00000000
00000000
00000000
00000000
00000000
00000000
00000000
00000000
00000000
00000000
00000000
00000000
00000000
00000000
00000000
00000000
00000000
00000000
00000000
00000000
00000000
00000000
00000000
00000000
00000000
00000000
00000000
00000000
00000000
00000000
00000000
00000000
00000000
00000000
00000000
00000000
00000000
00000000
00000000
00000000
00000000
00000000
00000000
00000000
00000000
00000000
00000000
00000000
00000000
00000000
00000000
00000000
00000000
00000000
00000000
00000000
00000000
00000000
00000000
00000000
00000000
00000000
00000000
00000000
00000000
00000000
00000000
00000000
00000000
00000000
00000000
00000000
00000000
00000000
00000000
00000000
00000000
00000000
00000000
00000000
00000000
00000000
00000000
00000000
00000000
00000000
00000000
00000000
00000000
00000000
00000000
00000000
00000000
00000000
00000000
00000000
00000000
00000000
00000000
00000000
00000000
00000000
00000000
00000000
00000000
00000000
00000000
00000000
00000000
00000000
00000000
00000000
00000000
00000000
00000000
00000000
00000000
00000000
00000000
00000000
00000000
00000000
00000000
00000000
00000000
00000000
00000000
00000000
00000000
00000000
00000000
00000000
00000000
00000000
00000000
00000000
00000000
00000000
00000000
00000000
00000000
00000000
00000000
00000000
00000000
00000000
00000000
00000000
00000000
00000000
00000000
00000000
00000000
00000000
00000000
00000000
00000000
00000000
00000000
00000000
00000000
00000000
00000000
00000000
00000000
00000000
00000000
00000000
00000000
00000000
00000000
00000000
00000000
00000000
00000000
00000000
00000000
00000000
00000000
00000000
00000000
00000000
00000000
00000000
00000000
00000000
00000000
00000000
00000000
00000000
00000000
00000000
00000000
00000000
00000000
00000000
00000000
00000000
00000000
00000000
00000000
00000000
00000000
00000000
00000000
00000000
00000000
00000000
00000000
00000000
00000000
00000000
00000000
00000000
00000000
00000000
00000000
00000000
00000000
00000000
00000000
00000000
00000000
00000000
00000000
00000000
00000000
00000000
00000000
00000000
00000000
00000000
00000000
00000000
00000000
00000000
00000000
00000000
00000000
00000000
00000000
00000000
00000000
00000000
00000000
00000000
00000000
00000000
00000000
00000000
00000000
00000000
00000000
00000000
00000000
00000000
00000000
00000000
00000000
00000000
00000000
00000000
00000000
00000000
00000000
00000000
00000000
00000000
00000000
00000000
00000000
00000000
00000000
00000000
00000000
00000000
00000000
00000000
00000000
00000000
00000000
00000000
00000000
00000000
00000000
00000000
00000000
00000000
00000000
00000000
00000000
00000000
00000000
00000000
00000000
00000000
00000000
00000000
00000000
00000000
00000000
00000000
00000000
00000000
00000000
00000000
00000000
00000000
00000000
00000000
00000000
00000000
00000000
00000000
00000000
00000000
00000000
00000000
00000000
00000000
00000000
00000000
00000000
00000000
00000000
00000000
00000000
00000000
00000000
00000000
00000000
00000000
00000000
00000000
00000000
00000000
00000000
00000000
00000000
00000000
00000000
00000000
00000000
00000000
00000000
00000000
00000000
00000000
00000000
00000000
00000000
00000000
00000000
00000000
00000000
00000000
00000000
00000000
00000000
00000000
00000000
00000000
00000000
00000000
00000000
00000000
00000000
00000000
00000000
00000000
00000000
00000000
00000000
00000000
00000000
00000000
00000000
00000000
00000000
00000000
00000000
00000000
00000000
00000000
00000000
00000000
00000000
00000000
00000000
00000000
00000000
00000000
00000000
00000000
00000000
00000000
00000000
00000000
00000000
00000000
00000000
00000000
00000000
00000000
00000000
00000000
00000000
00000000
00000000
00000000
00000000
00000000
00000000
00000000
00000000
00000000
00000000
00000000
00000000
00000000
00000000
00000000
00000000
00000000
00000000
00000000
00000000
00000000
00000000
00000000
00000000
00000000
00000000
00000000
00000000
00000000
00000000
00000000
00000000
00000000
00000000
00000000
00000000
00000000
00000000
00000000
00000000
00000000
00000000
00000000
00000000
00000000
00000000
00000000
00000000
00000000
00000000
00000000
00000000
00000000
00000000
00000000
00000000
00000000
00000000
00000000
00000000
00000000
00000000
00000000
00000000
00000000
00000000
00000000
00000000
00000000
00000000
00000000
00000000
00000000
00000000
00000000
00000000
00000000
00000000
00000000
00000000
00000000
00000000
00000000
00000000
00000000
00000000
00000000
00000000
00000000
00000000
00000000
00000000
00000000
00000000
00000000
00000000
00000000
00000000
00000000
00000000
00000000
00000000
00000000
00000000
00000000
00000000
00000000
00000000
00000000
00000000
00000000
00000000
00000000
00000000
00000000
00000000
00000000
00000000
00000000
00000000
00000000
00000000
00000000
00000000
00000000
00000000
00000000
00000000
00000000
00000000
00000000
00000000
00000000
00000000
00000000
00000000
00000000
00000000
00000000
00000000
00000000
00000000
00000000
00000000
00000000
00000000
00000000
00000000
00000000
00000000
00000000
00000000
00000000
00000000
00000000
00000000
00000000
00000000
00000000
00000000
00000000
00000000
00000000
00000000
00000000
00000000
00000000
00000000
00000000
00000000
00000000
00000000
00000000
00000000
00000000
00000000
00000000
00000000
00000000
00000000
00000000
00000000
00000000
00000000
00000000
00000000
00000000
00000000
00000000
00000000
00000000
00000000
00000000
00000000
00000000
00000000
00000000
00000000
00000000
00000000
00000000
00000000
00000000
00000000
00000000
00000000
00000000
00000000
00000000
00000000
00000000
00000000
00000000
00000000
00000000
00000000
00000000
00000000
00000000
00000000
00000000
00000000
00000000
00000000
00000000
00000000
00000000
00000000
00000000
00000000
00000000
00000000
00000000
00000000
00000000
00000000
00000000
00000000
00000000
00000000
00000000
00000000
00000000
00000000
00000000
00000000
00000000
00000000
00000000
00000000
00000000
00000000
00000000
00000000
00000000
00000000
00000000
00000000
00000000
00000000
00000000
00000000
00000000
00000000
00000000
00000000
00000000
00000000
00000000
00000000
00000000
00000000
00000000
00000000
00000000
00000000
00000000
00000000
00000000
00000000
00000000
00000000
00000000
00000000
00000000
00000000
00000000
00000000
00000000
00000000
00000000
00000000
00000000
00000000
00000000
00000000
00000000
00000000
00000000
00000000
00000000
00000000
00000000
00000000
00000000
00000000
00000000
00000000
00000000
00000000
00000000
00000000
00000000
00000000
00000000
00000000
00000000
00000000
00000000
00000000
00000000
00000000
00000000
00000000
00000000
00000000
00000000
00000000
00000000
00000000
00000000
00000000
00000000
00000000
00000000
00000000
00000000
00000000
00000000
00000000
00000000
00000000
00000000
00000000
00000000
00000000
00000000
00000000
00000000
00000000
00000000
00000000
00000000
00000000
00000000
00000000
00000000
00000000
00000000
00000000
00000000
00000000
00000000
00000000
00000000
00000000
00000000
00000000
00000000
00000000
00000000
00000000
00000000
00000000
00000000
00000000
00000000
00000000
00000000
00000000
00000000
00000000
00000000
00000000
00000000
00000000
00000000
00000000
00000000
00000000
00000000
00000000
00000000
00000000
00000000
00000000
00000000
00000000
00000000
00000000
00000000
00000000
00000000
00000000
00000000
00000000
00000000
00000000
00000000
00000000
00000000
00000000
00000000
00000000
00000000
00000000
00000000
00000000
00000000
00000000
00000000
00000000
00000000
00000000
00000000
00000000
00000000
00000000
00000000
00000000
00000000
00000000
00000000
00000000
00000000
00000000
00000000
00000000
00000000
00000000
00000000
00000000
00000000
00000000
00000000
00000000
00000000
00000000
00000000
00000000
00000000
00000000
00000000
00000000
00000000
00000000
00000000
00000000
00000000
00000000
00000000
00000000
00000000
00000000
00000000
00000000
00000000
00000000
00000000
00000000
00000000
00000000
00000000
00000000
00000000
00000000
00000000
00000000
00000000
00000000
00000000
00000000
00000000
00000000
00000000
00000000
00000000
00000000
00000000
00000000
00000000
00000000
00000000
00000000
00000000
00000000
00000000
00000000
00000000
00000000
00000000
00000000
00000000
00000000
00000000
00000000
00000000
00000000
00000000
00000000
00000000
00000000
00000000
00000000
00000000
00000000
00000000
00000000
00000000
00000000
00000000
00000000
00000000
00000000
00000000
00000000
00000000
00000000
00000000
00000000
00000000
00000000
00000000
00000000
00000000
00000000
00000000
00000000
00000000
00000000
00000000
00000000
00000000
00000000
00000000
00000000
00000000
00000000
00000000
00000000
00000000
00000000
00000000
00000000
00000000
00000000
00000000
00000000
00000000
00000000
00000000
00000000
00000000
00000000
00000000
00000000
00000000
00000000
00000000
00000000
00000000
00000000
00000000
00000000
00000000
00000000
00000000
00000000
00000000
00000000
00000000
00000000
00000000
00000000
00000000
00000000
00000000
00000000
00000000
00000000
00000000
00000000
00000000
00000000
00000000
00000000
00000000
00000000
00000000
00000000
00000000
00000000
00000000
00000000
00000000
00000000
00000000
00000000
00000000
00000000
00000000
00000000
00000000
00000000
00000000
00000000
00000000
00000000
00000000
00000000
00000000
00000000
00000000
00000000
00000000
00000000
00000000
00000000
00000000
00000000
00000000
00000000
00000000
00000000
00000000
00000000
00000000
00000000
00000000
00000000
00000000
00000000
00000000
00000000
00000000
00000000
00000000
00000000
00000000
00000000
00000000
00000000
00000000
00000000
00000000
00000000
00000000
00000000
00000000
00000000
00000000
00000000
00000000
00000000
00000000
00000000
00000000
00000000
00000000
00000000
00000000
00000000
00000000
00000000
00000000
00000000
00000000
00000000
00000000
00000000
00000000
00000000
00000000
00000000
00000000
00000000
00000000
00000000
00000000
00000000
00000000
00000000
00000000
00000000
00000000
00000000
00000000
00000000
00000000
00000000
00000000
00000000
00000000
00000000
00000000
00000000
00000000
00000000
00000000
00000000
00000000
00000000
00000000
00000000
00000000
00000000
00000000
00000000
00000000
00000000
00000000
00000000
00000000
00000000
00000000
00000000
00000000
00000000
00000000
00000000
00000000
00000000
00000000
00000000
00000000
00000000
00000000
00000000
00000000
00000000
00000000
00000000
00000000
00000000
00000000
00000000
00000000
00000000
00000000
00000000
00000000
00000000
00000000
00000000
00000000
00000000
00000000
00000000
00000000
00000000
00000000
00000000
00000000
00000000
00000000
00000000
00000000
00000000
00000000
00000000
00000000
00000000
00000000
00000000
00000000
00000000
00000000
00000000
00000000
00000000
00000000
00000000
00000000
00000000
00000000
00000000
00000000
00000000
00000000
00000000
00000000
00000000
00000000
00000000
00000000
00000000
00000000
00000000
00000000
00000000
00000000
00000000
00000000
00000000
00000000
00000000
00000000
00000000
00000000
00000000
00000000
00000000
00000000
00000000
00000000
00000000
00000000
00000000
00000000
00000000
00000000
00000000
00000000
00000000
00000000
00000000
00000000
00000000
00000000
00000000
00000000
00000000
00000000
00000000
00000000
00000000
00000000
00000000
00000000
00000000
00000000
00000000
00000000
00000000
00000000
00000000
00000000
00000000
00000000
07070700
00000707
00000000
00000000
00000000
00000000
00070000
00000000
00070000
00000000
00000000
00000000
00000000
00000000
00000000
07070000
00000707
07070000
00000707
07070000
00000707
00000000
00000000
07070700
00000007
07070700
00000007
00000000
00000000
00000000
00000000
00000000
00000000
00000000
00000000
00000000
00000000
00000000
00000000
00000000
00000000
00000000
00000000
00000000
00000000
00000000
00000000
00000000
00000000
00000000
00000000
00000000
00000000
00000000
00000000
00000000
00000000
00000000
00000000
00000000
00000000
00000000
00000000
00000000
00000000
00000000
00000000
00000000
00000000
00000000
00000000
00000000
00000000
00000000
00000000
00000000
00000000
00000000
00000000
00000000
00000000
00000000
00000000
00000000
00000000
00000000
00000000
00000000
00000000
00000000
00000000
00000000
00000000
00000000
00000000
00000000
00000000
00000000
00000000
00000000
00000000
00000000
00000000
00000000
00000000
00000000
00000000
00000000
00000000
00000000
00000000
00000000
00000000
00000000
00000000
00000000
00000000
00000000
00000000
00000000
07070700
00000707
00000000
00000000
00000000
00000000
00070000
00000000
00070000
00000000
00000000
00000000
00000000
00000000
00000000
07070700
00070707
07070000
00070707
07070000
00070707
00000000
00000000
07070700
00000707
07070707
00000707
00000000
00000000
00000000
00000000
00000000
00000000
00000000
00000000
00000000
00000000
00000000
00000000
00000000
00000000
00000000
00000000
00000000
00000000
00000000
00000000
00000000
00000000
00000000
00000000
00000000
00000000
00000000
00000000
00000000
00000000
00000000
00000000
00000000
00000000
00000000
00000000
00000000
00000000
00000000
00000000
00000000
00000000
00000000
00000000
00000000
00000000
00000000
00000000
00000000
00000000
00000000
00000000
00000000
00000000
00000000
00000000
00000000
00000000
00000000
00000000
00000000
00000000
00000000
00000000
00000000
00000000
00000000
00000000
00000000
00000000
00000000
00000000
00000000
00000000
00000000
00000000
00000000
00000000
00000000
00000000
00000000
00000000
00000000
00000000
00000000
00000000
00000000
00000000
00000000
00000000
00000000
00000000
00000000
00000700
00070700
00000000
00000000
00000000
00000000
00070000
00000000
00000000
00000000
00000000
00000000
00000000
00000000
00000000
00070700
07070000
00070700
00070000
00070700
00070000
00000000
00000000
00000707
00000700
00000007
00000707
00000000
00000000
00000000
00000000
00000000
00000000
00000000
00000000
00000000
00000000
00000000
00000000
00000000
00000000
00000000
00000000
00000000
00000000
00000000
00000000
00000000
00000000
00000000
00000000
00000000
00000000
00000000
00000000
00000000
00000000
00000000
00000000
00000000
00000000
00000000
00000000
00000000
00000000
00000000
00000000
00000000
00000000
00000000
00000000
00000000
00000000
00000000
00000000
00000000
00000000
00000000
00000000
00000000
00000000
00000000
00000000
00000000
00000000
00000000
00000000
00000000
00000000
00000000
00000000
00000000
00000000
00000000
00000000
00000000
00000000
00000000
00000000
00000000
00000000
00000000
00000000
00000000
00000000
00000000
00000000
00000000
00000000
00000000
00000000
00000000
00000000
00000000
00000000
00000000
00000000
00000000
00000000
00000000
00000700
00070000
07070000
00000707
07070700
00000007
07070707
00000000
00070700
07000000
07070700
00000000
07070707
00000007
00000000
00070700
07070000
00070700
00000000
00000700
00000000
00000000
00000000
00000707
00000700
00000007
00000000
00000000
00000000
00000000
00000000
00000000
00000000
00000000
00000000
00000000
00000000
00000000
00000000
00000000
00000000
00000000
00000000
00000000
00000000
00000000
00000000
00000000
00000000
00000000
00000000
00000000
00000000
00000000
00000000
00000000
00000000
00000000
00000000
00000000
00000000
00000000
00000000
00000000
00000000
00000000
00000000
00000000
00000000
00000000
00000000
00000000
00000000
00000000
00000000
00000000
00000000
00000000
00000000
00000000
00000000
00000000
00000000
00000000
00000000
00000000
00000000
00000000
00000000
00000000
00000000
00000000
00000000
00000000
00000000
00000000
00000000
00000000
00000000
00000000
00000000
00000000
00000000
00000000
00000000
00000000
00000000
00000000
00000000
00000000
00000000
00000000
00000000
00000000
00000000
00000000
00000000
00000000
00000000
00000000
00070700
00070700
00070700
00000707
00000707
00000707
07070700
00000000
00070700
07000000
07000707
07000007
07000007
00000007
00000000
00070700
07070000
00070700
00000000
00000700
00000000
00000000
00000000
00000707
00000700
00000707
00000000
00000000
00000000
00000000
00000000
00000000
00000000
00000000
00000000
00000000
00000000
00000000
00000000
00000000
00000000
00000000
00000000
00000000
00000000
00000000
00000000
00000000
00000000
00000000
00000000
00000000
00000000
00000000
00000000
00000000
00000000
00000000
00000000
00000000
00000000
00000000
00000000
00000000
00000000
00000000
00000000
00000000
00000000
00000000
00000000
00000000
00000000
00000000
00000000
00000000
00000000
00000000
00000000
00000000
00000000
00000000
00000000
00000000
00000000
00000000
00000000
00000000
00000000
00000000
00000000
00000000
00000000
00000000
00000000
00000000
00000000
00000000
00000000
00000000
00000000
00000000
00000000
00000000
00000000
00000000
00000000
00000000
00000000
00000000
00000000
00000000
00000000
00000000
00000000
00000000
00000000
00000000
00000000
00000000
07070700
00000707
00000707
00070700
00000707
00000700
00070000
00000000
00070000
07000000
07000007
07070007
07000000
00000007
00000000
07070700
00070707
07070000
00070707
00000700
00000000
07070700
00000707
00000707
00070700
07070700
00000007
00000000
00000000
00000000
00000000
00000000
00000000
00000000
00000000
00000000
00000000
00000000
00000000
00000000
00000000
00000000
00000000
00000000
00000000
00000000
00000000
00000000
00000000
00000000
00000000
00000000
00000000
00000000
00000000
00000000
00000000
00000000
00000000
00000000
00000000
00000000
00000000
00000000
00000000
00000000
00000000
00000000
00000000
00000000
00000000
00000000
00000000
00000000
00000000
00000000
00000000
00000000
00000000
00000000
00000000
00000000
00000000
00000000
00000000
00000000
00000000
00000000
00000000
00000000
00000000
00000000
00000000
00000000
00000000
00000000
00000000
00000000
00000000
00000000
00000000
00000000
00000000
00000000
00000000
00000000
00000000
00000000
00000000
00000000
00000000
00000000
00000000
00000000
00000000
00000000
00000000
00000000
00000000
00000000
00070700
00070700
00000707
00070700
00000707
00000700
00070000
00000000
00070000
07000000
07000000
07070007
07000000
00000007
00000000
00070700
00000000
00000000
00070700
00000700
00000000
00000000
00000000
00000707
00070700
00000000
00000707
00000000
00000000
00000000
00000000
00000000
00000000
00000000
00000000
00000000
00000000
00000000
00000000
00000000
00000000
00000000
00000000
00000000
00000000
00000000
00000000
00000000
00000000
00000000
00000000
00000000
00000000
00000000
00000000
00000000
00000000
00000000
00000000
00000000
00000000
00000000
00000000
00000000
00000000
00000000
00000000
00000000
00000000
00000000
00000000
00000000
00000000
00000000
00000000
00000000
00000000
00000000
00000000
00000000
00000000
00000000
00000000
00000000
00000000
00000000
00000000
00000000
00000000
00000000
00000000
00000000
00000000
00000000
00000000
00000000
00000000
00000000
00000000
00000000
00000000
00000000
00000000
00000000
00000000
00000000
00000000
00000000
00000000
00000000
00000000
00000000
00000000
00000000
00000000
00000000
00000000
00000000
00000000
00000000
00000700
00070000
00000707
00070700
00000707
00000700
00070000
00000000
00070000
07000000
07000000
07000007
07070007
00000007
00000000
00070700
00000000
00000000
07070000
00000700
00000000
00000000
00000000
00000707
00000700
00000000
00000700
00000000
00000000
00000000
00000000
00000000
00000000
00000000
00000000
00000000
00000000
00000000
00000000
00000000
00000000
00000000
00000000
00000000
00000000
00000000
00000000
00000000
00000000
00000000
00000000
00000000
00000000
00000000
00000000
00000000
00000000
00000000
00000000
00000000
00000000
00000000
00000000
00000000
00000000
00000000
00000000
00000000
00000000
00000000
00000000
00000000
00000000
00000000
00000000
00000000
00000000
00000000
00000000
00000000
00000000
00000000
00000000
00000000
00000000
00000000
00000000
00000000
00000000
00000000
00000000
00000000
00000000
00000000
00000000
00000000
00000000
00000000
00000000
00000000
00000000
00000000
00000000
00000000
00000000
00000000
00000000
00000000
00000000
00000000
00000000
00000000
00000000
00000000
00000000
00000000
00000000
00000000
00000000
00000000
00000700
00070700
00000707
00070700
00000707
00000700
00070000
00000700
00070000
07000000
07000000
00000007
07070707
00000007
00000000
00070700
00000000
00070700
07070000
00070700
00070000
00000000
00000000
00000707
00000700
00000007
00000707
00020000
00000000
00020200
00000000
00000200
00000000
00000000
00000000
00000000
00000000
00000000
00000000
00000000
00000000
00000000
00000000
00000000
00000000
00000000
00000000
00000000
00000000
00000000
00000000
00000000
00000000
00000000
00000000
00000000
00000000
00000000
00000000
00000000
00000000
00000000
00000000
00000000
00000000
00000000
00000000
00000000
00000000
00000000
00000000
00000000
00000000
00000000
00000000
00000000
00000000
00000000
00000000
00000000
00000000
00000000
00000000
00000000
00000000
00000000
00000000
00000000
00000000
00000000
00000000
00000000
00000000
00000000
00000000
00000000
00000000
00000000
00000000
00000000
00000000
00000000
00000000
00000000
00000000
00000000
00000000
00000000
00000000
00000000
00000000
00000000
00000000
00000000
00000000
00000000
00000000
00000000
00000000
00000000
07070700
00000707
00070700
00000707
07070700
00000707
07070000
00000007
07070700
07000000
07000000
00000007
07000000
00000007
00000000
00070700
00000000
07070000
00070707
07070000
00070707
00000000
00000000
07070700
00000707
07070707
00000707
00020000
00000000
00020200
00000000
00020200
00000000
00000000
00000000
00000000
00000000
00000000
00000000
00000000
00000000
00000000
00000000
00000000
00000000
00000000
00000000
00000000
00000000
00000000
00000000
00000000
00000000
00000000
00000000
00000000
00000000
00000000
00000000
00000000
00000000
00000000
00000000
00000000
00000000
00000000
00000000
00000000
00000000
00000000
00000000
00000000
00000000
00000000
00000000
00000000
00000000
00000000
00000000
00000000
00000000
00000000
00000000
00000000
00000000
00000000
00000000
00000000
00000000
00000000
00000000
00000000
00000000
00000000
00000000
00000000
00000000
00000000
00000000
00000000
00000000
00000000
00000000
00000000
00000000
00000000
00000000
00000000
00000000
00000000
00000000
00000000
00000000
00000000
00000000
00000000
00000000
00000000
00000000
00000000
07070700
00000707
07070000
00000007
07070700
00000007
07000000
00000007
07070707
07000000
00000000
07000007
07070707
00000000
00000000
00070000
00000000
07070000
00000707
07070000
00000707
00000000
00000000
07070700
00000007
07070700
00000007
00020000
00000000
00020200
00000000
00000200
00000000
00000000
00000000
00000000
00000000
00000000
00000000
00000000
00000000
00000000
00000000
00000000
00000000
00000000
00000000
00000000
00000000
00000000
00000000
00000000
00000000
00000000
00000000
00000000
00000000
00000000
00000000
00000000
00000000
00000000
00000000
00000000
00000000
00000000
00000000
00000000
00000000
00000000
00000000
00000000
00000000
00000000
00000000
00000000
00000000
00000000
00000000
00000000
00000000
00000000
00000000
00000000
00000000
00000000
00000000
00000000
00000000
00000000
00000000
00000000
00000000
00000000
00000000
00000000
00000000
00000000
00000000
00000000
00000000
00000000
00000000
00000000
00000000
00000000
00000000
00000000
00000000
00000000
00000000
00000000
00000000
00000000
00000000
00000000
00000000
00000000
00000000
00000000
00000000
00000000
00000000
00000000
00000000
00000000
00000000
00000000
00000000
00000000
00000000
07000000
00070707
00000000
00000000
00000000
00000000
00000000
00000000
00000000
00000000
00000000
00000000
00000000
00000000
00000000
00000000
00000000
00000000
00000000
00000000
00000000
00000000
00000000
00000000
00000000
00000000
00000000
00000000
00000000
00000000
00000000
00000000
00000000
00000000
00000000
00000000
00000000
00000000
00000000
00000000
00000000
00000000
00000000
00000000
00000000
00000000
00000000
00000000
00000000
00000000
00000000
00000000
00000000
00000000
00000000
00000000
00000000
00000000
00000000
00000000
00000000
00000000
00000000
00000000
00000000
00000000
00000000
00000000
00000000
00000000
00000000
00000000
00000000
00000000
00000000
00000000
00000000
00000000
00000000
00000000
00000000
00000000
00000000
00000000
00000000
00000000
00000000
00000000
00000000
00000000
00000000
00000000
00000000
00000000
00000000
00000000
00000000
00000000
00000000
00000000
00000000
00000000
00000000
00000000
00000000
00000000
00000000
00000000
00000000
00000000
00000000
00000000
00000000
00000000
00000000
00000000
00000000
00000000
00000000
00000000
00000000
00000000
00000000
00000000
00000000
00000000
00000000
00000000
00000000
00000000
00000000
00000000
00000000
00000000
00000000
00000000
00000000
00000000
00000000
00000000
00000000
00000000
00000000
00000000
00000000
00000000
00000000
00000000
00000000
00000000
00000000
00000000
00000000
00000000
00000000
00000000
00000000
00000000
00000000
00000000
00000000
00000000
00000000
00000000
00000000
00000000
00000000
00000000
00000000
00000000
00000000
00000000
00000000
00000000
00000000
00000000
00000000
00000000
00000000
00000000
00000000
00000000
00000000
00000000
00000000
00000000
00000000
00000000
00000000
00000000
00000000
00000000
00000000
00000000
00000000
00000000
00000000
00000000
00000000
00000000
00000000
00000000
00000000
00000000
00000000
00000000
00000000
00000000
00000000
00000000
00000000
00000000
00000000
00000000
00000000
00000000
00000000
00000000
00000000
00000000
00000000
00000000
00000000
00000000
00000000
00000000
00000000
00000000
00000000
00000000
00000000
00000000
00000000
00000000
00000000
00000000
00000000
00000000
00000000
00000000
00000000
00000000
00000000
00000000
00000000
00000000
00000000
00000000
00000000
00000000
00000000
00000000
00000000
00000000
00000000
00000000
00000000
00000000
00000000
00000000
00000000
00000000
00000000
00000000
00000000
00000000
00000000
00000000
00000000
00000000
00000000
00000000
00000000
00000000
00000000
00000000
00000000
00000000
00000000
00000000
00000000
00000000
00000000
00000000
00000000
00000000
00000000
00000000
00000000
00000000
00000000
00000000
00000000
00000000
00000000
00000000
00000000
00000000
00000000
00000000
00000000
00000000
00000000
00000000
00000000
00000000
00000000
00000000
00000000
00000000
00000000
00000000
00000000
00000000
00000000
00000000
00000000
00000000
00000000
00000000
00000000
00000000
00000000
00000000
00000000
00000000
00000000
00000000
00000000
00000000
00000000
00000000
00000000
00000000
00000000
00000000
00000000
00000000
00000000
00000000
00000000
00000000
00000000
00000000
00000000
00000000
00000000
00000000
00000000
00000000
00000000
00000000
00000000
00000000
00000000
00000000
00000000
00000000
00000000
00000000
00000000
00000000
00000000
00000000
00000000
00000000
00000000
00000000
00000000
00000000
00000000
00000000
00000000
00000000
00000000
00000000
00000000
00000000
00000000
00000000
00000000
00000000
00000000
00000000
00000000
00000000
00000000
00000000
00000000
00000000
00000000
00000000
00000000
00000000
00000000
00000000
00000000
00000000
00000000
00000000
00000000
00000000
00000000
00000000
00000000
00000000
00000000
00000000
00000000
00000000
00000000
00000000
00000000
00000000
00000000
00000000
00000000
00000000
00000000
00000000
00000000
00000000
00000000
00000000
00000000
00000000
00000000
00000000
00000000
00000000
00000000
00000000
00000000
00000000
00000000
00000000
00000000
00000000
00000000
00000000
00000000
00000000
00000000
00000000
00000000
00000000
00000000
00000000
00000000
00000000
00000000
00000000
00000000
00000000
00000000
00000000
00000000
00000000
00000000
00000000
00000000
00000000
00000000
00000000
00000000
00000000
00000000
00000000
00000000
00000000
00000000
00000000
00000000
00000000
00000000
00000000
00000000
00000000
00000000
00000000
00000000
00000000
00000000
00000000
00000000
00000000
00000000
00000000
00000000
00000000
00000000
00000000
00000000
00000000
00000000
00000000
00000000
00000000
00000000
00000000
00000000
00000000
00000000
00000000
00000000
00000000
00000000
00000000
00000000
00000000
00000000
00000000
00000000
00000000
00000000
00000000
00000000
00000000
00000000
00000000
00000000
00000000
00000000
00000000
00000000
00000000
00000000
00000000
00000000
00000000
00000000
00000000
00000000
00000000
00000000
00000000
00000000
00000000
00000000
00000000
00000000
00000000
00000000
00000000
00000000
00000000
00000000
00000000
00000000
00000000
00000000
00000000
00000000
00000000
00000000
00000000
00000000
00000000
00000000
00000000
00000000
00000000
00000000
00000000
00000000
00000000
00000000
00000000
00000000
00000000
00000000
00000000
00000000
00000000
00000000
00000000
00000000
00000000
00000000
00000000
00000000
00000000
00000000
00000000
00000000
00000000
00000000
00000000
00000000
00000000
00000000
00000000
00000000
00000000
00000000
00000000
00000000
00000000
00000000
00000000
00000000
00000000
00000000
00000000
00000000
00000000
00000000
00000000
00000000
00000000
00000000
00000000
00000000
00000000
00000000
00000000
00000000
00000000
00000000
00000000
00000000
00000000
00000000
00000000
00000000
00000000
00000000
00000000
00000000
00000000
00000000
00000000
00000000
00000000
00000000
00000000
00000000
00000000
00000000
00000000
00000000
00000000
00000000
00000000
00000000
00000000
00000000
00000000
00000000
00000000
00000000
00000000
00000000
00000000
00000000
00000000
00000000
00000000
00000000
00000000
00000000
00000000
00000000
00000000
00000000
00000000
00000000
00000000
00000000
00000000
00000000
00000000
00000000
00000000
00000000
00000000
00000000
00000000
00000000
00000000
00000000
00000000
00000000
00000000
00000000
00000000
00000000
00000000
00000000
00000000
00000000
00000000
00000000
00000000
00000000
00000000
00000000
00000000
00000000
00000000
00000000
00000000
00000000
00000000
00000000
00000000
00000000
00000000
00000000
00000000
00000000
00000000
00000000
00000000
00000000
00000000
00000000
00000000
00000000
00000000
00000000
00000000
00000000
00000000
00000000
00000000
00000000
00000000
00000000
00000000
00000000
00000000
00000000
00000000
00000000
00000000
00000000
00000000
00000000
00000000
00000000
00000000
00000000
00000000
00000000
00000000
00000000
00000000
00000000
00000000
00000000
00000000
00000000
00000000
00000000
00000000
00000000
00000000
00000000
00000000
00000000
00000000
00000000
00000000
00000000
00000000
00000000
00000000
00000000
00000000
00000000
00000000
00000000
00000000
00000000
00000000
00000000
00000000
00000000
00000000
00000000
00000000
00000000
00000000
00000000
00000000
00000000
00000000
00000000
00000000
00000000
00000000
00000000
00000000
00000000
00000000
00000000
00000000
00000000
00000000
00000000
00000000
00000000
00000000
00000000
00000000
00000000
00000000
00000000
00000000
00000000
00000000
00000000
00000000
00000000
00000000
00000000
00000000
00000000
00000000
00000000
00000000
00000000
00000000
00000000
00000000
00000000
00000000
00000000
00000000
00000000
00000000
00000000
00000000
00000000
00000000
00000000
00000000
00000000
00000000
00000000
00000000
00000000
00000000
00000000
00000000
00000000
00000000
00000000
00000000
00000000
00000000
00000000
00000000
00000000
00000000
00000000
00000000
00000000
00000000
00000000
00000000
00000000
00000000
00000000
00000000
00000000
00000000
00000000
00000000
00000000
00000000
00000000
00000000
00000000
00000000
00000000
00000000
00000000
00000000
00000000
00000000
00000000
00000000
00000000
00000000
00000000
00000000
00000000
00000000
00000000
00000000
00000000
00000000
00000000
00000000
00000000
00000000
00000000
00000000
00000000
00000000
00000000
00000000
00000000
00000000
00000000
00000000
00000000
00000000
00000000
00000000
00000000
00000000
00000000
00000000
00000000
00000000
00000000
00000000
00000000
00000000
00000000
00000000
00000000
00000000
00000000
00000000
00000000
00000000
00000000
00000000
00000000
00000000
00000000
00000000
00000000
00000000
00000000
00000000
00000000
00000000
00000000
00000000
00000000
00000000
00000000
00000000
00000000
00000000
00000000
00000000
00000000
00000000
00000000
00000000
00000000
00000000
00000000
00000000
00000000
00000000
00000000
00000000
00000000
00000000
00000000
00000000
00000000
00000000
00000000
00000000
00000000
00000000
00000000
00000000
00000000
00000000
00000000
00000000
00000000
00000000
00000000
00000000
00000000
00000000
00000000
00000000
00000000
00000000
00000000
00000000
00000000
00000000
00000000
00000000
00000000
00000000
00000000
00000000
00000000
00000000
00000000
00000000
00000000
00000000
00000000
00000000
00000000
00000000
00000000
00000000
00000000
00000000
00000000
00000000
00000000
00000000
00000000
00000000
00000000
00000000
00000000
00000000
00000000
00000000
00000000
00000000
00000000
00000000
00000000
00000000
00000000
00000000
00000000
00000000
00000000
00000000
00000000
00000000
00000000
00000000
00000000
00000000
00000000
00000000
00000000
00000000
00000000
00000000
00000000
00000000
00000000
00000000
00000000
00000000
00000000
00000000
00000000
00000000
00000000
00000000
00000000
00000000
00000000
00000000
00000000
00000000
00000000
00000000
00000000
00000000
00000000
00000000
00000000
00000000
00000000
00000000
00000000
00000000
00000000
00000000
00000000
00000000
00000000
00000000
00000000
00000000
00000000
00000000
00000000
00000000
00000000
00000000
00000000
00000000
00000000
00000000
00000000
00000000
00000000
00000000
00000000
00000000
00000000
00000000
00000000
00000000
00000000
00000000
00000000
00000000
00000000
00000000
00000000
00000000
00000000
00000000
00000000
00000000
00000000
00000000
00000000
00000000
00000000
00000000
00000000
00000000
00000000
00000000
00000000
00000000
00000000
00000000
00000000
00000000
00000000
00000000
00000000
00000000
00000000
00000000
00000000
00000000
00000000
00000000
00000000
00000000
00000000
00000000
00000000
00000000
00000000
00000000
00000000
00000000
00000000
00000000
00000000
00000000
00000000
00000000
00000000
00000000
00000000
00000000
00000000
00000000
00000000
00000000
00000000
00000000
00000000
00000000
00000000
00000000
00000000
00000000
00000000
00000000
00000000
00000000
00000000
00000000
00000000
00000000
00000000
00000000
00000000
02020200
02020202
02020202
02020202
02020202
02020202
02020202
02020202
02020202
02020202
02020202
02020202
02020202
02020202
02020202
02020202
02020202
02020202
02020202
02020202
02020202
02020202
02020202
02020202
02020202
02020202
02020202
02020202
02020202
02020202
02020202
02020202
02020202
02020202
02020202
02020202
02020202
02020202
02020202
02020202
02020202
02020202
02020202
02020202
02020202
02020202
02020202
02020202
02020202
02020202
02020202
02020202
02020202
02020202
02020202
02020202
02020202
02020202
02020202
02020202
02020202
02020202
02020202
02020202
02020202
02020202
02020202
02020202
02020202
02020202
02020202
02020202
02020202
02020202
02020202
02020202
02020202
02020202
02020202
02020202
02020202
02020202
02020202
02020202
02020202
02020202
02020202
02020202
00020202
00000000
00000000
00000000
00000000
00000000
00000000
00000000
00000000
00000000
00000000
00000000
00000000
00000000
00000000
00000000
00000000
00000000
00000000
00000000
00000000
00000000
00000000
00000000
00000000
00000000
00000000
00000000
00000000
00000000
00000000
00000000
02020202
02020202
02020202
02020202
02020202
02020202
02020202
02020202
02020202
02020202
02020202
02020202
02020202
02020202
02020202
02020202
02020202
02020202
02020202
02020202
02020202
02020202
02020202
02020202
02020202
02020202
02020202
02020202
02020202
02020202
02020202
02020202
02020202
02020202
02020202
02020202
02020202
02020202
02020202
02020202
02020202
02020202
02020202
02020202
02020202
02020202
02020202
02020202
02020202
02020202
02020202
02020202
02020202
02020202
02020202
02020202
02020202
02020202
02020202
00000000
00000000
00000000
00000000
00000000
00000000
00000000
00000000
00000000
00000000
00000000
00000000
00000000
00000000
00000000
00000000
00000000
00000000
00000000
00000000
00000000
00000000
00000000
00000000
00000000
00000000
00000000
00000000
00000000
00020000
00000000
00000000
00000000
00000000
00000000
00000000
00000000
00000000
00000000
00000000
00000000
00000000
00000000
00000000
00000000
00000000
00000000
00000000
00000000
00000000
00000000
00000000
00000000
00000000
00000000
00000000
00000000
00000000
00000000
00000000
00000000
02020202
02020202
02020202
02020202
02020202
02020202
02020202
02020202
02020202
02020202
02020202
02020202
02020202
02020202
02020202
02020202
02020202
02020202
02020202
02020202
02020202
02020202
02020202
02020202
02020202
02020202
02020202
02020202
02020202
02020202
02020202
02020202
02020202
02020202
02020202
02020202
02020202
02020202
02020202
02020202
02020202
02020202
02020202
02020202
02020202
02020202
02020202
02020202
02020202
02020202
02020202
02020202
02020202
02020202
02020202
02020202
02020202
02020202
02020202
00000000
00000000
00000000
00000000
00000000
00000000
00000000
00000000
00000000
00000000
00000000
00000000
00000000
00000000
00000000
00000000
00000000
00000000
00000000
00000000
00000000
00000000
00000000
00000000
00000000
00000000
00000000
00000000
00000000
00020000
00000000
00000000
00000000
00000000
00000000
00000000
00000000
00000000
00000000
00000000
00000000
00000000
00000000
00000000
00000000
00000000
00000000
00000000
00000000
00000000
00000000
00000000
00000000
00000000
00000000
00000000
00000000
00000000
00000000
00000000
00000000
02020202
02020202
02020202
02020202
02020202
02020202
02020202
02020202
02020202
02020202
02020202
02020202
02020202
02020202
02020202
02020202
02020202
02020202
02020202
02020202
02020202
02020202
02020202
02020202
02020202
02020202
02020202
02020202
02020202
02020202
02020202
02020202
02020202
02020202
02020202
02020202
02020202
02020202
02020202
02020202
02020202
02020202
02020202
02020202
02020202
02020202
02020202
02020202
02020202
02020202
02020202
02020202
02020202
02020202
02020202
02020202
02020202
02020202
02020202
00000000
00000000
00000000
00000000
00000000
00000000
00000000
00000000
00000000
00000000
00000000
00000000
00000000
00000000
00000000
00000000
00000000
00000000
00000000
00000000
00000000
00000000
00000000
00000000
00000000
00000000
00000000
00000000
00000000
00020000
00000000
00000000
00000000
00000000
00000000
00000000
00000000
00000000
00000000
00000000
00000000
00000000
00000000
00000000
00000000
00000000
00000000
00000000
00000000
00000000
00000000
00000000
00000000
00000000
00000000
00000000
00000000
00000000
00000000
00000000
00000000
02020202
02020202
02020202
02020202
02020202
02020202
02020202
02020202
02020202
02020202
02020202
02020202
02020202
02020202
02020202
02020202
02020202
02020202
02020202
02020202
02020202
02020202
02020202
02020202
02020202
02020202
02020202
02020202
02020202
02020202
02020202
02020202
02020202
02020202
02020202
02020202
02020202
02020202
02020202
02020202
02020202
02020202
02020202
02020202
02020202
02020202
02020202
02020202
02020202
02020202
02020202
02020202
02020202
02020202
02020202
02020202
02020202
02020202
02020202
00000000
00000000
00000000
00000000
00000000
00000000
00000000
00000000
00000000
00000000
00000000
00000000
00000000
00000000
00000000
00000000
00000000
00000000
00000000
00000000
00000000
00000000
00000000
00000000
00000000
00000000
00000000
00000000
00000000
00020000
00000000
00000000
00000000
02020202
00000000
02020202
02000002
00000202
00000200
00000000
00000000
00000000
00000000
00000000
00000000
00000000
00000000
00000000
00000000
00000000
00000000
00000000
00000000
00000000
00000000
00000000
00000000
00000000
00000000
00000000
00000000
02020202
02020202
02020202
02020202
02020202
02020202
02020202
02020202
02020202
02020202
02020202
02020202
02020202
02020202
02020202
02020202
02020202
02020202
02020202
02020202
02020202
02020202
02020202
02020202
02020202
02020202
02020202
02020202
02020202
02020202
02020202
02020202
02020202
02020202
02020202
02020202
02020202
02020202
02020202
02020202
02020202
02020202
02020202
02020202
02020202
02020202
02020202
02020202
02020202
02020202
02020202
02020202
02020202
02020202
02020202
02020202
02020202
02020202
02020202
00000000
00000000
00000000
00000000
00000000
00000000
00000000
00000000
00000000
00000000
00000000
00000000
00000000
00000000
00000000
00000000
00000000
00000000
00000000
00000000
00000000
00000000
00000000
00000000
00000000
00000000
00000000
00000000
00000000
00020000
00000000
00000000
02000000
00000002
02000000
00000002
02000202
00000200
00000202
00000000
00000000
00000000
00000000
00000000
00000000
00000000
00000000
00000000
00000000
00000000
00000000
00000000
00000000
00000000
00000000
00000000
00000000
00000000
00000000
00000000
00000000
02020202
02020202
02020202
02020202
02020202
02020202
02020202
02020202
02020202
02020202
02020202
02020202
02020202
02020202
02020202
02020202
02020202
02020202
02020202
02020202
02020202
02020202
02020202
02020202
02020202
02020202
02020202
02020202
02020202
02020202
02020202
02020202
02020202
02020202
02020202
02020202
02020202
02020202
02020202
02020202
02020202
02020202
02020202
02020202
02020202
02020202
02020202
02020202
02020202
02020202
02020202
02020202
02020202
02020202
02020202
02020202
02020202
02020202
02020202
00000000
00000000
00000000
00000000
00000000
00000000
00000000
00000000
00000000
00000000
00000000
00000000
00000000
00000000
00000000
00000000
00000000
00000000
00000000
00000000
00000000
00000000
00000000
00000000
00000000
00000000
00000000
00000000
00000000
00020000
00000000
00000000
02000000
00000002
02000000
00000002
02000202
00000202
00000002
00000000
00000000
00000000
00000000
00000000
00000000
00000000
00000000
00000000
00000000
00000000
00000000
00000000
00000000
00000000
00000000
00000000
00000000
00000000
00000000
00000000
00000000
02020202
02020202
02020202
02020202
02020202
02020202
02020202
02020202
02020202
02020202
02020202
02020202
02020202
02020202
02020202
02020202
02020202
02020202
02020202
02020202
02020202
02020202
02020202
02020202
02020202
02020202
02020202
02020202
02020202
02020202
02020202
02020202
02020202
02020202
02020202
02020202
02020202
02020202
02020202
02020202
02020202
02020202
02020202
02020202
02020202
02020202
02020202
02020202
02020202
02020202
02020202
02020202
02020202
02020202
02020202
02020202
02020202
02020202
02020202
00000000
00000000
00000000
00000000
00000000
00000000
00000000
00000000
00000000
00000000
00000000
00000000
00000000
00000000
00000000
00000000
00000000
00000000
00000000
00000000
00000000
00000000
00000000
00000000
00000000
00000000
00000000
00000000
00000000
00020000
00000000
00000000
02020000
00000000
02000000
00000002
00000202
02000002
00000002
00000000
00000000
00000000
00000000
00000000
00000000
00000000
00000000
00000000
00000000
00000000
00000000
00000000
00000000
00000000
00000000
00000000
00000000
00000000
00000000
00000000
00000000
02020202
02020202
02020202
02020202
02020202
02020202
02020202
02020202
02020202
02020202
02020202
02020202
02020202
02020202
02020202
02020202
02020202
02020202
02020202
02020202
02020202
02020202
02020202
02020202
02020202
02020202
02020202
02020202
02020202
02020202
02020202
02020202
02020202
02020202
02020202
02020202
02020202
02020202
02020202
02020202
02020202
02020202
02020202
02020202
02020202
02020202
02020202
02020202
02020202
02020202
02020202
02020202
02020202
02020202
02020202
02020202
02020202
02020202
02020202
00000000
00000000
00000000
00000000
00000000
00000000
00000000
00000000
00000000
00000000
00000000
00000000
00000000
00000000
00000000
00000000
00000000
00000000
00000000
00000000
00000000
00000000
00000000
00000000
00000000
00000000
00000000
00000000
00000000
00020000
00000000
00000000
02020000
02020202
00000000
02020202
00000002
02000000
00000000
00000000
00000000
00000000
00000000
00000000
00000000
00000000
00000000
00000000
00000000
00000000
00000000
00000000
00000000
00000000
00000000
00000000
00000000
00000000
00000000
00000000
00000000
02020202
02020202
02020202
02020202
02020202
02020202
02020202
02020202
02020202
02020202
02020202
02020202
02020202
02020202
02020202
02020202
02020202
02020202
02020202
02020202
02020202
02020202
02020202
02020202
02020202
02020202
02020202
02020202
02020202
02020202
02020202
02020202
02020202
02020202
02020202
02020202
02020202
02020202
02020202
02020202
02020202
02020202
02020202
02020202
02020202
02020202
02020202
02020202
02020202
02020202
02020202
02020202
02020202
02020202
02020202
02020202
02020202
02020202
02020202
00000000
00000000
00000000
00000000
00000000
00000000
00000000
00000000
00000000
00000000
00000000
00000000
00000000
00000000
00000000
00000000
00000000
00000000
00000000
00000000
00000000
00000000
00000000
00000000
00000000
00000000
00000000
00000000
00000000
00020000
00000000
00000000
02020000
02020202
00000002
02020202
00000002
00020000
00000000
00000000
00000000
00000000
00000000
00000000
00000000
00000000
00000000
00000000
00000000
00000000
00000000
00000000
00000000
00000000
00000000
00000000
00000000
00000000
00000000
00000000
00000000
02020202
02020202
02020202
02020202
02020202
02020202
02020202
02020202
02020202
02020202
02020202
02020202
02020202
02020202
02020202
02020202
02020202
02020202
02020202
02020202
02020202
02020202
02020202
02020202
02020202
02020202
02020202
02020202
02020202
02020202
02020202
02020202
02020202
02020202
02020202
02020202
02020202
02020202
02020202
02020202
02020202
02020202
02020202
02020202
02020202
02020202
02020202
02020202
02020202
02020202
02020202
02020202
02020202
02020202
02020202
02020202
02020202
02020202
02020202
00000000
00000000
00000000
00000000
00000000
00000000
00000000
00000000
00000000
00000000
00000000
00000000
00000000
00000000
00000000
00000000
00000000
00000000
00000000
00000000
00000000
00000000
00000000
00000000
00000000
00000000
00000000
00000000
00000000
00020000
00000000
00000000
02020000
02000000
02000002
00000002
00000202
00020000
00000000
00000000
00000000
00000000
00000000
00000000
00000000
00000000
00000000
00000000
00000000
00000000
00000000
00000000
00000000
00000000
00000000
00000000
00000000
00000000
00000000
00000000
00000000
02020202
02020202
02020202
02020202
02020202
02020202
02020202
02020202
02020202
02020202
02020202
02020202
02020202
02020202
02020202
02020202
02020202
02020202
02020202
02020202
02020202
02020202
02020202
02020202
02020202
02020202
02020202
02020202
02020202
02020202
02020202
02020202
02020202
02020202
02020202
02020202
02020202
02020202
02020202
02020202
02020202
02020202
02020202
02020202
02020202
02020202
02020202
02020202
02020202
02020202
02020202
02020202
02020202
02020202
02020202
02020202
02020202
02020202
02020202
00000000
00000000
00000000
00000000
00000000
00000000
00000000
00000000
00000000
00000000
00000000
00000000
00000000
00000000
00000000
00000000
00000000
00000000
00000000
00000000
00000000
00000000
00000000
00000000
00000000
00000000
00000000
00000000
00000000
00020000
00000000
00000000
02020000
00000000
02000002
00000002
00000202
00000200
00000202
00000000
00000000
00000000
00000000
00000000
00000000
00000000
00000000
00000000
00000000
00000000
00000000
00000000
00000000
00000000
00000000
00000000
00000000
00000000
00000000
00000000
00000000
02020202
02020202
02020202
02020202
02020202
02020202
02020202
02020202
02020202
02020202
02020202
02020202
02020202
02020202
02020202
02020202
02020202
02020202
02020202
02020202
02020202
02020202
02020202
02020202
02020202
02020202
02020202
02020202
02020202
02020202
02020202
02020202
02020202
02020202
02020202
02020202
02020202
02020202
02020202
02020202
02020202
02020202
02020202
02020202
02020202
02020202
02020202
02020202
02020202
02020202
02020202
02020202
02020202
02020202
02020202
02020202
02020202
02020202
02020202
00000000
00000000
00000000
00000000
00000000
00000000
00000000
00000000
00000000
00000000
00000000
00000000
00000000
00000000
00000000
00000000
00000000
00000000
00000000
00000000
00000000
00000000
00000000
00000000
00000000
00000000
00000000
00000000
00000000
00020000
00000000
00000000
02020000
00000000
02000002
00000002
00000202
02000202
00020202
00000000
00000000
00000000
00000000
00000000
00000000
00000000
00000000
00000000
00000000
00000000
00000000
00000000
00000000
00000000
00000000
00000000
00000000
00000000
00000000
00000000
00000000
02020202
02020202
02020202
02020202
02020202
02020202
02020202
02020202
02020202
02020202
02020202
02020202
02020202
02020202
02020202
02020202
02020202
02020202
02020202
02020202
02020202
02020202
02020202
02020202
02020202
02020202
02020202
02020202
02020202
02020202
02020202
02020202
02020202
02020202
02020202
02020202
02020202
02020202
02020202
02020202
02020202
02020202
02020202
02020202
02020202
02020202
02020202
02020202
02020202
02020202
02020202
02020202
02020202
02020202
02020202
02020202
02020202
02020202
02020202
00000000
00000000
00000000
00000000
00000000
00000000
00000000
00000000
00000000
00000000
00000000
00000000
00000000
00000000
00000000
00000000
00000000
00000000
00000000
00000000
00000000
00000000
00000000
00000000
00000000
00000000
00000000
00000000
00000000
00020000
00000000
00000000
02000000
02020202
02000002
02020202
00000002
02000002
00020202
00000000
00000000
00000000
00000000
00000000
00000000
00000000
00000000
00000000
00000000
00000000
00000000
00000000
00000000
00000000
00000000
00000000
00000000
00000000
00000000
00000000
00000000
02020202
02020202
02020202
02020202
02020202
02020202
02020202
02020202
02020202
02020202
02020202
02020202
02020202
02020202
02020202
02020202
02020202
02020202
02020202
02020202
02020202
02020202
02020202
02020202
02020202
02020202
02020202
02020202
02020202
02020202
02020202
02020202
02020202
02020202
02020202
02020202
02020202
02020202
02020202
02020202
02020202
02020202
02020202
02020202
02020202
02020202
02020202
02020202
02020202
02020202
02020202
02020202
02020202
02020202
02020202
02020202
02020202
02020202
02020202
00000000
00000000
00000000
00000000
00000000
00000000
00000000
00000000
00000000
00000000
00000000
00000000
00000000
00000000
00000000
00000000
00000000
00000000
00000000
00000000
00000000
00000000
00000000
00000000
00000000
00000000
00000000
00000000
00000000
00020000
00000000
00000000
00000000
02020202
00000000
02020202
00000002
00000000
00000202
00000000
00000000
00000000
00000000
00000000
00000000
00000000
00000000
00000000
00000000
00000000
00000000
00000000
00000000
00000000
00000000
00000000
00000000
00000000
00000000
00000000
00000000
02020202
02020202
02020202
02020202
02020202
02020202
02020202
02020202
02020202
02020202
02020202
02020202
02020202
02020202
02020202
02020202
02020202
02020202
02020202
02020202
02020202
02020202
02020202
02020202
02020202
02020202
02020202
02020202
02020202
02020202
02020202
02020202
02020202
02020202
02020202
02020202
02020202
02020202
02020202
02020202
02020202
02020202
02020202
02020202
02020202
02020202
02020202
02020202
02020202
02020202
02020202
02020202
02020202
02020202
02020202
02020202
02020202
02020202
02020202
00000000
00000000
00000000
00000000
00000000
00000000
00000000
00000000
00000000
00000000
00000000
00000000
00000000
00000000
00000000
00000000
00000000
00000000
00000000
00000000
00000000
00000000
00000000
00000000
00000000
00000000
00000000
00000000
00000000
00020000
00000000
00000000
00000000
00000000
00000000
00000000
00000000
00000000
00000000
00000000
00000000
00000000
00000000
00000000
00000000
00000000
00000000
00000000
00000000
00000000
00000000
00000000
00000000
00000000
00000000
00000000
00000000
00000000
00000000
00000000
00000000
02020202
02020202
02020202
02020202
02020202
02020202
02020202
02020202
02020202
02020202
02020202
02020202
02020202
02020202
02020202
02020202
02020202
02020202
02020202
02020202
02020202
02020202
02020202
02020202
02020202
02020202
02020202
02020202
02020202
02020202
02020202
02020202
02020202
02020202
02020202
02020202
02020202
02020202
02020202
02020202
02020202
02020202
02020202
02020202
02020202
02020202
02020202
02020202
02020202
02020202
02020202
02020202
02020202
02020202
02020202
02020202
02020202
02020202
02020202
00000000
00000000
00000000
00000000
00000000
00000000
00000000
00000000
00000000
00000000
00000000
00000000
00000000
00000000
00000000
00000000
00000000
00000000
00000000
00000000
00000000
00000000
00000000
00000000
00000000
00000000
00000000
00000000
00000000
00020000
00000000
00000000
00000000
00000000
00000000
00000000
00000000
00000000
00000000
00000000
00000000
00000000
00000000
00000000
00000000
00000000
00000000
00000000
00000000
00000000
00000000
00000000
00000000
00000000
00000000
00000000
00000000
00000000
00000000
00000000
00000000
02020202
02020202
02020202
02020202
02020202
02020202
02020202
02020202
02020202
02020202
02020202
02020202
02020202
02020202
02020202
02020202
02020202
02020202
02020202
02020202
02020202
02020202
02020202
02020202
02020202
02020202
02020202
02020202
02020202
02020202
02020202
02020202
02020202
02020202
02020202
02020202
02020202
02020202
02020202
02020202
02020202
02020202
02020202
02020202
02020202
02020202
02020202
02020202
02020202
02020202
02020202
02020202
02020202
02020202
02020202
02020202
02020202
02020202
02020202
00000000
00000000
00000000
00000000
00000000
00000000
00000000
00000000
00000000
00000000
00000000
00000000
00000000
00000000
00000000
00000000
00000000
00000000
00000000
00000000
00000000
00000000
00000000
00000000
00000000
00000000
00000000
00000000
00000000
00020000
00000000
00000000
00000000
00000000
00000000
00000000
00000000
00000000
00000000
00000000
00000000
00000000
00000000
00000000
00000000
00000000
00000000
00000000
00000000
00000000
00000000
00000000
00000000
00000000
00000000
00000000
00000000
00000000
00000000
00000000
00000000
02020202
02020202
02020202
02020202
02020202
02020202
02020202
02020202
02020202
02020202
02020202
02020202
02020202
02020202
02020202
02020202
02020202
02020202
02020202
02020202
02020202
02020202
02020202
02020202
02020202
02020202
02020202
02020202
02020202
02020202
02020202
02020202
02020202
02020202
02020202
02020202
02020202
02020202
02020202
02020202
02020202
02020202
02020202
02020202
02020202
02020202
02020202
02020202
02020202
02020202
02020202
02020202
02020202
02020202
02020202
02020202
02020202
02020202
02020202
00000002
00000000
00000000
00000000
00000000
00000000
00000000
00000000
00000000
00000000
00000000
00000000
00000000
00000000
00000000
00000000
00000000
00000000
00000000
00000000
00000000
00000000
00000000
00000000
00000000
00000000
00000000
00000000
00000000
00020000
00000000
00000000
00000000
00000000
00000000
00000000
00000000
00000000
00000000
00000000
00000000
00000000
00000000
00000000
00000000
00000000
00000000
00000000
00000000
00000000
00000000
00000000
00000000
00000000
00000000
00000000
00000000
00000000
00000000
00000000
00000000
02020200
02020202
02020202
02020202
02020202
02020202
02020202
02020202
02020202
02020202
02020202
02020202
02020202
02020202
02020202
02020202
02020202
02020202
02020202
02020202
02020202
02020202
02020202
02020202
02020202
02020202
02020202
02020202
02020202
02020202
02020202
02020202
02020202
02020202
02020202
02020202
02020202
02020202
02020202
02020202
02020202
02020202
02020202
02020202
02020202
02020202
02020202
02020202
02020202
02020202
02020202
02020202
02020202
02020202
02020202
02020202
02020202
02020202
02020202
02020202
02020202
02020202
02020202
02020202
02020202
02020202
02020202
02020202
02020202
02020202
02020202
02020202
02020202
02020202
02020202
02020202
02020202
02020202
02020202
02020202
02020202
02020202
02020202
02020202
02020202
02020202
02020202
02020202
00000202
00000000
00000000
00000000
00000000
00000000
00000000
00000000
00000000
00000000
00000000
00000000
00000000
00000000
00000000
00000000
00000000
00000000
00000000
00000000
00000000
00000000
00000000
00000000
00000000
00000000
00000000
00000000
00000000
00000000
00000000
00000000
00000000
00000000
00000000
00000000
00000000
00000000
00000000
00000000
00000000
00000000
00000000
00000000
00000000
00000000
00000000
00000000
00000000
00000000
00000000
00000000
00000000
00000000
00000000
00000000
00000000
00000000
00000000
00000000
00000000
00000000
00000000
00000000
00000000
00000000
00000000
00000000
00000000
00000000
00000000
00000000
00000000
00000000
00000000
00000000
00000000
00000000
00000000
00000000
00000000
00000000
00000000
00000000
00000000
00000000
00000000
00000000
00000000
00000000
00000000
00000000
00000000
00000000
00000000
00000000
00000000
00000000
00000000
00000000
00000000
00000000
00000000
00000000
00000000
00000000
00000000
00000000
00000000
00000000
00000000
00000000
00000000
00000000
00000000
00000000
00000000
00000000
00000000
00000000
00000000
00000000
00000000
00000000
00000000
00000000
00000000
00000000
00000000
00000000
00000000
00000000
00000000
00000000
00000000
00000000
00000000
00000000
00000000
00000000
00000000
00000000
00000000
00000000
00000000
00000000
00000000
00000000
00000000
00000000
00000000
00000000
00000000
00000000
00000000
00000000
00000000
00000000
00000000
00000000
00000000
00000000
00000000
00000000
00000000
00000000
00000000
00000000
00000000
00000000
00000000
00000000
00000000
00000000
00000000
00000000
00000000
00000000
00000000
00000000
00000000
00000000
00000000
00000000
00000000
00000000
00000000
00000000
00000000
00000000
00000000
00000000
00000000
00000000
00000000
00000000
00000000
00000000
00000000
00000000
00000000
00000000
00000000
00000000
00000000
00000000
00000000
00000000
00000000
00000000
00000000
00000000
00000000
00000000
00000000
00000000
00000000
00000000
00000000
00000000
00000000
00000000
00000000
00000000
00000000
00000000
00000000
00000000
00000000
00000000
00000000
00000000
00000000
00000000
00000000
00000000
00000000
00000000
00000000
00000000
00000000
00000000
00000000
00000000
00000000
00000000
00000000
00000000
00000000
00000000
00000000
00000000
00000000
00000000
00000000
00000000
00000000
00000000
00000000
00000000
00000000
00000000
00000000
00000000
00000000
00000000
00000000
00000000
00000000
00000000
00000000
00000000
00000000
00000000
00000000
00000000
00000000
00000000
00000000
00000000
00000000
00000000
00000000
00000000
00000000
00000000
00000000
00000000
00000000
00000000
00000000
00000000
00000000
00000000
00000000
00000000
00000000
00000000
00000000
00000000
00000000
00000000
00000000
00000000
00000000
00000000
00000000
00000000
00000000
00000000
00000000
00000000
00000000
00000000
00000000
00000000
00000000
00000000
00000000
00000000
00000000
00000000
00000000
00000000
00000000
00000000
00000000
00000000
00000000
00000000
00000000
00000000
00000000
00000000
00000000
00000000
00000000
00000000
00000000
00000000
00000000
00000000
00000000
00000000
00000000
00000000
00000000
00000000
00000000
00000000
00000000
00000000
00000000
00000000
00000000
00000000
00000000
00000000
00000000
00000000
00000000
00000000
00000000
00000000
00000000
00000000
00000000
00000000
00000000
00000000
00000000
00000000
00000000
00000000
00000000
00000000
00000000
00000000
00000000
00000000
00000000
00000000
00000000
00000000
00000000
00000000
00000000
00000000
00000000
00000000
00000000
00000000
00000000
00000000
00000000
00000000
00000000
00000000
00000000
00000000
00000000
00000000
00000000
00000000
00000000
00000000
00000000
00000000
00000000
00000000
00000000
00000000
00000000
00000000
00000000
00000000
00000000
00000000
00000000
00000000
00000000
00000000
00000000
00000000
00000000
00000000
00000000
00000000
00000000
00000000
00000000
00000000
00000000
00000000
00000000
00000000
00000000
00000000
00000000
00000000
00000000
00000000
00000000
00000000
00000000
00000000
00000000
00000000
00000000
00000000
00000000
00000000
00000000
00000000
00000000
00000000
00000000
00000000
00000000
00000000
00000000
00000000
00000000
00000000
00000000
00000000
00000000
00000000
00000000
00000000
00000000
00000000
00000000
00000000
00000000
00000000
00000000
00000000
00000000
00000000
00000000
00000000
00000000
00000000
00000000
00000000
00000000
00000000
00000000
00000000
00000000
00000000
00000000
00000000
00000000
00000000
00000000
00000000
00000000
00000000
00000000
00000000
00000000
00000000
00000000
00000000
00000000
00000000
00000000
00000000
00000000
00000000
00000000
00000000
00000000
00000000
00000000
00000000
00000000
00000000
00000000
00000000
00000000
00000000
00000000
00000000
00000000
00000000
00000000
00000000
00000000
00000000
00000000
00000000
00000000
00000000
00000000
00000000
00000000
00000000
00000000
00000000
00000000
00000000
00000000
00000000
00000000
00000000
00000000
00000000
00000000
00000000
00000000
00000000
00000000
00000000
00000000
00000000
00000000
00000000
00000000
00000000
00000000
00000000
00000000
00000000
00000000
00000000
00000000
00000000
00000000
00000000
00000000
00000000
00000000
00000000
00000000
00000000
00000000
00000000
00000000
00000000
00000000
00000000
00000000
00000000
00000000
00000000
00000000
00000000
00000000
00000000
00000000
00000000
00000000
00000000
00000000
00000000
00000000
00000000
00000000
00000000
00000000
00000000
00000000
00000000
00000000
00000000
00000000
00000000
00000000
00000000
00000000
00000000
00000000
00000000
00000000
00000000
00000000
00000000
00000000
00000000
00000000
00000000
00000000
00000000
00000000
00000000
00000000
00000000
00000000
00000000
00000000
00000000
00000000
00000000
00000000
00000000
00000000
00000000
00000000
00000000
00000000
00000000
00000000
00000000
00000000
00000000
00000000
00000000
00000000
00000000
00000000
00000000
00000000
00000000
00000000
00000000
00000000
00000000
00000000
00000000
00000000
00000000
00000000
00000000
00000000
00000000
00000000
00000000
00000000
00000000
00000000
00000000
00000000
00000000
00000000
00000000
00000000
00000000
00000000
00000000
00000000
00000000
00000000
00000000
00000000
00000000
00000000
00000000
00000000
00000000
00000000
00000000
00000000
00000000
00000000
00000000
00000000
00000000
00000000
00000000
00000000
00000000
00000000
00000000
00000000
00000000
00000000
00000000
00000000
00000000
00000000
00000000
00000000
00000000
00000000
00000000
00000000
00000000
00000000
00000000
00000000
00000000
00000000
00000000
00000000
00000000
00000000
00000000
00000000
00000000
00000000
00000000
00000000
00000000
00000000
00000000
00000000
00000000
00000000
00000000
00000000
00000000
00000000
00000000
00000000
00000000
00000000
00000000
00000000
00000000
00000000
00000000
00000000
00000000
00000000
00000000
00000000
00000000
00000000
00000000
00000000
00000000
00000000
00000000
00000000
00000000
00000000
00000000
00000000
00000000
00000000
00000000
00000000
00000000
00000000
00000000
00000000
00000000
00000000
00000000
00000000
00000000
00000000
00000000
00000000
00000000
00000000
00000000
00000000
00000000
00000000
00000000
00000000
00000000
00000000
00000000
00000000
00000000
00000000
00000000
00000000
00000000
00000000
00000000
00000000
00000000
00000000
00000000
00000000
00000000
00000000
00000000
00000000
00000000
00000000
00000000
00000000
00000000
00000000
00000000
00000000
00000000
00000000
00000000
00000000
00000000
00000000
00000000
00000000
00000000
00000000
00000000
00000000
00000000
00000000
00000000
00000000
00000000
00000000
00000000
00000000
00000000
00000000
00000000
00000000
00000000
00000000
00000000
00000000
00000000
00000000
00000000
00000000
00000000
00000000
00000000
00000000
00000000
00000000
00000000
00000000
00000000
00000000
00000000
00000000
00000000
00000000
00000000
00000000
00000000
00000000
00000000
00000000
00000000
00000000
00000000
00000000
00000000
00000000
00000000
00000000
00000000
00000000
00000000
00000000
00000000
00000000
00000000
00000000
00000000
00000000
00000000
00000000
00000000
00000000
00000000
00000000
00000000
00000000
00000000
00000000
00000000
00000000
00000000
00000000
00000000
00000000
00000000
00000000
00000000
00000000
00000000
00000000
00000000
00000000
00000000
00000000
00000000
00000000
00000000
00000000
00000000
00000000
00000000
00000000
00000000
00000000
00000000
00000000
00000000
00000000
00000000
00000000
00000000
00000000
00000000
00000000
00000000
00000000
00000000
00000000
00000000
00000000
00000000
00000000
00000000
00000000
00000000
00000000
00000000
00000000
00000000
00000000
00000000
00000000
00000000
00000000
00000000
00000000
00000000
00000000
00000000
00000000
00000000
00000000
00000000
00000000
00000000
00000000
00000000
00000000
00000000
00000000
00000000
00000000
00000000
00000000
00000000
00000000
00000000
00000000
00000000
00000000
00000000
00000000
00000000
00000000
00000000
00000000
00000000
00000000
00000000
00000000
00000000
00000000
00000000
00000000
00000000
00000000
00000000
00000000
00000000
00000000
00000000
00000000
00000000
00000000
00000000
00000000
00000000
00000000
00000000
00000000
00000000
00000000
00000000
00000000
00000000
00000000
00000000
00000000
00000000
00000000
00000000
00000000
00000000
00000000
00000000
00000000
00000000
00000000
00000000
00000000
00000000
00000000
00000000
00000000
00000000
00000000
00000000
00000000
00000000
00000000
00000000
00000000
00000000
00000000
00000000
00000000
00000000
00000000
00000000
00000000
00000000
00000000
00000000
00000000
00000000
00000000
00000000
00000000
00000000
00000000
00000000
00000000
00000000
00000000
00000000
00000000
00000000
00000000
00000000
00000000
00000000
00000000
00000000
00000000
00000000
00000000
00000000
00000000
00000000
00000000
00000000
00000000
00000000
00000000
00000000
00000000
00000000
00000000
00000000
00000000
00000000
00000000
00000000
00000000
00000000
00000000
00000000
00000000
00000000
00000000
00000000
00000000
00000000
00000000
00000000
00000000
00000000
00000000
00000000
00000000
00000000
00000000
00000000
00000000
00000000
00000000
00000000
00000000
00000000
00000000
00000000
00000000
00000000
00000000
00000000
00000000
00000000
00000000
00000000
00000000
00000000
00000000
00000000
00000000
00000000
00000000
00000000
00000000
00000000
00000000
00000000
00000000
00000000
00000000
00000000
00000000
00000000
00000000
00000000
00000000
00000000
00000000
00000000
00000000
00000000
00000000
00000000
00000000
00000000
00000000
00000000
00000000
00000000
00000000
00000000
00000000
00000000
00000000
00000000
00000000
00000000
00000000
00000000
00000000
00000000
00000000
00000000
00000000
00000000
00000000
00000000
00000000
00000000
00000000
00000000
00000000
00000000
00000000
00000000
00000000
00000000
00000000
00000000
00000000
00000000
00000000
00000000
00000000
00000000
00000000
00000000
00000000
00000000
00000000
00000000
00000000
00000000
00000000
00000000
00000000
00000000
00000000
00000000
00000000
00000000
00000000
00000000
00000000
00000000
00000000
00000000
00000000
00000000
00000000
00000000
00000000
00000000
00000000
00000000
00000000
00000000
00000000
00000000
00000000
00000000
00000000
00000000
00000000
00000000
00000000
00000000
00000000
00000000
00000000
00000000
00000000
00000000
00000000
00000000
00000000
00000000
00000000
00000000
00000000
00000000
00000000
00000000
00000000
00000000
00000000
00000000
00000000
00000000
00000000
00000000
00000000
00000000
00000000
00000000
00000000
00000000
00000000
00000000
00000000
00000000
00000000
00000000
00000000
00000000
00000000
00000000
00000000
00000000
00000000
00000000
00000000
00000000
00000000
00000000
00000000
00000000
00000000
00000000
00000000
00000000
00000000
00000000
00000000
00000000
00000000
00000000
00000000
00000000
00000000
00000000
00000000
00000000
00000000
00000000
00000000
00000000
00000000
00000000
00000000
00000000
00000000
00000000
00000000
00000000
00000000
00000000
00000000
00000000
00000000
00000000
00000000
00000000
00000000
00000000
00000000
00000000
00000000
00000000
00000000
00000000
00000000
00000000
00000000
00000000
00000000
00000000
00000000
00000000
00000000
00000000
00000000
00000000
00000000
00000000
00000000
00000000
00000000
00000000
00000000
00000000
00000000
00000000
00000000
00000000
00000000
00000000
00000000
00000000
00000000
00000000
00000000
00000000
00000000
00000000
00000000
00000000
00000000
00000000
00000000
00000000
00000000
00000000
00000000
00000000
00000000
00000000
00000000
00000000
00000000
00000000
00000000
00000000
00000000
00000000
00000000
00000000
00000000
00000000
00000000
00000000
00000000
00000000
00000000
00000000
00000000
00000000
00000000
00000000
00000000
00000000
00000000
00000000
00000000
00000000
00000000
00000000
00000000
00000000
00000000
00000000
00000000
00000000
00000000
00000000
00000000
00000000
00000000
00000000
00000000
00000000
00000000
00000000
00000000
00000000
00000000
00000000
00000000
00000000
00000000
00000000
00000000
00000000
00000000
00000000
00000000
00000000
00000000
00000000
00000000
00000000
00000000
00000000
00000000
00000000
00000000
00000000
00000000
00000000
00000000
00000000
00000000
00000000
00000000
00000000
00000000
00000000
00000000
00000000
00000000
00000000
00000000
00000000
00000000
00000000
00000000
00000000
00000000
00000000
00000000
00000000
00000000
00000000
00000000
00000000
00000000
00000000
00000000
00000000
00000000
00000000
00000000
00000000
00000000
00000000
00000000
00000000
00000000
00000000
00000000
00000000
00000000
00000000
00000000
00000000
00000000
00000000
00000000
00000000
00000000
00000000
00000000
00000000
00000000
00000000
00000000
00000000
00000000
00000000
00000000
00000000
00000000
00000000
00000000
00000000
00000000
00000000
00000000
00000000
00000000
00000000
00000000
00000000
00000000
00000000
00000000
00000000
00000000
00000000
00000000
00000000
00000000
00000000
00000000
00000000
00000000
00000000
00000000
00000000
00000000
00000000
00000000
00000000
00000000
00000000
00000000
00000000
00000000
00000000
00000000
00000000
00000000
00000000
00000000
00000000
00000000
00000000
00000000
00000000
00000000
00000000
00000000
00000000
00000000
00000000
00000000
00000000
00000000
00000000
00000000
00000000
00000000
00000000
00000000
00000000
00000000
00000000
00000000
00000000
00000000
00000000
00000000
00000000
00000000
00000000
00000000
00000000
00000000
00000000
00000000
00000000
00000000
00000000
00000000
00000000
00000000
00000000
00000000
00000000
00000000
00000000
00000000
00000000
00000000
00000000
00000000
00000000
00000000
00000000
00000000
00000000
00000000
00000000
00000000
00000000
00000000
00000000
00000000
00000000
00000000
00000000
00000000
00000000
00000000
00000000
00000000
00000000
00000000
00000000
00000000
00000000
00000000
00000000
00000000
00000000
00000000
00000000
00000000
00000000
00000000
00000000
00000000
00000000
00000000
00000000
00000000
00000000
00000000
00000000
00000000
00000000
00000000
00000000
00000000
00000000
00000000
00000000
00000000
00000000
00000000
00000000
00000000
00000000
00000000
00000000
00000000
00000000
00000000
00000000
00000000
00000000
00000000
00000000
00000000
00000000
00000000
00000000
00000000
00000000
00000000
00000000
00000000
00000000
00000000
00000000
00000000
00000000
00000000
00000000
00000000
00000000
00000000
00000000
00000000
00000000
00000000
00000000
00000000
00000000
00000000
00000000
00000000
00000000
00000000
00000000
00000000
00000000
00000000
00000000
00000000
00000000
00000000
00000000
00000000
00000000
00000000
00000000
00000000
00000000
00000000
00000000
00000000
00000000
00000000
00000000
00000000
00000000
00000000
00000000
00000000
00000000
00000000
00000000
00000000
00000000
00000000
00000000
00000000
00000000
00000000
00000000
00000000
00000000
00000000
00000000
00000000
00000000
00000000
00000000
00000000
00000000
00000000
00000000
00000000
00000000
00000000
00000000
00000000
00000000
00000000
00000000
00000000
00000000
00000000
00000000
00000000
00000000
00000000
00000000
00000000
00000000
00000000
00000000
00000000
00000000
00000000
00000000
00000000
00000000
00000000
00000000
00000000
00000000
00000000
00000000
00000000
00000000
00000000
00000000
00000000
00000000
00000000
00000000
00000000
00000000
00000000
00000000
00000000
00000000
00000000
00000000
00000000
00000000
00000000
00000000
00000000
00000000
00000000
00000000
00000000
00000000
00000000
00000000
00000000
00000000
00000000
00000000
00000000
00000000
00000000
00000000
00000000
00000000
00000000
00000000
00000000
00000000
00000000
00000000
00000000
00000000
00000000
00000000
00000000
00000000
00000000
00000000
00000000
00000000
00000000
00000000
00000000
00000000
00000000
00000000
00000000
00000000
00000000
00000000
00000000
00000000
00000000
00000000
00000000
00000000
00000000
00000000
00000000
00000000
00000000
00000000
00000000
00000000
00000000
00000000
00000000
00000000
00000000
00000000
00000000
00000000
00000000
00000000
00000000
00000000
00000000
00000000
00000000
00000000
00000000
00000000
00000000
00000000
00000000
00000000
00000000
00000000
00000000
00000000
00000000
00000000
00000000
00000000
00000000
00000000
00000000
00000000
00000000
00000000
00000000
00000000
00000000
00000000
00000000
00000000
00000000
00000000
00000000
00000000
00000000
00000000
00000000
00000000
00000000
00000000
00000000
00000000
00000000
00000000
00000000
00000000
00000000
00000000
00000000
00000000
00000000
00000000
00000000
00000000
00000000
00000000
00000000
00000000
00000000
00000000
00000000
00000000
00000000
00000000
00000000
00000000
00000000
00000000
00000000
00000000
00000000
00000000
00000000
00000000
00000000
00000000
00000000
00000000
00000000
00000000
00000000
00000000
00000000
00000000
00000000
00000000
00000000
00000000
00000000
00000000
00000000
00000000
00000000
00000000
00000000
00000000
00000000
00000000
00000000
00000000
00000000
00000000
00000000
00000000
00000000
00000000
00000000
00000000
00000000
00000000
00000000
00000000
00000000
00000000
00000000
00000000
00000000
00000000
00000000
00000000
00000000
00000000
00000000
00000000
00000000
00000000
00000000
00000000
00000000
00000000
00000000
00000000
00000000
00000000
00000000
00000000
00000000
00000000
00000000
00000000
00000000
00000000
00000000
00000000
00000000
00000000
00000000
00000000
00000000
00000000
00000000
00000000
00000000
00000000
00000000
00000000
00000000
00000000
00000000
00000000
00000000
00000000
00000000
00000000
00000000
00000000
00000000
00000000
00000000
00000000
00000000
00000000
00000000
00000000
00000000
00000000
00000000
00000000
00000000
00000000
00000000
00000000
00000000
00000000
00000000
00000000
00000000
00000000
00000000
00000000
00000000
00000000
00000000
00000000
00000000
00000000
00000000
00000000
00000000
00000000
00000000
00000000
00000000
00000000
00000000
00000000
00000000
00000000
00000000
00000000
00000000
00000000
00000000
00000000
00000000
00000000
00000000
00000000
00000000
00000000
00000000
00000000
00000000
00000000
00000000
00000000
00000000
00000000
00000000
00000000
00000000
00000000
00000000
00000000
00000000
00000000
00000000
00000000
00000000
00000000
00000000
00000000
00000000
00000000
00000000
00000000
00000000
00000000
00000000
00000000
00000000
00000000
00000000
00000000
00000000
00000000
00000000
00000000
00000000
00000000
00000000
00000000
00000000
00000000
00000000
00000000
00000000
00000000
00000000
00000000
00000000
00000000
00000000
00000000
00000000
00000000
00000000
00000000
00000000
00000000
00000000
00000000
00000000
00000000
00000000
00000000
00000000
00000000
00000000
00000000
00000000
00000000
00000000
00000000
00000000
00000000
00000000
00000000
00000000
00000000
00000000
00000000
00000000
00000000
00000000
00000000
00000000
00000000
00000000
00000000
00000000
00000000
00000000
00000000
00000000
00000000
00000000
00000000
00000000
00000000
00000000
00000000
00000000
00000000
00000000
00000000
00000000
00000000
00000000
00000000
00000000
00000000
00000000
00000000
00000000
00000000
00000000
00000000
00000000
00000000
00000000
00000000
00000000
00000000
00000000
00000000
00000000
00000000
00000000
00000000
00000000
00000000
00000000
00000000
00000000
00000000
00000000
00000000
00000000
00000000
00000000
00000000
00000000
00000000
00000000
00000000
00000000
00000000
00000000
00000000
00000000
00000000
00000000
00000000
00000000
00000000
00000000
00000000
00000000
00000000
00000000
00000000
00000000
00000000
00000000
00000000
00000000
00000000
00000000
00000000
00000000
00000000
00000000
00000000
00000000
00000000
00000000
00000000
00000000
00000000
00000000
00000000
00000000
00000000
00000000
00000000
00000000
00000000
00000000
00000000
00000000
00000000
00000000
00000000
00000000
00000000
00000000
00000000
00000000
00000000
00000000
00000000
00000000
00000000
00000000
00000000
00000000
00000000
00000000
00000000
00000000
00000000
00000000
00000000
00000000
00000000
00000000
00000000
00000000
00000000
00000000
00000000
00000000
00000000
00000000
00000000
00000000
00000000
00000000
00000000
00000000
00000000
00000000
00000000
00000000
00000000
00000000
00000000
00000000
00000000
00000000
00000000
00000000
00000000
00000000
00000000
00000000
00000000
00000000
00000000
00000000
00000000
00000000
00000000
00000000
00000000
00000000
00000000
00000000
00000000
00000000
00000000
00000000
00000000
00000000
00000000
00000000
00000000
00000000
00000000
00000000
00000000
00000000
00000000
00000000
00000000
00000000
00000000
00000000
00000000
00000000
00000000
00000000
00000000
00000000
00000000
00000000
00000000
00000000
00000000
00000000
00000000
00000000
00000000
00000000
00000000
00000000
00000000
00000000
00000000
00000000
00000000
00000000
00000000
00000000
00000000
00000000
00000000
00000000
00000000
00000000
00000000
00000000
00000000
00000000
00000000
00000000
00000000
00000000
00000000
00000000
00000000
00000000
00000000
00000000
00000000
00000000
00000000
00000000
00000000
00000000
00000000
00000000
00000000
00000000
00000000
00000000
00000000
00000000
00000000
00000000
00000000
00000000
00000000
00000000
00000000
00000000
00000000
00000000
00000000
00000000
00000000
00000000
00000000
00000000
00000000
00000000
00000000
00000000
00000000
00000000
00000000
00000000
00000000
00000000
00000000
00000000
00000000
00000000
00000000
00000000
00000000
00000000
00000000
00000000
00000000
00000000
00000000
00000000
00000000
00000000
00000000
00000000
00000000
00000000
00000000
00000000
00000000
00000000
00000000
00000000
00000000
00000000
00000000
00000000
00000000
00000000
00000000
00000000
00000000
00000000
00000000
00000000
00000000
00000000
00000000
00000000
00000000
00000000
00000000
00000000
00000000
00000000
00000000
00000000
00000000
00000000
00000000
00000000
00000000
00000000
00000000
00000000
00000000
00000000
00000000
00000000
00000000
00000000
00000000
00000000
00000000
00000000
00000000
00000000
00000000
00000000
00000000
00000000
00000000
00000000
00000000
00000000
00600060
00600060
00600060
00000060
00600060
00000000
01980198
01100198
00000000
00000000
00000000
00000000
01980198
019807fe
07fe0198
01980198
00000000
00000000
01fc0060
03600366
006c01f8
01fc0366
00000060
00000000
06960606
001800cc
00600030
019800c0
0000030c
00000000
019800f0
00f00198
031801b0
019c030c
000000f6
00000000
00600060
000000c0
00000000
00000000
00000000
00000000
00600030
018000c0
01800180
00c00180
00300060
00000000
00c00180
00300060
00300030
00600030
018000c0
00000000
00600000
03fc0666
03fc00f0
00600666
00000000
00000000
00600000
00600060
006007fe
00600060
00000000
00000000
00000000
00000000
00000000
00600000
00c00060
00000000
00000000
00000000
000003fc
00000000
00000000
00000000
00000000
00000000
00000000
00000000
00600060
00000000
000c0006
00300018
00c00060
03000180
00000600
00000000
019800f0
030c030c
03cc036c
030c038c
00f00198
00000000
00e00060
006001e0
00600060
00600060
01f80060
00000000
019800f0
000c030c
00300018
00c00060
03fc0180
00000000
019800f0
000c000c
000c0078
000c000c
00f00198
00000000
00380018
00d80078
03180198
001803fc
00180018
00000000
030003fc
03000300
001803f0
000c000c
00f00198
00000000
00c00078
03000180
031803f0
030c030c
00f00198
00000000
000c03fc
00300018
00c00060
018000c0
01800180
00000000
019800f0
030c030c
00f00198
030c0198
00f00198
00000000
019800f0
030c030c
00fc019c
0018000c
01e00030
00000000
00000000
00600060
00000000
00600060
00000000
00000000
00000000
00600060
00000000
00600060
000000c0
00000000
00300018
00c00060
00c00180
00300060
00000018
00000000
00000000
000003fc
03fc0000
00000000
00000000
00000000
00c00180
00300060
00300018
00c00060
00000180
00000000
019800f0
000c030c
00300018
00000060
00600060
00000000
019800f0
036c030c
036c036c
0300037c
00f00198
00000000
00f00060
030c0198
03fc030c
030c030c
030c030c
00000000
031803f0
030c030c
03f00318
030c0318
03f00318
00000000
019c00f8
0300030c
03000300
030c0300
00f8019c
00000000
031803f0
0306030c
03060306
030c0306
03f00318
00000000
030003fc
03000300
030003f8
03000300
03fc0300
00000000
030003fc
03000300
030003f8
03000300
03000300
00000000
019c00f8
0300030c
033c0300
030c030c
00f8019c
00000000
030c030c
030c030c
030c03fc
030c030c
030c030c
00000000
006001f8
00600060
00600060
00600060
01f80060
00000000
0018007e
00180018
00180018
03180018
00f00198
00000000
0318030c
03600330
036003c0
03180330
0306030c
00000000
03000300
03000300
03000300
03000300
03fc0300
00000000
038e0306
037603de
03060366
03060306
03060306
00000000
03860306
036603c6
031e0336
0306030e
03060306
00000000
019800f0
0306030c
03060306
030c0306
00f00198
00000000
031803f0
030c030c
03f00318
03000300
03000300
00000000
019800f0
0306030c
03060306
031c0336
00f6019e
00000000
031803f0
030c030c
03f00318
03180330
0306030c
00000000
019c00f8
0300030c
007801f0
030c000c
00f00198
00000000
006007fe
00600060
00600060
00600060
00600060
00000000
03060306
03060306
03060306
030c0306
00f00198
00000000
03060306
03060306
030c0306
01980198
006000f0
00000000
03060306
03060306
03660366
03de0376
0306038e
00000000
030c0306
00f00198
00600060
019800f0
0306030c
00000000
030c0306
00f00198
00600060
00600060
00600060
00000000
000c03fc
00300018
00c00060
03000180
03fc0300
00000000
00c000f0
00c000c0
00c000c0
00c000c0
00f000c0
00000000
03000600
00c00180
00300060
000c0018
00000006
00000000
003000f0
00300030
00300030
00300030
00f00030
00000000
00f00060
03060198
00000000
00000000
00000000
00000000
00000000
00000000
00000000
00000000
03fc0000
00000000
006000c0
00000030
00000000
00000000
00000000
00000000
00000000
001800f0
019800f8
03180318
00f6019c
00000000
03000300
031803f0
030c030c
030c030c
03f00318
00000000
00000000
019c00f8
03000300
03000300
00f8019c
00000000
000c000c
019c00fc
030c030c
030c030c
00fc019c
00000000
00000000
019800f0
03fc030c
03000300
00f00198
00000000
006c0038
00600060
006001f8
00600060
00600060
00000000
00000000
019c00fc
030c030c
00fc019c
01f8000c
00000000
03000300
031803f0
030c030c
030c030c
030c030c
00000000
00000060
006000e0
00600060
00600060
01f80060
00000000
00000018
00180038
00180018
00180018
01f00318
00000000
03000300
03300318
03c00360
03300360
030c0318
00000000
006000e0
00600060
00600060
00600060
01f80060
00000000
00000000
07ec06d8
06660666
06660666
06660666
00000000
00000000
031803f0
030c030c
030c030c
030c030c
00000000
00000000
019800f0
030c030c
030c030c
00f00198
00000000
00000000
031803f0
030c030c
03f00318
03000300
00000000
00000000
019c00fc
030c030c
00fc019c
000c000c
00000000
00000000
038c0378
03000300
03000300
03000300
00000000
00000000
019c00f8
01f00300
000c0078
00f8019c
00000000
00600060
006001f8
00600060
00600060
0038006c
00000000
00000000
030c030c
030c030c
030c030c
00fc019c
00000000
00000000
03060306
030c030c
01980198
006000f0
00000000
00000000
06060606
06660666
07fe06f6
0306038c
00000000
00000000
01980306
006000f0
019800f0
03060306
00000000
00000000
03060306
0198030c
006000f0
038000c0
00000000
00000000
000c03fc
00300018
00c00060
03fc0180
00000000
00600038
00600060
006000c0
00600060
00380060
00000000
00600060
00600060
00600060
00600060
00600060
00000000
006001c0
00600060
00600030
00600060
01c00060
00000000
00000000
01c60000
0638036c
00000000
00000000
00000000
00000000
00000000
00000000
00000000
00000000
00000000
021c0100
03180e1d
0f14161e
08041119
170d1b1f
07101315
06120c1a
090a050b
00007fff
00000000
00007ffe
ffffff37
00007ffd
fffffe6e
00007ff9
fffffda5
00007ff5
fffffcdc
00007ff0
fffffc13
00007fe9
fffffb4a
00007fe1
fffffa81
00007fd8
fffff9b8
00007fcd
fffff8ef
00007fc1
fffff827
00007fb4
fffff75e
00007fa6
fffff696
00007f97
fffff5cd
00007f86
fffff505
00007f74
fffff43c
00007f61
fffff374
00007f4d
fffff2ac
00007f37
fffff1e4
00007f21
fffff11d
00007f09
fffff055
00007eef
ffffef8e
00007ed5
ffffeec6
00007eb9
ffffedff
00007e9c
ffffed38
00007e7e
ffffec71
00007e5f
ffffebab
00007e3e
ffffeae4
00007e1d
ffffea1e
00007dfa
ffffe958
00007dd5
ffffe892
00007db0
ffffe7cd
00007d89
ffffe707
00007d62
ffffe642
00007d39
ffffe57e
00007d0e
ffffe4b9
00007ce3
ffffe3f5
00007cb6
ffffe331
00007c88
ffffe26d
00007c59
ffffe1a9
00007c29
ffffe0e6
00007bf8
ffffe023
00007bc5
ffffdf61
00007b91
ffffde9f
00007b5c
ffffdddd
00007b26
ffffdd1b
00007aee
ffffdc5a
00007ab6
ffffdb99
00007a7c
ffffdad8
00007a41
ffffda18
00007a05
ffffd958
000079c8
ffffd899
00007989
ffffd7da
0000794a
ffffd71b
00007909
ffffd65d
000078c7
ffffd59f
00007884
ffffd4e1
0000783f
ffffd424
000077fa
ffffd367
000077b3
ffffd2ab
0000776b
ffffd1ef
00007722
ffffd134
000076d8
ffffd079
0000768d
ffffcfbf
00007641
ffffcf05
000075f3
ffffce4b
000075a5
ffffcd92
00007555
ffffccda
00007504
ffffcc21
000074b2
ffffcb6a
0000745f
ffffcab3
0000740a
ffffc9fc
000073b5
ffffc946
0000735e
ffffc891
00007307
ffffc7dc
000072ae
ffffc727
00007254
ffffc674
000071f9
ffffc5c0
0000719d
ffffc50e
00007140
ffffc45b
000070e2
ffffc3aa
00007083
ffffc2f9
00007022
ffffc248
00006fc1
ffffc198
00006f5e
ffffc0e9
00006efb
ffffc03b
00006e96
ffffbf8d
00006e30
ffffbedf
00006dc9
ffffbe32
00006d61
ffffbd86
00006cf8
ffffbcdb
00006c8e
ffffbc30
00006c23
ffffbb86
00006bb7
ffffbadc
00006b4a
ffffba33
00006adc
ffffb98b
00006a6d
ffffb8e4
000069fd
ffffb83d
0000698b
ffffb797
00006919
ffffb6f1
000068a6
ffffb64c
00006832
ffffb5a8
000067bc
ffffb505
00006746
ffffb463
000066cf
ffffb3c1
00006656
ffffb320
000065dd
ffffb27f
00006563
ffffb1e0
000064e8
ffffb141
0000646c
ffffb0a3
000063ee
ffffb005
00006370
ffffaf69
000062f1
ffffaecd
00006271
ffffae32
000061f0
ffffad98
0000616e
ffffacfe
000060eb
ffffac65
00006068
ffffabce
00005fe3
ffffab37
00005f5d
ffffaaa0
00005ed7
ffffaa0b
00005e4f
ffffa976
00005dc7
ffffa8e3
00005d3e
ffffa850
00005cb3
ffffa7be
00005c28
ffffa72d
00005b9c
ffffa69c
00005b0f
ffffa60d
00005a82
ffffa57e
000059f3
ffffa4f1
00005964
ffffa464
000058d3
ffffa3d8
00005842
ffffa34d
000057b0
ffffa2c2
0000571d
ffffa239
0000568a
ffffa1b1
000055f5
ffffa129
00005560
ffffa0a3
000054c9
ffffa01d
00005432
ffff9f98
0000539b
ffff9f15
00005302
ffff9e92
00005268
ffff9e10
000051ce
ffff9d8f
00005133
ffff9d0f
00005097
ffff9c90
00004ffb
ffff9c12
00004f5d
ffff9b94
00004ebf
ffff9b18
00004e20
ffff9a9d
00004d81
ffff9a23
00004ce0
ffff99aa
00004c3f
ffff9931
00004b9d
ffff98ba
00004afb
ffff9844
00004a58
ffff97ce
000049b4
ffff975a
0000490f
ffff96e7
00004869
ffff9675
000047c3
ffff9603
0000471c
ffff9593
00004675
ffff9524
000045cd
ffff94b6
00004524
ffff9449
0000447a
ffff93dd
000043d0
ffff9372
00004325
ffff9308
0000427a
ffff929f
000041ce
ffff9237
00004121
ffff91d0
00004073
ffff916a
00003fc5
ffff9105
00003f17
ffff90a2
00003e68
ffff903f
00003db8
ffff8fde
00003d07
ffff8f7d
00003c56
ffff8f1e
00003ba5
ffff8ec0
00003af2
ffff8e63
00003a40
ffff8e07
0000398c
ffff8dac
000038d9
ffff8d52
00003824
ffff8cf9
0000376f
ffff8ca2
000036ba
ffff8c4b
00003604
ffff8bf6
0000354d
ffff8ba1
00003496
ffff8b4e
000033df
ffff8afc
00003326
ffff8aab
0000326e
ffff8a5b
000031b5
ffff8a0d
000030fb
ffff89bf
00003041
ffff8973
00002f87
ffff8928
00002ecc
ffff88de
00002e11
ffff8895
00002d55
ffff884d
00002c99
ffff8806
00002bdc
ffff87c1
00002b1f
ffff877c
00002a61
ffff8739
000029a3
ffff86f7
000028e5
ffff86b6
00002826
ffff8677
00002767
ffff8638
000026a8
ffff85fb
000025e8
ffff85bf
00002528
ffff8584
00002467
ffff854a
000023a6
ffff8512
000022e5
ffff84da
00002223
ffff84a4
00002161
ffff846f
0000209f
ffff843b
00001fdd
ffff8408
00001f1a
ffff83d7
00001e57
ffff83a7
00001d93
ffff8378
00001ccf
ffff834a
00001c0b
ffff831d
00001b47
ffff82f2
00001a82
ffff82c7
000019be
ffff829e
000018f9
ffff8277
00001833
ffff8250
0000176e
ffff822b
000016a8
ffff8206
000015e2
ffff81e3
0000151c
ffff81c2
00001455
ffff81a1
0000138f
ffff8182
000012c8
ffff8164
00001201
ffff8147
0000113a
ffff812b
00001072
ffff8111
00000fab
ffff80f7
00000ee3
ffff80df
00000e1c
ffff80c9
00000d54
ffff80b3
00000c8c
ffff809f
00000bc4
ffff808c
00000afb
ffff807a
00000a33
ffff8069
0000096a
ffff805a
000008a2
ffff804c
000007d9
ffff803f
00000711
ffff8033
00000648
ffff8028
0000057f
ffff801f
000004b6
ffff8017
000003ed
ffff8010
00000324
ffff800b
0000025b
ffff8007
00000192
ffff8003
000000c9
ffff8002
00000000
ffff8001
ffffff37
ffff8002
fffffe6e
ffff8003
fffffda5
ffff8007
fffffcdc
ffff800b
fffffc13
ffff8010
fffffb4a
ffff8017
fffffa81
ffff801f
fffff9b8
ffff8028
fffff8ef
ffff8033
fffff827
ffff803f
fffff75e
ffff804c
fffff696
ffff805a
fffff5cd
ffff8069
fffff505
ffff807a
fffff43c
ffff808c
fffff374
ffff809f
fffff2ac
ffff80b3
fffff1e4
ffff80c9
fffff11d
ffff80df
fffff055
ffff80f7
ffffef8e
ffff8111
ffffeec6
ffff812b
ffffedff
ffff8147
ffffed38
ffff8164
ffffec71
ffff8182
ffffebab
ffff81a1
ffffeae4
ffff81c2
ffffea1e
ffff81e3
ffffe958
ffff8206
ffffe892
ffff822b
ffffe7cd
ffff8250
ffffe707
ffff8277
ffffe642
ffff829e
ffffe57e
ffff82c7
ffffe4b9
ffff82f2
ffffe3f5
ffff831d
ffffe331
ffff834a
ffffe26d
ffff8378
ffffe1a9
ffff83a7
ffffe0e6
ffff83d7
ffffe023
ffff8408
ffffdf61
ffff843b
ffffde9f
ffff846f
ffffdddd
ffff84a4
ffffdd1b
ffff84da
ffffdc5a
ffff8512
ffffdb99
ffff854a
ffffdad8
ffff8584
ffffda18
ffff85bf
ffffd958
ffff85fb
ffffd899
ffff8638
ffffd7da
ffff8677
ffffd71b
ffff86b6
ffffd65d
ffff86f7
ffffd59f
ffff8739
ffffd4e1
ffff877c
ffffd424
ffff87c1
ffffd367
ffff8806
ffffd2ab
ffff884d
ffffd1ef
ffff8895
ffffd134
ffff88de
ffffd079
ffff8928
ffffcfbf
ffff8973
ffffcf05
ffff89bf
ffffce4b
ffff8a0d
ffffcd92
ffff8a5b
ffffccda
ffff8aab
ffffcc21
ffff8afc
ffffcb6a
ffff8b4e
ffffcab3
ffff8ba1
ffffc9fc
ffff8bf6
ffffc946
ffff8c4b
ffffc891
ffff8ca2
ffffc7dc
ffff8cf9
ffffc727
ffff8d52
ffffc674
ffff8dac
ffffc5c0
ffff8e07
ffffc50e
ffff8e63
ffffc45b
ffff8ec0
ffffc3aa
ffff8f1e
ffffc2f9
ffff8f7d
ffffc248
ffff8fde
ffffc198
ffff903f
ffffc0e9
ffff90a2
ffffc03b
ffff9105
ffffbf8d
ffff916a
ffffbedf
ffff91d0
ffffbe32
ffff9237
ffffbd86
ffff929f
ffffbcdb
ffff9308
ffffbc30
ffff9372
ffffbb86
ffff93dd
ffffbadc
ffff9449
ffffba33
ffff94b6
ffffb98b
ffff9524
ffffb8e4
ffff9593
ffffb83d
ffff9603
ffffb797
ffff9675
ffffb6f1
ffff96e7
ffffb64c
ffff975a
ffffb5a8
ffff97ce
ffffb505
ffff9844
ffffb463
ffff98ba
ffffb3c1
ffff9931
ffffb320
ffff99aa
ffffb27f
ffff9a23
ffffb1e0
ffff9a9d
ffffb141
ffff9b18
ffffb0a3
ffff9b94
ffffb005
ffff9c12
ffffaf69
ffff9c90
ffffaecd
ffff9d0f
ffffae32
ffff9d8f
ffffad98
ffff9e10
ffffacfe
ffff9e92
ffffac65
ffff9f15
ffffabce
ffff9f98
ffffab37
ffffa01d
ffffaaa0
ffffa0a3
ffffaa0b
ffffa129
ffffa976
ffffa1b1
ffffa8e3
ffffa239
ffffa850
ffffa2c2
ffffa7be
ffffa34d
ffffa72d
ffffa3d8
ffffa69c
ffffa464
ffffa60d
ffffa4f1
ffffa57e
ffffa57e
ffffa4f1
ffffa60d
ffffa464
ffffa69c
ffffa3d8
ffffa72d
ffffa34d
ffffa7be
ffffa2c2
ffffa850
ffffa239
ffffa8e3
ffffa1b1
ffffa976
ffffa129
ffffaa0b
ffffa0a3
ffffaaa0
ffffa01d
ffffab37
ffff9f98
ffffabce
ffff9f15
ffffac65
ffff9e92
ffffacfe
ffff9e10
ffffad98
ffff9d8f
ffffae32
ffff9d0f
ffffaecd
ffff9c90
ffffaf69
ffff9c12
ffffb005
ffff9b94
ffffb0a3
ffff9b18
ffffb141
ffff9a9d
ffffb1e0
ffff9a23
ffffb27f
ffff99aa
ffffb320
ffff9931
ffffb3c1
ffff98ba
ffffb463
ffff9844
ffffb505
ffff97ce
ffffb5a8
ffff975a
ffffb64c
ffff96e7
ffffb6f1
ffff9675
ffffb797
ffff9603
ffffb83d
ffff9593
ffffb8e4
ffff9524
ffffb98b
ffff94b6
ffffba33
ffff9449
ffffbadc
ffff93dd
ffffbb86
ffff9372
ffffbc30
ffff9308
ffffbcdb
ffff929f
ffffbd86
ffff9237
ffffbe32
ffff91d0
ffffbedf
ffff916a
ffffbf8d
ffff9105
ffffc03b
ffff90a2
ffffc0e9
ffff903f
ffffc198
ffff8fde
ffffc248
ffff8f7d
ffffc2f9
ffff8f1e
ffffc3aa
ffff8ec0
ffffc45b
ffff8e63
ffffc50e
ffff8e07
ffffc5c0
ffff8dac
ffffc674
ffff8d52
ffffc727
ffff8cf9
ffffc7dc
ffff8ca2
ffffc891
ffff8c4b
ffffc946
ffff8bf6
ffffc9fc
ffff8ba1
ffffcab3
ffff8b4e
ffffcb6a
ffff8afc
ffffcc21
ffff8aab
ffffccda
ffff8a5b
ffffcd92
ffff8a0d
ffffce4b
ffff89bf
ffffcf05
ffff8973
ffffcfbf
ffff8928
ffffd079
ffff88de
ffffd134
ffff8895
ffffd1ef
ffff884d
ffffd2ab
ffff8806
ffffd367
ffff87c1
ffffd424
ffff877c
ffffd4e1
ffff8739
ffffd59f
ffff86f7
ffffd65d
ffff86b6
ffffd71b
ffff8677
ffffd7da
ffff8638
ffffd899
ffff85fb
ffffd958
ffff85bf
ffffda18
ffff8584
ffffdad8
ffff854a
ffffdb99
ffff8512
ffffdc5a
ffff84da
ffffdd1b
ffff84a4
ffffdddd
ffff846f
ffffde9f
ffff843b
ffffdf61
ffff8408
ffffe023
ffff83d7
ffffe0e6
ffff83a7
ffffe1a9
ffff8378
ffffe26d
ffff834a
ffffe331
ffff831d
ffffe3f5
ffff82f2
ffffe4b9
ffff82c7
ffffe57e
ffff829e
ffffe642
ffff8277
ffffe707
ffff8250
ffffe7cd
ffff822b
ffffe892
ffff8206
ffffe958
ffff81e3
ffffea1e
ffff81c2
ffffeae4
ffff81a1
ffffebab
ffff8182
ffffec71
ffff8164
ffffed38
ffff8147
ffffedff
ffff812b
ffffeec6
ffff8111
ffffef8e
ffff80f7
fffff055
ffff80df
fffff11d
ffff80c9
fffff1e4
ffff80b3
fffff2ac
ffff809f
fffff374
ffff808c
fffff43c
ffff807a
fffff505
ffff8069
fffff5cd
ffff805a
fffff696
ffff804c
fffff75e
ffff803f
fffff827
ffff8033
fffff8ef
ffff8028
fffff9b8
ffff801f
fffffa81
ffff8017
fffffb4a
ffff8010
fffffc13
ffff800b
fffffcdc
ffff8007
fffffda5
ffff8003
fffffe6e
ffff8002
ffffff37
00000000
00000000
00000000
00000000
00000000
00000000
00000000
00000000
00000000
00000000
00000000
00000000
00000000
00000000
00000000
00000000
00000000
00000000
00000000
00000000
00000000
00000000
00000000
00000000
00000000
00000000
00000000
00000000
00000000
00000000
00000000
00000000
00000000
00000000
00000000
00000000
00000000
00000000
00000000
00000000
00000000
00000000
00000000
00000000
00000000
00000000
00000000
00000000
00000000
00000000
00000000
00000000
00000000
00000000
00000000
00000000
00000000
00000000
00000000
00000000
00000000
00000000
00000000
00000000
00000000
00000000
00000000
00000000
00000000
00000000
00000000
00000000
00000000
00000000
00000000
00000000
00000000
00000000
00000000
00000000
00000000
00000000
00000000
00000000
00000000
00000000
00000000
00000000
00000000
00000000
00000000
00000000
00000000
00000000
00000000
00000000
00000000
00000000
00000000
00000000
00000000
00000000
00000000
00000000
00000000
00000000
00000000
00000000
00000000
00000000
00000000
00000000
00000000
00000000
00000000
00000000
00000000
00000000
00000000
00000000
00000000
00000000
00000000
00000000
00000000
00000000
00000000
00000000
00000000
00000000
00000000
00000000
00000000
00000000
00000000
00000000
00000000
00000000
00000000
00000000
00000000
00000000
00000000
00000000
00000000
00000000
00000000
00000000
00000000
00000000
00000000
00000000
00000000
00000000
00000000
00000000
00000000
00000000
00000000
00000000
00000000
00000000
00000000
00000000
00000000
00000000
00000000
00000000
00000000
00000000
00000000
00000000
00000000
00000000
00000000
00000000
00000000
00000000
00000000
00000000
00000000
00000000
00000000
00000000
00000000
00000000
00000000
00000000
00000000
00000000
00000000
00000000
00000000
00000000
00000000
00000000
00000000
00000000
00000000
00000000
00000000
00000000
00000000
00000000
00000000
00000000
00000000
00000000
00000000
00000000
00000000
00000000
00000000
00000000
00000000
00000000
00000000
00000000
00000000
00000000
00000000
00000000
00000000
00000000
00000000
00000000
00000000
00000000
00000000
00000000
00000000
00000000
00000000
00000000
00000000
00000000
00000000
00000000
00000000
00000000
00000000
00000000
00000000
00000000
00000000
00000000
00000000
00000000
00000000
00000000
00000000
00000000
00000000
00000000
00000000
00000000
00000000
00000000
00000000
00000000
00000000
00000000
00000000
00000000
00000000
00000000
00000000
00000000
00000000
00000000
00000000
00000000
00000000
00000000
00000000
00000000
00000000
00000000
00000000
00000000
00000000
00000000
00000000
00000000
00000000
00000000
00000001
0022e574
0022e974
0022e9b4
0022e9e4
00000000
002072e1
002072e4
002072e9
0022e9f0
