00020097
b7c080e7
0000006f
0042c5b7
1a05a603
00c52023
1aa5a023
00000513
00008067
0042c537
1a052583
0005a583
1ab52023
00008067
0042c637
1a462683
00d52023
00b52223
1aa62223
00008067
00050593
0042c637
1a462503
00052683
1ad62223
00058663
00452303
00030067
00008067
ff010113
00112623
00812423
00912223
0042c4b7
1a44a583
02058663
00050413
02a5f263
0005a503
0045a603
1aa4a223
00058513
000600e7
1a44a583
00058463
fe85e2e3
00c12083
00812403
00412483
01010113
00008067
00152423
00852623
00952823
01252a23
01352c23
01452e23
03552023
03652223
03752423
03852623
03952823
03a52a23
03b52c23
02252e23
f09ff06f
ff010113
00112623
00812423
00912223
0042c5b7
1a05a583
00059663
00020097
b1c080e7
00a5a223
00058513
00058413
0042c4b7
00000097
f38080e7
00042503
1aa4a023
00800533
00852083
00c52403
01052483
01452903
01852983
01c52a03
02052a83
02452b03
02852b83
02c52c03
03052c83
03452d03
03852d83
03c52103
00100513
00008067
ff010113
00112623
00812423
00050413
00000593
00000097
780080e7
00040463
00050a63
00c12083
00812403
01010113
00008067
00040513
0000f097
c04080e7
00000593
00000317
75030067
00000317
fb430067
ff010113
00112623
00812423
00058413
00100613
00001097
abc080e7
00040463
00050a63
00c12083
00812403
01010113
00008067
00040513
0000f097
bb0080e7
00001317
a9030067
00001317
8d030067
ff010113
00112623
00812423
ff05f593
fff54613
fc0fc6b7
0042c437
19040413
00c58633
0fd68693
02d636b3
0066d613
fc06f693
00c50733
40d586b3
00170713
08a42223
08c42423
08d42623
08b42823
02e6ec63
00160613
00000593
00020097
d84080e7
08042a23
08042c23
00041223
00100513
1aa41023
00c12083
00812403
01010113
00008067
00422537
a6050513
00422637
c1060613
004226b7
c1e68693
0bf00593
00020097
970080e7
0042c537
19451583
00158593
18b51a23
00008067
0042c537
19451583
fff58593
18b51a23
00008067
0042c537
19455503
00a03533
00008067
0042c637
19060613
00860513
01b00593
08062e23
00000317
00830067
0c058263
fe010113
00112e23
00812c23
00912a23
01212823
01312623
01412423
00058413
00050493
0042c937
19090913
08c92503
09092583
00100993
00300a13
0004a683
00f6f613
04061a63
04a6e863
04b6f663
08492603
40a686b3
0066d713
00e60633
00064703
0036d793
0067f793
00f75833
00387813
03381263
0046d513
00fa15b3
00b765b3
00b60023
00000097
03c080e7
08c92503
09092583
fff40413
00448493
f8041ee3
01c12083
01812403
01412483
01012903
00c12983
00812a03
02010113
00008067
ff010113
00112623
00812423
00000593
0042c637
19060613
00200693
40000837
00100713
00300793
ffc80813
03f00893
00000393
08462283
00451e13
00151313
00230313
00150e93
00400f93
000f8f13
002edf93
00637413
01f28fb3
000fcf83
00438393
010e0e13
00230313
008fdfb3
003ff413
001e8e93
004f0f93
fcd408e3
08c62283
09062303
01c28e33
0dc36063
0103f3b3
08038863
00451513
002f1f13
00550533
ff0f7393
007503b3
00052e03
00fe7e93
060e9463
065e6263
066e7063
08462e83
405e0e33
006e5f13
01ee8eb3
000ecf03
003e5f93
006fff93
01ff5433
00347413
02e41c63
01f792b3
005f62b3
005e8023
08c62283
09062303
00b8ee63
004e5e13
00259e93
01d60eb3
0bcea023
00158593
0080006f
08e62e23
00450513
f87516e3
00058c63
fff58593
00259513
00a60533
0a052503
ef9ff06f
00c12083
00812403
01010113
00008067
00422537
a6050513
00422637
c4060613
004226b7
c5068693
22100593
0001f097
6e4080e7
0042c537
22052623
00000317
00830067
fe010113
00112e23
00812c23
00912a23
01212823
01312623
0042c4b7
19048493
09c4a583
0884a503
06058463
00300913
00251593
0804ae23
04058c63
00000993
0844a583
00000413
00245613
00c58633
00064603
0069f693
00d65633
00367613
01261c63
00040513
00000097
e18080e7
0844a583
0884a503
00140413
00251613
00298993
fcc462e3
09c4a583
fa0592e3
0984a783
00251513
0cf56063
00000513
00000593
00000713
00000893
0844a803
00100613
00300693
0025d293
005802b3
0002c303
00657393
00735e33
003e7e13
01c64863
00300e93
020e1463
0400006f
00de1a63
00000e13
00200e93
00058713
0100006f
02088c63
00100e13
00300e93
007e97b3
fff7c793
00f377b3
00f28023
0844a803
0984a783
000e0893
00158593
00250513
f8b7fae3
00c0006f
00058713
fedff06f
0804aa23
08e4ac23
01c12083
01812403
01412483
01012903
00c12983
02010113
00008067
00422537
a6050513
00422637
ca060613
004226b7
cb568693
2cd00593
0001f097
558080e7
ff010113
00812623
00912423
01212223
00000813
00000713
00000613
00000693
00000593
00000793
00000293
00000893
0042c3b7
19038393
08c3a303
0903ae03
00052823
00052a23
00052c23
406e0333
00652023
00052223
00052423
00052623
0843a303
0883af03
00200393
00100e13
00100e93
002f1f13
41e00f33
00200f93
fffe8413
00245413
00830433
00044403
ffef8493
0064f493
00945433
00347413
008e4e63
02041663
00000893
00158593
00b52423
00128293
0240006f
02741063
00178793
00f52223
00188893
0100006f
00178793
00f52223
00100893
01df04b3
02048063
002ed413
00830433
00044403
006ff913
01245433
00347413
028e6c63
04788463
01c89663
00160613
00c52823
01177663
01152c23
00088713
00048463
01c41a63
00587663
00552623
00028813
00000293
001e8e93
01df0433
002f8f93
f5c410e3
0140006f
00168693
00d52a23
fd1762e3
fc9ff06f
00479793
00459593
00f52223
00b52423
00c12403
00812483
00412903
01010113
00008067
ff010113
00112623
00812423
00050413
01c00613
00000593
0001f097
788080e7
0042c6b7
19068693
08c6a503
0906a603
00042783
0886a703
00842583
40a60533
00f50533
00a42023
00000613
04070063
0846a683
00e68733
004227b7
a4078793
0006c803
00168693
00f87893
00485813
011788b3
01078833
0008c883
00084803
01160633
01060633
fce69ce3
00c585b3
00459593
40b50533
00a42223
00b42423
00c12083
00812403
01010113
00008067
ff010113
00112623
00812423
00912223
01212023
00f50513
01000593
00000413
18b56a63
0042c4b7
19048493
0044d583
18059263
1a04d583
00455413
00b03633
03f00913
0884a703
0944a783
08e7f463
00000693
0844a583
00279513
40f70733
00f587b3
0007c803
00387893
00088663
00000693
00c0006f
00168693
0886f263
00c87893
00088663
00000693
00c0006f
00168693
0686f063
03087893
00088663
00000693
00c0006f
00168693
0486f863
01096863
00168693
0286fa63
0080006f
00000693
00450513
fff70713
00178793
f8071ae3
00167613
0e060c63
0001f097
1d0080e7
00000613
f5dff06f
00350513
0100006f
00150513
0080006f
00250513
00100613
40d50733
00c69863
00150613
00265613
08c4aa23
0984a683
00170613
00d56463
00050693
08d4ac23
00161693
00265793
00f587b3
0007c583
00100813
0066f693
00d816b3
00d5e6b3
00270593
00d78023
02b56c63
00159693
00200713
0844a783
0025d813
010787b3
0007c803
0066f893
00158593
011718b3
01186833
01078023
00268693
fcb57ce3
08c4a403
00461593
40c50533
00451513
00b40433
01050613
00040513
00000593
0001f097
544080e7
00040513
00c12083
00812403
00412483
00012903
01010113
00008067
00000413
fe1ff06f
ff010113
00112623
0a050e63
0042c5b7
19058593
0045d603
0a061663
00f57613
0a061863
08c5a683
0ad56463
0905a603
0ac57063
0845a603
40d50533
00655693
00d60733
00074703
00355793
0067f793
00f75733
00377713
00100793
08f71c63
0945a703
00455513
00e6f463
08d5aa23
00151693
00300713
00200793
00255813
01060633
00064803
0066f893
011718b3
fff8c893
01187833
01060023
0845a603
00150513
00255813
01060833
00084803
00268693
0066f893
01185833
00387813
faf80ee3
00c12083
01010113
00008067
00422537
a6050513
00422637
a7a60613
004226b7
a8268693
43500593
0001f097
060080e7
00422537
a6050513
00422637
a7a60613
004226b7
a9268693
43b00593
0001f097
03c080e7
00050593
00f57613
00000513
08061463
0042c637
19060613
08c62683
06d5ec63
09062703
06e5f863
08462603
40d585b3
0065d513
00a60533
00054503
0035d693
0066f693
00d55533
00357513
00100693
04d51463
00000513
0045d593
00159693
00158593
00268693
00200713
0025d793
00f607b3
0007c783
0066f813
01050513
0107d7b3
0037f793
00268693
00158593
fce78ee3
00008067
00000513
00008067
ff010113
00112623
00812423
00912223
01212023
0e050263
00050413
0e058e63
0042c537
19050513
00455683
0e069c63
00f47693
24069863
08c52683
24d46463
09052703
24e47063
08452883
40d406b3
0066d713
00e88733
00074703
0036d793
0067f793
00f75733
00377713
00100913
23271c63
00000293
0046d813
00f58693
08852303
0046d693
00181713
fff68793
00270713
00231313
00200393
00080e13
001e1e93
001e0e13
002e8e93
086e7c63
002e5f13
01e88f33
000f4f03
006eff93
01ff5f33
003f7f13
000f1e63
00128293
001e0e13
00590f33
002e8e93
fcdf68e3
0640006f
067f1063
00190913
fff78793
00270713
fadff06f
00058513
00c12083
00812403
00412483
00012903
01010113
00000317
b6030067
00040513
00000097
d2c080e7
00000413
00040513
00c12083
00812403
00412483
00012903
01010113
00008067
ff2682e3
0526fe63
00d806b3
00169593
00300613
00068713
08452803
0065f893
00275293
00170713
00580833
00084283
00178793
011618b3
fff8c893
0112f8b3
01180023
00258593
fc0798e3
09452583
0026d693
f8b6f8e3
08d52a23
f89ff06f
012282b3
04d2f063
f6060ce3
00058513
00000097
abc080e7
f60504e3
00050493
00491613
00040593
0001f097
054080e7
00040513
00000097
c70080e7
00048413
f45ff06f
00d805b3
04d97263
01090833
00200613
08452783
00285893
011787b3
0007c883
00677293
0058d333
00337313
04031663
005612b3
00180813
0058e8b3
01178023
00270713
fcb866e3
09852603
00c5e463
00058613
08c52c23
00491513
41268633
00a40533
00461613
00000593
0001f097
10c080e7
ecdff06f
00422537
a6050513
00422637
b1760613
004226b7
b4768693
4eb00593
0001f097
d18080e7
00422537
a6050513
00422637
b1760613
004226b7
a8268693
4a100593
0001f097
cf4080e7
00422537
a6050513
00422637
b1760613
004226b7
b2268693
4a500593
0001f097
cd0080e7
fd010113
02112623
02812423
00050413
00c10513
fffff097
764080e7
00c12603
01012683
01412703
004225b7
b6958593
00040513
00001097
630080e7
01812783
01c12603
02012683
02412703
004225b7
b8b58593
00040513
02c12083
02812403
03010113
00001317
60030067
fc010113
02112e23
02812c23
02912a23
03212823
03312623
03412423
03512223
03612023
01712e23
01812c23
01912a23
01a12823
01b12623
0042ca37
190a0a13
08ca2603
00050413
004225b7
bd158593
00001097
5a8080e7
088a2503
00251513
1a050663
00000c93
08000a93
004224b7
bec48493
00422937
c0890913
00100b13
0042bbb7
600b8b93
0042bc37
1b4c0c13
004289b7
39398993
00200d13
03fcf593
08059263
000c8d93
02acfe63
084a2583
001c9613
000c8d93
002dd693
00d586b3
0006c683
00667713
00e6d6b3
0036f693
00069a63
001d8d93
00260613
fdb51ee3
00050d93
419d8633
03566463
00665613
00040513
00048593
00001097
500080e7
088a2503
fc0dfc93
00251513
10acf063
004c9613
00040513
00090593
00001097
4dc080e7
084a2503
002cd593
00b50533
00054503
001c9593
0065f593
00b55533
00357513
00ab4863
00051c63
02e00613
09c0006f
07a51663
03d00613
0900006f
08ca2503
004c9593
00b50533
00052503
05750c63
05850e63
0042b5b7
b2058593
04b50c63
05300613
0042b5b7
58058593
04b50e63
0042b5b7
5b058593
04b50863
0042b5b7
06858593
02b50c63
0042b5b7
2cc58593
02b50a63
06800613
0300006f
06d00613
0280006f
05400613
0200006f
04c00613
0180006f
04400613
0100006f
04200613
0080006f
04d00613
00040513
00098593
00001097
404080e7
088a2503
001c8c93
00251513
e8aceae3
0042a5b7
c9958593
00040513
03c12083
03812403
03412483
03012903
02c12983
02812a03
02412a83
02012b03
01c12b83
01812c03
01412c83
01012d03
00c12d83
04010113
00001317
d4030067
00001637
02058863
00b505b3
50560613
00054683
00561713
00c70633
00150513
00d64633
feb566e3
01061513
01055513
0080006f
50560513
00153593
00b50533
00008067
0042c537
19050513
0042c5b7
f8858593
02b52023
06052a23
00008067
10058063
fd010113
02112623
02812423
02912223
03212023
01312e23
01412c23
01512a23
01612823
01712623
01812423
00050493
0042c537
1b052903
0a090e63
00058413
00200993
00100a13
00492503
00c92b03
00000a93
04055a63
fffb0b93
053be663
00000a93
01490b13
015b8533
00155c13
002c1513
00ab0533
00052583
00048513
00040613
0001f097
e40080e7
00a05663
000c0a93
0080006f
000c0b93
415b8533
fcaa64e3
001b8b13
056af263
002a9513
00a90533
01450b93
01092503
01550533
00054503
00a41e63
000ba503
00048593
00040613
0001f097
d0c080e7
02050463
001a8a93
004b8b93
fd5b18e3
00092903
f4091ce3
00000513
01c0006f
00100513
00008067
00492503
00151513
00155513
01550533
02c12083
02812403
02412483
02012903
01c12983
01812a03
01412a83
01012b03
00c12b83
00812c03
03010113
00008067
ff010113
00112623
00812423
00050413
0001f097
cfc080e7
00050593
00040513
00c12083
00812403
01010113
00000317
00830067
fe010113
00112e23
00812c23
00912a23
01212823
01312623
01412423
01512223
00058413
00050493
00000097
e5c080e7
1a051263
10000513
1ca47063
0042ca37
190a0a13
074a2503
00140913
04050e63
07ca2583
078a2603
012586b3
08d67863
012605b3
00000613
fffff097
d9c080e7
02050063
078a2583
074a2503
012585b3
06ba2c23
02050263
07ca2583
0600006f
074a2503
07ca2583
00000613
fffff097
d68080e7
060a2a23
08000513
00090993
01256463
08000993
00098513
fffff097
cf4080e7
06aa2a23
00051e63
00090513
fffff097
ce0080e7
06aa2a23
14050263
00090993
00000593
073a2c23
80000637
00b509b3
012585b3
fff60913
06ba2e23
00098513
00048593
00040613
0001f097
9a8080e7
00898533
00050023
020a2503
00852483
00c52583
0095f663
01052603
0740006f
00149493
00a00513
00956463
00a00493
00249a93
009a8533
01450513
fffff097
c60080e7
0a050c63
00000593
020a2683
01550633
00452703
01460613
00d52023
00c52823
0046a783
00c6a683
80000837
01077733
00f686b3
0126f6b3
00d766b3
00d52223
00952423
00052623
02aa2023
00b60633
00860023
020a2503
00452603
00c52683
01267633
00259713
00e50733
00168693
00d52623
01372a23
00b60533
01c12083
01812403
01412483
01012903
00c12983
00812a03
00412a83
02010113
00008067
0042b537
f1850513
004225b7
21858593
0000b097
7e8080e7
060a2a23
00048513
0000d097
794080e7
00090513
0000d097
788080e7
ff010113
00112623
00a12423
00810513
00000097
070080e7
00812583
01052603
00b60633
00064683
00001637
02068e63
00259593
00b50533
01452503
00d505b3
50560613
00054683
00561713
00c70633
00150513
00d64633
feb566e3
01061513
01055513
0080006f
50560513
00153593
00b50533
00c12083
01010113
00008067
ff010113
00112623
00050593
00052603
0042c537
1b050513
00052503
00452683
00169693
0016d693
fed668e3
40d60633
00c5a023
00c52583
00b67863
00c12083
01010113
00008067
00422537
22650513
00422637
24260613
004226b7
24c68693
0c600593
0001e097
518080e7
ff010113
00112623
00a12423
00810513
00000097
f84080e7
01052503
00812583
00b50533
00054503
00c12083
01010113
00008067
ff010113
00112623
00a12423
00810513
00000097
f50080e7
00812583
00259593
00b50533
01452503
00c12083
01010113
00008067
ff010113
00112623
00812423
00058413
00a12223
00410513
00000097
f14080e7
00412583
01052603
00259693
00d50533
01452503
00b605b3
0005c583
00b42023
00c12083
00812403
01010113
00008067
fe010113
00112e23
00812c23
00912a23
01212823
01312623
01412423
01512223
00068413
00060493
00058913
00050993
00000513
0042c5b7
1b05aa03
0009a023
00092023
00062023
0006a023
060a0e63
0042cab7
f88a8a93
075a0863
0009a503
00150513
00a9a023
00ca2503
00092583
00a58533
00a92023
00ca2583
02058463
010a2503
0004a603
00b505b3
00054683
00150513
00c68633
00160613
00c4a023
feb566e3
000a0513
fffff097
37c080e7
00042583
000a2a03
00a58533
00a42023
000a0463
f95a1ce3
0004a583
00a58533
00a42023
01c12083
01812403
01412483
01012903
00c12983
00812a03
00412a83
02010113
00008067
ff010113
00112623
00812423
00050413
0015b513
00a58533
00a42023
00042223
fffff097
888080e7
00a42423
00040623
00c12083
00812403
01010113
00008067
ff010113
00112623
00812423
00912223
00058413
00050493
00158513
00153593
00b50533
00a4a023
0004a223
fffff097
83c080e7
0084a223
00a4a423
00048623
00c12083
00812403
00412483
01010113
00008067
00100693
00b52023
00052223
00c52423
00d50623
00008067
ff010113
00112623
00812423
00912223
00060413
00050493
0015b513
00a58533
00a4a023
0004a223
ffffe097
7d4080e7
00a4a423
00048623
00402537
9f050513
00942023
00a42223
00c12083
00812403
00412483
01010113
00008067
ff010113
00112623
00812423
00912223
01212023
00060413
00058493
00050913
00060593
00000097
19c080e7
00492503
00892583
00a58533
00048593
00040613
0001e097
57c080e7
00492503
00850533
00a92223
00c12083
00812403
00412483
00012903
01010113
00008067
ff010113
00112623
00812423
00050413
00c54503
00051863
00842503
ffffe097
7b4080e7
00042423
00c12083
00812403
01010113
00008067
ff010113
00112623
00812423
00912223
00050413
01000513
ffffe097
6e4080e7
00050493
00143513
00a40533
00a4a023
0004a223
ffffe097
6c8080e7
00a4a423
00048623
00048513
00c12083
00812403
00412483
01010113
00008067
04050063
ff010113
00112623
00812423
00050413
00c54503
00051863
00842503
ffffe097
71c080e7
00040513
00c12083
00812403
01010113
ffffe317
70430067
00008067
ff010113
00112623
00812423
00912223
00050413
00c54503
04051463
00058493
00042583
00842503
009585b3
ffffe097
684080e7
00042603
00c505b3
00960633
00c42023
00a42423
00058513
00c12083
00812403
00412483
01010113
00008067
0042b537
f1850513
00000593
0000b097
270080e7
00000317
00830067
ff010113
00112623
00812423
00912223
00050413
00452503
00042603
00b505b3
02b67663
00c44503
02051c63
00842503
ff85f593
01858493
00048593
ffffe097
5f8080e7
00942023
00a42423
00c12083
00812403
00412483
01010113
00008067
0042b537
f1850513
00000593
0000b097
1f4080e7
ff010113
00112623
00812423
00912223
00058413
00050493
00000097
f74080e7
0044a583
0084a503
00b50533
008585b3
00b4a223
00c12083
00812403
00412483
01010113
00008067
ff010113
00112623
00812423
00050413
00052583
00452503
00a59c63
00100593
00040513
00000097
ea4080e7
00442503
00842583
00a58533
00050023
00842503
00c12083
00812403
01010113
00008067
ff010113
00112623
00812423
00912223
00058413
00050493
00100593
00000097
ed8080e7
0044a503
0084a583
00a585b3
00150513
00a4a223
00858023
00c12083
00812403
00412483
01010113
00008067
ff010113
00112623
00812423
00912223
00058413
00050493
00100593
00000097
e88080e7
0044a503
0084a583
00a585b3
00150513
00a4a223
00858023
00c12083
00812403
00412483
01010113
00008067
ff010113
00112623
00812423
00912223
01212023
00058413
00050493
00058513
0001e097
37c080e7
00050913
00048513
00090593
00000097
e20080e7
0044a503
0084a583
00a58533
00040593
00090613
0001e097
200080e7
0044a503
01250533
00a4a223
00c12083
00812403
00412483
00012903
01010113
00008067
fe010113
00112e23
00812c23
00912a23
01212823
01312623
00060493
00050413
00452983
00058913
0135e463
00098913
00040513
00048593
00000097
da0080e7
00842583
012585b3
00958533
41298633
0001e097
184080e7
00442503
00842583
009504b3
01258533
00942223
01c12083
01812403
01412483
01012903
00c12983
02010113
00008067
00058613
00000593
00000317
00830067
ff010113
00112623
00812423
00912223
00060493
00452603
02c5fa63
00050413
00b486b3
02c6f263
00842503
00b50533
009505b3
40d60633
0001e097
104080e7
00442583
409585b3
00b42223
00c12083
00812403
00412483
01010113
00008067
00452603
40b605b3
00b63633
fff60613
00b675b3
00b52223
00008067
fd010113
00112a23
03012423
03112623
00c12c23
00d12e23
02e12023
02f12223
01810613
004026b7
9f068693
00c12423
00a12623
00d12823
00c10513
00000097
6f8080e7
01412083
03010113
00008067
ff010113
00112623
004026b7
9f068693
00a12223
00d12423
00410513
00000097
6c8080e7
00c12083
01010113
00008067
00058513
00060593
0001f317
5b830067
ff010113
00112623
00812423
00912223
01212023
00058413
00050913
00058513
0001e097
15c080e7
00050493
00050c63
00092503
00492683
00040593
00048613
000680e7
00048513
00c12083
00812403
00412483
00012903
01010113
00008067
fd010113
02112623
02812423
02912223
03212023
01312e23
01412c23
01512a23
01612823
01712623
01812423
00060493
00058913
00050413
00e103a3
40c78b33
0df77513
01000a93
02050463
00020537
e0050513
03000593
00a6f533
02b71063
00051e63
0042a9b7
22098993
06c0006f
0042a9b7
21098993
0600006f
02b71663
0000c5b7
e0058613
00c545b3
0015ba93
004a8a93
0042a5b7
22058593
00c50c63
01158513
0140006f
00710993
00100a93
0280006f
00c58513
0357e5b3
0015b593
00b787b3
0357e633
00bb0b33
fff64993
01550533
013509b3
0206f513
0c051a63
00000c13
00000a13
0016f693
000b0b93
02069e63
0d605a63
000b0b93
000b8a13
015be463
000a8a13
00042503
00442683
00098593
000a0613
000680e7
414b8bb3
fd704ee3
000c0b93
000b0a13
00048e63
00042503
00442683
00090593
00048613
000680e7
009a0a33
03705a63
000b8913
00090493
01596463
000a8493
00042503
00442683
00098593
00048613
000680e7
40990933
fd204ee3
017a0a33
000a0513
02c12083
02812403
02412483
02012903
01c12983
01812a03
01412a83
01012b03
00c12b83
00812c03
03010113
00008067
01fb5513
00ab0533
40155513
40ab0c33
00050b13
f2a04ae3
00000a13
000c0b93
f60490e3
f75ff06f
fa010113
04112e23
04812c23
04912a23
05212823
05312623
05412423
05512223
05612023
03712e23
03812c23
03912a23
03a12823
03b12623
00060a13
00058a93
ffe60593
0015d613
01f59593
00c5e5b3
00700613
3ab66c63
00050413
09900513
00b55533
00157513
3a050263
00088b93
00080c13
00078993
00070493
00068b13
001af513
02051863
002af513
00051a63
000aa503
0042b5b7
12458593
00b50c63
000a8513
0000e097
414080e7
00151513
00150a93
0214f513
0309c593
00b56533
000b8913
017c4463
000c0913
00050463
000c0913
00153c93
000a8513
00011097
754080e7
02810c13
02054463
0024f513
00051a63
0044f513
00050c63
02000513
0080006f
02b00513
02910c13
02a10423
0084f593
fffc8513
04058c63
01000593
02ba0c63
00800593
00ba0c63
00200593
04ba1063
03000593
001b0613
0240006f
03000593
0804f613
00bc0023
2a061663
001c0c13
01c0006f
03000593
017b0613
002c0693
00bc0023
00cc00a3
00068c13
01757bb3
000c0023
0094d513
01810593
00b12a23
01000593
00012623
00b12823
0104f593
000105a3
04059263
00200593
02bbde63
0ffb7813
0ff57893
01410513
01010593
00c10613
02810793
000a8693
000a0713
00011097
3d4080e7
00050a13
00000b13
00000c93
1500006f
02810c93
0ffb7813
0ff57893
01410513
01010593
00c10613
000a8693
000a0713
00000793
00011097
398080e7
00050a13
00054d03
02d00513
00ad1c63
00c12583
00a105a3
001a0a13
fff58593
00b12623
00200513
419c0ab3
00abd663
00000b13
08c0006f
00c12583
fd3d0513
00153513
00bbc463
000b8593
015585b3
00a58533
0104ed93
05255c63
0014f493
40a90cb3
04049863
0042a4b7
21048493
000c8b13
01000513
000b0993
00ab6463
01000993
00042503
00442683
00048593
00098613
000680e7
413b0b33
fd604ce3
00000b13
03000993
000d8493
0180006f
00000c93
ffedf493
03000993
000c8b13
00000c93
0104f513
04050c63
02d00513
02ad1063
00042503
00442683
00b10593
00100613
000680e7
001c8c93
fff90913
02810513
02ac0663
02810593
00100793
00040513
000a8613
00000693
00000713
00000097
b10080e7
01950cb3
41590933
00200513
00abc463
000b8913
00c12603
00040513
000a0593
00048693
00098713
00090793
00000097
adc080e7
019504b3
040b0663
05605063
0042a937
21090913
000b0a13
01000513
000a0993
00aa6463
01000993
00042503
00442683
00090593
00098613
000680e7
413a0a33
fd404ce3
0080006f
00000b13
009b04b3
01412503
01810593
00b50663
ffffe097
cc8080e7
00048513
05c12083
05812403
05412483
05012903
04c12983
04812a03
04412a83
04012b03
03c12b83
03812c03
03412c83
03012d03
02c12d83
06010113
00008067
00eb0593
002c0613
00bc00a3
00060c13
d69ff06f
00422537
25b50513
00422637
27a60613
004226b7
28a68693
0ed00593
0001d097
66c080e7
fe010113
00112223
01012c23
01112e23
00c12423
00d12623
00e12823
00f12a23
00810613
00c12023
00000097
014080e7
00412083
02010113
00008067
fa010113
04112e23
04812c23
04912a23
05212823
05312623
05412423
05512223
05612023
03712e23
03812c23
03912a23
03a12823
03b12623
00060e13
00058c13
00a12a23
00000d13
02c00913
02000993
02b00d93
00900313
00a00493
02500c93
03000a93
02d00a13
00000b13
000c0413
016c0bb3
000bc503
00050a63
01950863
001b0b13
00140413
fe9ff06f
037c7e63
01412583
0005a503
0045a683
000c0593
000b0613
000d0493
000e0d13
000680e7
000d0e13
00048d13
00a00493
00900313
016d0d33
0080006f
000c0b93
000bc503
4a050a63
01846463
00040c13
00000b13
001c0513
02000c13
00054583
00b94a63
03358263
03b59c63
00200593
0240006f
01458e63
03559463
03000c13
01000593
0100006f
00400593
0080006f
00100593
00bb6b33
00150513
fc1ff06f
00000b93
fd058613
02c36863
00050613
001b9513
003b9b93
00ab8533
00a586b3
00164583
00160513
fd058713
fd068b93
00050613
fc976ee3
02e00613
02c59263
00154583
02a00613
02c59063
000e2603
00254583
00250513
004e0e13
0480006f
fff00413
04c0006f
fd058613
00150513
02c36863
00000613
00161693
00361613
00d60633
00b60633
00154583
fd060613
fd058693
00150513
fe96e0e3
0080006f
00000613
00c026b3
40d00433
00c47433
f9458593
0015b593
00b507b3
0007c503
06200593
06a5d663
f9050593
00800613
0ab66863
00259593
0042a637
1e460613
00b605b3
0005a583
00058067
00f12823
01c12423
000e2503
01810593
fffff097
f58080e7
01812603
00050593
00044863
00c47663
00812c23
00040613
00812403
00440413
0ffc7713
01412503
1a00006f
05700593
00a5ca63
0d950663
05000593
04b50863
3100006f
05800593
04b50263
06200593
34b51263
00f12823
000e2503
004e0413
0ffc7713
14050a63
00400613
01412503
004225b7
2bd58593
1500006f
06300593
0eb50e63
06400593
30b51663
f9c50593
f8b50613
0015b593
00163613
00c5e5b3
00059663
01000613
0080006f
00a00613
01810393
000e2703
020105a3
00100593
06400693
01a12623
00f12823
02d51263
04074e63
002b7693
06069663
004b7693
10069263
00000793
10071863
1580006f
00000793
00000693
10071063
1480006f
01412583
0005a503
0045a683
00100613
00078593
000e0413
00078c13
000680e7
00900313
001d0d13
1c80006f
00000593
02d00693
40e00733
02d105a3
00100793
0b80006f
02b00693
0a00006f
00f12823
01a12623
01c12423
000e2d03
0ffc7c93
18040e63
180d1c63
00600613
01412503
004225b7
2c858593
1b00006f
000e2503
004e0413
00a10c23
0ffc7713
01810593
00100613
01412503
000b0693
00078c13
000b8793
fffff097
5e8080e7
00900313
01a50d33
13c0006f
00500613
01412503
004225b7
2c258593
000b0693
000b8793
fffff097
5bc080e7
01a50d33
00900313
10c0006f
02000693
00000593
02d105a3
00100793
04070863
0f057513
0e750513
02710813
02c758b3
02c882b3
405702b3
00536663
03028293
0080006f
005502b3
00580023
fff80c93
00c76a63
0103b2b3
000c8813
00088713
fc0296e3
001c8c93
00c0006f
035103a3
02710c93
010b7513
02051263
0193b533
00a7f533
00050e63
00000d13
fffc8513
fedc8fa3
00050c93
0400006f
00058663
00000d13
0340006f
0ffc7713
02b10593
00100613
00100793
01412503
000b0693
000e0413
fffff097
4f0080e7
00040e13
00050d13
fffb8b93
004e0413
02810513
41950633
0ffc7713
01412503
000c8593
000b0693
000b8793
fffff097
4bc080e7
00c12583
00bd0d33
00ad0d33
00900313
02500c93
01012c03
001c0c13
00040e13
b41ff06f
000d0513
0001d097
5a8080e7
00050613
00040513
00c46463
00060513
00044463
00050613
01412503
000d0593
000b0693
000c8713
000b8793
fffff097
458080e7
00812403
00440413
00c12d03
01a50d33
f99ff06f
04051263
000d0513
05c12083
05812403
05412483
05012903
04c12983
04812a03
04412a83
04012b03
03c12b83
03812c03
03412c83
03012d03
02c12d83
06010113
00008067
00422537
25b50513
00422637
2cf60613
004226b7
2da68693
26d00593
0001d097
048080e7
07f00593
02a5e063
0042a5b7
23758593
00a58533
00054503
01e51513
01f55513
00008067
00000513
00008067
07f00593
02a5e063
0042a5b7
23758593
00a58533
00054503
01c51513
01f55513
00008067
00000513
00008067
fd050513
00a53513
00008067
07f00593
02a5e063
0042a5b7
23758593
00a58533
00054503
01951513
01f55513
00008067
00000513
00008067
07f00593
02a5e663
0042a5b7
23758593
00a585b3
0005c583
fa150513
00c5f593
00b035b3
00153513
00b56533
00008067
00000513
00008067
07f00593
02a5e063
0042a5b7
23758593
00a58533
00054503
00c57513
00a03533
00008067
00000513
00008067
fbf50513
01a53513
00008067
f9f50513
01a53513
00008067
fbf50593
01a5b593
00559593
00b50533
00008067
f9f50593
01a5b593
40b005b3
fe05f593
00b50533
00008067
fd050513
00900593
00a5f663
fdf57513
ff950513
00008067
fe010113
00112e23
00812c23
00912a23
01212823
01312623
00068413
00060493
00058913
00050993
01000513
ffffd097
40c080e7
009904b3
004035b7
dd858593
00403637
dfc60613
00852023
01252223
01252423
00952623
00a9a023
00b9a223
00c9a423
01c12083
01812403
01412483
01012903
00c12983
02010113
00008067
00852583
00c52603
00c5fa63
00158613
00c52423
0005c503
00008067
fff00513
00008067
ff010113
00112623
00812423
00050413
00052503
00150513
00200593
00b56863
00442503
ffffd097
40c080e7
00040513
00c12083
00812403
01010113
ffffd317
3f430067
00452603
004036b7
dd868693
00d61a63
00052603
00062503
fff00693
00d50663
00000513
00008067
00862503
00b505b3
00b62423
00008067
fc010113
02112e23
02812c23
02912a23
03212823
03312623
03412423
03512223
03612023
01712e23
01812c23
01912a23
01a12823
01b12623
00050413
04052223
00100593
00001097
93c080e7
01842603
01c42683
02042583
02c42a23
02d42c23
0005ca63
04058e63
00500513
fff58593
00c0006f
00600513
00158593
02b42023
02a42e23
03c12083
03812403
03412483
03012903
02c12983
02812a03
02412a83
02012b03
01c12b83
01812c03
01412c83
01012d03
00c12d83
04010113
00008067
08050863
00040513
00000593
00001097
8b4080e7
02c42583
03042503
01c42483
00159693
00d506b3
ffe6d603
00400713
fff48493
02e42e23
f8c486e3
50967c63
02842603
02c5e463
00161593
01058593
ffffd097
25c080e7
02842603
02c42583
00860613
02c42423
02a42823
02042603
00159693
00d50533
00158593
00160613
02c42023
02b42623
00951023
f39ff06f
01042903
3c090a63
04040493
00040513
00001097
8f0080e7
3c050463
02042e23
05c00c13
0ff00c93
00a00b13
01042503
07500593
04b50663
07200593
02b50463
06200593
04b51663
00000513
01444583
f8e58593
0015b913
00b00593
00090d93
0400006f
00000513
01444583
f9e58593
0015b913
00a90593
00100d93
0240006f
00000513
00000913
00000d93
0100006f
00000913
00000d93
00100513
00a00593
03c42603
00060863
e8b616e3
00050863
0280006f
02b42e23
02051063
00040513
00001097
8d8080e7
00090863
00040513
00001097
8c8080e7
01042503
02200913
01250463
02700913
00040513
00001097
8ac080e7
01042a03
032a1c63
01444503
05251663
00040513
00001097
890080e7
00040513
00001097
884080e7
01042503
00300b93
00051c63
00000993
2700006f
00100b93
000a0513
fe0a08e3
012a45b3
0015ba93
00050a13
00c0006f
00000a93
00100b93
00000993
000a9463
236a0e63
2379fc63
012a1e63
00198993
00048513
00090593
fffff097
bd0080e7
0500006f
038a1c63
00040513
00001097
810080e7
01042983
040d8863
05c00593
00048513
fffff097
ba4080e7
073ce463
00048513
00098593
00c0006f
0ffa7593
00048513
fffff097
b34080e7
00000993
00040513
00000097
7c8080e7
01042a03
f60a1ee3
1b80006f
06100513
03354c63
04d00513
05355c63
05b00513
09355063
fb8988e3
06100513
12a99c63
00700993
fa1ff06f
00000993
00100513
02a42e23
fb1ff06f
f9298513
02ab6e63
00251513
0042a5b7
2b858593
00a58533
00052503
00050067
00a00993
f69ff06f
f96980e3
02200513
f4a98ee3
02700513
f4a98ae3
0e00006f
06200513
0ca98463
06600513
0ca99863
00c00993
f39ff06f
05500513
0aa99c63
03c42503
00b00593
00b51c63
05c00593
00048513
fffff097
ab0080e7
f11ff06f
07500513
00a98663
00800d13
0080006f
00400d13
07800513
00a99463
00200d13
00000993
00040513
00000097
6d0080e7
01042a03
000a0513
00000097
9cc080e7
02050263
fffd0d13
00499993
000a0513
00000097
a88080e7
013509b3
fc0d14e3
ea9ff06f
00000993
00100513
02a42e23
e9dff06f
00d00993
e95ff06f
00900993
e8dff06f
00b00993
e85ff06f
00800993
e7dff06f
04e00513
4ea98463
ff89f513
03000593
e4b51ae3
01444503
0f857513
fd098993
03000593
e4b51ae3
ffd00a13
001a0a13
e40a02e3
00040513
00000097
62c080e7
01042503
01444583
00399993
00a98533
0f85f593
fd050993
03000513
fca588e3
e15ff06f
0179f663
00300513
02a42e23
00048513
00098593
fffff097
b5c080e7
00100593
00040513
00000097
474080e7
00040513
00000097
538080e7
c4051ee3
b61ff06f
02042e23
b59ff06f
00090513
00000097
888080e7
01042583
10050463
00700513
02a42e23
0ff5f593
00048513
fffff097
8f0080e7
00040513
00000097
588080e7
01042503
04050e63
05f00913
07f00993
00000097
844080e7
01042583
02051063
01258e63
00b9ec63
00058513
00000097
854080e7
02050663
01042583
0ff5f593
00048513
fffff097
898080e7
00040513
00000097
530080e7
01042503
fa051ae3
00048513
fffff097
828080e7
00050493
00000513
0042a937
2e490913
02100993
00092583
00050a13
00048513
0001d097
cb4080e7
08050463
a80542e3
001a0513
00490913
fd3a6ee3
a75ff06f
02c4f463
02042503
ffc68693
0006d603
fff58593
fff50513
ffe68693
fec4e8e3
02a42023
02b42623
a4c484e3
00200513
a3dff06f
05f00513
eea58ce3
08000513
eea5f8e3
00058513
fffff097
78c080e7
04050263
01042583
02e00513
0aa59663
00000913
00900513
02a42e23
1100006f
00da0513
00300593
02a42e23
9eba1ae3
0042c537
21052503
06050c63
00d00513
9ddff06f
01042503
02e00593
00b51c63
01444503
fffff097
730080e7
fa0514e3
01042503
00422937
30190913
02800993
00100493
06500593
06300613
07350863
00b98463
00c99463
00190913
00194983
00190913
00148493
fe0992e3
00040513
00000097
3e4080e7
00100513
971ff06f
00f00513
969ff06f
00800513
03000613
02a42e23
06c59263
01444503
06100613
00100913
14a64063
04200613
04c50863
04f00613
04c50463
13c0006f
00040513
00000097
394080e7
02e00513
12a98c63
02100513
16a99263
01042503
03d00593
f8b51ce3
00040513
00000097
36c080e7
03600513
8f9ff06f
00000913
00048513
ffffe097
700080e7
00040513
00000097
348080e7
01042583
8c058ce3
02e00993
06a00a13
04a00a93
00900b13
05f00b93
06500c13
02b00c93
02d00d13
02091e63
0205e513
03851a63
03642e23
06500593
00048513
ffffe097
6ac080e7
00040513
00000097
2f4080e7
01042583
05958a63
05a58863
0680006f
00058513
fffff097
5ac080e7
00051a63
01042503
fffff097
5c8080e7
00050c63
01042583
03358063
01458e63
01558c63
0180006f
01042583
01358663
83759ee3
0140006f
03642e23
00048513
ffffe097
63c080e7
00040513
00000097
284080e7
01042583
f60590e3
811ff06f
06200613
f0c50ae3
06f00613
f0c506e3
0df57513
fa850513
00153913
efdff06f
01042583
08a59063
01444503
02e00593
06b51a63
00040513
00000097
238080e7
00040513
00000097
22c080e7
00c00513
fb8ff06f
fff48513
00190913
06500993
06300a13
00094a83
013a8463
054a9263
00194583
01042603
00b61e63
00040513
00000097
1f0080e7
00048513
033a8063
0080006f
014a8e63
00290913
00148493
fc5ff06f
05900513
f60ff06f
00048513
0042a5b7
36c58593
00a585b3
0005c583
00500613
02b42e23
f4a66263
01500593
00a5d533
00157513
00050863
02442503
00150513
00c0006f
02442503
fff50513
02a42223
f18ff06f
00422537
34650513
0000b097
62c080e7
fe010113
00112e23
00812c23
00912a23
01212823
01312623
01412423
00058413
00050493
00a00913
05c00993
02300a13
0104a503
03250e63
06050c63
fffff097
3d4080e7
04051863
0104a503
03350a63
05451e63
00048513
00000097
110080e7
0104a503
fc0506e3
fd2504e3
fe9ff06f
02040263
0244a503
02050663
0180006f
0144c503
03251463
00048513
00000097
0dc080e7
00048513
00000097
0d0080e7
f91ff06f
00100513
0080006f
00000513
01c12083
01812403
01412483
01012903
00c12983
00812a03
02010113
00008067
00050593
01052603
f9e60693
01300713
00100513
04d76463
00090737
00170713
00d756b3
0016f693
02068a63
0145c683
02200713
06e68063
02700713
04e68c63
06200513
02a60863
07200513
02a61063
06200513
00a69c63
0240006f
02200593
02b60a63
02700593
02b60663
00000513
00008067
07200513
fea69ae3
0155c503
fd950593
fde50513
0015b593
00153513
00a5e533
00008067
ff010113
00112623
00812423
00912223
01212023
00050413
01052503
00900593
02b50263
00a00593
02b51663
01842503
00100593
00150513
00a42c23
00b42e23
0200006f
01c42503
00750513
ff857513
0080006f
01c42503
00150513
00a42e23
01444503
01544583
00d00493
00a42823
00b40a23
00a00913
00442503
00842583
000580e7
01444603
00153593
00b505b3
02961463
00150513
00153513
fff50513
00b57533
01240a23
fd2508e3
02051663
00a00613
00c0006f
fff00693
00d51e63
00163513
ff660613
00163593
00b56533
fff50513
00a57593
00b40aa3
00c12083
00812403
00412483
00012903
01010113
00008067
ff010113
00112623
00812423
00912223
01212023
00058493
00050913
05000513
ffffc097
71c080e7
00050413
01252023
0004a503
00a42223
0044a503
00a42423
0084a503
00100493
ffe00593
00a00613
00a42623
00942c23
00b42e23
02042023
02042223
02c42423
02942623
01400513
ffffc097
6cc080e7
02a42823
04040513
02000593
ffffe097
e10080e7
03042503
00051023
00042823
00041a23
00040513
00000097
e6c080e7
00040513
00000097
e60080e7
00040513
00000097
e54080e7
00040513
fffff097
360080e7
03842503
00950c63
03c42503
00400593
00b50663
00500513
02a42e23
00040513
00c12083
00812403
00412483
00012903
01010113
00008067
fe010113
00112e23
00812c23
00050413
00c10513
fffff097
1ec080e7
00c12503
01012583
01412603
00a12023
00b12223
00c12423
00010593
00040513
00000097
ec0080e7
01c12083
01812403
02010113
00008067
04050863
ff010113
00112623
00812423
00050413
00452503
00c42583
000580e7
04040513
ffffe097
e8c080e7
03042503
ffffc097
650080e7
00040513
00c12083
00812403
01010113
ffffc317
63830067
00008067
f2650593
fff50513
0015b593
00153513
00a5e533
00008067
0fa00593
00b51663
00100513
00008067
00253593
0015c593
00b57533
00008067
00052683
02068a63
0036f713
02071063
0046a703
0ff77793
00b79a63
00868693
00d62023
00875513
00008067
00a62023
00100513
00008067
00000513
00062023
00008067
f8010113
06112e23
06812c23
06912a23
07212823
07312623
07412423
07512223
07612023
05712e23
05812c23
05912a23
05a12823
05b12623
00058913
00050413
010004b7
00001ab7
00404537
bac50513
04a12223
04812423
0040d5b7
d1c58593
03c10513
ffffc097
358080e7
04000513
00a12a23
00012c23
20000513
ffffc097
498080e7
02000593
00a12e23
02b12023
02012223
08000513
ffffc097
47c080e7
02a12423
02812623
02012a23
02012c23
01212423
00091663
03800613
0140006f
ffe90513
00a03533
fff50513
03a57613
03442583
fff48493
00912823
fffa8b93
01410513
00000693
00001097
878080e7
00000613
0042ac37
3acc0c13
00100c93
0000fd37
01812583
01c12983
40b00533
00359593
00b985b3
ffc58593
fff64693
5c050863
ffc5aa03
0005ab03
018a5913
012c0733
00074d83
01ad9713
01e75713
0b971063
01603733
00150513
00e6f733
ff858593
fc0716e3
40a005b3
00fdf513
00b12c23
00100613
f8ab7ee3
00000693
01012583
00ba75b3
0042a737
44f70713
01270733
00074703
06593793
0017c793
00879793
00f76733
001b1793
0042a837
4f280813
00f807b3
00171713
00e78733
40ab07b3
00075983
01a9f833
37581863
03c42803
01499993
0149d893
3f180c63
fff68693
00270713
f2d786e3
fd9ff06f
00200593
0ab70263
00300593
5cb71063
fff54513
01012583
00ba7733
0042a5b7
44f58593
012585b3
00a12c23
0005c503
06593593
0015c593
00959593
00151513
00a5e533
00167613
0042a4b7
4f248493
00a484b3
2c061063
00e12623
001df993
0169f533
00151593
00b485b3
0005da03
01aa75b3
27559a63
03c42583
017a7633
28c59663
00051863
01410513
00000097
794080e7
00040513
fffff097
f84080e7
001b0b13
fbdff06f
fff54513
0042a5b7
44f58593
012585b3
00a12c23
0005c503
06593593
0015c593
00859593
00b56533
00151513
00167613
0042a5b7
4f258593
00a58533
00a12623
06060263
5a0b0c63
001b1513
00c12583
00a58533
ffe55503
01a57533
000035b7
1eb51c63
02012983
02412483
02812503
0334e063
00299593
04058593
ffffc097
264080e7
01098993
03312023
02a12423
00148593
00249493
02b12223
00950533
00052023
00fdf493
01012503
00aa7533
00a12223
049b7c63
001b1993
00c12503
013509b3
0009da03
01aa7533
29551863
03c42583
017a7533
2aa59a63
00700593
00b51863
01410513
00000097
690080e7
00040513
fffff097
e80080e7
001b0b13
00298993
fd6490e3
0080006f
509b1a63
00812503
02050463
00500513
02a91063
02412503
46050663
02812583
00251613
00c585b3
ffc5a603
2a060e63
18048c63
00000513
00000a13
02412583
02812603
00149693
00c12703
00d706b3
00259713
00e60633
ffe68693
0006d703
01a777b3
01579e63
01777733
00700793
02f71863
001a0a13
00150513
0240006f
40ba7263
fffa4713
00271713
00e60733
00072703
00e03733
00e50533
001a0a13
fff48493
ffe68693
fa049ae3
040df593
10058e63
11951c63
02412483
02812503
00000913
020a0863
00249593
00b505b3
ffc58593
3c048a63
0005a603
00060463
00060913
fff48493
fffa0a13
ffc58593
fe0a12e3
02012983
0334e063
00299593
04058593
ffffc097
0d0080e7
01098993
03312023
02a12423
00000613
00148593
02b12223
00249493
00950533
01252023
c41ff06f
00002537
30a59263
001b0693
01410513
00c12583
1140006f
00100613
c2cb00e3
3e40006f
001b0b13
00c12703
00fdf513
00100613
00200593
00b51a63
c0cb00e3
00000513
420b0863
11c0006f
becb08e3
001b7593
10059263
400b0e63
00000513
1040006f
00002637
2cc81263
40db06b3
00168693
00a6fa63
01410513
00090613
00000097
418080e7
01410513
00098593
0ac0006f
00000a13
018d9d93
418dd513
04055463
02012983
02412483
02812503
0334e063
00299593
04058593
ffffc097
fe4080e7
01098993
03312023
02a12423
00148593
00249493
02b12223
00950533
00052023
001a0a13
01410513
00412583
00090613
000a0693
0ac0006f
01410513
00000097
438080e7
00040513
fffff097
c28080e7
00000613
b25ff06f
001b0693
01410513
00412583
00090613
00000097
36c080e7
01410513
000a0593
00000097
58c080e7
00000613
af5ff06f
00100613
ae0b06e3
2b40006f
00300593
2ab51463
00100513
001df593
fffb0693
00058a63
0024d583
01a5f5b3
01559463
001b5693
01969c63
00000613
aa050ae3
01410513
00100693
0080006f
01410513
00070593
00090613
00000097
648080e7
00000613
a8dff06f
19950e63
ff85a583
0035f613
04060863
00f5f693
00200713
04e68263
ffe50513
02a12223
01410513
00800593
00001097
884080e7
00050913
00412503
00a92023
00800513
00a92223
02012983
02412483
02812503
dd34f0e3
dd9ff06f
ce0586e3
ce0614e3
0045c583
03500613
ccc59ee3
fadff06f
03812483
02048863
0044a583
00858593
00048513
00000613
ffffc097
ea0080e7
0044a503
03412583
00a4a023
00b4a223
02912a23
03c42583
1a059463
02412503
1a050063
00100593
12b51463
02812403
00042483
00098513
ffffc097
e68080e7
00040513
ffffc097
e5c080e7
00100513
ffffc097
c74080e7
03412583
00048513
07c12083
07812403
07412483
07012903
06c12983
06812a03
06412a83
06012b03
05c12b83
05812c03
05412c83
05012d03
04c12d83
08010113
00008067
00422537
3bd50513
00422637
3da60613
004226b7
40668693
4e900593
0001c097
804080e7
00422537
3bd50513
00422637
3da60613
004226b7
43768693
52100593
0001b097
7e0080e7
00422537
3bd50513
00422637
3da60613
004226b7
3e368693
46a00593
0001b097
7bc080e7
00422537
3bd50513
00422637
54860613
004226b7
55468693
22200593
0001b097
798080e7
00422537
3bd50513
00422637
57360613
004226b7
57e68693
21d00593
0001b097
774080e7
00422537
3bd50513
00422637
3da60613
004226b7
4b968693
56c00593
0001b097
750080e7
00422537
3bd50513
00422637
3da60613
004226b7
3f968693
47900593
0001b097
72c080e7
00422537
3bd50513
00422637
3da60613
004226b7
3ff68693
4a600593
0001b097
708080e7
03c42583
00500613
0042b537
f8450513
00c58c63
00200613
00c59e63
004225b7
47c58593
0200006f
004225b7
46a58593
0140006f
0042b537
f6050513
004225b7
4aa58593
0000e097
f38080e7
00042583
03442603
00050413
00000693
0000e097
448080e7
00040513
ffffc097
b58080e7
00422537
3bd50513
00422637
3da60613
004226b7
46368693
52800593
0001b097
674080e7
fe010113
00112e23
00812c23
00912a23
01212823
01312623
00068413
00060493
00050913
00052683
00452603
00852503
00058993
02d66463
00369693
08068593
ffffc097
bc8080e7
00092583
00492603
01058593
00b92023
00a92423
00160593
00361613
00899993
01849493
00b92223
00c50533
0089d593
00b4e5b3
00b52023
00852223
01c12083
01812403
01412483
01012903
00c12983
02010113
00008067
fe010113
00112e23
00812c23
00912a23
01212823
01312623
00050413
01852483
03c4a503
ff950593
00400613
0eb66063
00259593
0042a537
39850513
00b50533
00052503
00050067
0444a583
0484a503
ffffd097
d54080e7
00451513
00250913
1080006f
0444a583
0484a503
00013097
788080e7
0c80006f
0444a583
0484a503
00100613
00048693
00008097
310080e7
0ac0006f
0444a583
0484a503
00a00613
06b66c63
ffffd097
d00080e7
06050c63
00451513
00650913
0b00006f
0444a583
0484a503
00000613
00048693
00008097
074080e7
00050913
00157513
08051663
0344a483
00c00593
00040513
00000097
440080e7
13500593
00952023
00b52223
01252423
00050913
0600006f
00451513
00a50913
0540006f
ffffd097
b10080e7
f80518e3
0444a603
0484a583
0042b537
58050513
00011097
298080e7
0344a983
00050493
00c00593
00040513
00000097
3e0080e7
00050913
13500513
01392023
00a92223
00992423
00040513
00090593
01c12083
01812403
01412483
01012903
00c12983
02010113
00000317
06830067
0000e637
000016b7
00c5f633
00d66633
000036b7
02d61063
01852603
03462683
0ff5f613
00068593
00000693
00000317
da430067
ff010113
00112623
00422537
3bd50513
00422637
4d660613
004226b7
4e968693
13f00593
0001b097
3e4080e7
ff010113
00112623
00812423
00912223
00050413
00c52683
01052603
01452503
00058493
02d66463
00269693
04068593
ffffc097
948080e7
00c42583
01042603
01058593
00b42623
00a42a23
00160593
00261613
00b42823
00c50533
00952023
00c12083
00812403
00412483
01010113
00008067
01052583
02058063
01452603
00259693
fff58593
00b52823
00c68633
ffc62503
00008067
ff010113
00112623
00422537
3bd50513
00422637
57360613
004226b7
57e68693
21d00593
0001b097
320080e7
fe010113
00112e23
00812c23
00912a23
01212823
01312623
01412423
01512223
00068913
00060493
00058993
08f00593
00050413
0ab60063
08b00513
04a48063
02a00513
08a49a63
01042503
16050c63
01442583
00251513
00a58533
ffc52503
06050c63
00357593
12059c63
00454503
08b00593
06b50263
1280006f
00200513
16a91463
01042503
12050e63
01442583
00251513
00a58533
ffc52a03
00200913
020a0c63
003a7513
02051863
004a4503
08f00593
0ab50e63
08e00593
00b51e63
00040513
00000097
eec080e7
00100913
0080006f
00190913
00291a93
008a8593
00040513
00000097
194080e7
00050a13
00891513
00956533
013a2023
00aa2223
02090463
014a89b3
00498993
00040513
00000097
ea0080e7
fff90913
00a9a023
ffc98993
fe0914e3
08f00513
00a49a63
00040513
000a0593
00000097
e04080e7
00040513
000a0593
01c12083
01812403
01412483
01012903
00c12983
00812a03
00412a83
02010113
00000317
dd430067
00040513
00000097
e3c080e7
01042503
04050263
01442583
00251513
00a58533
ffc52503
06aa1c63
08b00513
00aa0223
01c12083
01812403
01412483
01012903
00c12983
00812a03
00412a83
02010113
00008067
00422537
3bd50513
00422637
54860613
004226b7
55468693
22200593
0001b097
138080e7
00422537
3bd50513
00422637
59b60613
004226b7
5ac68693
3dd00593
0001b097
114080e7
00422537
3bd50513
00422637
59b60613
004226b7
5ba68693
3e800593
0001b097
0f0080e7
ff010113
00112623
00812423
00912223
00050413
00452503
00050c63
00452483
ffffb097
6ac080e7
00048513
fe0498e3
00042223
00c12083
00812403
00412483
01010113
00008067
fe010113
00112e23
00812c23
00912a23
01212823
01312623
00050913
02452483
00058413
06048663
0044a583
0004a503
008585b3
08b57463
00a40533
00850593
00048513
00000613
ffffb097
634080e7
00050a63
0004a503
00850533
00a4a023
05c0006f
0044a583
00858593
00048513
00000613
ffffb097
608080e7
0044a503
02092583
00a4a023
00b4a223
02992023
01000513
00040993
00856463
01000993
00898513
ffffb097
544080e7
00050493
01352023
00052223
02a92223
0044a583
00b48533
00850513
008585b3
00b4a223
01c12083
01812403
01412483
01012903
00c12983
02010113
00008067
fe010113
00112e23
00812c23
00912a23
01212823
01312623
00060493
00058913
00050993
03000513
ffffb097
520080e7
00050413
00700513
01342023
01242623
00a98663
00100513
00a99e63
06090a63
00397513
06051663
00892503
00455513
0140006f
0042b537
83a50513
01350533
00054503
00a41a23
00008097
d3c080e7
00400593
00a42823
00941c23
02b41323
02000513
ffffb097
468080e7
02a42623
00040513
01c12083
01812403
01412483
01012903
00c12983
02010113
00008067
00422537
5d750513
00422637
5f460613
004226b7
5fe68693
03a00593
0001b097
ed8080e7
ff010113
00112623
00812423
00050413
02c52503
ffffb097
4a0080e7
00040513
00c12083
00812403
01010113
ffffb317
48830067
ff010113
00112623
00812423
00912223
01212023
00060493
00050913
02855603
00058413
02060063
02c92503
00060593
00452683
06868463
fff58593
00850513
fe0598e3
02695583
00b67663
02c92503
02c0006f
02c92503
00359593
03058593
ffffb097
3d8080e7
02691583
02895603
00658593
02b91323
02a92623
00160593
00361613
02b91423
00c50533
00950023
000500a3
00051123
00852223
00c12083
00812403
00412483
00012903
01010113
00008067
02855603
00060e63
02c52503
00452683
00b68a63
fff60613
00850513
fe0618e3
00000513
00008067
00050693
00452503
fe051ce3
0286d603
00060e63
02c6a503
00452683
00b68a63
fff60613
00850513
fe0618e3
00000513
00008067
ff010113
00112623
00812423
00912223
01212023
00452503
0c050c63
00452703
0c070863
0045a403
00450493
00050793
0287d683
00070613
02068063
02c7a703
00470713
00072783
02878063
fff68693
00870713
fe0698e3
00462703
00060793
fc0718e3
08c0006f
ffc74603
ffc60613
00200693
06c6ee63
00600913
01258023
00040593
00000613
00000097
e68080e7
00050593
00054503
02051e63
0004a503
00452603
01258023
00450493
fc061ae3
00422537
5d750513
00422637
61a60613
004226b7
63668693
07700593
0001b097
cc0080e7
ffb50613
00200693
00d66a63
00400613
02c51263
00500513
00a58023
00c12083
00812403
00412483
00012903
01010113
00008067
00422537
5d750513
00422637
61a60613
004226b7
64868693
08400593
0001b097
c68080e7
f8010113
06112e23
06812c23
06912a23
07212823
07312623
07412423
07512223
07612023
05712e23
05812c23
05912a23
00060913
00058a13
00050493
01000513
ffffb097
168080e7
0042c5b7
19c5a583
00050413
00b52223
00410513
05000613
00000593
0001b097
fc8080e7
fff00513
02c10993
01210223
00a12c23
03810913
00100593
00100a93
00090513
0000b097
a9c080e7
003a1593
00258593
00100613
00090513
0000b097
b80080e7
01552223
04410513
00000593
00010097
8b4080e7
0004a583
00000513
00000613
00000097
be0080e7
00050913
02412583
02012503
00b92223
00092423
00050c63
00050593
00852503
fe051ce3
0125a423
0080006f
03212023
00098513
00006097
c8c080e7
00050993
00000593
02012a83
00812503
03312423
080a8663
08051463
00000b93
00100b13
00410513
00100613
000a8593
00000097
520080e7
028ad503
04050063
00000c13
00000c93
02caa583
018585b3
0005c603
01661a63
000a8513
00000097
d68080e7
028ad503
001c8c93
01051593
0105d593
008c0c13
fcbce8e3
01012583
00bbe463
000b8593
008aaa83
00812503
000a8663
00058b93
f80506e3
02012a83
220a8463
22051263
00600513
ffe00613
00400693
00500713
00100793
00a00813
00300893
016ad283
0042f293
06028c63
028ad383
06038863
00000313
02caa283
00339e13
01c282b3
00138393
ff828293
0012ce03
002e7e93
020e9463
00031a63
fffe0e13
01c03333
fff30313
00537333
fff38393
ff828293
fc77ece3
0280006f
02030263
0002a383
0042ae03
00032e83
00432f03
00732023
01c32223
01d2a023
01e2a223
028ad303
020a9023
00000293
08030c63
02caa383
000aae03
00038e93
00030f13
000e0863
00fe1a63
004eaf83
030f8c63
000ecf83
0140006f
000ecf83
00ff9663
011e8023
0080006f
00df8863
001ecf83
001fff93
000f8863
005e9123
00128293
025a9023
ffff0f13
008e8e93
fa0f1ae3
00238393
00331e13
01c38e33
ffe3ce83
00ee9e63
fff3ce83
001efe93
000e9863
00539023
00128293
025a9023
00838393
fdc39ee3
004aa383
0c038663
0283de03
0c0e0263
00000e93
02c3af03
00000393
04030c63
003e9f93
01ff0fb3
000fcb03
ff9b0b13
04cb6263
02caab03
002b0b13
00030b93
ffeb4c03
02ac1263
004fac03
002b2c83
019c1c63
fffb4c03
001c7c13
260c1e63
007b1023
00138393
fffb8b93
008b0b13
fc0b98e3
001e8e93
fbce92e3
04705a63
02030e63
02caae03
002e0e13
00331313
006e0333
ffee4e83
00ae9863
fffe4e83
001efe93
000e8863
000e1e83
007e8eb3
01de1023
008e0e13
fc6e1ee3
01aa9303
005382b3
00730333
006a9d23
025a9023
008aaa83
000a8663
00812283
e00280e3
00098513
00006097
9e8080e7
02012a83
060a8463
00812503
06051463
03312423
00410513
00200613
000a8593
00000097
25c080e7
00812503
02051c63
00410513
00300613
000a8593
00000097
240080e7
00812503
00051e63
00410513
00400613
000a8593
00000097
224080e7
fe0506e3
008aaa83
fa0a90e3
00812503
04050463
02412583
00c5a683
00c12603
00068c63
0036f713
00e66733
00071663
0006a603
00c12623
0145d683
000a0593
0000d097
580080e7
00812503
01092a03
00050663
0b40006f
01092a03
03812503
04c12583
00255513
ffe57513
00350a93
002ad513
00b50533
00251513
ffffb097
ce8080e7
03c12583
ffcaf613
00c50633
00a42423
00c42623
04058063
04012603
00359693
00460593
00d58633
00400693
ffc5a703
00476793
00d78c63
0005a783
00375713
ffe7f793
00f507b3
00e79023
00858593
fcc59ee3
04c12583
02058663
00000513
00259593
05012603
00c42683
00a60633
00062603
00a686b3
00450513
00c6a023
feb512e3
00098513
00006097
8a8080e7
00048513
fffff097
61c080e7
00090e63
00892483
00090513
00000097
820080e7
00048913
fe0496e3
00812503
06051a63
000a0513
00040593
00000613
00007097
510080e7
07c12083
07812403
07412483
07012903
06c12983
06812a03
06412a83
06012b03
05c12b83
05812c03
05412c83
08010113
00008067
00422537
68750513
00423637
1a460613
004236b7
1b968693
000015b7
d8358593
0001a097
670080e7
ffffb097
b28080e7
ff010113
00112623
00812423
00050413
00058513
00060593
00068613
fffff097
690080e7
02042603
01c42583
00c52223
00052423
00058c63
00058613
0085a583
fe059ce3
00a62423
0080006f
00a42e23
00c12083
00812403
01010113
00008067
fe010113
00112e23
00812c23
00912a23
01212823
01312623
01412423
01512223
00060913
00058493
00050413
00300513
00c400a3
00042623
02b42023
02c42423
00a61e63
02c45503
00050863
00251513
ffffb097
b44080e7
02a42823
02442503
02041623
00090593
00048613
00005097
760080e7
00144503
00100593
00b51663
02049123
02049223
00c4a903
012035b3
00397613
00163613
00c5f5b3
02058663
00494603
03a00693
02d61063
0004a503
42051263
00892583
00040513
00000097
5f8080e7
35c0006f
0004a603
00700693
0ad60663
00200693
00d60a63
10061c63
00040513
00090593
3200006f
40058863
00492503
f0057513
30000593
44b51863
02442503
00092583
00006097
bf0080e7
00144503
00100593
2ab51063
00892583
00040123
26058c63
0035f513
26051863
0045a503
0ff57613
04600693
26d61263
00855513
26050a63
00858993
00251513
00a98a33
0009a583
04800613
04900693
04a00713
00040513
00005097
060080e7
00498993
ff4990e3
2400006f
3a058463
00494583
00300613
3ec59663
00100593
26b51863
00c92583
00040123
24058463
0035f513
24051063
0045a503
0ff57613
04000693
22d61a63
00855513
24050263
00858493
00251513
00a489b3
0004a583
04200613
04300693
04400713
00040513
00005097
fe8080e7
00448493
ff3490e3
2100006f
ffd60693
00300713
0cd76c63
3c058263
00492583
f005f593
20000613
40c59263
00c92983
38098263
0039f593
36059e63
0049c583
09f00613
36c59863
00100a13
03451063
02042503
00100593
00400613
00100a93
fffff097
51c080e7
01549d23
02442503
00092583
00006097
a9c080e7
0004a503
00300593
00b50863
00400593
02b51063
00200a13
02442503
00000593
000a0613
00007097
9e4080e7
0004a503
00600593
1cb51663
02442503
00006097
e3c080e7
00100593
00040513
00000097
5e8080e7
02442503
00006097
e20080e7
02442503
00006097
e14080e7
1b40006f
00100693
30d61a63
36058063
00494583
03300613
36c59e63
00100593
00b51c63
00a00593
00400613
00048513
fffff097
464080e7
01700593
00040513
00000097
588080e7
01600593
00040513
00000097
76c080e7
00892583
02442503
0045d593
00006097
d28080e7
01a00593
00040513
00000097
748080e7
01092583
00040513
00000097
360080e7
00a00593
00048513
fffff097
4b4080e7
32050063
00050593
00054603
02442503
00400693
08d60a63
0025d603
00a00593
00000693
00006097
d90080e7
0880006f
00058e63
04800613
04900693
04a00713
00040513
00005097
e18080e7
00c92583
00040513
00000097
2f4080e7
0164d503
00157513
04050863
02442503
00006097
300080e7
0300006f
00058e63
04200613
04300693
04400713
00040513
00005097
dd0080e7
01492583
00040513
00000097
2ac080e7
02442503
00e00593
00006097
a2c080e7
02442503
00007097
a8c080e7
02442503
00005097
654080e7
01845583
06059863
01c12083
01812403
01412483
01012903
00c12983
00812a03
00412a83
02010113
00008067
00100593
00040513
00000097
42c080e7
02442503
00100593
00006097
658080e7
00892603
00040513
00098593
00000693
00000097
440080e7
0004a503
00600593
f6b506e3
f79ff06f
00422537
68750513
00422637
6a660613
004226b7
7ff68693
000015b7
c8458593
0001a097
134080e7
00422537
68750513
00422637
6a660613
004226b7
6b468693
000015b7
bf758593
0001a097
10c080e7
00422537
68750513
00422637
6a660613
004226b7
6d068693
000015b7
c1958593
0001a097
0e4080e7
00422537
68750513
00422637
6a660613
004226b7
6d068693
000015b7
c0358593
0001a097
0bc080e7
00422537
68750513
00422637
6a660613
004226b7
72068693
000015b7
c1b58593
0001a097
094080e7
00422537
68750513
00422637
6a660613
004226b7
6f368693
000015b7
c0558593
0001a097
06c080e7
00422537
68750513
00422637
6a660613
004226b7
77268693
000015b7
c3558593
0001a097
044080e7
00422537
68750513
00422637
6a660613
004226b7
6d068693
000015b7
c3258593
0001a097
01c080e7
00422537
68750513
00422637
6a660613
004226b7
7ab68693
000015b7
c6358593
0001a097
ff4080e7
00422537
68750513
00422637
6a660613
004226b7
74968693
000015b7
c3458593
0001a097
fcc080e7
00422537
68750513
00422637
6a660613
004226b7
6d068693
000015b7
c6458593
0001a097
fa4080e7
00422537
68750513
00422637
6a660613
004226b7
7c668693
000015b7
c6658593
0001a097
f7c080e7
00422537
68750513
00422637
6a660613
004226b7
7f468693
000015b7
c7858593
0001a097
f54080e7
ff010113
00112623
00812423
00912223
0e058063
00058493
00050413
0015f513
04051c63
0024f513
06051863
02442503
0004a583
00005097
610080e7
0044c503
03600593
0cb57e63
00251513
0042b5b7
86858593
00a58533
00052303
00040513
00048593
00c12083
00812403
00412483
01010113
00030067
02442503
4014d593
00c12083
00812403
00412483
01010113
00005317
79430067
00e4f513
00600613
0044d593
02c50463
00200613
02c51e63
00040513
00c12083
00812403
00412483
01010113
00000317
12030067
02442503
00c12083
00812403
00412483
01010113
00006317
8c830067
00400513
00a59c63
00c12083
00812403
00412483
01010113
00008067
02442503
00c12083
00812403
00412483
01010113
00005317
67830067
00422537
68750513
00423637
81b60613
004236b7
82868693
000015b7
b1a58593
0001a097
e0c080e7
fe010113
00112e23
00812c23
00912a23
01212823
00050413
04058663
0035f513
04051263
0045a503
0ff57713
02c71e63
00855513
04050863
00858493
00251513
00a48933
00d12623
0004a583
00040513
00c12303
000300e7
00448493
ff2496e3
0240006f
02058063
00040513
01c12083
01812403
01412483
01012903
02010113
00068067
01c12083
01812403
01412483
01012903
02010113
00008067
00154603
00100713
00058693
00e61c63
02052503
00100613
00068593
fffff317
eb030067
02052603
02452503
0042b5b7
94058593
00005317
d3830067
fe010113
00112e23
00812c23
00912a23
01212823
01312623
01412423
01512223
01612023
00068993
00060a13
00058a93
00050413
00c52483
02452503
00248593
00b42623
00148913
00048593
00005097
3dc080e7
02442503
00090593
00006097
1f8080e7
008aa583
00040513
00000613
00003097
fe8080e7
010aaa83
020a8863
0a000b13
004ac503
07651c63
008aa583
00040513
00000613
00048693
00004097
bb0080e7
00caaa83
fc0a9ee3
00040513
000a0593
00000097
d2c080e7
02042583
02442503
0005a583
00600613
02c59063
00000593
00006097
5e8080e7
02442503
00006097
d24080e7
0580006f
00299613
00560613
00006097
30c080e7
0440006f
09f00593
08b51663
00caa583
00040513
00000097
cd0080e7
02442503
00100593
00006097
0e0080e7
00198693
00040513
000a8593
000a0613
00000097
ec8080e7
02442503
00048593
00006097
d00080e7
02442503
00090593
00005097
2d0080e7
02442503
01c12083
01812403
01412483
01012903
00c12983
00812a03
00412a83
00012b03
02010113
00006317
0e030067
00422537
68750513
00423637
14060613
004236b7
15868693
000015b7
bac58593
0001a097
b7c080e7
00154603
00100713
00058693
00e61a63
02052503
00068593
00005317
b0830067
02052603
02452503
0042b5b7
94858593
00005317
b4830067
ff010113
00112623
00812423
00912223
01212023
0045a483
0084d493
04048a63
00050413
00858913
00092583
00040513
00000097
bc0080e7
00442503
00051a63
fff48493
00490913
02048463
fddff06f
00092503
00050e63
00842583
00357613
00c5e5b3
00059663
00052503
00a42423
00c12083
00812403
00412483
00012903
01010113
00008067
fc010113
02112e23
02812c23
02912a23
03212823
03312623
03412423
03512223
03612023
01712e23
01812c23
01912a23
01a12823
01b12623
00050413
00b12023
00858513
03d00593
00810613
ffffe097
a58080e7
02042583
0185d903
00050493
00000b13
10050263
00000b93
03c00c13
73000c93
00200d13
00423a37
8f7a0a13
00812503
002b9593
00b50533
00052983
1a098a63
0039f513
1a051663
0049c503
1b851263
00898513
06600593
00410613
ffffe097
9f4080e7
00412603
00062583
ff05f693
00050a93
03969063
09aa9063
00462583
ff05f513
41000613
06c51863
00100913
0780006f
00040513
00000097
a7c080e7
05aae063
fffa8a93
00400d93
00412503
01b50533
00052583
00f5f513
11a51863
02442503
0045d593
00000613
00005097
790080e7
fffa8a93
004d8d93
fc0a98e3
00c9a583
02058463
00040513
00000097
a28080e7
0180006f
00040513
000a0613
00002097
428080e7
001b0b13
001b8b93
f09b9ee3
00012503
00c52583
0045c503
00300613
02c50063
03300613
0ec51463
00040513
00090613
00002097
320080e7
0140006f
00040513
00090613
00002097
288080e7
00050913
03648463
416484b3
02442503
00100593
00000613
00000693
00006097
128080e7
fff48493
fe0492e3
00040513
00090593
00000097
d64080e7
03c12083
03812403
03412483
03012903
02c12983
02812a03
02412a83
02012b03
01c12b83
01812c03
01412c83
01012d03
00c12d83
04010113
00008067
00422537
68750513
00423637
85a60613
004236b7
8a168693
39600593
0001a097
878080e7
00422537
68750513
00423637
85a60613
004236b7
86c68693
38400593
0001a097
854080e7
00422537
68750513
00423637
85a60613
004236b7
8c468693
3b000593
0001a097
830080e7
ff010113
00112623
00812423
00050413
02052503
01855603
00040513
00002097
180080e7
00050593
00040513
00c12083
00812403
01010113
00000317
c7c30067
fe010113
00112e23
00812c23
00912a23
01212823
01312623
01412423
01512223
00058493
00c5a903
00050413
04090863
00397513
08050c63
00040513
00090593
00000097
85c080e7
0084a583
00040513
00000613
01c12083
01812403
01412483
01012903
00c12983
00812a03
00412a83
02010113
00003317
aa030067
00044503
00050863
02042503
00052503
0c050e63
0084a583
0035f513
0a050663
00f5f613
00200693
0ad60063
01c12083
01812403
01412483
01012903
00c12983
00812a03
00412a83
02010113
00008067
00492a83
0ffaf513
05000593
16b50c63
05100593
0eb50663
05500593
f4b518e3
00c92903
f40914e3
02042503
00052583
00700613
fac594e3
0084a583
00f5f613
00200693
f8d61ce3
0045d593
00400613
01c12083
01812403
01412483
01012903
00c12983
00812a03
00412a83
02010113
fffff317
81030067
00058a63
00051863
0045c503
03500613
f4c50ae3
00040513
fffff097
740080e7
03c0006f
0bd00593
00040513
00000097
910080e7
0084a583
00040513
fffff097
71c080e7
02442503
00100593
00000613
00000693
00006097
e88080e7
02442503
01c12083
01812403
01412483
01012903
00c12983
00812a03
00412a83
02010113
00005317
6fc30067
008ad993
fff98a13
00890913
002a1513
00a90533
00052583
00040513
fffff097
6b4080e7
1ff00513
e5557ae3
02442503
00005097
63c080e7
0084a583
00040513
00000613
00003097
904080e7
00100493
0144d863
02442503
00005097
614080e7
00092583
00040513
00000613
00003097
8dc080e7
00148493
00490913
fc999ae3
e5dff06f
0084a583
00100613
00100993
00040513
00003097
8b4080e7
00c92583
00040513
fffff097
62c080e7
00892583
00f5f513
00a00613
02c51463
02442503
0045d593
fc558593
00006097
b24080e7
0084a583
00200613
00040513
dadff06f
00422537
68750513
00423637
a1f60613
004236b7
a3168693
00b99593
00019097
520080e7
fe010113
00112e23
00812c23
00912a23
01212823
01312623
0045a403
00845413
00050493
02040463
00858913
00241993
013909b3
00092583
00048513
fffff097
590080e7
00490913
ff3916e3
0244a503
00040593
00000613
01c12083
01812403
01412483
01012903
00c12983
02010113
00006317
b1430067
0085a583
004096b7
53c68693
09100613
fffff317
68c30067
ff010113
00112623
00812423
00912223
0045c603
00900693
00050413
00d60663
01600513
0080006f
01400513
00a40533
00055483
00010537
fff50513
00a49c63
00423637
ba860613
00040513
00002097
f04080e7
01845583
01a45603
02c5e463
02442503
40c58633
00048593
00c12083
00812403
00412483
01010113
00005317
6fc30067
00422537
68750513
00423637
bc860613
004236b7
be068693
40900593
00019097
3e8080e7
ff010113
00112623
00812423
0085a583
00050413
00058a63
00040513
fffff097
478080e7
0140006f
02442503
00e00593
00005097
bf4080e7
02442503
00c12083
00812403
01010113
00006317
c4830067
ff010113
00112623
00812423
0085a583
00050413
fffff097
430080e7
02442503
00c12083
00812403
01010113
00005317
43c30067
ff010113
00112623
00812423
00912223
01212023
0085a483
00050413
04048463
0034f513
00100913
02051463
0044c503
05800593
00b51e63
0084a583
00040513
fffff097
3d0080e7
00c4a483
00200913
00040513
00048593
fffff097
3b8080e7
0080006f
00000913
02442503
00090593
00c12083
00812403
00412483
00012903
01010113
00006317
bdc30067
0085a583
0040a6b7
86868693
06500613
fffff317
4bc30067
fd010113
02112623
02812423
02912223
03212023
01312e23
01412c23
01512a23
00058913
0085a483
00f4f593
00a00613
00050413
04c59e63
00912823
00000493
01010513
05f00593
00c10613
ffffd097
25c080e7
00000593
06050063
00c12603
00251513
00a60533
59a00693
00062703
00d70663
00300713
0080006f
00100713
00460613
00b705b3
fea612e3
02c0006f
00000593
02048263
0034f513
00051e63
0044c503
05c00593
1cb50863
05f00593
f8b504e3
00000593
00c92983
02442503
00005097
ad0080e7
3ea00513
04a99a63
02442503
00500593
00005097
c3c080e7
02442503
00100593
00000613
00006097
838080e7
01010613
00040513
00048593
00003097
e44080e7
02442503
00200613
00000593
00005097
93c080e7
1380006f
00c90513
06400593
01010613
ffffd097
17c080e7
00050913
0e050463
00000993
06100a13
00090a93
01012503
01350533
00052503
14050c63
00357593
14059863
00454583
15459463
00852583
02442503
0045d593
00005097
ba0080e7
fffa8a93
00498993
fc0a92e3
02442503
00090593
00000613
00005097
790080e7
00c10613
00040513
00048593
00003097
d9c080e7
00000993
06100a13
01012503
01350533
00052a83
100a8663
003af513
10051263
004ac503
0f451e63
008aa483
02442503
0044d493
00100613
00048593
00005097
864080e7
00caa503
00050463
00455493
00040513
00048593
fffff097
53c080e7
fff90913
00498993
fa0910e3
02c0006f
02442503
00090593
00000613
00005097
6f8080e7
00c10613
00040513
00048593
00003097
d04080e7
02442503
00005097
144080e7
02c12083
02812403
02412483
02012903
01c12983
01812a03
01412a83
03010113
00008067
0084a503
00c4a483
00a12823
da049ee3
00422537
68750513
00423637
c5c60613
004236b7
c7068693
49b00593
00019097
014080e7
00422537
68750513
00423637
c5c60613
004236b7
c9968693
4ca00593
00019097
ff0080e7
00422537
68750513
00423637
c5c60613
004236b7
c9968693
4d500593
00019097
fcc080e7
fc010113
02112e23
02812c23
02912a23
03212823
03312623
03412423
03512223
03612023
01712e23
01812c23
01912a23
01a12823
01b12623
00050413
00154503
00100613
10c51663
00058493
0045ca03
01000513
00aa0863
02042503
00052503
12050663
00848513
06700593
00810613
ffffd097
f44080e7
0c050c63
00000a93
00251b13
01000b93
00300c13
00423cb7
d38c8c93
00600d13
00100d93
00423937
d1a90913
00812503
01550533
00052583
02042503
0045d593
00000613
ffffe097
06c080e7
00050993
00054503
037a1663
00050463
05851e63
02042503
0049a583
01898023
ffffe097
120080e7
04050e63
01850023
0540006f
05a50863
000c8613
02051263
02042503
01b98023
00098593
ffffe097
128080e7
0009c503
00090613
03b51463
00040513
00048593
0140006f
00040513
00048593
00423637
cfb60613
00002097
94c080e7
004a8a93
f56a9ce3
03c12083
03812403
03412483
03012903
02c12983
02812a03
02412a83
02012b03
01c12b83
01812c03
01412c83
01012d03
00c12d83
04010113
00008067
00423637
cd660613
00040513
00048593
03c12083
03812403
03412483
03012903
02c12983
02812a03
02412a83
02012b03
01c12b83
01812c03
01412c83
01012d03
00c12d83
04010113
00002317
8b830067
ff010113
00112623
00812423
00912223
01212023
00058913
0042c5b7
2105a583
00058e63
00c12083
00812403
00412483
00012903
01010113
00008067
00050413
00c52483
00148513
00a42623
00892583
00100613
00040513
00048693
00003097
cac080e7
02442503
01f00593
00100613
00005097
98c080e7
00c92583
02058463
00040513
fffff097
e18080e7
02442503
00100593
00000613
00000693
00005097
584080e7
02442503
00100593
00005097
640080e7
02442503
00048593
00c12083
00812403
00412483
00012903
01010113
00004317
41430067
fd010113
02112623
02812423
02912223
03212023
01312e23
01412c23
01512a23
01612823
01712623
00058913
00050493
00c52403
00140513
00a4a623
0085a503
ffffd097
c88080e7
06051c63
00c4a983
00198513
00a4a623
00892583
00048513
00000613
00098693
00003097
bc8080e7
00c92583
00048513
fffff097
d4c080e7
00892503
ffffd097
c5c080e7
10051463
01092503
00051663
01492503
00050a63
0244a503
00040593
00005097
d84080e7
0244a503
00098593
00004097
354080e7
01090513
06a00593
00810613
ffffd097
c34080e7
0a050863
00050993
00000a93
06b00b13
00812503
01550533
00052b83
0e0b8063
003bf513
0c051c63
004bc503
0d651863
008ba503
ffffd097
bc0080e7
06051463
00c4aa03
001a0513
00a4a623
008ba583
00048513
00000613
000a0693
00003097
b00080e7
00cba583
00048513
fffff097
c84080e7
008ba503
ffffd097
b94080e7
04051063
0244a503
00040593
00005097
ccc080e7
0244a503
000a0593
00004097
29c080e7
fff98993
004a8a93
f60992e3
01492583
00048513
fffff097
c38080e7
0244a503
00040593
00004097
270080e7
02c12083
02812403
02412483
02012903
01c12983
01812a03
01412a83
01012b03
00c12b83
03010113
00008067
00422537
68750513
00423637
d5960613
004236b7
d6968693
54600593
00019097
b24080e7
fd010113
02112623
02812423
02912223
03212023
01312e23
01412c23
01512a23
01612823
01712623
00058913
00050413
01a55a83
00c52483
01455b03
01655b83
01851583
00148993
00248513
00a42623
00892503
00941a23
01341b23
00b41d23
ffffd097
a74080e7
06051c63
00c42a03
001a0513
00a42623
00892503
ffffd097
a70080e7
00051a63
02442503
00098593
00005097
ba8080e7
02442503
000a0593
00004097
178080e7
00c92583
00040513
fffff097
b20080e7
02442503
00098593
00004097
158080e7
00892583
00100613
00040513
000a0693
00003097
964080e7
01092583
01641a23
01741b23
01541d23
00040513
fffff097
adc080e7
02442503
00048593
02c12083
02812403
02412483
02012903
01c12983
01812a03
01412a83
01012b03
00c12b83
03010113
00004317
0ec30067
fd010113
02112623
02812423
02912223
03212023
01312e23
01412c23
01512a23
01612823
00058493
0085a583
00f5f593
00200613
00050413
12c59863
00c4a503
12050463
00357593
12059063
00454583
02900613
10c59a63
00852583
7c200613
10c59463
00c52503
00454583
02d00613
0ec59c63
00852503
00a12623
00c10513
09800593
00810613
ffffd097
950080e7
fff50593
00200613
0cb66863
00812583
00100793
00f50a63
00200613
02c51463
00300713
0300006f
0005a683
00100613
00300713
08068263
0036f513
06050063
0780006f
0085a703
00273513
00154793
00e7f7b3
0005a603
02078863
02060663
00367513
02051263
00462503
0ff57693
0fe57513
f6650513
f6468693
00a03533
00d037b3
00f577b3
0045a683
04078463
04068263
0036f513
02051e63
0046a503
0fe57593
09a00793
02f58863
0ff57513
09c00593
02b50263
0084a583
0104a783
0144a803
00040513
00003097
a2c080e7
0f40006f
fe0792e3
00c42903
01442a83
01841503
01a41b03
000085b7
00190993
00b96633
00390593
00b42623
00c4a583
00c41a23
01341b23
00a41d23
00290a13
00040513
fffff097
8f8080e7
02442503
00100593
00005097
d08080e7
02442503
00098593
00004097
f20080e7
02442503
000a0593
00005097
d3c080e7
0084a583
00040513
00000613
00002097
b2c080e7
0104a583
00040513
fffff097
8a4080e7
02442503
00098593
00005097
8fc080e7
02442503
000a0593
00004097
ecc080e7
02442503
00005097
d00080e7
01542a23
0144a583
01641d23
00040513
fffff097
860080e7
02442503
00090593
00004097
e98080e7
02c12083
02812403
02412483
02012903
01c12983
01812a03
01412a83
01012b03
03010113
00008067
fe010113
00112e23
00812c23
00912a23
01212823
00c5a903
0e090663
00050413
00397513
0e051063
00058493
00494503
06d00593
04b50063
07100593
06b51c63
0084a583
00892783
00040513
00000613
00000693
00000713
01c12083
01812403
01412483
01012903
02010113
00003317
ba430067
00890513
07000593
00c10613
ffffc097
6dc080e7
00c92703
01092783
0084a583
00c12683
00050613
04078263
0087a783
00040513
00003097
b68080e7
03c0006f
00c48513
07000593
00810613
ffffc097
69c080e7
0084a583
00812683
00050613
00040513
00000713
0080006f
00040513
00003097
ca8080e7
01c12083
01812403
01412483
01012903
02010113
00008067
00422537
68750513
00423637
de860613
004236b7
df968693
6b700593
00018097
64c080e7
ff010113
00112623
00812423
00912223
00058493
00050413
00858513
07300593
00010613
ffffc097
610080e7
02050863
00050593
00012603
00c4a683
00040513
00003097
038080e7
00c12083
00812403
00412483
01010113
00008067
00422537
68750513
00423637
efd60613
004236b7
f0f68693
6f000593
00018097
5cc080e7
fe010113
00112e23
00812c23
00912a23
01212823
01312623
01412423
00c5aa03
0c0a0263
00050413
003a7513
0a051c63
00058493
004a4503
07a00593
0ab51463
00c42903
00290513
00a42623
008a2583
00190993
00040513
00000613
00090693
00002097
484080e7
0084a583
00040513
ffffe097
608080e7
02442503
00098593
00004097
660080e7
02442503
00090593
00004097
c30080e7
02442503
fff00593
00004097
bc0080e7
00ca2583
00040513
ffffe097
5c8080e7
02442503
00098593
01c12083
01812403
01412483
01012903
00c12983
00812a03
02010113
00004317
be430067
00422537
68750513
00423637
f1560613
004236b7
f2a68693
000015b7
84a58593
00018097
4c0080e7
ff010113
00112623
00812423
00912223
00050413
00154503
00100613
00058493
02c51663
02042503
01855683
00200593
00040513
00048613
ffffe097
e20080e7
00050593
00a4a823
0080006f
0104a583
0084a603
04600693
00040513
00c12083
00812403
00412483
01010113
00001317
f7c30067
fe010113
00112e23
00812c23
00912a23
01212823
01312623
01412423
01512223
01612023
00050493
00c52403
0045c503
00140613
00c4a623
0045a603
00865993
04098663
00858a13
00198a93
00100b13
fe450513
00153913
000a2583
00048513
ffffe097
498080e7
013b7c63
0244a503
00090593
00040613
00004097
6a4080e7
001b0b13
004a0a13
fd5b18e3
0244a503
00040593
01c12083
01812403
01412483
01012903
00c12983
00812a03
00412a83
00012b03
02010113
00004317
a8830067
ff010113
00112623
00812423
0085a583
00050413
ffffe097
424080e7
02442503
00300593
00c12083
00812403
01010113
00005317
8d830067
fd010113
02112623
02812423
02912223
03212023
01312e23
01412c23
01512a23
01612823
01712623
01812423
01912223
01a12023
00058913
0045a983
0085a583
00050413
ffffe097
3bc080e7
40000513
00a9ea63
00c42483
00148513
00a42623
0100006f
30000513
18a9e263
00000493
0089da13
01090913
00200a93
00a00b13
02200b93
07f00c13
07e00c93
00092583
00040513
ffffe097
36c080e7
001a8d13
014d7e63
02442503
00004097
2f4080e7
02442503
00004097
050080e7
ffc92503
00f57593
01659a63
00455513
03751863
00600593
02c0006f
14050663
00357593
14059263
00454583
03858063
17959063
02442503
03200593
0280006f
fcf50593
02442503
01c0006f
00852583
02442503
00058663
03300593
0080006f
00700593
00004097
7fc080e7
014d7c63
02442503
00000593
00048613
00004097
4ec080e7
002a8a93
00890913
f54ae2e3
3ff00513
09357e63
00c42903
02442503
00190593
00b42623
00090593
00004097
300080e7
02442503
00048593
00004097
8d0080e7
02442503
00100593
00004097
860080e7
02442503
00004097
084080e7
02442503
00004097
284080e7
02442503
00090593
02c12083
02812403
02412483
02012903
01c12983
01812a03
01412a83
01012b03
00c12b83
00812c03
00412c83
00012d03
03010113
00004317
86430067
02c12083
02812403
02412483
02012903
01c12983
01812a03
01412a83
01012b03
00c12b83
00812c03
00412c83
00012d03
03010113
00008067
00422537
68750513
00423637
f6760613
004236b7
f7a68693
000015b7
8b758593
00018097
108080e7
00422537
68750513
00423637
f6760613
004236b7
fa168693
000015b7
8bd58593
00018097
0e0080e7
00423637
fb760613
00001317
b9830067
fe010113
00112e23
00812c23
00912a23
01212823
01312623
00058913
0045a483
0085a583
00050413
ffffe097
154080e7
20000513
04a4e463
0ff4f513
0084d593
00c90993
ff550493
00259593
012585b3
00858913
0009a583
00040513
ffffe097
120080e7
02442503
00048593
00004097
62c080e7
00498993
fd299ee3
01c12083
01812403
01412483
01012903
00c12983
02010113
00008067
ff010113
00112623
00812423
00912223
01212023
00058493
0045a903
0085a583
00050413
ffffe097
0c0080e7
30000513
04a96e63
00895513
00400593
00a5e463
00400513
01048913
00251513
ff450513
ff857513
00950533
01850493
00092583
00040513
ffffe097
080080e7
ffc92583
02442503
0045d593
fdf58593
00004097
584080e7
00890913
fc991ae3
00c12083
00812403
00412483
00012903
01010113
00008067
ff010113
00112623
00812423
00912223
00058493
00c5a583
00050413
ffffe097
024080e7
0084a583
0045d513
03000613
00c51663
00200593
0140006f
fe05f593
3c000613
02c59263
fc450593
02442503
00c12083
00812403
00412483
01010113
00004317
4b030067
00422537
68750513
00423637
fd460613
004236b7
fe568693
000015b7
8f658593
00018097
f04080e7
ff010113
00112623
00812423
00050413
ffffe097
3b0080e7
02442503
02200593
00c12083
00812403
01010113
00004317
4a030067
fd010113
02112623
02812423
02912223
03212023
01312e23
01412c23
01512a23
01612823
01712623
00058493
0085a583
00050413
ffffe097
f48080e7
00c4a903
0e090663
00492503
0ff57593
08700613
00c58863
00c48913
00100993
00c0006f
00855993
00890913
02042503
00052503
00700593
02b51663
0084a503
000015b7
9a258593
00b51e63
00092503
00454583
02d00613
00c59663
00852503
0a050e63
00000493
0934f463
02f00a13
02d00a93
00249513
00a90533
00052583
00148b13
053b7c63
0045c503
05451863
002b1513
00a90533
00052b83
004bc503
03551e63
0085a583
02442503
0045d593
00000613
00004097
a38080e7
008ba583
00100613
00040513
00000693
00001097
d38080e7
00248b13
0100006f
00040513
ffffe097
e60080e7
000b0493
f93b64e3
02c12083
02812403
02412483
02012903
01c12983
01812a03
01412a83
01012b03
00c12b83
03010113
00008067
00a00593
00040513
ffffe097
000080e7
02042583
0285d503
02050263
02c5a583
00458593
ffd5c603
00167613
04061863
fff50513
00858593
fe0516e3
00092583
00423637
01960613
00040513
02c12083
02812403
02412483
02012903
01c12983
01812a03
01412a83
01012b03
00c12b83
03010113
00000317
7c430067
0005a583
00040513
ffffe097
f84080e7
00300513
04a9ee63
00492503
00454583
02f00613
04c59663
00892483
0044c583
02d00613
02c59e63
00852583
02442503
0045d593
00100613
00004097
90c080e7
0084a583
00100613
00040513
00000693
00001097
c0c080e7
00300493
e65ff06f
02442503
00200593
00000613
00000693
00004097
4ac080e7
00100493
e45ff06f
0085a583
04058c63
0035f613
06061063
0045a603
0ff67693
08b00713
04e69863
f0067613
20000693
02d61663
00c5a603
02060263
00367693
00069e63
00464603
09f00693
00d61863
00600613
00001317
e0c30067
ffffe317
6f830067
02452503
00000613
00004317
26c30067
ff010113
00112623
00422537
68750513
00423637
03160613
004236b7
a7c68693
000015b7
9e658593
00018097
bd0080e7
ff010113
00112623
00812423
00912223
0085a483
00050413
08048463
0034f513
06051063
0044a503
0ff57593
08b00613
04c59863
f0057513
20000593
08b51463
00c4a503
08050063
00357593
06059c63
00454503
09f00593
06b51663
00300613
00040513
00048593
00c12083
00812403
00412483
01010113
00001317
d4430067
00040513
00048593
ffffe097
bf4080e7
02442503
00100593
00100613
0100006f
02442503
00100613
00000593
00c12083
00812403
00412483
01010113
00004317
17830067
00040513
00048593
ffffe097
fc0080e7
0044a583
02442503
0085d593
fb9ff06f
fe010113
00112e23
00812c23
00912a23
01212823
01312623
01412423
01512223
0085a483
00050413
06048863
0034f513
1c051e63
0044c503
09300593
08b50863
03200593
1cb51463
02442503
00100593
00200613
00004097
0fc080e7
00040513
00048593
ffffe097
b34080e7
02442503
01c12083
01812403
01412483
01012903
00c12983
00812a03
00412a83
02010113
00004317
0e430067
02442503
00200613
00000593
01c12083
01812403
01412483
01012903
00c12983
00812a03
00412a83
02010113
00004317
08c30067
00c4a503
16050263
00357593
14059e63
00454583
09f00613
0ac58663
09500613
16c59863
00850513
09600593
00010613
ffffc097
9d8080e7
02442683
00050913
00150593
00200613
00068513
00004097
038080e7
0084a583
00040513
ffffe097
a70080e7
02442503
00004097
040080e7
0a090663
00000993
03200a13
00012503
01350533
00052583
06058863
0035f513
06051463
0045ca83
00040513
ffffe097
a30080e7
074a9063
02442503
00004097
ffc080e7
fff90913
00498993
fc0910e3
05c0006f
00400613
00040513
00048593
01c12083
01812403
01412483
01012903
00c12983
00812a03
00412a83
02010113
00001317
b1c30067
00040513
ffffe097
9d0080e7
00422637
4aa60613
00040513
00048593
00000097
3cc080e7
01c12083
01812403
01412483
01012903
00c12983
00812a03
00412a83
02010113
00008067
00422537
68750513
00423637
04460613
004246b7
c3668693
000015b7
a6858593
00018097
8b8080e7
00422537
68750513
00423637
04460613
004236b7
df968693
000015b7
a1858593
00018097
890080e7
00422537
68750513
00423637
04460613
004236b7
05e68693
000015b7
a5358593
00018097
868080e7
0085a583
00000613
00000693
00000317
7cc30067
ff010113
00112623
00812423
0085a583
00050413
ffffe097
8ec080e7
02442503
00000593
00c12083
00812403
01010113
00003317
51c30067
0085a583
02452503
0045d593
00000613
00003317
60030067
ff010113
00112623
00812423
00912223
00058413
00c5a583
00050493
ffffe097
894080e7
00842583
00048513
00c12083
00812403
00412483
01010113
ffffe317
87430067
ff010113
00112623
00812423
00050413
02052503
01855603
00040513
00000097
194080e7
00050593
00040513
00c12083
00812403
01010113
ffffe317
c0c30067
ff010113
00112623
00812423
00050413
02052503
00052503
00200613
00c50663
00700613
06c51663
0085a583
08058263
0035f513
04051663
0045c503
0a200613
04c51063
0085a583
00040513
ffffd097
7e0080e7
02442503
00000593
00004097
bf0080e7
02442503
00e00593
00003097
f50080e7
02442503
00100593
04c0006f
00040513
ffffd097
7a8080e7
0340006f
00423637
08d60613
00040513
00c12083
00812403
01010113
00000317
19830067
02442503
00e00593
00003097
f04080e7
02442503
00000593
00c12083
00812403
01010113
00004317
03430067
02452503
0085a583
00003317
13030067
ff010113
00112623
00812423
00912223
01212023
00060693
00050413
00154503
00100613
00058493
02c51263
00700593
00040513
00048613
ffffd097
ff4080e7
00050913
00a4ac23
0080006f
0184a903
00c4a603
04000693
00040513
00090593
00000097
15c080e7
01495503
00c12083
00812403
00412483
00012903
01010113
00008067
ff010113
00112623
00812423
00912223
01212023
00060693
00050413
00154503
00100613
00058913
00c51e63
00100593
00040513
00090613
ffffd097
f70080e7
00a92a23
02442503
00003097
27c080e7
01492483
00040513
00048593
00000613
00000693
00000097
37c080e7
02442503
0144d583
00003097
ff0080e7
00c92583
02058063
0035f513
00051c63
0045c503
f6950513
00153513
fff50513
00b575b3
00200693
00040513
00000613
00000097
4d4080e7
0144d503
00c12083
00812403
00412483
00012903
01010113
00008067
ff010113
00112623
00812423
00912223
00050413
00452503
02051e63
00058493
0042b537
f6050513
00060593
0000a097
d88080e7
00a42223
00048e63
00842503
0034f593
00b56533
00051663
0004a503
00a42423
00c12083
00812403
00412483
01010113
00008067
fe010113
00112e23
00812c23
00912a23
01212823
01312623
01412423
00068713
00058493
00050413
00254a03
01055903
01255983
00050123
00052823
004096b7
84c68693
00060593
00070613
ffffd097
680080e7
00442503
04051e63
01245603
01045683
01403a33
02060863
02069663
02442503
00060593
00000613
00004097
ac0080e7
02442503
00003097
f24080e7
01045683
01245603
00040513
00048593
00000097
208080e7
01440123
01241823
01341923
01c12083
01812403
01412483
01012903
00c12983
00812a03
02010113
00008067
ff010113
00112623
00812423
00912223
01212023
00f5f613
00200693
00050413
02d61e63
00244503
06051a63
01245503
06050663
00423637
95260613
00040513
00c12083
00812403
00412483
00012903
01010113
00000317
e7030067
12058863
0035f513
12051463
0045c503
fbe50513
00800613
12a66e63
00251513
0042b637
84460613
00a60533
00052603
01000513
00060067
00100513
00a40123
00c12083
00812403
00412483
00012903
01010113
00008067
00c00513
00a58533
00052483
f60482e3
00244503
02050a63
01045503
0085a903
00150593
00b41823
06051863
01245583
04058463
02442503
00000613
00004097
978080e7
0400006f
01241503
00150513
00a41923
00040513
00048593
00c12083
00812403
00412483
00012903
01010113
ffffd317
38c30067
02442503
00003097
da8080e7
02442503
00200613
00000593
00004097
924080e7
00040513
00048593
ffffd097
35c080e7
02442503
00495593
00003097
cf4080e7
02442503
00c12083
00812403
00412483
00012903
01010113
00004317
90830067
00422537
68750513
00423637
91560613
004226b7
5fe68693
29900593
00017097
254080e7
00422537
68750513
00423637
91560613
004236b7
93368693
2be00593
00017097
230080e7
fd010113
02112623
02812423
02912223
03212023
01312e23
01412c23
01512a23
01612823
01712623
01812423
01912223
01a12023
00068413
00060493
00058913
00050993
00068863
01691503
00856513
00a91b23
0209a503
00052583
00991f23
0e058a63
02855583
0e058663
00000a13
00000a93
00100b13
00600b93
02c52c03
003a9593
00bc0c33
000c4583
ffb58593
06bb6263
02895603
04060e63
00000c93
00000d13
02c92503
01950533
00054583
03759663
004c2583
00452503
02a59063
0249a503
002c5603
00000693
00003097
c7c080e7
02895603
001a0a13
001d0d13
01061513
01055513
008c8c93
faad6ce3
0209a503
02855583
001a8a93
f8bae0e3
040a0a63
0249a503
00090593
000a0613
00048693
00040713
02c12083
02812403
02412483
02012903
01c12983
01812a03
01412a83
01012b03
00c12b83
00812c03
00412c83
00012d03
03010113
00004317
87430067
0249a503
00090593
00048613
00040693
02c12083
02812403
02412483
02012903
01c12983
01812a03
01412a83
01012b03
00c12b83
00812c03
00412c83
00012d03
03010113
00003317
7b830067
fc010113
02112e23
02812c23
02912a23
03212823
03312623
03412423
03512223
03612023
01712e23
01812c23
01912a23
01a12823
01b12623
00068493
00060913
00050413
00b12423
00810513
09800593
00410613
ffffb097
024080e7
14050e63
00050b13
01212023
00000c13
00000c93
00000a93
00000993
00000a13
09c00d13
09b00d93
09a00913
00412503
01850533
00052b83
040b8c63
003bf513
04051863
004bc503
09a50263
07b50463
05251063
0029f513
18051c63
1a0a1063
01e00513
1aacf263
008ba583
0019e993
00100513
01951533
01556ab3
00040513
ffffd097
060080e7
00000a13
0200006f
0029f513
0e051e63
100a1263
00040513
000b8593
ffffd097
03c080e7
00148493
0840006f
02442503
0029e993
00003097
a4c080e7
008ba583
05c0006f
00cba503
02050863
00357593
02059463
00454503
09f00593
00b51e63
00600613
00040513
000b8593
00000097
12c080e7
fb1ff06f
008ba583
00f5f513
00200613
10c51463
02442503
0045d593
00003097
970080e7
00cba583
00040513
ffffd097
fb8080e7
001a0a13
001c8c93
004c0c13
ef9b18e3
00098a63
02442503
000a8593
00002097
7b8080e7
00012903
00c0006f
00000993
00000a13
02442503
00048593
000a0613
00098693
00090863
00003097
748080e7
0340006f
00003097
6e0080e7
0280006f
00423637
9d060613
00c0006f
00423637
9e860613
00040513
000b8593
00000097
948080e7
03c12083
03812403
03412483
03012903
02c12983
02812a03
02412a83
02012b03
01c12b83
01812c03
01412c83
01012d03
00c12d83
04010113
00008067
00423637
98060613
fadff06f
00423637
98f60613
fa1ff06f
00423637
9a160613
f95ff06f
00423637
9af60613
f89ff06f
ff010113
00112623
00812423
00912223
01212023
00060493
00058613
0045a583
f005f593
20000693
0ed59463
00c62903
0a090c63
00050413
00397513
0a051663
00494503
09f00593
0ab51063
00144503
00100593
02b51463
02042503
01855683
00040513
00048593
ffffc097
744080e7
00050593
00a92a23
0080006f
01492583
00040513
00000613
00000693
00000097
b58080e7
00c92583
00040513
ffffd097
e24080e7
00600513
00a49a63
02442503
00000593
00003097
22c080e7
02442503
00100593
00000613
00000693
00c12083
00812403
00412483
00012903
01010113
00003317
56430067
00422537
68750513
00423637
a0960613
004226b7
77268693
000015b7
9ca58593
00017097
d04080e7
00422537
68750513
00423637
a0960613
004226b7
74968693
000015b7
9c958593
00017097
cdc080e7
fe010113
00112e23
00812c23
00912a23
01212823
01312623
01412423
01512223
01612023
36058e63
00060913
00058493
00050413
0035f513
04050663
00f4f593
00200513
1ea59c63
00296613
0044d593
16a61063
00040513
01c12083
01812403
01412483
01012903
00c12983
00812a03
00412a83
00012b03
02010113
ffffd317
0e430067
0044a583
0ff5f513
02900613
02a65063
02a00613
14c50463
02b00613
18c50c63
09100613
0ec50c63
1900006f
00600613
0ec50663
02900593
18b51063
00200513
00a90a63
0084a583
00040513
ffffd097
cb8080e7
00c4a983
16098063
0039f513
14051c63
0049a503
0ff57593
08700613
06c59063
00855593
00200613
fff58a13
02c90a63
20000613
02c56663
00898a93
00259593
013585b3
00458b13
000aa583
00040513
ffffd097
c60080e7
004a8a93
ff6a96e3
002a1a13
014989b3
0089a983
2a098263
0039f513
28051e63
0049a503
0ff57513
02f00593
16b50a63
02e00593
0cb51c63
00200513
1aa90663
0089a583
00040513
ffffd097
c10080e7
02442503
00100593
1ab91063
00003097
bdc080e7
02442503
00000593
1900006f
08091e63
0085d593
00848613
0f40006f
00040513
01c12083
01812403
01412483
01012903
00c12983
00812a03
00412a83
00012b03
02010113
ffffd317
d9430067
0084a603
04060c63
00367513
1c051c63
00462583
0ff5f513
08b00693
1cd51463
02091e63
f005f513
20000693
02d51063
00c62503
00050c63
00357693
00069863
00454503
09f00693
00d50a63
0085d593
00860613
06c0006f
04090063
00423637
aba60613
00040513
00048593
01c12083
01812403
01412483
01012903
00c12983
00812a03
00412a83
00012b03
02010113
fffff317
52c30067
0084a603
08060863
00367513
00051a63
00462583
0ff5f513
08b00693
f6d508e3
00848613
00100593
00040513
01c12083
01812403
01412483
01012903
00c12983
00812a03
00412a83
00012b03
02010113
00000317
16830067
0089a583
00f5f613
00200513
12a61863
06a90c63
00100513
08a91063
02442503
00003097
a34080e7
0089a583
02442503
0045d593
00000613
06c0006f
00040513
00000593
f91ff06f
02442503
00002097
770080e7
02442503
00100593
01c12083
01812403
01412483
01012903
00c12983
00812a03
00412a83
00012b03
02010113
00002317
68430067
02442503
00003097
844080e7
0089a583
02442503
0045d593
00100613
01c12083
01812403
01412483
01012903
00c12983
00812a03
00412a83
00012b03
02010113
00002317
73830067
00422537
68750513
00423637
a5860613
004236b7
a6168693
20f00593
00017097
918080e7
00422537
68750513
00423637
a5860613
004236b7
a7c68693
23800593
00017097
8f4080e7
00422537
68750513
00423637
ad560613
004236b7
ae868693
1d000593
00017097
8d0080e7
00422537
68750513
00423637
ad560613
004236b7
b1468693
1e200593
00017097
8ac080e7
fd010113
02112623
02812423
02912223
03212023
01312e23
01412c23
01512a23
01612823
01712623
01812423
00058913
00050413
0e058463
00060493
00000993
fff90a13
fff00b13
02000b93
00060c13
fff00a93
000c2583
02058863
0035f513
02051463
0045c503
03751063
0f6a9663
02442503
00098593
000a0613
00003097
f34080e7
00098a93
00198993
fffa0a13
004c0c13
fd6a10e3
fff00513
00aa9a63
02442503
00090593
00003097
ef4080e7
002a9993
013489b3
412a8933
00048513
000a9663
0009a503
00850513
00052583
00040513
00000613
00000097
af8080e7
fffa8a93
00448493
fd2a9ae3
02c12083
02812403
02412483
02012903
01c12983
01812a03
01412a83
01012b03
00c12b83
00812c03
03010113
00008067
02442503
00090593
02c12083
02812403
02412483
02012903
01c12983
01812a03
01412a83
01012b03
00c12b83
00812c03
03010113
00003317
e4c30067
00423637
b3860613
00040513
02c12083
02812403
02412483
02012903
01c12983
01812a03
01412a83
01012b03
00c12b83
00812c03
03010113
fffff317
1dc30067
fe010113
00112e23
00812c23
00912a23
01212823
01312623
01412423
01512223
00058493
00f5f593
00200613
00050413
02c59a63
0044d593
00040513
01c12083
01812403
01412483
01012903
00c12983
00812a03
00412a83
02010113
00000317
29830067
0014b593
0034f513
00153613
0ec58463
0044c503
02900593
0eb51263
0084a583
00040513
ffffc097
738080e7
00c4a903
12090063
00397513
10051c63
00492503
0ff57593
08700613
04c59c63
00855593
20000613
fff58993
02c56663
00890a13
00259593
012585b3
00458a93
000a2583
00040513
ffffc097
6e8080e7
004a0a13
ff5a16e3
00299993
01390933
00892903
1a090c63
00397513
1a051863
00492503
0ff57513
02f00593
12b50c63
02e00593
0ab51063
00892583
00040513
ffffc097
6a0080e7
02442503
00200593
01c12083
01812403
01412483
01012903
00c12983
00812a03
00412a83
02010113
00002317
2bc30067
04048e63
04051c63
0044c503
02a00593
04b51663
0084a483
04048263
0034f513
10051863
0044a503
0ff57593
08b00613
10c59063
f0057593
20000613
04c59c63
00c4a503
04050c63
00357593
04059863
00454503
09f00593
04b51263
00423637
b9060613
00040513
00048593
01c12083
01812403
01412483
01012903
00c12983
00812a03
00412a83
02010113
fffff317
ff030067
10000593
02b56863
00000913
00848993
0009a583
00040513
00000097
dfc080e7
0044a503
00190913
00855513
00498993
fea960e3
01c12083
01812403
01412483
01012903
00c12983
00812a03
00412a83
02010113
00008067
00892583
00f5f513
00200613
08c51063
02442503
0045d593
00200613
01c12083
01812403
01412483
01012903
00c12983
00812a03
00412a83
02010113
00002317
28830067
00422537
68750513
00423637
b5260613
004236b7
b5d68693
3e700593
00016097
468080e7
00422537
68750513
00423637
b5260613
004236b7
ae868693
3d200593
00016097
444080e7
00422537
68750513
00423637
b5260613
004236b7
b1468693
3d900593
00016097
420080e7
00154603
00100713
00058693
00e61a63
02052503
00068593
00001317
3ac30067
02052603
02452503
0042b5b7
95058593
00001317
3ec30067
ff010113
00112623
00812423
00912223
00050413
02452503
00058493
00000593
00002097
c98080e7
02442503
00e00593
00002097
bf4080e7
00010613
00040513
00048593
00000097
028080e7
00012583
00040513
00c12083
00812403
00412483
01010113
ffffd317
80830067
fc010113
02112e23
02812c23
02912a23
03212823
03312623
03412423
03512223
03612023
01712e23
01812c23
01912a23
01a12823
01b12623
04010413
00050493
04058c63
00058913
0035f513
02051c63
00494503
06200593
02b51663
00c92503
00455513
00a62023
00892903
02090663
00f97513
00200593
1eb51863
00495593
0200006f
00f97513
00200593
06b51063
00495593
0080006f
00100593
00b62023
0244a503
00000613
fc040113
03c12083
03812403
03412483
03012903
02c12983
02812a03
02412a83
02012b03
01c12b83
01812c03
01412c83
01012d03
00c12d83
04010113
00002317
a2830067
00000693
00397513
16051e63
00492b83
0ffbf513
06600593
16b51663
fcd42223
00069a63
00892503
00455513
00a62023
00492b83
008bdc93
00890a13
fffc8993
002c9c13
018a0ab3
000a2503
00455513
ffff8097
d28080e7
004a0a13
013509b3
ff5a14e3
00f98513
ff057513
40a10a33
000a0113
00000d13
00890d93
02e00b13
000a0a93
000d0863
001a8513
016a8023
00050a93
000da503
00455513
fc840593
ffff8097
d40080e7
fc842603
00050593
000a8513
00016097
460080e7
fc842503
001d0d13
00aa8ab3
004d8d93
fbac9ce3
000a0513
00098593
ffff8097
988080e7
0244a583
00050613
00058513
00060593
00000613
00002097
92c080e7
200bb513
fc442583
0015c593
00a5e533
02051863
00c90993
012c0933
00890913
0009a583
0244a503
0045d593
00000613
00002097
f58080e7
00498993
ff2992e3
fc040113
03c12083
03812403
03412483
03012903
02c12983
02812a03
02412a83
02012b03
01c12b83
01812c03
01412c83
01012d03
00c12d83
04010113
00008067
00100693
e85ff06f
00422537
68750513
00423637
c1c60613
004236b7
c2b68693
45700593
00016097
0e8080e7
fd010113
02112623
02812423
02912223
03212023
01312e23
01412c23
01512a23
01612823
01712623
01812423
00068413
00060993
00058913
00050493
00058513
ffffa097
058080e7
02050e63
0019f513
0e050c63
02c12083
02812403
02412483
02012903
01c12983
01812a03
01412a83
01012b03
00c12b83
00812c03
03010113
00008067
01e00a13
00090513
ffffa097
024080e7
0a051663
04090c63
00397513
04051863
00492503
0ff57593
03459063
00892903
0019c993
00090513
ffffa097
fdc080e7
f80514e3
fc1ff06f
01d00613
0ac58a63
01c00613
00c59c63
0019f593
00855513
0a058a63
00100993
15c0006f
00048513
00090593
ffffc097
09c080e7
0244a503
0019f593
00040613
02c12083
02812403
02412483
02012903
01c12983
01812a03
01412a83
01012b03
00c12b83
00812c03
03010113
00002317
26830067
0019f513
f00508e3
0244a503
00040593
02c12083
02812403
02412483
02012903
01c12983
01812a03
01412a83
01012b03
00c12b83
00812c03
03010113
00002317
08030067
0019f593
00855513
0a058c63
00100993
0080006f
00000993
00c4aa03
00200593
001a0613
00c4a623
fff50b13
02b56c63
00890b93
0019ca93
00251513
00a90533
00450c13
000ba583
00048513
000a8613
000a0693
00000097
e28080e7
004b8b93
ff8b92e3
002b1b13
01690933
00892583
00048513
00098613
00040693
00000097
e00080e7
0244a503
000a0593
02c12083
02812403
02412483
02012903
01c12983
01812a03
01412a83
01012b03
00c12b83
00812c03
03010113
00001317
5a030067
00000993
e00506e3
00890913
00251513
00a90a33
00092583
00048513
00098613
00040693
00000097
d98080e7
00490913
ff4912e3
dddff06f
fc010113
02112e23
02812c23
02912a23
03212823
03312623
03412423
03512223
03612023
01712e23
01812c23
01912a23
01a12823
01b12623
00080413
00078b13
00070993
00068a93
00060d13
00058c13
00050493
01a55503
00a12423
00c4a903
0144d503
00a12223
0164d503
00a12023
01849503
0016fd93
00190c93
00290a13
00490593
00b4a623
01249a23
01949b23
00a49d23
00390b93
000d9a63
00048513
000a8593
ffffc097
e74080e7
00048513
000d0593
ffffc097
e64080e7
0244a503
000b8593
00002097
ebc080e7
0244a503
000a0593
00001097
48c080e7
0244a503
00002097
dd4080e7
00048513
000c0593
00000613
fffff097
09c080e7
00048513
000b0593
ffffc097
e14080e7
0244a503
000c8593
00001097
44c080e7
00048513
00098593
ffffc097
df4080e7
0244a503
00e00593
00002097
300080e7
0244a503
000b8593
00001097
41c080e7
0244a503
000d9e63
00002097
da4080e7
0244a503
00002097
bd0080e7
01c0006f
00002097
d48080e7
00048513
000a8593
ffffc097
d9c080e7
0019f513
14050e63
0244a503
01f9d593
00002097
2a0080e7
0244a503
00100593
000a0613
00002097
f7c080e7
00412503
00a49a23
00012503
00a49b23
00812503
00a49d23
06040263
0244a503
00002097
d6c080e7
000d9863
0244a503
00002097
d5c080e7
00048513
00040593
ffffc097
d28080e7
00c4a983
0244a503
00198593
00b4a623
00098593
00002097
d74080e7
0244a503
00200593
41b585b3
00001097
2e0080e7
0080006f
00000993
0244a503
00090593
00001097
328080e7
0244a503
00002097
cf8080e7
000d9863
0244a503
00002097
ce8080e7
04040663
0244a503
00098593
03c12083
03812403
03412483
03012903
02c12983
02812a03
02412a83
02012b03
01c12b83
01812c03
01412c83
01012d03
00c12d83
04010113
00001317
2c030067
03c12083
03812403
03412483
03012903
02c12983
02812a03
02412a83
02012b03
01c12b83
01812c03
01412c83
01012d03
00c12d83
04010113
00008067
00422537
68750513
00423637
da360613
004236b7
dc468693
5bf00593
00016097
b64080e7
fe010113
00112e23
00812c23
00912a23
01212823
01312623
01412423
01512223
01612023
00078493
00070a13
00068a93
00060b13
00058993
00050413
00c52903
02452503
00190593
00b42623
00200613
00090593
00002097
ee8080e7
02042503
01841583
02455603
00158593
01059693
0106d693
00b41c23
00d67463
02b51223
020b0263
00040513
00098593
000b0613
000a8693
000a0713
00000097
0e4080e7
0380006f
0a0a1a63
02442503
00300593
00001097
148080e7
00040513
00098593
ffffc097
b50080e7
02442503
ffd00593
00001097
128080e7
02442503
00e00593
00001097
2c0080e7
02442503
00090593
00001097
168080e7
02442503
00100593
00001097
0f8080e7
00040513
00048593
ffffc097
b00080e7
02442503
fff00593
00001097
0d8080e7
00040513
01c12083
01812403
01412483
01012903
00c12983
00812a03
00412a83
00012b03
02010113
00000317
3f430067
00422537
68750513
00423637
e2060613
004236b7
e3468693
69f00593
00016097
9e8080e7
fc010113
02112e23
02812c23
02912a23
03212823
03312623
03412423
03512223
03612023
01712e23
01812c23
01912a23
01a12823
01b12623
00e12423
00068993
00060a13
00058b13
00050413
00c52a83
02452503
002a8593
00b42623
001a8913
00100613
000a8593
00002097
d58080e7
02042503
01841583
02455603
00158593
01059693
0106d693
00b41c23
00d67463
02b51223
00040513
000b0593
ffffc097
9f8080e7
02442503
00090593
00000613
00002097
e78080e7
02442503
000a8593
00001097
01c080e7
02442503
00002097
304080e7
00c42a83
001a8513
00a42623
1f405463
06e00c93
00100d13
06f00d93
0009a483
2a048863
0034f513
2a051463
0044c503
2b951063
00c42b03
001b0513
00a42623
0084ac03
140c0863
003c7513
00051e63
004c4503
01b51a63
00cc2503
008c2c03
00455b93
0080006f
00000b93
02442503
00002097
8ec080e7
00040513
000c0593
ffffc097
940080e7
02442503
00800593
00002097
e4c080e7
02442503
00000593
000b0613
00002097
b28080e7
0e0b8663
00040513
000b8593
ffffc097
ce0080e7
00c42c03
02442503
001c0593
00b42623
00200613
000c0593
00002097
c14080e7
02042503
01841583
02455603
00158593
01059693
0106d693
00b41c23
00d67463
02b51223
00c4a583
00040513
ffffc097
8b4080e7
02442503
00e00593
00001097
034080e7
02442503
000c0593
00001097
edc080e7
02442503
00100593
00001097
e6c080e7
02442503
00e00593
00001097
004080e7
00040513
000b8593
ffffc097
c3c080e7
00040513
000b8593
fffff097
388080e7
02442503
fff00593
00001097
e2c080e7
00040513
00000097
16c080e7
0240006f
0faa1063
02442503
00002097
848080e7
00c4a583
00040513
ffffc097
814080e7
02442503
00100613
000a8593
00002097
c94080e7
02442503
000b0593
00001097
e38080e7
02442503
00100593
00001097
dc8080e7
fffa0a13
00498993
e20a16e3
00040513
00000097
0fc080e7
02442503
00002097
104080e7
02442503
00090593
00001097
df4080e7
00040513
00812583
ffffb097
79c080e7
02442503
000a8593
03c12083
03812403
03412483
03012903
02c12983
02812a03
02412a83
02012b03
01c12b83
01812c03
01412c83
01012d03
00c12d83
04010113
00001317
d9c30067
0009a583
00423637
edf60613
00040513
ffffe097
150080e7
00040513
03c12083
03812403
03412483
03012903
02c12983
02812a03
02412a83
02012b03
01c12b83
01812c03
01412c83
01012d03
00c12d83
04010113
00000317
02c30067
00422537
68750513
00423637
e8c60613
004236b7
e9f68693
64a00593
00015097
620080e7
01855603
00060e63
02452583
fff60613
00c51c23
00058513
00002317
a9030067
ff010113
00112623
00422537
68750513
00423637
e5360613
004236b7
e7168693
13300593
00015097
5d4080e7
fe010113
00112e23
00812c23
00912a23
01212823
01312623
01412423
01512223
00068493
00050413
12058e63
00060993
00058a13
00c42903
00190513
00a42623
00062a83
060a8c63
003af513
06051863
004ac503
07400593
06b51263
008aa583
00040513
ffffb097
61c080e7
02442503
00090593
00000613
00002097
934080e7
02042503
01841583
02455603
00158593
01059693
0106d693
00b41c23
00d67463
02b51223
00caa583
00040513
00000613
fffff097
848080e7
0580006f
00040513
000a8593
ffffb097
5bc080e7
02442503
00090593
00000613
00002097
8d4080e7
02042503
01841583
02455603
00158593
01059693
0106d693
00b41c23
00d67463
02b51223
02442503
00001097
59c080e7
fffa0593
00498613
00040513
00048693
00000097
ee0080e7
02442503
00090593
00002097
898080e7
00040513
01c12083
01812403
01412483
01012903
00c12983
00812a03
00412a83
02010113
00000317
e5830067
00040513
00048593
01c12083
01812403
01412483
01012903
00c12983
00812a03
00412a83
02010113
ffffb317
4f430067
ff010113
00112623
00812423
00912223
01212023
00050413
02052503
01655783
0027f813
00058493
06081263
00f4f593
00200813
01059e63
00244583
04058e63
01c51583
00158593
00b51e23
0580006f
12048c63
0034f593
12059863
0044c583
02c59063
00244603
0084a583
04060e63
01c51603
00160613
00c51e23
0580006f
02d59863
00244583
0a058e63
00422637
4aa60613
0680006f
01a51583
00158593
00b51d23
00100913
00048593
02c0006f
10e59063
0084a583
00278793
00f51b23
00500913
0140006f
01a51603
00160613
00c51d23
00100913
0045d593
04058863
00000613
ffffa097
4b8080e7
00054583
02058863
00423637
12b60613
00040513
00048593
00c12083
00812403
00412483
00012903
01010113
ffffe317
de830067
00400593
00b50023
012500a3
00c12083
00812403
00412483
00012903
01010113
00008067
0084a583
00100613
00c40123
fc058ee3
00f5f613
00200693
00d60e63
0035f613
06061a63
0045c603
04500693
06d61463
0085a583
0047e613
00c51b23
00300913
f55ff06f
00422537
68750513
00423637
0a660613
004226b7
5fe68693
000015b7
b4958593
00015097
290080e7
00422537
68750513
00423637
0a660613
004236b7
0fd68693
000015b7
b7058593
00015097
268080e7
00422537
68750513
00423637
0a660613
004236b7
0c668693
000015b7
b6858593
00015097
240080e7
ff010113
00112623
00812423
00c50413
00359593
00258593
00100613
00040513
00005097
1dc080e7
00452583
00059c63
00042583
0025d593
0015e593
ffe58593
00b52223
00f59513
01055513
00c12083
00812403
01010113
00008067
fe010113
00112e23
00812c23
00912a23
01212823
01312623
00050413
02052503
00058493
02050c63
00000993
00000913
02442503
01350533
00052503
00048593
00000097
054080e7
02051663
02042503
00190913
00498993
fca96ce3
01840513
00048593
00009097
55c080e7
02042903
fff90913
00090513
01c12083
01812403
01412483
01012903
00c12983
02010113
00008067
fe010113
00112e23
00812c23
00912a23
01212823
01312623
01412423
00100493
02b50663
00058913
00050413
00005097
4d0080e7
00050993
00090513
00005097
4c0080e7
02a98663
00000493
00048513
01c12083
01812403
01412483
01012903
00c12983
00812a03
02010113
00008067
0042b537
60050513
02a98863
00040513
00090593
01c12083
01812403
01412483
01012903
00c12983
00812a03
02010113
00006317
aa030067
00442503
00492583
f8b51ce3
f8050ce3
00000993
00840a13
00890913
000a2503
00092583
00000097
f34080e7
00050493
f6050ae3
00442503
00198993
00490913
004a0a13
f6a9f0e3
fd5ff06f
ff010113
00112623
00812423
00912223
00050413
00100613
00100493
ffffa097
19c080e7
00054583
00959e63
00042583
00b4e663
00200593
0080006f
00400593
00b50023
00c12083
00812403
00412483
01010113
00008067
ff010113
00112623
00812423
00912223
01212023
00068413
00058913
00050493
00060513
00068593
ffffa097
1ec080e7
0a050c63
00054583
00300613
02b64263
fff58513
00200613
02c57e63
00492303
00048513
00040593
00000613
0400006f
ffb58613
00200693
04d67663
00092303
00255603
00100693
00048513
00040593
0500006f
00300513
08a59263
00492303
00100613
00048513
00040593
00c12083
00812403
00412483
00012903
01010113
00030067
00400613
04c59a63
00092303
00255603
00048513
00040593
00000693
00c12083
00812403
00412483
00012903
01010113
00030067
00423537
1da50513
00423637
1fc60613
004226b7
7f468693
07b00593
00015097
ef8080e7
00423537
1da50513
00423637
1fc60613
004236b7
21168693
08500593
00015097
ed4080e7
ff010113
00112623
00812423
00050413
04400513
ffff5097
44c080e7
00852623
00c12083
00812403
01010113
00008067
ff010113
00112623
00812423
00050413
00b52e23
00259513
ffff5097
3cc080e7
02a42023
00c12083
00812403
01010113
00008067
ff010113
00112623
00812423
00050413
02052503
ffff5097
438080e7
00040513
00c12083
00812403
01010113
ffff5317
42030067
fd010113
02112623
02812423
02912223
03212023
01312e23
01412c23
01512a23
01612823
01712623
01812423
01912223
00060413
00050493
00b502a3
00050323
00052423
00c52823
00100513
02048c23
0004aa23
00a4ac23
0204a223
0204a623
02065503
02265583
02465b83
01665603
01a45683
01c45903
01e45983
00a585b3
00f67a13
002b9613
0036f713
0026da93
001bd513
00467613
014566b3
00e66633
012ae733
00e6e6b3
fff58713
00e5b5b3
fff58593
0136e6b3
00e5f5b3
01c59713
0045db13
01975713
0166e5b3
00c76c33
08058863
00050c93
080c6c13
00100593
00048513
00001097
758080e7
01850023
01fa1513
01eb1593
00391613
002a9693
002bf713
0019f793
002b5b13
001a5a13
001ada93
00195913
0019d993
01955513
00e56733
001cd513
01a5d593
00867613
0046f693
00c6e633
00aa66b3
00b7e5b3
012ae7b3
00f6e6b3
0169e7b3
00c76633
00f6e6b3
00b66c33
000c8b93
f6069ce3
00100593
00048513
00001097
6d4080e7
01850023
0054c503
00300593
04b56663
03c4a903
0404a983
01a91513
0019f593
0019d993
00695913
01955513
0129ea33
00b56533
014035b3
00759593
00b56ab3
00100593
00048513
00001097
684080e7
01550023
fc0a12e3
00c4a503
0244a603
01445583
02c4ae23
00000097
a24080e7
00050613
0040c5b7
65058593
00048513
00014097
b08080e7
01a45503
01c45583
00a5e533
08050063
00000993
0040c937
65090913
02845503
00500593
02050a63
02c42603
00260613
fff64683
0016f693
00068663
00065683
00d98a63
fff50513
00860613
fe0512e3
0080006f
00262583
00c4a503
00000097
9a8080e7
00050613
00048513
00090593
00014097
a90080e7
01a45503
01c45583
00198993
00a58533
f8a9eae3
02c12083
02812403
02412483
02012903
01c12983
01812a03
01412a83
01012b03
00c12b83
00812c03
00412c83
03010113
00008067
fe010113
00112e23
00812c23
00912a23
01212823
01312623
01412423
01512223
01612023
00050493
00554503
00100413
10850a63
0084a583
14059e63
0104a683
0244a583
03c4a603
0286d703
40c585b3
02b4ae23
0404a023
06070263
00000913
00000993
00500a13
10000a93
02c6a503
01250533
00054583
03459863
00255b03
0f5b7863
00100593
00048513
00001097
4f8080e7
01650023
0404a503
0104a683
00150513
04a4a023
0286d503
00198993
00890913
faa9ece3
0054c503
00300593
04b50a63
00400593
06b51e63
0244a503
0284a603
0ea66263
02c4a583
0304a703
0eb76e63
04c51a63
04e59863
0384c503
10051863
00c4a503
0344a583
00852603
0106a503
0166d683
00002097
89c080e7
0340006f
0244a503
02c4a583
02a4a423
02b4a823
00a58533
ffff5097
fe8080e7
02a4aa23
0100006f
00000413
02a4a423
02b4a823
00040513
01c12083
01812403
01412483
01012903
00c12983
00812a03
00412a83
00012b03
02010113
00008067
00423537
25050513
00423637
26e60613
004236b7
29868693
16e00593
00015097
9f0080e7
00423537
25050513
00423637
26e60613
004236b7
28268693
16400593
00015097
9cc080e7
00423537
25050513
00423637
26e60613
004236b7
2ad68693
17c00593
00015097
9a8080e7
00423537
25050513
00423637
26e60613
004236b7
2dc68693
17d00593
00015097
984080e7
0042b537
f1850513
004235b7
30958593
00002097
b34080e7
00554603
00100693
02d60263
00852603
00b605b3
0005ce63
01052603
02265683
00b52423
00b6f463
02b61123
00008067
ff010113
00112623
00423537
25050513
00423637
31b60613
004236b7
33868693
1a400593
00015097
910080e7
00008067
ff010113
00112623
00554603
00100693
00050323
02d60a63
01c52683
02d5fc63
02052683
02c52503
00200713
00259593
00e60863
00b68633
00062603
02a66e63
00b685b3
00a5a023
00c12083
01010113
00008067
00423537
25050513
00423637
36060613
004236b7
37868693
1d100593
00015097
894080e7
00423537
25050513
00423637
36060613
004236b7
39168693
1d200593
00015097
870080e7
ff010113
00112623
00812423
00912223
01212023
00200693
00050413
04d61263
fff00593
00040513
00000097
edc080e7
00100593
00040513
00001097
298080e7
06900593
00b50023
00c12083
00812403
00412483
00012903
01010113
00008067
fff60693
00c42503
0016b693
fff68693
0016e493
01b60913
fffff097
5b8080e7
0ff97613
00050693
00040513
00048593
00c12083
00812403
00412483
00012903
01010113
00000317
37030067
ff010113
00112623
00812423
00912223
00c00613
00050413
04c59063
00c42503
0042b5b7
3ac58593
fffff097
5b8080e7
00100593
02300613
00050693
00040513
00c12083
00812403
00412483
01010113
00000317
31830067
04358493
00100593
00040513
00000097
df4080e7
00100593
00040513
00001097
1b0080e7
00950023
00c12083
00812403
00412483
01010113
00008067
fe010113
00112e23
00812c23
00912a23
01212823
00058493
00159593
0095c5b3
1405c063
00050413
01048513
03f00593
02a5e863
0804c493
00100593
00040513
00000097
d84080e7
00100593
00040513
00001097
140080e7
00950023
0ec0006f
00100593
00040513
00000097
d5c080e7
00100593
00040513
00001097
118080e7
02200693
00400593
00b10613
00d50023
08000693
fff00713
00048513
07f4f913
00b607b3
01278023
4074d493
fff58593
00d56463
fee492e3
fff00613
00c49a63
04057613
00061663
07f00913
0200006f
07f00613
00158493
02a66263
0ff57513
04057513
00050c63
00000913
00b10513
00b50533
01250023
00058493
00500593
409585b3
00040513
00001097
088080e7
00400593
02b48863
00b10593
009585b3
40950633
00460613
0005c683
0806e693
00d50023
00150513
00158593
fec516e3
0005c903
01250023
01c12083
01812403
01412483
01012903
02010113
00008067
00423537
25050513
00423637
3e560613
004236b7
40568693
1ee00593
00014097
5ac080e7
ff010113
00112623
00812423
00050413
00c52503
fffff097
358080e7
00100593
01000613
00050693
00040513
00c12083
00812403
01010113
00000317
11830067
ff010113
00112623
00812423
00050413
00c52503
fffff097
374080e7
00100593
02300613
00050693
00040513
00c12083
00812403
01010113
00000317
0d830067
ff010113
00112623
00812423
00050413
00100593
00000097
bac080e7
00100593
00040513
00001097
f68080e7
05300593
00b50023
00c12083
00812403
01010113
00008067
ff010113
00112623
00812423
00912223
00060713
00f00593
00050413
04c5e263
04069063
0b076493
00100593
00040513
00000097
b4c080e7
00100593
00040513
00001097
f08080e7
00950023
00c12083
00812403
00412483
01010113
00008067
02468513
0ff57613
00100593
00040513
00070693
00c12083
00812403
00412483
01010113
00000317
00830067
ff010113
00112623
00812423
00912223
01212023
00068413
00060493
00050913
00000097
ad0080e7
00100593
00090513
00001097
e8c080e7
0040c5b7
6b058593
00950023
00090513
00040613
00c12083
00812403
00412483
00012903
01010113
00013317
2b830067
ff010113
00112623
00812423
00912223
00050413
00c52503
01160493
fffff097
198080e7
0ff4f613
00100593
00050693
00040513
00c12083
00812403
00412483
01010113
00000317
f5430067
ff010113
00112623
00812423
00912223
01212023
00060413
00050493
00c52503
40c00633
00166913
fffff097
140080e7
01440613
00050693
00048513
00090593
00c12083
00812403
00412483
00012903
01010113
00000317
ef830067
ff010113
00112623
00812423
00050413
00100593
00000097
9cc080e7
00100593
00040513
00001097
d88080e7
05400593
00b50023
00c12083
00812403
01010113
00008067
ff010113
00112623
00812423
00912223
00050413
06058463
00200513
04a59a63
00100593
00040513
00000097
974080e7
00100593
00040513
00001097
d30080e7
05300593
00b50023
00040513
00000593
00000097
94c080e7
00100593
00040513
00001097
d08080e7
05b00593
00b50023
05600493
ffd00593
00c0006f
05500493
fff00593
00040513
00000097
914080e7
00100593
00040513
00001097
cd0080e7
00950023
00c12083
00812403
00412483
01010113
00008067
ff010113
00112623
00812423
00050413
00000593
00000097
8d0080e7
00100593
00040513
00001097
c8c080e7
05b00593
00b50023
00c12083
00812403
01010113
00008067
ff010113
00112623
00812423
00912223
00058493
00200593
00050413
02b60663
06061c63
00c42503
00048593
fffff097
fa0080e7
01300613
00050693
00040513
00000593
0740006f
00100593
00040513
00000097
850080e7
00100593
00040513
00001097
c0c080e7
05300593
00b50023
00040513
00000593
00000097
828080e7
00100593
00040513
00001097
be4080e7
05a00593
00b50023
00c42503
00048593
fffff097
f2c080e7
ffe00593
01800613
00050693
00040513
00c12083
00812403
00412483
01010113
00000317
ce830067
ff010113
00112623
00812423
00050413
00000593
fffff097
7bc080e7
00100593
00040513
00001097
b78080e7
05a00593
00b50023
00c12083
00812403
01010113
00008067
ff010113
00112623
00812423
00912223
00060713
00f00593
00050413
04c5e263
04069063
0c076493
fff00593
00040513
fffff097
75c080e7
00100593
00040513
00001097
b18080e7
00950023
00c12083
00812403
00412483
01010113
00008067
02668513
0ff57613
fff00593
00040513
00070693
00c12083
00812403
00412483
01010113
00000317
c1830067
ff010113
00112623
00812423
00912223
00050413
00c52503
01660493
fffff097
e10080e7
0ff4f613
fff00593
00050693
00040513
00c12083
00812403
00412483
01010113
00000317
bcc30067
00060713
02868593
0ff5f613
00000593
00070693
00000317
bb030067
ff010113
00112623
00812423
00912223
00050413
00c52503
01960493
fffff097
da8080e7
0ff4f613
00050693
00040513
00000593
00c12083
00812403
00412483
01010113
00000317
b6430067
ff010113
00112623
00812423
00050413
00100593
fffff097
638080e7
00100593
00040513
00001097
9f4080e7
05700593
00b50023
00c12083
00812403
01010113
00008067
ff010113
00112623
00812423
00050413
00200593
fffff097
5f4080e7
00100593
00040513
00001097
9b0080e7
05800593
00b50023
00c12083
00812403
01010113
00008067
ff010113
00112623
00812423
00050413
fff00593
fffff097
5b0080e7
00100593
00040513
00001097
96c080e7
05900593
00b50023
00c12083
00812403
01010113
00008067
ff010113
00112623
00812423
00058693
00050413
04200613
00000593
00000097
020080e7
00100513
00a40323
00c12083
00812403
01010113
00008067
fe010113
00112e23
00812c23
00912a23
01212823
01312623
00068913
00060493
00050413
fffff097
520080e7
00644503
0c051a63
00544503
00300593
02b56a63
02042503
00291913
02c42583
01250533
00052603
40b60633
04500513
ffe60593
00a4ee63
0805b613
00164993
0180006f
00000913
00100993
0180006f
fbe60613
f8063993
41358933
00a4e463
08094a63
00298593
00040513
00001097
878080e7
00950023
04098063
00544583
0454b613
00e61613
00400693
00c90933
00d59a63
00f95593
00058663
00100593
02b40c23
08096593
00795913
00b500a3
00200593
01c0006f
0454b593
00659593
00b90933
08000593
04b97863
00100593
00b50533
01250023
01c12083
01812403
01412483
01012903
00c12983
02010113
00008067
00423537
25050513
00423637
53360613
004236b7
55268693
10300593
00014097
d6c080e7
00423537
25050513
00423637
53360613
004236b7
57468693
10d00593
00014097
d48080e7
00060693
04400613
40b60633
fff00593
00000317
e8830067
00060693
04600613
40b60633
fff00593
00000317
e7030067
fe010113
00112e23
00812c23
00912a23
01212823
01312623
01412423
00058493
00050413
ffff89b7
fff98993
04060263
00060913
0134f6b3
04000613
00040513
00000593
00000097
e24080e7
0084d493
0804f513
012564b3
00100593
00040513
00000097
718080e7
00950023
05c0006f
01049513
02055e63
00100593
00040513
00000097
6f8080e7
05900913
01250023
00300a13
00100593
00040513
00000097
6dc080e7
fffa0a13
01250023
fe0a14e3
0134f6b3
04200613
00040513
00000593
00000097
da8080e7
00100513
00a40323
01c12083
01812403
01412483
01012903
00c12983
00812a03
02010113
00008067
00058693
00163593
04760613
00159593
0ff67613
00000317
d6430067
ff010113
00112623
00812423
00912223
00058413
00050493
00100593
fffff097
284080e7
00100593
00048513
00000097
640080e7
05100593
00b50023
00048513
00040593
fffff097
2bc080e7
00200593
00048513
fffff097
24c080e7
00100593
00048513
00000097
608080e7
05c00613
ffc00593
00c50023
00048513
00c12083
00812403
00412483
01010113
fffff317
21430067
ff010113
00112623
00812423
00050413
fff00593
fffff097
1f8080e7
00100593
00040513
00000097
5b4080e7
05d00593
00b50023
00c12083
00812403
01010113
00008067
ff010113
00112623
00812423
00912223
00050413
40b00633
00367613
05e58493
00060593
fffff097
1a4080e7
00100593
00040513
00000097
560080e7
00950023
00c12083
00812403
00412483
01010113
00008067
00058693
00100593
04b00613
00000317
c2430067
ffc00593
fffff317
15c30067
ff010113
00112623
00812423
00058693
00050413
04a00613
00000593
00000097
bf4080e7
00100513
00a40323
00c12083
00812403
01010113
00008067
ff010113
00112623
00812423
00912223
00050413
fd058493
00000593
fffff097
0fc080e7
00100593
00040513
00000097
4b8080e7
00950023
00c12083
00812403
00412483
01010113
00008067
ff010113
00112623
00812423
00912223
03200613
00050413
00c58a63
03300513
04a59063
0de00493
0080006f
0dd00493
fff00593
00040513
fffff097
094080e7
00100593
00040513
00000097
450080e7
00000593
00950023
0d300493
00c0006f
fd758493
fff00593
00040513
fffff097
060080e7
00100593
00040513
00000097
41c080e7
00950023
00c12083
00812403
00412483
01010113
00008067
00058693
00200713
00100593
00e60463
40d585b3
02a60613
0ff67613
fffff317
52430067
ff010113
00112623
00812423
00050413
ffe00593
fffff097
ff8080e7
00100593
00040513
00000097
3b4080e7
06200593
00b50023
00c12083
00812403
01010113
00008067
ffd58593
00b036b3
fff6c593
00d60633
00261613
00d666b3
02f00613
fffff317
4bc30067
00058693
fff58593
03000613
fffff317
4a830067
00b60733
00861613
00b666b3
03100613
00070593
fffff317
48c30067
00068713
0105a683
00c76633
00060a63
fff00593
03300613
00000317
01830067
00100593
03200613
00000317
00830067
00068713
00c52783
0007a683
00400813
01069e63
0047d683
0087a803
00269893
01180833
00e82023
0080006f
0047d683
00168713
00e79223
fffff317
41c30067
ff010113
00112623
00812423
00912223
00060413
00d766b3
00050493
00068e63
10000513
04a47c63
0105a683
fff44593
02100613
0140006f
0105a683
00100593
408585b3
02000613
00048513
00000097
f74080e7
00100593
00048513
00000097
274080e7
00850023
00c12083
00812403
00412483
01010113
00008067
00423537
25050513
00423637
41c60613
004236b7
43468693
31700593
00013097
7d0080e7
00068793
00060713
00058693
03400613
00000593
00000317
00830067
00171813
01068833
02078263
fff84793
00160613
00871713
00f585b3
00d766b3
0ff67613
fffff317
33430067
410585b3
00871713
00d766b3
fffff317
32030067
00068793
00060713
00058693
fff00593
03600613
00000317
fac30067
ff010113
00112623
00812423
00912223
00050413
fff00593
fffff097
dd4080e7
00100593
00100493
00040513
00000097
18c080e7
06300593
00b50023
00940323
00c12083
00812403
00412483
01010113
00008067
ff010113
00112623
00812423
00912223
01212023
00300613
04c5f863
00050413
40b00633
0645e493
00060593
fffff097
d6c080e7
00100593
00100913
00040513
00000097
124080e7
00950023
01240323
00c12083
00812403
00412483
00012903
01010113
00008067
00423537
25050513
00423637
44960613
004236b7
46268693
33a00593
00013097
678080e7
ff010113
00112623
00812423
00912223
00050413
40b00633
06758493
00060593
fffff097
cec080e7
00100593
00040513
00000097
0a8080e7
00950023
01042503
01651583
0015e593
00b51b23
00c12083
00812403
00412483
01010113
00008067
00400593
fffff317
ca830067
ffd00593
fffff317
c9c30067
00554703
02452683
00400793
00b68633
00050593
00f76a63
02852583
00c5ec63
03452583
00d585b3
02c52223
00058513
00008067
ff010113
00112623
00423537
25050513
00423637
46e60613
004236b7
48e68693
06500593
00013097
5a0080e7
00654603
02061e63
00554703
02c52603
00400793
00b605b3
00050693
00f76e63
03052683
02b6e063
02852683
03452703
00d706b3
00c686b3
02b52623
00068513
00008067
ff010113
00112623
00423537
25050513
00423637
4d260613
004236b7
4f168693
09b00593
00013097
530080e7
00200693
02d5ec63
00054583
03000693
02d59663
00154583
00062683
0205e713
07800793
00250593
02f71a63
fef6f793
02079663
01000693
0180006f
00062683
00050593
00069863
00a00693
00050593
00d62023
40a58533
00008067
06f00793
00f71a63
ff76f793
00079663
00800693
fe1ff06f
06200793
00f71a63
ffd6f713
00071663
00200693
fc9ff06f
00050593
fc0692e3
00100693
fb5ff06f
fc010113
02112e23
02812c23
02912a23
03212823
03312623
03412423
03512223
03612023
01712e23
01812c23
00050913
02400513
00c12a23
1cc54463
00c03533
00262613
00c57533
1a051c63
00068413
00b909b3
04058063
00094503
ffff6097
3f0080e7
00050863
00190913
03397463
fe9ff06f
00094503
02b00593
14b50a63
02d00593
00b51863
00190913
00100493
0080006f
00000493
412985b3
01410613
00090513
00000097
ec0080e7
00050593
00000513
00b90a33
00012823
000a0913
073a7863
00000513
00900a93
05f00b13
01900b93
000a0913
00094583
fd058c13
018afc63
05658263
0205e593
f9f58613
04cbe063
fa958c13
01412583
02bc7a63
01010613
00003097
95c080e7
02051e63
01012503
01850533
00151593
00a5c5b3
00a12823
0205c263
00190913
fb3966e3
00048463
40a00533
00151513
00150493
03491863
0980006f
01412683
01412623
414985b3
00c10513
00048613
00007097
1a4080e7
00c12903
00050493
07490863
03397463
41298a33
00094503
ffff6097
2d0080e7
00050a63
fffa0a13
00190913
fe0a14e3
00098913
05391263
00048513
03c12083
03812403
03412483
03012903
02c12983
02812a03
02412a83
02012b03
01c12b83
01812c03
04010113
00008067
00000493
00190913
ec1ff06f
0042b537
fcc50513
004235b7
5c758593
00006097
b1c080e7
00040593
00000097
018080e7
00423537
5a450513
00001097
b74080e7
ff010113
00112623
00812423
00050413
02058663
0005a683
0345a603
0042b537
f6050513
00a42023
00040513
00068593
00000693
00006097
fec080e7
00040513
ffff3097
6fc080e7
ff010113
00112623
00812423
00068413
0042b537
fcc50513
004235b7
5e258593
00006097
a90080e7
00040593
00000097
f8c080e7
ff010113
00112623
00c00513
ffff3097
788080e7
00100593
00b50123
00c12083
01010113
00008067
00200713
0016f693
00e50123
00d501a3
00b52223
00c52423
00008067
ff010113
00112623
00812423
10050263
00058713
00050413
04060263
00062503
00050e63
00357593
10059663
00052503
0042b5b7
60058593
0eb51e63
00462503
00050e63
00357593
10059863
00052503
0042b5b7
b2058593
10b51063
00044503
00144583
00a5e533
06050063
00060513
00040593
00070613
00000693
00006097
564080e7
00040583
0605dc63
00000613
00000593
00140413
00044683
00140413
01869713
01969693
01f6d693
00c696b3
00b6e5b3
00160613
fe0740e3
0015f593
02059a63
03c0006f
00244503
00200593
0ab51663
00442583
00842683
00060513
00070613
00006097
4fc080e7
00344583
00058863
0042b5b7
09058593
00b52023
00c12083
00812403
01010113
00008067
00423537
60050513
00423637
62060613
004236b7
64068693
0b000593
00013097
090080e7
00423537
60050513
00423637
62060613
004236b7
65268693
0b300593
00013097
06c080e7
00423537
60050513
00423637
62060613
004236b7
6b068693
0b600593
00013097
048080e7
00423537
60050513
00423637
62060613
004236b7
70d68693
0dd00593
00013097
024080e7
ff010113
00112623
00812423
00912223
00068413
00060493
01761613
41f65613
00d67633
00000097
e3c080e7
0ff4f593
0054d493
0084f613
00c40633
00c12083
00812403
00412483
01010113
00004317
24430067
ff010113
00112623
00812423
00912223
ffff4097
5f8080e7
0042c4b7
19048493
0004ac23
0804a023
03448513
00300593
00005097
ac4080e7
04448413
00100593
00040513
00005097
ab0080e7
0ba00593
0aa00613
00040513
00005097
ac4080e7
0084a423
0084a623
00c12083
00812403
00412483
01010113
00008067
00008067
00c52583
00852503
0042c637
19060613
00b62423
00a62623
00008067
00852303
00c52503
00030067
ff010113
00112623
00812423
0042c637
19060613
00862583
00c62603
00050413
02c58a63
00458513
00341593
00258593
00000613
00003097
eb0080e7
00050c63
00452503
00c12083
00812403
01010113
00008067
00040513
00c12083
00812403
01010113
00000317
00830067
ff010113
00112623
00812423
0042c5b7
19c5a583
00351413
00458513
00240413
00040593
00000613
00003097
e50080e7
02051063
0042c537
cc450513
00040593
00000613
00003097
e34080e7
00050c63
00452503
00c12083
00812403
01010113
00008067
0042b537
ed050513
004235b7
72a58593
00000097
008080e7
ff010113
00112623
00059a63
00005097
5a4080e7
ffff3097
2e4080e7
00005097
698080e7
ffff3097
2d4080e7
0042c537
96c50513
00008067
0042c637
19862603
00351513
00250693
00058713
00060513
00068593
00070613
00005317
93430067
0042c5b7
1985a603
00351513
00250593
00060513
00005317
9c430067
0042c637
19c62603
00351513
00250693
00058713
00060513
00068593
00070613
00005317
8f030067
0042c5b7
19c5a603
00351513
00250593
00060513
00005317
98030067
ff010113
00112623
00812423
00912223
00058413
00300593
00b51e63
00040513
00003097
36c080e7
12051663
01e00413
1280006f
00050493
00147513
04051663
00600513
06a49c63
00647513
00200593
08b51263
00345413
00040513
ffff4097
720080e7
04051663
00010593
00040513
ffff5097
860080e7
00012583
ffff4097
2f8080e7
02c0006f
00800513
14956863
00249493
0042b537
95850513
00950533
00052583
40145513
00058067
fff54513
00151513
00150413
0a00006f
00040513
00003097
06c080e7
00b54583
04059463
0640006f
00247513
02051463
00042503
00c54583
00058e63
00259593
00a58533
01052503
004165b7
ba458593
0ab50c63
00040513
00003097
028080e7
00b54583
08058c63
00259593
00a58533
01052603
00048513
00040593
000600e7
00050413
02051463
00400513
eea48ae3
00800513
08a49663
00000413
0100006f
00100513
ec856ee3
00e00413
00040513
00c12083
00812403
00412483
01010113
00008067
fe0554e3
c00005b7
02b51063
40000537
00c12083
00812403
00412483
01010113
00007317
af030067
ffe47413
00100513
40850433
fb5ff06f
00141413
00140413
fa9ff06f
00442503
ee051ce3
00842583
00c42503
00b12023
eb5ff06f
00423537
77f50513
00000097
02c080e7
00423537
73b50513
00423637
75a60613
004236b7
76668693
14e00593
00013097
b80080e7
00050593
0042b537
fa850513
00000097
d34080e7
fd010113
02112623
02812423
02912223
03212023
01312e23
01412c23
01512a23
00060413
00058913
00600593
00050493
04a5c463
00200513
00a48663
00500513
04a49863
00048513
00090593
00040613
02c12083
02812403
02412483
02012903
01c12983
01812a03
01412a83
03010113
00003317
2c830067
00800513
02a48c63
00700513
00a49663
04891863
1540006f
00197513
00050663
00147513
14051663
00600593
0ab48263
00040513
0ab48463
0a80006f
00040513
00005097
72c080e7
02050063
00090513
00040593
00005097
7c8080e7
10051663
00e00493
2900006f
00347513
32051463
00042503
0042b5b7
60058593
30b51c63
00442503
00e00493
26050663
00000a13
00840a93
000aa983
00098513
00005097
6d0080e7
2e050863
00090513
00098593
00005097
76c080e7
0a051863
00442503
001a0a13
004a8a93
22aa7663
fc9ff06f
00090513
00040913
00b49463
02400493
00050413
ff748993
00c00a13
00090513
00003097
db0080e7
00c54583
02058263
00259593
00a58533
01052683
00998513
00090593
00040613
000680e7
1c051a63
013a6663
00d98993
fc5ff06f
01b00513
26a99263
00010593
00090513
00000097
2b4080e7
00050493
00048513
00000097
3e0080e7
f00506e3
00040593
00003097
388080e7
fe0502e3
01e00493
1880006f
02300513
22956063
00249513
0042b5b7
97c58593
00a58533
00052503
40195913
40145993
00050067
0129e533
1340006f
00010613
00090513
00098593
00002097
f14080e7
0e051663
00012503
1140006f
2009c663
00100a93
01512023
00090a13
fe0984e3
0019f513
00050e63
00012503
00010613
000a0593
00002097
ed8080e7
0a051863
fd5982e3
0019d993
01010613
000a0513
000a0593
00002097
eb8080e7
01012a03
08051663
fb9ff06f
1a09c063
01f00513
00a9e463
01f00993
41395533
0a00006f
00200513
16a46663
00090513
00098593
00012097
5f4080e7
0840006f
41390533
07c0006f
0129c533
0740006f
01298533
06c0006f
0129f533
0640006f
1409c663
01f00513
03356463
40000537
fff50513
01355533
01254c63
c0000537
41355533
00a94663
01391533
0340006f
41f95593
00090513
00006097
6d8080e7
00050913
e31ff06f
00200513
0ea46463
00090513
00098593
00012097
554080e7
00151493
00a4c5b3
0005c663
00148493
0140006f
41f55593
00006097
698080e7
00050493
00048513
02c12083
02812403
02412483
02012903
01c12983
01812a03
01412a83
03010113
00008067
00200513
08a46263
00200513
00000593
0000c097
a40080e7
00050493
00090513
00098593
00012097
4f8080e7
00151513
00150513
00a4a423
00090513
00098593
00012097
4c0080e7
00151513
00150513
00a4a623
f85ff06f
cf29c6e3
df1ff06f
cf3942e3
de9ff06f
cd29dee3
de1ff06f
cd395ae3
dd9ff06f
00423537
77f50513
00000097
bd8080e7
0042b537
d8c50513
004235b7
7d758593
00000097
900080e7
00423537
79d50513
00000097
018080e7
00423537
7b250513
00000097
008080e7
00050593
0042b537
fcc50513
00000097
8cc080e7
fe010113
00112e23
00812c23
00912a23
01212823
0e050a63
00058493
00050413
00003097
a90080e7
00050913
00455583
0805f513
04051063
00f94503
06050a63
04049063
00251513
01250533
01052503
00419637
3a060613
02c50263
01000513
ffff3097
be4080e7
00495583
00050493
0100006f
00040513
0780006f
00000493
00f94503
1005f593
00251513
01250533
01050513
00058463
00052503
00052603
00040513
00048593
000600e7
04051263
00f00593
00810613
00040513
00001097
d54080e7
00812503
06050263
00049a63
01000513
ffff3097
b70080e7
00050493
00810513
00048593
00006097
fd4080e7
01c12083
01812403
01412483
01012903
02010113
00008067
00423537
73b50513
00424637
88660613
004246b7
89168693
51600593
00012097
5d8080e7
00424537
89650513
00000097
a50080e7
fb010113
04112623
04812423
00050413
00003097
964080e7
00455583
1805f593
02058663
0042c5b7
1a05a623
00001097
fd0080e7
00050313
00040513
04c12083
04812403
05010113
00030067
01900593
04010613
00040513
00001097
c7c080e7
04012503
08050c63
00010513
ffff3097
9d8080e7
04050063
00412503
00052503
0042b5b7
d2058593
0000c097
798080e7
00412583
06050c63
00058513
00005097
b70080e7
00000413
0042c5b7
1aa5a623
0380006f
04412583
04012503
00b035b3
00259613
04010693
40c686b3
00868693
00000613
00000097
058080e7
00050413
ffff3097
8bc080e7
00040513
04c12083
04812403
05010113
00008067
00424537
8aa50513
00000097
944080e7
00058513
ffff3097
970080e7
00000593
00000613
00000693
00000317
00830067
fe010113
00112e23
00812c23
00912a23
01212823
01312623
00068413
00060493
00058913
00050993
00003097
820080e7
00a54583
02058e63
00259593
00a58533
01052303
00098513
00090593
00048613
00040693
01c12083
01812403
01412483
01012903
00c12983
02010113
00030067
00423537
7e650513
00000097
8a4080e7
ff010113
00112623
00b12423
00100593
00810693
00000613
00000097
f68080e7
00c12083
01010113
00008067
ff010113
00112623
00b12223
00c12423
00200593
00410693
00000613
00000097
f38080e7
00c12083
01010113
00008067
00462683
00062783
00d036b3
00d50733
00269693
40d60633
00860693
00058613
00078513
00070593
00000317
efc30067
fa010113
04112e23
04812c23
04912a23
05212823
05312623
05412423
05512223
05612023
03712e23
03812c23
03912a23
03a12823
03b12623
00050863
00462a03
00860993
00c0006f
00000a13
00460993
00000413
0ff5fd93
01059593
0185d593
002d9913
01298533
00b12823
00359a93
00a12a23
01550533
00052483
00062503
00a12623
4014dd13
040d8863
00200513
04a4e463
00000413
00000b13
00098b93
016d5533
00157513
02050263
000ba503
00003097
9ac080e7
00050a63
00003097
cf0080e7
00a40533
fff50413
001b0b13
004b8b93
fd6d96e3
01012503
04050c63
00000b13
01412b83
004b8b93
015b8ab3
ffcba503
02051a63
000ba503
02050663
00357593
02059263
00052583
0042b637
b2060613
00c59a63
00004097
db8080e7
00ab0533
fff50b13
008b8b93
015b8663
fc1ff06f
00000b13
001d8513
00100593
01012603
00cb0b33
0295f863
00a40533
001b1b13
01650c33
002c1513
ffff2097
774080e7
00050493
020a0c63
0144a023
00100b93
0300006f
001b1b13
00ab0c33
002c1513
ffff2097
74c080e7
00050493
140a0063
0144a023
00100b93
1380006f
00000b93
01012903
140d8663
01612423
00000913
000d8413
00291513
00a98533
00052503
012d55b3
0015f593
08058c63
00357593
02059063
00052583
0042b637
60060613
08c58c63
0042b637
1b460613
08c58663
01810593
00000097
a94080e7
00050a13
00000097
bc4080e7
0a050663
00050a93
002b9c93
01740533
03856063
001c1b13
003c1593
00048513
ffff2097
6f8080e7
00050493
000b0c13
001b8b93
01948533
01552023
000a0513
00000097
b7c080e7
00050a93
004c8c93
fa051ee3
0580006f
358bf663
002b9593
001b8b93
00b485b3
00a5a023
0400006f
01810593
02810613
00003097
c2c080e7
01812603
01760533
34ac6063
02812583
002b9513
00a48533
00261613
00012097
36c080e7
01812503
01750bb3
00190913
fff40413
efb91ce3
01012903
00812b03
0280006f
00000b93
002b9513
00a48533
00098593
00090613
00012097
330080e7
01bb8bb3
01012903
016b89b3
213c7e63
00299593
00048513
ffff2097
620080e7
00050493
20090663
00000d13
02010d93
00400a93
00200b13
000b8c93
003d1513
01412583
00a58533
00052583
00452403
02058063
002c8513
24a9e463
002c9c93
01948cb3
00bca023
008ca223
1200006f
00347513
00051a63
00042503
0042b5b7
b2058593
10b50c63
06a00593
01810613
00040513
00000097
604080e7
01c12583
01812503
00b035b3
00259613
40cd86b3
00000613
00000097
b54080e7
00000593
00000097
8e0080e7
00050a13
00000097
a10080e7
0a050663
00050a93
002c9913
001c8513
03356063
00199c13
00399593
00048513
ffff2097
544080e7
00050493
000c0993
007af513
01650a63
000a8513
0000a097
2b8080e7
00050a93
00f00593
01810613
00040513
00000097
570080e7
01c12583
01812503
03512023
00b03633
00160593
00261613
40cd86b3
00000613
00000097
ab8080e7
012485b3
002c8c93
0155a023
00a5a223
000a0513
00000097
970080e7
00050a93
00890913
f60512e3
000c8513
01012903
00400a93
001d0d13
00050c93
eb2d14e3
09c0006f
00442503
00255513
ffe57513
01950533
16a9e063
00842583
06058663
00000913
00000a13
00c42503
01250533
00052503
00456613
03560c63
00757613
01660863
0000a097
1ec080e7
00842583
002c9613
00c48633
00a62023
00c42503
01250533
00452503
002c8c93
00a62223
001a0a13
00890913
faba68e3
000c8513
01012903
f71ff06f
000c8513
f69ff06f
000c0993
de091ee3
000b8513
41750633
00165613
00c12503
000b8593
00048693
00000097
9c0080e7
00050413
00048513
ffff2097
428080e7
00040513
05c12083
05812403
05412483
05012903
04c12983
04812a03
04412a83
04012b03
03c12b83
03812c03
03412c83
03012d03
02c12d83
06010113
00008067
00423537
73b50513
00424637
9f960613
004246b7
a7768693
3a000593
00012097
de0080e7
00423537
73b50513
00424637
9f960613
004246b7
a3668693
35500593
00012097
dbc080e7
00423537
73b50513
00424637
9f960613
004246b7
a1768693
34000593
00012097
d98080e7
00423537
73b50513
00424637
9f960613
004246b7
a4e68693
37000593
00012097
d74080e7
fd010113
02112623
02812423
02912223
03212023
01312e23
00060493
00357613
00058413
02061063
00052583
0042b637
60060613
08c58663
0042b637
1b460613
08c58063
00810593
fffff097
628080e7
00050913
00012c23
02040e63
00241513
00950533
ffc50493
00100513
00050993
00090513
fffff097
738080e7
08050863
00a4a023
01312c23
ffc48493
00198513
fc89eee3
00090513
fffff097
714080e7
06051663
02c12083
02812403
02412483
02012903
01c12983
03010113
00008067
01810593
00810613
00002097
7cc080e7
01812503
02856c63
02a46a63
fc0404e3
00812503
00241593
00a58533
ffc50513
00b485b3
00052603
00c4a023
00448493
ffc50513
feb498e3
f9dff06f
00423537
7fa50513
fffff097
548080e7
fd010113
02112623
02812423
02912223
03212023
01312e23
01412c23
01512a23
00060413
0ff5f913
01059593
00357613
0185d993
02061063
00052583
0042b637
60060613
10c58c63
0042b637
1b460613
10c58663
00000593
fffff097
4fc080e7
00050493
02090a63
00000a13
01298533
00251513
00a40ab3
00048513
fffff097
614080e7
18050063
00aaa023
001a0a13
ffca8a93
ff4912e3
01212823
00000513
00000593
00006097
ea0080e7
00050913
00048513
fffff097
5dc080e7
02050463
00050593
00090513
00006097
f6c080e7
00048513
fffff097
5bc080e7
00050593
fe0512e3
00892603
13366063
00299593
00b40533
01252023
02098c63
41360533
00261613
40b60633
ffc40413
00c92683
00c686b3
0006a683
00b40733
ffc58593
00d72023
00460613
fe0592e3
0080006f
41360533
00a92423
02c12083
02812403
02412483
02012903
01c12983
01812a03
01412a83
03010113
00008067
00a12623
00c12503
01010593
00810613
00002097
60c080e7
01012503
012985b3
08b56663
00812603
02098863
00251693
00299713
00c686b3
ffc68693
00e40733
00040793
0006a803
0107a023
00478793
ffc68693
fee798e3
40b50533
00291493
009605b3
00006097
d84080e7
00299993
01340433
00a42023
02090463
00812583
00440513
ffc58593
009584b3
0004a603
ffc48493
00c52023
00450513
feb498e3
00012623
f39ff06f
01412823
00423537
7fa50513
fffff097
330080e7
ff010113
00112623
00410613
00000097
028080e7
00812583
00412503
00058663
00003097
adc080e7
00c12083
01010113
00008067
ff010113
00112623
00812423
00060413
00000097
108080e7
00042503
00050a63
00c12083
00812403
01010113
00008067
0042b537
dd450513
004245b7
87458593
fffff097
b8c080e7
ff010113
00112623
00812423
00912223
01212023
00068413
00060493
00367613
02060063
00942023
00c12083
00812403
00412483
00012903
01010113
00008067
00050913
0004a503
00455603
02067693
04069663
0042b637
6f860613
06c50463
0042b637
71060613
fac51ee3
02090263
00090513
00002097
cfc080e7
0042b5b7
6a458593
00b50463
00050913
00090593
0044a503
00b42223
0300006f
04067513
00051663
00942023
0140006f
0045d503
20057513
00942023
f60518e3
01242223
f69ff06f
0044a503
00a42023
f5dff06f
fe010113
00112e23
00812c23
00912a23
01212823
01312623
00060413
00058993
00050493
00062023
00062223
00002097
c74080e7
01900593
00050913
02b99263
00495503
18057513
00050c63
0042c537
9c850513
00a42023
00942223
0a80006f
00d94503
02050863
00251513
01250533
01052683
00048513
00098593
00040613
000680e7
00442503
00400593
06b51c63
00042223
01394503
06050663
00251513
01250533
01052503
00052583
0042b637
b2060613
06c59663
00450513
00399593
00258593
00000613
00001097
7e8080e7
02050a63
00452603
00048513
00090593
00040693
01c12083
01812403
01412483
01012903
00c12983
02010113
00000317
e3430067
01c12083
01812403
01412483
01012903
00c12983
02010113
00008067
00423537
73b50513
00424637
81b60613
004246b7
83068693
4c200593
00011097
7b0080e7
fa010113
04112e23
04812c23
04912a23
05212823
05312623
00068493
00060413
00058913
00050993
00c10513
ffff2097
c00080e7
02050863
04049463
01012503
00052503
0042b5b7
dd458593
0000c097
9bc080e7
02051663
01012503
ffff2097
c0c080e7
00098513
00090593
00040613
00000097
e4c080e7
ffff2097
b0c080e7
05c12083
05812403
05412483
05012903
04c12983
06010113
00008067
fe010113
00112e23
00812c23
00912a23
01212823
00060913
00058413
00050493
00002097
aa0080e7
00d54583
04058663
00400613
00259593
00c12423
01212623
00a58533
01052683
00810613
00048513
00040593
000680e7
00812503
00051e63
01c12083
01812403
01412483
01012903
02010113
00008067
0042b537
dd450513
004245b7
87458593
fffff097
84c080e7
fe010113
00112e23
00812c23
00912a23
00050413
00002097
a1c080e7
00455583
1805f593
02058863
0042c5b7
1a05a623
00000097
088080e7
00050313
00040513
01c12083
01812403
01412483
02010113
00030067
01900593
00c10613
00c10493
00040513
00000097
d2c080e7
00c12503
02050c63
01012583
00b035b3
00259613
40c486b3
00868693
00000613
fffff097
15c080e7
01c12083
01812403
01412483
02010113
00008067
00424537
8aa50513
fffff097
a54080e7
00455583
1805f613
18000693
00d61863
0041b537
5b850513
00008067
0805f613
00061a63
1005f593
02059063
00000513
00008067
00f54583
00259593
00a58533
01052503
00008067
00f54583
00259593
00a58533
01052503
00452503
00008067
fe010113
00112e23
00812c23
00912a23
01212823
01312623
00060493
00058993
00b035b3
00c03633
22c58863
00068413
00050913
00002097
8e4080e7
0042b5b7
0a858593
04b50263
00600593
06b99663
00455603
18067613
06060063
0042c4b7
1a04a623
00000097
f3c080e7
00050593
00090513
000580e7
00a42023
12050a63
00100513
1400006f
00090513
00098593
00048613
00040693
01c12083
01812403
01412483
01012903
00c12983
02010113
00005317
b3c30067
06b98a63
0a099463
1a048e63
00048513
00002097
850080e7
0042b5b7
cd858593
0000b097
6ec080e7
10050063
04700593
00010613
00010993
00090513
00000097
b84080e7
00012503
10050663
00412583
00b035b3
00259613
40c986b3
00868693
00000613
fffff097
fb4080e7
00050593
0940006f
01900593
00010613
00010493
00090513
00000097
b3c080e7
00012503
00050e63
00412583
00b035b3
00259613
40c486b3
00868693
0380006f
08a00593
00010613
00090513
00000097
9f0080e7
00412583
00012503
00810613
01312423
00b036b3
00168593
00269693
40d606b3
00000613
fffff097
f34080e7
00050593
00100513
0140006f
1ac4a583
00059463
00600593
00000513
00b42023
01c12083
01812403
01412483
01012903
00c12983
02010113
00008067
09b00593
00010613
00090513
00000097
a8c080e7
00012503
00050a63
00412583
00810613
00912423
f81ff06f
0042b5b7
d2058593
00048513
00004097
07c080e7
02050063
0042b537
f1850513
004245b7
92158593
00004097
bac080e7
0100006f
00048513
00000097
05c080e7
00050593
00200513
f6dff06f
00423537
73b50513
00424637
8c160613
004246b7
8cb68693
59300593
00011097
2f0080e7
00423537
73b50513
00424637
8c160613
004246b7
90668693
5bf00593
00011097
2cc080e7
ff010113
00112623
00812423
00050413
00004097
f34080e7
02050063
00040513
00000593
00000613
00000693
fffff097
e04080e7
00050413
00040513
00004097
f58080e7
00050c63
00040513
00c12083
00812403
01010113
00008067
0042b537
fa850513
004245b7
94058593
00c12083
00812403
01010113
00004317
ac830067
fe010113
00112e23
00351513
0042c6b7
19c6a683
00600713
00250513
00a12423
00d12623
00e12823
00b12a23
00c12c23
00500513
00810593
0000d097
74c080e7
01c12083
02010113
00008067
fc010113
02112e23
02812c23
02912a23
03212823
03312623
03412423
03512223
04010413
00058493
00050913
fc840613
00000097
8dc080e7
fcc42583
fc842503
00058863
00002097
278080e7
11c0006f
10051c63
0bc00593
fc840613
00090513
00000097
8ac080e7
fc842503
12050263
01700593
fc840613
00090513
00000097
890080e7
fc842503
fc440593
00008097
8f4080e7
fc442983
00050913
00048513
ffff3097
c48080e7
00a98533
00150993
01050513
ff057513
40a10a33
000a0113
fc442603
000a0513
00090593
00011097
3b8080e7
fc442503
02e00593
00aa0533
00b50023
00150913
00048513
ffff3097
c30080e7
00050a93
00048513
ffff3097
bec080e7
00050613
00090513
000a8593
00011097
374080e7
000a0513
00098593
ffff3097
8b0080e7
00351513
0042c5b7
00600613
19c5a583
01e00693
00250513
fca42823
fcb42a23
fcc42c23
fcd42e23
00100513
fea42023
00500513
fd040593
0000d097
5d8080e7
fc040113
03c12083
03812403
03412483
03012903
02c12983
02812a03
02412a83
04010113
00008067
0042b537
e1c50513
004245b7
96a58593
00048613
00000097
008080e7
fe010113
00112223
01012c23
01112e23
00c12423
00d12623
00e12823
00f12a23
00810613
00c12023
00004097
9fc080e7
ffff1097
4dc080e7
fe010113
00112e23
00812c23
00912a23
01212823
01312623
01412423
01512223
00452403
00842503
08050663
00000493
00000913
00400993
05f00a13
0042cab7
00c42503
00950533
00052503
00456593
01359c63
00842503
00190913
00848493
fea960e3
0500006f
00009097
474080e7
00054503
ff4500e3
00c42503
00950533
00052503
00009097
414080e7
00c42583
009585b3
0045a603
198aa683
00351513
00250593
00068513
00003097
ac0080e7
fa5ff06f
01c12083
01812403
01412483
01012903
00c12983
00812a03
00412a83
02010113
00008067
fd010113
02112623
02812423
02912223
03212023
00058413
00050493
0042c537
19050513
00c52583
00852703
00b12c23
00e12e23
00d52423
00c52623
0040d5b7
d0058593
01010513
ffff1097
2e4080e7
0004a903
00048513
00040593
ffff5097
f14080e7
00a12423
00b12623
00143613
00810513
00090593
ffff6097
264080e7
00000593
00000613
00000693
fffff097
a1c080e7
00050413
00100513
ffff1097
2a8080e7
00040513
02c12083
02812403
02412483
02012903
03010113
00008067
ff010113
00112623
00812423
00050413
ffff1097
52c080e7
00050e63
0042b537
eac50513
004245b7
97f58593
ffffe097
018080e7
0042b537
eac50513
004245b7
9a858593
00040613
00000097
de8080e7
00050593
0042b537
f3c50513
ffffe097
fe8080e7
ff010113
00112623
00000097
010080e7
ffff1097
2c8080e7
ff010113
00112623
00854603
00b12423
02060e63
00261613
00a60633
01062583
00412637
07460613
02c59263
00100593
00810693
00000613
00003097
1f4080e7
00c12083
01010113
00008067
00424537
a9450513
00424637
aaf60613
004246b7
ac968693
47100593
00011097
d98080e7
00051c63
0042b537
d2050513
00000593
ffffe097
f48080e7
00050593
0042b537
d2050513
00000097
f54080e7
00424537
9d650513
ffffe097
1e4080e7
00151513
00150593
0042b537
ef450513
00000097
f2c080e7
fd010113
02112623
02812423
02912223
00058413
00050493
01410513
02000593
ffff3097
9bc080e7
004245b7
9eb58593
01410513
00040613
ffff3097
fa8080e7
01410513
00009097
f64080e7
00149493
00148493
00912623
00a12823
0042b537
ef450513
00200593
00c10693
00000613
00003097
0f8080e7
ffff1097
184080e7
fb010113
04112623
04812423
04912223
00058413
00050493
00410513
ffff1097
124080e7
02050063
00812583
0042a537
20850513
00001097
110080e7
00000413
0200006f
00048513
00040593
fffff097
85c080e7
00050413
ffff1097
040080e7
00040513
04c12083
04812403
04412483
05010113
00008067
fb010113
04112623
04812423
04912223
05212023
00060413
00058493
00050913
00010513
ffff1097
0a4080e7
02050063
00412583
0042a537
20850513
00001097
090080e7
00000413
0240006f
00090513
00048593
00040613
fffff097
804080e7
00050413
ffff1097
fbc080e7
00040513
04c12083
04812403
04412483
04012903
05010113
00008067
fe010113
00112e23
00812c23
00912a23
01212823
01312623
01412423
00070413
00068913
00060493
00058a13
00050993
04058063
000a2513
04050063
0a090c63
00092513
0a050c63
0149e533
10050063
41300633
01303533
414006b3
40a686b3
800005b7
fff58593
fff00513
0580006f
0019b513
fc0514e3
00090663
00092513
0080006f
0014b513
800005b7
02051663
fff58593
fff00513
00048613
00090693
00012097
4e8080e7
04ba0063
0145b533
08051463
0980006f
00000513
00098613
000a0693
00012097
4c4080e7
00a03633
40b005b3
40c585b3
04b90a63
00b92533
04051c63
0680006f
01353533
04051663
05c0006f
0014b513
f40518e3
800005b7
00048613
00090693
00012097
480080e7
00a03633
40b005b3
40c585b3
02ba0263
00ba2533
00051a63
0240006f
40a00533
00a4b533
00050c63
00100513
0340006f
40a00533
00a9b533
fe0518e3
00000513
0334b5b3
03448633
033906b3
03348733
00c585b3
00d585b3
00e42023
00b42223
01c12083
01812403
01412483
01012903
00c12983
00812a03
02010113
00008067
00a05e63
800006b7
02b05663
fff68693
02b6d6b3
04a6e263
0480006f
02b05063
800006b7
02b6d6b3
40d006b3
02d54663
0300006f
02a6d6b3
0180006f
02050263
40a006b3
80000737
fff70713
02d756b3
40d006b3
00d5d663
00100693
0100006f
00000693
02a58533
00a62023
00068513
00008067
0042c5b7
1aa5a423
00008067
00200593
02b50263
0042c637
1a862583
00058c63
1a862583
00058863
00100693
1a062423
00d50463
00008067
ff010113
00112623
00058513
ffff1097
e34080e7
0042c5b7
1a85a503
00050663
1a85a503
00051463
00008067
ff010113
00112623
1a05a423
ffff1097
e08080e7
0042c5b7
1a85a503
00050663
1a85a503
00051463
00008067
ff010113
00112623
1a05a423
ffff1097
ddc080e7
0042c5b7
1a85a503
00050663
1a85a503
00051463
00008067
ff010113
00112623
1a05a423
ffff1097
db0080e7
ff010113
00112623
00812423
00912223
00060493
04058863
00058413
06048063
00050613
00040513
00048593
000600e7
00050c63
00442503
02050a63
00842503
00952623
02c0006f
0044a503
0084a223
00a42623
00051863
0084a423
0014e513
00a42623
00048413
0140006f
00942223
00942423
00146513
00a4a623
00040513
00c12083
00812403
00412483
01010113
00008067
fe010113
00112e23
00812c23
00912a23
01212823
01312623
06058063
00058693
00050493
00000413
00c6a603
00167513
0006a623
04051663
00c62903
00062623
00048513
00068593
00000097
f24080e7
00050613
00197993
00048513
00040593
00000097
f0c080e7
00050413
00090693
fa098ce3
0240006f
00000413
0200006f
00048513
00040593
00068613
00000097
ee0080e7
00050413
00042623
00040513
01c12083
01812403
01412483
01012903
00c12983
02010113
00008067
fe010113
00112e23
00812c23
00912a23
01212823
01312623
00058413
04b60c63
00c62903
0c090063
00060593
00c5a583
0015f693
fe068ce3
ffe5f993
0049a583
04b60e63
00058493
00c5a583
feb61ce3
00462583
00062223
00062623
00000097
ee8080e7
04050c63
00a4a623
00050493
04c0006f
00442583
00062223
01c12083
01812403
01412483
01012903
00c12983
02010113
00000317
eb030067
00462583
02058863
00062223
00062623
00000097
e98080e7
00050493
00a9a223
00197513
0124a623
02050063
0099a423
0180006f
00197513
fff50513
01257533
00a9a223
00062623
00040513
01c12083
01812403
01412483
01012903
00c12983
02010113
00008067
ff010113
00112623
00812423
00050413
00000097
044080e7
fff00593
02b50463
00641603
00445583
00260613
01061693
0106d693
00c41323
00b6e663
40b60633
00c41323
00c12083
00812403
01010113
00008067
00050593
00655603
00855683
fff00513
02d60e63
0045d703
00160793
00e7c733
00173713
fff70713
00f77733
02d70063
0005a503
00c50633
00e50533
00064583
00054503
00859593
00a5e533
00008067
00855683
00455783
00655803
00168613
00f64733
00173713
fff70713
00c77733
fff00613
05070063
00170893
00f8c7b3
0017b793
fff78793
0117f7b3
03078463
00000613
00052803
00d806b3
0085d813
01068023
00052683
00e686b3
00b68023
00f51423
00060513
00008067
fe010113
00112e23
00812c23
00912a23
01212823
01312623
00050413
00455503
00845683
00645983
00a686b3
413686b3
02a6e6b3
00c6f863
00a63533
ffe50513
05c0006f
00058493
01360633
02a67933
03397663
00042583
013585b3
41350633
00048513
00010097
7ac080e7
00445503
41350533
00000993
00a484b3
00042583
013585b3
41390633
00048513
00010097
784080e7
00000513
01241323
01c12083
01812403
01412483
01012903
00c12983
02010113
00008067
fe010113
00112e23
00812c23
00912a23
01212823
01312623
00050413
00455683
00655503
00845903
00d50533
fff94713
00e50533
02d56533
00c57863
00d63533
ffe50513
05c0006f
00058493
01260633
02d679b3
0329f663
00042503
01250533
41268633
00048593
00010097
6f0080e7
00445503
41250533
00000913
00a484b3
00042503
01250533
41298633
00048593
00010097
6c8080e7
00000513
01341423
01c12083
01812403
01412483
01012903
00c12983
02010113
00008067
ff010113
0042c537
00c10593
18b52823
01010113
00008067
ff010113
0042c537
19052503
00c10593
40b50533
01010113
00008067
ff010113
0042c537
00c10593
18b52823
01010113
00008067
0042c5b7
18a5a823
00008067
ff010113
0042c537
19052503
00c10593
40b50533
01010113
00008067
00058663
00167593
02058463
01165593
00f61613
01065613
00c59663
00b50863
0100006f
00b56663
00a66463
00008067
00000097
008080e7
ff010113
00112623
00424537
b7c50513
ffffd097
7dc080e7
fc010113
02112e23
02812c23
02912a23
03212823
03312623
03412423
03512223
03612023
01712e23
01812c23
01912a23
01a12823
01b12623
00060413
00050493
0c068a63
00078913
00068993
00058a13
00000b13
00000b93
00000a93
00270c13
00300c93
00200d13
00100d93
029bf063
000c5503
20057593
0e059663
001b0b13
0ff57593
000a0513
0300006f
ffec5503
00351513
00250593
00040513
00000613
00000097
270080e7
02050e63
000c4583
001a8a93
00450513
00052503
03958c63
01a58c63
0bb59463
00001097
898080e7
00a90023
0240006f
00001097
c98080e7
0140006f
000c5503
10057513
06051c63
002c2503
00a92023
001b8b93
008c0c13
00490913
004a0a13
f77992e3
009b7863
0540006f
00000a93
04049663
00042503
00355513
04aae063
03c12083
03812403
03412483
03012903
02c12983
02812a03
02412a83
02012b03
01c12b83
01812c03
01412c83
01012d03
00c12d83
04010113
00008067
00000097
e84080e7
00424537
b1750513
00424637
b3760613
004246b7
b4868693
06f00593
00010097
1c4080e7
fd010113
02112623
02812423
02912223
03212023
01312e23
01412c23
00078413
00070493
00068913
00060993
00050a13
00251613
00c98633
00c10513
00000097
094080e7
00c10613
000a0513
00098593
00090693
00048713
00040793
00000097
e14080e7
02c12083
02812403
02412483
02012903
01c12983
01812a03
03010113
00008067
ff010113
00112623
00812423
00050413
00058c63
00b42223
00359513
ffff0097
6b0080e7
00c0006f
00000513
00042223
00100593
00b42023
00a42423
00c12083
00812403
01010113
00008067
00359693
00768693
00d52023
00b52223
00c52423
00008067
ff010113
00112623
00812423
00050413
00052503
00257593
00059a63
00842503
ffff0097
698080e7
00042503
00757513
00a42023
00042223
00c12083
00812403
01010113
00008067
ff010113
00112623
00812423
00050413
00052503
00257593
00059a63
00842503
ffff0097
650080e7
00042503
00457513
00150513
00a42023
00042223
00042423
00c12083
00812403
01010113
00008067
fc010113
02112e23
02812c23
02912a23
03212823
03312623
03412423
03512223
03612023
01712e23
01812c23
01912a23
01a12823
01b12623
00060913
00050413
00052503
00058493
00060663
00257593
24059e63
00157593
00050b13
04058063
0074f593
00200613
00c59663
00100b13
02c0006f
0034f593
00059a63
0004a583
0042b637
58060613
00c58863
00100b13
01690663
19c0006f
00000b13
00457593
04059063
00442503
00051c63
00100513
18a91063
00040513
00000097
218080e7
0074fa93
00200513
04aa9a63
0034d513
ffff2097
970080e7
00050a13
0540006f
ff857513
14050663
00842983
00a98433
001b7913
0009a503
12950e63
00091a63
00048593
00001097
930080e7
12051463
00898993
fe89e0e3
1180006f
00600513
00048593
ffffd097
1a0080e7
40155a13
00400b93
00100c13
001b7c93
00000b13
00442583
02ba7db3
000d8d13
00842983
003d1513
00a989b3
0009a503
03750463
08050a63
04950863
020c9463
00048593
00001097
8c4080e7
02051e63
00442583
0100006f
000b0463
000b0993
00098b13
001d0d13
02bd7d33
fbbd1ae3
09891a63
0c0b1e63
00040513
00000097
128080e7
f8dff06f
00200513
06a91e63
00442503
00842583
001d0d13
02ad7533
00042603
ff860613
00c42023
00351513
00a58533
00052503
08050863
00400513
00a9a023
0440006f
00100513
02a91c63
00042503
00850513
00a42023
000b0463
000b0993
00200513
0099a023
0009a223
00aa8c63
00042503
ffe57513
00a42023
0080006f
00000993
00098513
03c12083
03812403
03412483
03012903
02c12983
02812a03
02412a83
02012b03
01c12b83
01812c03
01412c83
01012d03
00c12d83
04010113
00008067
0009a023
fbdff06f
00042503
00850513
00a42023
00200513
009b2023
000b2223
00aa8863
00042503
ffe57513
00a42023
000b0993
f8dff06f
00424537
b9850513
00424637
bb360613
004246b7
bc168693
09e00593
00010097
d74080e7
fe010113
00112e23
00812c23
00912a23
01212823
01312623
01412423
01512223
00050413
00452903
02100613
00190513
0042b5b7
a1458593
0005d983
00a9fa63
00060693
fff60613
00258593
fe0696e3
00a9f863
00155593
00a58533
00156993
00842483
00399513
ffff0097
298080e7
00042583
0065f593
00158593
00b42023
01342223
00a42423
04090063
00448993
00391913
01298933
00400a13
ffc9a583
0045e513
01450e63
0009aa83
00100613
00040513
00000097
c7c080e7
01552223
00898993
fd299ce3
00048513
01c12083
01812403
01412483
01012903
00c12983
00812a03
00412a83
02010113
ffff0317
26430067
ff010113
00112623
00812423
00058413
ffff0097
1b0080e7
00852023
00c12083
00812403
01010113
00008067
00357593
00058c63
00f57513
00251513
0042b5b7
a5858593
00a58533
00052503
00008067
00357593
00058c63
00f57513
00251513
0042b5b7
a5858593
00a58533
00052503
00655503
ffff1317
72830067
04058063
0035f713
00058693
00070c63
00f5f693
00269693
0042b737
a5870713
00d706b3
0006a683
0096c703
02070263
00271713
00d706b3
0106a303
00030067
004245b7
bf058593
ffff2317
ee830067
0066d603
004245b7
bf658593
ffff2317
53c30067
00058613
0042a5b7
20858593
00050693
00058513
00068593
00000317
f8430067
fd010113
02112623
02812423
02912223
03212023
01312e23
01412c23
01512a23
01612823
01712623
00058493
00050413
00058513
00003097
814080e7
0c050c63
00810593
00410613
00048513
00003097
9c8080e7
00812503
0a050e63
aaaab5b7
aab58593
02b50533
555555b7
55658593
0eb57c63
004245b7
c3858593
00040513
ffff2097
e2c080e7
00812a83
ffda8513
08054263
002a9b93
00424937
c5c90913
0042a9b7
c9998993
00200b13
ffcb8b93
00424a37
c68a0a13
00412503
01750533
ff852603
00040513
00090593
ffff2097
448080e7
00412503
01750533
00052603
00060c63
00040513
000a0593
ffff2097
428080e7
0140006f
00040513
00098593
ffff2097
dac080e7
ffda8a93
ff4b8b93
fb5b44e3
00200613
00040513
00048593
00000097
e5c080e7
0042a5b7
c9958593
00040513
ffff2097
d78080e7
02c12083
02812403
02412483
02012903
01c12983
01812a03
01412a83
01012b03
00c12b83
03010113
00008067
00424537
bfb50513
00424637
c1660613
004246b7
c2d68693
09100593
00010097
9f4080e7
ff010113
00112623
00812423
00050413
00600593
00000513
08b40c63
00e00593
08b40863
01e00513
00a41663
00100513
0800006f
00147513
04051c63
00247593
00040513
00058c63
00e47513
00251513
0042b5b7
a5858593
00a58533
00052503
00b54583
02058c63
00259593
00a58533
01052603
00400513
00040593
000600e7
00050e63
fe250513
00153513
0240006f
fff40413
00803533
0180006f
00040513
00000097
020080e7
fff50513
00a03533
00c12083
00812403
01010113
00008067
00050593
00757513
00200613
02c51663
ff010113
00112623
0035d513
ffff1097
400080e7
00c12083
01010113
00151513
00150513
00008067
0035f513
02051063
0005a603
0042b6b7
58068693
04d60a63
0042b6b7
5b068693
04d60463
00058613
00050c63
00f5f513
00251513
0042b637
a5860613
00a60633
00062503
00b54603
00060c63
00261613
00a60533
01052303
00500513
00030067
00000513
00008067
0085a503
f89ff06f
00357613
00050593
00060c63
00f57593
00259593
0042b637
a5860613
00b605b3
0005a583
00a5c603
02060263
00261613
00b605b3
0105a583
00419637
2d060613
00c59863
00009317
e7430067
00000593
00b03533
00008067
fd010113
02112623
02812423
02912223
03212023
01312e23
01412c23
01512a23
01612823
01712623
00060493
00058913
00050993
00500513
01e00a13
00a99663
00e00413
00c0006f
01e00413
00e00a13
0042bab7
a58a8a93
02990863
00797513
00200593
04b51c63
0074f513
06b51e63
00090513
00048593
00008097
b14080e7
16050063
1600006f
00197513
14051c63
00297593
00090513
00058863
00e97513
00251513
00aa8533
00052503
00455503
00457513
fa0514e3
12c0006f
00397513
00051a63
00092603
0042b6b7
58068693
f8d60ce3
00197593
02059663
00000b13
00090593
0480006f
0034f513
02051063
0004a503
0042b5b7
58058593
f6b50ae3
00c0006f
0014f513
0c051c63
00000b13
0d604663
001b0b13
0034f513
00048593
00048613
00090493
00060913
00090613
00050863
00f5f593
00259593
00ba8633
00062b83
00cbc503
fc0504e3
004bd583
0085f613
02061263
0034f693
00048613
00068863
00f4f613
00261613
00ca8633
00062603
f9761ee3
00500613
02c99863
0105f593
02058463
00251513
01750533
01052683
00500513
00090593
00048613
000680e7
02051863
00cbc503
00251513
01750533
01052683
00200513
00200b93
00090593
00048613
000680e7
f40502e3
05799263
00050413
00c0006f
01248463
000a0413
00040513
02c12083
02812403
02412483
02012903
01c12983
01812a03
01412a83
01012b03
00c12b83
03010113
00008067
00000097
c2c080e7
fc0502e3
fc5ff06f
ff010113
00112623
00058613
00050593
00200513
00000097
dc8080e7
00c12083
01010113
00000317
bf830067
ff010113
00112623
00812423
00050413
00410593
00000097
02c080e7
00050c63
00412503
00c12083
00812403
01010113
00008067
00040513
fffff097
840080e7
ff010113
00112623
00812423
00058413
00e00613
00c50c63
00050593
01e00513
00a59a63
00100513
0540006f
00000513
04c0006f
0015f513
02051863
0025f513
00051a63
0005a503
0042b637
12460613
02c50063
00800513
ffffc097
7cc080e7
00051a63
0200006f
4015d513
0100006f
00058513
00003097
46c080e7
00a42023
00100513
00c12083
00812403
01010113
00008067
00157593
02059263
00257593
00059a63
00052583
0042b637
12460613
00c58663
00000317
f0c30067
00003317
41c30067
ff010113
00112623
00357693
06069663
00052703
0042b6b7
60068693
02d70063
0042b6b7
1b468693
04d71863
00852683
00c52503
00d5a023
0300006f
00f6c703
04070463
00271713
00d706b3
0106a683
00419737
0ec70713
02e69863
00452683
00d5a023
00850513
00a62023
00c12083
01010113
00008067
00424537
c7150513
ffffd097
8e0080e7
00424537
d5850513
00424637
d7860613
004246b7
d8968693
03500593
0000f097
434080e7
ff010113
00112623
00812423
00058413
00410593
00000097
f40080e7
00412503
00851a63
00c12083
00812403
01010113
00008067
00424537
c8550513
ffffd097
ce0080e7
ff010113
00112623
00812423
00912223
00068493
00167513
00058413
02051063
00010593
00060513
00000097
e24080e7
04050a63
00012503
0080006f
40165513
41f55593
0085f5b3
00b50533
00048e63
00052593
00856463
00040513
fff58593
00a5f533
00c0006f
02054663
02857463
00c12083
00812403
00412483
01010113
00008067
00424537
ca150513
ffffc097
7e4080e7
0042b537
e6450513
004285b7
60158593
ffffc097
50c080e7
00357593
00058663
00003317
23c30067
00054863
00151513
00150513
00008067
00003317
1f030067
ff010113
00112623
00000097
9e0080e7
00050863
00c12083
01010113
00008067
00424537
cba50513
ffffc097
774080e7
ff010113
00112623
00812423
00060413
00357693
00050613
00068c63
00f57613
00261613
0042b6b7
a5868693
00c68633
00062603
00e64683
02068663
00269693
00c68633
01062683
00040613
000680e7
00050a63
00c12083
00812403
01010113
00008067
00400513
00a40c63
02041263
00424537
ccc50513
ffffc097
6f4080e7
00424537
cf150513
ffffc097
6e4080e7
00424537
d0c50513
ffffc097
6d4080e7
00008067
ff010113
00112623
00812423
00060413
00357693
00050613
00068c63
00f57613
00261613
0042b6b7
a5868693
00c68633
00062603
01064683
00068e63
00269693
00c68633
01062683
00347613
000680e7
00050a63
00447413
02041063
00000513
0080006f
00100513
00c12083
00812403
01010113
00008067
00424537
d3350513
ffffc097
648080e7
ff010113
00112623
00812423
00912223
00068413
00060693
00058493
00200613
00058513
00068593
fffff097
df4080e7
00048a63
00042503
fffff097
794080e7
00051663
00e00513
0080006f
01e00513
00c12083
00812403
00412483
01010113
00008067
00e00613
00c58a63
004225b7
36158593
ffff1317
47830067
004225b7
35b58593
ffff1317
46830067
00500613
00c51663
00000513
00008067
00e00613
00c58863
00300593
ffffc317
39830067
00100593
ffffc317
38c30067
00e00693
00d58863
00300593
ffffc317
58c30067
00100593
ffffc317
58030067
fd010113
02112623
02812423
02912223
03212023
01312e23
01412c23
01512a23
01612823
01712623
01812423
01912223
03010413
00070a13
00068493
00060993
00058b13
00050913
00169513
00c50533
00251a93
00500593
004a8c13
02b56263
000c0513
fffef097
600080e7
00050a63
00050b93
00000c93
00050c13
01c0006f
00fc0c13
ff0c7513
40a10c33
000c0113
00000b93
00100c93
016c2023
004c0513
000a0593
000a8613
0000f097
2c0080e7
00198593
00090513
00048613
000c0693
ffffd097
b88080e7
00050493
000c9863
000b8513
fffef097
5ec080e7
00048513
fd040113
02c12083
02812403
02412483
02012903
01c12983
01812a03
01412a83
01012b03
00c12b83
00812c03
00412c83
03010113
00008067
00068713
00060693
00452603
00852783
00058813
00060513
00078593
00080613
00000317
ec830067
00600613
00c51e63
0045a503
0085a583
00b54533
00151513
00150513
00008067
00000513
00008067
00200693
02d51263
0085a503
00862683
00d51863
0045a503
00462583
00b50a63
00e00513
00008067
00000513
00008067
01e00513
00008067
ff010113
00112623
00812423
00912223
00058413
00050493
0042b5b7
ac458593
00c00513
fffff097
2a0080e7
00952223
00852423
00c12083
00812403
00412483
01010113
00008067
ff010113
00112623
00812423
00050413
0042b5b7
ae458593
00800513
fffff097
260080e7
00852223
00c12083
00812403
01010113
00008067
fd010113
02112623
02812423
02912223
03212023
01312e23
01412c23
01512a23
00060413
00058493
00050913
00852603
00141a93
00ba8ab3
00ca8533
00500593
00068993
04a5ec63
00c90593
00261613
00010513
00010a13
0000f097
0f0080e7
00892503
00251513
00aa0533
002a9613
00098593
0000f097
0d4080e7
00892583
00492503
009585b3
00010693
00040613
ffffd097
998080e7
0740006f
00251513
fffef097
364080e7
00050a13
00892603
00c90593
00261613
0000f097
090080e7
00892503
00251513
00aa0533
002a9613
00098593
0000f097
074080e7
00892583
00492503
009585b3
00040613
000a0693
ffffd097
938080e7
00050413
000a0513
fffef097
3a0080e7
00040513
02c12083
02812403
02412483
02012903
01c12983
01812a03
01412a83
03010113
00008067
fe010113
00112e23
00812c23
00912a23
01212823
01312623
01412423
00060413
00058493
00050913
00259993
00c98513
0042b5b7
af858593
fffff097
0dc080e7
00050a13
01252223
00952423
00c50513
00040593
00098613
0000f097
fc0080e7
000a0513
01c12083
01812403
01412483
01012903
00c12983
00812a03
02010113
00008067
00357593
00058663
00000513
00008067
00052503
00854583
fe0588e3
00259593
00a58533
01052503
004115b7
f7c58593
00b54533
00153513
00008067
fd010113
02112623
02812423
02912223
03212023
01312e23
01412c23
00068993
00060913
00058493
00050a13
01000513
fffef097
1e4080e7
00050413
0042b537
b2050513
00a42023
00440513
00000593
fffff097
b44080e7
00996533
01442023
02050e63
0009a503
00812823
00a12a23
00249613
00c98633
00410513
00090593
fffff097
b60080e7
00148513
01010593
00410613
00000097
084080e7
00040513
02c12083
02812403
02412483
02012903
01c12983
01812a03
03010113
00008067
ff010113
00112623
00812423
00912223
00050413
01000513
fffef097
13c080e7
00050493
0042b537
b2050513
00a4a023
00448513
00040593
fffff097
a9c080e7
00048513
00c12083
00812403
00412483
01010113
00008067
fe010113
00112e23
00812c23
00912a23
01212823
01312623
01412423
01512223
00058913
0005a483
0034f593
1c059a63
00050993
0004a503
00854583
1c058263
00259593
00a58533
01052503
00411a37
f7ca0a13
1b451663
0044c503
00257513
1c051263
00060413
00062583
00448493
0035d593
00020637
00560613
00098513
ffffe097
798080e7
00200513
0ea99663
00492503
00357593
08058263
00000593
ffffc097
418080e7
00050913
ffffc097
548080e7
0c050263
00000593
ffffc097
3fc080e7
00050a93
ffffc097
52c080e7
00050993
000a8513
ffffc097
51c080e7
00050a13
000a8513
ffffc097
50c080e7
10098063
0e0a0e63
0e051c63
00100613
00048513
00098593
fffff097
a70080e7
01452223
00090513
f95ff06f
00052583
0085c603
f6060ce3
00261613
00b605b3
0105a583
f74594e3
00092583
02b50e63
00012023
00010593
00000097
7c0080e7
02050463
00052583
00452983
00100613
00048513
fffff097
a14080e7
01352223
00492503
fd1ff06f
00442603
04060663
00000913
00000993
00400a13
00842503
01250533
00052583
0045e693
03468063
00452a83
00100613
00048513
fffff097
9cc080e7
00442603
01552223
00198993
00890913
fcc9e4e3
00600513
01c12083
01812403
01412483
01012903
00c12983
00812a03
00412a83
02010113
00008067
00424537
e4950513
ffffc097
2ac080e7
00424537
dad50513
00424637
e1660613
004246b7
e2268693
17c00593
0000f097
998080e7
00000513
ffffc097
e14080e7
ff010113
00112623
00812423
00058413
00450513
00000613
fffff097
930080e7
00050c63
00452503
00c12083
00812403
01010113
00008067
0042b537
e8850513
00040593
ffffe097
b28080e7
ff010113
00112623
00812423
00912223
01212023
00050413
00357513
0c051a63
00042503
00854583
0c058463
00259593
00a58533
01052503
004115b7
f7c58593
0ab51863
00842483
01000513
fffef097
e34080e7
00050913
0042b537
b2050513
00a92023
00490513
00048593
ffffe097
794080e7
00042503
00492583
00a92023
00442603
00c92503
0075f593
ff867613
00c5e5b3
00b92223
00442683
0016f693
ffc5f593
00d5e5b3
00b92223
00442583
0045f593
00b665b3
00d5e5b3
00b92223
00842603
00c42583
00361613
0000f097
af8080e7
00090513
00c12083
00812403
00412483
00012903
01010113
00008067
00424537
dad50513
00424637
dcc60613
004246b7
ddd68693
10700593
0000f097
82c080e7
fe010113
00112e23
00812c23
00912a23
01212823
01312623
01412423
00058493
00050413
004245b7
ec358593
ffff1097
b2c080e7
00012223
00410593
00048513
00000097
538080e7
08050463
00050a13
00100513
00429937
2a090913
004249b7
ec098993
00157513
00051a63
00040513
00098593
ffff1097
ae4080e7
000a2583
00100613
00040513
fffff097
ba0080e7
00040513
00090593
ffff1097
ac0080e7
004a2583
00100613
00040513
fffff097
b7c080e7
00410593
00048513
00000097
4bc080e7
00050a13
00000513
f80a1ce3
004225b7
20a58593
00040513
01c12083
01812403
01412483
01012903
00c12983
00812a03
02010113
ffff1317
a6030067
00500613
02c50063
00400613
02c51463
0045a503
00800593
02b56263
01e00513
00008067
0045a503
00255513
00156513
00008067
00000513
00008067
00e00513
00008067
fe010113
00112e23
00812c23
00912a23
01212823
01312623
00058413
00200593
02b50663
02400593
0ab51663
00440513
00060593
00000613
ffffe097
66c080e7
08050e63
01e00493
0980006f
00367513
00e00493
08051663
00062503
0042b5b7
b2058593
06b51e63
00442503
00462583
00a5c533
00700593
06a5e463
00460913
00012423
00810593
00040513
00000097
3a8080e7
fa0508e3
00050993
00052583
00090513
00000613
ffffe097
5fc080e7
00e00493
02050663
0049a603
00452583
00060513
fffff097
014080e7
fa051ce3
0100006f
00000493
0080006f
00e00493
00048513
01c12083
01812403
01412483
01012903
00c12983
02010113
00008067
ff010113
00112623
00812423
00058413
00400593
02b60463
04061263
00a12023
00812223
00200513
00010593
00200613
00000097
1f0080e7
0300006f
00450513
00040593
00000613
ffffe097
55c080e7
02050663
00452503
0140006f
00040593
00000097
0d4080e7
00600513
00c12083
00812403
01010113
00008067
0042b537
e8850513
00040593
ffffd097
740080e7
00357613
04061663
00052603
00864683
04068063
00269693
00c68633
01062603
004116b7
f7c68693
02d61463
0042b637
b5060613
00100693
00c5a023
00d5a223
00a5a423
0005a623
00058513
00008067
ff010113
00112623
00424537
dad50513
00424637
ec560613
004246b7
ddd68693
24600593
0000e097
4dc080e7
0042b6b7
b2068693
00450613
00d52023
00060513
ffffe317
38830067
00452503
00355513
00008067
ff010113
00112623
00812423
00912223
00050493
00357513
06051263
00060413
0004a503
00854603
04060a63
00261613
00a60533
01052503
00411637
f7c60613
02c51e63
0044c503
00257513
04051a63
00448513
00100613
ffffe097
418080e7
00852223
00048513
00c12083
00812403
00412483
01010113
00008067
00424537
dad50513
00424637
e0460613
004246b7
ddd68693
29500593
0000e097
414080e7
00000513
ffffc097
890080e7
ff010113
00112623
00812423
00050413
00a12023
00b12223
00200513
00010593
00200613
00000097
01c080e7
00040513
00c12083
00812403
01010113
00008067
ff010113
00112623
00812423
00912223
01212023
00060413
00058493
0005a603
00367593
0a059663
00050913
00062503
00854583
08058e63
00259593
00a58533
01052503
004115b7
f7c58593
08b51263
00040863
00464503
00257513
08051c63
0044a583
00460513
00040613
ffffe097
318080e7
00050e63
00452583
00058a63
00200613
02c41863
00052223
0280006f
00200593
00b91863
06b40463
00600593
0080006f
0084a583
00100613
00c41463
00b52223
00058513
00c12083
00812403
00412483
00012903
01010113
00008067
00424537
dad50513
00425637
bda60613
004246b7
e2268693
13600593
0000e097
2d4080e7
00000513
ffffb097
750080e7
0044a583
0042b537
e8850513
ffffd097
49c080e7
ff010113
00112623
00852703
0005a783
04e7f663
00178693
40e00733
00379793
00100813
00400893
00d70633
07060e63
00c52603
00f60633
00062283
0042e293
05129a63
00168693
00d70633
00878793
fd061ce3
00000613
0400006f
00000613
02e78c63
00452503
00800593
02b56663
00424537
dad50513
00424637
e6f60613
004246b7
e7e68693
04500593
0000e097
220080e7
00d5a023
00060513
00c12083
01010113
00008067
00424537
a9450513
00424637
e9960613
004246b7
eaf68693
1f300593
0000e097
1e8080e7
ff010113
00112623
00812423
00050413
00357513
06051e63
00042503
0042b5b7
b5058593
06b51663
00842503
00c40593
00000097
f04080e7
04050463
00442583
00100613
00c58a63
00200613
00c59a63
00452503
02c0006f
00052503
0240006f
00052583
00452503
00b12023
00a12223
00200513
00010593
00007097
3e8080e7
00c12083
00812403
01010113
00008067
00424537
dad50513
00424637
ed260613
004246b7
ee868693
1ca00593
0000e097
134080e7
ff010113
00112623
00357593
04059863
00052583
0085c603
04060263
00261613
00b605b3
0105a583
00411637
f7c60613
02c59663
00454583
0025f593
04059263
00450513
ffffe097
05c080e7
00600513
00c12083
01010113
00008067
00424537
dad50513
00424637
32960613
004246b7
ddd68693
0fc00593
0000e097
0b4080e7
00000513
ffffb097
530080e7
00000613
00000317
cdc30067
00000593
00000317
00830067
ff010113
00112623
00812423
00912223
00050413
00357513
04051e63
00058493
00042503
00854583
04058663
00259593
00a58533
01052503
004115b7
f7c58593
02b51a63
0042b5b7
c4058593
00c00513
ffffe097
3c0080e7
00852223
00952423
00c12083
00812403
00412483
01010113
00008067
00424537
dad50513
00422637
1b660613
004246b7
ddd68693
22e00593
0000e097
ff8080e7
fe010113
00112e23
00812c23
00912a23
01212823
00058493
0035f593
0e059863
00050413
0004a503
0042b5b7
c4058593
0cb51e63
0084a503
00251513
0042b5b7
c6458593
00a58533
00052583
00040513
ffff0097
2d4080e7
004245b7
75e58593
00040513
ffff0097
2c0080e7
00010593
00048513
00000097
17c080e7
00010513
00000097
d90080e7
04050c63
00050913
00100513
004244b7
ec048493
00157513
00051a63
00040513
00048593
ffff0097
278080e7
00100613
00040513
00090593
ffffe097
334080e7
00010513
00000097
d44080e7
00050913
00000513
fc0910e3
004235b7
b3558593
00040513
ffff0097
238080e7
01c12083
01812403
01412483
01012903
02010113
00008067
00424537
dad50513
00424637
33460613
004246b7
34468693
1f400593
0000e097
ec8080e7
00600613
00c51e63
0085a503
00200613
02c51c63
00159513
00150513
00008067
0045a583
00500613
02c50463
00400613
00c51c63
0045a503
00800593
02b56263
01e00513
00008067
00000513
00008067
0045a503
00255513
00156513
00008067
00e00513
00008067
00050693
02400713
00000513
04e69063
0085a683
00100713
02e69a63
ff010113
00112623
0045a503
00450513
00060593
00000613
ffffe097
de8080e7
00c12083
01010113
00050663
01e00513
00008067
00e00513
00008067
00357613
02061e63
00052603
0042b6b7
c4068693
02d61663
00852603
00452503
0042b6b7
b5068693
00d5a023
00c5a223
00a5a423
0005a623
00058513
00008067
ff010113
00112623
00424537
dad50513
00424637
78260613
004246b7
79468693
1e800593
0000e097
d9c080e7
00100593
00000317
d0830067
00200613
00000317
9c430067
fe010113
00112e23
00812c23
00050413
00357513
08051e63
00042503
00854583
08058863
00259593
00a58533
01052503
004115b7
f7c58593
06b51c63
00442503
00257593
08059863
00700593
08a5fa63
00012a23
01410593
00040513
00000097
a74080e7
08050a63
00442583
ff858593
00b42223
00052583
00452603
00400693
00b12623
00c12823
00d52023
00052223
00200513
00c10593
00007097
f64080e7
01c12083
01812403
02010113
00008067
00424537
dad50513
00425637
bae60613
004246b7
ddd68693
16300593
0000e097
cb0080e7
00000513
ffffb097
12c080e7
0042b537
e8850513
004255b7
bbb58593
ffffb097
e54080e7
00424537
dad50513
00425637
bae60613
004246b7
e7968693
17000593
0000e097
c68080e7
00100613
00000317
89c30067
00200593
00000317
bc830067
ff010113
00112623
00812423
00912223
00050413
ffffe097
fe8080e7
00854503
04050063
00040513
ffffe097
fd4080e7
00050493
00040513
ffffe097
fc4080e7
00854503
00251513
00950533
01052503
004125b7
07458593
00b54533
00153513
00c12083
00812403
00412483
01010113
00008067
fe010113
00112e23
00812c23
00912a23
01212823
01312623
01412423
01512223
00068413
00060693
00058493
00050993
00020637
ffe60613
00058513
00068593
ffffd097
7f8080e7
01000513
fffee097
110080e7
00050663
00050913
00c0006f
0042c937
1b490913
01392023
00092423
0042bab7
5f8a8a93
04048263
00249993
00898513
fffee097
0d8080e7
02050863
00050a13
0042b537
60050513
00aa2023
009a2223
008a0513
00040593
00098613
0000e097
db0080e7
000a0a93
01592623
00090513
01c12083
01812403
01412483
01012903
00c12983
00812a03
00412a83
02010113
00008067
fe010113
00112e23
00812c23
00912a23
01212823
01312623
00060493
00058913
00050413
08067513
f7f67993
02051663
fff98513
00100593
02a5e063
00090513
ffffe097
e84080e7
00050593
00040513
ffff0097
dd0080e7
00200513
00a99c63
004295b7
2a058593
00040513
ffff0097
db4080e7
07f00513
00954a63
02048063
00200513
00a48c63
0580006f
08000513
00a48663
08200513
04a49463
00c92583
00058a63
0045a503
00100613
06c50063
02051a63
0042a5b7
d8058593
00040513
01c12083
01812403
01412483
01012903
00c12983
02010113
ffff0317
d4830067
00c92583
00040513
00048613
01c12083
01812403
01412483
01012903
00c12983
02010113
00006317
7f030067
0085a583
00040513
00000613
01c12083
01812403
01412483
01012903
00c12983
02010113
ffffe317
dc030067
ff010113
00112623
00000097
02c080e7
00c52503
00452583
00058663
00852503
0080006f
00600513
00c12083
01010113
00008067
ff010113
00112623
00812423
00050413
00000097
640080e7
02050663
00040513
00000097
d18080e7
00051463
01042403
00040513
00c12083
00812403
01010113
00008067
00425537
bea50513
00425637
c7e60613
004256b7
c9368693
07900593
0000e097
920080e7
ff010113
00112623
00812423
00060413
00062603
02060463
0be00613
06c59263
00442583
00600613
04c59c63
00000593
00455603
00c52223
0440006f
0c500613
00c58e63
0a200613
00c58a63
03d00613
02c59863
00c52583
0240006f
00000097
f3c080e7
00c52503
00452583
00058663
00852583
0080006f
00600593
00b42023
00c12083
00812403
01010113
00008067
ff010113
00112623
00812423
00050413
00854503
06050863
00251513
00850533
01052503
004125b7
07458593
04b51c63
00020637
ffe60613
00000513
00000593
ffffd097
4ac080e7
01000513
fffee097
dc4080e7
00051663
0042c537
1b450513
0042b5b7
5f858593
00852023
00052423
00b52623
00c12083
00812403
01010113
00008067
00425537
bea50513
00425637
c0b60613
004246b7
ac968693
18000593
0000d097
7e8080e7
00060693
00854603
02060463
00261613
00a60633
01062603
00412737
07470713
00e61863
00000613
00000317
be430067
ff010113
00112623
00425537
bea50513
00425637
c2060613
004246b7
ac968693
18500593
0000d097
78c080e7
fe010113
00112e23
00812c23
00912a23
01212823
00050413
00854503
0e050063
00058493
00251513
00850533
01052503
004125b7
07458593
0cb51263
01000513
fffee097
ccc080e7
04050e63
00050913
0042b537
58050513
00a92023
00048513
0000e097
bd4080e7
00050593
00a92423
00992623
00048513
fffef097
d08080e7
00a92223
01212623
00100593
00c10693
00040513
00000613
00000097
b18080e7
0440006f
00020637
ffe60613
00000593
ffffd097
338080e7
01000513
fffee097
c50080e7
00051663
0042c537
1b450513
0042b5b7
5f858593
00852023
00052423
00b52623
01c12083
01812403
01412483
01012903
02010113
00008067
00425537
bea50513
00425637
c3a60613
004246b7
ac968693
18d00593
0000d097
66c080e7
fe010113
00112223
01012c23
01112e23
00c12423
00d12623
00e12823
00f12a23
00810613
00c12023
00000097
014080e7
00412083
02010113
00008067
fc010113
02112e23
02812c23
02912a23
03212823
03312623
03412423
03512223
18058c63
00050413
00854503
16050463
00058493
00251513
00850533
01052503
004125b7
07458593
14b51663
00060993
01000513
fffee097
b5c080e7
00050913
00048513
0000e097
a74080e7
00050a13
00150a93
000a8513
fffee097
b38080e7
06090263
0a050463
00100593
01410613
004126b7
7fc68693
00b12a23
01512c23
00012e23
02a12023
00c12623
00d12823
00c10513
00048593
00098613
ffff0097
f44080e7
01c12503
02012583
00a58533
00050023
01c12a03
01492423
02012483
0500006f
00020637
ffe60613
00000513
00000593
ffffd097
198080e7
01000513
fffee097
ab0080e7
00051663
0042c537
1b450513
0042b5b7
5f858593
00852023
00052423
00b52623
0480006f
01492423
00992623
0042b537
58050513
00a92023
00048513
000a0593
fffef097
adc080e7
00a92223
01212a23
00100593
01410693
00040513
00000613
00000097
8ec080e7
03c12083
03812403
03412483
03012903
02c12983
02812a03
02412a83
04010113
00008067
00425537
bea50513
00425637
c5360613
004246b7
ac968693
1dc00593
0000d097
478080e7
00425537
bea50513
00425637
c5360613
004256b7
c7268693
1d900593
0000d097
454080e7
fe010113
00112e23
00812c23
00912a23
01212823
01312623
00050413
00852683
00452703
00060913
00c68533
00058493
04e56e63
00044503
02050a63
00c42503
00e90733
01070993
00100613
00098593
fffee097
9d8080e7
02050063
00842683
01342223
00a42623
0240006f
fff6c913
01270933
0180006f
00842683
00442903
00040023
fff6c513
00a90933
00c42503
00d50533
00048593
00090613
0000d097
63c080e7
00842503
01250533
00a42423
01c12083
01812403
01412483
01012903
00c12983
02010113
00008067
00357593
00059a63
00052583
0042b637
6a460613
00c58a63
0042b5b7
c7058593
00007317
5c030067
00854583
fe0586e3
00259593
00a585b3
0105a583
00412637
07460613
fcc59ae3
00100513
00008067
ff010113
00112623
00812423
00050413
fffff097
6d8080e7
00050663
00100513
0300006f
00040513
ffffd097
6bc080e7
00000097
f80080e7
00050c63
01042503
0042b5b7
66458593
00b54533
00a03533
00c12083
00812403
01010113
00008067
ff010113
00112623
00812423
00912223
00058413
00050493
00000097
f88080e7
00050a63
00048513
ffffd097
65c080e7
00050493
00048513
00040593
00c12083
00812403
00412483
01010113
00007317
4e430067
ff010113
00112623
00000097
8f4080e7
00052423
00c12083
01010113
00008067
fe010113
00112e23
00812c23
00912a23
01212823
01312623
01412423
00068413
00060493
00058913
00010a37
fffa0a13
00000097
8ac080e7
00050993
00852503
04050863
0049a583
0105d613
00360693
0145f633
04d67a63
00261593
00c58593
00100613
fffed097
7d4080e7
06050663
0049a583
00a9a423
ffff0637
00358693
0146f6b3
00c5f5b3
00b6e5b3
01c0006f
00c00513
fffed097
750080e7
00a9a423
02050c63
00300593
ffff0637
00ca6633
00e5d693
ffc6f693
00d50533
000306b7
00c5f5b3
00d585b3
00b9a223
01252023
00952223
00852423
01c12083
01812403
01412483
01012903
00c12983
00812a03
02010113
00008067
ff010113
00112623
00812423
00912223
00060413
00058493
fffff097
7cc080e7
00852583
00058663
00655503
0080006f
00000513
00a4a023
00b42023
00c12083
00812403
00412483
01010113
00008067
ff010113
00112623
00812423
00050413
00357513
02051e63
00042503
0042b6b7
ff068693
02d51663
00058513
00060593
00000613
ffffd097
d44080e7
00442303
00c12083
00812403
01010113
00030067
00425537
cb950513
00425637
ce960613
004256b7
cfc68693
03700593
0000d097
0a8080e7
ff010113
00112623
00812423
00912223
00050493
00357513
04051863
00068413
0004a503
0042b6b7
00868693
02d51e63
000206b7
00268693
00058513
00060593
00068613
ffffd097
cc0080e7
0044a303
00042503
00c12083
00812403
00412483
01010113
00030067
00425537
cb950513
00425637
d2c60613
004256b7
d3f68693
04300593
0000d097
01c080e7
ff010113
00112623
00812423
00912223
00050493
00357513
04051a63
00068413
0004a503
0042b6b7
02068693
04d51063
000406b7
00468693
00058513
00060593
00068613
ffffd097
c34080e7
0044a303
00042503
00442583
00c12083
00812403
00412483
01010113
00030067
00425537
cb950513
00425637
d6f60613
004256b7
d8268693
04f00593
0000d097
f8c080e7
ff010113
00112623
00812423
00912223
00050493
00357513
04051c63
00068413
0004a503
0042b6b7
03868693
04d51263
000606b7
00668693
00058513
00060593
00068613
ffffd097
ba4080e7
0044a303
00042503
00442583
00842603
00c12083
00812403
00412483
01010113
00030067
00425537
cb950513
00425637
db260613
004256b7
dc568693
05b00593
0000d097
ef8080e7
fe010113
00112e23
00812c23
00912a23
01212823
01312623
00050913
00357513
0a051863
00058493
00092503
0042b5b7
05058593
08b51e63
00068413
00060993
00492603
00048513
00098593
ffffd097
b08080e7
00494503
00157513
02051663
00892303
00048513
00040593
01c12083
01812403
01412483
01012903
00c12983
02010113
00030067
00249613
00c40633
00010513
00098593
ffffd097
d6c080e7
00892683
00010613
00048513
00040593
000680e7
01c12083
01812403
01412483
01012903
00c12983
02010113
00008067
00425537
cb950513
00425637
df560613
004256b7
e0a68693
06700593
0000d097
e04080e7
ff010113
00112623
00812423
00050413
00c52503
00050583
00150513
fe05cce3
00050583
00150513
fe05cce3
0000c097
d44080e7
00442583
0085a583
00151513
00a58533
00055503
00c12083
00812403
01010113
00008067
fd010113
02112623
02812423
02912223
03212023
01312e23
01412c23
01512a23
01612823
01712623
03010413
00068913
00060993
00058a13
00050493
00c52703
00070603
01961593
01d61513
01c5d593
01f55513
02065e63
00000613
00000693
00170713
00d707b3
00078783
0307f813
00c81833
00b865b3
0027f813
00d81833
00168693
00a86533
00260613
fc07cce3
00158b93
00251593
00451513
002b9613
40b50533
00a60533
02c00593
01450b13
02a5f063
000b0513
fffed097
274080e7
00050863
00050a93
00000b13
0180006f
00fb0b13
ff0b7513
40a10ab3
000a8113
00100b13
009aa023
017a9623
000a8513
000a0593
00098613
00090693
0000c097
c50080e7
0044a503
0042c937
19c92583
00452503
00baa823
18a92e23
000a8513
00000593
0000a097
2e0080e7
00050493
010aa503
18a92e23
00048a63
00200513
06a49263
014a8513
0080006f
008aa503
00052903
000b1863
000a8513
fffed097
22c080e7
00090513
02049a63
fd040113
02c12083
02812403
02412483
02012903
01c12983
01812a03
01412a83
01012b03
00c12b83
03010113
00008067
fffed097
0c8080e7
00425537
cb950513
00425637
e3c60613
004256b7
e4868693
14e00593
0000d097
be4080e7
fe010113
00112e23
00812c23
00912a23
01212823
01312623
01412423
01512223
01612023
00068413
00060913
00058493
02050663
00052a03
020a0a63
003a7593
0c059c63
000a2583
0042b637
60060613
0cc59463
004a2b03
0180006f
00000b13
00000a13
00000a93
0340006f
00000b13
00452a83
020a8263
003af513
0c051063
000aa503
0042b5b7
b2058593
0ab51863
001b0513
0080006f
000b0513
00251513
01050513
0042b5b7
06858593
ffffd097
eb8080e7
00050993
01252223
00852423
00952623
002b1413
000a0c63
01098513
008a0593
00040613
0000d097
d90080e7
000a8663
00898433
01542823
00098513
01c12083
01812403
01412483
01012903
00c12983
00812a03
00412a83
00012b03
02010113
00008067
00425537
cb950513
00425637
cd760613
004236b7
68468693
1af00593
0000d097
aa8080e7
00425537
cb950513
00425637
cd760613
004236b7
6e268693
1b500593
0000d097
a84080e7
fe010113
00112e23
00812c23
00912a23
01212823
01312623
01412423
01512223
00068413
00060493
00058913
00050993
00c52703
00070603
01961593
01d61513
01c5d593
01f55513
02065e63
00000613
00000693
00170713
00070783
00170713
0307f813
00c81833
00b865b3
0027f813
00d81833
00168693
00a86533
00260613
fc07cce3
00158a93
00259593
00251613
00451513
40c50533
00a58533
02050513
0042b5b7
0a858593
ffffd097
d5c080e7
00050a13
00600593
00850513
00ba2223
013a2423
015a1a23
00090593
00048613
00040693
0000c097
950080e7
000a0513
01c12083
01812403
01412483
01012903
00c12983
00812a03
00412a83
02010113
00008067
ff010113
00112623
00812423
00912223
01212023
00050493
00357513
12051463
00068413
0004a503
0042b6b7
0a868693
10d51a63
00c4a503
02050063
0044a503
12050463
0104a503
01848693
00d50a63
00b52023
0140006f
00600593
0c40006f
00600513
10a59a63
0084a503
00452503
0042c937
19c92583
00452683
0004a223
00b4ac23
00848513
18d92e23
00060593
0000a097
f48080e7
0184a583
18b92e23
00600593
00100613
00b4a223
04c50c63
00200913
07251063
01c4a503
0004a623
00a42023
ffffd097
c68080e7
0042b5b7
d2058593
00007097
b04080e7
04050663
0042b537
f1850513
004245b7
92158593
fffff097
104080e7
00050593
00200513
0200006f
0104a503
00052583
00100513
0100006f
0104a583
0004a623
0005a583
00b42023
00050913
00090513
00c12083
00812403
00412483
00012903
01010113
00008067
00425537
e7150513
00425637
e9560613
004256b7
ea768693
09b00593
0000d097
818080e7
00425537
2fc50513
ffffa097
0f8080e7
00425537
31850513
ffffa097
c80080e7
ff010113
00112623
00812423
00912223
00058413
0085a583
00050493
00058513
00000097
9d4080e7
004255b7
34e58593
00050613
00048513
00040693
00c12083
00812403
00412483
01010113
fffef317
14030067
00600593
00000613
00000693
00000317
00830067
ff010113
00112623
00812423
00068413
00410693
00000097
dfc080e7
00412583
00100613
02c50663
00200613
02c50c63
ffa58513
00153513
fff50513
00b57533
02041863
00000593
0042c637
1aa62623
00058513
00c12083
00812403
01010113
00008067
00058513
fffed097
be0080e7
ffffc097
988080e7
ff010113
00112623
00812423
0042b637
08060613
00600593
00410693
00000097
d7c080e7
00200593
02b50263
00100593
04b51063
0042b537
f1850513
004255b7
36c58593
ffffa097
894080e7
00412403
00040513
ffffd097
a70080e7
0042b5b7
cd858593
00007097
90c080e7
00050c63
00600513
00c12083
00812403
01010113
00008067
00040513
fffed097
b48080e7
00100693
00000613
00000317
ef030067
0045a603
00300693
00d56a63
0085a503
00600693
00d50463
00050613
0005a503
00600593
00100693
00000317
ec030067
0042b637
10c60613
00c5a023
00052603
00c5a223
00452503
00100613
00a5a423
00c5a623
00058513
00008067
fb010113
04112623
04812423
04912223
00050413
00410513
fffed097
a80080e7
02050863
00812503
00052583
0042b637
d2060613
00000493
04c58463
0042b637
e6460613
02c58e63
fffed097
a8c080e7
00440613
00100513
00000593
ffffa097
200080e7
00050493
00c42503
00156513
00250513
00a42623
fffed097
978080e7
00048513
04c12083
04812403
04412483
05010113
00008067
fd010113
02112623
02812423
02912223
00058693
00050413
01410493
01000513
00912823
00a12623
01010513
00c10593
00810613
00a00713
00000793
00000813
00000893
00000097
03c080e7
00050593
00040513
fffef097
85c080e7
01012503
00950663
fffed097
afc080e7
02c12083
02812403
02412483
03010113
00008067
fd010113
02112623
02812423
02912223
03212023
01312e23
01412c23
01512a23
01612823
01712623
01812423
01912223
00088a93
00080b93
00078a13
00070b13
00068c13
00060413
00058c93
00050493
02000513
00070593
00078613
00088693
00000097
178080e7
000ca583
00050913
02a5f063
00090513
fffed097
9cc080e7
00050993
00a4a023
012ca023
0080006f
0004a983
401c5c93
01298833
00200513
fe080fa3
00ac7a63
ffe80b93
03000513
fea80f23
0800006f
41fc5593
ff6b0613
fff80813
0f6b8513
00bcc6b3
00c03633
40b686b3
00360593
00900613
00080713
0366d7b3
036788b3
411688b3
01166663
03088893
0080006f
011508b3
fff80b93
ff180fa3
0366e063
000a8e63
0179fc63
417708b3
00b89863
ffe80b93
ff580f23
000b8713
0166e863
00078693
000b8813
fb79e8e3
040a0063
000a0513
0000d097
870080e7
40ab8533
02a9f663
000a4583
02058063
001a0a13
00050613
00b60023
000a4583
00160613
001a0a13
fe0598e3
00050b93
000cdc63
0179fa63
fffb8513
02d00593
febb8fa3
00050b93
0004a503
fffbc593
00b905b3
00b50533
00a42023
000b8513
02c12083
02812403
02412483
02012903
01c12983
01812a03
01412a83
01012b03
00c12b83
00812c03
00412c83
03010113
00008067
ff010113
00112623
00812423
00912223
ffe58713
00f00793
08f77263
00422737
a5070713
00e58733
fff74703
02e55433
02068463
00a00513
00140493
02a59a63
aaaab537
aab50513
02a4b4b3
0014d493
00061863
0240006f
00000493
00060e63
00060513
0000c097
770080e7
0100006f
0024d493
fe0616e3
00000513
00940433
00a40533
00350513
00c12083
00812403
00412483
01010113
00008067
00425537
38c50513
00425637
3aa60613
004256b7
3bd68693
0d800593
0000c097
26c080e7
ff010113
00112623
ffffd097
c80080e7
00a025b3
00052513
40a58533
00c12083
01010113
00008067
00000513
00008067
00000317
00830067
00058693
01e00593
00b60a63
00e00593
00b61e63
00100613
0080006f
00300613
00068593
ffff9317
6a430067
01d00593
06b51463
00767513
00200593
00b51c63
01d00513
00060593
00068613
ffff9317
67c30067
00367513
04051063
00062503
00c54583
00058e63
00259593
00a585b3
0105a583
00416737
ba470713
fce582e3
0042b5b7
60058593
fab50ce3
0042b5b7
1b458593
fab506e3
00000513
00008067
ff010113
00112623
0042b537
d6850513
004255b7
3d558593
ffff9097
33c080e7
ff010113
00112623
0042b537
d6850513
004255b7
3fa58593
ffff9097
31c080e7
ff010113
00112623
0042b537
d6850513
004255b7
3fa58593
ffff9097
2fc080e7
01e55593
00059863
00151513
00150513
00008067
ff010113
00112623
0042b537
d6850513
004255b7
3fa58593
ffff9097
2c8080e7
00151593
00a5c533
00054663
00158513
00008067
ff010113
00112623
0042b537
d6850513
004255b7
3fa58593
ffff9097
294080e7
40155513
00008067
40155513
00008067
ff010113
00112623
00068893
00060293
00058813
00200593
40155693
04b56463
04078263
0006d463
04070e63
00300513
03056a63
06080463
00381513
00070e63
fff50513
00100593
00a59533
40a005b3
00b6d863
0480006f
00100593
00a59533
02a6de63
00400613
00080513
00028593
00088713
00c12083
01010113
00008317
2dc30067
0042b537
d6850513
004255b7
40d58593
ffffb097
fd4080e7
0042b537
d6850513
004255b7
43458593
00080613
ffffb097
fb8080e7
fe010113
00112e23
00812c23
00912a23
00068413
00060693
00058493
00400613
00058513
00068593
ffffc097
c38080e7
00100513
08048263
04a49063
00042583
00800513
ffff9097
240080e7
06051663
00042503
00810593
00100613
ffffd097
d60080e7
06050463
00812503
00c12583
00a00613
0380006f
00042503
00810593
00002097
704080e7
00812483
00442583
00050413
00058513
ffffd097
988080e7
00050613
00040513
00048593
00000693
ffff9097
ac0080e7
01c12083
01812403
01412483
02010113
00008067
00042503
ffffb097
1c8080e7
fe010113
00112e23
00812c23
00912a23
00058413
0045a683
00050493
00810593
00500613
00068513
ffffd097
cbc080e7
00812503
00300613
00100593
02c4e063
00842603
36a00693
00d61a63
00c12583
00b50533
fff50513
fff00593
00c12683
04068263
00000613
02d586b3
00d506b3
00054783
00861713
00b50533
00f76633
fed518e3
01e75713
02070063
0042b537
d6850513
004255b7
3fa58593
ffff9097
050080e7
00000613
00161513
00150513
01c12083
01812403
01412483
02010113
00008067
fd010113
02112623
02812423
02912223
00058493
fff50513
00458593
0042b737
18c70713
00300693
01810793
ffffc097
ae8080e7
01812403
06044063
0004a483
00810513
00040593
fffee097
af8080e7
01c12503
01012603
02014703
c9650513
00a036b3
00100793
00048513
00040593
00000097
d3c080e7
00810513
00004097
06c080e7
02c12083
02812403
02412483
03010113
00008067
00000513
ffff9097
6b4080e7
ff010113
00112623
00812423
00912223
01212023
00068413
00060693
00058913
00200613
00058513
00068593
ffffc097
9f4080e7
01000513
fffec097
2cc080e7
00050493
0042b537
1b450513
00400593
00a4a023
00b4a223
0004a423
01000513
fffec097
2a4080e7
0044a603
00a4a623
00261613
00000593
0000c097
110080e7
00090a63
00042583
00048513
00000097
0a4080e7
00048513
00c12083
00812403
00412483
00012903
01010113
00008067
ff010113
00112623
00812423
00912223
01212023
00058413
00050913
01000513
fffec097
234080e7
00050493
00090593
00001097
9e8080e7
02040663
02090463
00000513
00291913
00c4a583
00a40633
00062603
00a585b3
00450513
00c5a023
ff2514e3
00048513
00c12083
00812403
00412483
00012903
01010113
00008067
ff010113
00112623
00812423
00912223
00050413
00058513
00000593
ffff9097
574080e7
00050493
ffff9097
6a4080e7
02050463
00050593
00040513
00000097
034080e7
00048513
ffff9097
684080e7
00050593
fe0512e3
00040513
00c12083
00812403
00412483
01010113
00008067
ff010113
00112623
00812423
00912223
00050493
00357513
08051e63
00058413
0004a503
0042b5b7
1b458593
08b51463
0044a583
0084a503
04b56663
00c4a503
00359593
fffec097
174080e7
0044a583
0084a603
00159593
00160613
00b4a223
00a4a623
00261693
40c585b3
00d50533
00259613
00000593
0000c097
f70080e7
0084a503
00c4a583
00150613
00251513
00c4a423
00a585b3
00600513
0085a023
00c12083
00812403
00412483
01010113
00008067
00425537
45a50513
00425637
47960613
004256b7
48c68693
0e500593
0000c097
b4c080e7
ff010113
00112623
00812423
00058413
fff50513
00458593
0042b737
1a470713
00200693
00010793
ffffb097
7d0080e7
00042503
00357593
06059a63
00052583
0042b637
1b460613
06c59263
00852583
00200613
04c5e263
00012603
00c52503
00414683
ffa60713
00173713
fff70713
00c77633
00259593
ffc50513
00b505b3
00069663
01e00693
0080006f
00e00693
00000097
040080e7
00600513
00c12083
00812403
01010113
00008067
00425537
45a50513
00426637
86560613
004266b7
87668693
15200593
0000c097
a7c080e7
fc010113
02112e23
02812c23
02912a23
03212823
03312623
03412423
03512223
03612023
01712e23
01812c23
01912a23
01a12823
01b12623
00058c13
00050993
40a58533
00500593
14b54a63
00068413
00060493
00098b93
000c0b13
000c2a83
00048c63
00048513
000a8593
ffff9097
5f4080e7
00050a93
000c0913
00098a13
004a0593
00058613
00060a13
00058c93
03267c63
000a2583
00048a63
00048513
ffff9097
5c0080e7
00050593
00000513
000a8613
ffff9097
e5c080e7
004a0613
004c8593
fc8502e3
ffc90d13
ffc90d93
05ba7a63
000da603
00048c63
00048513
00060593
ffff9097
57c080e7
00050613
00000513
000a8593
ffff9097
e18080e7
ffcd0d13
000d8913
fc8502e3
000da503
000a2583
00aa2023
00bda023
000d8913
f61ff06f
000c2503
000a2583
417d0633
419b06b3
00aa2023
00bc2023
ffc90a93
02d65463
00098513
000a8593
00048613
00040693
00000097
eac080e7
000c0d13
000a0993
0240006f
000a0513
000c0593
00048613
00040693
00000097
e88080e7
00098c93
000a8c13
419d0533
000c8b93
000d0b13
00400593
eca5c2e3
03c12083
03812403
03412483
03012903
02c12983
02812a03
02412a83
02012b03
01c12b83
01812c03
01412c83
01012d03
00c12d83
04010113
00008067
ff010113
00112623
00357613
04061863
00052603
0042b6b7
1b468693
04d61063
00a12223
00b12423
00200513
00410593
00000097
050080e7
00a12423
00200513
00410593
00000097
09c080e7
00600513
00c12083
01010113
00008067
00425537
45a50513
00426637
c5760613
004266b7
c6a68693
19400593
0000c097
824080e7
00058693
0005a703
00377593
02059463
00050613
00072503
0042b5b7
1b458593
00b51a63
00872583
00c72503
00007317
be430067
ff010113
00112623
00425537
45a50513
00426637
04360613
004266b7
04e68693
17500593
0000b097
7c4080e7
ff010113
00112623
00812423
00912223
0005a483
0034f613
0e061063
0004a603
0042b6b7
1b468693
0cd61863
0084a683
0e068663
00100613
00c51663
fff00613
0080006f
0045a603
0042b537
1b450513
00068593
00000693
ffffc097
37c080e7
00c4a683
0084a583
00251613
00c686b3
fff58613
0006a403
00c4a423
00468593
40a60633
00261613
00068513
0000c097
a94080e7
0084a503
00c4a603
0044a583
00251693
00d60633
00500693
00062023
02d5e863
00151513
02b57463
00c4a503
00159593
ffc5f593
fffec097
c90080e7
0044a583
0015d593
00b4a223
00a4a623
00040513
00c12083
00812403
00412483
01010113
00008067
00425537
45a50513
00426637
42760613
004266b7
43068693
10600593
0000b097
6a8080e7
0042b537
e6450513
004275b7
80958593
ffff9097
858080e7
fe010113
00112e23
00812c23
00912a23
01212823
01312623
01412423
00058493
00050413
004245b7
75f58593
fffee097
990080e7
0084a503
04050a63
00000993
00000a13
00424937
ec090913
000a0a63
00040513
00090593
fffee097
964080e7
00c4a503
01350533
00052583
00100613
00040513
ffffc097
a18080e7
0084a503
001a0a13
00498993
fcaa62e3
004235b7
3e358593
00040513
01c12083
01812403
01412483
01012903
00c12983
00812a03
02010113
fffee317
90830067
00500613
00c50e63
00400613
02c51263
0085a503
02050263
01e00513
00008067
0085a503
00151513
00150513
00008067
00000513
00008067
00e00513
00008067
fe010113
00112e23
00812c23
00912a23
01212823
01312623
00060913
00058413
00d00593
00000493
02a5cc63
00500593
16b57c63
00397593
00059a63
00092583
0042b637
1b460613
12c58c63
ffe50513
00a03533
fff50513
00e57493
14c0006f
00e00593
08b50a63
01d00593
0ab50263
01b00593
12b51a63
00397513
0e051e63
00092503
0042b5b7
1b458593
0eb51663
00842983
00892503
013509b3
01000513
fffec097
a34080e7
00050493
00098593
00000097
1e8080e7
00c4a503
00842603
00c42583
00261613
0000b097
750080e7
00842503
00c4a603
00892683
00c92583
00251513
00a60533
00269613
0000b097
72c080e7
0b40006f
00040513
00090593
00000097
2d0080e7
00040493
09c0006f
00810593
00090513
ffffc097
ed8080e7
04050c63
00812503
00055663
00000513
00012423
00842583
02b50933
01000513
fffec097
994080e7
00050493
00090593
00000097
148080e7
00842603
00c42503
00812683
00c4a703
00400593
00006097
5a0080e7
0340006f
00000493
02c0006f
00842603
00c42583
00892703
00c92683
00006097
6cc080e7
00051663
00e00493
0080006f
01e00493
00048513
01c12083
01812403
01412483
01012903
00c12983
02010113
00008067
fe010113
00112e23
00812c23
00912a23
00060493
00058613
00400593
00050413
02b48263
04049463
00812623
00c12823
00200513
00c10593
00000097
bd0080e7
0500006f
00042503
00842583
00000693
ffffc097
f8c080e7
00c42583
00251513
00a58533
00052503
02c0006f
00042503
00842583
00000693
ffffc097
f64080e7
00c42583
00251513
00a58533
00952023
00600513
01c12083
01812403
01412483
02010113
00008067
0042b637
32460613
004156b7
ba868693
00c5a023
00d5a223
00a5a423
0005a623
00058513
00008067
ff010113
00112623
00812423
00912223
00058493
00050413
0042b537
1b450513
00400593
00a42023
00048513
0095e463
00400513
00a42223
00942423
00251513
fffeb097
7fc080e7
00442583
40958633
00249593
00b505b3
00261613
00a42623
00058513
00000593
00c12083
00812403
00412483
01010113
0000b317
64830067
ff010113
00112623
00812423
00912223
00058493
00600593
00b50663
00050413
02051263
01000513
fffeb097
794080e7
00050413
00048593
00000097
f48080e7
0140006f
00040513
00048593
00000097
020080e7
00040513
00c12083
00812403
00412483
01010113
00008067
ff010113
00112623
00357613
02061463
00052603
0042b6b7
1b468693
00d61c63
00852603
00b66e63
00c12083
01010113
00008067
00000513
ffff8097
658080e7
00000513
ffff9097
ab4080e7
ff010113
00112623
00812423
00912223
00050413
00357513
0e051063
00058493
00042583
0042b537
1b450513
0ca59663
0034f593
00059663
0004a583
02a58663
00040513
00048593
fffff097
4e8080e7
00600513
00c12083
00812403
00412483
01010113
00008067
0084a603
00842503
00442683
00a605b3
04b6f863
00c42503
00259593
01058593
fffeb097
6d0080e7
00842583
0084a603
00b605b3
00458613
00259593
00c42223
00a42623
00b50533
01000613
00000593
0000b097
4d0080e7
00842503
0084a603
00c42683
00c4a583
00251513
00a68533
00261613
0000b097
36c080e7
0084a503
00842583
00a58533
00a42423
f5dff06f
00425537
45a50513
00427637
81d60613
004276b7
82968693
0f100593
0000b097
0a8080e7
00852583
00c52603
0085a683
02d67063
00c5a583
00261693
00d585b3
0005a583
00160613
00c52623
0080006f
00000593
00058513
00008067
ff010113
00112623
00812423
00050413
00357513
04051c63
00042503
0042b5b7
1b458593
04b51463
00c42503
00042423
01000593
fffeb097
5d0080e7
00400593
00b42223
00a42623
01000613
00000593
0000b097
3e4080e7
00600513
00c12083
00812403
01010113
00008067
00425537
45a50513
00427637
c0260613
004276b7
c0d68693
15f00593
0000b097
fe0080e7
00357593
02059463
00052583
0042b637
1b460613
00c59c63
00852603
00c52583
00060513
fffff317
2a830067
ff010113
00112623
00425537
45a50513
00427637
fe660613
004276b7
ff068693
16900593
0000b097
f88080e7
00357693
02069463
00058613
00052583
0042b6b7
1b468693
00d59a63
00852583
00c52503
00006317
46430067
ff010113
00112623
00425537
45a50513
00427637
3c960613
004276b7
3d468693
16f00593
0000b097
f30080e7
ff010113
00112623
00812423
00912223
01212023
00050493
00357513
0a051663
00060413
0004a503
0042b637
1b460613
08c51c63
0084a503
4015d613
41f5d593
00a5f5b3
00b605b3
00b02633
40c00633
00b67933
00a96463
00050913
00600593
00048513
fffff097
2a8080e7
0084a583
fff58513
02a95463
00259593
ffc58593
00c4a603
00b60633
ffc62683
fff50513
00d62023
ffc58593
fea964e3
00c4a503
00291913
01250933
00600513
00892023
00c12083
00812403
00412483
00012903
01010113
00008067
00425537
45a50513
00427637
7ad60613
004276b7
7b968693
17b00593
0000b097
e44080e7
ff010113
00112623
00357593
06059e63
00052583
0042b637
1b460613
06c59663
00852603
00200593
04b64863
00000593
01f65693
00d606b3
00261613
4016d693
ffc60613
00269693
00c52703
00c707b3
0007a783
00b70733
00072803
00f72023
00c52703
00458593
00c70733
01072023
ffc60613
fcd59ae3
00600513
00c12083
01010113
00008067
00425537
45a50513
00428637
b9260613
004286b7
b9f68693
19d00593
0000b097
d98080e7
fe010113
00112e23
00812c23
00912a23
01212823
01312623
01412423
00068493
00060693
00058913
00050413
00060637
ffe60613
00058513
00068593
ffffb097
9b8080e7
fff90993
00299513
00c50513
00040593
ffffb097
0c4080e7
00050413
0004a503
01342223
00a42423
02098a63
00c40993
00448a13
00291913
012484b3
000a2503
00000593
ffff8097
60c080e7
00a9a023
004a0a13
00498993
fe9a12e3
00040513
01c12083
01812403
01412483
01012903
00c12983
00812a03
02010113
00008067
fe010113
00112e23
00812c23
00912a23
01212823
01312623
01412423
00050413
00357513
0c051263
00042503
0042b5b7
2b058593
0ab51a63
00442503
00251513
fffeb097
1d4080e7
00442583
00050493
02058c63
00000913
00c40993
00048a13
0009a503
ffff8097
6a8080e7
04050663
00442583
00aa2023
00190913
004a0a13
00498993
fcb96ee3
00842503
00000613
00048693
01c12083
01812403
01412483
01012903
00c12983
00812a03
02010113
ffff8317
78830067
00048513
fffeb097
1f4080e7
00000513
01c12083
01812403
01412483
01012903
00c12983
00812a03
02010113
00008067
00428537
f7850513
00428637
f9660613
004286b7
fa368693
03300593
0000b097
bc8080e7
ff010113
00112623
00812423
00050413
0045a503
00450513
0ba00593
00000613
ffffb097
b64080e7
00050c63
00452503
00003097
058080e7
00050613
00c0006f
0042a637
d8060613
004285b7
36758593
00040513
00c12083
00812403
01010113
fffed317
4fc30067
ff010113
00112623
00812423
00060413
00062683
00452503
00450613
02068663
00064603
00267613
04061a63
00442603
00359593
00258593
02060a63
ffffc097
670080e7
0300006f
00359593
00258593
00060513
00000613
ffffb097
ac4080e7
00050e63
00452503
0100006f
ffffc097
6ec080e7
00000513
00a42023
00c12083
00812403
01010113
00008067
ff010113
00112623
00812423
00912223
01212023
00351513
00250413
0042c537
1c850513
00100613
00040593
ffffb097
a64080e7
00452903
04091463
00050493
01000513
fffeb097
fd0080e7
00050913
0042b537
2cc50513
00a92023
00100513
ffffc097
e60080e7
00a92223
0ba00593
00040613
ffffc097
5ac080e7
0124a223
00090513
00c12083
00812403
00412483
00012903
01010113
00008067
ff010113
00112623
00812423
00050413
00351593
00258593
0042b537
30050513
00000613
ffffb097
9d0080e7
00050663
00452503
01c0006f
f2e40513
00a03533
0042c5b7
d0058593
fff50513
00b57533
00c12083
00812403
01010113
00008067
00065703
00070e63
00260613
00e50c63
00065703
00468693
00260613
fe0718e3
00008067
0005a503
00050a63
00000513
0045a603
00c6a023
0080006f
0006a503
00a5a023
00008067
ff010113
00112623
00812423
00050413
00058513
00060593
00000613
ffffa097
5d0080e7
00400513
00040593
00c12083
00812403
01010113
ffffb317
cd830067
00452303
00030067
004295b7
15258593
fffed317
c6c30067
fe010113
00112e23
00812c23
00912a23
01212823
01312623
00068413
00060693
00058913
00050493
00020637
00660613
00058513
00068593
ffffa097
55c080e7
01000513
00048593
ffffb097
c70080e7
00050493
00042503
00100993
0004a223
0134a623
ffffb097
2f0080e7
01391663
00a4a423
0380006f
00442583
00a4a223
00058513
ffffb097
2d0080e7
00300593
00a4a423
00b91c63
00842503
ffffb097
2b8080e7
00a4a623
02050263
00048513
01c12083
01812403
01412483
01012903
00c12983
02010113
00008067
00428537
37550513
ffff8097
14c080e7
ff010113
00112623
00812423
00912223
00058493
0045a603
0085a683
00050413
004285b7
37f58593
fffed097
1c8080e7
00c4a603
00100513
02a61463
0042a5b7
9da58593
00040513
00c12083
00812403
00412483
01010113
fffed317
b3030067
004285b7
38c58593
00040513
00c12083
00812403
00412483
01010113
fffed317
17430067
0045a603
0085a683
00c5a583
40c686b3
00b02633
00b686b3
40c00633
00166613
00c68633
02b64633
00500693
02d50063
00050593
00400693
00000513
00d59663
02c05063
01e00513
00008067
00c02533
40a00533
00c57533
ffffe317
68030067
00e00513
00008067
00058693
00400593
00b60663
00000513
00008067
ff010113
00112623
00812423
00050413
00452503
00842583
00c42603
40a585b3
00c02533
00c585b3
40a00533
00156513
00a58533
02c545b3
00042503
00b02633
40c00633
00b675b3
00068613
00000693
ffffb097
31c080e7
00c42583
00442603
02a58533
00c50533
00c12083
00812403
01010113
ffffe317
5e830067
00452603
00852683
00c52503
0042b737
37c70713
00e5a023
00c5a223
00d5a423
00a5a623
00058513
00008067
00c52603
02c05263
00452583
00852683
02d5d463
00c58633
00c52223
00058513
ffffe317
59430067
00065863
00452583
00852683
feb6c0e3
00000513
00008067
0045a603
004245b7
97c58593
fffed317
ffc30067
fc010113
02112e23
02812c23
02912a23
03212823
03312623
03412423
03512223
03612023
01712e23
01812c23
01912a23
01a12823
01b12623
00050413
04060463
00068493
00058913
00000513
00c58db3
02700593
02200693
00090713
00100613
00074803
00100793
00b80663
08d80263
00050793
00170713
00078513
ffb762e3
0780006f
004285b7
39358593
02700613
02700993
00040513
fffed097
f5c080e7
004285b7
39358593
00040513
00098613
03c12083
03812403
03412483
03012903
02c12983
02812a03
02412a83
02012b03
01c12b83
01812c03
01412c83
01012d03
00c12d83
04010113
fffed317
f0c30067
00000613
00050793
00f67633
00061663
02700993
0080006f
02200993
00428a37
393a0a13
00040513
000a0593
00098613
fffed097
ed4080e7
00428ab7
392a8a93
05c00b93
00428b37
396b0b13
02000c13
00900c93
07f00d13
00094603
00c99e63
00040513
000a8593
00098613
fffed097
e98080e7
0180006f
03761063
00040513
000b0593
fffed097
818080e7
00190913
fdb964e3
f1dff06f
03866463
03a60263
01861513
41855513
00052513
00a4f533
00051863
00040513
000a0593
fb1ff06f
03960a63
00d00513
00a60e63
00a00513
02a61a63
00040513
004285b7
39958593
fa5ff06f
00040513
004285b7
39c58593
f95ff06f
00040513
004285b7
39f58593
f85ff06f
00040513
004285b7
3a258593
f5dff06f
fd010113
02112623
02812423
02912223
03212023
01312e23
00068493
00060693
00058913
00050413
00600613
00058513
00068593
ffffa097
084080e7
04090463
00100513
04a91463
00c10513
01000593
00410613
fffec097
14c080e7
0004a583
00410513
00000613
ffffa097
7f0080e7
00c10593
00040513
00000097
0fc080e7
0900006f
00a00513
0880006f
0004a503
00357593
00059a63
00052583
0042b637
5b060613
08c58463
00c10593
00500613
ffffb097
164080e7
00c12983
01012903
00098513
00090593
fffec097
9e8080e7
00050863
00351513
00250513
0340006f
0004a503
00357593
00059a63
00052583
0042b637
5b060613
04c58063
00040513
00098593
00090613
00000097
14c080e7
02c12083
02812403
02412483
02012903
01c12983
03010113
00008067
00852903
00c52983
f8dff06f
00452483
00049c63
00098513
00090593
fffec097
908080e7
00050493
01000513
00040593
ffffa097
680080e7
00952223
01252423
01352623
fa1ff06f
ff010113
00112623
00812423
00912223
01212023
00058413
0042b5b7
58058593
00050493
06b50863
00442603
00042503
00842903
00160593
00a58c63
00090513
fffeb097
83c080e7
00442603
00050913
00c90633
00060023
00042023
00042423
01000513
00048593
ffffa097
600080e7
00442583
00050413
00b52423
00090513
fffec097
85c080e7
00a42223
01242623
0340006f
00442583
00842503
fffec097
8a0080e7
f80502e3
00050913
00040513
fffec097
044080e7
00042023
00391413
00240413
00040513
00c12083
00812403
00412483
00012903
01010113
00008067
fe010113
00112e23
00812c23
00912a23
01212823
01312623
00060413
00058913
00050593
01000513
ffffa097
560080e7
00050493
00852423
04090263
00090513
00040593
fffeb097
7b8080e7
00a4a223
00140513
fffea097
6f4080e7
00050993
00a4a623
00090593
00040613
0000a097
420080e7
00898433
00040023
00048513
01c12083
01812403
01412483
01012903
00c12983
02010113
00008067
fe010113
00112e23
00812c23
00912a23
01212823
01312623
01412423
01512223
01612023
06d5e263
00070413
00068913
00060993
00050493
00e02533
40d585b3
fff50613
40a00533
00b67633
00b57533
40a00ab3
40c005b3
00c48a33
00058b13
000a0513
00098593
00090613
0000a097
538080e7
408b05b3
016a8663
008a0a33
fc051ee3
02050863
00000513
01c12083
01812403
01412483
01012903
00c12983
00812a03
00412a83
00012b03
02010113
00008067
40848533
40b50533
fd1ff06f
fc010113
02112e23
02812c23
02912a23
03212823
03312623
03412423
03512223
03612023
00058993
02100593
02b51863
00000513
03c12083
03812403
03412483
03012903
02c12983
02812a03
02412a83
02012b03
04010113
00008067
00060913
00050a13
00098513
ffffa097
3f0080e7
0079f593
00200613
00050413
00c59e63
0039d513
01c10593
fffec097
b74080e7
00050493
0100006f
0089a503
00c9a483
00a12e23
01d00513
06aa1263
01810593
00090513
ffffb097
a54080e7
f6050ce3
01812503
0ca05063
01c12583
02a585b3
00810513
fffec097
cb0080e7
01c12603
01812683
01012703
00100593
00048513
00005097
134080e7
00810593
00040513
00000097
cc4080e7
f2dff06f
00090513
ffffa097
348080e7
02a40063
0042b537
5b050513
02a40e63
02400513
f0aa12e3
00000097
190080e7
00797513
00200593
04b51c63
00395513
00810593
00810b13
fffec097
aac080e7
00050a93
0440006f
00810593
00100613
00090513
ffffb097
cf8080e7
ec0500e3
00812a83
00c12b03
0240006f
0042b537
58050513
0ca41e63
00a00513
ea1ff06f
00c92a83
00890b13
000b2b03
00d00593
00000513
0345ca63
00500593
e8ba70e3
01c12603
000a0513
00048593
000a8693
000b0713
00005097
0c0080e7
0c051c63
00e00513
e59ff06f
00e00593
00ba0a63
02400593
08ba0463
01b00593
e4ba10e3
01c12503
00051e63
00090513
ffffa097
254080e7
00050593
00090513
e28580e3
00098513
e00b0ce3
01c12583
016585b3
00810513
fffec097
b58080e7
01012503
01c12603
00048593
0000a097
0f0080e7
01012503
01c12583
00b50533
000a8593
000b0613
0000a097
0d4080e7
e95ff06f
0042b537
5e050513
dc5ff06f
01c12503
03656863
41650433
00048513
000a8593
000b0613
0000a097
258080e7
00148493
00040663
fff40413
fe0510e3
00050863
f31ff06f
01e00513
d85ff06f
fff48493
f20480e3
ff1ff06f
ff010113
00112623
00428537
6b450513
ffff7097
25c080e7
ff010113
00112623
00812423
00058413
00060593
00068613
00070693
ffffb097
9c8080e7
00a40533
00c12083
00812403
01010113
00008067
fb010113
04112623
04812423
04912223
05212023
03312e23
03412c23
03512a23
03612823
00058913
00050493
02b12623
00001097
93c080e7
00048513
ffffa097
10c080e7
0074f593
00200613
00050413
00c59e63
0034d513
02810593
fffec097
890080e7
00050493
0100006f
0084a503
00c4a483
02a12423
00397513
02051063
00092503
0042b5b7
1b458593
02b50a63
0042b5b7
60058593
02b50463
0042b537
1b450513
00100593
02c10693
00000613
ffffe097
f28080e7
00050913
02a12623
02410593
02010613
00090513
ffffa097
7f0080e7
02412503
08050063
00000993
00000a13
00000913
00200a93
02012503
01350533
00052503
ffffa097
050080e7
12851e63
02012503
01350533
00052503
02812b03
00757593
01559a63
00355513
fffeb097
764080e7
0080006f
00852503
001a3593
fff58593
0165f5b3
02412603
001a0a13
012585b3
00a58933
00498993
00ca7663
f99ff06f
00000913
01010513
00090593
fffec097
910080e7
02412503
08050a63
00000993
00000a13
01812903
00200a93
020a0063
02812603
00090513
00048593
0000a097
e8c080e7
02812503
00a90933
02012503
01350533
00052503
00757593
03559063
00355513
00c10593
fffeb097
72c080e7
00c12603
00050593
0100006f
00852603
00c52583
00c12623
00090513
0000a097
e3c080e7
00c12503
02412583
00a90933
001a0a13
00498993
f8ba62e3
01010593
00040513
00000097
8a8080e7
04c12083
04812403
04412483
04012903
03c12983
03812a03
03412a83
03012b03
05010113
00008067
00428537
3b950513
ffff7097
fd8080e7
fd010113
02112623
02812423
02912223
03212023
01312e23
01412c23
01512a23
01612823
00058493
0005a583
00050993
00058513
ffffa097
ec8080e7
00050413
00200a93
fff00913
0359e063
0044aa03
01598e63
0084a503
ffffa097
514080e7
00050913
0080006f
00600a13
00000513
00000593
ffffe097
dc8080e7
0004a603
00767593
00050493
03559063
00365513
00c10593
fffeb097
60c080e7
00c12583
00050993
0100006f
00862583
00c62983
00b12623
00600513
00b98b33
0aaa0863
000a0513
ffffa097
e38080e7
1c851063
00810593
000a0513
00000097
1f8080e7
00812583
1a058863
00050a13
000b0a93
04090063
00812603
00c98533
000b0a93
02ab6863
00098a93
000a8513
000a0593
0000a097
e78080e7
00050c63
00812603
001a8a93
00ca8533
feab70e3
000b0a93
413a8633
00040513
00098593
00000097
168080e7
00050593
00048513
ffffe097
de0080e7
116af663
00812983
013a89b3
01202533
40a90933
f85ff06f
00058e63
0009c503
fffed097
994080e7
00050663
00198993
ff69e6e3
0b69f863
0a090663
00000a13
00098a93
000ac503
fffed097
96c080e7
00051a63
001a8a93
001a0a13
ff6ae4e3
05c0006f
00040513
00098593
000a0613
00000097
0e0080e7
00050593
00048513
ffffe097
d58080e7
000a8993
016afe63
0009c503
fffed097
920080e7
00050663
00198993
ff69e6e3
0369fe63
01202533
40a90933
f80914e3
02c0006f
00040513
00098593
000a0613
00000097
088080e7
00050593
00048513
ffffe097
d00080e7
000a8993
0369f463
413b0633
00040513
00098593
00000097
05c080e7
00050593
00048513
ffffe097
cd4080e7
00048513
02c12083
02812403
02412483
02012903
01c12983
01812a03
01412a83
01012b03
03010113
00008067
00000097
ad8080e7
00428537
3a950513
ffff7097
19c080e7
0042b6b7
58068693
00d50a63
0042b537
5b050513
fffff317
69030067
00058513
00060593
00002317
a4030067
ff010113
00112623
00812423
00912223
00757613
00200693
00058413
02d61063
00355513
00010593
00010493
fffeb097
3a4080e7
00050593
0380006f
00357593
04059863
00052583
00c5c603
04060263
00261613
00b605b3
0105a583
00416637
ba460613
02c59663
00c52583
00850493
0004a503
00a42023
00058513
00c12083
00812403
00412483
01010113
00008067
00000097
a04080e7
fd010113
02112623
02812423
02912223
03212023
01312e23
01412c23
01512a23
01612823
01712623
01812423
00058413
00200913
00050a13
04a96063
000a0513
00040593
02c12083
02812403
02412483
02012903
01c12983
01812a03
01412a83
01012b03
00c12b83
00812c03
03010113
00000317
c2830067
00042503
ffffa097
b18080e7
00042583
00442a83
0075f613
00050493
01261e63
0035d513
00410593
fffeb097
298080e7
00050913
0100006f
0085a503
00c5a903
00a12223
00842503
ffffa097
144080e7
12054463
00050993
00150a13
000a0513
00000593
ffffe097
9f8080e7
00600593
14ba8863
00050413
00010593
000a8513
00000097
e70080e7
00012583
14058263
00050a93
00412c03
01890c33
40bc0b33
012b3533
00299b93
02098663
032b6463
00012603
000b0513
000a8593
0000a097
aec080e7
00050863
fffb0b13
ff2b72e3
0400006f
02098e63
02051c63
00012583
00bb05b3
40bc0633
00048513
00000097
dd8080e7
00c42603
00012583
01760633
fff98993
00a62023
000b0c13
f91ff06f
412c0633
00048513
00090593
00000097
da8080e7
00c42583
017585b3
00a5a023
04098e63
00c42503
413a0933
017505b3
00291493
00048613
0000a097
984080e7
00c42503
00442583
00950533
41258633
00261613
00000593
0000a097
9cc080e7
01242423
0180006f
000a0513
00040593
00000097
aa0080e7
00050413
00040513
02c12083
02812403
02412483
02012903
01c12983
01812a03
01412a83
01012b03
00c12b83
00812c03
03010113
00008067
00428537
3fe50513
ffff8097
774080e7
00428537
3a950513
ffff7097
e80080e7
00100613
00000693
00002317
ab430067
fff00613
00000693
00002317
aa430067
00100613
00100693
00002317
a9430067
fff00613
00100693
00002317
a8430067
00000613
00002317
c8030067
00100613
00002317
c7430067
00050613
00200513
00058693
00060593
00068613
00002317
e5030067
00058613
00050593
00000513
00002317
e3c30067
00050613
00100513
00058693
00060593
00068613
00002317
e2030067
fd010113
02112623
02812423
02912223
03212023
00060493
00058413
0005a583
00050913
00058513
00000097
094080e7
00042503
00757593
00200613
02c59063
00355513
01c10593
fffeb097
ff4080e7
01c12603
00050593
0100006f
00852603
00c52583
00c12e23
00012c23
00c58633
00810513
01810693
00090713
00040793
00048813
00000097
0a0080e7
00042503
ffffa097
808080e7
00810593
fffff097
168080e7
02c12083
02812403
02412483
02012903
03010113
00008067
00757593
00200613
02c58863
00357593
02059663
00052503
00c54583
02058063
00259593
00a58533
01052503
004165b7
ba458593
00b51463
00008067
ff010113
00112623
00428537
42150513
00428637
49060613
004286b7
4a668693
04400593
00009097
3c8080e7
f8010113
06112e23
06812c23
06912a23
07212823
07312623
07412423
07512223
07612023
05712e23
05812c23
05912a23
05a12823
05b12623
01012c23
00078c13
00e12e23
00068a93
00060a13
00058c93
00050493
01000593
04410613
fffeb097
0b0080e7
094cf0e3
004c0513
00a12823
01c12503
fff50513
02a12023
ffea0513
00a12423
fffa0513
00a12223
07b00b93
07d00d13
00a00913
00003537
80150513
00a12623
01812a23
03512423
02912223
000cc583
03758663
01a59c63
001c8c93
074cf0e3
000cc503
05a51ce3
07d00593
00048513
fffeb097
360080e7
6d80006f
001c8993
0349f663
0009c503
00000413
07a00593
26a5ca63
02100593
00b50663
03a00593
26b51663
00040b13
00c0006f
00000413
00000b13
0349fa63
0009c503
02100593
02b51463
00198513
7f457a63
00054483
0fe4f513
07200593
7eb51263
00298993
0149e863
02c0006f
00000493
0349f263
0009c503
03a00593
00b51c63
0019c503
00198c93
3ba51663
00000b93
00c0006f
00000b93
00098c93
7b4cf263
000cc503
79a51e63
080b0e63
000b4503
fffec097
248080e7
6c050c63
000aa503
78a04063
048b7a63
000b4583
fd058513
00900613
04a66263
00000513
fff40613
001b0693
00068b13
fff68693
00151713
00351513
00e50533
00a58533
fd050513
00c68e63
000b4583
fd058713
001b0693
fd276ae3
0080006f
00000513
02012583
72b57463
00251513
01012583
00a58533
00052d03
fff00513
00aaa023
6a8b6c63
0280006f
000aa503
6e054c63
02012583
6eb57c63
00251593
018585b3
0045ad03
00150513
00aaa023
0174e533
00051463
07300493
06048063
07200513
00a48a63
07300513
6ca49e63
00000b13
0080006f
00100b13
03410513
01000593
02c10613
fffeb097
e8c080e7
02c10513
000d0593
000b0613
ffff9097
530080e7
03410593
0042b537
58050513
fffff097
e38080e7
00050d13
010d6493
080b8c63
03410513
000b8593
000c8613
000a8693
01c12703
000c0793
01812803
00000097
d28080e7
03410513
fffeb097
100080e7
00050b13
00054583
03812983
0a058863
00428537
66a50513
00009097
740080e7
0a050863
00000d93
000b4403
001b0c13
000c4583
fe058613
00000513
00d00693
0cc6ea63
00c12683
00c6d6b3
0016f693
0c068263
02b00513
0aa59663
00200513
0ac0006f
00000993
00000d93
fff00a93
fff00b13
01e00593
2800006f
21750463
d9a50ee3
00812583
419585b3
00098413
0ff57513
02100613
20c50263
03a00613
1ec50e63
1fa50c63
4c058063
00140413
00044503
fff58593
fd9ff06f
00000413
00000d93
00000513
000b0c13
0480006f
000b4503
40050c63
001b4583
40058063
00428537
66a50513
00009097
670080e7
3e050663
000b4d83
001b4403
002b0c13
f31ff06f
00163513
00251513
001c4583
001c0c13
fdd58593
0015b613
00cc0c33
000c4583
03000693
00d59863
14040263
000d9463
03000d93
013b09b3
fd058693
fff00b13
00900713
02d76e63
033c7c63
00000b13
fff98693
000c0713
001b1793
003b1b13
00fb07b3
00f587b3
001c4583
fd078b13
001c0c13
00d70663
fd058713
fd276ce3
00361613
00c56bb3
05f00513
00a58663
02c00513
00a59a63
00959513
001c4583
001c0c13
01756bb3
02e00513
06a59063
001c0513
07357263
00054583
fd058613
00900693
0ec6e063
00000a93
fff98993
002c0513
fff50613
001a9693
003a9a93
00da86b3
00d585b3
fd058a93
03360863
00054583
fd058613
00150513
fd266ce3
fff50c13
0a059663
0c80006f
fff00a93
0a059063
0bc0006f
fff00a93
00054583
0880006f
2b4cf663
00412503
41350533
00100613
000c8593
0005c683
01a68863
01769a63
00160613
00c0006f
fff60613
32060263
fff50513
00158593
fc051ee3
000c8b93
000a0c93
c25ff06f
01e00693
2cd49463
03d00413
ea0d9ee3
eb5ff06f
07b00593
00048513
fffeb097
ebc080e7
00098c93
2300006f
00098b13
00040993
b89ff06f
fff00a93
00050c13
02058263
00428537
66f50513
00009097
49c080e7
00050863
000c4983
001c0c13
0080006f
00000993
000c4503
34051c63
03410513
fffeb097
c04080e7
01412c03
01e00593
00041663
14b49863
03e00413
000d9463
02000d93
006bf513
00050a63
06300513
32a98063
07300513
30a98c63
05e00513
06a40e63
03d00513
00a40c63
03c00513
00a41a63
001beb93
00b48863
0680006f
010beb93
06b49063
05700513
03355a63
f9e98513
00d00613
12a66263
00251513
0042b637
3b460613
00a60533
00052503
00050067
04410513
00200613
0f80006f
fbb98513
00300613
02c56e63
0e098063
02500513
02a98863
2980006f
020beb93
fab484e3
001d7513
fa0510e3
002d7513
00051a63
000d2503
0042b637
12460613
f8c504e3
26b48663
001d7513
26051263
002d7513
00051a63
000d2503
0042b5b7
12458593
24b50663
03d00513
24a40263
07300513
00a98463
22099c63
03410593
000d0513
fffff097
454080e7
00050593
03412603
00060513
01566463
000a8513
000ac463
00050613
04410513
000b8693
000d8713
000b0793
fffeb097
02c080e7
0740006f
001d7513
ea0518e3
002d7513
03c00413
ea0514e3
000d2503
0042b637
12460613
e8c50ae3
e95ff06f
04410513
00a00613
06100693
0200006f
05800513
00a98663
07800513
1aa99463
fe998693
04410513
01000613
000d0593
000b8713
000d8793
000b0813
00000893
fffeb097
190080e7
02812a83
02412483
07b00b93
07d00d13
001c8c93
8f4cece3
1280006f
000c8b93
9b9ff06f
00000d93
00000413
000b0c13
b49ff06f
00000593
00000413
00000d93
bd1ff06f
004b9513
08057513
01756733
04410513
00800613
06100693
000d0593
f8dff06f
000d0513
ffff9097
5d8080e7
02a10a23
04410513
03410593
00100613
ef9ff06f
001d7693
d2069ce3
002d7693
00069a63
000d2683
0042b737
12470713
d2e680e3
00000413
bc0d8ae3
bd5ff06f
000a0413
00098b13
000a0993
8b9ff06f
000c8b93
00058c93
911ff06f
000b0993
028b7463
000b0993
0009c503
02e00593
00b50c63
05b00593
00b50863
00198993
fe8994e3
00040993
416985b3
000b0513
fffea097
2f4080e7
00351513
00250b13
01812503
000b0593
00000613
ffff9097
ac4080e7
08050e63
00452d03
9689fce3
00428537
61450513
ffff8097
cb8080e7
07c12083
07812403
07412483
07012903
06c12983
06812a03
06412a83
06012b03
05c12b83
05812c03
05412c83
05012d03
04c12d83
08010113
00008067
00001097
6b8080e7
0042b537
e6450513
004285b7
5fb58593
ffff6097
c50080e7
00428537
42150513
00428637
62d60613
004286b7
64668693
53800593
00009097
a64080e7
0042b537
e8850513
000b0593
ffff8097
c38080e7
fa010113
04112e23
04812c23
04912a23
05212823
05312623
05412423
05512223
05612023
03712e23
03812c23
03912a23
03a12823
03b12623
00058913
0005a583
00050493
00058513
fffff097
5d8080e7
00400513
02a49063
00c92503
ffff9097
410080e7
0e050c63
41f55593
00a5e533
0080006f
fff00513
00a12623
00092503
ffff9097
d7c080e7
00492583
00050493
00058513
ffff9097
d68080e7
2a951a63
00892503
ffff9097
d58080e7
2a951263
00092503
00757593
00200613
00c59e63
00355513
02810593
fffea097
4d8080e7
00050413
0100006f
00852583
00c52403
02b12423
00492503
00757593
00200613
00c59e63
00355513
02410593
fffea097
4a4080e7
00050993
0100006f
00852583
00c52983
02b12223
00892503
00757593
00200613
00c59e63
00355513
02010593
fffea097
470080e7
00a12423
0140006f
00852583
00c52503
00a12423
02b12023
02412503
02812b83
00abf663
00092503
1900006f
00912223
01212023
00000a93
fff00d93
00050863
00000b13
00000493
0280006f
02012b03
00100493
000a8e63
000a8513
00812583
000b0613
00009097
b38080e7
02012b03
00c12503
0ea48063
0c0b8e63
02412c83
00040913
0d9bea63
417c8d33
fff00c13
018d0a33
001c0c13
012c0533
00098593
000c8613
00009097
cac080e7
01ba0463
fe0510e3
0a090263
0a051063
02412c83
001cba13
040a8063
016a8bb3
018a0cb3
000b8513
00090593
000c8613
00009097
ac0080e7
02012603
016c8b33
017c8533
00812583
00009097
aa8080e7
02412c83
00c0006f
014b0b33
018b0b33
02012503
02812583
01650b33
01990533
41240633
01450533
419585b3
414585b3
00148493
00b605b3
00c12603
00c48863
01850933
41858bb3
f58590e3
01850933
41858bb3
0080006f
00040913
020a9863
04048a63
016b85b3
01010513
fffea097
488080e7
01812a83
080a8063
02412503
02812b83
ec0510e3
ec9ff06f
016a8533
00090593
000b8613
00009097
a08080e7
01010593
00412503
ffffe097
48c080e7
00c0006f
00012503
00052503
05c12083
05812403
05412483
05012903
04c12983
04812a03
04412a83
04012b03
03c12b83
03812c03
03412c83
03012d03
02c12d83
06010113
00008067
00428537
42150513
00428637
67f60613
004286b7
68b68693
78900593
00008097
700080e7
fffff097
914080e7
004035b7
d1458593
00050613
00058513
00060593
00001317
30c30067
004035b7
d2858593
00050613
00058513
00060593
00001317
2f030067
fe010113
00112e23
00812c23
00912a23
01212823
00757593
00200613
02c59063
00355513
00c10593
fffea097
1e8080e7
00c12583
00050413
0100006f
00852583
00c52403
00b12623
00e00493
02058663
00000913
01240533
00054503
fffeb097
61c080e7
00050a63
00c12503
00190913
fea962e3
01e00493
00048513
01c12083
01812403
01412483
01012903
02010113
00008067
fe010113
00112e23
00812c23
00912a23
01212823
00757593
00200613
02c59063
00355513
00c10593
fffea097
154080e7
00c12583
00050413
0100006f
00852583
00c52403
00b12623
00e00493
02058663
00000913
01240533
00054503
fffeb097
5b4080e7
00050a63
00c12503
00190913
fea962e3
01e00493
00048513
01c12083
01812403
01412483
01012903
02010113
00008067
fe010113
00112e23
00812c23
00912a23
01212823
00757593
00200613
02c59063
00355513
00c10593
fffea097
0c0080e7
00c12583
00050413
0100006f
00852583
00c52403
00b12623
00e00493
02058663
00000913
01240533
00054503
fffeb097
54c080e7
00050a63
00c12503
00190913
fea962e3
01e00493
00048513
01c12083
01812403
01412483
01012903
02010113
00008067
fe010113
00112e23
00812c23
00912a23
01212823
01312623
00757593
00200613
02c59063
00355513
00810593
fffea097
028080e7
00812583
00050493
0100006f
00852583
00c52483
00b12423
00e00413
06058263
00000913
00000993
00148493
fff4c503
fffeb097
484080e7
00051c63
00812503
00190913
00148493
fea962e3
0280006f
fff4c503
fffeb097
528080e7
02050263
00812503
00190913
00100993
faa96ee3
00c0006f
0019f513
00050463
01e00413
00040513
01c12083
01812403
01412483
01012903
00c12983
02010113
00008067
fe010113
00112e23
00812c23
00912a23
01212823
01312623
00757593
00200613
02c59063
00355513
00810593
fffea097
f54080e7
00812583
00050493
0100006f
00852583
00c52483
00b12423
00e00413
06058263
00000913
00000993
00148493
fff4c503
fffeb097
3b0080e7
00051c63
00812503
00190913
00148493
fea962e3
0280006f
fff4c503
fffeb097
460080e7
02050263
00812503
00190913
00100993
faa96ee3
00c0006f
0019f513
00050463
01e00413
00040513
01c12083
01812403
01412483
01012903
00c12983
02010113
00008067
ff010113
00112623
00812423
00912223
00058413
00100593
04b61663
00050693
00757513
00200593
00b51e63
0036d513
00010593
00010493
fffea097
e74080e7
00c0006f
00c6a503
00868493
00000593
0004a603
04200693
00a42023
00c42223
00d42423
00058513
00c12083
00812403
00412483
01010113
00008067
ff010113
00112623
00812423
00050413
00c52423
00b52623
00058513
00060593
fffea097
8b4080e7
00a42223
00c12083
00812403
01010113
00008067
fe010113
00112e23
00812c23
00912a23
01212823
01312623
00060913
00058993
0075f593
00200613
00050413
00c59e63
0039d513
00810593
fffea097
dbc080e7
00050493
0100006f
0089a503
00c9a483
00a12423
0039f513
02050463
00496513
00400593
04b51463
00042503
00442683
00812603
00048593
000680e7
04c0006f
00400513
fea902e3
0009a503
0042b5b7
5b058593
00b54633
00163613
012036b3
00c6e633
fc0602e3
02b50e63
00000913
00812603
00040513
00048593
00090693
ffffe097
b84080e7
01c12083
01812403
01412483
01012903
00c12983
02010113
00008067
00042503
00442683
004285b7
69858593
00100613
00100913
000680e7
fb1ff06f
fe010113
00112e23
00812c23
00912a23
01212823
01312623
00060913
00058413
00050993
ffff8097
528080e7
0079f593
00200613
00050493
00c59e63
0039d513
00810593
fffea097
cac080e7
00050993
0100006f
0089a503
00c9a983
00a12423
00400513
00a90663
00000513
0500006f
00812583
00048513
00040613
00000693
ffff9097
d30080e7
0042b5b7
5b058593
00a98533
00b48e63
00100593
fffea097
8d4080e7
00351513
00250513
0100006f
00054503
00151513
00150513
01c12083
01812403
01412483
01012903
00c12983
02010113
00008067
0042b637
32460613
004196b7
94c68693
00c5a023
00d5a223
00a5a423
0005a623
00058513
00008067
fb010113
04112623
04812423
04912223
05212023
04058663
00068413
0006a683
0036f513
04050463
0076f513
00200613
04c51c63
00100513
1ca58e63
00300513
1cb56a63
0036d513
03010593
fffea097
ba4080e7
00042683
00050413
0c80006f
0042b6b7
5e068693
1900006f
0006a503
0042b637
5b060613
18c50063
0042b637
58060613
08c50263
00100513
18a59463
0016f513
02051c63
02410593
00100613
00068513
ffff9097
db4080e7
04050263
02412583
02812603
0042b537
5b050513
ffffe097
dd8080e7
12c0006f
1406cc63
4016d593
03010513
fffea097
ca0080e7
0042b537
5b050513
03010593
1000006f
00042503
ffff8097
678080e7
08051a63
01000593
0900006f
00100513
10a58463
00300513
10b56063
0086a503
00c6a403
02a12823
0076f513
00200593
00b51c63
0036d513
fffea097
968080e7
00050493
0080006f
0046a483
03012903
00049e63
00040513
00090593
fffe9097
53c080e7
03012903
00050493
0042b5b7
5b058593
01000513
ffff8097
2ac080e7
00050693
00952223
01252423
00852623
06c0006f
40155593
01410513
fffea097
ba0080e7
00042503
00410593
ffff5097
7f4080e7
00050413
ffff6097
924080e7
02050263
ffff9097
8fc080e7
0ff57593
01410513
fffea097
f3c080e7
00040513
fd9ff06f
0042b537
5b050513
01410593
ffffe097
bcc080e7
00050693
00068513
04c12083
04812403
04412483
04012903
05010113
00008067
00428537
69a50513
ffff5097
304080e7
00000513
ffff5097
760080e7
0042b637
32460613
004196b7
9d468693
00c5a023
00d5a223
00a5a423
0005a623
00058513
00008067
ff010113
00112623
00812423
00912223
00058413
00050493
fffe9097
484080e7
02050063
00351513
00250513
00c12083
00812403
00412483
01010113
00008067
0042b537
58050513
00048593
00040613
00c12083
00812403
00412483
01010113
ffffe317
be030067
00058613
0042b5b7
5b058593
00050693
00058513
00068593
ffffe317
bc030067
ff010113
00112623
fffe9097
588080e7
00351513
00250513
00c12083
01010113
00008067
0042b5b7
58058593
00050613
00058513
00060593
ffffe317
aa030067
0042b5b7
5b058593
00050613
00058513
00060593
ffffe317
a8430067
ff010113
00112623
00812423
00050413
00008097
1fc080e7
00050593
00040513
00c12083
00812403
01010113
00000317
ef030067
ff010113
00112623
00757593
00200613
00c59e63
00355513
00810593
fffea097
864080e7
00812583
0100006f
00852583
00c52503
00b12423
fffe9097
4c8080e7
00351513
00250513
00c12083
01010113
00008067
ff010113
00112623
00810593
ffffe097
450080e7
00812583
fffe9097
494080e7
00351513
00250513
00c12083
01010113
00008067
fe010113
00112e23
00812c23
00912a23
01212823
00050493
00757613
00200513
00058413
00a61c63
00747593
06a59063
0084c433
00143513
0d40006f
0044a903
00747593
08a59063
00345413
00040513
fffe9097
654080e7
00090663
00050463
0aa91463
0084a503
00c4a483
00a12623
00810593
00040513
fffe9097
780080e7
00812603
00050593
0640006f
0034d493
00048513
fffe9097
610080e7
00050863
00442583
00058463
06b51063
00c10593
00048513
fffe9097
744080e7
00050493
0200006f
00090863
00442503
00050463
02a91c63
0084a503
00c4a483
00a12623
00842603
00c42583
00c12423
00c12503
00c51c63
00048513
00008097
fe8080e7
00153513
0080006f
00000513
01c12083
01812403
01412483
01012903
02010113
00008067
00757593
00200613
00c59663
00355513
00008067
00357593
02059263
00052583
0042b637
58060613
00c59a63
00852583
00c52503
fffe9317
32030067
ffffe097
d5c080e7
ff010113
00112623
00757593
00200613
00c59c63
00355513
00810593
fffe9097
674080e7
0340006f
00357593
02059c63
00052583
00c5c603
02060663
00261613
00b605b3
0105a583
00416637
ba460613
00c59a63
00c52503
00c12083
01010113
00008067
ffffe097
cf0080e7
fc010113
02112e23
02812c23
02912a23
03212823
03312623
03412423
03512223
03612023
01712e23
01812c23
01912a23
00068413
00060493
00058993
0005a583
00050a93
00058513
ffff8097
e38080e7
0009a583
00050a13
00058513
ffffe097
648080e7
0009a503
00757593
00200613
00c59e63
00355513
01010593
fffe9097
5a8080e7
00050913
0100006f
00852583
00c52903
00b12823
0042b537
58050513
02aa0663
0049a503
00c10593
ffff8097
484080e7
00050c63
00c12503
00100b93
00a105a3
00b10b13
04c0006f
0049a503
ffff8097
db0080e7
11451c63
0049a503
00757593
00200613
02c59063
00355513
00410593
00410b93
fffe9097
52c080e7
00050b13
00c0006f
00c52b03
00850b93
000bab83
01012583
00300513
00b90cb3
04aaee63
0089a603
00600513
00090c13
00a60c63
00100693
000a0513
ffff8097
5a8080e7
00a90c33
00300513
02aa8463
00c9a603
00600513
00a60e63
01012583
00100693
000a0513
ffff8097
57c080e7
00a90cb3
018cf863
03c0006f
00090c13
032cea63
418c85b3
000c0513
000b0613
000b8693
00048713
ffffd097
7d0080e7
00050a63
41250533
00151513
00150513
00c0006f
04041263
fff00513
03c12083
03812403
03412483
03012903
02c12983
02812a03
02412a83
02012b03
01c12b83
01812c03
01412c83
04010113
00008067
ffffe097
af8080e7
00428537
40d50513
ffff5097
1bc080e7
fd010113
02112623
02812423
02912223
03212023
01312e23
01412c23
01512a23
00060413
00058913
0005a983
0079f593
00200613
ffe50a93
08c59a63
0039d513
01010593
fffe9097
3d8080e7
00050493
080a8663
00098513
ffff8097
c20080e7
00050993
01012583
00100513
00b48a33
02aa8263
00c92603
00600513
00a60c63
00100693
00098513
ffff8097
454080e7
00a48a33
00892603
00600513
00a60e63
01012583
00100693
00098513
ffff8097
430080e7
00a484b3
409a0533
00a025b3
40b005b3
00a5fa33
0180006f
0089a503
00c9a483
00a12823
f60a9ee3
01012a03
00492983
0039f513
00051a63
0009a503
0042b5b7
60058593
08b50063
00490993
00100913
0009a503
00c10593
ffffe097
f40080e7
00c12603
02ca6263
00050593
40ca0533
408006b3
00a6f533
00a48533
00008097
bd4080e7
00050c63
fff90913
00498993
fc0910e3
00e00513
0080006f
01e00513
02c12083
02812403
02412483
02012903
01c12983
01812a03
01412a83
03010113
00008067
00098513
ffff8097
afc080e7
00f54503
04050663
00098513
ffff8097
ae8080e7
00050913
00098513
ffff8097
ad8080e7
00f54503
00251513
01250533
01052503
004195b7
0ec58593
00b51a63
0049a903
f80900e3
00898993
f35ff06f
00424537
d5850513
00424637
d7860613
004246b7
d8968693
03500593
00007097
6d4080e7
fb010113
04112623
04812423
04912223
05212023
03312e23
03412c23
03512a23
03612823
03712623
03812423
03912223
03a12023
01b12e23
00060493
00058993
00062583
00050913
00058513
ffffe097
258080e7
0004a503
ffff8097
a28080e7
00100593
00050a13
00b99c63
00600b93
0042b537
5f050513
00a12623
0500006f
0044a503
ffff8097
9fc080e7
23451663
0044a503
00757593
00200613
02c59063
00355513
01810593
01810413
fffe9097
178080e7
00a12623
0100006f
00c52583
00b12623
00850413
00042b83
0004a503
00757593
00200613
00912423
02c59263
00355513
01410593
fffe9097
13c080e7
01412c83
00a12823
000c9e63
0e00006f
00852c83
00c52503
00a12823
01912a23
0c0c8663
01412223
00000d13
00000493
00000c13
fff90513
fffc8593
00a03533
fff50513
00156413
00b57db3
fffb8993
020b8e63
01012b03
01bb0b33
00c12a83
00098a13
00100613
000a8513
000b0593
00008097
9ac080e7
001a8a93
000a0663
fffa0a13
fe0510e3
04050663
00000a93
000d8d13
01503533
00956533
00157513
00050863
001ab513
009564b3
0180006f
04090e63
00100493
000d8c13
000d8d13
08990c63
fffc8c93
008d8db3
f80c92e3
0100006f
fffa8a93
fa0a8ce3
fb9ff06f
0014f493
00412a03
02049a63
0042b537
58050513
00aa1663
00a00513
0900006f
0042b537
5e050513
0840006f
01412d03
fffd0d13
000d8c13
00412a03
0b8d6a63
01412503
418d0633
00160613
04a61663
020c0a63
00428537
42150513
00428637
43f60613
004286b7
47768693
41700593
00007097
48c080e7
01412503
001d8613
00a61863
00812503
00052503
0200006f
00000c13
00412a03
01012583
018585b3
000a0513
ffffe097
bb4080e7
04c12083
04812403
04412483
04012903
03c12983
03812a03
03412a83
03012b03
02c12b83
02812c03
02412c83
02012d03
01c12d83
05010113
00008067
ffffd097
630080e7
00428537
42150513
00428637
43f60613
004286b7
44d68693
41100593
00007097
3f0080e7
ff010113
00112623
00428537
65850513
ffff5097
cc8080e7
fd010113
02112623
02812423
02912223
03212023
01312e23
01412c23
01512a23
00058413
0075f593
00200613
00050493
02c59063
00345513
01010593
fffe9097
eec080e7
01012583
00050913
0100006f
00842583
00c42903
00b12823
00010513
fffe9097
050080e7
01012503
02050663
00812983
00000a13
01490533
00054503
01498ab3
000480e7
00aa8023
01012503
001a0a13
feaa62e3
00040513
ffff7097
6e8080e7
00010593
ffffd097
048080e7
02c12083
02812403
02412483
02012903
01c12983
01812a03
01412a83
03010113
00008067
ff010113
00112623
00812423
00050413
00852503
00757593
00200613
00c59e63
00355513
00410593
fffe9097
e2c080e7
00412583
0100006f
00852583
00c52503
00b12223
00c42603
02b67663
00c50533
00100593
fffe9097
a80080e7
00c42583
00351513
00250513
00158593
00b42623
0080006f
00000513
00c12083
00812403
01010113
00008067
ff010113
00112623
00812423
00050413
00852503
00757593
00200613
00c59e63
00355513
00410593
fffe9097
da4080e7
00412583
0100006f
00852583
00c52503
00b12223
00c42603
02b67063
00c50533
00054503
00160613
00151513
00150513
00c42623
0080006f
00000513
00c12083
00812403
01010113
00008067
fe010113
00112e23
00812c23
00912a23
01212823
01312623
01412423
00058493
00050413
004285b7
6d458593
fffe9097
500080e7
0044a503
06050463
00000993
00848a13
00424937
ec090913
00098a63
00040513
00090593
fffe9097
4d4080e7
000a2583
00100613
00040513
ffff7097
590080e7
0044a503
00198993
004a0a13
fca9e6e3
00100593
00b51c63
004285b7
6d658593
00040513
fffe9097
494080e7
0042a5b7
9da58593
00040513
01c12083
01812403
01412483
01012903
00c12983
00812a03
02010113
fffe9317
46430067
fe010113
00112e23
00812c23
00912a23
01212823
01312623
00058413
00400593
06b50263
00500593
04b50863
00600593
06b51263
00442503
06050663
00000913
00840993
0042b4b7
5f848493
0009a583
00600513
ffff4097
35c080e7
00442583
40155513
009504b3
00190913
00498993
fcb96ee3
0380006f
00442503
00151513
0300006f
00442503
00050a63
01e00513
0240006f
00000513
01c0006f
00e00513
0140006f
0042b4b7
5f848493
00149513
00150513
01c12083
01812403
01412483
01012903
00c12983
02010113
00008067
fe010113
00112e23
00812c23
00912a23
01212823
01312623
00050993
01d00513
00000493
1d356e63
00060913
00058413
01f00513
01355533
00157513
08050463
00040513
ffff7097
3c8080e7
00f54503
1c050863
00040513
ffff7097
3b4080e7
00050493
00040513
ffff7097
3a4080e7
00f54503
00251513
00950533
01052503
004195b7
0ec58593
18b51c63
00090513
00000097
1b4080e7
0e050663
00442603
00452703
00840593
00850693
00098513
00002097
278080e7
0c051a63
00e00493
1400006f
08004537
01355533
00157513
06051463
20010537
01355533
00157513
12050063
00810593
00090513
ffff8097
9d0080e7
08050863
00812683
0cd05e63
00442603
02d60933
0c090e63
00291513
00850513
0042b5b7
60058593
ffff7097
2c4080e7
00050493
01252223
00442603
00812683
0b80006f
00090513
00000097
108080e7
04050063
00050913
00442603
00452983
00c989b3
02098e63
00299513
00850513
0042b5b7
60058593
ffff7097
274080e7
00050493
01352223
00442603
01c0006f
00000493
0780006f
01e00493
0700006f
0042b4b7
5f848493
00848993
00840593
00261613
00098513
00007097
138080e7
00442503
00492603
00251513
00a98533
00890593
00261613
00007097
118080e7
02c0006f
0042b4b7
5f848493
0200006f
0042b4b7
5f848493
00840513
00848713
00400593
00002097
fe0080e7
00048513
01c12083
01812403
01412483
01012903
00c12983
02010113
00008067
00428537
6d850513
00428637
70e60613
004286b7
71f68693
07900593
00007097
e1c080e7
ff010113
00112623
00812423
06050263
00050413
ffff7097
1b4080e7
00f54583
00058e63
00259593
00a58533
01052503
004195b7
0ec58593
02b50263
0042b5b7
60058593
00040513
00c12083
00812403
01010113
00001317
0e430067
00040513
00c12083
00812403
01010113
00008067
00428537
6d850513
00428637
6f860613
0042a6b7
80268693
06b00593
00007097
d88080e7
06050a63
ff010113
00112623
00812423
00912223
01212023
00058413
00050493
00251913
00890513
0042b5b7
60058593
ffff7097
0d8080e7
00952223
02040063
00850593
01258933
00042603
00c5a023
00458593
00440413
ff2598e3
00c12083
00812403
00412483
00012903
01010113
00008067
0042b537
5f850513
00008067
00058693
00400593
00b60663
00000513
00008067
ff010113
00112623
00812423
00050413
00052503
00442583
00068613
00000693
ffff8097
8e4080e7
00251513
00a40533
00852503
00c12083
00812403
01010113
00008067
fe010113
00112e23
00812c23
00912a23
01212823
01312623
01412423
01512223
01612023
00068413
00060693
00058493
00200613
00058513
00068593
ffff7097
8d0080e7
0a048663
00042503
00357593
00059a63
00052583
0042b637
60060613
0cc58263
01000513
fffe7097
188080e7
00042583
00050413
00058513
00000593
ffff4097
52c080e7
00050493
ffff4097
65c080e7
06050463
00050993
00000a13
00000913
00400a93
03596063
001a9b13
003a9593
00040513
fffe7097
18c080e7
00050413
000b0a93
00190913
01440533
01352023
00048513
ffff4097
610080e7
00050993
004a0a13
fc0510e3
0140006f
0042b537
5f850513
02c0006f
00000913
00090513
00040593
00000097
e20080e7
00050493
00040513
fffe7097
174080e7
00048513
01c12083
01812403
01412483
01012903
00c12983
00812a03
00412a83
00012b03
02010113
00008067
0042b637
32460613
004196b7
11468693
00c5a023
00d5a223
00a5a423
0005a623
00058513
00008067
00852583
00c52603
0045a683
00d67e63
00261693
00d585b3
0085a583
00160613
00c52623
0080006f
00000593
00058513
00008067
00357693
02069463
00058613
00052583
0042b6b7
60068693
00d59a63
00452583
00850513
00002317
fe430067
ff010113
00112623
00428537
6d850513
00428637
7eb60613
004286b7
7f768693
0d300593
00007097
ab0080e7
00058693
0005a703
00377593
02059463
00050613
00072503
0042b5b7
60058593
00b51a63
00472583
00870513
00002317
e7030067
ff010113
00112623
00428537
6d850513
00429637
be160613
004296b7
bed68693
0da00593
00007097
a50080e7
ff010113
00112623
00812423
0005a403
00042783
0047d683
2006f693
00068c63
0127c683
00269693
00f686b3
0106a783
fe5ff06f
0087c683
00269693
00062603
00f686b3
0106a803
fff50713
00365613
00458693
00078513
00070593
000800e7
00050593
00600513
00b42823
00c12083
00812403
01010113
00008067
fe010113
00112e23
00012023
00012223
00900613
00a00693
00010713
00052583
00a12423
00c12623
00d12823
00e12a23
00012c23
00810513
00000097
1d4080e7
00012503
00a03533
01c12083
02010113
00008067
fd010113
02112623
02812423
02912223
03212023
01312e23
00068413
00060493
00058913
00050993
00900513
00a00593
00010613
01312423
00a12623
00b12823
00c12a23
0009a583
00012023
00012223
00012c23
00810513
00000097
160080e7
00012503
00400593
02b50263
04050a63
00412583
00090613
00048693
00040713
ffff8097
81c080e7
01c0006f
0109a503
00090593
00048613
00040693
ffff4097
448080e7
02c12083
02812403
02412483
02012903
01c12983
03010113
00008067
00423537
7e650513
ffff4097
d38080e7
fd010113
02112623
02812423
02912223
03212023
00058493
00050413
01300513
00f00593
01810613
00812223
00a12423
00b12623
00c12823
00042583
00012c23
00012e23
00012a23
00410513
00000097
09c080e7
01812503
06050c63
00400593
04b51a63
01042503
ffff7097
bf4080e7
00050913
00455503
08057513
04051863
00049a63
01000513
fffe7097
d68080e7
00050493
00f94503
00251513
01250533
01052603
01042503
00048593
000600e7
0200006f
01810613
00000513
00000593
ffff4097
430080e7
0080006f
01042503
02c12083
02812403
02412483
02012903
03010113
00008067
fe010113
00112e23
00812c23
00912a23
01212823
01312623
01412423
00050413
00c52503
00052603
1a061863
00452503
1c051663
00058493
0042b937
30c90913
00f00993
00842503
02050463
0044d583
2005f613
00061e63
00a48633
00064603
0c061063
01351663
1805f513
0a051a63
0134c503
04050863
01448a13
00251513
01450533
ffc52503
ffff8097
a30080e7
12050263
0134c503
00251513
01450533
00442583
ffc52503
00359593
00450513
00258593
00000613
ffff6097
6cc080e7
08051663
00042503
02050e63
01044583
02059a63
03248863
0044d583
2005f593
02059263
01052503
00442583
00c42603
ffff5097
de4080e7
00c42503
00052503
02051663
0124c503
02050263
00251513
00950533
01052483
f32496e3
0100006f
00c42503
00400593
00b52023
01c12083
01812403
01412483
01012903
00c12983
00812a03
02010113
00008067
01044603
00042583
00060a63
00452603
00c42683
00000513
02c0006f
00058c63
01248a63
0044d603
20067613
00061463
0105a583
00452603
00c42683
00058513
00048593
01c12083
01812403
01412483
01012903
00c12983
00812a03
02010113
ffff5317
c5830067
00429537
fd750513
00429637
ff660613
004296b7
04868693
0a000593
00006097
5f0080e7
00429537
fd750513
00429637
ff660613
004296b7
00a68693
08a00593
00006097
5cc080e7
00429537
fd750513
00429637
ff660613
004296b7
02968693
08b00593
00006097
5a8080e7
fe010113
00112e23
00812c23
00912a23
01212823
01312623
01412423
01512223
01612023
00068413
00060693
00058493
00020637
00660613
00058513
00068593
ffff6097
1c4080e7
00300513
02a48e63
00100513
34a49063
00042503
01c12083
01812403
01412483
01012903
00c12983
00812a03
00412a83
00012b03
02010113
ffff7317
8d430067
00042503
fffff097
998080e7
00442903
00397593
2a059c63
00050493
00092503
0042b5b7
60058593
2ab51263
00842403
00040513
ffff7097
7dc080e7
28050a63
00090513
ffff7097
888080e7
00f54503
28050c63
00090513
ffff7097
874080e7
00050993
00090513
ffff7097
864080e7
00f54503
00251513
01350533
01052503
004195b7
0ec58593
26b51063
00492a03
00890993
00a00a93
040a0e63
0042b537
6a450513
00098593
000a0613
0005a683
0036f713
20071c63
0006a703
20a71863
0086c683
20068a63
fff60613
00458593
fc061ee3
0009a583
0115c603
00b00513
02060063
00261613
00b605b3
0105ab03
0140006f
00000b13
00a00513
0080006f
00000b13
016035b3
00b50533
00251513
01450513
fffe7097
998080e7
00050913
0042b537
6a450513
21c00593
04030637
0041a6b7
06068693
0041a737
36470713
004197b7
2d078793
0041a837
4b880813
0041a8b7
5dc88893
0041a2b7
6bc28293
0041b337
81430313
004193b7
3a038393
00e92c23
00f92e23
03092023
03192223
0041b737
8fc70713
02592423
02692623
02792823
02e92a23
08070737
20160613
00a92023
00b91223
00991323
00c92423
00900513
60570593
00b92623
00a90823
015909a3
00d92a23
02892c23
020a0663
00100513
14aa1463
00b00513
00a90923
0009a503
02a92e23
000b0863
00c00513
00a908a3
05692023
0042b537
30c50513
02a90663
00090593
0045d603
20067613
00060e63
0125c603
00060a63
00261613
00b605b3
0105a583
fea590e3
00440513
0c200593
00000613
ffff6097
2a4080e7
06050063
00050413
00452503
00357593
04059863
00052503
00655503
0c600593
04b51063
00020637
00260613
00100513
00000593
ffff6097
f08080e7
00800513
fffe6097
7e0080e7
00442583
0042b637
6f860613
00c52023
00b52223
00a42223
00090513
01c12083
01812403
01412483
01012903
00c12983
00812a03
00412a83
00012b03
02010113
00008067
00000513
ffff3097
6d0080e7
00429537
0bc50513
ffff3097
6c0080e7
00424537
d5850513
00424637
d7860613
004246b7
d8968693
03500593
00006097
214080e7
00429537
0a050513
ffff3097
68c080e7
00429537
0df50513
ffff5097
3c8080e7
0065d603
004295b7
1b558593
fffe9317
b7c30067
00854703
00070a63
00271713
00a70733
01072303
00030067
ff010113
00112623
00429537
1c250513
ffff3097
638080e7
fd010113
02112623
02812423
02912223
03212023
01312e23
00050913
00357513
0e051663
00058493
00092503
0042b5b7
6a458593
0cb51c63
00060413
00062503
06050863
01394503
0a050463
01490993
00251513
01350533
ffc52503
ffff7097
444080e7
0c050663
01394503
00251513
01350533
ffc52503
00454583
0025f593
06059863
00442603
00450513
00349593
00258593
04060463
00100613
ffff6097
0d0080e7
00442583
00b52223
0400006f
01212423
00912623
00012823
00812a23
00100513
00a12c23
00810513
00090593
00000097
918080e7
0180006f
00200613
ffff6097
08c080e7
00050463
00042023
02c12083
02812403
02412483
02012903
01c12983
03010113
00008067
00429537
fd750513
00429637
1d860613
004296b7
1e268693
42b00593
00006097
080080e7
00429537
fd750513
00429637
1d860613
004296b7
20968693
46300593
00006097
05c080e7
ff010113
00112623
00812423
00912223
00068413
00060693
00050493
00040637
00460613
00058513
00068593
ffff6097
c8c080e7
00442503
ffff6097
3d0080e7
0042b5b7
6a458593
00b51463
00442503
00042583
00001097
d6c080e7
00e00593
02b50c63
00c00513
fffe6097
534080e7
00042583
00442603
00952023
00b52223
00c52423
00c12083
00812403
00412483
01010113
00008067
00000513
ffff3097
440080e7
ff010113
00112623
00812423
00912223
00058413
00050493
004295b7
29a58593
fffe8097
2c4080e7
00442583
00048513
00000613
ffff6097
380080e7
004245b7
ec058593
00048513
fffe8097
29c080e7
00842583
00048513
00000613
ffff6097
358080e7
004295b7
1c058593
00048513
00c12083
00812403
00412483
01010113
fffe8317
26430067
fe010113
00112e23
00812c23
00912a23
00060413
00062603
0c061863
00050493
00357513
0c051c63
0004a503
0042b637
6c860613
0cc51463
0044a503
00357613
0e061063
00052603
0042b6b7
6a468693
0cd61863
0084a603
01100693
00c12023
00b12223
00012423
00812623
00012823
00d59663
00800593
00b12423
01254583
04058863
00259593
00a58533
01052583
0042b537
30c50513
02a58c63
00010513
fffff097
6c8080e7
00042503
02050263
00400593
02b51a63
0042b537
66450513
00a42023
0084a503
00a42223
01c0006f
00012423
0042b5b7
30c58593
00010513
fffff097
688080e7
01c12083
01812403
01412483
02010113
00008067
00429537
fd750513
00429637
2a360613
004296b7
2ae68693
54b00593
00006097
e10080e7
00429537
fd750513
00429637
2a360613
004296b7
2d668693
54e00593
00006097
dec080e7
ff010113
00112623
00058613
00050593
00462503
00862683
0042b737
6c870713
00e12023
00a12223
00d12423
00010513
ffff4097
3b0080e7
00c12083
01010113
00008067
00b54633
00163613
04b50663
00357693
04069263
0042b6b7
6a468693
00052603
02d61863
01254603
02060663
00261613
00a60533
01052503
00b54633
00163613
00b50a63
00357713
fc070ae3
0080006f
00000613
00060513
00008067
00357613
00061e63
00052603
0042b6b7
6a468693
00d61663
00001317
a9830067
ff010113
00112623
00429537
30050513
ffff3097
19c080e7
ff010113
00112623
00812423
00058413
ffff6097
0b0080e7
00040593
00c12083
00812403
01010113
00001317
a5030067
ff010113
00112623
00812423
00912223
00058493
00050413
ffff6097
078080e7
02950063
00048593
00000097
f14080e7
00050663
01042403
0080006f
00000413
00040513
00c12083
00812403
00412483
01010113
00008067
ff010113
00112623
00812423
00912223
00068413
0042b6b7
6f868693
00050493
00d50863
0042b537
71050513
04a49663
000206b7
00268693
00058513
00060593
00068613
ffff6097
8a4080e7
00800513
fffe6097
17c080e7
00042583
00952023
00b52223
00c12083
00812403
00412483
01010113
00008067
00429537
fd750513
00429637
32360613
004296b7
34068693
5fa00593
00006097
bf0080e7
fc010113
02112e23
02812c23
02912a23
03212823
03312623
03412423
03512223
03612023
00050993
00455503
20057513
2a050063
00068413
00060493
00058913
00012c23
00012e23
01800513
00800593
01810613
00012223
00a12423
00b12623
00c12823
00012a23
00410513
00098593
fffff097
3b8080e7
01812503
00456593
00400613
04c59463
0042b5b7
30c58593
01000513
0ab98263
00098a13
004a5603
20067613
00965b13
08060e63
012a4603
00060a63
00261613
01460633
01062a03
fcba1ee3
00000a13
0800006f
0124e5b3
0a058663
00190a13
00149a93
014a8533
00251513
fffe6097
04c080e7
00050b13
01352023
00450513
012a8633
00261613
00040593
00006097
d70080e7
01812503
000a0593
00048613
000b0693
ffff3097
638080e7
00050a93
000b0513
fffe6097
0a0080e7
0640006f
00000a13
00100b13
0080006f
01400513
00098593
ffff6097
e24080e7
00050a93
00450513
00000593
ffff6097
950080e7
040b1263
0042b537
66450513
00aaa823
0340006f
01312023
00100593
00010693
00000613
ffff3097
5c8080e7
00050a93
000a8513
ffff6097
e00080e7
11351063
00000a13
00012c23
00012e23
01100513
01512223
00a12423
00012623
00410513
00098593
fffff097
25c080e7
01812503
08050863
0124e533
06050663
00149513
01250533
00251993
00898513
fffe6097
f3c080e7
00050b13
01812503
00ab2023
01c12503
00ab2223
008b0513
00040593
00098613
00006097
c58080e7
00090513
00048593
000b0613
ffff3097
600080e7
00050993
000b0513
fffe6097
f8c080e7
0180006f
01810613
00000593
ffff3097
5dc080e7
00050993
00600513
08a99863
020a0e63
010aa503
0042b5b7
66458593
02b51663
008a4503
00251513
01450533
01052703
000a0513
00090593
00048613
00040693
000700e7
00aaa823
000a8513
03c12083
03812403
03412483
03012903
02c12983
02812a03
02412a83
02012b03
04010113
00008067
00429537
fd750513
00429637
10260613
004296b7
11b68693
12100593
00006097
8fc080e7
00429537
13950513
ffff3097
d74080e7
fd010113
02112623
02812423
02912223
03212023
00060913
00058493
00050413
00060663
01b00513
0080006f
01d00513
00900593
01810613
00912223
00a12423
00b12623
00c12823
0004a583
00012c23
00012e23
00012a23
00410513
fffff097
0c8080e7
01812503
02091463
02051263
0004a583
01b00513
00a12423
00012623
00410513
fffff097
0a0080e7
01812503
04050863
00400593
06b51a63
0104a503
ffff8097
bfc080e7
08050063
02090263
0004a503
00655503
fffe7097
350080e7
00050593
00040513
fffe8097
b50080e7
0104a583
08096613
00040513
0580006f
00048513
ffff6097
bd8080e7
00050613
004295b7
15758593
00040513
00048693
fffe8097
180080e7
0340006f
00048593
ffff3097
3c0080e7
00050593
00040513
00000613
0100006f
0104a583
00040513
00090613
ffff6097
bb4080e7
02c12083
02812403
02412483
02012903
03010113
00008067
fd010113
02112623
02812423
02912223
00058413
00050493
0042b537
67050513
00950533
00054503
00b00593
01810613
00812223
00a12423
00b12623
00c12823
00042583
00012c23
00012e23
00012a23
00410513
fffff097
f7c080e7
01812503
02050063
00400593
04b51463
01042583
00048513
ffff3097
9a4080e7
0940006f
00600513
02a49263
00042583
0ae00513
00a12423
00410513
fffff097
f38080e7
01812503
06050263
00000513
0640006f
00040593
ffff3097
2c8080e7
00800593
00b48e63
00600593
04b49463
ffff6097
1bc080e7
00151513
0340006f
00157593
02059863
00257593
00059a63
00052583
0042b637
12460613
00c58c63
00000513
ffff3097
b18080e7
00141513
00150513
02c12083
02812403
02412483
03010113
00008067
fd010113
02112623
02812423
02912223
03212023
00060493
00058913
00050413
0042b537
67c50513
00850533
00054503
00c00593
01410613
01212023
00a12223
00b12423
00c12623
00092583
00012a23
00012c23
00012e23
00012823
00010513
fffff097
e4c080e7
01412503
04050e63
00400593
00b51e63
01092583
00040513
00048613
ffff3097
a84080e7
03c0006f
00912e23
00100513
01410613
00000593
ffff3097
214080e7
02400593
00b41e63
ffff6097
bd0080e7
00051663
00e00513
0080006f
01e00513
02c12083
02812403
02412483
02012903
03010113
00008067
fc010113
02112e23
02812c23
02912a23
03212823
03312623
00060413
00058913
00062583
00050493
02058663
00442983
00448513
00391593
00258593
04098e63
00100613
ffff5097
50c080e7
01352223
0580006f
00048513
ffff6097
8e8080e7
00455503
20057513
0c050663
00448513
00391993
00298993
00098593
00000613
ffff5097
4d0080e7
04050063
00452503
00a42023
0180006f
00200613
ffff5097
4b4080e7
00050463
00042023
03c12083
03812403
03412483
03012903
02c12983
04010113
00008067
0004a583
00912c23
01212e23
02012023
02812223
02012423
01810513
fffff097
ce8080e7
00e00513
faa90ee3
00042503
fa051ae3
00e00593
00c10613
00048513
ffff4097
b98080e7
00c12503
f8050ce3
01312a23
00100513
00c10613
00000593
ffff3097
0ac080e7
f61ff06f
00429537
fd750513
00429637
16960613
004296b7
18368693
24d00593
00005097
43c080e7
fc010113
02112e23
02812c23
02912a23
03212823
03312623
00060413
00058493
00050913
00012e23
02012023
02b12223
02c12423
00e00513
01c10593
00400613
01212423
00a12823
00b12a23
00012c23
00c40863
01c00513
00040863
0100006f
00f00513
00041463
00b00513
00092583
00a12623
00810513
fffff097
bfc080e7
01c12503
04050463
00400993
01351e63
01092503
00048593
00040613
ffff6097
0b4080e7
0280006f
ffb47513
00a03533
00150513
01c10613
00000593
ffff3097
fc0080e7
01340463
00600513
03c12083
03812403
03412483
03012903
02c12983
04010113
00008067
fc010113
02112e23
02812c23
02912a23
03212823
03312623
00060413
00058493
00050913
00100993
01000513
02010593
01212623
01312823
00a12a23
00b12c23
00092583
02012023
02012223
00012e23
00c10513
fffff097
b38080e7
02012503
00400593
02b51a63
01092503
ffff5097
694080e7
01054583
00259593
00a58533
01052683
01092503
00048593
00040613
000680e7
00050993
00098513
03c12083
03812403
03412483
03012903
02c12983
04010113
00008067
fe010113
00112e23
00812c23
00912a23
01212823
01312623
01412423
00050413
0035f513
00b12223
0e051063
00058493
0005a503
0042b5b7
6a458593
06b50663
0042b5b7
60058593
0cb51063
00048513
ffff5097
5f8080e7
00f54503
0a050e63
00048513
ffff5097
5e4080e7
00050913
00048513
ffff5097
5d4080e7
00f54503
00251513
01250533
01052503
004195b7
0ec58593
08b51263
0044a903
04090263
00848993
00c0006f
00100913
00410993
0042ba37
30ca0a13
0009a583
01e00493
03458263
00040513
fffff097
42c080e7
00051a63
fff90913
00498993
fc091ee3
00e00493
00048513
01c12083
01812403
01412483
01012903
00c12983
00812a03
02010113
00008067
00429537
26150513
ffff2097
60c080e7
00424537
d5850513
00424637
d7860613
004246b7
d8968693
03500593
00005097
160080e7
fe010113
00112e23
00812c23
00912a23
01212823
01312623
00068413
00060693
00058913
00050493
00020637
ffe60613
00058513
00068593
ffff5097
d84080e7
00291993
00898513
00048593
ffff5097
494080e7
00050493
01252223
02090663
00848913
013409b3
00042503
00000593
ffff3097
9ec080e7
00a92023
00440413
00490913
ff3412e3
00048513
01c12083
01812403
01412483
01012903
00c12983
02010113
00008067
fe010113
00112e23
00812c23
00912a23
01212823
01312623
01412423
00050413
00357513
08051e63
00042503
0042b5b7
72858593
08b51663
00442503
04050e63
00000993
00000493
00800a13
01440533
00052503
ffff3097
a9c080e7
02050e63
00050913
00049c63
00442503
00000593
ffffe097
2c0080e7
00050493
00442503
014485b3
0125a023
00198993
004a0a13
faa9eee3
0080006f
00000493
00048513
01c12083
01812403
01412483
01012903
00c12983
00812a03
02010113
00008067
00429537
37e50513
00429637
39c60613
004296b7
3a968693
03300593
00005097
fd4080e7
ff010113
00112623
00812423
00912223
00058413
00050493
ffff5097
368080e7
00e54583
00259593
00a58533
01052303
00400613
00048513
00040593
00c12083
00812403
00412483
01010113
00030067
ff010113
00112623
00812423
00912223
01212023
00060413
00058493
00050913
ffff5097
310080e7
00e54583
00259593
00a58533
01052303
00090513
00048593
00040613
00c12083
00812403
00412483
00012903
01010113
00030067
ff010113
00112623
00812423
00912223
00058413
00050493
ffff5097
2bc080e7
00e54583
00259593
00a58533
01052303
00048513
00040593
00000613
00c12083
00812403
00412483
01010113
00030067
ff010113
00112623
00812423
00912223
00058413
00050493
ffff5097
26c080e7
00c54583
00259593
00a58533
01052303
02400513
00048593
00040613
00c12083
00812403
00412483
01010113
00030067
06068263
fe010113
00112e23
00812c23
00912a23
01212823
01312623
00070413
00068493
00050913
02b609b3
00040513
00090593
00098613
00005097
0d4080e7
fff48493
01340433
fe0492e3
01c12083
01812403
01412483
01012903
00c12983
02010113
00008067
fe010113
00112e23
00812c23
00912a23
01212823
01312623
01412423
00070413
00060493
00058613
00200593
00050913
00b51863
00848663
00000513
0740006f
00300513
00a90863
02091063
00100913
0080006f
00400913
00060593
00048993
00040a13
0140006f
00068593
00040993
00048a13
00060693
00040613
00946463
00048613
00068513
00005097
1d0080e7
00200613
00050593
00c91663
0015b513
0100006f
f805cae3
00100513
02058263
01c12083
01812403
01412483
01012903
00c12983
00812a03
02010113
00008067
00849863
00100593
f6b900e3
fd5ff06f
f53a6ce3
fcdff06f
fd010113
02112623
02812423
02912223
03212023
01312e23
01412c23
01512a23
01612823
01712623
00070913
00068493
00060993
00200613
00050413
02c51c63
03298a63
00000513
02c12083
02812403
02412483
02012903
01c12983
01812a03
01412a83
01012b03
00c12b83
03010113
00008067
00300513
00a40863
02041063
00100413
0080006f
00400413
00090a13
00058a93
00098b13
0140006f
00098a13
00048a93
00090b13
00058493
00090b93
03396663
00098b93
0240006f
0004a503
000aa583
ffff5097
664080e7
02050863
fffb8b93
004a8a93
00448493
fe0b90e3
01299863
00100513
f4a40ee3
0080006f
f56a6ae3
00100513
f51ff06f
00200513
f4a402e3
0004a583
000aa603
00040513
ffff2097
0bc080e7
fe250513
00153513
f29ff06f
fd010113
02112623
02812423
02912223
03212023
01312e23
01412c23
01512a23
01612823
01712623
00068a13
00060a93
00058913
0006a583
00050493
00058513
ffff5097
f80080e7
004a2403
00300b93
057ae263
00050b13
008a2603
00100693
00090593
ffff5097
7c0080e7
00050993
037a8463
00ca2603
00100693
000b0513
00090593
ffff5097
7a0080e7
00050913
0080006f
00000993
0329fe63
00199513
41390a33
00299993
00150913
013484b3
0004a503
00040593
ffff5097
54c080e7
02051263
00290913
fffa0a13
00448493
fe0a10e3
00429537
76d50513
ffff2097
420080e7
00090513
02c12083
02812403
02412483
02012903
01c12983
01812a03
01412a83
01012b03
00c12b83
03010113
00008067
06058863
fe010113
00112e23
00812c23
00912a23
01212823
01312623
00060413
00050493
00000913
00259593
00b509b3
0004a503
00040593
ffff5097
4b8080e7
00448493
00a90933
ff3494e3
00191513
00150513
01c12083
01812403
01412483
01012903
00c12983
02010113
00008067
00100513
00008067
fd010113
02112623
02812423
02912223
03212023
01312e23
01412c23
01512a23
01612823
01712623
00058913
00050993
00052503
01154583
00259593
00a58533
01052503
00171593
0045f593
00b50533
00052a83
0006a023
04060663
00068413
00060493
00000a13
00177b13
00200b93
00098513
00090593
00048613
00040693
000a80e7
00150593
0375e463
020b1063
00a90933
40a484b3
01450a33
fc049ae3
0100006f
00000a13
0080006f
00050a13
000a0513
02c12083
02812403
02412483
02012903
01c12983
01812a03
01412a83
01012b03
00c12b83
03010113
00008067
ff010113
00112623
00052703
01174783
00279793
00e78733
01072703
00872703
00b12223
00c12423
00200593
00410613
000700e7
00412583
fff53513
fff50513
00b56533
00c12083
01010113
00008067
ff010113
00112623
00812423
00058413
ffff5097
cf4080e7
01154583
04058863
00259593
00a58533
01052503
00147593
00058663
00052583
02058a63
00247593
00058663
00452583
02058263
00447413
00040663
00852583
00058a63
00c12083
00812403
01010113
00008067
0042b537
ef450513
004295b7
78458593
ffff2097
a9c080e7
00000613
00000317
51c30067
00100613
00000317
51030067
ff010113
00112623
00068713
00810693
00000097
e24080e7
00812583
00059c63
00151513
00150513
00c12083
01010113
00008067
00058513
ffff4097
b28080e7
00200693
00000317
fbc30067
00200613
00000317
65430067
00300613
00000317
64830067
00000613
00000317
63c30067
00100613
00000317
63030067
fd010113
02112623
02812423
02912223
03212023
01312e23
01412c23
01512a23
00058413
0005a583
0005a603
01164583
00259593
00100693
00c58633
00a6fc63
00442583
4015d593
fff00513
00058493
00a59663
fff00493
01000593
01062903
00410513
fffe6097
474080e7
fff00993
00a00a13
fff00a93
01348663
06048063
fff48a93
00410513
00100593
fffe6097
788080e7
00092703
00042583
00050493
00100613
00010693
00058513
00048593
000700e7
00050c63
07350863
0004c503
01450e63
000a8493
fadff06f
00410513
00100593
fffe7097
9ec080e7
00c94503
00157513
00051a63
00410513
ffffd097
9d4080e7
0100006f
00410513
ffffd097
9a8080e7
02c12083
02812403
02412483
02012903
01c12983
01812a03
01412a83
03010113
00008067
00012503
ffff4097
9b8080e7
ff010113
00112623
00812423
00912223
00a12023
00000513
00000593
ffff9097
9dc080e7
00050413
00100513
00010593
00000097
e9c080e7
00050493
ffff5097
cdc080e7
00050c63
00040513
00048593
ffff9097
a98080e7
fd1ff06f
00040513
00c12083
00812403
00412483
01010113
00008067
ff010113
00112623
00812423
00a12223
00100513
00410593
00000097
e40080e7
00050413
ffff5097
c80080e7
40a00533
00857533
00c12083
00812403
01010113
00008067
ff010113
00112623
00052583
0115c603
00261613
00b605b3
0105a583
0085a703
00400593
00810693
00000613
000700e7
fff00593
00b50a63
00600513
00c12083
01010113
00008067
00812503
ffff4097
8ac080e7
ff010113
00112623
0005a503
00000097
fa0080e7
00600513
00c12083
01010113
00008067
fe010113
00112e23
00812c23
00912a23
01212823
00058413
0045a583
00050913
00058513
ffff5097
fd4080e7
00300593
00050493
00b91c63
00842503
ffff5097
fbc080e7
00050663
00c0006f
00000513
0604c663
00042703
00072583
0115c603
00261613
00b605b3
0105a583
0085a783
00912423
00a12623
00200593
00810613
00410693
00070513
000780e7
fff00593
02b50c63
00812503
02b50863
ffff8097
40c080e7
01c12083
01812403
01412483
01012903
02010113
00008067
01600513
ffff3097
7c0080e7
00412503
ffff3097
7b4080e7
ff010113
00112623
00100593
00300613
00a12023
00b12223
00c12423
00300513
00010593
00000097
f08080e7
00c12083
01010113
00008067
ff010113
00112623
00052583
0115c603
00261613
00b605b3
0105a583
0085a703
00100593
00810693
00000613
000700e7
fff00593
00b50a63
00600513
00c12083
01010113
00008067
00812503
ffff3097
728080e7
fe010113
00112e23
00812c23
00912a23
01212823
00058413
00300593
02b56263
00842503
00410593
00200613
ffff5097
208080e7
00050a63
00412483
01c0006f
00000493
0140006f
00842503
ffff5097
f20080e7
00050493
00042903
00442503
00092583
0115c603
00261613
00b605b3
0105a583
0085a403
ffff5097
e20080e7
00050593
00010693
00090513
00048613
000400e7
fff00593
02b50263
ffff8097
2e0080e7
01c12083
01812403
01412483
01012903
02010113
00008067
00012503
ffff3097
660080e7
fd010113
02112623
02812423
02912223
03212023
01312e23
01412c23
01512a23
00058493
00100593
08b50263
00060413
0044a503
ffff5097
d9c080e7
fff00593
06b50663
00050913
0004a503
00052503
01154583
00259593
00a58533
01052983
00410513
00090593
fffe6097
024080e7
0004a503
00c12583
00010693
00090613
00040713
00000097
8a8080e7
00012583
0e059a63
00c9c583
0015f593
00a12423
00410513
0a058263
0b00006f
0004a403
00042503
01154583
00259593
00a58533
01052983
00410513
10000593
10000493
fffe6097
f7c080e7
00000a13
00c12903
fff00a93
0009a703
00010693
00040513
00090593
00048613
000700e7
02050c63
09550863
01450a33
00957863
40a484b3
00a90933
fd1ff06f
00410513
10000593
10000493
fffe6097
174080e7
00050913
fb5ff06f
00c9c503
00157513
01412423
00051a63
00410513
ffffc097
4ec080e7
0100006f
00410513
ffffc097
4c0080e7
02c12083
02812403
02412483
02012903
01c12983
01812a03
01412a83
03010113
00008067
00410513
fffe6097
038080e7
00012503
ffff3097
4c4080e7
fe010113
00112e23
00812c23
00912a23
01212823
00060413
00058493
00050913
0045a503
00263613
00560613
00410593
ffff5097
fa0080e7
00400513
02a90063
00300513
04a91463
0084a503
ffff5097
cbc080e7
00000913
03c0006f
0084a503
ffff5097
ca8080e7
00c4a583
00050913
00058513
ffff5097
c94080e7
00812583
00b96a63
00058913
00c0006f
00000913
fff00513
00812603
00412683
0004a583
41260633
00c12423
01268933
00a66463
00050613
00058513
00090593
00040693
00000097
89c080e7
01c12083
01812403
01412483
01012903
02010113
00008067
03c00693
00d50a63
04000693
04d50263
03e00693
10d51063
fbe58513
01100713
00100693
06a77263
f9e58513
00f00593
0ea5e263
00251513
0042c5b7
8cc58593
00a58533
00052583
00100513
00058067
fbe58693
01100713
00100513
04d77863
f9e58693
00f00713
08d76a63
00269693
0042c5b7
84458593
00d585b3
0005a583
00100693
00058067
00251513
0042c5b7
88458593
00a58533
00052583
00100513
00058067
00400513
0600006f
00269693
0042b5b7
7fc58593
00d585b3
0005a583
00100693
00058067
00400513
00400693
0380006f
00800513
0300006f
00200513
0280006f
00800513
00800693
01c0006f
00200513
00200693
0100006f
00100713
00100693
00e59863
00060463
00d62023
00008067
ff010113
00112623
00429537
7a350513
ffff2097
8fc080e7
06100713
00000693
02a74e63
fbe50713
00e00793
06e7ee63
00271713
0042c537
90c50513
00e50533
00052503
00050067
00261613
00c585b3
0005a503
ffff8317
e9c30067
06800713
02a74263
06200713
06e50a63
06800713
06e51a63
00161613
00c585b3
00059683
0640006f
06900713
00e50663
06c00713
04e51a63
00261613
00c585b3
0005a503
ffff8317
e8430067
00100713
02e51c63
00c585b3
0005c683
02c0006f
00261613
00c585b3
0005a503
00008067
00161613
00c585b3
0005d683
00c0006f
00c585b3
00058683
00169513
00150513
00008067
00050713
00061663
00e686b3
fff68693
00058c63
00068503
40755513
00050593
00071863
03c0006f
00000513
02070a63
fff60613
00166613
02e60733
00e68733
01855793
00859593
0006c803
00f5e5b3
00851513
00c686b3
01056533
fee692e3
00008067
fe010113
00112e23
00812c23
00912a23
01212823
01312623
01412423
00068493
00060993
00058413
0006aa03
00050913
00410613
00000097
d64080e7
04000593
00050613
02b91263
00412503
fff9c593
014585b3
00a585b3
40a00533
00a5f533
00a98a33
03c00913
00ca0533
fc290593
00a4a023
03e00693
0015b593
00d90463
fff50a13
fff58593
05b00513
0015e693
00a46a63
000a0503
40755513
00050593
00c0006f
00000513
00000593
02c68733
00ea0733
01855613
00859593
000a4783
00c5e5b3
00851613
00da0a33
00f66533
feea12e3
05300693
02d40e63
04f00693
02d40e63
05b00693
04d46a63
400006b7
00d606b3
00c6b633
00c58633
01f6d693
00d66633
04061863
ffff8097
cc8080e7
00c0006f
ffffc097
058080e7
01c12083
01812403
01412483
01012903
00c12983
00812a03
02010113
00008067
01e65613
00c5e633
00061e63
ffff8097
c54080e7
fcdff06f
ffff8097
c08080e7
fc1ff06f
ffff8097
c1c080e7
fb5ff06f
fe010113
00112e23
00812c23
00912a23
01212823
01312623
00070913
00058413
00050993
00d12423
04a67663
00060493
4076d593
0185d593
00040513
00098613
00004097
0e8080e7
40998533
412005b3
00a5f533
00a40433
02091263
00810593
00040513
00048613
00004097
f80080e7
0380006f
00098493
fe0902e3
02048663
00810513
00a48533
fff50513
009404b3
00054583
00140613
00b40023
fff50513
00060413
fe9616e3
01c12083
01812403
01412483
01012903
00c12983
02010113
00008067
fd010113
02112623
02812423
02912223
03212023
01312e23
01412c23
01512a23
01612823
00070993
00068b13
00060413
00058a93
00072483
00050a13
00c10613
00000097
b28080e7
04000593
00050913
02ba1263
00c12503
fffb4593
009585b3
00a585b3
40a00533
00a5f533
00ab04b3
03c00a13
01248533
04f00593
00a9a023
00ba8a63
00040513
ffff4097
634080e7
00050413
fc2a0513
00153713
00400613
00090513
00048593
00040693
00000097
e90080e7
02c12083
02812403
02412483
02012903
01c12983
01812a03
01412a83
01012b03
03010113
00008067
fe010113
00112e23
00812c23
00912a23
01212823
01312623
00060493
00058413
04f00993
01351a63
00249493
00940433
00d42023
0ac0006f
00050913
00068513
ffff4097
5a0080e7
0329c463
04700593
0525d263
04800593
06b90e63
04900593
06b90263
04c00593
04b90e63
0740006f
06700593
0325da63
06800593
04b90c63
06900593
04b90063
06c00593
02b90c63
0500006f
00100593
02b90063
04200593
00b90c63
03c0006f
05000593
00b90c63
06200593
02b91663
00940433
00a40023
0200006f
00249493
00940433
00a42023
0100006f
00149493
00940433
00a41023
01c12083
01812403
01412483
01012903
00c12983
02010113
00008067
ea010113
14112e23
14812c23
14912a23
15212823
15312623
15412423
15512223
15612023
13712e23
13812c23
13912a23
13a12823
13b12623
00058413
00050593
00042503
00400613
0042c4b7
19048493
04c5ee63
00c42983
04c58c63
01042903
32094063
00c10593
ffffa097
1e0080e7
00200593
00a12423
04b96463
00442683
00600513
2ca68063
0036f513
00051a63
0006a503
0042b5b7
b2058593
2ab50663
00000513
ffff1097
ea4080e7
00600993
00c10593
ffffa097
194080e7
00a12423
01312223
00c12503
2a050863
00000c13
00000993
00000413
00100d93
03848493
0041c937
70890913
0042aa37
844a0a13
02e00d13
00100a93
00812b03
00aa8863
015b05b3
0005c583
1fa59263
000b0513
000a8593
fffe5097
184080e7
00050b93
018b0533
418a85b3
fffe5097
170080e7
00050b13
003b9593
00258593
00048513
00000613
ffff4097
940080e7
00050663
00452983
1800006f
11c10513
10000593
01c10613
fffe5097
690080e7
04098663
0bc00593
01010613
00098513
ffff2097
058080e7
01012503
06050e63
ffffc097
dfc080e7
00050593
11c10513
fffe6097
a38080e7
11c10513
02f00593
fffe6097
9d8080e7
01c0006f
000b0513
00000593
ffff9097
ed0080e7
00050c13
10051263
000b0513
fffe5097
410080e7
00050593
11c10513
fffe6097
9f0080e7
11c10513
00000097
330080e7
00050c93
16050263
00c0006f
00000c93
1580006f
000b8513
ffff9097
de4080e7
00050c13
01712c23
01010513
00090593
fffe4097
c88080e7
07bc9663
12012583
12412503
ffffc097
a44080e7
00050613
0bc00593
000c0513
ffff2097
164080e7
12012b83
11c10513
000a0593
fffe6097
970080e7
11c10513
00000097
46c080e7
00200593
00b51a63
11c10593
000c0513
00000097
318080e7
13712023
00099e63
02c0006f
11c10593
000c0513
00000097
2fc080e7
00098c63
00098513
000b0593
000c0613
ffff2097
0f8080e7
00000513
fffe4097
c00080e7
000c0993
00098593
00040463
00040593
00c12503
001a8c13
00058413
001a8a93
e15574e3
00600513
00412583
00a58463
00098413
00040513
15c12083
15812403
15412483
15012903
14c12983
14812a03
14412a83
14012b03
13c12b83
13812c03
13412c83
13012d03
12c12d83
16010113
00008067
00c4a683
40195513
00810593
00c10613
00000097
038080e7
d65ff06f
0042b537
e1c50513
0042a5b7
83358593
ffff1097
918080e7
ffff1097
038080e7
00000513
ffff1097
02c080e7
fe010113
00112e23
00812c23
00912a23
01212823
01312623
01412423
01512223
02010413
00068a93
00060493
00058913
00050993
0ba00593
00068513
ffff5097
d74080e7
10050a63
00050a13
004a8513
5e200593
00000613
ffff3097
6a0080e7
00a03ab3
fe040593
000a0513
ffffa097
e50080e7
00050593
fe042683
41598533
00d58633
02050a63
02068863
00d58633
fff60613
00060693
00064603
fd260613
00163613
40c50533
fff68613
00050463
fed5e2e3
00160613
0cb60263
0004a983
40b60ab3
015989b3
01098513
ff057513
40a10a33
000a0113
000a0513
000a8613
00004097
8e0080e7
0004a603
02060263
015a0533
02e00693
00092583
00d50023
00198993
00150513
00004097
8b8080e7
000a0513
00098593
fffe5097
df4080e7
fffe5097
138080e7
00a92023
0134a023
fe040113
01c12083
01812403
01412483
01012903
00c12983
00812a03
00412a83
02010113
00008067
00429537
7b050513
00429637
7d560613
004296b7
7ee68693
11a00593
00003097
5c0080e7
0042b537
e1c50513
0042a5b7
81558593
ffff0097
770080e7
ff010113
00112623
00812423
00050413
00000097
1ac080e7
00100593
02b50863
0042a5b7
84d58593
00040513
fffe5097
688080e7
00040513
00000097
184080e7
ffe50513
00153593
00159593
00058513
00c12083
00812403
01010113
00008067
00852583
0042c537
1c850513
00359593
00258593
00200613
ffff3317
4ec30067
fd010113
02112623
02812423
02912223
03212023
01312e23
00050413
00058513
fffe5097
524080e7
00050493
0042a9b7
85198993
00098513
00004097
998080e7
00050913
00048513
00098593
00090613
00004097
9f4080e7
0a051063
01248533
00410593
00810613
00003097
22c080e7
00412503
00200593
08b51063
00812503
00052583
00452603
0042c6b7
19068693
00b42423
00c42623
00c6a583
0086a603
00442703
00852483
00b12a23
00c12c23
00e6a423
00e6a623
0040d5b7
d0058593
00c10513
fffe4097
84c080e7
00048513
00040593
00000613
ffff0097
28c080e7
ffff1097
f98080e7
00100513
fffe4097
83c080e7
02c0006f
00048513
fffe5097
bc8080e7
00003097
3f8080e7
00442603
00100593
00060693
ffff2097
4cc080e7
02c12083
02812403
02412483
02012903
01c12983
03010113
00008067
ff010113
00112623
00812423
00912223
01212023
fffe5097
3f4080e7
00050413
0042a937
85190913
00090513
00004097
868080e7
00050493
00040513
00090593
00048613
00004097
8c4080e7
02050263
00040513
00c12083
00812403
00412483
00012903
01010113
00003317
36c30067
00940533
00000593
00000613
00c12083
00812403
00412483
00012903
01010113
00003317
0c830067
00200613
00000317
01430067
00100613
00000317
00830067
fe010113
00112e23
00812c23
00912a23
01212823
00060413
00300713
0042c6b7
19068693
00050613
00e56463
00300613
0086a803
00c6a483
00200693
06d56063
00000513
fff60613
00458693
00600713
0042b7b7
b2078793
0006a903
02e90663
00397813
08081a63
00092803
08f81663
00090813
00050463
00048813
00080493
00090813
0080006f
00080913
00150513
00468693
00a60663
fc1ff06f
00080913
0005a503
00410593
00500613
ffff4097
048080e7
00412583
00812603
0b900513
00000693
fffe7097
180080e7
00040593
00048613
00090693
ffff2097
320080e7
01c12083
01812403
01412483
01012903
02010113
00008067
00000513
ffff0097
6c0080e7
fd010113
02112623
02812423
02912223
03212023
01312e23
01412c23
01512a23
00058493
00100593
0ca5f263
00050913
0042ca37
198a2a83
00000513
ffff4097
5e8080e7
00050993
18aa2c23
0004a503
ffff1097
d38080e7
00050413
00200513
195a2c23
00a91863
0042ba37
6a4a0a13
0140006f
0084a503
ffff3097
56c080e7
00050a13
0044a583
ffe90513
00b12423
00848593
ffffc097
41c080e7
00a12623
01312823
00300593
00810693
000a0513
00000613
ffff1097
ce8080e7
00600593
00b40463
00a42223
02c12083
02812403
02412483
02012903
01c12983
01812a03
01412a83
03010113
00008067
0042a537
85a50513
0042a637
87d60613
0042a6b7
89868693
03200593
00003097
128080e7
00050593
00700513
ffff0317
3a030067
fe010113
00112e23
00812c23
00810593
ffff1097
a04080e7
00050413
00040513
ffff1097
b30080e7
00050c63
ffff3097
6f8080e7
fe0514e3
00e00513
0080006f
01e00513
01c12083
01812403
02010113
00008067
fe010113
00112e23
00812c23
00810593
ffff1097
9b0080e7
00050413
00040513
ffff1097
adc080e7
00050c63
ffff3097
6a4080e7
fe0504e3
01e00513
0080006f
00e00513
01c12083
01812403
02010113
00008067
ff010113
00112623
6aa00593
00b12223
00a12423
00200513
00410593
00000613
ffffa097
b64080e7
00c12083
01010113
00008067
ff010113
00112623
ffff3097
7a8080e7
00051663
00e00513
0080006f
01e00513
00c12083
01010113
00008067
ff010113
00112623
ffff4097
a24080e7
0ff00593
02a5e263
00a105a3
00b10513
00100593
ffffb097
22c080e7
00c12083
01010113
00008067
0042a537
8a450513
ffff1097
8b8080e7
00050613
02300513
00058693
00060593
00068613
ffff0317
44830067
00050593
00600513
ffff0317
22430067
ff010113
00112623
6ba00593
00b12223
00a12423
00200513
00410593
00000613
ffffa097
a90080e7
00c12083
01010113
00008067
00000593
ffff1317
86030067
ff010113
00112623
ffff2097
8d0080e7
00050863
00c12083
01010113
00008067
0042c537
1ac52503
ffff2097
19c080e7
ff010113
00112623
6b200593
00b12223
00a12423
00200513
00410593
00000613
ffffa097
a20080e7
00c12083
01010113
00008067
ff010113
00112623
00810593
ffff9097
66c080e7
00812583
00100613
00c59e63
00054503
00151513
00150513
00c12083
01010113
00008067
0042a537
8c050513
ffff0097
338080e7
00200613
00c51e63
0005a683
0045a603
02200513
00068593
ffff0317
32c30067
ff010113
00112623
0042a537
8d850513
ffff2097
04c080e7
fd010113
02112623
02812423
02912223
03212023
01312e23
01412c23
01512a23
00058413
00050493
0042c737
cd870713
00200693
00c10793
00000513
00000593
ffff3097
ae4080e7
00c12503
01012903
01010a13
00c10593
ffff9097
5a0080e7
00050993
00090513
000a0593
ffff9097
58c080e7
00050913
04048a63
00000a93
0042aa37
208a0a13
020a8263
00c12603
000a0513
00098593
00000693
00000713
00000793
fffe5097
160080e7
00042583
000a0513
00000613
ffff3097
1bc080e7
001a8a93
00440413
fd5490e3
01012603
0042a537
20850513
00090593
00000693
00000713
00000793
fffe5097
11c080e7
00600513
02c12083
02812403
02412483
02012903
01c12983
01812a03
01412a83
03010113
00008067
00600613
04c50663
ff010113
00112623
00812423
00050593
0042a437
20840413
00100613
00040513
ffff3097
134080e7
0042a5b7
c9958593
00040513
fffe5097
050080e7
00c12083
00812403
01010113
00600513
00008067
fe010113
00112e23
00812c23
00050413
00810513
01000593
00010613
fffe5097
a30080e7
00010513
00100613
00040593
ffff3097
0d4080e7
00810513
ffffb097
f30080e7
01c12083
01812403
02010113
00008067
ff010113
00112623
0005a583
0015f613
02061c63
0025f613
00061a63
0005a603
0042b6b7
12468693
02d60063
00058513
ffff3097
6a0080e7
00c12083
01010113
ffff7317
b7430067
00200613
00c57a63
00058513
00c12083
01010113
00008067
00000513
ffff2097
e1c080e7
fe010113
00112e23
00812c23
00912a23
00100413
00850463
0045a403
0005a503
00410593
ffff0097
520080e7
00050493
ffff0097
650080e7
02050863
00050613
01b00513
00040593
ffff0097
094080e7
00050413
00048513
ffff0097
628080e7
00050613
fc051ee3
00040513
01c12083
01812403
01412483
02010113
00008067
ff010113
00112623
00812423
00058693
00200593
04b57663
00060413
0042b537
1b450513
00100593
00000613
ffff7097
dd8080e7
00a12223
00100513
00410593
00040613
ffff7097
038080e7
00412503
00c12083
00812403
01010113
00008067
0042a537
8f250513
ffff0097
fe0080e7
fe010113
00112e23
00812c23
00912a23
00300613
00c56663
0085a403
0080006f
00000413
0005a483
0045a503
ffffb097
fa8080e7
00050593
00c10613
00048513
00040a63
00000693
ffff1097
360080e7
00c0006f
ffff1097
0f8080e7
00c12503
00050c63
01012583
00058663
ffff4097
ba8080e7
00050413
00040513
01c12083
01812403
01412483
02010113
00008067
ff010113
00112623
00812423
00912223
00060413
00050493
00058513
ffffb097
f28080e7
00050593
00048513
00040613
ffff1097
384080e7
00600513
00c12083
00812403
00412483
01010113
00008067
ff010113
00112623
00812423
00050413
00058513
ffffb097
ee0080e7
00050593
00010613
00040513
00000693
ffff1097
29c080e7
00012503
00050663
01e00513
0080006f
00e00513
00c12083
00812403
01010113
00008067
0042c537
19c52503
00008067
0042c537
19852503
00008067
ff010113
00112623
00051c63
0042b537
c9050513
00000593
ffff0097
bb0080e7
0005a583
0042b537
c9050513
ffff2097
bbc080e7
ff010113
00112623
0005a583
0042a537
20850513
ffff3097
e40080e7
00600513
00c12083
01010113
00008067
f7010113
08112623
08812423
08912223
09212023
07312e23
07412c23
07512a23
07612823
07712623
07812423
07912223
07a12023
05b12e23
00050413
04b12c23
01450c13
05900c93
0042c4b7
da848493
06800913
0042b9b7
d2098993
04b00a93
00c55503
00e45583
00251513
00259613
00459593
01812623
00ac0c33
40c585b3
ffcc0d13
00bc05b3
ff458593
04b12a23
01410513
fffe3097
d90080e7
00050663
01812a03
1980106f
00042503
00442983
00842a83
00452503
00852d83
05812503
00050863
0009c503
01250463
1400106f
01342223
0009c503
000a8a13
ff050593
00198b93
3ebce6e3
00259593
00b485b3
0005a583
00058067
000b8583
0ff5f513
3e05c8e3
00200593
3fd0006f
004a0a93
000a2223
3d50006f
000a2503
ffca2583
feaa2e23
00ba2023
3a10006f
ff8a2603
ffca2503
000a2583
ffff3097
584080e7
ff4a0a93
3a50006f
004a0a93
01e00513
3950006f
000b8583
0ff5f513
4005c8e3
fc050913
00200593
4210006f
000b8583
0ff5f513
4205c8e3
fc050913
00200593
4410006f
00198583
0ff5f513
4405cae3
00298b93
fc050513
4650006f
ffca0a93
000a2583
01542423
05812503
520504e3
05812b03
04012c23
000aa503
01010693
00000593
000b0613
ffff1097
274080e7
520500e3
15c0106f
00000513
000b8583
00751513
07f5f613
00c56533
001b8b93
fe05c6e3
00251513
40ad0533
00052583
00059463
1100106f
00052023
2bd0006f
00000513
000b8583
00751513
07f5f613
00c56533
001b8b93
fe05c6e3
ffff4097
b68080e7
2ad0006f
00000513
000b8583
00751513
07f5f613
00c56533
001b8b93
fe05c6e3
00100593
40a585b3
00259593
00ba0ab3
000a8593
ffffc097
9b8080e7
1e50006f
00000593
000b8603
00058513
00759593
07f67693
00d5e5b3
001b8b93
fe0644e3
0ff5f613
1fe57513
00a60533
fff54513
00251513
00aa0ab3
00000513
1490006f
00000513
000b8583
00751513
07f5f613
00c56533
001b8b93
fe05c6e3
00151513
00ad8533
00055583
000a2503
ffff1097
4c8080e7
1f90006f
00000513
000b8583
00751513
07f5f613
00c56533
001b8b93
fe05c6e3
00151513
00ad8533
00055503
ffca2603
000a2583
ffca0a93
ffff1097
43c080e7
07d0006f
00000a93
000b8503
007a9a93
07f57593
00baeab3
001b8b93
fe0546e3
000a2503
000a8593
000a0613
ffff1097
8e0080e7
002a9a93
015a0a33
53d0006f
000b8503
0ff57913
3a0544e3
00200593
3b50006f
00000513
000b8583
00751513
07f5f613
00c56533
001b8b93
fe05c6e3
00251513
40ad0533
00052503
00452583
760586e3
00052223
1190006f
00000513
000b8583
00751513
07f5f613
00c56533
001b8b93
fe05c6e3
00151513
00ad8533
00055503
000a2583
ffca0a93
ffff0097
800080e7
0fd0006f
00000513
000b8583
00751513
07f5f613
00c56533
001b8b93
fe05c6e3
000a2583
ffca0a93
00251513
40ad0533
00b52023
0c90006f
00000a93
000b8503
007a9913
07f57593
00b96ab3
001b8b93
fe0546e3
000a2503
000a8593
000a0613
ffff1097
904080e7
0ffaf513
00695593
00251513
3fc5f593
00ba05b3
00a58ab3
07d0006f
00000513
000b8583
00751513
07f5f613
00c56533
001b8b93
fe05c6e3
00042583
0085a603
0045a583
00251513
00a60533
00052503
ffca0a93
000a8613
fffef097
338080e7
6f00006f
00000513
000b8583
00751513
07f5f613
00c56533
001b8b93
fe05c6e3
00151513
00ad8533
00055503
fffef097
6e8080e7
7e00006f
00000513
000b8583
00751513
07f5f613
00c56533
001b8b93
fe05c6e3
00151513
00ad8533
00055583
000a2503
ffff1097
a50080e7
7a40006f
00000513
000b8583
00751513
07f5f613
00c56533
001b8b93
fe05c6e3
00100593
40a585b3
00259593
00ba0ab3
000a8593
ffff6097
740080e7
6f80006f
000b8503
0ff57913
1e0540e3
00200593
1ed0006f
00000513
000b8583
00751513
07f5f613
00c56533
001b8b93
fe05c6e3
00151513
00ad8533
00055503
ffca0a93
ff8a0593
ffffc097
618080e7
73c0006f
00000513
000b8583
00751513
07f5f613
00c56533
001b8b93
fe05c6e3
00151513
00ad8533
00055583
ffca2603
000a2503
ffff1097
cb4080e7
59c0006f
00000513
000b8583
00751513
07f5f613
00c56533
001b8b93
fe05c6e3
00151513
00ad8533
00055503
fffef097
4d8080e7
6c40006f
05412503
01857463
11c0106f
05412503
ff450513
04a12a23
000b8583
0ff5f513
1c05d863
0029c583
07f57513
00759593
00a5e533
1a10006f
00000513
00298993
fff98583
00751513
07f5f613
00c56533
00198993
fe05c6e3
00042583
0085a603
0045a583
fff9c683
00251513
00a60533
00052503
fff6c613
00261613
00ca0ab3
10068613
2e00006f
00000513
000b8583
00751513
07f5f613
00c56533
001b8b93
fe05c6e3
00151513
00ad8533
00055503
00351513
00250513
6080006f
00198583
00298993
01959513
41f55513
00751513
07f5f613
00c56533
0005de63
00098583
00751513
07f5f613
00c56533
00198993
fe05c6e3
00151513
00150513
0a90006f
00000513
000b8583
00751513
07f5f613
00c56533
001b8b93
fe05c6e3
00151513
00ad8533
00055503
fffef097
338080e7
5900006f
004a0a93
00600513
5880006f
000b8503
0ff57913
020540e3
00200593
02d0006f
00000513
000b8583
00751513
07f5f613
00c56533
001b8b93
fe05c6e3
00042583
0085a603
0045a583
00251513
00a60533
00052503
00000613
fffef097
038080e7
52c0006f
000a2503
5240006f
00000513
000b8583
00751513
07f5f613
00c56533
001b8b93
fe05c6e3
00151513
00ad8533
00055583
000a2503
000a0613
ffff0097
7ac080e7
004a0a93
4ec0006f
000b8583
0ff5f513
7c05ca63
fc050513
00200593
7e40006f
00000513
000b8583
00751513
07f5f613
00c56533
001b8b93
fe05c6e3
00251513
40ad0533
2fc0006f
00000513
000b8583
00751513
07f5f613
00c56533
001b8b93
fe05c6e3
00151513
00ad8533
00055503
fffef097
3a4080e7
4580006f
00000513
000b8583
00751513
07f5f613
00c56533
001b8b93
fe05c6e3
00042583
0045a583
00c5a583
00251513
00a58533
00052503
4380006f
00000513
000b8683
00050613
00751593
07f6f513
00a5e533
001b8b93
fe06c4e3
0ff57513
1fe67613
01059593
00c50633
fff64613
00261613
00ca0ab3
0185d593
000a8613
ffff0097
cf8080e7
35c0006f
00000513
000b8583
00751513
07f5f613
00c56533
001b8b93
fe05c6e3
00151513
00ad8533
00055503
000a2583
ffca0a93
fffef097
274080e7
3b40006f
00000513
00298993
fff98583
00751513
07f5f613
00c56533
00198993
fe05c6e3
00042583
0085a683
0045a583
00251513
fff9c603
00a68533
00052503
00100693
40c686b3
00269693
00da0ab3
000a8693
fffef097
ffc080e7
00aaa023
f3cff06f
ffca2503
000a2583
008a0a93
00aa2223
00ba2423
33c0006f
000a2b03
00d00593
000b0513
000a0613
ffff0097
5dc080e7
008a0a93
00c00593
000b0513
000a8613
ffff0097
5c4080e7
00000513
00000593
000a8613
ffff0097
bfc080e7
000bc583
01859613
62064263
00200613
6300006f
000a2b03
00600913
672b0063
001b7513
68051863
000b0513
ffff5097
c50080e7
5a0506e3
000a2503
00aa2223
ffff2097
320080e7
00600913
00aa2023
012a2423
ff8a0a93
00300513
00000593
000a8613
ffff0097
b90080e7
ffff2097
554080e7
00051463
004a2903
012aa023
2740006f
00000513
000b8583
00751513
07f5f613
00c56533
001b8b93
fe05c6e3
00251513
40ad0533
00052503
000a2583
ffca0a93
00b52223
23c0006f
000a2503
00ca0a93
000a0593
fffef097
7e8080e7
000b8993
e1450463
000a2023
2140006f
ff8a2503
ffca2603
000a2583
ff8a0a93
ffff4097
a10080e7
1fc0006f
000a2503
ff8a2583
ffca2603
feaa2c23
feba2e23
00ca2023
1c00006f
00000513
000b8583
00751513
07f5f613
00c56533
001b8b93
fe05c6e3
00251513
40ad0533
00052503
00450513
00052503
1a051263
7d40006f
00000513
000b8583
00751513
07f5f613
00c56533
001b8b93
fe05c6e3
ffc57513
40aa0533
000a2583
00052503
00367613
52060263
ffca2603
ffff4097
978080e7
ff8a0a93
1600006f
ffca2503
000a2583
ffca0a93
00400613
ffff3097
b20080e7
feaa2e23
1400006f
004a0a93
00e00513
1300006f
00000593
000b8603
00058513
00759593
07f67693
00d5e5b3
001b8b93
fe0644e3
0ff5f613
1fe57513
ffe00693
40a686b3
40c686b3
00269693
00da0ab3
00100513
000a8613
ffff0097
a1c080e7
0500006f
00000513
000b8583
00050693
00751613
07f5f513
00a66533
001b8b93
fe05c4e3
0ff57593
1fe6f513
00b50533
00251513
40aa0ab3
000aa503
01061613
01865613
004a8693
ffff0097
8c0080e7
00aaa023
0900006f
05412503
318564e3
05412503
ff450513
04a12a23
000a2503
00600593
42b50463
00157593
74058063
4a054263
40155993
013a2023
1840006f
fffef097
f00080e7
0440006f
000a2503
ffca0a93
ffff1097
ce4080e7
0380006f
000a2503
00000593
fffef097
5e8080e7
00aa2023
000a0a93
01c0006f
0af00593
06a5ee63
00151513
f0150513
004a0a93
00aa2223
000b8993
be4ff06f
0029c583
07f57513
00759593
00a5e533
00300593
05412603
00c60613
04c12a23
05412603
00b985b3
00a58533
00a62023
0009c503
fb750513
05412603
00153513
00151513
01456533
00a62223
05412503
00052423
000a0a93
00058993
b84ff06f
0bf00593
3aa5e863
0b000593
40a58533
00251513
00ad0533
dd1ff06f
0029c583
07f57513
00759593
00a5e533
ffffc937
01250933
00300593
000a2503
00b989b3
ffca0a93
ffff2097
220080e7
fff50513
0380006f
0029c583
07f57513
00759593
00a5e533
ffffc937
01250933
00300593
000a2503
00b989b3
ffca0a93
ffff2097
1e8080e7
40a00533
01257533
1a40006f
0029c583
07f57513
00759593
00a5e533
ffffc5b7
00b50533
00398b93
00ab8533
00aa2223
000bc983
008a0513
013a2423
00050a13
07f9f513
ffca0a13
0a050063
00199913
fff90913
05412503
098564e3
05412503
00454503
00257513
00051663
000a0a93
04c0006f
05412503
00052503
ffca0a93
29757663
000aa503
00157593
02059263
00600593
00b50863
ffff5097
804080e7
080504e3
000a2503
feaa2e23
0100006f
000a2503
ff8a0a93
feaa2c23
05412503
fff98993
07f9f593
ff450513
04a12a23
ffe90913
000a8a13
f6059ee3
00098a63
fec00513
0100006f
000a0a93
fe099ae3
ffc00513
000aa983
00aa8ab3
1340006f
000aa503
01010693
00000613
ffff0097
55c080e7
00000b13
44051263
01012503
00aaa023
de0b08e3
0042b5b7
cd858593
000b0513
ffff4097
7c8080e7
dc050ce3
4c80006f
0029c503
07f97593
00751513
00b56933
00300593
000a2503
00b989b3
ffff2097
080080e7
fff50593
40a00533
0300006f
0029c503
07f97593
00751513
00b56933
00300593
000a2503
00b989b3
ffff2097
050080e7
40a005b3
fff50513
ffc5f593
01257533
00ba0ab3
00a989b3
0800006f
0029c503
07f97593
00751513
00b56933
00300593
01442423
ff4a2503
00050663
ff4a0513
0080006f
ff8a2503
00b989b3
ffff0097
36c080e7
00050863
004a0a93
00aa2223
904ff06f
ff0a0a93
012989b3
8f8ff06f
0029c583
07f57513
00759593
00a5e533
ffffc5b7
00b50533
00300593
00b985b3
00a589b3
000a0a93
0042c537
1a852503
8c050263
00100513
ffff1097
fe0080e7
8b4ff06f
0029c603
07f5f593
00761613
00b665b3
00300613
05412683
00c68693
04d12a23
05412683
00c989b3
00b985b3
00b6a023
05412583
004a0a13
002a6613
00c5a223
05412583
0005a423
00aaa023
864ff06f
012a2223
012a2423
ff8a0a93
00300513
00000593
000a8613
fffef097
560080e7
ff2a2c23
c55ff06f
ffff6097
cec080e7
ffca0a93
c45ff06f
ffca2903
00600513
feaa2e23
00aa2023
00aa2223
ff4a0613
00300513
00000593
fffef097
520080e7
ff8a0a93
ff2a2a23
ff6a2c23
c0dff06f
05412503
00452503
ffc57513
70aa9663
012a2223
05412503
00052983
004a0a93
fd1fe06f
0cf00593
0ca5e263
ffca0a93
000a2583
0c000613
40a60533
00251513
00ad0533
af8ff06f
ffca0a13
0500006f
ffca2503
00157593
02059463
00600593
00b50863
ffff4097
52c080e7
58050663
000a2503
ffca0593
feaa2e23
0100006f
000a2503
ff8a0593
feaa2c23
00058a13
05412503
ff450513
04a12a23
05412503
45856663
05412503
00454503
00257513
fe0500e3
05412503
00052503
f9756ae3
05412503
00452503
000a2583
fff00613
ffc57513
00b52223
00c52423
05412583
0005a983
00850a93
f09fe06f
0d300593
00a5ec63
000a2583
f3050513
fffef097
a4c080e7
ae1ff06f
0f900593
48a5ea63
ffca2583
000a2603
ffca0a93
f2950513
fffef097
c3c080e7
99dff06f
05812503
04012c23
ffff0097
4c8080e7
00050a13
fffe2097
b5c080e7
01412c23
06800913
0042b9b7
d2098993
04b00a93
000a2503
00098593
ffffc097
9bc080e7
06050e63
00442503
00054583
01258e63
07559663
00150603
0ff67593
02064863
00200613
03c0006f
01812503
ffff4097
d74080e7
00842583
00a5a023
00442503
00150513
00a42223
dfdfe06f
00254603
07f5f593
00761613
00b665b3
00300613
00842683
00c50533
00b50533
ff068693
00a42223
00d42423
dcdfe06f
01812503
0042b5b7
08058593
28b50463
00442603
00064503
05d00593
26b50c63
06400593
26b50863
00042503
00c52b03
000b0503
00357b93
001b0b13
00c12423
10054263
00000913
1300006f
0042b537
ed050513
0042a5b7
95e58593
ffff4097
ef8080e7
ef1ff06f
00200593
2eb51863
01012503
0042b5b7
d2058593
ffff4097
38c080e7
4c051863
fffe2097
a2c080e7
01012a03
0980006f
05412503
06800913
0042b9b7
d2098993
04b00a93
01856a63
00852a03
020a1463
ff450513
ff857ae3
0042b537
f1850513
0042a5b7
a7158593
ffff4097
e84080e7
00050a13
fffe2097
9d8080e7
0580006f
000a2503
e61ff06f
ffca2503
e59ff06f
ffff4097
2b0080e7
46050c63
fffe2097
9b0080e7
000a2a03
e51ff06f
000b0513
ffff0097
2fc080e7
00050a13
fffe2097
990080e7
06800913
0042b9b7
d2098993
04b00a93
01412c23
e35ff06f
00000513
00000913
000b0583
001b0b13
0045f613
00a61633
01766bb3
01c59613
01f65613
00a61633
01266933
00150513
fc05cce3
00000513
00000a93
00000993
00000d93
000b0a13
000a0583
001a0a13
0015f613
01b61633
013669b3
01959613
01a65613
001d8d93
00a61633
01566ab3
00650513
fc05cae3
000a0513
00000097
48c080e7
00a12223
012b8933
00190913
000a0513
00090a63
00000097
494080e7
fff90913
fe091ae3
00042583
0045a583
015a0a33
0085a583
013a89b3
00812603
41660633
00412683
00169693
00d586b3
0005d583
0006d683
41360633
41b608b3
00100813
06800913
0042b9b7
d2098993
04b00a93
00080613
05457663
00088713
00050783
0ff7f813
0007ca63
01f87793
00585813
00100893
01c0006f
00154883
00f87793
00481813
70087813
01186833
00200893
01150533
40f708b3
00c80833
faf77ae3
01812503
ffff4097
1f0080e7
05412503
03856863
00442503
05412583
0005a583
02b56063
05412583
1b85e463
05412583
ff458593
04b12a23
05412583
fd85fee3
05412503
0d856e63
05412503
00052503
00a42223
05412503
01812583
00452503
05412603
ffc57513
00b62423
00450613
00b52223
00c42423
ac9fe06f
fffe1097
7b0080e7
01442423
05412503
ff4c0c13
1d851863
00000513
08c12083
08812403
08412483
08012903
07c12983
07812a03
07412a83
07012b03
06c12b83
06812c03
06412c83
06012d03
05c12d83
09010113
00008067
00100593
16b51263
01012503
00aa2023
00098b93
fffe1097
744080e7
01742223
01442423
05412503
aaaab5b7
aab58593
41850533
00c50513
00255513
02b50533
00a41723
00100513
f7dff06f
01812503
00c12583
00a5a023
0300006f
0042b537
f3c50513
0042a5b7
aff58593
ffff4097
b8c080e7
00050413
fffe1097
6e0080e7
00c12503
00852023
00200513
f39ff06f
0042a537
98a50513
0042a637
9a460613
0042a6b7
9dc68693
2b200593
00001097
2d0080e7
0042a537
98a50513
0042a637
9a460613
0042a6b7
a1968693
47c00593
00001097
2ac080e7
0042a537
98a50513
0042a637
9a460613
0042a6b7
a1968693
2c700593
00001097
288080e7
0042a537
98a50513
0042a637
9a460613
0042a6b7
9dc68693
5bc00593
00001097
264080e7
0042a537
98a50513
0042a637
9a460613
0042a6b7
9dc68693
32e00593
00001097
240080e7
0042a537
98a50513
0042a637
9a460613
0042a6b7
9dc68693
2e400593
00001097
21c080e7
0042a537
98a50513
0042a637
9a460613
0042a6b7
a9068693
4e100593
00001097
1f8080e7
0042a537
98a50513
0042a637
9a460613
0042a6b7
a5968693
48300593
00001097
1d4080e7
0042a537
98a50513
0042a637
9a460613
0042a6b7
9b868693
29200593
00001097
1b0080e7
0042a537
98a50513
0042a637
9a460613
0042a6b7
9f068693
2bb00593
00001097
18c080e7
0042a537
98a50513
0042a637
9a460613
0042a6b7
ab368693
4e200593
00001097
168080e7
0042a537
98a50513
0042a637
9a460613
0042a6b7
9b868693
2f600593
00001097
144080e7
fe010113
00112e23
00812c23
00912a23
01212823
00058693
fff00493
01010413
07f67913
00765613
ff240fa3
fff40413
00148493
fe0616e3
00148593
000680e7
02050663
02048263
009504b3
00044583
0805e593
00b50023
00150513
00140413
fe9516e3
00044903
01250023
01c12083
01812403
01412483
01012903
02010113
00008067
00052603
00000593
00060683
00160613
00759593
07f6f713
00e5e5b3
fe06c6e3
00c52023
00058513
00008067
00050593
00000513
00058603
00158593
00751513
07f67693
00d56533
fe0646e3
00008067
00050583
00150513
fe05cce3
00008067
fa010113
04112e23
04812c23
04912a23
05212823
05312623
05412423
05512223
05612023
03712e23
03812c23
03912a23
03a12823
03b12623
00d12823
00058a93
00050413
00052503
00c45903
02a12423
00c52583
01040693
00158513
00a42223
00d42423
00058583
0035fd13
0005ca63
00000b13
00000493
00000a13
0680006f
00000a13
00000493
00000b13
00000593
00050793
00178513
00a42223
00078683
00050793
0046f713
00b71733
01a76d33
0016f713
00b71733
01676b33
01969713
01f75713
00b71733
01476a33
01c69713
01f75713
00b71733
009764b3
00158593
fa06cae3
02c12223
00000593
00000c13
00000c93
00000613
00150513
00a42223
fff50683
00150513
0016f713
00c71733
01976cb3
01969713
01a75713
00160613
00b71733
01876c33
00658593
fc06c8e3
01440b93
00041723
00291993
000b8513
00000593
00098613
00001097
2dc080e7
002a9513
00a12223
fff90d93
004a7513
41ad85b3
00b12423
409585b3
00259593
00bb8733
008a7593
00b12e23
01312623
055d7263
46050463
00090993
00070913
41aa8533
002d1593
01012603
00b605b3
ffffa097
138080e7
ffc90713
00a92023
000d0a93
02412803
00098913
00c12983
07c0006f
00050c63
ffc70513
0042b5b7
5f858593
00b72023
00050713
02412803
01c12503
00a86533
04051a63
416d0533
3eaaee63
05aaf463
415d0533
00412583
40b985b3
015b0633
008585b3
41a60633
01058593
00261613
02812683
00d60633
01060613
00062683
fff50513
00d5a023
ffc58593
00460613
fe0516e3
020a8663
00898533
002a9593
01050513
01012603
00b605b3
00062683
00460613
00d52023
ffc50513
feb618e3
01c12503
00a86533
02051463
38049063
002a7513
2a050063
00000513
00070493
ffff2097
1c4080e7
00a4a023
2880006f
01212023
002a7513
02a12023
01712c23
01b12a23
00050e63
00080513
00070913
ffff2097
194080e7
02412803
00a92023
0e080463
00000913
01012983
00412583
00b989b3
009d0bb3
00450a13
00391d93
01b98db3
000daa83
00442503
00050583
00150513
fe05cce3
040b8863
02812583
0045a583
0085a583
00000613
00000693
00050703
00150513
00769693
07f77793
00f6e6b3
fe0746e3
00169693
00d586b3
0006d683
00369693
00268693
04da8063
00160613
fd7614e3
02012503
28050463
00100613
000a0513
000a8593
ffff1097
cb8080e7
00452583
02412803
22059863
004da583
00b52223
0280006f
01412503
40c50533
00251513
01812583
00a58533
00052583
20059463
004da583
00b52023
00190913
f3091ce3
00012503
41a505b3
02812503
01050513
00259593
01812b83
00bb8633
002b1593
040b0463
00a586b3
00c12803
01058733
002d1793
ffc68693
408787b3
40f70733
01470713
01412d83
00062783
00079663
0006a783
00f62023
00460613
ffc68693
fee614e3
00c0006f
01412d83
00c12803
010b86b3
01040733
40c70733
01470713
02d67863
00062783
00460613
ffc70713
fe0798e3
40275613
0042b537
fa850513
0042a5b7
b5158593
ffff0097
bb4080e7
00442983
00098603
00198993
fe064ce3
000d0e63
00000613
00098683
00198993
fe06cce3
00160613
ffa618e3
00812d03
08048663
00000a13
00b50ab3
00000513
00098583
00198993
00751513
07f5f613
00c56533
fe05c6e3
414d05b3
00259593
00bb8b33
000b2583
04059663
02812583
0045a583
0085a583
00151513
00a58533
00055903
01c12503
0c050c63
000aa503
00391593
00450513
00258593
00000613
ffff1097
b1c080e7
0a050c63
00452503
00ab2023
001a0a13
f89a12e3
00442483
018485b3
020c8e63
018c8c33
018484b3
0005c503
40ad8533
00251513
00ab89b3
0009a503
00158913
ffff2097
c1c080e7
00a9a023
00090593
fc991ce3
0080006f
00058913
01242223
05c12083
05812403
05412483
05012903
04c12983
04812a03
04412a83
04012b03
03c12b83
03812c03
03412c83
03012d03
02c12d83
06010113
00008067
003ad613
0042b537
fa850513
0042a5b7
b0658593
ffff0097
a54080e7
0042b537
fa850513
0042a5b7
b8358593
00090613
ffff0097
a38080e7
0042a537
b3550513
fffee097
efc080e7
ffff0097
708080e7
0042a537
bb350513
fffee097
ee4080e7
fe010113
00112e23
00812c23
00912a23
01212823
01312623
01412423
01512223
01612023
00050413
00054503
24050463
04000593
00100493
0ab50663
004225b7
39358593
00040513
00000097
254080e7
08051a63
004225b7
3b158593
00040513
00000097
23c080e7
06051e63
004235b7
08958593
00040513
00000097
224080e7
06051263
004225b7
3ad58593
00040513
00000097
20c080e7
04051663
004225b7
f4058593
00040513
00000097
1f4080e7
02051a63
004225b7
71c58593
00040513
00000097
1dc080e7
00051e63
004295b7
31d58593
00040513
00000097
1c4080e7
00050493
00000613
00000693
00000593
00000713
02600513
02200793
00400813
00200893
05c00293
02800313
02900393
05b00e13
05d00e93
07b00f13
07d00f93
02700913
00300993
00100a13
00044a83
03555863
045a8c63
092a9063
01370463
06071463
00144a83
072a9063
00244a83
052a9c63
00240413
40e98733
0880006f
04fa9a63
01070663
07170c63
06071c63
00144a83
06fa9263
00244a83
04fa9e63
00240413
40e80733
05c0006f
00144b03
00fb0663
005b0463
032b1063
04070463
00140413
0400006f
03177e63
40ea0733
0340006f
080a8063
02071663
0352c863
046a8263
047a8c63
01ca9e63
00000713
00168693
0100006f
00276a93
011a9463
40e88733
00140413
f45ff06f
03da8263
03ea8c63
fffa98e3
00000713
fff58593
fe5ff06f
00000713
00160613
fd9ff06f
00000713
fff68693
fcdff06f
00000713
fff60613
fc1ff06f
00000713
00158593
fb5ff06f
ffd70793
00100513
02f57c63
00c02633
00d026b3
00d66633
00b025b3
00b665b3
00058463
00070e63
fff44583
05c00613
00c58863
ff658593
00b03533
00a4f533
01c12083
01812403
01412483
01012903
00c12983
00812a03
00412a83
00012b03
02010113
00008067
00050613
00054503
02050a63
00000693
00160613
00d58733
00074703
02070a63
04e51863
00d60533
00054503
00168713
00070693
fe0510e3
0080006f
00000713
00e585b3
0005c503
00153513
00008067
ff010113
00112623
fffe3097
7b0080e7
00154513
00c12083
01010113
00008067
00000513
00008067
fb010113
04112623
04812423
04912223
05212023
03312e23
03412c23
03512a23
03612823
03712623
03812423
03912223
03a12023
01b12e23
00068c13
00060b93
00058b13
00050a93
00b50cb3
00050493
04b05463
fffc8493
05f00413
02e00913
0004c503
fffe3097
6c8080e7
02051063
0004c503
fffe3097
6e4080e7
00051863
0004c503
00850463
37251e63
fff48493
fd54f8e3
000a8493
0042b937
a0c90913
02e00413
00048a13
0394f263
409c8533
00048a13
000a4583
00858a63
fff50513
001a0a13
fe0518e3
000c8a13
409a09b3
079a0e63
00048513
00098593
fffe2097
cc0080e7
02050663
00050593
01010613
00100693
00090513
fffef097
ea0080e7
01012903
001a0493
f8091ee3
00000513
04c12083
04812403
04412483
04012903
03c12983
03812a03
03412a83
03012b03
02c12b83
02812c03
02412c83
02012d03
01c12d83
05010113
00008067
00700513
02ab6463
0042c5b7
f1058593
00700613
000a8513
00001097
a1c080e7
00153513
fff50513
01257933
0042c537
1b052503
00452583
00c52a03
00159593
0015d593
01458a33
00300513
22aa6463
01812223
01712423
00012623
00000b13
00000d13
00000413
00200b93
05f00d93
01810593
000b8513
fffe2097
0d4080e7
00050c13
00098863
01812503
01357863
09c0006f
000c4503
09b50a63
00048513
000c0593
00098613
00001097
a70080e7
06051e63
00090513
000b8593
00000097
218080e7
06050463
01812583
02040e63
00c12603
00060513
00b66463
00058513
03356c63
00098593
00b40633
00bc06b3
00064603
0006c683
00d61e63
00158593
feb574e3
0140006f
00b12623
000c0413
0080006f
00b12623
000b8513
000b0463
000b0513
00050b13
000b8d13
001b8b93
f54b90e3
00812d83
00412c03
120b0c63
19ab0063
00c12503
16a9ec63
116d6663
04000413
05f00c13
0042aa37
c07a0a13
04000c93
00812a83
01810593
000b0513
fffe2097
fdc080e7
00050b93
00098863
01812503
01357863
0c80006f
000bc503
0d850063
00048513
000b8593
00098613
00001097
978080e7
0a051463
00090513
000b0593
00000097
120080e7
08050a63
00fc8513
41f55593
01c5d593
00b50533
ff057513
41950db3
002da513
01812583
00451513
00ad8db3
019d8cb3
019585b3
04b46063
01b05e63
000a8513
000a0593
fffe2097
728080e7
fffd8d93
fe0d96e3
000a8513
000b8593
fffe2097
710080e7
01812503
01950cb3
000a8d93
0240006f
00812d83
000d8513
0042a5b7
bda58593
000b8613
fffe3097
d4c080e7
01812c83
001b0b13
f16d7ae3
0042a5b7
c9958593
000d8513
fffe2097
6c4080e7
fff00513
d55ff06f
00000513
d55496e3
d49c84e3
00600593
d535e0e3
0042c437
f1040413
00048513
00040593
00098613
00000097
798080e7
d0051ee3
01340433
008c2023
00700513
0180006f
00148493
c91ff06f
01340433
008c2023
00c12503
41350533
cf5ff06f
ff010113
00112623
00050e63
00410613
00100693
fffef097
b64080e7
00412503
0200006f
00359593
00258593
0042b537
30050513
00000613
ffff0097
2ac080e7
00a03533
00c12083
01010113
00008067
02b56533
00b05463
00054663
0005d663
00a05463
00b50533
00008067
00054a63
0005de63
fff5c613
00c50533
0100006f
0005c663
40b50533
00150513
02b54533
00008067
fd010113
02112623
02812423
02912223
03212023
01312e23
01412c23
01512a23
01612823
01712623
00060413
00058493
00050913
00000097
708080e7
00050993
00048463
0004a023
0042c537
fa854503
06050463
0042ca37
fa8a0a13
0042cb37
fc4b0b13
02f00b93
000a0513
00000097
6d0080e7
00050a93
03356663
00090513
000a0593
00098613
00000097
644080e7
00051a63
053a8863
013a0533
00054503
05750e63
015a0a33
001a4503
001a0a13
004b0b13
fa051ae3
02c12083
02812403
02412483
02012903
01c12983
01812a03
01412a83
01012b03
00c12b83
03010113
00008067
02048063
000b2583
00200513
00a4a023
00b42023
fc1ff06f
00100513
fb9ff06f
00200513
fb1ff06f
fa010113
04112e23
04812c23
04912a23
00058413
00050493
01410513
fffe0097
5e8080e7
00050e63
01812583
0042a537
20850513
ffff0097
5d4080e7
0640006f
00048513
00000097
5ec080e7
00050613
0b800513
00048593
00000693
fffe4097
034080e7
00052483
00040593
fffe4097
148080e7
00a12623
00b12823
00c10513
00100613
00048593
fffe5097
498080e7
fffee097
c48080e7
fffe0097
4c4080e7
05c12083
05812403
05412483
06010113
00008067
ff010113
00112623
0042c537
00810593
32b52a23
0042c537
33850513
000205b7
00b505b3
fffe0097
694080e7
fffed097
0d8080e7
00001097
4a8080e7
fffed097
144080e7
00000513
00c12083
01010113
00008067
ff010113
00112623
fffe0097
740080e7
0042c537
33452503
00810593
40b50533
00255593
00810513
fffe0097
73c080e7
fffe1097
97c080e7
0042a537
20850513
fffe1097
370080e7
00c12083
01010113
00008067
ff010113
00112623
00200513
fffef097
2c4080e7
00000513
00008067
0000006f
0000006f
ff010113
00112623
00058713
00050613
0042a537
bde50513
00068593
00070693
00000097
044080e7
0000006f
02058063
00050613
00b50733
00100693
00064503
00000073
00160613
fee61ae3
00058513
00008067
00200693
00000513
00000073
00008067
fd010113
00112623
00050293
02f12223
03012423
03112623
00b12a23
00c12c23
00d12e23
02e12023
01410513
00a12423
0042a537
20850513
01410613
00028593
fffe3097
934080e7
00c12083
03010113
00008067
00058613
0042a5b7
20858593
00050693
00058513
00068593
fffe3317
90830067
ff010113
00112623
0042a5b7
20858613
00462703
2085a683
00a105a3
00b10593
00100613
00068513
000700e7
00b14503
00c12083
01010113
00008067
fe010113
00112e23
00812c23
00912a23
01212823
0042a5b7
20858613
00462903
2085a403
00050493
00000097
374080e7
00050613
00040513
00048593
000900e7
00a00513
00a107a3
00f10593
00100613
00040513
000900e7
00f14503
01c12083
01812403
01412483
01012903
02010113
00008067
fe010113
00112e23
00812c23
00058413
00a12823
00b12a23
01010513
004205b7
e3c58593
00a12423
00b12623
00810513
00060593
00068613
fffe3097
818080e7
00040e63
01412603
01012583
00060663
00058023
0080006f
fe058fa3
01c12083
01812403
02010113
00008067
ff010113
00112623
00812423
00912223
00060493
00050413
00452503
00a66463
00050493
00042503
00048613
00000097
06c080e7
00042503
00442583
00950533
409585b3
00a42023
00b42223
00c12083
00812403
00412483
01010113
00008067
fe010113
00112223
01112e23
00d12623
00e12823
00f12a23
01012c23
00c10693
00d12023
00000097
f10080e7
00412083
02010113
00008067
00a5e6b3
0036f693
06069863
00265693
02068863
00269693
00d507b3
00050813
0005a883
00458713
00480693
01182023
00070593
00068813
fef694e3
00c0006f
00050693
00058713
00267593
00058a63
00071583
00270713
00b69023
00268693
00167613
00061463
00008067
00074583
00b68023
00008067
fe0608e3
00c50633
00050693
0005c703
00158593
00168793
00e68023
00078693
fec796e3
fcdff06f
ff010113
00112623
00812423
00c6f663
00000413
0100006f
00050413
00000097
f44080e7
00040513
00c12083
00812403
01010113
00008067
ff010113
00112623
00812423
00050413
02a5fc63
00c58533
02a47863
02060c63
fff60613
00c58533
00c40633
fff58593
00054683
fff50513
00d60023
fff60613
feb518e3
0100006f
00040513
00000097
edc080e7
00040513
00c12083
00812403
01010113
00008067
00357693
00b6e6b3
02068263
00060e63
00c50633
00050693
00168713
00b68023
00070693
fec71ae3
00008067
00265693
00050593
02068063
00269693
00d506b3
00050713
00470593
00072023
00058713
fed59ae3
00267693
00068663
00059023
00258593
00167613
fc0600e3
00058023
00008067
02060a63
00054703
0005c783
00e7f463
00100693
fff60613
00150513
00158593
00f73833
41000833
00d866b3
fcf70ae3
0080006f
00000693
00068513
00008067
02060463
fff60613
fff50513
00154683
00150513
00d58863
00060713
fff60613
fe0716e3
00d58463
00000513
00008067
00050593
00054503
00050e63
00000513
00158593
0005c603
00150513
00158593
fe061ae3
00008067
00050613
00064683
0005c703
02068663
02070a63
00d77463
00100513
00160613
00158593
00e6b7b3
40f007b3
00a7e533
fce68ae3
00008067
00070663
fff00513
00008067
00d03533
00008067
00050693
02060e63
0006c703
0005c783
02070c63
04078063
00e7f463
00100513
00168693
00158593
fff60613
00f73833
41000833
00a86533
fcf706e3
00008067
00000513
00008067
00078663
fff00513
00008067
00e03533
00008067
0005c603
00050693
02060263
00158593
00050713
00c70023
0005c603
00170693
00158593
00068713
fe0616e3
00068023
00008067
ff010113
00112623
00812423
00050413
00050693
02060663
0005c703
fff60613
00158593
00168513
00e68023
00050693
fe0712e3
00000593
00000097
de0080e7
00040513
00c12083
00812403
01010113
00008067
0005c603
02060263
00158693
00c50023
0006c603
00150593
00168693
00058513
fe0616e3
0080006f
00050593
00058023
00058513
00008067
fff50613
00164683
00160613
fe069ce3
0005c683
02068263
00158593
00d60023
0005c683
00160713
00158593
00070613
fe0696e3
0080006f
00060713
00070023
00008067
0ff5f613
fff50513
00154683
00150513
00068463
fec69ae3
00d5c5b3
00b035b3
fff58593
00a5f533
00008067
0005c683
0a068063
00000713
00158613
00064783
00160613
fff70713
fe079ae3
0540006f
00070793
00058813
06078e63
00054303
00084283
02030a63
04028463
0062f463
00100893
00150513
00180813
005333b3
407003b3
0113e8b3
00178793
fc5306e3
04088263
01c0006f
02028e63
0140006f
00054603
00060a63
00d60863
00050613
00160513
fedff06f
00d64633
00c03633
fff60613
00a67633
00060663
f85ff06f
00050613
00060513
00008067
00054603
00050713
02060c63
00050693
00058713
00074783
00078663
00170713
fec79ae3
00c79c63
0016c603
00168713
00070693
fc061ee3
0080006f
00068713
40a70533
00008067
00054603
00050713
02060c63
00050693
00058713
00074783
00078663
00170713
fec79ae3
00c78c63
0016c603
00168713
00070693
fc061ee3
0080006f
00068713
40a70533
00008067
00050593
00054603
fd060513
00900693
02a6ec63
00000513
00158593
00a00693
00151713
00351513
00e50533
00c50533
0005c603
fd050513
fd060713
00158593
fed760e3
00008067
00000513
00008067
0042c537
1e450513
02000613
00000593
00000317
b7c30067
fe010113
00112e23
00812c23
00912a23
01212823
01312623
01412423
0044c937
33890913
00c92583
00400613
16b66263
00050493
00492503
00259593
0042c637
f1860613
00b605b3
0005a583
00452983
00058067
00892583
fff48693
00400613
00d66463
2eb98a63
1c965263
00500613
18c48e63
00a00613
00c48663
00d00613
1ac49e63
0044c637
33964683
0016b713
00d4c6b3
0016b693
00d766b3
40d00733
00977733
32e60ca3
18068e63
0042a537
c9850513
00001097
08c080e7
00492503
fffe1097
70c080e7
00892583
00b50533
00000097
464080e7
00000493
27c0006f
04600513
12a48463
04800513
0aa49263
1a00006f
fd048593
00900613
0ab66663
0044c537
00300593
33850613
32950c23
00b62623
2400006f
07e00593
06b49e63
0044c5b7
3385c583
fcf58593
00700613
00000413
32b66063
00259593
0042c637
f2c60613
00b605b3
0005a583
00040a13
00040493
00058067
01492583
0335fe63
00100613
00100a13
fffe2097
868080e7
00000413
02c0006f
04f00513
0aa48263
05b00513
00a49663
00200513
0980006f
00092623
1c00006f
00000413
00000a13
00000493
1000006f
00092623
fbf48593
00700613
fff00493
1ab66063
00259593
0042c637
f4c60613
00b605b3
0005a583
00058067
01092603
00600593
16c5ce63
00160613
00261593
0042c6b7
19068693
00b685b3
0545a583
16058063
00892683
00c92823
00d52223
1e80006f
00000a13
00000493
01492503
40a98433
0880006f
00400513
00a92623
12c0006f
00100613
06c48063
00300613
12c48063
0044c637
32060ca3
01a00613
12964a63
00800613
1cc48e63
00900613
20c49463
22098a63
00852503
01492583
00b50533
fff54503
fffe2097
4f8080e7
20050863
0042a537
c0450513
00a12223
00400413
2380006f
00000413
00000a13
00892503
01492483
40a484b3
00092623
00905e63
00048513
00000097
338080e7
01492503
40950533
00a92a23
060a0263
00492503
00452583
0335f063
0042a537
c7c50513
00300593
fffff097
4f4080e7
00492503
00452583
00852503
01492603
00c50533
40c585b3
fffff097
4d4080e7
00492503
01492583
00452503
00b405b3
40b50533
00000097
2cc080e7
0240006f
02805663
00492503
01492583
00852503
00b50533
00040593
fffff097
494080e7
01492503
00850533
00a92a23
fff00493
00048513
01c12083
01812403
01412483
01012903
00c12983
00812a03
02010113
00008067
07f00613
0ac48663
01b00593
0cb49c63
00100513
e95ff06f
00892503
01492583
fab57ee3
00000a13
00000413
00100493
f01ff06f
01092583
fa05c2e3
00892603
fff58593
00b92823
40c985b3
fffe1097
668080e7
01092583
0205c263
00492503
00259593
0042c637
19060613
00b605b3
0545a583
fffe1097
4cc080e7
00492503
00892583
01492483
00452403
40b484b3
40b40433
00100a13
e8904ce3
eadff06f
01492583
f335fce3
00100413
f0dff06f
01492603
f2c5f2e3
fff60593
00100613
00100493
fffe1097
590080e7
00000413
00100a13
e5dff06f
00040a13
00040493
e49ff06f
fe048593
05e00613
eeb666e3
01492583
00100613
00100413
fffe1097
4c0080e7
00950023
e45ff06f
00492503
00892583
00852503
01492603
00b50533
40b605b3
0042a637
20860613
00410693
fffff097
bbc080e7
fff00593
04b50463
00050413
e8050ae3
00000493
00412583
00492503
01492603
00158693
00d12223
0005ca03
00c485b3
00100613
fffe1097
450080e7
00148493
01450023
fc9418e3
dcdff06f
01892503
00001097
c3c080e7
00492503
00892583
01492603
00852503
00b50533
40b605b3
fffff097
2b0080e7
00000413
d99ff06f
fe010113
00112e23
00812c23
00912a23
01212823
01312623
00050413
00054503
06050c63
0042c9b7
19098993
0549a503
00050a63
00040593
fffff097
714080e7
04050c63
00040513
fffff097
6dc080e7
00150913
00090513
fffdf097
7a4080e7
02050c63
00050493
00040593
00090613
fffff097
490080e7
07098593
05498513
ffc5a603
ffc58693
00c5a023
00068593
fea698e3
0499aa23
01c12083
01812403
01412483
01012903
00c12983
02010113
00008067
ff010113
00112623
00812423
00400593
00050693
02a5e263
0042a537
c0950513
00068593
00c12083
00812403
01010113
fffff317
1bc30067
0042a637
c0e60613
00210513
00600593
00600413
fffff097
3c8080e7
02a05463
02857a63
00210593
04400613
00a585b3
00c58023
00150593
00210513
fffff097
178080e7
00c12083
00812403
01010113
00008067
0042a537
c1350513
0042a637
c4060613
0042a6b7
c5868693
05400593
fffff097
118080e7
0044c5b7
33858593
0045a603
00462603
00c5a423
00c5aa23
00a5ac23
00001317
a8c30067
0044c637
00452683
fff00713
32060c23
33860613
00a62223
00d62423
00062623
00e62823
00d62a23
00b62c23
00058513
00001317
a5430067
ff010113
00112623
0044c637
00452683
fff00713
32060c23
33860613
00a62223
00d62423
00062623
00e62823
00d62a23
00b62c23
00058513
00001097
a14080e7
fffff097
0c8080e7
00000097
8c4080e7
fe0548e3
00c12083
01010113
00008067
fa010113
04112e23
04812c23
04912a23
05212823
05312623
05412423
05512223
05612023
03712e23
03812c23
03912a23
03a12823
03b12623
00410513
02000593
fffe1097
cb4080e7
004294b7
1c048493
00200a93
00100b13
00500b93
04100c13
08000c93
00300d13
00421a37
414a0a13
00421437
4dc40413
0ff00913
0042c9b7
f8098993
00400d93
0042a537
c8050513
00001097
95c080e7
00012423
00048513
00001097
94c080e7
fffff097
000080e7
00aac863
03650863
0f550e63
0140006f
01a51663
00012423
fe1ff06f
0bb50863
0ff57593
00410513
fffe1097
ff0080e7
fc9ff06f
00812503
fb5510e3
00c12503
00054583
f9759ae3
00154503
07851663
00200593
0042a537
d0c50513
fffff097
f74080e7
039104a3
02010523
036105a3
02910513
00300593
fffff097
f58080e7
00010b23
01911c23
01911d23
01610513
00a12e23
03412023
02812223
01c10513
00100593
04100613
00000097
0e8080e7
f2a97ce3
0980006f
00200593
00098513
fffff097
f10080e7
f21ff06f
0042a537
c9b50513
00001097
868080e7
00812503
04050863
00410513
00100593
01100613
00000097
0a0080e7
10000593
eeb566e3
0500006f
0042a537
c9850513
00001097
830080e7
00410513
fffe1097
ca0080e7
00000593
0044c537
34052a23
0240006f
0042a537
c9850513
00001097
804080e7
00410513
fffe1097
c74080e7
10000593
00058513
05c12083
05812403
05412483
05012903
04c12983
04812a03
04412a83
04012b03
03c12b83
03812c03
03412c83
03012d03
02c12d83
06010113
00008067
fa010113
04112e23
04812c23
04912a23
05212823
05312623
00060413
00058493
00050913
00012823
00c10513
fffdf097
26c080e7
06050463
00000513
fffee097
42c080e7
04047513
00050863
00092503
00892583
000580e7
00147413
00040c63
0042a537
d0f50513
00100593
fffff097
dd4080e7
01012503
00052503
0042b5b7
c9058593
ffff9097
ff0080e7
04050463
10000493
14041e63
16c0006f
00847513
04051a63
01047513
08051663
04047513
0a051063
02047513
0c050263
00090513
fffe0097
4f8080e7
fffff097
d28080e7
0a80006f
01012583
0042a537
20850513
fffef097
1bc080e7
00000493
10041263
1140006f
01000513
fffdf097
264080e7
00050593
0042c537
19c52503
00a5a223
00092503
00492603
00a5a423
00c5a623
00892503
00000613
fffec097
b30080e7
0800006f
00492603
00892583
0b800513
00000693
fffe3097
be0080e7
02c0006f
00092503
00492583
00892603
00a12023
00b12223
00c12423
0b800513
00010593
fffe3097
ab0080e7
00050913
00092983
00090513
00048593
fffe3097
cc0080e7
00a12023
00b12223
01d41613
01f65613
00010513
00098593
fffe4097
00c080e7
fffec097
7bc080e7
00100513
00100493
fffee097
2a8080e7
fffdf097
028080e7
00147413
02040863
0042a537
d0f50513
00100593
00100493
fffff097
c58080e7
0042a537
d0f50513
00100593
fffff097
c44080e7
00048513
05c12083
05812403
05412483
05012903
04c12983
06010113
00008067
fb010113
04112623
04812423
04912223
05212023
03312e23
03412c23
03512a23
03612823
03712623
03812423
03912223
03a12023
01b12e23
00c10513
02000593
fffe1097
850080e7
0042a437
92440413
0042a4b7
c9e48493
0042a937
c9890913
0042cbb7
0042a9b7
d1198993
00400c13
0042aa37
d16a0a13
00300c93
0042cd37
f6cd0d13
0042aab7
cb9a8a93
00d00d93
0042ab37
ce9b0b13
00040513
00000097
4ec080e7
00048513
00000097
4e0080e7
00090513
00000097
4d4080e7
180b9a23
00012823
00c10513
00098593
00000097
a70080e7
fff50513
06ac6a63
00251513
00ad0533
00052503
00050067
000a8513
00000097
498080e7
00012823
fffff097
b48080e7
0ff57593
00a105a3
09858663
fb9580e3
00c10513
fffe1097
b4c080e7
00b14503
01b51a63
000b0513
00000097
45c080e7
fc9ff06f
00b10513
00100593
fffff097
adc080e7
fb5ff06f
01012503
f60506e3
00c10513
fffe1097
abc080e7
ffffe097
03c080e7
04050263
00c10513
00a00593
fffe1097
af0080e7
00c10513
000a0593
00000097
9b8080e7
03850063
f39500e3
fc1ff06f
00090513
00000097
3ec080e7
00100593
0080006f
00000593
00c10513
01600613
00000097
c24080e7
10000593
eeb56ce3
0640006f
00090513
00000097
3b8080e7
ec1ff06f
0042a537
c9850513
00000097
3a4080e7
00c10513
fffe1097
814080e7
10000593
0300006f
0042a537
c9850513
00000097
380080e7
00c10513
fffe0097
7f0080e7
00000593
0044c537
00100613
34c52a23
00058513
04c12083
04812403
04412483
04012903
03c12983
03812a03
03412a83
03012b03
02c12b83
02812c03
02412c83
02012d03
01c12d83
05010113
00008067
00100593
02000613
00000317
b6830067
ff010113
00112623
00812423
00912223
00050413
00000593
00000613
ffffe097
6cc080e7
00200493
02951263
00100593
00040513
00c12083
00812403
00412483
01010113
00000317
05430067
00040513
fffff097
914080e7
02951463
00100593
02000613
00040513
00c12083
00812403
00412483
01010113
00000317
ae830067
00100513
00c12083
00812403
00412483
01010113
00008067
fe010113
00112e23
00812c23
00912a23
00058493
00050413
00c10593
01010613
ffffe097
630080e7
00c12503
00200593
00b51a63
01012503
02049863
08800613
02c0006f
0042a537
20850513
0042a5b7
cf058593
00040613
fffe1097
220080e7
00000513
0140006f
00800613
00100593
00000097
a58080e7
01c12083
01812403
01412483
02010113
00008067
00059663
09000613
0080006f
01000613
00100593
00000317
a2830067
ff010113
00112623
00812423
00912223
01212023
00050493
00054503
fff00913
08051663
fffff097
864080e7
00050413
ffd50593
00100513
02b56c63
00a48023
0042a537
d0f50513
00100593
fffff097
814080e7
00300513
04a41a63
0042b537
cb450513
00000593
fffec097
994080e7
00449503
ffff05b7
01051613
00b605b3
fff50513
00a49223
02059063
0042a537
d7f50513
00100593
ffffe097
7c8080e7
00249503
00a49223
00040913
00090513
00c12083
00812403
00412483
00012903
01010113
00008067
00054583
04059463
ff010113
00112623
00812423
00100413
00850023
0042a537
d0f50513
00100593
ffffe097
770080e7
ffffe097
790080e7
ffd50513
fea46ae3
00c12083
00812403
01010113
00008067
fe010113
00112e23
00812c23
00912a23
01212823
01312623
08058063
00058413
00a00993
0042a4b7
c9848493
00050913
00094583
03359863
01257863
40a905b3
ffffe097
708080e7
00200593
00048513
ffffe097
6f8080e7
00190913
00090513
0080006f
00190913
fff40413
fc0412e3
03257463
40a905b3
01c12083
01812403
01412483
01012903
00c12983
02010113
ffffe317
6b830067
01c12083
01812403
01412483
01012903
00c12983
02010113
00008067
ff010113
00112623
00812423
00050413
fffff097
b08080e7
00050593
00040513
00c12083
00812403
01010113
ffffe317
66830067
00050893
00058313
00060713
00050813
00058793
28069263
0000b597
a2c58593
0ec37663
000106b7
0cd67863
10063693
0016b693
00369693
00d65533
00a585b3
0005c583
02000513
00d586b3
40d505b3
00d50c63
00b317b3
00d8d6b3
00b61733
00f6e7b3
00b89833
01075593
02b7d333
01071613
01065613
02b7f7b3
00030513
026608b3
01079693
01085793
00d7e7b3
0117fe63
00f707b3
fff30513
00e7e863
0117f663
ffe30513
00e787b3
411787b3
02b7d8b3
01081813
01085813
02b7f7b3
031606b3
01079793
00f86833
00088793
00d87c63
01070833
fff88793
00e86663
00d87463
ffe88793
01051513
00f56533
00000593
00008067
01000537
01800693
f2a67ce3
01000693
f31ff06f
00000693
00060c63
000107b7
0cf67063
10063693
0016b693
00369693
00d657b3
00f585b3
0005c783
00d787b3
02000693
40f685b3
0af69663
40c307b3
00100593
01075893
0317de33
01071613
01065613
01085693
0317f7b3
000e0513
03c60333
01079793
00f6e7b3
0067fe63
00f707b3
fffe0513
00e7e863
0067f663
ffee0513
00e787b3
406787b3
0317d333
01081813
01085813
0317f7b3
026606b3
01079793
00f86833
00030793
00d87c63
01070833
fff30793
00e86663
00d87463
ffe30793
01051513
00f56533
00008067
010007b7
01800693
f4f674e3
01000693
f41ff06f
00b61733
00f356b3
01075513
00b31333
00f8d7b3
0067e7b3
02a6d333
01071613
01065613
00b89833
02a6f6b3
026608b3
01069593
0107d693
00b6e6b3
00030593
0116fe63
00d706b3
fff30593
00e6e863
0116f663
ffe30593
00e686b3
411686b3
02a6d8b3
01079793
0107d793
02a6f6b3
03160633
01069693
00d7e7b3
00088693
00c7fe63
00f707b3
fff88693
00e7e863
00c7f663
ffe88693
00e787b3
01059593
40c787b3
00d5e5b3
eb9ff06f
18d5e463
000107b7
04f6f463
1006b793
0017b793
00379793
00f6d5b3
0000a717
79070713
00b70733
00074703
00f70733
02000793
40e785b3
02e79663
00100513
e066eee3
00c8b533
00153513
00008067
01000737
01800793
fce6f0e3
01000793
fb9ff06f
00e65533
00b696b3
00e357b3
00d56533
00b31333
00e8d733
00676733
01055313
0267deb3
01051813
01085813
01075693
00b61633
0267f7b3
03d80e33
01079793
00f6e6b3
000e8793
01c6fe63
00d506b3
fffe8793
00a6e863
01c6f663
ffee8793
00a686b3
41c686b3
0266de33
01071713
01075713
0266f6b3
03c80833
01069693
00d76733
000e0693
01077e63
00e50733
fffe0693
00a76863
01077663
ffee0693
00a70733
01079793
00d7e533
01061313
01069693
0106d693
01035313
01065613
41070733
01055813
02668e33
02680333
010e5793
02c686b3
006686b3
00d787b3
02c80833
0067f663
000106b7
00d80833
0107d693
010686b3
02d76263
ced71ce3
010e1e13
01079793
010e5e13
00b898b3
01c787b3
00000593
cef8f0e3
fff50513
cd5ff06f
00000593
00000513
00008067
01010102
00000001
00000001
00000001
02010100
03020202
03030303
04030303
2e2f2e2e
696d2f2e
706f7263
6f687479
79702f6e
2e63672f
63670063
6572665f
45560065
59464952
5254505f
72747028
54410029
45475f42
494b5f54
6128444e
2c616572
6f6c6220
20296b63
41203d3d
45485f54
7c204441
4128207c
475f4254
4b5f5445
28444e49
61657261
6c62202c
296b636f
203d3d20
4d5f5441
204b5241
28202626
535f504d
45544154
5248545f
28444145
6c5f6367
5f6b636f
74706564
26202968
5f434720
4c4c4f43
5f544345
47414c46
67002929
65725f63
6f6c6c61
54410063
45475f42
494b5f54
6128444e
2c616572
6f6c6220
20296b63
41203d3d
45485f54
41004441
475f4254
4b5f5445
28444e49
61657261
6c62202c
3d3d2029
5f544120
45455246
3a434700
746f7420
203a6c61
202c7525
64657375
7525203a
7266202c
203a6565
0a007525
2e6f4e20
20666f20
6c622d31
736b636f
7525203a
2d32202c
636f6c62
203a736b
202c7525
2078616d
206b6c62
203a7a73
202c7525
2078616d
65657266
3a7a7320
0a752520
20434700
6f6d656d
6c207972
756f7961
66203b74
206d6f72
003a7025
2020200a
20202020
20752528
656e696c
6c612073
7266206c
00296565
3830250a
00203a78
735f6367
70757465
6572615f
72610061
3e2d6165
705f6367
5f6c6f6f
72617473
3d3e2074
78656e20
61745f74
00656c62
6d5f6367
5f6b7261
74627573
00656572
61657261
63673e2d
6f6f705f
74735f6c
20747261
6228202b
6b636f6c
6e202b20
6f6c625f
29736b63
42202a20
53455459
5245505f
4f4c425f
3c204b43
7261203d
3e2d6165
705f6367
5f6c6f6f
00646e65
735f6367
70656577
6572665f
6c625f65
736b636f
65726100
673e2d61
616c5f63
755f7473
5f646573
636f6c62
3d3c206b
65726120
673e2d61
6c615f63
5f636f6c
6c626174
79625f65
6c5f6574
2a206e65
4f4c4220
5f534b43
5f524550
00425441
69645f5f
005f5f72
646f6d3c
3e656c75
635f5f00
5f6c6c61
5f5f005f
73616c63
005f5f73
65645f5f
6574696c
005f5f6d
6e655f5f
5f726574
5f5f005f
74697865
5f005f5f
7465675f
72747461
5f005f5f
7465675f
6d657469
5f005f5f
7361685f
005f5f68
6e695f5f
5f5f7469
695f5f00
5f5f746e
695f5f00
5f726574
5f5f005f
5f6e656c
5f5f005f
6e69616d
5f005f5f
646f6d5f
5f656c75
5f5f005f
656d616e
5f005f5f
77656e5f
5f005f5f
78656e5f
005f5f74
75715f5f
616e6c61
5f5f656d
725f5f00
5f727065
5f5f005f
69746573
5f6d6574
5f5f005f
5f727473
7241005f
6d687469
63697465
6f727245
73410072
74726573
456e6f69
726f7272
74744100
75626972
72456574
00726f72
45464f45
726f7272
6c6c4500
69737069
6d490073
74726f70
6f727245
6e490072
746e6564
6f697461
7272456e
4900726f
7865646e
6f727245
654b0072
72724579
4b00726f
6f627965
49647261
7265746e
74707572
6f6f4c00
4570756b
726f7272
6d654d00
4579726f
726f7272
6d614e00
72724565
4e00726f
54656e6f
00657079
49746f4e
656c706d
746e656d
72456465
00726f72
7245534f
00726f72
7265764f
776f6c66
6f727245
75520072
6d69746e
72724565
5300726f
61746e79
72724578
5300726f
65747379
6978456d
79540074
72456570
00726f72
756c6156
72724565
5a00726f
446f7265
73697669
456e6f69
726f7272
73626100
796e6100
6f6f6200
7562006c
69746c69
6200736e
61657479
79617272
72686300
6f6c6300
63006573
74736e6f
72696400
76696400
00646f6d
73646e65
68746977
61766500
7865006c
66006365
616d726f
72660074
625f6d6f
73657479
74656700
72747461
6f6c6700
736c6162
73616800
72747461
73616800
73690068
68706c61
73690061
69676964
73690074
74736e69
65636e61
6c736900
7265776f
73736900
65636170
73736900
6c636275
00737361
70757369
00726570
6e696f6a
79656b00
74696c00
00656c74
61636f6c
6c00736c
69727473
616d0070
6d006e69
6d007061
6f726369
68747970
6f006e6f
006e6570
0064726f
00776f70
64616572
61657200
746e6964
6572006f
696c6461
7200656e
00727065
6e696672
69720064
7865646e
756f7200
7200646e
696c7073
73720074
70697274
6e657300
65730064
65730070
65730074
74746174
65730072
66656474
746c7561
726f7300
00646574
72617473
74730074
73747261
68746977
61747300
6d636974
6f687465
74730064
7300706f
73006d75
72657075
72687400
7400776f
79625f6f
00736574
6c707574
74750065
00382d66
756c6176
72770065
00657469
0070697a
6369643c
6d6f6374
3c003e70
656e6567
3e727078
616c3c00
6164626d
6c3c003e
63747369
3e706d6f
65733c00
6d6f6374
5f003e70
6464615f
5f005f5f
6f6f625f
005f5f6c
6f635f5f
6961746e
5f5f736e
655f5f00
005f5f71
65675f5f
5f005f5f
5f74675f
5f5f005f
64646169
5f005f5f
7573695f
005f5f62
656c5f5f
5f005f5f
5f746c5f
5f5f005f
5f5f656e
735f5f00
5f5f6275
72662e00
6e657a6f
74733c00
3e6e6964
74733c00
676e6972
5f5f003e
6f706d69
5f5f7472
705f5f00
5f687461
5f5f005f
6c706572
6972705f
5f5f746e
745f5f00
65636172
6b636162
62005f5f
62006769
62006e69
646e756f
74656d5f
00646f68
65747962
6564726f
69640072
765f7463
00776569
6e727265
6568006f
6d690078
6d656c70
61746e65
6e6f6974
646f6d00
00656c75
0074636f
76657270
00776569
73797375
72657600
6e6f6973
72657600
6e6f6973
666e695f
3a7b006f
007d6223
6f233a7b
3a7b007d
007d7823
656d616e
6f6f7420
6e6f6c20
2e2e0067
2f2e2e2f
7263696d
7479706f
2f6e6f68
712f7970
2e727473
69660063
715f646e
00727473
3c20712a
6f6f7020
6c3e2d6c
2e006e65
2e2e2f2e
63696d2f
79706f72
6e6f6874
2f79702f
7270706d
2e746e69
706d0063
6972705f
6d5f746e
6e695f70
61620074
3d206573
2032203d
62207c7c
20657361
38203d3d
207c7c20
65736162
203d3d20
7c203031
6162207c
3d206573
3631203d
75727400
61660065
0065736c
6c756e28
6d00296c
70765f70
746e6972
662a0066
3d20746d
2527203d
7c7c2027
75222120
7075736e
74726f70
66206465
6320746d
22726168
5b292800
2c7d7b5d
653a7e3b
3d653c3d
3d653c63
633d653e
2a3d653e
2a633d65
652b3d65
3d652d3d
65263e65
3d657c3d
633d652f
253d652f
655e3d65
3d65403d
213d653d
6e75002e
646f6369
616e2065
6520656d
70616373
46007365
65736c61
75725400
5f5f0065
75626564
005f5f67
00646e61
61007361
72657373
72620074
006b6165
746e6f63
65756e69
6c656400
696c6500
6c650066
6c006573
64626d61
6f6e0061
65720074
6e727574
79727400
69687700
7900656c
646c6569
2f2e2e00
6d2f2e2e
6f726369
68747970
702f6e6f
61702f79
2e657372
706d0063
7261705f
6b006573
20646e69
52203d3d
5f454c55
5f475241
454c5552
3e206900
69003020
203d3d20
7228006e
5f656c75
20746361
55522026
415f454c
4b5f5443
5f444e49
4b53414d
3d3d2029
4c555220
43415f45
494c5f54
28005453
20677261
55522026
415f454c
4b5f4752
5f444e49
4b53414d
3d3d2029
4c555220
52415f45
55525f47
6900454c
203d3e20
6e750031
65707865
64657463
646e6920
00746e65
6e696e75
746e6564
656f6420
74276e73
74616d20
61206863
6f20796e
72657475
646e6920
20746e65
6576656c
6e69006c
696c6176
79732064
7861746e
72617000
2e726573
75736572
735f746c
6b636174
706f745f
203d3d20
75700031
725f6873
5f656c75
6d6f7266
6772615f
72612800
20262067
454c5552
4752415f
4e494b5f
414d5f44
20294b53
52203d3d
5f454c55
5f475241
454c5552
207c7c20
67726128
52202620
5f454c55
5f475241
444e494b
53414d5f
3d20294b
5552203d
415f454c
4f5f4752
525f5450
00454c55
6b656570
7365725f
00746c75
73726170
3e2d7265
75736572
735f746c
6b636174
706f745f
70203e20
7000736f
725f706f
6c757365
61700074
72657372
65723e2d
746c7573
6174735f
745f6b63
3e20706f
70003020
5f687375
75736572
725f746c
00656c75
5f6d756e
73677261
203d3d20
6e700032
203d3d20
6b656570
7365725f
28746c75
73726170
202c7265
2e002930
2e2e2f2e
63696d2f
79706f72
6e6f6874
2f79702f
706f6373
00632e65
706f6373
656e5f65
504d0077
5241505f
4e5f4553
5f45444f
535f5349
43555254
6e702854
63730029
5f65706f
736f6c63
766f5f65
695f7265
61705f6e
746e6572
2d730073
7261703e
20746e65
4e203d21
004c4c55
3e2d6469
646e696b
203d3d20
495f4449
5f4f464e
444e494b
4552465f
7c7c2045
2d646920
6e696b3e
3d3d2064
5f444920
4f464e49
4e494b5f
45435f44
2e004c4c
2e2e2f2e
63696d2f
79706f72
6e6f6874
2f79702f
706d6f63
2e656c69
6f630063
6c69706d
63735f65
0065706f
706f6373
6b3e2d65
20646e69
53203d3d
45504f43
444f4d5f
00454c55
505f504d
45535241
444f4e5f
53495f45
5254535f
28544355
706f6373
703e2d65
4d00296e
41505f50
5f455352
45444f4e
5254535f
5f544355
444e494b
736e7028
3d3d2029
5f4e5020
636e7566
00666564
505f504d
45535241
444f4e5f
54535f45
54435552
4d554e5f
444f4e5f
70285345
2029736e
33203d3d
5f504d00
53524150
4f4e5f45
535f4544
43555254
554e5f54
4f4e5f4d
28534544
29736e70
203d3d20
504d0032
5241505f
4e5f4553
5f45444f
535f5349
43555254
494b5f54
7028444e
3e2d736e
65646f6e
5d315b73
4e50202c
6d6f635f
6f665f70
73002972
65706f63
696b3e2d
3d20646e
4353203d
5f45504f
53414c43
504d0053
5241505f
4e5f4553
5f45444f
55525453
4b5f5443
28444e49
29736e70
203d3d20
635f4e50
7373616c
00666564
21206469
554e203d
63004c4c
2d706d6f
7275633e
6378655f
5f747065
6576656c
3d3d206c
63003020
69706d6f
6e5f656c
0065646f
505f504d
45535241
444f4e5f
54535f45
54435552
4e494b5f
6e702844
3c202973
4e50203d
6e6f635f
6f5f7473
63656a62
6f630074
6c69706d
65645f65
61726f63
00646574
505f504d
45535241
444f4e5f
53495f45
5254535f
5f544355
444e494b
646f6e28
695b7365
50202c5d
65645f4e
61726f63
29726f74
5f504d00
53524150
4f4e5f45
495f4544
44495f53
6d616e28
6f6e5f65
5b736564
00295d6a
505f504d
45535241
444f4e5f
54535f45
54435552
4e494b5f
6e702844
6f625f73
20297964
50203d3d
6c635f4e
64737361
69006665
6c61766e
6d206469
6f726369
68747970
64206e6f
726f6365
726f7461
6d6f6300
656c6970
6e75665f
66656463
6d616c5f
66656462
7261705f
70006d61
696b5f6e
3d20646e
4e50203d
7261765f
73677261
7473696c
6d616e5f
6f6e0065
65642d6e
6c756166
72612074
656d7567
6620746e
6f6c6c6f
64207377
75616665
6120746c
6d756772
00746e65
7261202a
66612067
20726574
2a002a2a
67726120
74666120
6b207265
67726177
6f6f7400
6e616d20
72612079
4c007367
6f205348
656b2066
726f7779
72612064
756d2067
62207473
6e612065
00646920
69736f70
6e6f6974
61206c61
61206772
72657466
002a2a20
69736f70
6e6f6974
61206c61
61206772
72657466
79656b20
64726f77
67726120
6d6f6300
656c6970
6d6f635f
68657270
69736e65
63006e6f
69706d6f
655f656c
5f727078
746d7473
5f504d00
53524150
4f4e5f45
495f4544
4f545f53
284e454b
31736e70
6f6e3e2d
5b736564
00295d30
73615f63
6e676973
504d2100
5241505f
4e5f4553
5f45444f
4e5f5349
284c4c55
00296e70
505f504d
45535241
444f4e5f
53495f45
5254535f
5f544355
444e494b
736e7028
6f6e3e2d
5b736564
202c5d30
745f4e50
6c747365
5f747369
706d6f63
61630029
2074276e
69737361
74206e67
7865206f
73657270
6e6f6973
615f6300
67697373
74615f6e
655f6d6f
00727078
505f504d
45535241
444f4e5f
53495f45
5254535f
28544355
31736e70
6f6e3e2d
5b736564
202d206e
00295d31
505f504d
45535241
444f4e5f
53495f45
2844495f
31736e70
6f6e3e2d
5b736564
00295d30
746c756d
656c7069
20782a20
61206e69
67697373
6e656d6e
5f630074
5f6c6564
746d7473
5f504d00
53524150
4f4e5f45
495f4544
54535f53
54435552
4e494b5f
6e702844
4e50202c
7365745f
73696c74
6f635f74
0029706d
276e6163
65642074
6574656c
70786520
73736572
006e6f69
65726227
2f276b61
6e6f6327
756e6974
6f202765
69737475
6c206564
00706f6f
706d6f63
5f656c69
61657262
6f635f6b
735f746e
00746d74
706d6f63
75633e2d
78655f72
74706563
76656c5f
3e206c65
6f63203d
3e2d706d
61657262
6f635f6b
6e69746e
655f6575
70656378
656c5f74
006c6576
695f6f64
726f706d
616e5f74
4d00656d
41505f50
5f455352
45444f4e
5f53495f
55525453
4b5f5443
28444e49
202c6e70
645f4e50
6574746f
616e5f64
0029656d
706d6f63
5f656c69
6f706d69
665f7472
006d6f72
5f504d21
53524150
4f4e5f45
495f4544
554e5f53
70284c4c
6d695f6e
74726f70
756f735f
29656372
5f504d00
53524150
4f4e5f45
495f4544
54535f53
54435552
4e494b5f
6e702844
646f6e5f
695b7365
50202c5d
6d695f4e
74726f70
5f73615f
656d616e
61630029
2074276e
6c636564
20657261
6c6e6f6e
6c61636f
206e6920
6574756f
6f632072
69006564
746e6564
65696669
65722072
69666564
2064656e
67207361
61626f6c
6f6e006c
6e696220
676e6964
726f6620
6e6f6e20
61636f6c
6f66206c
00646e75
6e656469
69666974
72207265
66656465
64656e69
20736120
6c6e6f6e
6c61636f
6d6f6300
656c6970
5f66695f
746d7473
5f504d00
53524150
4f4e5f45
495f4544
54535f53
54435552
4e494b5f
6e702844
696c655f
5d695b66
4e50202c
5f66695f
746d7473
696c655f
63002966
69706d6f
665f656c
735f726f
5f746d74
6974706f
6573696d
61725f64
0065676e
505f504d
45535241
444f4e5f
53495f45
414d535f
495f4c4c
7028544e
74735f6e
00297065
706d6f63
5f656c69
5f797274
746d7473
5f504d00
53524150
4f4e5f45
495f4544
54535f53
54435552
736e7028
6f6e3e2d
5b736564
00295d31
706d6f63
5f656c69
5f797274
616e6966
00796c6c
505f504d
45535241
444f4e5f
53495f45
4c554e5f
6e70284c
736c655f
63002965
69706d6f
645f656c
65726365
5f657361
65637865
6c5f7470
6c657665
6d6f6300
633e2d70
655f7275
70656378
656c5f74
206c6576
0030203e
706d6f63
5f656c69
5f797274
65637865
4d007470
41505f50
5f455352
45444f4e
5f53495f
55525453
4b5f5443
28444e49
655f6e70
70656378
695b7374
50202c5d
72745f4e
74735f79
655f746d
70656378
64002974
75616665
2720746c
65637865
20277470
7473756d
20656220
7473616c
6d6f6300
656c6970
7469775f
74735f68
6e00746d
30203e20
6d6f6300
656c6970
7365745f
66695f74
7078655f
504d0072
5241505f
4e5f4553
5f45444f
535f5349
43555254
494b5f54
7028444e
3e2d736e
65646f6e
5d315b73
4e50202c
7365745f
66695f74
736c655f
63002965
69706d6f
635f656c
61706d6f
6f736972
504d006e
5241505f
4e5f4553
5f45444f
535f5349
43555254
6e702854
6e3e2d73
7365646f
295d695b
6e696b00
3d3d2064
5f4e5020
706d6f63
5f706f5f
2a007369
756d2078
62207473
73612065
6e676973
746e656d
72617420
00746567
706d6f63
5f656c69
74636166
325f726f
6b6f7400
203d3d20
545f504d
4e454b4f
5f504f5f
53554c50
207c7c20
206b6f74
4d203d3d
4f545f50
5f4e454b
4d5f504f
53554e49
70757300
29287265
6e616320
66207427
20646e69
666c6573
6d6f6300
656c6970
6f74615f
61705f6d
006e6572
706d6f63
5f656c69
6d6f7461
6172625f
685f6563
65706c65
504d0072
5241505f
4e5f4553
5f45444f
55525453
4b5f5443
28444e49
31736e70
3d3d2029
5f4e5020
706d6f63
726f665f
69792700
27646c65
74756f20
65646973
6e756620
6f697463
6f63006e
6c69706d
63735f65
5f65706f
636e7566
6d616c5f
5f616462
61726170
504d006d
5241505f
4e5f4553
5f45444f
535f5349
43555254
494b5f54
7028444e
3e2d736e
65646f6e
5d305b73
4e50202c
7066745f
29666564
5f504d00
53524150
4f4e5f45
535f4544
43555254
494b5f54
7028444e
2029736e
70203d3d
62645f6e
74735f6c
61007261
6d756772
20746e65
656d616e
75657220
00646573
706d6f63
5f656c69
706f6373
6f635f65
695f706d
00726574
505f504d
45535241
444f4e5f
54535f45
54435552
4e494b5f
6d282844
61705f70
5f657372
65646f6e
7274735f
5f746375
292a2074
695f6e70
29726574
203d3d20
635f4e50
5f706d6f
00726f66
706f6373
6f635f65
7475706d
68745f65
73676e69
69282100
3e2d3264
67616c66
20262073
465f4449
5f47414c
505f5349
4d415241
2e2e0029
2f2e2e2f
7263696d
7479706f
2f6e6f68
652f7970
6374696d
6f6d6d6f
00632e6e
655f706d
5f74696d
6d6d6f63
695f6e6f
706f5f64
2d646900
6e696b3e
3d3d2064
5f444920
4f464e49
4e494b5f
45435f44
7c204c4c
6469207c
696b3e2d
3d20646e
4449203d
464e495f
494b5f4f
465f444e
00454552
2e2f2e2e
696d2f2e
706f7263
6f687479
79702f6e
696d652f
2e636274
706d0063
696d655f
63625f74
646e655f
7361705f
6d650073
3e2d7469
63617473
69735f6b
3d20657a
0030203d
3e2d6469
61636f6c
756e5f6c
3d3c206d
35353220
696d6500
633e2d74
5f65646f
6f666e69
66666f5f
20746573
65203d3c
2d74696d
646f633e
6e695f65
735f6f66
00657a69
74696d65
79623e2d
6f636574
6f5f6564
65736666
3d3c2074
696d6520
623e2d74
63657479
5f65646f
657a6973
74796200
646f6365
766f2065
6c667265
6d00776f
6d655f70
625f7469
64615f63
7473756a
6174735f
735f6b63
00657a69
5f706d28
5f746e69
6d652974
3e2d7469
63617473
69735f6b
2b20657a
6c656420
3e206174
0030203d
655f706d
5f74696d
6c5f6362
6c656261
7373615f
006e6769
203c206c
74696d65
616d3e2d
756e5f78
616c5f6d
736c6562
696d6500
703e2d74
20737361
4d203d3d
41505f50
535f5353
4b434154
5a49535f
7c7c2045
696d6520
623e2d74
63657479
5f65646f
7366666f
3c207465
6d65203d
3e2d7469
6562616c
666f5f6c
74657366
5d6c5b73
5f706d00
74696d65
5f63625f
64616f6c
6e6f635f
735f7473
6c6c616d
746e695f
5f504d00
4c414d53
4e495f4c
49465f54
61285354
00296772
655f706d
5f74696d
6d5f6362
5f656b61
736f6c63
00657275
6c635f6e
6465736f
65766f5f
3d3c2072
35353220
5f706d00
74696d65
5f63625f
73696172
61765f65
67726172
5f6e0073
73677261
203d3c20
6d650032
675f7469
635f7465
745f7275
72775f6f
5f657469
65646f63
666e695f
6d65006f
3e2d7469
65646f63
666e695f
666f5f6f
74657366
6e202b20
625f6d75
73657479
5f6f745f
74697277
3d3c2065
696d6520
633e2d74
5f65646f
6f666e69
7a69735f
6d650065
675f7469
635f7465
745f7275
72775f6f
5f657469
65747962
65646f63
696d6500
623e2d74
63657479
5f65646f
7366666f
2b207465
6d756e20
7479625f
745f7365
72775f6f
20657469
65203d3c
2d74696d
7479623e
646f6365
69735f65
6500657a
5f74696d
74697277
79625f65
6f636574
625f6564
5f657479
6562616c
7369006c
6769735f
2064656e
62207c7c
63657479
5f65646f
7366666f
3e207465
0030203d
3d3c2030
74796220
646f6365
666f5f65
74657366
20262620
65747962
65646f63
66666f5f
20746573
30203d3c
00663778
28746e69
72612029
20322067
7473756d
20656220
32203d3e
646e6120
203d3c20
69003633
6c61766e
73206469
61746e79
6f662078
6e692072
65676574
65640072
616d6963
756e206c
7265626d
6f6e2073
75732074
726f7070
00646574
2e2f2e2e
696d2f2e
706f7263
6f687479
79702f6e
696d652f
756c6774
00632e65
6d5f706d
5f656b61
636e7566
6e6f6974
6f72665f
72705f6d
5f6f746f
006e7566
746f7270
75665f6f
3d21206e
4c554e20
6564004c
72615f66
3d207367
554e203d
7c204c4c
6564207c
72615f66
305b7367
3d3d205d
5f504d20
5f4a424f
4c4c554e
207c7c20
6f5f706d
695f6a62
79745f73
64286570
615f6665
5b736772
202c5d30
5f706d26
65707974
7075745f
0029656c
5f666564
73677261
203d3d20
4c4c554e
207c7c20
5f666564
73677261
205d315b
4d203d3d
424f5f50
554e5f4a
7c204c4c
706d207c
6a626f5f
5f73695f
65707974
66656428
6772615f
5d315b73
6d26202c
79745f70
645f6570
29746369
2d637200
6e696b3e
3d3d2064
5f504d20
45444f43
5459425f
444f4345
616e0045
6e20656d
6420746f
6e696665
2e006465
2e2e2f2e
63696d2f
79706f72
6e6f6874
2f79702f
746e7572
2e656d69
706d0063
616e755f
6f5f7972
706f0070
203d3d20
555f504d
5952414e
5f504f5f
45564e49
75005452
7075736e
74726f70
74206465
20657079
20726f66
7265706f
726f7461
67656e00
76697461
68732065
20746669
6e756f63
656e0074
69746167
70206576
7265776f
74697720
6f6e2068
6f6c6620
73207461
6f707075
64007472
64697669
79622065
72657a20
626f006f
7463656a
746f6e20
6c616320
6c62616c
72770065
20676e6f
626d756e
6f207265
61762066
7365756c
206f7420
61706e75
6d006b63
6f6c5f70
6d5f6461
6f687465
616d5f64
00656279
4f5f504d
545f4a42
5f455059
5f544547
544f4c53
70797428
6c202c65
6c61636f
69645f73
2d297463
7361623e
79742e65
3d206570
6d26203d
79745f70
645f6570
00746369
73206f6e
20686375
72747461
74756269
706d0065
7465675f
72657469
695f6f00
626f006e
7463656a
746f6e20
65746920
6c626172
626f0065
7463656a
746f6e20
206e6120
72657469
726f7461
5f706d00
75736572
2800656d
646e6573
6c61765f
21206575
504d203d
4a424f5f
4c554e5f
5e20294c
68742820
5f776f72
756c6176
3d212065
5f504d20
5f4a424f
4c4c554e
68740029
5f776f72
756c6176
3d212065
5f504d20
5f4a424f
4c4c554e
6e656700
74617265
7220726f
65736961
74532064
7449706f
74617265
006e6f69
65637865
6f697470
6d20736e
20747375
69726564
66206576
206d6f72
65736142
65637845
6f697470
6163006e
2074276e
6f706d69
6e207472
20656d61
6d007125
726f6d65
6c612079
61636f6c
6e6f6974
69616620
2c64656c
61656820
73692070
636f6c20
0064656b
6f6d656d
61207972
636f6c6c
6f697461
6166206e
64656c69
6c61202c
61636f6c
676e6974
20752520
65747962
61630073
2074276e
766e6f63
20747265
69206f74
6300746e
74276e61
65706f20
7325206e
5f706d00
6c6c6163
6572705f
65726170
6772615f
5f6e5f73
765f776b
61007261
32736772
6e656c5f
6c202b20
3c206e65
7261203d
5f327367
6f6c6c61
72610063
5f327367
206e656c
7261203c
5f327367
6f6c6c61
72610063
5f327367
206e656c
2032202b
616d202a
753e2d70
20646573
61203d3c
32736772
6c6c615f
6100636f
32736772
6e656c5f
32202b20
203d3c20
73677261
6c615f32
00636f6c
2e2f2e2e
696d2f2e
706f7263
6f687479
79702f6e
6a626f2f
6d00682e
626f5f70
656e5f6a
78655f77
74706563
5f6e6f69
31677261
5f504d00
5f4a424f
45505954
5445475f
4f4c535f
524f5f54
4c554e5f
7865284c
79745f63
202c6570
656b616d
77656e5f
3d3d2029
5f706d20
5f6a626f
65637865
6f697470
616d5f6e
6e5f656b
2e007765
2e2e2f2e
63696d2f
79706f72
6e6f6874
2f79702f
63677261
6b636568
6d00632e
72615f70
61705f67
5f657372
006c6c61
6c6c6128
6465776f
2e5d695b
67616c66
20262073
415f504d
4b5f4752
5f444e49
4b53414d
3d3d2029
5f504d20
5f475241
004a424f
75677261
746e656d
6d756e20
7079742f
6d207365
616d7369
00686374
2e2f2e2e
696d2f2e
706f7263
6f687479
79702f6e
70616d2f
6d00632e
616d5f70
6f6c5f70
70756b6f
616d2100
693e2d70
69665f73
20646578
6c207c7c
756b6f6f
696b5f70
3d20646e
504d203d
50414d5f
4f4f4c5f
0050554b
6c696e28
253c0029
2e003e71
2e2e2f2e
63696d2f
79706f72
6e6f6874
2f79702f
2e6a626f
706d0063
6a626f5f
6972705f
655f746e
70656378
6e6f6974
25206e00
3d203320
0030203d
63617254
63616265
6d28206b
2074736f
65636572
6320746e
206c6c61
7473616c
000a3a29
69462020
2220656c
00227125
6e69202c
0a712520
70786500
65746365
75742064
2f656c70
7473696c
70757400
6c2f656c
20747369
20736168
6e6f7277
656c2067
6874676e
646e6900
73656369
73756d20
65622074
746e6920
72656765
626f0073
7463656a
73616820
206f6e20
006e656c
656a626f
64207463
6e73656f
73207427
6f707075
69207472
206d6574
656c6564
6e6f6974
6a626f00
20746365
276e7369
75732074
72637362
61747069
00656c62
656a626f
64207463
6e73656f
73207427
6f707075
69207472
206d6574
69737361
656d6e67
6f00746e
63656a62
69772074
62206874
65666675
72702072
636f746f
72206c6f
69757165
00646572
2e2f2e2e
696d2f2e
706f7263
6f687479
79702f6e
6a626f2f
6c707574
00682e65
6f5f706d
745f6a62
656c7075
7465675f
5f706d00
5f6a626f
745f7369
656c7075
6d6f635f
69746170
28656c62
666c6573
296e695f
2f2e2e00
6d2f2e2e
6f726369
68747970
702f6e6f
626f2f79
6369646a
00632e74
6f5f706d
645f6a62
5f746369
79706f63
5f706d00
5f6a626f
645f7369
5f746369
6f5f726f
72656472
69646465
73287463
5f666c65
00296e69
6f5f706d
645f6a62
5f746369
726f7473
69640065
755f7463
74616470
706d0065
6a626f5f
5f73695f
74636964
5f726f5f
6564726f
64646572
28746369
73677261
295d305b
63696400
70752074
65746164
71657320
636e6575
61682065
72772073
20676e6f
676e656c
64006874
5f746369
72657469
78656e5f
616d0074
753e2d70
20646573
30203d3d
207c7c20
3d3d2069
78616d20
5f706d00
5f70616d
746f6c73
5f73695f
6c6c6966
70006465
3c20736f
70616d20
6c613e2d
00636f6c
7b00202c
63696400
65675f74
65746974
69640072
765f7463
5f776569
695f7469
6e726574
00747865
28202828
696f7628
69732964
666f657a
61686328
20315b72
2032202d
2821202a
706d2628
7079745f
69645f65
765f7463
5f776569
20297469
26203d21
745f706d
5f657079
6c6f6f62
29295d29
2828202c
706d2628
7079745f
69645f65
765f7463
5f776569
20297469
26203d21
745f706d
5f657079
6c6f6f62
203f2029
696f7628
20302964
5f5f203a
65737361
665f7472
20636e75
2e2e2228
2f2e2e2f
7263696d
7479706f
2f6e6f68
6f2f7970
69646a62
632e7463
34202c22
202c3835
75665f5f
5f5f636e
2822202c
5f706d26
65707974
6369645f
69765f74
695f7765
21202974
6d26203d
79745f70
625f6570
226c6f6f
202c2929
6f762828
73296469
6f657a69
68632866
315b7261
32202d20
21202a20
6d262828
79745f70
645f6570
5f746369
77656976
2974695f
203d2120
5f706d26
65707974
746e695f
29295d29
2828202c
706d2628
7079745f
69645f65
765f7463
5f776569
20297469
26203d21
745f706d
5f657079
29746e69
28203f20
64696f76
3a203029
615f5f20
72657373
75665f74
2820636e
2f2e2e22
6d2f2e2e
6f726369
68747970
702f6e6f
626f2f79
6369646a
22632e74
3534202c
5f202c38
6e75665f
2c5f5f63
26282220
745f706d
5f657079
74636964
6569765f
74695f77
3d212029
706d2620
7079745f
6e695f65
29292274
2828202c
64696f76
7a697329
28666f65
72616863
2d20315b
2a203220
28282120
5f706d26
65707974
6369645f
69765f74
695f7765
21202974
6d26203d
79745f70
735f6570
5d297274
202c2929
26282828
745f706d
5f657079
74636964
6569765f
74695f77
3d212029
706d2620
7079745f
74735f65
3f202972
6f762820
30296469
5f203a20
7373615f
5f747265
636e7566
2e222820
2e2e2f2e
63696d2f
79706f72
6e6f6874
2f79702f
646a626f
2e746369
202c2263
2c383534
665f5f20
5f636e75
22202c5f
706d2628
7079745f
69645f65
765f7463
5f776569
20297469
26203d21
745f706d
5f657079
22727473
202c2929
6f762828
73296469
6f657a69
68632866
315b7261
32202d20
21202a20
6d262828
79745f70
645f6570
5f746369
77656976
2974695f
203d2120
5f706d26
65707974
6e6f4e5f
70795465
295d2965
28202c29
6d262828
79745f70
645f6570
5f746369
77656976
2974695f
203d2120
5f706d26
65707974
6e6f4e5f
70795465
3f202965
6f762820
30296469
5f203a20
7373615f
5f747265
636e7566
2e222820
2e2e2f2e
63696d2f
79706f72
6e6f6874
2f79702f
646a626f
2e746369
202c2263
2c383534
665f5f20
5f636e75
22202c5f
706d2628
7079745f
69645f65
765f7463
5f776569
20297469
26203d21
745f706d
5f657079
656e6f4e
65707954
2c292922
20293120
28202626
26202931
6d282026
626f5f70
73695f6a
6a626f5f
6c657328
6e695f66
26262029
28282820
6f5f706d
625f6a62
5f657361
292a2074
6f762828
2a206469
65732829
695f666c
2929296e
79743e2d
3d206570
2628203d
745f706d
5f657079
74636964
6569765f
74695f77
29292929
63696400
6c635f74
00726165
74636964
6569765f
72705f77
00746e69
28202828
696f7628
69732964
666f657a
61686328
20315b72
2032202d
2821202a
706d2628
7079745f
69645f65
765f7463
29776569
203d2120
5f706d26
65707974
6f6f625f
295d296c
28202c29
6d262828
79745f70
645f6570
5f746369
77656976
3d212029
706d2620
7079745f
6f625f65
20296c6f
7628203f
2964696f
203a2030
73615f5f
74726573
6e75665f
22282063
2e2f2e2e
696d2f2e
706f7263
6f687479
79702f6e
6a626f2f
74636964
2c22632e
30303520
5f5f202c
636e7566
202c5f5f
6d262822
79745f70
645f6570
5f746369
77656976
3d212029
706d2620
7079745f
6f625f65
29226c6f
28202c29
696f7628
69732964
666f657a
61686328
20315b72
2032202d
2821202a
706d2628
7079745f
69645f65
765f7463
29776569
203d2120
5f706d26
65707974
746e695f
29295d29
2828202c
706d2628
7079745f
69645f65
765f7463
29776569
203d2120
5f706d26
65707974
746e695f
203f2029
696f7628
20302964
5f5f203a
65737361
665f7472
20636e75
2e2e2228
2f2e2e2f
7263696d
7479706f
2f6e6f68
6f2f7970
69646a62
632e7463
35202c22
202c3030
75665f5f
5f5f636e
2822202c
5f706d26
65707974
6369645f
69765f74
20297765
26203d21
745f706d
5f657079
22746e69
202c2929
6f762828
73296469
6f657a69
68632866
315b7261
32202d20
21202a20
6d262828
79745f70
645f6570
5f746369
77656976
3d212029
706d2620
7079745f
74735f65
295d2972
28202c29
6d262828
79745f70
645f6570
5f746369
77656976
3d212029
706d2620
7079745f
74735f65
3f202972
6f762820
30296469
5f203a20
7373615f
5f747265
636e7566
2e222820
2e2e2f2e
63696d2f
79706f72
6e6f6874
2f79702f
646a626f
2e746369
202c2263
2c303035
665f5f20
5f636e75
22202c5f
706d2628
7079745f
69645f65
765f7463
29776569
203d2120
5f706d26
65707974
7274735f
2c292922
76282820
2964696f
657a6973
6328666f
5b726168
202d2031
202a2032
26282821
745f706d
5f657079
74636964
6569765f
21202977
6d26203d
79745f70
4e5f6570
54656e6f
29657079
2c29295d
28282820
5f706d26
65707974
6369645f
69765f74
20297765
26203d21
745f706d
5f657079
656e6f4e
65707954
203f2029
696f7628
20302964
5f5f203a
65737361
665f7472
20636e75
2e2e2228
2f2e2e2f
7263696d
7479706f
2f6e6f68
6f2f7970
69646a62
632e7463
35202c22
202c3030
75665f5f
5f5f636e
2822202c
5f706d26
65707974
6369645f
69765f74
20297765
26203d21
745f706d
5f657079
656e6f4e
65707954
2c292922
20293120
28202626
26202931
6d282026
626f5f70
73695f6a
6a626f5f
6c657328
6e695f66
26262029
28282820
6f5f706d
625f6a62
5f657361
292a2074
6f762828
2a206469
65732829
695f666c
2929296e
79743e2d
3d206570
2628203d
745f706d
5f657079
74636964
6569765f
29292977
5b280029
63696400
74695f74
00736d65
74636964
79656b5f
69640073
765f7463
65756c61
69640073
765f7463
5f776569
69746567
00726574
28202828
696f7628
69732964
666f657a
61686328
20315b72
2032202d
2821202a
706d2628
7079745f
69645f65
765f7463
29776569
203d2120
5f706d26
65707974
6f6f625f
295d296c
28202c29
6d262828
79745f70
645f6570
5f746369
77656976
3d212029
706d2620
7079745f
6f625f65
20296c6f
7628203f
2964696f
203a2030
73615f5f
74726573
6e75665f
22282063
2e2f2e2e
696d2f2e
706f7263
6f687479
79702f6e
6a626f2f
74636964
2c22632e
38383420
5f5f202c
636e7566
202c5f5f
6d262822
79745f70
645f6570
5f746369
77656976
3d212029
706d2620
7079745f
6f625f65
29226c6f
28202c29
696f7628
69732964
666f657a
61686328
20315b72
2032202d
2821202a
706d2628
7079745f
69645f65
765f7463
29776569
203d2120
5f706d26
65707974
746e695f
29295d29
2828202c
706d2628
7079745f
69645f65
765f7463
29776569
203d2120
5f706d26
65707974
746e695f
203f2029
696f7628
20302964
5f5f203a
65737361
665f7472
20636e75
2e2e2228
2f2e2e2f
7263696d
7479706f
2f6e6f68
6f2f7970
69646a62
632e7463
34202c22
202c3838
75665f5f
5f5f636e
2822202c
5f706d26
65707974
6369645f
69765f74
20297765
26203d21
745f706d
5f657079
22746e69
202c2929
6f762828
73296469
6f657a69
68632866
315b7261
32202d20
21202a20
6d262828
79745f70
645f6570
5f746369
77656976
3d212029
706d2620
7079745f
74735f65
295d2972
28202c29
6d262828
79745f70
645f6570
5f746369
77656976
3d212029
706d2620
7079745f
74735f65
3f202972
6f762820
30296469
5f203a20
7373615f
5f747265
636e7566
2e222820
2e2e2f2e
63696d2f
79706f72
6e6f6874
2f79702f
646a626f
2e746369
202c2263
2c383834
665f5f20
5f636e75
22202c5f
706d2628
7079745f
69645f65
765f7463
29776569
203d2120
5f706d26
65707974
7274735f
2c292922
76282820
2964696f
657a6973
6328666f
5b726168
202d2031
202a2032
26282821
745f706d
5f657079
74636964
6569765f
21202977
6d26203d
79745f70
4e5f6570
54656e6f
29657079
2c29295d
28282820
5f706d26
65707974
6369645f
69765f74
20297765
26203d21
745f706d
5f657079
656e6f4e
65707954
203f2029
696f7628
20302964
5f5f203a
65737361
665f7472
20636e75
2e2e2228
2f2e2e2f
7263696d
7479706f
2f6e6f68
6f2f7970
69646a62
632e7463
34202c22
202c3838
75665f5f
5f5f636e
2822202c
5f706d26
65707974
6369645f
69765f74
20297765
26203d21
745f706d
5f657079
656e6f4e
65707954
2c292922
20293120
28202626
26202931
6d282026
626f5f70
73695f6a
6a626f5f
65697628
6e695f77
26262029
28282820
6f5f706d
625f6a62
5f657361
292a2074
6f762828
2a206469
69762829
695f7765
2929296e
79743e2d
3d206570
2628203d
745f706d
5f657079
74636964
6569765f
29292977
69640029
705f7463
7469706f
70006d65
7469706f
29286d65
6964203a
6f697463
7972616e
20736920
74706d65
69640079
675f7463
685f7465
65706c65
2e2e0072
2f2e2e2f
7263696d
7479706f
2f6e6f68
6f2f7970
78656a62
74706563
6d00632e
626f5f70
656e5f6a
78655f77
74706563
006e6f69
6f5f706d
6e5f6a62
655f7765
70656378
6e6f6974
6772615f
706d0073
6a626f5f
77656e5f
6378655f
69747065
6d5f6e6f
6d006773
626f5f70
656e5f6a
78655f77
74706563
5f6e6f69
5f67736d
73696c76
6d660074
3d212074
4c554e20
6567004c
616e5f74
65766974
6378655f
69747065
6d006e6f
626f5f70
73695f6a
6378655f
69747065
695f6e6f
6174736e
2865636e
666c6573
296e695f
2f2e2e00
6d2f2e2e
6f726369
68747970
702f6e6f
626f2f79
6e75666a
6d00632e
626f5f70
656e5f6a
75665f77
63625f6e
6e756600
6975625f
6e69746c
635f305f
006c6c61
6f5f706d
695f6a62
79745f73
73286570
5f666c65
202c6e69
5f706d26
65707974
6e75665f
6975625f
6e69746c
0029305f
5f6e7566
6c697562
5f6e6974
61635f31
6d006c6c
626f5f70
73695f6a
7079745f
65732865
695f666c
26202c6e
745f706d
5f657079
5f6e7566
6c697562
5f6e6974
66002931
625f6e75
746c6975
325f6e69
6c61635f
706d006c
6a626f5f
5f73695f
65707974
6c657328
6e695f66
6d26202c
79745f70
665f6570
625f6e75
746c6975
325f6e69
75660029
75625f6e
69746c69
5f335f6e
6c6c6163
5f706d00
5f6a626f
745f7369
28657079
666c6573
2c6e695f
706d2620
7079745f
75665f65
75625f6e
69746c69
29335f6e
6e756600
6975625f
6e69746c
7261765f
6c61635f
706d006c
6a626f5f
5f73695f
65707974
6c657328
6e695f66
6d26202c
79745f70
665f6570
625f6e75
746c6975
765f6e69
00297261
5f6e7566
635f6362
006c6c61
725f6d76
72757465
696b5f6e
3d20646e
504d203d
5f4d565f
55544552
455f4e52
50454358
4e4f4954
2f2e2e00
6d2f2e2e
6f726369
68747970
702f6e6f
626f2f79
6e65676a
74617265
632e726f
5f706d00
5f6a626f
5f6e6567
75736572
2800656d
28282028
64696f76
7a697329
28666f65
72616863
2d20315b
2a203220
28282120
5f706d26
65707974
6e65675f
736e695f
636e6174
21202965
6d26203d
79745f70
625f6570
296c6f6f
2c29295d
28282820
5f706d26
65707974
6e65675f
736e695f
636e6174
21202965
6d26203d
79745f70
625f6570
296c6f6f
28203f20
64696f76
3a203029
615f5f20
72657373
75665f74
2820636e
2f2e2e22
6d2f2e2e
6f726369
68747970
702f6e6f
626f2f79
6e65676a
74617265
632e726f
31202c22
202c3535
75665f5f
5f5f636e
2822202c
5f706d26
65707974
6e65675f
736e695f
636e6174
21202965
6d26203d
79745f70
625f6570
226c6f6f
202c2929
6f762828
73296469
6f657a69
68632866
315b7261
32202d20
21202a20
6d262828
79745f70
675f6570
695f6e65
6174736e
2965636e
203d2120
5f706d26
65707974
746e695f
29295d29
2828202c
706d2628
7079745f
65675f65
6e695f6e
6e617473
20296563
26203d21
745f706d
5f657079
29746e69
28203f20
64696f76
3a203029
615f5f20
72657373
75665f74
2820636e
2f2e2e22
6d2f2e2e
6f726369
68747970
702f6e6f
626f2f79
6e65676a
74617265
632e726f
31202c22
202c3535
75665f5f
5f5f636e
2822202c
5f706d26
65707974
6e65675f
736e695f
636e6174
21202965
6d26203d
79745f70
695f6570
2922746e
28202c29
696f7628
69732964
666f657a
61686328
20315b72
2032202d
2821202a
706d2628
7079745f
65675f65
6e695f6e
6e617473
20296563
26203d21
745f706d
5f657079
29727473
2c29295d
28282820
5f706d26
65707974
6e65675f
736e695f
636e6174
21202965
6d26203d
79745f70
735f6570
20297274
7628203f
2964696f
203a2030
73615f5f
74726573
6e75665f
22282063
2e2f2e2e
696d2f2e
706f7263
6f687479
79702f6e
6a626f2f
656e6567
6f746172
22632e72
3531202c
5f202c35
6e75665f
2c5f5f63
26282220
745f706d
5f657079
5f6e6567
74736e69
65636e61
3d212029
706d2620
7079745f
74735f65
29292272
2828202c
64696f76
7a697329
28666f65
72616863
2d20315b
2a203220
28282120
5f706d26
65707974
6e65675f
736e695f
636e6174
21202965
6d26203d
79745f70
4e5f6570
54656e6f
29657079
2c29295d
28282820
5f706d26
65707974
6e65675f
736e695f
636e6174
21202965
6d26203d
79745f70
4e5f6570
54656e6f
29657079
28203f20
64696f76
3a203029
615f5f20
72657373
75665f74
2820636e
2f2e2e22
6d2f2e2e
6f726369
68747970
702f6e6f
626f2f79
6e65676a
74617265
632e726f
31202c22
202c3535
75665f5f
5f5f636e
2822202c
5f706d26
65707974
6e65675f
736e695f
636e6174
21202965
6d26203d
79745f70
4e5f6570
54656e6f
22657079
202c2929
26202931
31282026
26262029
706d2820
6a626f5f
5f73695f
286a626f
666c6573
296e695f
20262620
6d282828
626f5f70
61625f6a
745f6573
28292a20
696f7628
292a2064
6c657328
6e695f66
2d292929
7079743e
3d3d2065
6d262820
79745f70
675f6570
695f6e65
6174736e
2965636e
00292929
656e6567
6f746172
6c612072
64616572
78652079
74756365
00676e69
276e6163
65732074
6e20646e
4e2d6e6f
20656e6f
756c6176
6f742065
6a206120
2d747375
72617473
20646574
656e6567
6f746172
673c0072
72656e65
726f7461
6a626f20
20746365
27712527
20746120
003e7025
656e6567
6f746172
67692072
65726f6e
65472064
6172656e
45726f74
00746978
2e2f2e2e
696d2f2e
706f7263
6f687479
79702f6e
6a626f2f
2e746e69
706d0063
746e695f
726f665f
5f74616d
657a6973
3c203200
6162203d
26206573
61622026
3c206573
3631203d
6e6f6c00
6e692067
6f6e2074
75732074
726f7070
20646574
74206e69
20736968
6c697562
6d730064
206c6c61
20746e69
7265766f
776f6c66
6e616300
63207427
65766e6f
6e207472
74616765
20657669
20746e69
75206f74
6769736e
0064656e
756c6176
6f772065
20646c75
7265766f
776f6c66
25206120
79622064
62206574
65666675
2e2e0072
2f2e2e2f
7263696d
7479706f
2f6e6f68
6f2f7970
696c6a62
632e7473
5f706d00
5f6a626f
7473696c
7070615f
00646e65
28202828
696f7628
69732964
666f657a
61686328
20315b72
2032202d
2821202a
706d2628
7079745f
696c5f65
20297473
26203d21
745f706d
5f657079
6c6f6f62
29295d29
2828202c
706d2628
7079745f
696c5f65
20297473
26203d21
745f706d
5f657079
6c6f6f62
203f2029
696f7628
20302964
5f5f203a
65737361
665f7472
20636e75
2e2e2228
2f2e2e2f
7263696d
7479706f
2f6e6f68
6f2f7970
696c6a62
632e7473
32202c22
202c3932
75665f5f
5f5f636e
2822202c
5f706d26
65707974
73696c5f
21202974
6d26203d
79745f70
625f6570
226c6f6f
202c2929
6f762828
73296469
6f657a69
68632866
315b7261
32202d20
21202a20
6d262828
79745f70
6c5f6570
29747369
203d2120
5f706d26
65707974
746e695f
29295d29
2828202c
706d2628
7079745f
696c5f65
20297473
26203d21
745f706d
5f657079
29746e69
28203f20
64696f76
3a203029
615f5f20
72657373
75665f74
2820636e
2f2e2e22
6d2f2e2e
6f726369
68747970
702f6e6f
626f2f79
73696c6a
22632e74
3232202c
5f202c39
6e75665f
2c5f5f63
26282220
745f706d
5f657079
7473696c
3d212029
706d2620
7079745f
6e695f65
29292274
2828202c
64696f76
7a697329
28666f65
72616863
2d20315b
2a203220
28282120
5f706d26
65707974
73696c5f
21202974
6d26203d
79745f70
735f6570
5d297274
202c2929
26282828
745f706d
5f657079
7473696c
3d212029
706d2620
7079745f
74735f65
3f202972
6f762820
30296469
5f203a20
7373615f
5f747265
636e7566
2e222820
2e2e2f2e
63696d2f
79706f72
6e6f6874
2f79702f
6c6a626f
2e747369
202c2263
2c393232
665f5f20
5f636e75
22202c5f
706d2628
7079745f
696c5f65
20297473
26203d21
745f706d
5f657079
22727473
202c2929
6f762828
73296469
6f657a69
68632866
315b7261
32202d20
21202a20
6d262828
79745f70
6c5f6570
29747369
203d2120
5f706d26
65707974
6e6f4e5f
70795465
295d2965
28202c29
6d262828
79745f70
6c5f6570
29747369
203d2120
5f706d26
65707974
6e6f4e5f
70795465
3f202965
6f762820
30296469
5f203a20
7373615f
5f747265
636e7566
2e222820
2e2e2f2e
63696d2f
79706f72
6e6f6874
2f79702f
6c6a626f
2e747369
202c2263
2c393232
665f5f20
5f636e75
22202c5f
706d2628
7079745f
696c5f65
20297473
26203d21
745f706d
5f657079
656e6f4e
65707954
2c292922
20293120
28202626
26202931
6d282026
626f5f70
73695f6a
6a626f5f
6c657328
6e695f66
26262029
28282820
6f5f706d
625f6a62
5f657361
292a2074
6f762828
2a206469
65732829
695f666c
2929296e
79743e2d
3d206570
2628203d
745f706d
5f657079
7473696c
29292929
5f706d00
5f6a626f
7473696c
726f735f
28280074
76282820
2964696f
657a6973
6328666f
5b726168
202d2031
202a2032
26282821
745f706d
5f657079
7473696c
3d212029
706d2620
7079745f
6f625f65
5d296c6f
202c2929
26282828
745f706d
5f657079
7473696c
3d212029
706d2620
7079745f
6f625f65
20296c6f
7628203f
2964696f
203a2030
73615f5f
74726573
6e75665f
22282063
2e2f2e2e
696d2f2e
706f7263
6f687479
79702f6e
6a626f2f
7473696c
2c22632e
38333320
5f5f202c
636e7566
202c5f5f
6d262822
79745f70
6c5f6570
29747369
203d2120
5f706d26
65707974
6f6f625f
2929226c
2828202c
64696f76
7a697329
28666f65
72616863
2d20315b
2a203220
28282120
5f706d26
65707974
73696c5f
21202974
6d26203d
79745f70
695f6570
5d29746e
202c2929
26282828
745f706d
5f657079
7473696c
3d212029
706d2620
7079745f
6e695f65
3f202974
6f762820
30296469
5f203a20
7373615f
5f747265
636e7566
2e222820
2e2e2f2e
63696d2f
79706f72
6e6f6874
2f79702f
6c6a626f
2e747369
202c2263
2c383333
665f5f20
5f636e75
22202c5f
706d2628
7079745f
696c5f65
20297473
26203d21
745f706d
5f657079
22746e69
202c2929
6f762828
73296469
6f657a69
68632866
315b7261
32202d20
21202a20
6d262828
79745f70
6c5f6570
29747369
203d2120
5f706d26
65707974
7274735f
29295d29
2828202c
706d2628
7079745f
696c5f65
20297473
26203d21
745f706d
5f657079
29727473
28203f20
64696f76
3a203029
615f5f20
72657373
75665f74
2820636e
2f2e2e22
6d2f2e2e
6f726369
68747970
702f6e6f
626f2f79
73696c6a
22632e74
3333202c
5f202c38
6e75665f
2c5f5f63
26282220
745f706d
5f657079
7473696c
3d212029
706d2620
7079745f
74735f65
29292272
2828202c
64696f76
7a697329
28666f65
72616863
2d20315b
2a203220
28282120
5f706d26
65707974
73696c5f
21202974
6d26203d
79745f70
4e5f6570
54656e6f
29657079
2c29295d
28282820
5f706d26
65707974
73696c5f
21202974
6d26203d
79745f70
4e5f6570
54656e6f
29657079
28203f20
64696f76
3a203029
615f5f20
72657373
75665f74
2820636e
2f2e2e22
6d2f2e2e
6f726369
68747970
702f6e6f
626f2f79
73696c6a
22632e74
3333202c
5f202c38
6e75665f
2c5f5f63
26282220
745f706d
5f657079
7473696c
3d212029
706d2620
7079745f
6f4e5f65
7954656e
29226570
31202c29
26262029
29312820
20262620
5f706d28
5f6a626f
6f5f7369
70286a62
615f736f
5b736772
20295d30
28202626
706d2828
6a626f5f
7361625f
20745f65
2828292a
64696f76
28292a20
5f736f70
73677261
295d305b
3e2d2929
65707974
203d3d20
706d2628
7079745f
696c5f65
29297473
6d002929
626f5f70
696c5f6a
725f7473
766f6d65
28280065
76282820
2964696f
657a6973
6328666f
5b726168
202d2031
202a2032
26282821
745f706d
5f657079
7473696c
3d212029
706d2620
7079745f
6f625f65
5d296c6f
202c2929
26282828
745f706d
5f657079
7473696c
3d212029
706d2620
7079745f
6f625f65
20296c6f
7628203f
2964696f
203a2030
73615f5f
74726573
6e75665f
22282063
2e2f2e2e
696d2f2e
706f7263
6f687479
79702f6e
6a626f2f
7473696c
2c22632e
34303420
5f5f202c
636e7566
202c5f5f
6d262822
79745f70
6c5f6570
29747369
203d2120
5f706d26
65707974
6f6f625f
2929226c
2828202c
64696f76
7a697329
28666f65
72616863
2d20315b
2a203220
28282120
5f706d26
65707974
73696c5f
21202974
6d26203d
79745f70
695f6570
5d29746e
202c2929
26282828
745f706d
5f657079
7473696c
3d212029
706d2620
7079745f
6e695f65
3f202974
6f762820
30296469
5f203a20
7373615f
5f747265
636e7566
2e222820
2e2e2f2e
63696d2f
79706f72
6e6f6874
2f79702f
6c6a626f
2e747369
202c2263
2c343034
665f5f20
5f636e75
22202c5f
706d2628
7079745f
696c5f65
20297473
26203d21
745f706d
5f657079
22746e69
202c2929
6f762828
73296469
6f657a69
68632866
315b7261
32202d20
21202a20
6d262828
79745f70
6c5f6570
29747369
203d2120
5f706d26
65707974
7274735f
29295d29
2828202c
706d2628
7079745f
696c5f65
20297473
26203d21
745f706d
5f657079
29727473
28203f20
64696f76
3a203029
615f5f20
72657373
75665f74
2820636e
2f2e2e22
6d2f2e2e
6f726369
68747970
702f6e6f
626f2f79
73696c6a
22632e74
3034202c
5f202c34
6e75665f
2c5f5f63
26282220
745f706d
5f657079
7473696c
3d212029
706d2620
7079745f
74735f65
29292272
2828202c
64696f76
7a697329
28666f65
72616863
2d20315b
2a203220
28282120
5f706d26
65707974
73696c5f
21202974
6d26203d
79745f70
4e5f6570
54656e6f
29657079
2c29295d
28282820
5f706d26
65707974
73696c5f
21202974
6d26203d
79745f70
4e5f6570
54656e6f
29657079
28203f20
64696f76
3a203029
615f5f20
72657373
75665f74
2820636e
2f2e2e22
6d2f2e2e
6f726369
68747970
702f6e6f
626f2f79
73696c6a
22632e74
3034202c
5f202c34
6e75665f
2c5f5f63
26282220
745f706d
5f657079
7473696c
3d212029
706d2620
7079745f
6f4e5f65
7954656e
29226570
31202c29
26262029
29312820
20262620
5f706d28
5f6a626f
6f5f7369
73286a62
5f666c65
20296e69
28202626
706d2828
6a626f5f
7361625f
20745f65
2828292a
64696f76
28292a20
666c6573
296e695f
3e2d2929
65707974
203d3d20
706d2628
7079745f
696c5f65
29297473
6c002929
5f747369
65646e69
28280078
76282820
2964696f
657a6973
6328666f
5b726168
202d2031
202a2032
26282821
745f706d
5f657079
7473696c
3d212029
706d2620
7079745f
6f625f65
5d296c6f
202c2929
26282828
745f706d
5f657079
7473696c
3d212029
706d2620
7079745f
6f625f65
20296c6f
7628203f
2964696f
203a2030
73615f5f
74726573
6e75665f
22282063
2e2f2e2e
696d2f2e
706f7263
6f687479
79702f6e
6a626f2f
7473696c
2c22632e
33373320
5f5f202c
636e7566
202c5f5f
6d262822
79745f70
6c5f6570
29747369
203d2120
5f706d26
65707974
6f6f625f
2929226c
2828202c
64696f76
7a697329
28666f65
72616863
2d20315b
2a203220
28282120
5f706d26
65707974
73696c5f
21202974
6d26203d
79745f70
695f6570
5d29746e
202c2929
26282828
745f706d
5f657079
7473696c
3d212029
706d2620
7079745f
6e695f65
3f202974
6f762820
30296469
5f203a20
7373615f
5f747265
636e7566
2e222820
2e2e2f2e
63696d2f
79706f72
6e6f6874
2f79702f
6c6a626f
2e747369
202c2263
2c333733
665f5f20
5f636e75
22202c5f
706d2628
7079745f
696c5f65
20297473
26203d21
745f706d
5f657079
22746e69
202c2929
6f762828
73296469
6f657a69
68632866
315b7261
32202d20
21202a20
6d262828
79745f70
6c5f6570
29747369
203d2120
5f706d26
65707974
7274735f
29295d29
2828202c
706d2628
7079745f
696c5f65
20297473
26203d21
745f706d
5f657079
29727473
28203f20
64696f76
3a203029
615f5f20
72657373
75665f74
2820636e
2f2e2e22
6d2f2e2e
6f726369
68747970
702f6e6f
626f2f79
73696c6a
22632e74
3733202c
5f202c33
6e75665f
2c5f5f63
26282220
745f706d
5f657079
7473696c
3d212029
706d2620
7079745f
74735f65
29292272
2828202c
64696f76
7a697329
28666f65
72616863
2d20315b
2a203220
28282120
5f706d26
65707974
73696c5f
21202974
6d26203d
79745f70
4e5f6570
54656e6f
29657079
2c29295d
28282820
5f706d26
65707974
73696c5f
21202974
6d26203d
79745f70
4e5f6570
54656e6f
29657079
28203f20
64696f76
3a203029
615f5f20
72657373
75665f74
2820636e
2f2e2e22
6d2f2e2e
6f726369
68747970
702f6e6f
626f2f79
73696c6a
22632e74
3733202c
5f202c33
6e75665f
2c5f5f63
26282220
745f706d
5f657079
7473696c
3d212029
706d2620
7079745f
6f4e5f65
7954656e
29226570
31202c29
26262029
29312820
20262620
5f706d28
5f6a626f
6f5f7369
61286a62
5b736772
20295d30
28202626
706d2828
6a626f5f
7361625f
20745f65
2828292a
64696f76
28292a20
73677261
295d305b
3e2d2929
65707974
203d3d20
706d2628
7079745f
696c5f65
29297473
6c002929
5f747369
00706f70
28202828
696f7628
69732964
666f657a
61686328
20315b72
2032202d
2821202a
706d2628
7079745f
696c5f65
20297473
26203d21
745f706d
5f657079
6c6f6f62
29295d29
2828202c
706d2628
7079745f
696c5f65
20297473
26203d21
745f706d
5f657079
6c6f6f62
203f2029
696f7628
20302964
5f5f203a
65737361
665f7472
20636e75
2e2e2228
2f2e2e2f
7263696d
7479706f
2f6e6f68
6f2f7970
696c6a62
632e7473
32202c22
202c3236
75665f5f
5f5f636e
2822202c
5f706d26
65707974
73696c5f
21202974
6d26203d
79745f70
625f6570
226c6f6f
202c2929
6f762828
73296469
6f657a69
68632866
315b7261
32202d20
21202a20
6d262828
79745f70
6c5f6570
29747369
203d2120
5f706d26
65707974
746e695f
29295d29
2828202c
706d2628
7079745f
696c5f65
20297473
26203d21
745f706d
5f657079
29746e69
28203f20
64696f76
3a203029
615f5f20
72657373
75665f74
2820636e
2f2e2e22
6d2f2e2e
6f726369
68747970
702f6e6f
626f2f79
73696c6a
22632e74
3632202c
5f202c32
6e75665f
2c5f5f63
26282220
745f706d
5f657079
7473696c
3d212029
706d2620
7079745f
6e695f65
29292274
2828202c
64696f76
7a697329
28666f65
72616863
2d20315b
2a203220
28282120
5f706d26
65707974
73696c5f
21202974
6d26203d
79745f70
735f6570
5d297274
202c2929
26282828
745f706d
5f657079
7473696c
3d212029
706d2620
7079745f
74735f65
3f202972
6f762820
30296469
5f203a20
7373615f
5f747265
636e7566
2e222820
2e2e2f2e
63696d2f
79706f72
6e6f6874
2f79702f
6c6a626f
2e747369
202c2263
2c323632
665f5f20
5f636e75
22202c5f
706d2628
7079745f
696c5f65
20297473
26203d21
745f706d
5f657079
22727473
202c2929
6f762828
73296469
6f657a69
68632866
315b7261
32202d20
21202a20
6d262828
79745f70
6c5f6570
29747369
203d2120
5f706d26
65707974
6e6f4e5f
70795465
295d2965
28202c29
6d262828
79745f70
6c5f6570
29747369
203d2120
5f706d26
65707974
6e6f4e5f
70795465
3f202965
6f762820
30296469
5f203a20
7373615f
5f747265
636e7566
2e222820
2e2e2f2e
63696d2f
79706f72
6e6f6874
2f79702f
6c6a626f
2e747369
202c2263
2c323632
665f5f20
5f636e75
22202c5f
706d2628
7079745f
696c5f65
20297473
26203d21
745f706d
5f657079
656e6f4e
65707954
2c292922
20293120
28202626
26202931
6d282026
626f5f70
73695f6a
6a626f5f
67726128
5d305b73
26262029
28282820
6f5f706d
625f6a62
5f657361
292a2074
6f762828
2a206469
72612829
305b7367
2929295d
79743e2d
3d206570
2628203d
745f706d
5f657079
7473696c
29292929
706f7000
6f726620
6d65206d
20797470
7473696c
73696c00
78655f74
646e6574
20282800
6f762828
73296469
6f657a69
68632866
315b7261
32202d20
21202a20
6d262828
79745f70
6c5f6570
29747369
203d2120
5f706d26
65707974
6f6f625f
295d296c
28202c29
6d262828
79745f70
6c5f6570
29747369
203d2120
5f706d26
65707974
6f6f625f
3f20296c
6f762820
30296469
5f203a20
7373615f
5f747265
636e7566
2e222820
2e2e2f2e
63696d2f
79706f72
6e6f6874
2f79702f
6c6a626f
2e747369
202c2263
2c313432
665f5f20
5f636e75
22202c5f
706d2628
7079745f
696c5f65
20297473
26203d21
745f706d
5f657079
6c6f6f62
2c292922
76282820
2964696f
657a6973
6328666f
5b726168
202d2031
202a2032
26282821
745f706d
5f657079
7473696c
3d212029
706d2620
7079745f
6e695f65
295d2974
28202c29
6d262828
79745f70
6c5f6570
29747369
203d2120
5f706d26
65707974
746e695f
203f2029
696f7628
20302964
5f5f203a
65737361
665f7472
20636e75
2e2e2228
2f2e2e2f
7263696d
7479706f
2f6e6f68
6f2f7970
696c6a62
632e7473
32202c22
202c3134
75665f5f
5f5f636e
2822202c
5f706d26
65707974
73696c5f
21202974
6d26203d
79745f70
695f6570
2922746e
28202c29
696f7628
69732964
666f657a
61686328
20315b72
2032202d
2821202a
706d2628
7079745f
696c5f65
20297473
26203d21
745f706d
5f657079
29727473
2c29295d
28282820
5f706d26
65707974
73696c5f
21202974
6d26203d
79745f70
735f6570
20297274
7628203f
2964696f
203a2030
73615f5f
74726573
6e75665f
22282063
2e2f2e2e
696d2f2e
706f7263
6f687479
79702f6e
6a626f2f
7473696c
2c22632e
31343220
5f5f202c
636e7566
202c5f5f
6d262822
79745f70
6c5f6570
29747369
203d2120
5f706d26
65707974
7274735f
2c292922
76282820
2964696f
657a6973
6328666f
5b726168
202d2031
202a2032
26282821
745f706d
5f657079
7473696c
3d212029
706d2620
7079745f
6f4e5f65
7954656e
5d296570
202c2929
26282828
745f706d
5f657079
7473696c
3d212029
706d2620
7079745f
6f4e5f65
7954656e
20296570
7628203f
2964696f
203a2030
73615f5f
74726573
6e75665f
22282063
2e2f2e2e
696d2f2e
706f7263
6f687479
79702f6e
6a626f2f
7473696c
2c22632e
31343220
5f5f202c
636e7566
202c5f5f
6d262822
79745f70
6c5f6570
29747369
203d2120
5f706d26
65707974
6e6f4e5f
70795465
29292265
2931202c
20262620
20293128
28202626
6f5f706d
695f6a62
626f5f73
6573286a
695f666c
2620296e
28282026
5f706d28
5f6a626f
65736162
2a20745f
76282829
2064696f
7328292a
5f666c65
29296e69
743e2d29
20657079
28203d3d
5f706d26
65707974
73696c5f
29292974
696c0029
635f7473
7261656c
20282800
6f762828
73296469
6f657a69
68632866
315b7261
32202d20
21202a20
6d262828
79745f70
6c5f6570
29747369
203d2120
5f706d26
65707974
6f6f625f
295d296c
28202c29
6d262828
79745f70
6c5f6570
29747369
203d2120
5f706d26
65707974
6f6f625f
3f20296c
6f762820
30296469
5f203a20
7373615f
5f747265
636e7566
2e222820
2e2e2f2e
63696d2f
79706f72
6e6f6874
2f79702f
6c6a626f
2e747369
202c2263
2c313533
665f5f20
5f636e75
22202c5f
706d2628
7079745f
696c5f65
20297473
26203d21
745f706d
5f657079
6c6f6f62
2c292922
76282820
2964696f
657a6973
6328666f
5b726168
202d2031
202a2032
26282821
745f706d
5f657079
7473696c
3d212029
706d2620
7079745f
6e695f65
295d2974
28202c29
6d262828
79745f70
6c5f6570
29747369
203d2120
5f706d26
65707974
746e695f
203f2029
696f7628
20302964
5f5f203a
65737361
665f7472
20636e75
2e2e2228
2f2e2e2f
7263696d
7479706f
2f6e6f68
6f2f7970
696c6a62
632e7473
33202c22
202c3135
75665f5f
5f5f636e
2822202c
5f706d26
65707974
73696c5f
21202974
6d26203d
79745f70
695f6570
2922746e
28202c29
696f7628
69732964
666f657a
61686328
20315b72
2032202d
2821202a
706d2628
7079745f
696c5f65
20297473
26203d21
745f706d
5f657079
29727473
2c29295d
28282820
5f706d26
65707974
73696c5f
21202974
6d26203d
79745f70
735f6570
20297274
7628203f
2964696f
203a2030
73615f5f
74726573
6e75665f
22282063
2e2f2e2e
696d2f2e
706f7263
6f687479
79702f6e
6a626f2f
7473696c
2c22632e
31353320
5f5f202c
636e7566
202c5f5f
6d262822
79745f70
6c5f6570
29747369
203d2120
5f706d26
65707974
7274735f
2c292922
76282820
2964696f
657a6973
6328666f
5b726168
202d2031
202a2032
26282821
745f706d
5f657079
7473696c
3d212029
706d2620
7079745f
6f4e5f65
7954656e
5d296570
202c2929
26282828
745f706d
5f657079
7473696c
3d212029
706d2620
7079745f
6f4e5f65
7954656e
20296570
7628203f
2964696f
203a2030
73615f5f
74726573
6e75665f
22282063
2e2f2e2e
696d2f2e
706f7263
6f687479
79702f6e
6a626f2f
7473696c
2c22632e
31353320
5f5f202c
636e7566
202c5f5f
6d262822
79745f70
6c5f6570
29747369
203d2120
5f706d26
65707974
6e6f4e5f
70795465
29292265
2931202c
20262620
20293128
28202626
6f5f706d
695f6a62
626f5f73
6573286a
695f666c
2620296e
28282026
5f706d28
5f6a626f
65736162
2a20745f
76282829
2064696f
7328292a
5f666c65
29296e69
743e2d29
20657079
28203d3d
5f706d26
65707974
73696c5f
29292974
696c0029
635f7473
0079706f
28202828
696f7628
69732964
666f657a
61686328
20315b72
2032202d
2821202a
706d2628
7079745f
696c5f65
20297473
26203d21
745f706d
5f657079
6c6f6f62
29295d29
2828202c
706d2628
7079745f
696c5f65
20297473
26203d21
745f706d
5f657079
6c6f6f62
203f2029
696f7628
20302964
5f5f203a
65737361
665f7472
20636e75
2e2e2228
2f2e2e2f
7263696d
7479706f
2f6e6f68
6f2f7970
696c6a62
632e7473
33202c22
202c3136
75665f5f
5f5f636e
2822202c
5f706d26
65707974
73696c5f
21202974
6d26203d
79745f70
625f6570
226c6f6f
202c2929
6f762828
73296469
6f657a69
68632866
315b7261
32202d20
21202a20
6d262828
79745f70
6c5f6570
29747369
203d2120
5f706d26
65707974
746e695f
29295d29
2828202c
706d2628
7079745f
696c5f65
20297473
26203d21
745f706d
5f657079
29746e69
28203f20
64696f76
3a203029
615f5f20
72657373
75665f74
2820636e
2f2e2e22
6d2f2e2e
6f726369
68747970
702f6e6f
626f2f79
73696c6a
22632e74
3633202c
5f202c31
6e75665f
2c5f5f63
26282220
745f706d
5f657079
7473696c
3d212029
706d2620
7079745f
6e695f65
29292274
2828202c
64696f76
7a697329
28666f65
72616863
2d20315b
2a203220
28282120
5f706d26
65707974
73696c5f
21202974
6d26203d
79745f70
735f6570
5d297274
202c2929
26282828
745f706d
5f657079
7473696c
3d212029
706d2620
7079745f
74735f65
3f202972
6f762820
30296469
5f203a20
7373615f
5f747265
636e7566
2e222820
2e2e2f2e
63696d2f
79706f72
6e6f6874
2f79702f
6c6a626f
2e747369
202c2263
2c313633
665f5f20
5f636e75
22202c5f
706d2628
7079745f
696c5f65
20297473
26203d21
745f706d
5f657079
22727473
202c2929
6f762828
73296469
6f657a69
68632866
315b7261
32202d20
21202a20
6d262828
79745f70
6c5f6570
29747369
203d2120
5f706d26
65707974
6e6f4e5f
70795465
295d2965
28202c29
6d262828
79745f70
6c5f6570
29747369
203d2120
5f706d26
65707974
6e6f4e5f
70795465
3f202965
6f762820
30296469
5f203a20
7373615f
5f747265
636e7566
2e222820
2e2e2f2e
63696d2f
79706f72
6e6f6874
2f79702f
6c6a626f
2e747369
202c2263
2c313633
665f5f20
5f636e75
22202c5f
706d2628
7079745f
696c5f65
20297473
26203d21
745f706d
5f657079
656e6f4e
65707954
2c292922
20293120
28202626
26202931
6d282026
626f5f70
73695f6a
6a626f5f
6c657328
6e695f66
26262029
28282820
6f5f706d
625f6a62
5f657361
292a2074
6f762828
2a206469
65732829
695f666c
2929296e
79743e2d
3d206570
2628203d
745f706d
5f657079
7473696c
29292929
73696c00
6f635f74
00746e75
28202828
696f7628
69732964
666f657a
61686328
20315b72
2032202d
2821202a
706d2628
7079745f
696c5f65
20297473
26203d21
745f706d
5f657079
6c6f6f62
29295d29
2828202c
706d2628
7079745f
696c5f65
20297473
26203d21
745f706d
5f657079
6c6f6f62
203f2029
696f7628
20302964
5f5f203a
65737361
665f7472
20636e75
2e2e2228
2f2e2e2f
7263696d
7479706f
2f6e6f68
6f2f7970
696c6a62
632e7473
33202c22
202c3736
75665f5f
5f5f636e
2822202c
5f706d26
65707974
73696c5f
21202974
6d26203d
79745f70
625f6570
226c6f6f
202c2929
6f762828
73296469
6f657a69
68632866
315b7261
32202d20
21202a20
6d262828
79745f70
6c5f6570
29747369
203d2120
5f706d26
65707974
746e695f
29295d29
2828202c
706d2628
7079745f
696c5f65
20297473
26203d21
745f706d
5f657079
29746e69
28203f20
64696f76
3a203029
615f5f20
72657373
75665f74
2820636e
2f2e2e22
6d2f2e2e
6f726369
68747970
702f6e6f
626f2f79
73696c6a
22632e74
3633202c
5f202c37
6e75665f
2c5f5f63
26282220
745f706d
5f657079
7473696c
3d212029
706d2620
7079745f
6e695f65
29292274
2828202c
64696f76
7a697329
28666f65
72616863
2d20315b
2a203220
28282120
5f706d26
65707974
73696c5f
21202974
6d26203d
79745f70
735f6570
5d297274
202c2929
26282828
745f706d
5f657079
7473696c
3d212029
706d2620
7079745f
74735f65
3f202972
6f762820
30296469
5f203a20
7373615f
5f747265
636e7566
2e222820
2e2e2f2e
63696d2f
79706f72
6e6f6874
2f79702f
6c6a626f
2e747369
202c2263
2c373633
665f5f20
5f636e75
22202c5f
706d2628
7079745f
696c5f65
20297473
26203d21
745f706d
5f657079
22727473
202c2929
6f762828
73296469
6f657a69
68632866
315b7261
32202d20
21202a20
6d262828
79745f70
6c5f6570
29747369
203d2120
5f706d26
65707974
6e6f4e5f
70795465
295d2965
28202c29
6d262828
79745f70
6c5f6570
29747369
203d2120
5f706d26
65707974
6e6f4e5f
70795465
3f202965
6f762820
30296469
5f203a20
7373615f
5f747265
636e7566
2e222820
2e2e2f2e
63696d2f
79706f72
6e6f6874
2f79702f
6c6a626f
2e747369
202c2263
2c373633
665f5f20
5f636e75
22202c5f
706d2628
7079745f
696c5f65
20297473
26203d21
745f706d
5f657079
656e6f4e
65707954
2c292922
20293120
28202626
26202931
6d282026
626f5f70
73695f6a
6a626f5f
6c657328
6e695f66
26262029
28282820
6f5f706d
625f6a62
5f657361
292a2074
6f762828
2a206469
65732829
695f666c
2929296e
79743e2d
3d206570
2628203d
745f706d
5f657079
7473696c
29292929
73696c00
6e695f74
74726573
20282800
6f762828
73296469
6f657a69
68632866
315b7261
32202d20
21202a20
6d262828
79745f70
6c5f6570
29747369
203d2120
5f706d26
65707974
6f6f625f
295d296c
28202c29
6d262828
79745f70
6c5f6570
29747369
203d2120
5f706d26
65707974
6f6f625f
3f20296c
6f762820
30296469
5f203a20
7373615f
5f747265
636e7566
2e222820
2e2e2f2e
63696d2f
79706f72
6e6f6874
2f79702f
6c6a626f
2e747369
202c2263
2c393733
665f5f20
5f636e75
22202c5f
706d2628
7079745f
696c5f65
20297473
26203d21
745f706d
5f657079
6c6f6f62
2c292922
76282820
2964696f
657a6973
6328666f
5b726168
202d2031
202a2032
26282821
745f706d
5f657079
7473696c
3d212029
706d2620
7079745f
6e695f65
295d2974
28202c29
6d262828
79745f70
6c5f6570
29747369
203d2120
5f706d26
65707974
746e695f
203f2029
696f7628
20302964
5f5f203a
65737361
665f7472
20636e75
2e2e2228
2f2e2e2f
7263696d
7479706f
2f6e6f68
6f2f7970
696c6a62
632e7473
33202c22
202c3937
75665f5f
5f5f636e
2822202c
5f706d26
65707974
73696c5f
21202974
6d26203d
79745f70
695f6570
2922746e
28202c29
696f7628
69732964
666f657a
61686328
20315b72
2032202d
2821202a
706d2628
7079745f
696c5f65
20297473
26203d21
745f706d
5f657079
29727473
2c29295d
28282820
5f706d26
65707974
73696c5f
21202974
6d26203d
79745f70
735f6570
20297274
7628203f
2964696f
203a2030
73615f5f
74726573
6e75665f
22282063
2e2f2e2e
696d2f2e
706f7263
6f687479
79702f6e
6a626f2f
7473696c
2c22632e
39373320
5f5f202c
636e7566
202c5f5f
6d262822
79745f70
6c5f6570
29747369
203d2120
5f706d26
65707974
7274735f
2c292922
76282820
2964696f
657a6973
6328666f
5b726168
202d2031
202a2032
26282821
745f706d
5f657079
7473696c
3d212029
706d2620
7079745f
6f4e5f65
7954656e
5d296570
202c2929
26282828
745f706d
5f657079
7473696c
3d212029
706d2620
7079745f
6f4e5f65
7954656e
20296570
7628203f
2964696f
203a2030
73615f5f
74726573
6e75665f
22282063
2e2f2e2e
696d2f2e
706f7263
6f687479
79702f6e
6a626f2f
7473696c
2c22632e
39373320
5f5f202c
636e7566
202c5f5f
6d262822
79745f70
6c5f6570
29747369
203d2120
5f706d26
65707974
6e6f4e5f
70795465
29292265
2931202c
20262620
20293128
28202626
6f5f706d
695f6a62
626f5f73
6573286a
695f666c
2620296e
28282026
5f706d28
5f6a626f
65736162
2a20745f
76282829
2064696f
7328292a
5f666c65
29296e69
743e2d29
20657079
28203d3d
5f706d26
65707974
73696c5f
29292974
696c0029
725f7473
72657665
28006573
28282028
64696f76
7a697329
28666f65
72616863
2d20315b
2a203220
28282120
5f706d26
65707974
73696c5f
21202974
6d26203d
79745f70
625f6570
296c6f6f
2c29295d
28282820
5f706d26
65707974
73696c5f
21202974
6d26203d
79745f70
625f6570
296c6f6f
28203f20
64696f76
3a203029
615f5f20
72657373
75665f74
2820636e
2f2e2e22
6d2f2e2e
6f726369
68747970
702f6e6f
626f2f79
73696c6a
22632e74
3134202c
5f202c33
6e75665f
2c5f5f63
26282220
745f706d
5f657079
7473696c
3d212029
706d2620
7079745f
6f625f65
29226c6f
28202c29
696f7628
69732964
666f657a
61686328
20315b72
2032202d
2821202a
706d2628
7079745f
696c5f65
20297473
26203d21
745f706d
5f657079
29746e69
2c29295d
28282820
5f706d26
65707974
73696c5f
21202974
6d26203d
79745f70
695f6570
2029746e
7628203f
2964696f
203a2030
73615f5f
74726573
6e75665f
22282063
2e2f2e2e
696d2f2e
706f7263
6f687479
79702f6e
6a626f2f
7473696c
2c22632e
33313420
5f5f202c
636e7566
202c5f5f
6d262822
79745f70
6c5f6570
29747369
203d2120
5f706d26
65707974
746e695f
2c292922
76282820
2964696f
657a6973
6328666f
5b726168
202d2031
202a2032
26282821
745f706d
5f657079
7473696c
3d212029
706d2620
7079745f
74735f65
295d2972
28202c29
6d262828
79745f70
6c5f6570
29747369
203d2120
5f706d26
65707974
7274735f
203f2029
696f7628
20302964
5f5f203a
65737361
665f7472
20636e75
2e2e2228
2f2e2e2f
7263696d
7479706f
2f6e6f68
6f2f7970
696c6a62
632e7473
34202c22
202c3331
75665f5f
5f5f636e
2822202c
5f706d26
65707974
73696c5f
21202974
6d26203d
79745f70
735f6570
29227274
28202c29
696f7628
69732964
666f657a
61686328
20315b72
2032202d
2821202a
706d2628
7079745f
696c5f65
20297473
26203d21
745f706d
5f657079
656e6f4e
65707954
29295d29
2828202c
706d2628
7079745f
696c5f65
20297473
26203d21
745f706d
5f657079
656e6f4e
65707954
203f2029
696f7628
20302964
5f5f203a
65737361
665f7472
20636e75
2e2e2228
2f2e2e2f
7263696d
7479706f
2f6e6f68
6f2f7970
696c6a62
632e7473
34202c22
202c3331
75665f5f
5f5f636e
2822202c
5f706d26
65707974
73696c5f
21202974
6d26203d
79745f70
4e5f6570
54656e6f
22657079
202c2929
26202931
31282026
26262029
706d2820
6a626f5f
5f73695f
286a626f
666c6573
296e695f
20262620
6d282828
626f5f70
61625f6a
745f6573
28292a20
696f7628
292a2064
6c657328
6e695f66
2d292929
7079743e
3d3d2065
6d262820
79745f70
6c5f6570
29747369
00292929
2e2f2e2e
696d2f2e
706f7263
6f687479
79702f6e
6a626f2f
2e70616d
616d0063
74695f70
656e7265
28007478
28282028
64696f76
7a697329
28666f65
72616863
2d20315b
2a203220
28282120
5f706d26
65707974
70616d5f
3d212029
706d2620
7079745f
6f625f65
5d296c6f
202c2929
26282828
745f706d
5f657079
2970616d
203d2120
5f706d26
65707974
6f6f625f
3f20296c
6f762820
30296469
5f203a20
7373615f
5f747265
636e7566
2e222820
2e2e2f2e
63696d2f
79706f72
6e6f6874
2f79702f
6d6a626f
632e7061
35202c22
5f202c31
6e75665f
2c5f5f63
26282220
745f706d
5f657079
2970616d
203d2120
5f706d26
65707974
6f6f625f
2929226c
2828202c
64696f76
7a697329
28666f65
72616863
2d20315b
2a203220
28282120
5f706d26
65707974
70616d5f
3d212029
706d2620
7079745f
6e695f65
295d2974
28202c29
6d262828
79745f70
6d5f6570
20297061
26203d21
745f706d
5f657079
29746e69
28203f20
64696f76
3a203029
615f5f20
72657373
75665f74
2820636e
2f2e2e22
6d2f2e2e
6f726369
68747970
702f6e6f
626f2f79
70616d6a
2c22632e
2c313520
665f5f20
5f636e75
22202c5f
706d2628
7079745f
616d5f65
21202970
6d26203d
79745f70
695f6570
2922746e
28202c29
696f7628
69732964
666f657a
61686328
20315b72
2032202d
2821202a
706d2628
7079745f
616d5f65
21202970
6d26203d
79745f70
735f6570
5d297274
202c2929
26282828
745f706d
5f657079
2970616d
203d2120
5f706d26
65707974
7274735f
203f2029
696f7628
20302964
5f5f203a
65737361
665f7472
20636e75
2e2e2228
2f2e2e2f
7263696d
7479706f
2f6e6f68
6f2f7970
616d6a62
22632e70
3135202c
5f5f202c
636e7566
202c5f5f
6d262822
79745f70
6d5f6570
20297061
26203d21
745f706d
5f657079
22727473
202c2929
6f762828
73296469
6f657a69
68632866
315b7261
32202d20
21202a20
6d262828
79745f70
6d5f6570
20297061
26203d21
745f706d
5f657079
656e6f4e
65707954
29295d29
2828202c
706d2628
7079745f
616d5f65
21202970
6d26203d
79745f70
4e5f6570
54656e6f
29657079
28203f20
64696f76
3a203029
615f5f20
72657373
75665f74
2820636e
2f2e2e22
6d2f2e2e
6f726369
68747970
702f6e6f
626f2f79
70616d6a
2c22632e
2c313520
665f5f20
5f636e75
22202c5f
706d2628
7079745f
616d5f65
21202970
6d26203d
79745f70
4e5f6570
54656e6f
22657079
202c2929
26202931
31282026
26262029
706d2820
6a626f5f
5f73695f
286a626f
666c6573
296e695f
20262620
6d282828
626f5f70
61625f6a
745f6573
28292a20
696f7628
292a2064
6c657328
6e695f66
2d292929
7079743e
3d3d2065
6d262820
79745f70
6d5f6570
29297061
3c002929
75646f6d
2720656c
3e277325
72657a00
7473206f
72007065
65676e61
2c642528
00642520
6425202c
255c0029
5c5c0063
006e5c00
5c00725c
785c0074
78323025
706d6500
73207974
72617065
726f7461
696f6a00
7865206e
74636570
20612073
7473696c
20666f20
2f727473
65747962
626f2073
7463656a
6f632073
7369736e
746e6574
74697720
65732068
6f20666c
63656a62
73720074
74696c70
6e6f4e28
296e2c65
62757300
69727473
6e20676e
6620746f
646e756f
2f2e2e00
6d2f2e2e
6f726369
68747970
702f6e6f
626f2f79
7274736a
7300632e
755f7274
735f696e
70697274
73616c00
6f675f74
635f646f
5f726168
20736f70
66203d3e
74737269
6f6f675f
68635f64
705f7261
6600736f
74737269
6f6f675f
68635f64
705f7261
3d20736f
0030203d
63656863
73695f6b
7274735f
5f726f5f
65747962
6d280073
626f5f70
73695f6a
7473715f
65732872
695f666c
7c20296e
6d28207c
626f5f70
73695f6a
6a626f5f
6c657328
6e695f66
26262029
6d282820
69625f70
7972616e
5f706f5f
5f6e7566
28282974
6d282828
626f5f70
61625f6a
745f6573
28292a20
696f7628
292a2064
6c657328
6e695f66
2d292929
7079743e
3e2d2965
746f6c73
646e695f
625f7865
72616e69
706f5f79
203f2029
706d2828
6e69625f
5f797261
665f706f
745f6e75
28282829
6f5f706d
625f6a62
5f657361
292a2074
6f762828
2a206469
65732829
695f666c
2929296e
79743e2d
2d296570
6f6c733e
285b7374
706d2828
6a626f5f
7361625f
20745f65
2828292a
64696f76
28292a20
666c6573
296e695f
3e2d2929
65707974
733e2d29
5f746f6c
65646e69
69625f78
7972616e
20706f5f
5d31202d
203a2029
6f762828
292a6469
29292930
203d3d20
6f5f706d
735f6a62
625f7274
72616e69
706f5f79
74002929
656c7075
646e6920
6f207865
6f207475
61722066
0065676e
72747461
74756269
6e207365
7320746f
6f707075
64657472
5f706d00
5f6a626f
5f727473
6d726f66
685f7461
65706c65
6f630072
7265766e
6e6f6973
203d3d20
00277227
20646162
6d726f66
73207461
6e697274
3e3c0067
62005e3d
45656463
47674666
78736f6e
73002558
725f7274
616c7065
64006563
20617461
4e203d21
004c4c55
72770062
20676e6f
626d756e
6f207265
72612066
656d7567
0073746e
276e6163
6f632074
7265766e
6f742074
72747320
706d6920
6963696c
00796c74
002c0028
2e2f2e2e
696d2f2e
706f7263
6f687479
79702f6e
6a626f2f
6c707574
00632e65
6c707574
75735f65
616c6362
685f7373
65706c65
75740072
5f656c70
5f706d63
706c6568
28007265
6f632828
2074736e
64696f76
28292a20
706d2828
6a626f5f
7465675f
7079745f
65732865
695f666c
2d29296e
6f6c733e
6e695f74
5f786564
72657469
203f2029
6f632828
2074736e
64696f76
28292a20
6f5f706d
675f6a62
745f7465
28657079
666c6573
296e695f
733e2d29
73746f6c
706d285b
6a626f5f
7465675f
7079745f
65732865
695f666c
2d29296e
6f6c733e
6e695f74
5f786564
72657469
31202d20
3a20295d
76282820
2a64696f
29293029
3d3d2029
5f706d20
5f6a626f
6c707574
65675f65
65746974
74002972
656c7075
756f635f
2800746e
28282028
64696f76
7a697329
28666f65
72616863
2d20315b
2a203220
28282120
5f706d26
65707974
7075745f
2029656c
26203d21
745f706d
5f657079
6c6f6f62
29295d29
2828202c
706d2628
7079745f
75745f65
29656c70
203d2120
5f706d26
65707974
6f6f625f
3f20296c
6f762820
30296469
5f203a20
7373615f
5f747265
636e7566
2e222820
2e2e2f2e
63696d2f
79706f72
6e6f6874
2f79702f
746a626f
656c7075
2c22632e
31313220
5f5f202c
636e7566
202c5f5f
6d262822
79745f70
745f6570
656c7075
3d212029
706d2620
7079745f
6f625f65
29226c6f
28202c29
696f7628
69732964
666f657a
61686328
20315b72
2032202d
2821202a
706d2628
7079745f
75745f65
29656c70
203d2120
5f706d26
65707974
746e695f
29295d29
2828202c
706d2628
7079745f
75745f65
29656c70
203d2120
5f706d26
65707974
746e695f
203f2029
696f7628
20302964
5f5f203a
65737361
665f7472
20636e75
2e2e2228
2f2e2e2f
7263696d
7479706f
2f6e6f68
6f2f7970
75746a62
2e656c70
202c2263
2c313132
665f5f20
5f636e75
22202c5f
706d2628
7079745f
75745f65
29656c70
203d2120
5f706d26
65707974
746e695f
2c292922
76282820
2964696f
657a6973
6328666f
5b726168
202d2031
202a2032
26282821
745f706d
5f657079
6c707574
21202965
6d26203d
79745f70
735f6570
5d297274
202c2929
26282828
745f706d
5f657079
6c707574
21202965
6d26203d
79745f70
735f6570
20297274
7628203f
2964696f
203a2030
73615f5f
74726573
6e75665f
22282063
2e2f2e2e
696d2f2e
706f7263
6f687479
79702f6e
6a626f2f
6c707574
22632e65
3132202c
5f202c31
6e75665f
2c5f5f63
26282220
745f706d
5f657079
6c707574
21202965
6d26203d
79745f70
735f6570
29227274
28202c29
696f7628
69732964
666f657a
61686328
20315b72
2032202d
2821202a
706d2628
7079745f
75745f65
29656c70
203d2120
5f706d26
65707974
6e6f4e5f
70795465
295d2965
28202c29
6d262828
79745f70
745f6570
656c7075
3d212029
706d2620
7079745f
6f4e5f65
7954656e
20296570
7628203f
2964696f
203a2030
73615f5f
74726573
6e75665f
22282063
2e2f2e2e
696d2f2e
706f7263
6f687479
79702f6e
6a626f2f
6c707574
22632e65
3132202c
5f202c31
6e75665f
2c5f5f63
26282220
745f706d
5f657079
6c707574
21202965
6d26203d
79745f70
4e5f6570
54656e6f
22657079
202c2929
26202931
31282026
26262029
706d2820
6a626f5f
5f73695f
286a626f
666c6573
296e695f
20262620
6d282828
626f5f70
61625f6a
745f6573
28292a20
696f7628
292a2064
6c657328
6e695f66
2d292929
7079743e
3d3d2065
6d262820
79745f70
745f6570
656c7075
29292929
70757400
695f656c
7865646e
20282800
6f762828
73296469
6f657a69
68632866
315b7261
32202d20
21202a20
6d262828
79745f70
745f6570
656c7075
3d212029
706d2620
7079745f
6f625f65
5d296c6f
202c2929
26282828
745f706d
5f657079
6c707574
21202965
6d26203d
79745f70
625f6570
296c6f6f
28203f20
64696f76
3a203029
615f5f20
72657373
75665f74
2820636e
2f2e2e22
6d2f2e2e
6f726369
68747970
702f6e6f
626f2f79
7075746a
632e656c
32202c22
202c3831
75665f5f
5f5f636e
2822202c
5f706d26
65707974
7075745f
2029656c
26203d21
745f706d
5f657079
6c6f6f62
2c292922
76282820
2964696f
657a6973
6328666f
5b726168
202d2031
202a2032
26282821
745f706d
5f657079
6c707574
21202965
6d26203d
79745f70
695f6570
5d29746e
202c2929
26282828
745f706d
5f657079
6c707574
21202965
6d26203d
79745f70
695f6570
2029746e
7628203f
2964696f
203a2030
73615f5f
74726573
6e75665f
22282063
2e2f2e2e
696d2f2e
706f7263
6f687479
79702f6e
6a626f2f
6c707574
22632e65
3132202c
5f202c38
6e75665f
2c5f5f63
26282220
745f706d
5f657079
6c707574
21202965
6d26203d
79745f70
695f6570
2922746e
28202c29
696f7628
69732964
666f657a
61686328
20315b72
2032202d
2821202a
706d2628
7079745f
75745f65
29656c70
203d2120
5f706d26
65707974
7274735f
29295d29
2828202c
706d2628
7079745f
75745f65
29656c70
203d2120
5f706d26
65707974
7274735f
203f2029
696f7628
20302964
5f5f203a
65737361
665f7472
20636e75
2e2e2228
2f2e2e2f
7263696d
7479706f
2f6e6f68
6f2f7970
75746a62
2e656c70
202c2263
2c383132
665f5f20
5f636e75
22202c5f
706d2628
7079745f
75745f65
29656c70
203d2120
5f706d26
65707974
7274735f
2c292922
76282820
2964696f
657a6973
6328666f
5b726168
202d2031
202a2032
26282821
745f706d
5f657079
6c707574
21202965
6d26203d
79745f70
4e5f6570
54656e6f
29657079
2c29295d
28282820
5f706d26
65707974
7075745f
2029656c
26203d21
745f706d
5f657079
656e6f4e
65707954
203f2029
696f7628
20302964
5f5f203a
65737361
665f7472
20636e75
2e2e2228
2f2e2e2f
7263696d
7479706f
2f6e6f68
6f2f7970
75746a62
2e656c70
202c2263
2c383132
665f5f20
5f636e75
22202c5f
706d2628
7079745f
75745f65
29656c70
203d2120
5f706d26
65707974
6e6f4e5f
70795465
29292265
2931202c
20262620
20293128
28202626
6f5f706d
695f6a62
626f5f73
7261286a
305b7367
2620295d
28282026
5f706d28
5f6a626f
65736162
2a20745f
76282829
2064696f
6128292a
5b736772
29295d30
743e2d29
20657079
28203d3d
5f706d26
65707974
7075745f
2929656c
2e002929
2e2e2f2e
63696d2f
79706f72
6e6f6874
2f79702f
746a626f
2e657079
706d0063
6a626f5f
616c635f
6c5f7373
756b6f6f
6f6c0070
70756b6f
65643e2d
305b7473
3d3d205d
5f504d20
5f4a424f
4c4c554e
6f6f6c00
2d70756b
7365643e
5d315b74
203d3d20
4f5f504d
4e5f4a42
004c4c55
6f5f706d
695f6a62
69645f73
6f5f7463
726f5f72
65726564
63696464
504d2874
4a424f5f
4f52465f
54505f4d
504d2852
4a424f5f
5059545f
45475f45
4c535f54
7428544f
2c657079
636f6c20
5f736c61
74636964
00292929
65707974
6b617420
31207365
20726f20
72612033
656d7567
0073746e
65707974
6e736920
61207427
6361206e
74706563
656c6261
73616220
79742065
6d006570
69746c75
20656c70
65686e69
61746972
2065636e
20746f6e
70707573
6574726f
706d0064
6a626f5f
736e695f
636e6174
616d5f65
6e5f656b
6d007765
626f5f70
73695f6a
736e695f
636e6174
79745f65
73286570
29666c65
695f5f00
5f74696e
2029285f
756f6873
7220646c
72757465
6f4e206e
3c00656e
6f207325
63656a62
74612074
3e702520
5f706d00
5f6a626f
74736e69
65636e61
616f6c5f
74615f64
6d007274
626f5f70
73695f6a
736e695f
636e6174
79745f65
6d286570
626f5f70
65675f6a
79745f74
73286570
5f666c65
29296e69
6c633c00
20737361
27712527
6163003e
2074276e
61657263
69206574
6174736e
0065636e
65707974
7474615f
706d0072
6a626f5f
5f73695f
65707974
6c657328
6e695f66
6d26202c
79745f70
745f6570
29657079
5f706d00
5f6a626f
645f7369
5f746369
6f5f726f
72656472
69646465
4d287463
424f5f50
52465f4a
505f4d4f
4d285254
424f5f50
59545f4a
475f4550
535f5445
28544f4c
666c6573
6f6c202c
736c6163
6369645f
29292974
73736900
6c636275
28737361
72612029
20322067
7473756d
20656220
6c632061
20737361
6120726f
70757420
6f20656c
6c632066
65737361
733c0073
72657075
7300203a
72657075
7474615f
706d0072
6a626f5f
5f73695f
65707974
6c657328
6e695f66
6d26202c
79745f70
735f6570
72657075
706d0029
6a626f5f
5f73695f
65707974
6c657328
743e2d66
2c657079
706d2620
7079745f
79745f65
00296570
75737369
616c6362
29287373
67726120
6d203120
20747375
61206562
616c6320
73007373
69746174
6c635f63
5f737361
6874656d
6d5f646f
5f656b61
0077656e
666c6573
203d3d20
5f706d26
65707974
6174735f
6d636974
6f687465
7c7c2064
6c657320
3d3d2066
706d2620
7079745f
6c635f65
6d737361
6f687465
2e2e0064
2f2e2e2f
7263696d
7479706f
2f6e6f68
6f2f7970
697a6a62
00632e70
5f70697a
72657469
7478656e
20282800
6f762828
73296469
6f657a69
68632866
315b7261
32202d20
21202a20
6d262828
79745f70
7a5f6570
20297069
26203d21
745f706d
5f657079
6c6f6f62
29295d29
2828202c
706d2628
7079745f
697a5f65
21202970
6d26203d
79745f70
625f6570
296c6f6f
28203f20
64696f76
3a203029
615f5f20
72657373
75665f74
2820636e
2f2e2e22
6d2f2e2e
6f726369
68747970
702f6e6f
626f2f79
70697a6a
2c22632e
2c313520
665f5f20
5f636e75
22202c5f
706d2628
7079745f
697a5f65
21202970
6d26203d
79745f70
625f6570
226c6f6f
202c2929
6f762828
73296469
6f657a69
68632866
315b7261
32202d20
21202a20
6d262828
79745f70
7a5f6570
20297069
26203d21
745f706d
5f657079
29746e69
2c29295d
28282820
5f706d26
65707974
70697a5f
3d212029
706d2620
7079745f
6e695f65
3f202974
6f762820
30296469
5f203a20
7373615f
5f747265
636e7566
2e222820
2e2e2f2e
63696d2f
79706f72
6e6f6874
2f79702f
7a6a626f
632e7069
35202c22
5f202c31
6e75665f
2c5f5f63
26282220
745f706d
5f657079
2970697a
203d2120
5f706d26
65707974
746e695f
2c292922
76282820
2964696f
657a6973
6328666f
5b726168
202d2031
202a2032
26282821
745f706d
5f657079
2970697a
203d2120
5f706d26
65707974
7274735f
29295d29
2828202c
706d2628
7079745f
697a5f65
21202970
6d26203d
79745f70
735f6570
20297274
7628203f
2964696f
203a2030
73615f5f
74726573
6e75665f
22282063
2e2f2e2e
696d2f2e
706f7263
6f687479
79702f6e
6a626f2f
2e70697a
202c2263
202c3135
75665f5f
5f5f636e
2822202c
5f706d26
65707974
70697a5f
3d212029
706d2620
7079745f
74735f65
29292272
2828202c
64696f76
7a697329
28666f65
72616863
2d20315b
2a203220
28282120
5f706d26
65707974
70697a5f
3d212029
706d2620
7079745f
6f4e5f65
7954656e
5d296570
202c2929
26282828
745f706d
5f657079
2970697a
203d2120
5f706d26
65707974
6e6f4e5f
70795465
3f202965
6f762820
30296469
5f203a20
7373615f
5f747265
636e7566
2e222820
2e2e2f2e
63696d2f
79706f72
6e6f6874
2f79702f
7a6a626f
632e7069
35202c22
5f202c31
6e75665f
2c5f5f63
26282220
745f706d
5f657079
2970697a
203d2120
5f706d26
65707974
6e6f4e5f
70795465
29292265
2931202c
20262620
20293128
28202626
6f5f706d
695f6a62
626f5f73
6573286a
695f666c
2620296e
28282026
5f706d28
5f6a626f
65736162
2a20745f
76282829
2064696f
7328292a
5f666c65
29296e69
743e2d29
20657079
28203d3d
5f706d26
65707974
70697a5f
29292929
6a626f00
20746365
20746f6e
73206e69
65757165
0065636e
65727473
6f206d61
61726570
6e6f6974
746f6e20
70757320
74726f70
62006465
74206461
63657079
0065646f
2e2f2e2e
696d2f2e
706f7263
6f687479
79702f6e
6975622f
6e69746c
6f706d69
632e7472
61766500
7461756c
65725f65
6974616c
695f6576
726f706d
75630074
6e657272
6f6d5f74
656c7564
6d616e5f
626f5f65
3d21206a
5f504d20
5f4a424f
4c4c554e
6e616300
70207427
6f667265
72206d72
74616c65
20657669
6f706d69
6d007472
6c75646f
6f6e2065
6f662074
00646e75
695f5f2f
5f74696e
79702e5f
72662e00
6e657a6f
2e2e002f
2f2e2e2f
7263696d
7479706f
2f6e6f68
6d2f7970
7562646f
69746c69
632e736e
5f706d00
6c697562
5f6e6974
75625f5f
5f646c69
73616c63
005f5f73
3d3c2032
615f6e20
00736772
28726863
72612029
6f6e2067
6e692074
6e617220
32286567
00293635
2064726f
65707865
20737463
68632061
63617261
00726574
72612d33
6f702067
20292877
20746f6e
70707573
6574726f
756d0064
75207473
6b206573
6f777965
61206472
6d756772
20746e65
20726f66
2079656b
636e7566
6e6f6974
342e3300
203b302e
7263694d
7479506f
206e6f68
322e3176
2d302e39
76657270
2e776569
2e373237
65643767
61613233
20656131
32206e6f
2d363230
312d3830
6f6c0038
206c6163
69726176
656c6261
66657220
6e657265
20646563
6f666562
61206572
67697373
6e656d6e
2e2e0074
2f2e2e2f
7263696d
7479706f
2f6e6f68
762f7970
00632e6d
655f706d
75636578
625f6574
63657479
0065646f
6f5f706d
695f6a62
78655f73
74706563
5f6e6f69
74736e69
65636e61
504f5428
00292928
5f637865
3e207073
7865203d
74735f63
006b6361
5b707326
205d312d
4d203d3d
41545f50
52545047
5254505f
63786528
2d70735f
6c61763e
2970735f
5b707300
205d312d
6d203d3d
6f635f70
5f74736e
656e6f6e
207c7c20
6f5f706d
695f6a62
78655f73
74706563
5f6e6f69
74736e69
65636e61
5b707328
295d312d
63786500
2070735f
65203d3d
735f6378
6b636174
31202d20
206f6e00
69746361
65206576
70656378
6e6f6974
206f7420
61726572
00657369
5f746572
646e696b
203d3d20
565f504d
45525f4d
4e525554
4358455f
49545045
21004e4f
6f5f706d
655f6a62
70656378
6e6f6974
74616d5f
72286863
765f7465
65756c61
504d202c
4a424f5f
4f52465f
54505f4d
6d262852
79745f70
535f6570
49706f74
61726574
6e6f6974
6f002929
646f6370
75660065
6974636e
67206e6f
6d20746f
69746c75
20656c70
756c6176
66207365
6120726f
6d756772
20746e65
27712527
656e7500
63657078
20646574
7779656b
2064726f
75677261
746e656d
6e756600
6f697463
696d206e
6e697373
65722067
72697571
70206465
7469736f
616e6f69
7261206c
656d7567
2320746e
66006425
74636e75
206e6f69
7373696d
20676e69
75716572
64657269
79656b20
64726f77
67726120
6e656d75
25272074
66002771
74636e75
206e6f69
7373696d
20676e69
7779656b
2d64726f
796c6e6f
67726120
6e656d75
250a0074
73410073
74726573
206e6f69
27732527
69616620
2c64656c
20746120
656c6966
3a732520
000a6425
20202020
08080800
5b1b0008
2e007525
2e2e2f2e
63696d2f
79706f72
6e6f6874
6168732f
2f646572
64616572
656e696c
6165722f
6e696c64
00632e65
685f706d
6d5f6c61
5f65766f
73727563
625f726f
006b6361
736e7528
656e6769
206e2964
6973203c
666f657a
31747628
635f3030
616d6d6f
0029646e
004b5b1b
20776172
4c504552
5443203b
422d4c52
206f7420
74697865
4f000a0d
203b004b
696e696d
206c616d
68746977
6b6e7520
6e776f6e
7570632d
700a0d00
65747361
646f6d20
43203b65
2d6c7274
6f742043
6e616320
2c6c6563
72744320
20442d6c
66206f74
73696e69
3d0a0d68
00203d3d
6c756f63
6f6e2064
69662074
6d20646e
6c75646f
25272065
000a2773
04000152
3e3e3e00
2e2e0020
6600202e
657a6f72
7365746e
79702e74
61006900
6e6f6c20
74732067
676e6972
61687420
73692074
746f6e20
746e6920
656e7265
20610064
69727473
7420676e
20746168
20736168
63696e75
2065646f
b2ceb1ce
6320b3ce
73726168
74796200
31207365
01343332
07000000
01010101
09080108
0b08090b
0708080b
0a080708
0c080708
0f070b08
080d0e0e
0b0d0908
11080a10
08090b0b
0c0d0713
090a0b0d
0303110a
04040603
05080908
050b0308
05040505
03060304
06040408
030a0604
04070707
03060502
070a0707
05070a07
04030404
06060403
03040605
0406040b
03070303
08040505
04070608
05060507
04040606
0a070303
05050604
04040c0a
05030503
04050805
05050506
0a030506
090a0809
060c0807
08080606
07060606
00000000
00000000
0000000a
000000b7
00429d81
00429d80
00429d80
00421d00
00429c99
00429c07
0042298d
00429858
00421d08
0042214b
00421d11
00421d1a
00421d24
00421d30
00421d3a
00421d43
00421d4f
00421d5b
00421d64
00421d6d
00421d75
00421d7e
00421d86
00421d8f
00421d9a
00421da3
00421dab
00421db4
00421dc1
00421dca
00421dd6
00421dde
00421dee
00421dfd
0042395c
00421e0c
00421e15
00423960
0042537e
00421e1e
00421e2a
00421e3b
00421e46
00421e4f
00421e61
00421e6d
00421e79
00421e83
00421e8c
00421ea0
00421ea8
00421eb6
00423932
00421ec3
00421ecf
00421eda
00421ee4
00421eef
00421f01
00423b44
00421f05
00425485
004229aa
00421f09
00421f0e
00421f17
004234e8
004239d0
004237f1
00421f21
00429372
0042432e
00421f25
00421f2b
00423dd8
004237ac
0042386f
00421f31
00421f35
00421c9c
00421f3c
00421f45
00421f4a
00426822
00422019
00421f4f
00421f56
00423d85
00421f61
00421f69
00421f71
00421f79
004229cd
00428be7
004277b2
004239e7
00421f7e
00421f86
00421f8e
00421f99
00421fa1
00421fa9
00421fb4
00424766
00423153
00421fbc
00421fc1
00424771
00423cc8
00426818
00421fc5
00421fcc
00421f9b
00421fd3
00421fda
00421fdf
00421fe3
00423e79
004283f7
00421fef
00421ff4
0042642c
00424bb3
00421ff8
0042433e
0042860e
00421ffc
00422001
0042200a
00425c63
00428683
00422013
00427b97
00422018
0042201e
00422025
0042202b
00422032
0042302c
00422039
0042203e
00422042
00422046
0042204e
00425871
00422059
0042202c
00422060
00422066
00422071
0042837a
0042207e
00422248
00428447
00422083
00422087
0042208d
00422093
0042209c
004290da
00423e1b
00421fb6
004220a2
004220a8
0042477b
004220ae
004220b4
004220b8
004220c3
004220cd
004220d6
004220e1
004220eb
004220f3
004220fc
00422109
00422110
00422117
0042211e
00422127
00422130
00422137
0042213e
00422145
0f080707
0d0e080a
090c0303
08050907
080e0309
07030606
0403060f
05050c07
00000005
00429e38
800000b7
0000000a
00000021
0042a128
0042214d
00422155
0042215d
00429888
00422166
00422171
0042217a
00422189
00422197
0042219b
0042219f
004221ac
0042342c
004221b6
004221c0
0042309d
00425344
004221c6
004221ca
004238b8
00423e68
004221d9
004221e0
004221e4
00423c1d
0042542d
004221ed
004221ec
004221f1
004221f9
00422206
0042220c
00422212
004028dc
00402838
00402be4
0040299c
00402be4
004028dc
00402be4
00402be4
004028dc
00000000
00401f6c
20202020
20202020
20202020
20202020
30303030
30303030
30303030
30303030
3030305f
0030302c
00000000
00000000
03030303
00000003
00000000
00000000
00000000
03000000
01010101
01010101
01010101
45010101
45454545
45454545
01010145
01010101
59595959
19195959
19191919
19191919
19191919
19191919
01011919
01010101
69696969
29296969
29292929
29292929
29292929
29292929
01012929
00000101
00403208
00403304
00403304
00403304
004032dc
00403304
004032e4
00403248
004032ec
00403304
00403268
0042235b
00429152
00422361
00422366
00422370
00422374
00422377
0042237e
0042931d
00422384
0042271c
0042238d
00422391
00422396
00422e98
00422e2c
00423089
00422c6b
00422d13
00422393
0042982c
00423893
00422fb4
0042239b
00422d50
004223a2
0042308a
0042327d
00429a8a
004223a6
004223ad
004223b1
00421f40
004223b7
54535251
5a575655
312f5830
32473a34
3e483b35
3c50434b
5c4a3d49
44374639
4d404e41
45384f42
335b4c3f
004046c4
00404738
004046f4
00404710
004046e0
a8623261
22332233
22212121
24222221
26232222
24242725
a4a46232
31223131
31313122
62313131
23236262
22232323
a5233333
62620022
21621213
62123224
22631333
13332223
61222262
13186212
12623262
151d2312
12126262
32631362
62622212
31313133
24321862
62246312
31632332
64126262
12241211
22221912
15121221
32111312
62121c62
33621212
62123313
63332212
22221333
a5121262
00221223
0c040201
1412100e
19171615
221e1c1a
2f292624
433f3b34
4e4a4644
56545250
5e5c5a58
66646260
706d6a68
7b797673
87827f7d
8d8b8900
95949290
9e9c9a99
a8a6a3a0
b2afadab
b9b8b6b4
c8c5bdbb
cfcdcbca
e6e1d4d1
eeeceae8
f7f6f3f0
fffdfbf9
07050301
16121109
211f1b18
2a282522
34302e2c
3d3b3735
4c4a483f
56514f4d
5d5c5b58
6f6d6b5f
77757371
807e7c7a
89868482
92908e8b
9d989694
3001a2a0
203d2039
1017203e
10511007
10523040
1058303f
204e2076
2006105a
2054304f
10181057
10282091
10161014
3031102a
10292034
10213058
101e2065
1021205b
101f205d
10252067
10132067
30682079
20781020
20761058
3072306a
2078102c
20761058
101d3072
10222091
10582031
30722076
1058102b
206c2076
2073102d
20761058
201c204c
1024307a
10583046
10242079
10583046
201d207b
207c1027
10261011
2021207c
103e207d
20222021
20231037
20241038
20251039
20262081
20842082
20852083
20862084
20893088
10513087
1052308a
308b1053
10551054
10563093
30981051
10531052
10542030
10071059
10572079
10572079
10582079
10152079
30971007
20761058
30a1102e
20791058
2079105b
204d1004
10042069
2031204c
1004303b
2066103f
1004302d
2033203c
105c2003
20412079
20421057
20442043
30361007
103e3037
10433045
30361007
30361007
10572047
20492048
1007204a
103e3037
1043304b
10071007
204d2069
10042004
20082007
205a2057
20112010
20052012
20502055
20562051
20522053
2053105b
20062034
20792020
20791058
10493052
104b104a
104e104c
1046104f
10451044
10481047
104d1050
200a2009
200d200b
2079200c
101e3059
200e2079
2066200f
205f205c
103e3066
2064205e
20641051
20601052
100c1059
30631007
30632066
10071012
10572061
10572062
10591007
10571007
20791057
20142013
20162015
20032017
20022033
1019206b
10582078
206d2076
20702071
30713072
306f101b
20761058
30632079
101c206e
20761058
1058101a
20742076
20791057
10123075
20772021
1004204d
20181005
20791006
2019201a
201c1020
2079101a
201c201b
201f201e
10321031
10341033
10361035
207e1022
1026207f
10231022
10263080
103b103a
103d103c
103f103e
10421041
20271040
103c2028
1030103d
20902029
20841043
10081007
100a1009
100c100b
100f100e
202a100d
202c202b
208b2034
308d208c
20782020
208e209f
308f1057
1057208c
202e202d
2092202f
20201057
20322021
209f3094
10572095
20323096
10511057
10523098
10572099
209b209a
103e209c
10432079
20792079
209f309d
209f2037
101d20a0
10222091
309e201c
207b1020
20a2309e
101e2031
00072079
aaa6a9a8
000000a7
00408904
004088e0
004088e8
004089fc
004089fc
004089fc
00408900
004088e0
004088e8
0040610c
0040610c
00406194
00406420
0040610c
00406460
00406730
004067a8
0040610c
004067c0
004067c0
00406868
004068b8
004068ec
00406978
00406990
00406c84
00406c84
00406e60
00406f38
0040712c
00407260
004074dc
00407604
0040610c
00407684
00407790
00407790
00407804
00407804
004078c4
004078fc
00407b70
00407b80
00407b80
00407b80
00407c18
00407c18
00407c18
00407cbc
00407d4c
00407d80
00407fe4
00408080
00408164
004083e8
004083fc
00408434
00406730
00406730
0040844c
00408490
004084d0
004085ac
0040b768
0040b85c
0040bb58
0040bbe4
0040bc30
0040bc4c
0040d028
0040d044
0040cf7c
0040d0ac
0040d01c
0040d0ac
0040d028
0040d040
0040d028
0040d4e8
0040d4e0
0040d4f0
0040d4d0
0040d4d8
0040d4f0
0040d4f0
0040d4f0
0040d4f0
0040d2f4
0040d3b4
0040d3c4
0040d3cc
0040d378
0040d3bc
0040d3ac
0040d2fc
0040d4f0
0040d390
0040d4f0
0040d414
0040d31c
0040d2f4
0040d3b4
0040d3c4
0040d3cc
0040d378
0040d3bc
0040d3ac
0040d2fc
0040d4f0
0040d390
0040d4f0
0040d414
0040d31c
0040d478
0042b2cc
0042c1d4
00020000
00060004
000a0008
0011000c
001d0017
002f0025
0049003b
007f0061
00df00a7
01850125
02b30209
04c70397
0871065b
12df0c9d
2a6d1c4b
5f573f91
d67b8eff
00000000
0042b124
0042b580
0042b124
00000000
0042b124
0042b33c
0042b124
00000000
0042b124
0042b580
0042b124
00000000
0042b124
0042aaa0
0042b124
0042b008
00410a04
0042b6a4
003e0008
03000201
00000004
00000000
00410a90
00410af4
00410b1c
00410b4c
0042b6a4
00c10000
02010000
00000003
00000000
00410c84
00410cac
00410cd4
0042b6a4
00010000
00000000
00000000
00000000
0042b6a4
00c30020
00010000
00000000
00000000
00410d8c
0042ab20
00000006
00000000
00000000
0042b6a4
004b0000
03000201
06050004
07000000
00410f7c
00411424
00411524
00411568
00411668
004116f8
0042abd0
0042b6a4
00ca0080
00000000
01000000
00000000
00411a68
00000232
0042abe0
0000024a
0042abe8
000002b2
0042abf0
00000332
0042abfc
00000352
0042ac04
000003c2
0042ac0c
000003ca
0042ac18
00000472
0042ac20
000004fa
0042ac2c
0000051a
0042ac38
0000007a
0042b744
000000e2
0042b74c
0000005a
0042b754
0042ab20
0000006f
0000000d
0042ab68
0042b008
00411b1c
0042b008
00411310
0042b050
00040006
00411ba8
0042b008
00411bb4
0042b008
00411eb4
0042b050
00040006
00411ec0
0042b008
00411ecc
0042b050
00040006
00411fe8
0042b050
0003ffff
00411094
0042b008
00411ff4
0042b6a4
00c40000
02000100
04000003
00000000
00411c58
00411d88
00411df0
00411e48
00424761
0042476c
00424776
0042b6a4
00210000
00000201
00000300
00000000
00412074
0041215c
00412330
0042b6a4
00350000
00000201
00000300
00040000
00412074
0041215c
00412330
0042ac70
0042b6a4
002a0000
00000201
00000300
00040000
00412074
0041215c
00412330
0042ac70
0042b6a4
00250000
00000201
00000300
00040000
00412074
0041215c
00412330
0042ac70
0042b6a4
00240000
00000201
00000300
00040000
00412074
0041215c
00412330
0042ac70
0042b6a4
00330000
00000201
00000300
00040000
00412074
0041215c
00412330
0042acfc
0042b6a4
001e0000
00000201
00000300
00040000
00412074
0041215c
00412330
0042acfc
0042b6a4
00310000
00000201
00000300
00040000
00412074
0041215c
00412330
0042ad44
0042b6a4
00380000
00000201
00000300
00040000
00412074
0041215c
00412330
0042ad44
0042b6a4
001f0000
00000201
00000300
00040000
00412074
0041215c
00412330
0042acfc
0042b6a4
00200000
00000201
00000300
00040000
00412074
0041215c
00412330
0042acfc
0042b6a4
00220000
00000201
00000300
00040000
00412074
0041215c
00412330
0042acfc
0042b6a4
00260000
00000201
00000300
00040000
00412074
0041215c
00412330
0042acfc
0042b6a4
002b0000
00000201
00000300
00040000
00412074
0041215c
00412330
0042acfc
0042b6a4
00280000
00000201
00000300
00040000
00412074
0041215c
00412330
0042ae40
0042b6a4
00290000
00000201
00000300
00040000
00412074
0041215c
00412330
0042ae40
0042b6a4
002c0000
00000201
00000300
00040000
00412074
0041215c
00412330
0042acfc
0042b6a4
002d0000
00000201
00000300
00040000
00412074
0041215c
00412330
0042acfc
0042b6a4
00300000
00000201
00000300
00040000
00412074
0041215c
00412330
0042acfc
0042b6a4
00320000
00000201
00000300
00040000
00412074
0041215c
00412330
0042acfc
0042b6a4
002f0000
00000201
00000300
00040000
00412074
0041215c
00412330
0042af18
0042b6a4
00340000
00000201
00000300
00040000
00412074
0041215c
00412330
0042acfc
0042b6a4
00270000
00000201
00000300
00040000
00412074
0041215c
00412330
0042af60
0042b6a4
00360000
00000201
00000300
00040000
00412074
0041215c
00412330
0042acfc
0042b6a4
00370000
00000201
00000300
00040000
00412074
0041215c
00412330
0042acfc
0042b6a4
00c60060
00010000
00000000
00000000
00412b34
0042b6a4
00c60060
00010000
00000000
00000000
00412ba8
0042b6a4
00c60060
00010000
00000000
00000000
00412c34
0042b6a4
00c60060
00010000
00000000
00000000
00412cc4
0042b6a4
00c60060
00010000
00000000
00000000
00412d58
0042b6a4
00c60020
00010000
00000000
00000000
00412ea4
0042acd8
00000000
00000000
0042b5f8
0042b6a4
00c70020
00010000
00000000
00000000
004131cc
0042b6a4
00c70080
00000100
02000000
03000000
00413458
004134ac
0042b0e0
0000023a
0042b0f0
00000452
0042b0f8
000004da
0042b100
0042ab20
0000001f
00000003
0042b0c8
0042b008
00413538
0042b020
004135c8
0042b050
00040008
004135d8
0042b6a4
00ca0080
00000000
01000000
00000000
00413634
0042b6a4
005e0000
03000201
00000004
05000000
00413c4c
004136cc
00413a0c
00413a14
0042b15c
000002aa
0042b16c
000004e2
0042b174
0042ab20
00000017
00000002
0042b14c
0042b710
0042b180
0042b050
0003ffff
00413de8
0042b050
00040008
00413d24
000200cb
00000001
000300c2
000005fa
020100d0
00000000
02030069
00000006
02010083
00000000
0042b6a4
006c0000
03000201
06050004
07000000
00413e8c
004145c0
0041467c
004146bc
00414884
0041492c
0042b23c
000001e2
0042b24c
00000232
0042b254
0000024a
0042b25c
00000252
0042b264
00000292
0042b26c
000002e2
0042b274
000002ea
0042b280
000003c2
0042b288
00000402
0042b294
0000041a
0042b29c
0000047a
0042b2a4
0042ab20
0000005f
0000000b
0042b1e4
0042b020
0041402c
0042b008
00414be0
0042b008
00414c70
0042b020
00414cc8
0042b020
00414a8c
0042b050
00040008
0041442c
0042b038
00414d20
0042b050
00020004
0041448c
0042b020
004143ac
0042b008
00414e0c
0042b050
0003ffff
00414104
0042b6a4
00720080
00000001
02000000
00000000
00414eb8
00414f7c
0042b6a4
00cc0000
00000100
00000200
00000000
00415088
004150f0
000001fa
0042bcd0
0000068a
0042bd00
000000aa
0042aa0c
0000001f
00000003
0042b2e8
0042b6a4
00750000
00000001
00000000
00000000
004152c0
0042b6a4
00ca0080
00000000
01000000
00000000
00415300
0042b6a4
002e0000
00000100
00000000
00000000
00415308
0042b6a4
007c0000
03000201
05040000
00000000
00415318
004153f4
00415478
004154e0
00415570
0042b6a4
00ca0080
00000000
01000000
00000000
0041559c
0042b6a4
00010000
00000100
00000000
00000000
004155dc
0042b394
00000023
00416eec
00417090
00416fe4
00416f3c
00416f3c
00416f3c
004171a8
004171a8
004171a8
004171a8
004171a8
004171a8
00416fe4
00417070
0042b020
00415eb4
0042b050
00020006
00416100
0042b050
00020006
00416468
0042b050
00040008
004166c0
0042b050
00040008
004166d0
0042b050
00040008
004166e0
0042b050
00040008
004166f0
0042b050
00040008
00416700
0042b050
00040008
0041670c
0042b050
00020004
00416718
0042b050
00020004
00416734
0042b050
00020004
00416748
0042b050
0003ffff
00416764
0042b050
00060008
00417200
0042b008
00417558
0042b008
00417574
0042b008
00417590
0042b008
00417624
0042b008
004176b8
0042b008
0041774c
0042b008
00417820
0000029a
0042b40c
00000422
0042b418
000002e2
0042b424
0000042a
0042b430
00000342
0042b3ec
0000048a
0042b3f4
0000043a
0042b400
0000049a
0042b43c
0000027a
0042b448
000004c2
0042b454
00000382
0042b460
00000442
0042b46c
000002a2
0042b478
0000040a
0042b484
0000037a
0042b490
00000502
0042b498
0000031a
0042b4a0
000002fa
0042b4a8
00000302
0042b4b0
0000032a
0042b4b8
00000312
0042b4c0
0042ab20
000000af
00000015
0042b4c8
0042b6a4
00970000
00000201
05040003
07000006
004157f4
004179ac
00415ba4
00417ab0
00417b88
004178f4
0042b570
0042b6a4
00420000
00000201
05040003
07000006
00417bb0
004179ac
00415ba4
00417ab0
00417de0
004178f4
0042b570
0042b5b0
00000000
00000000
00429d80
0d0a0920
00000c0b
0042b600
00000000
0042b6a4
009d0000
03000201
06050004
07000000
00418fa0
00418a50
00418b20
00418bf0
00418f48
004190ec
0042b640
00000252
0042b650
000002e2
0042b658
0042ab20
00000017
00000002
0042b630
0042b020
00419148
0042b050
00040008
004191a0
0042b050
0003ffff
00419200
00000000
001014ac
00000012
b3aeb0b4
0000b5af
00000000
b2b10000
00000000
00000000
ab000000
000000b6
00000000
000000ad
0042b6a4
009e0000
00030201
00000400
00000000
004196a8
00419a5c
00419a70
00419aa0
0042b6a4
009a0000
00000201
00000300
00000000
00419bf4
00419c98
00419d20
0042b020
00419f04
0042b020
00419f3c
0042b6a4
00940000
00000001
00000000
00000000
00419fc4
0042b6a4
00450000
00000001
00000000
00000000
00419fc4
0042b6a4
00a50080
00000001
02000000
00000000
0041aaf0
0041ab98
0042b020
0041ac7c
0042b038
0041accc
0042b020
0041ad28
0042b020
0041ad78
0042b050
00020004
0041b37c
0042b050
00020004
0041b388
0042b050
00040008
0041b3e0
0042b050
00040008
0041b3ec
0042b050
00040006
0041b3f8
0042b050
00040006
0041b404
0042b050
00020004
0041b410
0042b008
0041b544
0042b008
0041b5fc
0042b050
00080008
0041b650
0042b050
00040006
0041b674
0042b008
0041b748
0042b008
0041b780
0042b050
00040006
0041b7d4
0041bc20
0041bc2c
0041bc2c
0041bc2c
0041bc2c
0041bc2c
0041bc08
0041bbe0
0041bc2c
0041bc2c
0041bbe0
0041bc2c
0041bc2c
0041bbe0
0041bbe0
0041bbfc
0041bc2c
0041bbe0
0041bc20
0041bc2c
0041bbfc
0041bc08
0041bbe0
0041bc2c
0041bc08
0041bbe0
0041bc2c
0041bc2c
0041bbe0
0041bc2c
0041bc2c
0041bc2c
0041bc2c
0041bbfc
0041bc20
0041bc2c
0041bc2c
0041bc2c
0041bc2c
0041bc2c
0041bbf4
0041bbbc
0041bc2c
0041bc2c
0041bbbc
0041bc2c
0041bc2c
0041bbbc
0041bbbc
0041bbec
0041bc2c
0041bbbc
0041bc20
0041bc2c
0041bbec
0041bbf4
0041bbbc
0041bc2c
0041bbf4
0041bbbc
0041bc2c
0041bc2c
0041bbbc
0041bc2c
0041bc2c
0041bc2c
0041bc2c
0041bbec
0041bcdc
0041bd10
0041bd10
0041bd10
0041bd10
0041bd10
0041bcf8
0041bc74
0041bd10
0041bd10
0041bc74
0041bd10
0041bd10
0041bce8
0041bcc0
0042b050
0002000a
0041c188
0042b050
00020006
0041c8fc
0042b050
00020006
0041c908
0042b050
0005fffe
0041ca18
0042b008
0041cb28
0042b008
0041cb38
0042b008
0041cb8c
0042b008
0041cbe0
0042b008
0041cc14
0042b008
0041cc40
0042b020
0041cc88
0042b008
0041cca4
0042b008
0041ccb4
0042b008
0041cce8
0042b008
0041ccf4
0042b008
0041cd24
0042b008
0041cd58
0042b050
00040006
0041cda0
0042b050
0001ffff
0041cdd8
0042b008
0041cef0
0042b008
0041cf48
0042b050
00020004
0041cf9c
0042b050
00020004
0041d008
0042b050
0003ffff
0041d088
0042b050
00040006
0041d0f8
0042b038
0041d188
0042b020
0041d1d8
0042aff0
0041d230
0042aff0
0041d23c
0042b008
0041090c
0042b008
00410934
000000ba
000001fa
000005d2
0042b96c
000005da
0042b948
000005ea
0042b9f8
000001f2
0042aaa0
00000212
0042b5b0
0000025a
0042ab20
000002f2
0042b124
00000362
0042b1b4
00000392
0042b2b0
000003aa
0042b30c
000003e2
0042b354
000004ba
0042b580
000004d2
0042b6c8
000004ea
0042b600
000004f2
0042b6a4
0000052a
0042b728
0000022a
0042b710
000004a2
0042b6f8
0000011a
0042b3ac
000001ca
0042b978
000001d2
0042b980
000001da
0042b988
00000602
0042b990
0000021a
0042b998
00000222
0042b9a0
0000026a
0042b9a8
00000282
0042b954
0000028a
0042b960
000002ba
0042ba2c
0000046a
0042ba38
000002c2
0042ba48
000002ca
0042ba40
000002d2
0042b9b0
00000642
0042b9b8
000002da
0042ba58
0000030a
0042b6f0
00000322
0042b6e8
0000033a
0042b9c0
0000035a
0042ba60
00000372
0042ba50
000003a2
0042b9c8
0000066a
0042b9d0
000003ba
0042b9d8
000003d2
0042b9e0
000003da
0042b9ec
00000412
0042ba00
00000432
0042ba08
00000482
0042ba20
000004ca
0042ba14
0000010a
0042ac70
000000f2
0042ad44
000000fa
0042adb0
00000102
0042add4
00000112
0042adf8
00000122
0042acfc
0000012a
0042acd8
00000132
0042ae1c
0000013a
0042af84
00000142
0042ae64
00000152
0042acb4
0000014a
0042ae88
0000015a
0042ae40
00000162
0042aeac
0000016a
0042aed0
0000017a
0042af3c
00000182
0042aef4
0000018a
0042ad68
00000192
0042af18
0000019a
0042ad20
000001a2
0042af60
000001aa
0042ac90
000001b2
0042afa8
000001ba
0042afcc
000001c2
0042ad8c
0042ab20
0000025f
0000004b
0042ba68
0042b2cc
0042bcc0
0203008b
00000022
0203004e
0000001a
0042b050
00000002
0041d248
0042b050
00020004
0041d27c
0042b2cc
0042bd38
000000ba
0000068a
0000069a
0042bd48
000006a2
0042bd58
0000064a
0042bd7c
00000612
0000036a
0000067a
0042bcf4
0042ab20
00000037
00000006
0042bd08
0042b580
00000000
00000040
0042991d
0042b600
00000003
00000007
00000009
00000001
0042b580
00000000
00000018
00429ca0
0042b600
00000003
0000039a
0042bd90
0042bd6c
0042b600
00000004
00000003
0000003b
00000001
00000672
0041d950
0041d9c8
0041d894
0041d794
0041da68
0041d81c
0041dba4
0041d65c
0041d858
0041d760
0041dae8
0041d594
0041d55c
0041df78
0041df78
0041df78
0041dbe0
0041d900
0041d984
0041db1c
0041dac0
0041ddb4
0041d698
0041dd20
0041d480
0041d624
0041d4e0
0041d7cc
0041d4b8
0041df78
0041df78
0041ddec
0041d5d4
0041d6cc
0041da1c
0041d718
0041deb0
0041d51c
0041db54
0041de60
0041df78
0041df78
0041df78
0041df78
0041df78
0041df78
0041df78
0041df78
0041d42c
0041df78
0041daa8
0041d414
0041d3fc
0041d610
0041d808
0041dc58
0041d3a0
0041d3a0
0041d8c8
0041da08
0041df78
0041df78
0041df78
0041df78
0041de54
0041d9fc
0041d3f0
0041d3b4
0041df3c
0041de34
0041d3d4
0041da60
0041dc40
0041e348
0041d3c0
0041dd98
0041dcb0
0041df04
0041df5c
0041dd58
0041df78
0041df78
0041dd7c
0041e424
0041e608
0041e658
0041e660
0041e8e0
0041d444
0041df48
6f706d69
00207472
004204f4
00420618
00420594
004205b8
00420580
00420730
00420744
004205f8
004206ac
00420744
00420744
00420730
004206ac
00420674
00420850
004208bc
00420834
004207f8
004206ac
004207f8
00420730
00421258
00421224
00421108
00421234
00421144
0d000052
00000801
0042a14c
800000d8
00000003
00000003
0042bf83
00429d1b
00429d29
00429d45
7a6f7266
65746e65
702e7473
00000079
0042bfc8
0042bfd4
0042bfe0
0042bfb8
000700d8
007b00da
000000d9
0042c028
0042c038
0042c048
27010e10
2a272727
10031126
59013402
00230311
11590134
34012303
03115901
01340223
22031159
159aefba
80590134
16574c42
11031104
59013404
8457e581
592f43d7
00006351
0042b580
0000c9f6
00000022
00429d2b
0042b580
000083c8
00000026
00429d4e
0042b5b0
00001b39
0000000b
00429d75
02020100
03030303
04040404
04040404
05050505
05050505
05050505
05050505
06060606
06060606
06060606
06060606
06060606
06060606
06060606
06060606
07070707
07070707
07070707
07070707
07070707
07070707
07070707
07070707
07070707
07070707
07070707
07070707
07070707
07070707
07070707
07070707
08080808
08080808
08080808
08080808
08080808
08080808
08080808
08080808
08080808
08080808
08080808
08080808
08080808
08080808
08080808
08080808
08080808
08080808
08080808
08080808
08080808
08080808
08080808
08080808
08080808
08080808
08080808
08080808
08080808
08080808
08080808
08080808
00000010
00000000
00527a03
01017c01
00020c1b
00000010
00000018
ffff54a0
0000042c
00000000
0042b580
00000000
00000000
00429d80
00000000
00000000
00000000
00000000
00000000
00000000
00000000
00000000
00000000
00000000
00000000
00000000
00000000
00000000
00000000
00000000
00000000
00000000
00000000
00000000
00000000
00000000
00000000
00000000
00000000
00000000
00000000
00000000
00000000
00000000
00000000
00000000
00000000
00000000
00000000
00000000
00000000
00000000
00000000
00000000
00000000
00000000
00000000
00000000
00000000
00000000
00000000
00000000
00000000
00000000
00000000
00000000
00000000
00000000
00000000
00000000
00000000
00000000
00000000
00000000
00000000
00000000
00000000
00000000
00000000
00000000
00000000
00000000
00000000
00000000
00000000
00000000
00000000
00000000
00000000
00000000
00000000
00000000
00000000
00000000
00000000
00000000
00000000
00000000
00000000
00000000
00000000
00000000
00000000
00000000
00000000
00000000
00000000
00000000
00000000
00000000
00000000
00000000
00000000
00000000
00000000
00000000
00000000
00000000
00000000
00000000
00000000
00000000
00000000
00000000
00000000
00000000
00000000
00000000
00000000
00000000
00000000
00000000
00000000
00000000
00000000
00000000
00000000
00000000
00000000
00000000
00000000
00000000
00000000
00000000
00000000
00000000
00000000
00000000
00000000
00000000
00000000
00000000
00000000
00000000
00000000
00000000
00000000
00000000
00000000
00000000
00000000
00000000
00000000
00000000
00000000
00000000
00000000
00000000
00000000
00000000
00000000
00000000
00000000
00000000
00000000
00000000
00000000
00000000
00000000
00000000
00000000
00000000
00000000
00000000
00000000
00000000
00000000
00000000
00000000
00000000
00000000
00000000
00000000
00000000
00000000
00000000
00000000
00000000
00000000
00000000
00000000
00000000
00000000
00000000
00000000
00000000
00000000
00000000
00000000
00000000
00000000
00000000
00000000
00000000
00000000
00000000
00000000
00000000
00000000
00000000
00000000
00000000
00000000
00000000
00000000
00000000
00000000
00000000
00000000
00000000
00000000
00000000
00000000
00000000
00000000
00000000
00000000
00000000
00000000
00000000
00000000
00000000
00000000
00000000
00000000
00000000
00000000
00000000
00000000
00000000
00000000
00000000
00000000
00000000
00000000
00000000
00000000
00000000
00000000
00000000
00000000
00000000
00000000
00000000
00000000
00000000
00000000
00000000
00000000
00000000
00000000
00000000
00000000
00000000
00000000
00000000
00000000
00000000
00000000
00000000
00000000
00000000
00000000
00000000
00000000
00000000
00000000
00000000
00000000
00000000
00000000
00000000
00000000
00000000
00000000
00000000
00000000
00000000
00000000
00000000
00000000
00000000
00000000
00000000
00000000
00000000
00000000
00000000
00000000
00000000
00000000
00000000
00000000
00000000
00000000
00000000
00000000
00000000
00000000
00000000
00000000
00000000
00000000
00000000
00000000
00000000
00000000
00000000
00000000
00000000
00000000
00000000
00000000
00000000
00000000
00000000
00000000
00000000
00000000
00000000
00000000
00000000
00000000
00000000
00000000
00000000
00000000
00000000
00000000
00000000
00000000
00000000
00000000
00000000
00000000
00000000
00000000
00000000
00000000
00000000
00000000
00000000
00000000
00000000
00000000
00000000
00000000
00000000
00000000
00000000
00000000
00000000
00000000
00000000
00000000
00000000
00000000
00000000
00000000
00000000
00000000
00000000
00000000
00000000
00000000
00000000
00000000
00000000
00000000
00000000
00000000
00000000
00000000
00000000
00000000
00000000
00000000
00000000
00000000
00000000
00000000
00000000
00000000
00000000
00000000
00000000
00000000
00000000
00000000
00000000
00000000
00000000
00000000
00000000
00000000
00000000
00000000
00000000
00000000
00000000
00000000
00000000
00000000
00000000
00000000
00000000
00000000
00000000
00000000
00000000
00000000
00000000
00000000
00000000
00000000
00000000
00000000
00000000
00000000
00000000
00000000
00000000
00000000
00000000
00000000
00000000
00000000
00000000
00000000
00000000
00000000
00000000
00000000
00000000
00000000
00000000
00000000
00000000
00000000
00000000
00000000
00000000
00000000
00000000
00000000
00000000
00000000
00000000
00000000
00000000
00000000
00000000
00000000
00000000
00000000
00000000
00000000
00000000
00000000
00000000
00000000
00000000
00000000
00000000
00000000
00000000
00000000
00000000
00000000
00000000
00000000
00000000
00000000
00000000
00000000
00000000
00000000
00000000
00000000
00000000
00000000
00000000
00000000
00000000
00000000
00000000
00000000
00000000
00000000
00000000
00000000
00000000
00000000
00000000
00000000
00000000
00000000
00000000
00000000
00000000
00000000
00000000
00000000
00000000
00000000
00000000
00000000
00000000
00000000
00000000
00000000
00000000
00000000
00000000
00000000
00000000
00000000
00000000
00000000
00000000
00000000
00000000
00000000
00000000
00000000
00000000
00000000
00000000
00000000
00000000
00000000
00000000
00000000
00000000
00000000
00000000
00000000
00000000
00000000
00000000
00000000
00000000
00000000
00000000
00000000
00000000
00000000
00000000
00000000
00000000
00000000
00000000
00000000
00000000
00000000
00000000
00000000
00000000
00000000
00000000
00000000
00000000
00000000
00000000
00000000
00000000
00000000
00000000
00000000
00000000
00000000
00000000
00000000
00000000
00000000
00000000
00000000
00000000
00000000
00000000
00000000
00000000
00000000
00000000
00000000
00000000
00000000
00000000
00000000
00000000
00000000
00000000
00000000
00000000
00000000
00000000
00000000
00000000
00000000
00000000
00000000
00000000
00000000
00000000
00000000
00000000
00000000
00000000
00000000
00000000
00000000
00000000
00000000
00000000
00000000
00000000
00000000
00000000
00000000
00000000
00000000
00000000
00000000
00000000
00000000
00000000
00000000
00000000
00000000
00000000
00000000
00000000
00000000
00000000
00000000
00000000
00000000
00000000
00000000
00000000
00000000
00000000
00000000
00000000
00000000
00000000
00000000
00000000
00000000
00000000
00000000
00000000
00000000
00000000
00000000
00000000
00000000
00000000
00000000
00000000
00000000
00000000
00000000
00000000
00000000
00000000
00000000
00000000
00000000
00000000
00000000
00000000
00000000
00000000
00000000
00000000
00000000
00000000
00000000
00000000
00000000
00000000
00000000
00000000
00000000
00000000
00000000
00000000
00000000
00000000
00000000
00000000
00000000
00000000
00000000
00000000
00000000
00000000
00000000
00000000
00000000
00000000
00000000
00000000
00000000
00000000
00000000
00000000
00000000
00000000
00000000
00000000
00000000
00000000
00000000
00000000
00000000
00000000
00000000
00000000
00000000
00000000
00000000
00000000
00000000
00000000
00000000
00000000
00000000
00000000
00000000
00000000
00000000
00000000
00000000
00000000
00000000
00000000
00000000
00000000
00000000
00000000
00000000
00000000
00000000
00000000
00000000
00000000
00000000
00000000
00000000
00000000
00000000
00000000
00000000
00000000
00000000
00000000
00000000
00000000
00000000
00000000
00000000
00000000
00000000
00000000
00000000
00000000
00000000
00000000
00000000
00000000
00000000
00000000
00000000
00000000
00000000
00000000
00000000
00000000
00000000
00000000
00000000
00000000
00000000
00000000
00000000
00000000
00000000
00000000
00000000
00000000
00000000
00000000
00000000
00000000
00000000
00000000
00000000
00000000
00000000
00000000
00000000
00000000
00000000
00000000
00000000
00000000
00000000
00000000
00000000
00000000
00000000
00000000
00000000
00000000
00000000
00000000
00000000
00000000
00000000
00000000
00000000
00000000
00000000
00000000
00000000
00000000
00000000
00000000
00000000
00000000
00000000
00000000
00000000
00000000
00000000
00000000
00000000
00000000
00000000
00000000
00000000
00000000
00000000
00000000
00000000
00000000
00000000
00000000
00000000
00000000
00000000
00000000
00000000
00000000
00000000
00000000
00000000
00000000
00000000
00000000
00000000
00000000
00000000
00000000
00000000
00000000
00000000
00000000
00000000
00000000
00000000
00000000
00000000
00000000
00000000
00000000
00000000
00000000
00000000
00000000
00000000
00000000
00000000
00000000
00000000
00000000
00000000
00000000
00000000
00000000
00000000
00000000
00000000
00000000
00000000
00000000
00000000
00000000
00000000
00000000
00000000
00000000
00000000
00000000
00000000
00000000
00000000
00000000
00000000
00000000
00000000
00000000
00000000
00000000
00000000
00000000
00000000
00000000
00000000
00000000
00000000
00000000
00000000
00000000
00000000
00000000
00000000
00000000
00000000
00000000
00000000
00000000
00000000
00000000
00000000
00000000
00000000
00000000
00000000
00000000
00000000
00000000
00000000
00000000
00000000
00000000
00000000
00000000
00000000
00000000
00000000
00000000
00000000
00000000
00000000
00000000
00000000
00000000
00000000
00000000
00000000
00000000
00000000
00000000
00000000
00000000
00000000
00000000
00000000
00000000
00000000
00000000
00000000
00000000
00000000
00000000
00000000
00000000
00000000
00000000
00000000
00000000
00000000
00000000
00000000
00000000
00000000
00000000
00000000
00000000
00000000
00000000
00000000
00000000
00000000
00000000
00000000
00000000
00000000
00000000
00000000
00000000
00000000
00000000
00000000
00000000
00000000
00000000
00000000
00000000
00000000
00000000
00000000
00000000
00000000
00000000
00000000
00000000
00000000
00000000
00000000
00000000
00000000
00000000
00000000
00000000
00000000
00000000
00000000
00000000
00000000
00000000
00000000
00000000
00000000
00000000
00000000
00000000
00000000
00000000
00000000
00000000
00000000
00000000
00000000
00000000
00000000
00000000
00000000
00000000
00000000
00000000
00000000
00000000
00000000
00000000
00000000
00000000
00000000
00000000
00000000
00000000
00000000
00000000
00000000
00000000
00000000
00000000
00000000
00000000
00000000
00000000
00000000
00000000
00000000
00000000
00000000
00000000
00000000
00000000
00000000
00000000
00000000
00000000
00000000
00000000
00000000
00000000
00000000
00000000
00000000
00000000
00000000
00000000
00000000
00000000
00000000
00000000
00000000
00000000
00000000
00000000
00000000
00000000
00000000
00000000
00000000
00000000
00000000
00000000
00000000
00000000
00000000
00000000
00000000
00000000
00000000
00000000
00000000
00000000
00000000
00000000
00000000
00000000
00000000
00000000
00000000
00000000
00000000
00000000
00000000
00000000
00000000
00000000
00000000
00000000
00000000
00000000
00000000
00000000
00000000
00000000
00000000
00000000
00000000
00000000
00000000
00000000
00000000
00000000
00000000
00000000
00000000
00000000
00000000
00000000
00000000
00000000
00000000
00000000
00000000
00000000
00000000
00000000
00000000
00000000
00000000
00000000
00000000
00000000
00000000
00000000
00000000
00000000
00000000
00000000
00000000
00000000
00000000
00000000
00000000
00000000
00000000
00000000
00000000
00000000
00000000
00000000
00000000
00000000
00000000
00000000
00000000
00000000
00000000
00000000
00000000
00000000
00000000
00000000
00000000
00000000
00000000
00000000
00000000
00000000
00000000
00000000
00000000
00000000
00000000
00000000
00000000
00000000
00000000
00000000
00000000
00000000
00000000
00000000
00000000
00000000
00000000
00000000
00000000
00000000
00000000
00000000
00000000
00000000
00000000
00000000
00000000
00000000
00000000
00000000
00000000
00000000
00000000
00000000
00000000
00000000
00000000
00000000
00000000
00000000
00000000
00000000
00000000
00000000
00000000
00000000
00000000
00000000
00000000
00000000
00000000
00000000
00000000
00000000
00000000
00000000
00000000
00000000
00000000
00000000
00000000
00000000
00000000
00000000
00000000
00000000
00000000
00000000
00000000
00000000
00000000
00000000
00000000
00000000
00000000
00000000
00000000
00000000
00000000
00000000
00000000
00000000
00000000
00000000
00000000
00000000
00000000
00000000
00000000
00000000
00000000
00000000
00000000
00000000
00000000
00000000
00000000
00000000
00000000
00000000
00000000
00000000
00000000
00000000
00000000
00000000
00000000
00000000
00000000
00000000
00000000
00000000
00000000
00000000
00000000
00000000
00000000
00000000
00000000
00000000
00000000
00000000
00000000
00000000
00000000
00000000
00000000
00000000
00000000
00000000
00000000
00000000
00000000
00000000
00000000
00000000
00000000
00000000
00000000
00000000
00000000
00000000
00000000
00000000
00000000
00000000
00000000
00000000
00000000
00000000
00000000
00000000
00000000
00000000
00000000
00000000
00000000
00000000
00000000
00000000
00000000
00000000
00000000
00000000
00000000
00000000
00000000
00000000
00000000
00000000
00000000
00000000
00000000
00000000
00000000
00000000
00000000
00000000
00000000
00000000
00000000
00000000
00000000
00000000
00000000
00000000
00000000
00000000
00000000
00000000
00000000
00000000
00000000
00000000
00000000
00000000
00000000
00000000
00000000
00000000
00000000
00000000
00000000
00000000
00000000
00000000
00000000
00000000
00000000
00000000
00000000
00000000
00000000
00000000
00000000
00000000
00000000
00000000
00000000
00000000
00000000
00000000
00000000
00000000
00000000
00000000
00000000
00000000
00000000
00000000
00000000
00000000
00000000
00000000
00000000
00000000
00000000
00000000
00000000
00000000
00000000
00000000
00000000
00000000
00000000
00000000
00000000
00000000
00000000
00000000
00000000
00000000
00000000
00000000
00000000
00000000
00000000
00000000
00000000
00000000
00000000
00000000
00000000
00000000
00000000
00000000
00000000
00000000
00000000
00000000
00000000
00000000
00000000
00000000
00000000
00000000
00000000
00000000
00000000
00000000
00000000
00000000
00000000
00000000
00000000
00000000
00000000
00000000
00000000
00000000
00000000
00000000
00000000
00000000
00000000
00000000
00000000
00000000
00000000
00000000
00000000
00000000
00000000
00000000
00000000
00000000
00000000
00000000
00000000
00000000
00000000
00000000
00000000
00000000
00000000
00000000
00000000
00000000
00000000
00000000
00000000
00000000
00000000
00000000
00000000
00000000
00000000
00000000
00000000
00000000
00000000
00000000
00000000
00000000
00000000
00000000
00000000
00000000
00000000
00000000
00000000
00000000
00000000
00000000
00000000
00000000
00000000
00000000
00000000
00000000
00000000
00000000
00000000
00000000
00000000
00000000
00000000
00000000
00000000
00000000
00000000
00000000
00000000
00000000
00000000
00000000
00000000
00000000
00000000
00000000
00000000
00000000
00000000
00000000
00000000
00000000
00000000
00000000
00000000
00000000
00000000
00000000
00000000
00000000
00000000
00000000
00000000
00000000
00000000
00000000
00000000
00000000
00000000
00000000
00000000
00000000
00000000
00000000
00000000
00000000
00000000
00000000
00000000
00000000
00000000
00000000
00000000
00000000
00000000
00000000
00000000
00000000
00000000
00000000
00000000
00000000
00000000
00000000
00000000
00000000
00000000
00000000
00000000
00000000
00000000
00000000
00000000
00000000
00000000
00000000
00000000
00000000
00000000
00000000
00000000
00000000
00000000
00000000
00000000
00000000
00000000
00000000
00000000
00000000
00000000
00000000
00000000
00000000
00000000
00000000
00000000
00000000
00000000
00000000
00000000
00000000
00000000
00000000
00000000
00000000
00000000
00000000
00000000
00000000
00000000
00000000
00000000
00000000
00000000
00000000
00000000
00000000
00000000
00000000
00000000
00000000
00000000
00000000
00000000
00000000
00000000
00000000
00000000
00000000
00000000
00000000
00000000
00000000
00000000
00000000
00000000
00000000
00000000
00000000
00000000
00000000
00000000
00000000
00000000
00000000
00000000
00000000
00000000
00000000
00000000
00000000
00000000
00000000
00000000
00000000
00000000
00000000
00000000
00000000
00000000
00000000
00000000
00000000
00000000
00000000
00000000
00000000
00000000
00000000
00000000
00000000
00000000
00000000
00000000
00000000
00000000
00000000
00000000
00000000
00000000
00000000
00000000
00000000
00000000
00000000
00000000
00000000
00000000
00000000
00000000
00000000
00000000
00000000
00000000
00000000
00000000
00000000
00000000
00000000
00000000
00000000
00000000
00000000
00000000
00000000
00000000
00000000
00000000
00000000
00000000
00000000
00000000
00000000
00000000
00000000
00000000
00000000
00000000
00000000
00000000
00000000
00000000
00000000
00000000
00000000
00000000
00000000
00000000
00000000
00000000
00000000
00000000
00000000
00000000
00000000
00000000
00000000
00000000
00000000
00000000
00000000
00000000
00000000
00000000
00000000
00000000
00000000
00000000
00000000
00000000
00000000
00000000
00000000
00000000
00000000
00000000
00000000
00000000
00000000
00000000
00000000
00000000
00000000
00000000
00000000
00000000
00000000
00000000
00000000
00000000
00000000
00000000
00000000
00000000
00000000
00000000
00000000
00000000
00000000
00000000
00000000
00000000
00000000
00000000
00000000
00000000
00000000
00000000
00000000
00000000
00000000
00000000
00000000
00000000
00000000
00000000
00000000
00000000
00000000
00000000
00000000
00000000
00000000
00000000
00000000
00000000
00000000
00000000
00000000
00000000
00000000
00000000
00000000
00000000
00000000
00000000
00000000
00000000
00000000
00000000
00000000
00000000
00000000
00000000
00000000
00000000
00000000
00000000
00000000
00000000
00000000
00000000
00000000
00000000
00000000
00000000
00000000
00000000
00000000
00000000
00000000
00000000
00000000
00000000
00000000
00000000
00000000
00000000
00000000
00000000
00000000
00000000
00000000
00000000
00000000
00000000
00000000
00000000
00000000
00000000
00000000
00000000
00000000
00000000
00000000
00000000
00000000
00000000
00000000
00000000
00000000
00000000
00000000
00000000
00000000
00000000
00000000
00000000
00000000
00000000
00000000
00000000
00000000
00000000
00000000
00000000
00000000
00000000
00000000
00000000
00000000
00000000
00000000
00000000
00000000
00000000
00000000
00000000
00000000
00000000
00000000
00000000
00000000
00000000
00000000
00000000
00000000
00000000
00000000
00000000
00000000
00000000
00000000
00000000
00000000
00000000
00000000
00000000
00000000
00000000
00000000
00000000
00000000
00000000
00000000
00000000
00000000
00000000
00000000
00000000
00000000
00000000
00000000
00000000
00000000
00000000
00000000
00000000
00000000
00000000
00000000
00000000
00000000
00000000
00000000
00000000
00000000
00000000
00000000
00000000
00000000
00000000
00000000
00000000
00000000
00000000
00000000
00000000
00000000
00000000
00000000
00000000
00000000
00000000
00000000
00000000
00000000
00000000
00000000
00000000
00000000
00000000
00000000
00000000
00000000
00000000
00000000
00000000
00000000
00000000
00000000
00000000
00000000
00000000
00000000
00000000
00000000
00000000
00000000
00000000
00000000
00000000
00000000
00000000
00000000
00000000
00000000
00000000
00000000
00000000
00000000
00000000
00000000
00000000
00000000
00000000
00000000
00000000
00000000
00000000
00000000
00000000
00000000
00000000
00000000
00000000
00000000
00000000
00000000
00000000
00000000
00000000
00000000
00000000
00000000
00000000
00000000
00000000
00000000
00000000
00000000
00000000
00000000
00000000
00000000
00000000
00000000
00000000
00000000
00000000
00000000
00000000
00000000
00000000
00000000
00000000
00000000
00000000
00000000
00000000
00000000
00000000
00000000
00000000
00000000
00000000
00000000
00000000
00000000
00000000
00000000
00000000
00000000
00000000
00000000
00000000
00000000
00000000
00000000
00000000
00000000
00000000
00000000
00000000
00000000
00000000
00000000
00000000
00000000
00000000
00000000
00000000
00000000
00000000
00000000
00000000
00000000
00000000
00000000
00000000
00000000
00000000
00000000
00000000
00000000
00000000
00000000
00000000
00000000
00000000
00000000
00000000
00000000
00000000
00000000
00000000
00000000
00000000
00000000
00000000
00000000
00000000
00000000
00000000
00000000
00000000
00000000
00000000
00000000
00000000
00000000
00000000
00000000
00000000
00000000
00000000
00000000
00000000
00000000
00000000
00000000
00000000
00000000
00000000
00000000
00000000
00000000
00000000
00000000
00000000
00000000
00000000
00000000
00000000
00000000
00000000
00000000
00000000
00000000
00000000
00000000
00000000
00000000
00000000
00000000
00000000
00000000
00000000
00000000
00000000
00000000
00000000
00000000
00000000
00000000
00000000
00000000
00000000
00000000
00000000
00000000
00000000
00000000
00000000
00000000
00000000
00000000
00000000
00000000
00000000
00000000
00000000
00000000
00000000
00000000
00000000
00000000
00000000
00000000
00000000
00000000
00000000
00000000
00000000
00000000
00000000
00000000
00000000
00000000
00000000
00000000
00000000
00000000
00000000
00000000
00000000
00000000
00000000
00000000
00000000
00000000
00000000
00000000
00000000
00000000
00000000
00000000
00000000
00000000
00000000
00000000
00000000
00000000
00000000
00000000
00000000
00000000
00000000
00000000
00000000
00000000
00000000
00000000
00000000
00000000
00000000
00000000
00000000
00000000
00000000
00000000
00000000
00000000
00000000
00000000
00000000
00000000
00000000
00000000
00000000
00000000
00000000
00000000
00000000
00000000
00000000
00000000
00000000
00000000
00000000
00000000
00000000
00000000
00000000
00000000
00000000
00000000
00000000
00000000
00000000
00000000
00000000
00000000
00000000
00000000
00000000
00000000
00000000
00000000
00000000
00000000
00000000
00000000
00000000
00000000
00000000
00000000
00000000
00000000
00000000
00000000
00000000
00000000
00000000
00000000
00000000
00000000
00000000
00000000
00000000
00000000
00000000
00000000
00000000
00000000
00000000
00000000
00000000
00000000
00000000
00000000
00000000
00000000
00000000
00000000
00000000
00000000
00000000
00000000
00000000
00000000
00000000
00000000
00000000
00000000
00000000
00000000
00000000
00000000
00000000
00000000
00000000
00000000
00000000
00000000
00000000
00000000
00000000
00000000
00000000
00000000
00000000
00000000
00000000
00000000
00000000
00000000
00000000
00000000
00000000
00000000
00000000
00000000
00000000
00000000
00000000
00000000
00000000
00000000
00000000
00000000
00000000
00000000
00000000
00000000
00000000
00000000
00000000
00000000
00000000
00000000
00000000
00000000
00000000
00000000
00000000
00000000
00000000
00000000
00000000
00000000
00000000
00000000
00000000
00000000
00000000
00000000
00000000
00000000
00000000
00000000
00000000
00000000
00000000
00000000
00000000
00000000
00000000
00000000
00000000
00000000
00000000
00000000
00000000
00000000
00000000
00000000
00000000
00000000
00000000
00000000
00000000
00000000
00000000
00000000
00000000
00000000
00000000
00000000
00000000
00000000
00000000
00000000
00000000
00000000
00000000
00000000
00000000
00000000
00000000
00000000
00000000
00000000
00000000
00000000
00000000
00000000
00000000
00000000
00000000
00000000
00000000
00000000
00000000
00000000
00000000
00000000
00000000
00000000
00000000
00000000
00000000
00000000
00000000
00000000
00000000
00000000
00000000
00000000
00000000
00000000
00000000
00000000
00000000
00000000
00000000
00000000
00000000
00000000
00000000
00000000
00000000
00000000
00000000
00000000
00000000
00000000
00000000
00000000
00000000
00000000
00000000
00000000
00000000
00000000
00000000
00000000
00000000
00000000
00000000
00000000
00000000
00000000
00000000
00000000
00000000
00000000
00000000
00000000
00000000
00000000
00000000
00000000
00000000
00000000
00000000
00000000
00000000
00000000
00000000
00000000
00000000
00000000
00000000
00000000
00000000
00000000
00000000
00000000
00000000
00000000
00000000
00000000
00000000
00000000
00000000
00000000
00000000
00000000
00000000
00000000
00000000
00000000
00000000
00000000
00000000
00000000
00000000
00000000
00000000
00000000
00000000
00000000
00000000
00000000
00000000
00000000
00000000
00000000
00000000
00000000
00000000
00000000
00000000
00000000
00000000
00000000
00000000
00000000
00000000
00000000
00000000
00000000
00000000
00000000
00000000
00000000
00000000
00000000
00000000
00000000
00000000
00000000
00000000
00000000
00000000
00000000
00000000
00000000
00000000
00000000
00000000
00000000
00000000
00000000
00000000
00000000
00000000
00000000
00000000
00000000
00000000
00000000
00000000
00000000
00000000
00000000
00000000
00000000
00000000
00000000
00000000
00000000
00000000
00000000
00000000
00000000
00000000
00000000
00000000
00000000
00000000
00000000
00000000
00000000
00000000
00000000
00000000
00000000
00000000
00000000
00000000
00000000
00000000
00000000
00000000
00000000
00000000
00000000
00000000
00000000
00000000
00000000
00000000
00000000
00000000
00000000
00000000
00000000
00000000
00000000
00000000
00000000
00000000
00000000
00000000
00000000
00000000
00000000
00000000
00000000
00000000
00000000
00000000
00000000
00000000
00000000
00000000
00000000
00000000
00000000
00000000
00000000
00000000
00000000
00000000
00000000
00000000
00000000
00000000
00000000
00000000
00000000
00000000
00000000
00000000
00000000
00000000
00000000
00000000
00000000
00000000
00000000
00000000
00000000
00000000
00000000
00000000
00000000
00000000
00000000
00000000
00000000
00000000
00000000
00000000
00000000
00000000
00000000
00000000
00000000
00000000
00000000
00000000
00000000
00000000
00000000
00000000
00000000
00000000
00000000
00000000
00000000
00000000
00000000
00000000
00000000
00000000
00000000
00000000
00000000
00000000
00000000
00000000
00000000
00000000
00000000
00000000
00000000
00000000
00000000
00000000
00000000
00000000
00000000
00000000
00000000
00000000
00000000
00000000
00000000
00000000
00000000
00000000
00000000
00000000
00000000
00000000
00000000
00000000
00000000
00000000
00000000
00000000
00000000
00000000
00000000
00000000
00000000
00000000
00000000
00000000
00000000
00000000
00000000
00000000
00000000
00000000
00000000
00000000
00000000
00000000
00000000
00000000
00000000
00000000
00000000
00000000
00000000
00000000
00000000
00000000
00000000
00000000
00000000
00000000
00000000
00000000
00000000
00000000
00000000
00000000
00000000
00000000
00000000
00000000
00000000
00000000
00000000
00000000
00000000
00000000
00000000
00000000
00000000
00000000
00000000
00000000
00000000
00000000
00000000
00000000
00000000
00000000
00000000
00000000
00000000
00000000
00000000
00000000
00000000
00000000
00000000
00000000
00000000
00000000
00000000
00000000
00000000
00000000
00000000
00000000
00000000
00000000
00000000
00000000
00000000
00000000
00000000
00000000
00000000
00000000
00000000
00000000
00000000
00000000
00000000
00000000
00000000
00000000
00000000
00000000
00000000
00000000
00000000
00000000
00000000
00000000
00000000
00000000
00000000
00000000
00000000
00000000
00000000
00000000
00000000
00000000
00000000
00000000
00000000
00000000
00000000
00000000
00000000
00000000
00000000
00000000
00000000
00000000
00000000
00000000
00000000
00000000
00000000
00000000
00000000
00000000
00000000
00000000
00000000
00000000
00000000
00000000
00000000
00000000
00000000
00000000
00000000
00000000
00000000
00000000
00000000
00000000
00000000
00000000
00000000
00000000
00000000
00000000
00000000
00000000
00000000
00000000
00000000
00000000
00000000
00000000
00000000
00000000
00000000
00000000
00000000
00000000
00000000
00000000
00000000
00000000
00000000
00000000
00000000
00000000
00000000
00000000
00000000
00000000
00000000
00000000
00000000
00000000
00000000
00000000
00000000
00000000
00000000
00000000
00000000
00000000
00000000
00000000
00000000
00000000
00000000
00000000
00000000
00000000
00000000
00000000
00000000
00000000
00000000
00000000
00000000
00000000
00000000
00000000
00000000
00000000
00000000
00000000
00000000
00000000
00000000
00000000
00000000
00000000
00000000
00000000
00000000
00000000
00000000
00000000
00000000
00000000
00000000
00000000
00000000
00000000
00000000
00000000
00000000
00000000
00000000
00000000
00000000
00000000
00000000
00000000
00000000
00000000
00000000
00000000
00000000
00000000
00000000
00000000
00000000
00000000
00000000
00000000
00000000
00000000
00000000
00000000
00000000
00000000
00000000
00000000
00000000
00000000
00000000
00000000
00000000
00000000
00000000
00000000
00000000
00000000
00000000
00000000
00000000
00000000
00000000
00000000
00000000
00000000
00000000
00000000
00000000
00000000
00000000
00000000
00000000
00000000
00000000
00000000
00000000
00000000
00000000
00000000
00000000
00000000
00000000
00000000
00000000
00000000
00000000
00000000
00000000
00000000
00000000
00000000
00000000
00000000
00000000
00000000
00000000
00000000
00000000
00000000
00000000
00000000
00000000
00000000
00000000
00000000
00000000
00000000
00000000
00000000
00000000
00000000
00000000
00000000
00000000
00000000
00000000
00000000
00000000
00000000
00000000
00000000
00000000
00000000
00000000
00000000
00000000
00000000
00000000
00000000
00000000
00000000
00000000
00000000
00000000
00000000
00000000
00000000
00000000
00000000
00000000
00000000
00000000
00000000
00000000
00000000
00000000
00000000
00000000
00000000
00000000
00000000
00000000
00000000
00000000
00000000
00000000
00000000
00000000
00000000
00000000
00000000
00000000
00000000
00000000
00000000
00000000
00000000
00000000
00000000
00000000
00000000
00000000
00000000
00000000
00000000
00000000
00000000
00000000
00000000
00000000
00000000
00000000
00000000
00000000
00000000
00000000
00000000
00000000
00000000
00000000
00000000
00000000
00000000
00000000
00000000
00000000
00000000
00000000
00000000
00000000
00000000
00000000
00000000
00000000
00000000
00000000
00000000
00000000
00000000
00000000
00000000
00000000
00000000
00000000
00000000
00000000
00000000
00000000
00000000
00000000
00000000
00000000
00000000
00000000
00000000
00000000
00000000
00000000
00000000
00000000
00000000
00000000
00000000
00000000
00000000
00000000
00000000
00000000
00000000
00000000
00000000
00000000
00000000
00000000
00000000
00000000
00000000
00000000
00000000
00000000
00000000
00000000
00000000
00000000
00000000
00000000
00000000
00000000
00000000
00000000
00000000
00000000
00000000
00000000
00000000
00000000
00000000
00000000
00000000
00000000
00000000
00000000
00000000
00000000
00000000
00000000
00000000
00000000
00000000
00000000
00000000
00000000
00000000
00000000
00000000
00000000
00000000
00000000
00000000
00000000
00000000
00000000
00000000
00000000
00000000
00000000
00000000
00000000
00000000
00000000
00000000
00000000
00000000
00000000
00000000
00000000
00000000
00000000
00000000
00000000
00000000
00000000
00000000
00000000
00000000
00000000
00000000
00000000
00000000
00000000
00000000
00000000
00000000
00000000
00000000
00000000
00000000
00000000
00000000
00000000
00000000
00000000
00000000
00000000
00000000
00000000
00000000
00000000
00000000
00000000
00000000
00000000
00000000
00000000
00000000
00000000
00000000
00000000
00000000
00000000
00000000
00000000
00000000
00000000
00000000
00000000
00000000
00000000
00000000
00000000
00000000
00000000
00000000
00000000
00000000
00000000
00000000
00000000
00000000
00000000
00000000
00000000
00000000
00000000
00000000
00000000
00000000
00000000
00000000
00000000
00000000
00000000
00000000
00000000
00000000
00000000
00000000
00000000
00000000
00000000
00000000
00000000
00000000
00000000
00000000
00000000
00000000
00000000
00000000
00000000
00000000
00000000
00000000
00000000
00000000
00000000
00000000
00000000
00000000
00000000
00000000
00000000
00000000
00000000
00000000
00000000
00000000
00000000
00000000
00000000
00000000
00000000
00000000
00000000
00000000
00000000
00000000
00000000
00000000
00000000
00000000
00000000
00000000
00000000
00000000
00000000
00000000
00000000
00000000
00000000
00000000
00000000
00000000
00000000
00000000
00000000
00000000
00000000
00000000
00000000
00000000
00000000
00000000
00000000
00000000
00000000
00000000
00000000
00000000
00000000
00000000
00000000
00000000
00000000
00000000
00000000
00000000
00000000
00000000
00000000
00000000
00000000
00000000
00000000
00000000
00000000
00000000
00000000
00000000
00000000
00000000
00000000
00000000
00000000
00000000
00000000
00000000
00000000
00000000
00000000
00000000
00000000
00000000
00000000
00000000
00000000
00000000
00000000
00000000
00000000
00000000
00000000
00000000
00000000
00000000
00000000
00000000
00000000
00000000
00000000
00000000
00000000
00000000
00000000
00000000
00000000
00000000
00000000
00000000
00000000
00000000
00000000
00000000
00000000
00000000
00000000
00000000
00000000
00000000
00000000
00000000
00000000
00000000
00000000
00000000
00000000
00000000
00000000
00000000
00000000
00000000
00000000
00000000
00000000
00000000
00000000
00000000
00000000
00000000
00000000
00000000
00000000
00000000
00000000
00000000
00000000
00000000
00000000
00000000
00000000
00000000
00000000
00000000
00000000
00000000
00000000
00000000
00000000
00000000
00000000
00000000
00000000
00000000
00000000
00000000
00000000
00000000
00000000
00000000
00000000
00000000
00000000
00000000
00000000
00000000
00000000
00000000
00000000
00000000
00000000
00000000
00000000
00000000
00000000
00000000
00000000
00000000
00000000
00000000
00000000
00000000
00000000
00000000
00000000
00000000
00000000
00000000
00000000
00000000
00000000
00000000
00000000
00000000
00000000
00000000
00000000
00000000
00000000
00000000
00000000
00000000
00000000
00000000
00000000
00000000
00000000
00000000
00000000
00000000
00000000
00000000
00000000
00000000
00000000
00000000
00000000
00000000
00000000
00000000
00000000
00000000
00000000
00000000
00000000
00000000
00000000
00000000
00000000
00000000
00000000
00000000
00000000
00000000
00000000
00000000
00000000
00000000
00000000
00000000
00000000
00000000
00000000
00000000
00000000
00000000
00000000
00000000
00000000
00000000
00000000
00000000
00000000
00000000
00000000
00000000
00000000
00000000
00000000
00000000
00000000
00000000
00000000
00000000
00000000
00000000
00000000
00000000
00000000
00000000
00000000
00000000
00000000
00000000
00000000
00000000
00000000
00000000
00000000
00000000
00000000
00000000
00000000
00000000
00000000
00000000
00000000
00000000
00000000
00000000
00000000
00000000
00000000
00000000
00000000
00000000
00000000
00000000
00000000
00000000
00000000
00000000
00000000
00000000
00000000
00000000
00000000
00000000
00000000
00000000
00000000
00000000
00000000
00000000
00000000
00000000
00000000
00000000
00000000
00000000
00000000
00000000
00000000
00000000
00000000
00000000
00000000
00000000
00000000
00000000
00000000
00000000
00000000
00000000
00000000
00000000
00000000
00000000
00000000
00000000
00000000
00000000
00000000
00000000
00000000
00000000
00000000
00000000
00000000
00000000
00000000
00000000
00000000
00000000
00000000
00000000
00000000
00000000
00000000
00000000
00000000
00000000
00000000
00000000
00000000
00000000
00000000
00000000
00000000
00000000
00000000
00000000
00000000
00000000
00000000
00000000
00000000
00000000
00000000
00000000
00000000
00000000
00000000
00000000
00000000
00000000
00000000
00000000
00000000
00000000
00000000
00000000
00000000
00000000
00000000
00000000
00000000
00000000
00000000
00000000
00000000
00000000
00000000
00000000
00000000
00000000
00000000
00000000
00000000
00000000
00000000
00000000
00000000
00000000
00000000
00000000
00000000
00000000
00000000
00000000
00000000
00000000
00000000
00000000
00000000
00000000
00000000
00000000
00000000
00000000
00000000
00000000
00000000
00000000
00000000
00000000
00000000
00000000
00000000
00000000
00000000
00000000
00000000
00000000
00000000
00000000
00000000
00000000
00000000
00000000
00000000
00000000
00000000
00000000
00000000
00000000
00000000
00000000
00000000
00000000
00000000
00000000
00000000
00000000
00000000
00000000
00000000
00000000
00000000
00000000
00000000
00000000
00000000
00000000
00000000
00000000
00000000
00000000
00000000
00000000
00000000
00000000
00000000
00000000
00000000
00000000
00000000
00000000
00000000
00000000
00000000
00000000
00000000
00000000
00000000
00000000
00000000
00000000
00000000
00000000
00000000
00000000
00000000
00000000
00000000
00000000
00000000
00000000
00000000
00000000
00000000
00000000
00000000
00000000
00000000
00000000
00000000
00000000
00000000
00000000
00000000
00000000
00000000
00000000
00000000
00000000
00000000
00000000
00000000
00000000
00000000
00000000
00000000
00000000
00000000
00000000
00000000
00000000
00000000
00000000
00000000
00000000
00000000
00000000
00000000
00000000
00000000
00000000
00000000
00000000
00000000
00000000
00000000
00000000
00000000
00000000
00000000
00000000
00000000
00000000
00000000
00000000
00000000
00000000
00000000
00000000
00000000
00000000
00000000
00000000
00000000
00000000
00000000
00000000
00000000
00000000
00000000
00000000
00000000
00000000
00000000
00000000
00000000
00000000
00000000
00000000
00000000
00000000
00000000
00000000
00000000
00000000
00000000
00000000
00000000
00000000
00000000
00000000
00000000
00000000
00000000
00000000
00000000
00000000
00000000
00000000
00000000
00000000
00000000
00000000
00000000
00000000
00000000
00000000
00000000
00000000
00000000
00000000
00000000
00000000
00000000
00000000
00000000
00000000
00000000
00000000
00000000
00000000
00000000
00000000
00000000
00000000
00000000
00000000
00000000
00000000
00000000
00000000
00000000
00000000
00000000
00000000
00000000
00000000
00000000
00000000
00000000
00000000
00000000
00000000
00000000
00000000
00000000
00000000
00000000
00000000
00000000
00000000
00000000
00000000
00000000
00000000
00000000
00000000
00000000
00000000
00000000
00000000
00000000
00000000
00000000
00000000
00000000
00000000
00000000
00000000
00000000
00000000
00000000
00000000
00000000
00000000
00000000
00000000
00000000
00000000
00000000
00000000
00000000
00000000
00000000
00000000
00000000
00000000
00000000
00000000
00000000
00000000
00000000
00000000
00000000
00000000
00000000
00000000
00000000
00000000
00000000
00000000
00000000
00000000
00000000
00000000
00000000
00000000
00000000
00000000
00000000
00000000
00000000
00000000
00000000
00000000
00000000
00000000
00000000
00000000
00000000
00000000
00000000
00000000
00000000
00000000
00000000
00000000
00000000
00000000
00000000
00000000
00000000
00000000
00000000
00000000
00000000
00000000
00000000
00000000
00000000
00000000
00000000
00000000
00000000
00000000
00000000
00000000
00000000
00000000
00000000
00000000
00000000
00000000
00000000
00000000
00000000
00000000
00000000
00000000
00000000
00000000
00000000
00000000
00000000
00000000
00000000
00000000
00000000
00000000
00000000
00000000
00000000
00000000
00000000
00000000
00000000
00000000
00000000
00000000
00000000
00000000
00000000
00000000
00000000
00000000
00000000
00000000
00000000
00000000
00000000
00000000
00000000
00000000
00000000
00000000
00000000
00000000
00000000
00000000
00000000
00000000
00000000
00000000
00000000
00000000
00000000
00000000
00000000
00000000
00000000
00000000
00000000
00000000
00000000
00000000
00000000
00000000
00000000
00000000
00000000
00000000
00000000
00000000
00000000
00000000
00000000
00000000
00000000
00000000
00000000
00000000
00000000
00000000
00000000
00000000
00000000
00000000
00000000
00000000
00000000
00000000
00000000
00000000
00000000
00000000
00000000
00000000
00000000
00000000
00000000
00000000
00000000
00000000
00000000
00000000
00000000
00000000
00000000
00000000
00000000
00000000
00000000
00000000
00000000
00000000
00000000
00000000
00000000
00000000
00000000
00000000
00000000
00000000
00000000
00000000
00000000
00000000
00000000
00000000
00000000
00000000
00000000
00000000
00000000
00000000
00000000
00000000
00000000
00000000
00000000
00000000
00000000
00000000
00000000
00000000
00000000
00000000
00000000
00000000
00000000
00000000
00000000
00000000
00000000
00000000
00000000
00000000
00000000
00000000
00000000
00000000
00000000
00000000
00000000
00000000
00000000
00000000
00000000
00000000
00000000
00000000
00000000
00000000
00000000
00000000
00000000
00000000
00000000
00000000
00000000
00000000
00000000
00000000
00000000
00000000
00000000
00000000
00000000
00000000
00000000
00000000
00000000
00000000
00000000
00000000
00000000
00000000
00000000
00000000
00000000
00000000
00000000
00000000
00000000
00000000
00000000
00000000
00000000
00000000
00000000
00000000
00000000
00000000
00000000
00000000
00000000
00000000
00000000
00000000
00000000
00000000
00000000
00000000
00000000
00000000
00000000
00000000
00000000
00000000
00000000
00000000
00000000
00000000
00000000
00000000
00000000
00000000
00000000
00000000
00000000
00000000
00000000
00000000
00000000
00000000
00000000
00000000
00000000
00000000
00000000
00000000
00000000
00000000
00000000
00000000
00000000
00000000
00000000
00000000
00000000
00000000
00000000
00000000
00000000
00000000
00000000
00000000
00000000
00000000
00000000
00000000
00000000
00000000
00000000
00000000
00000000
00000000
00000000
00000000
00000000
00000000
00000000
00000000
00000000
00000000
00000000
00000000
00000000
00000000
00000000
00000000
00000000
00000000
00000000
00000000
00000000
00000000
00000000
00000000
00000000
00000000
00000000
00000000
00000000
00000000
00000000
00000000
00000000
00000000
00000000
00000000
00000000
00000000
00000000
00000000
00000000
00000000
00000000
00000000
00000000
00000000
00000000
00000000
00000000
00000000
00000000
00000000
00000000
00000000
00000000
00000000
00000000
00000000
00000000
00000000
00000000
00000000
00000000
00000000
00000000
00000000
00000000
00000000
00000000
00000000
00000000
00000000
00000000
00000000
00000000
00000000
00000000
00000000
00000000
00000000
00000000
00000000
00000000
00000000
00000000
00000000
00000000
00000000
00000000
00000000
00000000
00000000
00000000
00000000
00000000
00000000
00000000
00000000
00000000
00000000
00000000
00000000
00000000
00000000
00000000
00000000
00000000
00000000
00000000
00000000
00000000
00000000
00000000
00000000
00000000
00000000
00000000
00000000
00000000
00000000
00000000
00000000
00000000
00000000
00000000
00000000
00000000
00000000
00000000
00000000
00000000
00000000
00000000
00000000
00000000
00000000
00000000
00000000
00000000
00000000
00000000
00000000
00000000
00000000
00000000
00000000
00000000
00000000
00000000
00000000
00000000
00000000
00000000
00000000
00000000
00000000
00000000
00000000
00000000
00000000
00000000
00000000
00000000
00000000
00000000
00000000
00000000
00000000
00000000
00000000
00000000
00000000
00000000
00000000
00000000
00000000
00000000
00000000
00000000
00000000
00000000
00000000
00000000
00000000
00000000
00000000
00000000
00000000
00000000
00000000
00000000
00000000
00000000
00000000
00000000
00000000
00000000
00000000
00000000
00000000
00000000
00000000
00000000
00000000
00000000
00000000
00000000
00000000
00000000
00000000
00000000
00000000
00000000
00000000
00000000
00000000
00000000
00000000
00000000
00000000
00000000
00000000
00000000
00000000
00000000
00000000
00000000
00000000
00000000
00000000
00000000
00000000
00000000
00000000
00000000
00000000
00000000
00000000
00000000
00000000
00000000
00000000
00000000
00000000
00000000
00000000
00000000
00000000
00000000
00000000
00000000
00000000
00000000
00000000
00000000
00000000
00000000
00000000
00000000
00000000
00000000
00000000
00000000
00000000
00000000
00000000
00000000
00000000
00000000
00000000
00000000
00000000
00000000
00000000
00000000
00000000
00000000
00000000
00000000
00000000
00000000
00000000
00000000
00000000
00000000
00000000
00000000
00000000
00000000
00000000
00000000
00000000
00000000
00000000
00000000
00000000
00000000
00000000
00000000
00000000
00000000
00000000
00000000
00000000
00000000
00000000
00000000
00000000
00000000
00000000
00000000
00000000
00000000
00000000
00000000
00000000
00000000
00000000
00000000
00000000
00000000
00000000
00000000
00000000
00000000
00000000
00000000
00000000
00000000
00000000
00000000
00000000
00000000
00000000
00000000
00000000
00000000
00000000
00000000
00000000
00000000
00000000
00000000
00000000
00000000
00000000
00000000
00000000
00000000
00000000
00000000
00000000
00000000
00000000
00000000
00000000
00000000
00000000
00000000
00000000
00000000
00000000
00000000
00000000
00000000
00000000
00000000
00000000
00000000
00000000
00000000
00000000
00000000
00000000
00000000
00000000
00000000
00000000
00000000
00000000
00000000
00000000
00000000
00000000
00000000
00000000
00000000
00000000
00000000
00000000
00000000
00000000
00000000
00000000
00000000
00000000
00000000
00000000
00000000
00000000
00000000
00000000
00000000
00000000
00000000
00000000
00000000
00000000
00000000
00000000
00000000
00000000
00000000
00000000
00000000
00000000
00000000
00000000
00000000
00000000
00000000
00000000
00000000
00000000
00000000
00000000
00000000
00000000
00000000
00000000
00000000
00000000
00000000
00000000
00000000
00000000
00000000
00000000
00000000
00000000
00000000
00000000
00000000
00000000
00000000
00000000
00000000
00000000
00000000
00000000
00000000
00000000
00000000
00000000
00000000
00000000
00000000
00000000
00000000
00000000
00000000
00000000
00000000
00000000
00000000
00000000
00000000
00000000
00000000
00000000
00000000
00000000
00000000
00000000
00000000
00000000
00000000
00000000
00000000
00000000
00000000
00000000
00000000
00000000
00000000
00000000
00000000
00000000
00000000
00000000
00000000
00000000
00000000
00000000
00000000
00000000
00000000
00000000
00000000
00000000
00000000
00000000
00000000
00000000
00000000
00000000
00000000
00000000
00000000
00000000
00000000
00000000
00000000
00000000
00000000
00000000
00000000
00000000
00000000
00000000
00000000
00000000
00000000
00000000
00000000
00000000
00000000
00000000
00000000
00000000
00000000
00000000
00000000
00000000
00000000
00000000
00000000
00000000
00000000
00000000
00000000
00000000
00000000
00000000
00000000
00000000
00000000
00000000
00000000
00000000
00000000
00000000
00000000
00000000
00000000
00000000
00000000
00000000
00000000
00000000
00000000
00000000
00000000
00000000
00000000
00000000
00000000
00000000
00000000
00000000
00000000
00000000
00000000
00000000
00000000
00000000
00000000
00000000
00000000
00000000
00000000
00000000
00000000
00000000
00000000
00000000
00000000
00000000
00000000
00000000
00000000
00000000
00000000
00000000
00000000
00000000
00000000
00000000
00000000
00000000
00000000
00000000
00000000
00000000
00000000
00000000
00000000
00000000
00000000
00000000
00000000
00000000
00000000
00000000
00000000
00000000
00000000
00000000
00000000
00000000
00000000
00000000
00000000
00000000
00000000
00000000
00000000
00000000
00000000
00000000
00000000
00000000
00000000
00000000
00000000
00000000
00000000
00000000
00000000
00000000
00000000
00000000
00000000
00000000
00000000
00000000
00000000
00000000
00000000
00000000
00000000
00000000
00000000
00000000
00000000
00000000
00000000
00000000
00000000
00000000
00000000
00000000
00000000
00000000
00000000
00000000
00000000
00000000
00000000
00000000
00000000
00000000
00000000
00000000
00000000
00000000
00000000
00000000
00000000
00000000
00000000
00000000
00000000
00000000
00000000
00000000
00000000
00000000
00000000
00000000
00000000
00000000
00000000
00000000
00000000
00000000
00000000
00000000
00000000
00000000
00000000
00000000
00000000
00000000
00000000
00000000
00000000
00000000
00000000
00000000
00000000
00000000
00000000
00000000
00000000
00000000
00000000
00000000
00000000
00000000
00000000
00000000
00000000
00000000
00000000
00000000
00000000
00000000
00000000
00000000
00000000
00000000
00000000
00000000
00000000
00000000
00000000
00000000
00000000
00000000
00000000
00000000
00000000
00000000
00000000
00000000
00000000
00000000
00000000
00000000
00000000
00000000
00000000
00000000
00000000
00000000
00000000
00000000
00000000
00000000
00000000
00000000
00000000
00000000
00000000
00000000
00000000
00000000
00000000
00000000
00000000
00000000
00000000
00000000
00000000
00000000
00000000
00000000
00000000
00000000
00000000
00000000
00000000
00000000
00000000
00000000
00000000
00000000
00000000
00000000
00000000
00000000
00000000
00000000
00000000
00000000
00000000
00000000
00000000
00000000
00000000
00000000
00000000
00000000
00000000
00000000
00000000
00000000
00000000
00000000
00000000
00000000
00000000
00000000
00000000
00000000
00000000
00000000
00000000
00000000
00000000
00000000
00000000
00000000
00000000
00000000
00000000
00000000
00000000
00000000
00000000
00000000
00000000
00000000
00000000
00000000
00000000
00000000
00000000
00000000
00000000
00000000
00000000
00000000
00000000
00000000
00000000
00000000
00000000
00000000
00000000
00000000
00000000
00000000
00000000
00000000
00000000
00000000
00000000
00000000
00000000
00000000
00000000
00000000
00000000
00000000
00000000
00000000
00000000
00000000
00000000
00000000
00000000
00000000
00000000
00000000
00000000
00000000
00000000
00000000
00000000
00000000
00000000
00000000
00000000
00000000
00000000
00000000
00000000
00000000
00000000
00000000
00000000
00000000
00000000
00000000
00000000
00000000
00000000
00000000
00000000
00000000
00000000
00000000
00000000
00000000
00000000
00000000
00000000
00000000
00000000
00000000
00000000
00000000
00000000
00000000
00000000
00000000
00000000
00000000
00000000
00000000
00000000
00000000
00000000
00000000
00000000
00000000
00000000
00000000
00000000
00000000
00000000
00000000
00000000
00000000
00000000
00000000
00000000
00000000
00000000
00000000
00000000
00000000
00000000
00000000
00000000
00000000
00000000
00000000
00000000
00000000
00000000
00000000
00000000
00000000
00000000
00000000
00000000
00000000
00000000
00000000
00000000
00000000
00000000
00000000
00000000
00000000
00000000
00000000
00000000
00000000
00000000
00000000
00000000
00000000
00000000
00000000
00000000
00000000
00000000
00000000
00000000
00000000
00000000
00000000
00000000
00000000
00000000
00000000
00000000
00000000
00000000
00000000
00000000
00000000
00000000
00000000
00000000
00000000
00000000
00000000
00000000
00000000
00000000
00000000
00000000
00000000
00000000
00000000
00000000
00000000
00000000
00000000
00000000
00000000
00000000
00000000
00000000
00000000
00000000
00000000
00000000
00000000
00000000
00000000
00000000
00000000
00000000
00000000
00000000
00000000
00000000
00000000
00000000
00000000
00000000
00000000
00000000
00000000
00000000
00000000
00000000
00000000
00000000
00000000
00000000
00000000
00000000
00000000
00000000
00000000
00000000
00000000
00000000
00000000
00000000
00000000
00000000
00000000
00000000
00000000
00000000
00000000
00000000
00000000
00000000
00000000
00000000
00000000
00000000
00000000
00000000
00000000
00000000
00000000
00000000
00000000
00000000
00000000
00000000
00000000
00000000
00000000
00000000
00000000
00000000
00000000
00000000
00000000
00000000
00000000
00000000
00000000
00000000
00000000
00000000
00000000
00000000
00000000
00000000
00000000
00000000
00000000
00000000
00000000
00000000
00000000
00000000
00000000
00000000
00000000
00000000
00000000
00000000
00000000
00000000
00000000
00000000
00000000
00000000
00000000
00000000
00000000
00000000
00000000
00000000
00000000
00000000
00000000
00000000
00000000
00000000
00000000
00000000
00000000
00000000
00000000
00000000
00000000
00000000
00000000
00000000
00000000
00000000
00000000
00000000
00000000
00000000
00000000
00000000
00000000
00000000
00000000
00000000
00000000
00000000
00000000
00000000
00000000
00000000
00000000
00000000
00000000
00000000
00000000
00000000
00000000
00000000
00000000
00000000
00000000
00000000
00000000
00000000
00000000
00000000
00000000
00000000
00000000
00000000
00000000
00000000
00000000
00000000
00000000
00000000
00000000
00000000
00000000
00000000
00000000
00000000
00000000
00000000
00000000
00000000
00000000
00000000
00000000
00000000
00000000
00000000
00000000
00000000
00000000
00000000
00000000
00000000
00000000
00000000
00000000
00000000
00000000
00000000
00000000
00000000
00000000
00000000
00000000
00000000
00000000
00000000
00000000
00000000
00000000
00000000
00000000
00000000
00000000
00000000
00000000
00000000
00000000
00000000
00000000
00000000
00000000
00000000
00000000
00000000
00000000
00000000
00000000
00000000
00000000
00000000
00000000
00000000
00000000
00000000
00000000
00000000
00000000
00000000
00000000
00000000
00000000
00000000
00000000
00000000
00000000
00000000
00000000
00000000
00000000
00000000
00000000
00000000
00000000
00000000
00000000
00000000
00000000
00000000
00000000
00000000
00000000
00000000
00000000
00000000
00000000
00000000
00000000
00000000
00000000
00000000
00000000
00000000
00000000
00000000
00000000
00000000
00000000
00000000
00000000
00000000
00000000
00000000
00000000
00000000
00000000
00000000
00000000
00000000
00000000
00000000
00000000
00000000
00000000
00000000
00000000
00000000
00000000
00000000
00000000
00000000
00000000
00000000
00000000
00000000
00000000
00000000
00000000
00000000
00000000
00000000
00000000
00000000
00000000
00000000
00000000
00000000
00000000
00000000
00000000
00000000
00000000
00000000
00000000
00000000
00000000
00000000
00000000
00000000
00000000
00000000
00000000
00000000
00000000
00000000
00000000
00000000
00000000
00000000
00000000
00000000
00000000
00000000
00000000
00000000
00000000
00000000
00000000
00000000
00000000
00000000
00000000
00000000
00000000
00000000
00000000
00000000
00000000
00000000
00000000
00000000
00000000
00000000
00000000
00000000
00000000
00000000
00000000
00000000
00000000
00000000
00000000
00000000
00000000
00000000
00000000
00000000
00000000
00000000
00000000
00000000
00000000
00000000
00000000
00000000
00000000
00000000
00000000
00000000
00000000
00000000
00000000
00000000
00000000
00000000
00000000
00000000
00000000
00000000
00000000
00000000
00000000
00000000
00000000
00000000
00000000
00000000
00000000
00000000
00000000
00000000
00000000
00000000
00000000
00000000
00000000
00000000
00000000
00000000
00000000
00000000
00000000
00000000
00000000
00000000
00000000
00000000
00000000
00000000
00000000
00000000
00000000
00000000
00000000
00000000
00000000
00000000
00000000
00000000
00000000
00000000
00000000
00000000
00000000
00000000
00000000
00000000
00000000
00000000
00000000
00000000
00000000
00000000
00000000
00000000
00000000
00000000
00000000
00000000
00000000
00000000
00000000
00000000
00000000
00000000
00000000
00000000
00000000
00000000
00000000
00000000
00000000
00000000
00000000
00000000
00000000
00000000
00000000
00000000
00000000
00000000
00000000
00000000
00000000
00000000
00000000
00000000
00000000
00000000
00000000
00000000
00000000
00000000
00000000
00000000
00000000
00000000
00000000
00000000
00000000
00000000
00000000
00000000
00000000
00000000
00000000
00000000
00000000
00000000
00000000
00000000
00000000
00000000
00000000
00000000
00000000
00000000
00000000
00000000
00000000
00000000
00000000
00000000
00000000
00000000
00000000
00000000
00000000
00000000
00000000
00000000
00000000
00000000
00000000
00000000
00000000
00000000
00000000
00000000
00000000
00000000
00000000
00000000
00000000
00000000
00000000
00000000
00000000
00000000
00000000
00000000
00000000
00000000
00000000
00000000
00000000
00000000
00000000
00000000
00000000
00000000
00000000
00000000
00000000
00000000
00000000
00000000
00000000
00000000
00000000
00000000
00000000
00000000
00000000
00000000
00000000
00000000
00000000
00000000
00000000
00000000
00000000
00000000
00000000
00000000
00000000
00000000
00000000
00000000
00000000
00000000
00000000
00000000
00000000
00000000
00000000
00000000
00000000
00000000
00000000
00000000
00000000
00000000
00000000
00000000
00000000
00000000
00000000
00000000
00000000
00000000
00000000
00000000
00000000
00000000
00000000
00000000
00000000
00000000
00000000
00000000
00000000
00000000
00000000
00000000
00000000
00000000
00000000
00000000
00000000
00000000
00000000
00000000
00000000
00000000
00000000
00000000
00000000
00000000
00000000
00000000
00000000
00000000
00000000
00000000
00000000
00000000
00000000
00000000
00000000
00000000
00000000
00000000
00000000
00000000
00000000
00000000
00000000
00000000
00000000
00000000
00000000
00000000
00000000
00000000
00000000
00000000
00000000
00000000
00000000
00000000
00000000
00000000
00000000
00000000
00000000
00000000
00000000
00000000
00000000
00000000
00000000
00000000
00000000
00000000
00000000
00000000
00000000
00000000
00000000
00000000
00000000
00000000
00000000
00000000
00000000
00000000
00000000
00000000
00000000
00000000
00000000
00000000
00000000
00000000
00000000
00000000
00000000
00000000
00000000
00000000
00000000
00000000
00000000
00000000
00000000
00000000
00000000
00000000
00000000
00000000
00000000
00000000
00000000
00000000
00000000
00000000
00000000
00000000
00000000
00000000
00000000
00000000
00000000
00000000
00000000
00000000
00000000
00000000
00000000
00000000
00000000
00000000
00000000
00000000
00000000
00000000
00000000
00000000
00000000
00000000
00000000
00000000
00000000
00000000
00000000
00000000
00000000
00000000
00000000
00000000
00000000
00000000
00000000
00000000
00000000
00000000
00000000
00000000
00000000
00000000
00000000
00000000
00000000
00000000
00000000
00000000
00000000
00000000
00000000
00000000
00000000
00000000
00000000
00000000
00000000
00000000
00000000
00000000
00000000
00000000
00000000
00000000
00000000
00000000
00000000
00000000
00000000
00000000
00000000
00000000
00000000
00000000
00000000
00000000
00000000
00000000
00000000
00000000
00000000
00000000
00000000
00000000
00000000
00000000
00000000
00000000
00000000
00000000
00000000
00000000
00000000
00000000
00000000
00000000
00000000
00000000
00000000
00000000
00000000
00000000
00000000
00000000
00000000
00000000
00000000
00000000
00000000
00000000
00000000
00000000
00000000
00000000
00000000
00000000
00000000
00000000
00000000
00000000
00000000
00000000
00000000
00000000
00000000
00000000
00000000
00000000
00000000
00000000
00000000
00000000
00000000
00000000
00000000
00000000
00000000
00000000
00000000
00000000
00000000
00000000
00000000
00000000
00000000
00000000
00000000
00000000
00000000
00000000
00000000
00000000
00000000
00000000
00000000
00000000
00000000
00000000
00000000
00000000
00000000
00000000
00000000
00000000
00000000
00000000
00000000
00000000
00000000
00000000
00000000
00000000
00000000
00000000
00000000
00000000
00000000
00000000
00000000
00000000
00000000
00000000
00000000
00000000
00000000
00000000
00000000
00000000
00000000
00000000
00000000
00000000
00000000
00000000
00000000
00000000
00000000
00000000
00000000
00000000
00000000
00000000
00000000
00000000
00000000
00000000
00000000
00000000
00000000
00000000
00000000
00000000
00000000
00000000
00000000
00000000
00000000
00000000
00000000
00000000
00000000
00000000
00000000
00000000
00000000
00000000
00000000
00000000
00000000
00000000
00000000
00000000
00000000
00000000
00000000
00000000
00000000
00000000
00000000
00000000
00000000
00000000
00000000
00000000
00000000
00000000
00000000
00000000
00000000
00000000
00000000
00000000
00000000
00000000
00000000
00000000
00000000
00000000
00000000
00000000
00000000
00000000
00000000
00000000
00000000
00000000
00000000
00000000
00000000
00000000
00000000
00000000
00000000
00000000
00000000
00000000
00000000
00000000
00000000
00000000
00000000
00000000
00000000
00000000
00000000
00000000
00000000
00000000
00000000
00000000
00000000
00000000
00000000
00000000
00000000
00000000
00000000
00000000
00000000
00000000
00000000
00000000
00000000
00000000
00000000
00000000
00000000
00000000
00000000
00000000
00000000
00000000
00000000
00000000
00000000
00000000
00000000
00000000
00000000
00000000
00000000
00000000
00000000
00000000
00000000
00000000
00000000
00000000
00000000
00000000
00000000
00000000
00000000
00000000
00000000
00000000
00000000
00000000
00000000
00000000
00000000
00000000
00000000
00000000
00000000
00000000
00000000
00000000
00000000
00000000
00000000
00000000
00000000
00000000
00000000
00000000
00000000
00000000
00000000
00000000
00000000
00000000
00000000
00000000
00000000
00000000
00000000
00000000
00000000
00000000
00000000
00000000
00000000
00000000
00000000
00000000
00000000
00000000
00000000
00000000
00000000
00000000
00000000
00000000
00000000
00000000
00000000
00000000
00000000
00000000
00000000
00000000
00000000
00000000
00000000
00000000
00000000
00000000
00000000
00000000
00000000
00000000
00000000
00000000
00000000
00000000
00000000
00000000
00000000
00000000
00000000
00000000
00000000
00000000
00000000
00000000
00000000
00000000
00000000
00000000
00000000
00000000
00000000
00000000
00000000
00000000
00000000
00000000
00000000
00000000
00000000
00000000
00000000
00000000
00000000
00000000
00000000
00000000
00000000
00000000
00000000
00000000
00000000
00000000
00000000
00000000
00000000
00000000
00000000
00000000
00000000
00000000
00000000
00000000
00000000
00000000
00000000
00000000
00000000
00000000
00000000
00000000
00000000
00000000
00000000
00000000
00000000
00000000
00000000
00000000
00000000
00000000
00000000
00000000
00000000
00000000
00000000
00000000
00000000
00000000
00000000
00000000
00000000
00000000
00000000
00000000
00000000
00000000
00000000
00000000
00000000
00000000
00000000
00000000
00000000
00000000
00000000
00000000
00000000
00000000
00000000
00000000
00000000
00000000
00000000
00000000
00000000
00000000
00000000
00000000
00000000
00000000
00000000
00000000
00000000
00000000
00000000
00000000
00000000
00000000
00000000
00000000
00000000
00000000
00000000
00000000
00000000
00000000
00000000
00000000
00000000
00000000
00000000
00000000
00000000
00000000
00000000
00000000
00000000
00000000
00000000
00000000
00000000
00000000
00000000
00000000
00000000
00000000
00000000
00000000
00000000
00000000
00000000
00000000
00000000
00000000
00000000
00000000
00000000
00000000
00000000
00000000
00000000
00000000
00000000
00000000
00000000
00000000
00000000
00000000
00000000
00000000
00000000
00000000
00000000
00000000
00000000
00000000
00000000
00000000
00000000
00000000
00000000
00000000
00000000
00000000
00000000
00000000
00000000
00000000
00000000
00000000
00000000
00000000
00000000
00000000
00000000
00000000
00000000
00000000
00000000
00000000
00000000
00000000
00000000
00000000
00000000
00000000
00000000
00000000
00000000
00000000
00000000
00000000
00000000
00000000
00000000
00000000
00000000
00000000
00000000
00000000
00000000
00000000
00000000
00000000
00000000
00000000
00000000
00000000
00000000
00000000
00000000
00000000
00000000
00000000
00000000
00000000
00000000
00000000
00000000
00000000
00000000
00000000
00000000
00000000
00000000
00000000
00000000
00000000
00000000
00000000
00000000
00000000
00000000
00000000
00000000
00000000
00000000
00000000
00000000
00000000
00000000
00000000
00000000
00000000
00000000
00000000
00000000
00000000
00000000
00000000
00000000
00000000
00000000
00000000
00000000
00000000
00000000
00000000
00000000
00000000
00000000
00000000
00000000
00000000
00000000
00000000
00000000
00000000
00000000
00000000
00000000
00000000
00000000
00000000
00000000
00000000
00000000
00000000
00000000
00000000
00000000
00000000
00000000
00000000
00000000
00000000
00000000
00000000
00000000
00000000
00000000
00000000
00000000
00000000
00000000
00000000
00000000
00000000
00000000
00000000
00000000
00000000
00000000
00000000
00000000
00000000
00000000
00000000
00000000
00000000
00000000
00000000
00000000
00000000
00000000
00000000
00000000
00000000
00000000
00000000
00000000
00000000
00000000
00000000
00000000
00000000
00000000
00000000
00000000
00000000
00000000
00000000
00000000
00000000
00000000
00000000
00000000
00000000
00000000
00000000
00000000
00000000
00000000
00000000
00000000
00000000
00000000
00000000
00000000
00000000
00000000
00000000
00000000
00000000
00000000
00000000
00000000
00000000
00000000
00000000
00000000
00000000
00000000
00000000
00000000
00000000
00000000
00000000
00000000
00000000
00000000
00000000
00000000
00000000
00000000
00000000
00000000
00000000
00000000
00000000
00000000
00000000
00000000
00000000
00000000
00000000
00000000
00000000
00000000
00000000
00000000
00000000
00000000
00000000
00000000
00000000
00000000
00000000
00000000
00000000
00000000
00000000
00000000
00000000
00000000
00000000
00000000
00000000
00000000
00000000
00000000
00000000
00000000
00000000
00000000
00000000
00000000
00000000
00000000
00000000
00000000
00000000
00000000
00000000
00000000
00000000
00000000
00000000
00000000
00000000
00000000
00000000
00000000
00000000
00000000
00000000
00000000
00000000
00000000
00000000
00000000
00000000
00000000
00000000
00000000
00000000
00000000
00000000
00000000
00000000
00000000
00000000
00000000
00000000
00000000
00000000
00000000
00000000
00000000
00000000
00000000
00000000
00000000
00000000
00000000
00000000
00000000
00000000
00000000
00000000
00000000
00000000
00000000
00000000
00000000
00000000
00000000
00000000
00000000
00000000
00000000
00000000
00000000
00000000
00000000
00000000
00000000
00000000
00000000
00000000
00000000
00000000
00000000
00000000
00000000
00000000
00000000
00000000
00000000
00000000
00000000
00000000
00000000
00000000
00000000
00000000
00000000
00000000
00000000
00000000
00000000
00000000
00000000
00000000
00000000
00000000
00000000
00000000
00000000
00000000
00000000
00000000
00000000
00000000
00000000
00000000
00000000
00000000
00000000
00000000
00000000
00000000
00000000
00000000
00000000
00000000
00000000
00000000
00000000
00000000
00000000
00000000
00000000
00000000
00000000
00000000
00000000
00000000
00000000
00000000
00000000
00000000
00000000
00000000
00000000
00000000
00000000
00000000
00000000
00000000
00000000
00000000
00000000
00000000
00000000
00000000
00000000
00000000
00000000
00000000
00000000
00000000
00000000
00000000
00000000
00000000
00000000
00000000
00000000
00000000
00000000
00000000
00000000
00000000
00000000
00000000
00000000
00000000
00000000
00000000
00000000
00000000
00000000
00000000
00000000
00000000
00000000
00000000
00000000
00000000
00000000
00000000
00000000
00000000
00000000
00000000
00000000
00000000
00000000
00000000
00000000
00000000
00000000
00000000
00000000
00000000
00000000
00000000
00000000
00000000
00000000
00000000
00000000
00000000
00000000
00000000
00000000
00000000
00000000
00000000
00000000
00000000
00000000
00000000
00000000
00000000
00000000
00000000
00000000
00000000
00000000
00000000
00000000
00000000
00000000
00000000
00000000
00000000
00000000
00000000
00000000
00000000
00000000
00000000
00000000
00000000
00000000
00000000
00000000
00000000
00000000
00000000
00000000
00000000
00000000
00000000
00000000
00000000
00000000
00000000
00000000
00000000
00000000
00000000
00000000
00000000
00000000
00000000
00000000
00000000
00000000
00000000
00000000
00000000
00000000
00000000
00000000
00000000
00000000
00000000
00000000
00000000
00000000
00000000
00000000
00000000
00000000
00000000
00000000
00000000
00000000
00000000
00000000
00000000
00000000
00000000
00000000
00000000
00000000
00000000
00000000
00000000
00000000
00000000
00000000
00000000
00000000
00000000
00000000
00000000
00000000
00000000
00000000
00000000
00000000
00000000
00000000
00000000
00000000
00000000
00000000
00000000
00000000
00000000
00000000
00000000
00000000
00000000
00000000
00000000
00000000
00000000
00000000
00000000
00000000
00000000
00000000
00000000
00000000
00000000
00000000
00000000
00000000
00000000
00000000
00000000
00000000
00000000
00000000
00000000
00000000
00000000
00000000
00000000
00000000
00000000
00000000
00000000
00000000
00000000
00000000
00000000
00000000
00000000
00000000
00000000
00000000
00000000
00000000
00000000
00000000
00000000
00000000
00000000
00000000
00000000
00000000
00000000
00000000
00000000
00000000
00000000
00000000
00000000
00000000
00000000
00000000
00000000
00000000
00000000
00000000
00000000
00000000
00000000
00000000
00000000
00000000
00000000
00000000
00000000
00000000
00000000
00000000
00000000
00000000
00000000
00000000
00000000
00000000
00000000
00000000
00000000
00000000
00000000
00000000
00000000
00000000
00000000
00000000
00000000
00000000
00000000
00000000
00000000
00000000
00000000
00000000
00000000
00000000
00000000
00000000
00000000
00000000
00000000
00000000
00000000
00000000
00000000
00000000
00000000
00000000
00000000
00000000
00000000
00000000
00000000
00000000
00000000
00000000
00000000
00000000
00000000
00000000
00000000
00000000
00000000
00000000
00000000
00000000
00000000
00000000
00000000
00000000
00000000
00000000
00000000
00000000
00000000
00000000
00000000
00000000
00000000
00000000
00000000
00000000
00000000
00000000
00000000
00000000
00000000
00000000
00000000
00000000
00000000
00000000
00000000
00000000
00000000
00000000
00000000
00000000
00000000
00000000
00000000
00000000
00000000
00000000
00000000
00000000
00000000
00000000
00000000
00000000
00000000
00000000
00000000
00000000
00000000
00000000
00000000
00000000
00000000
00000000
00000000
00000000
00000000
00000000
00000000
00000000
00000000
00000000
00000000
00000000
00000000
00000000
00000000
00000000
00000000
00000000
00000000
00000000
00000000
00000000
00000000
00000000
00000000
00000000
00000000
00000000
00000000
00000000
00000000
00000000
00000000
00000000
00000000
00000000
00000000
00000000
00000000
00000000
00000000
00000000
00000000
00000000
00000000
00000000
00000000
00000000
00000000
00000000
00000000
00000000
00000000
00000000
00000000
00000000
00000000
00000000
00000000
00000000
00000000
00000000
00000000
00000000
00000000
00000000
00000000
00000000
00000000
00000000
00000000
00000000
00000000
00000000
00000000
00000000
00000000
00000000
00000000
00000000
00000000
00000000
00000000
00000000
00000000
00000000
00000000
00000000
00000000
00000000
00000000
00000000
00000000
00000000
00000000
00000000
00000000
00000000
00000000
00000000
00000000
00000000
00000000
00000000
00000000
00000000
00000000
00000000
00000000
00000000
00000000
00000000
00000000
00000000
00000000
00000000
00000000
00000000
00000000
00000000
00000000
00000000
00000000
00000000
00000000
00000000
00000000
00000000
00000000
00000000
00000000
00000000
00000000
00000000
00000000
00000000
00000000
00000000
00000000
00000000
00000000
00000000
00000000
00000000
00000000
00000000
00000000
00000000
00000000
00000000
00000000
00000000
00000000
00000000
00000000
00000000
00000000
00000000
00000000
00000000
00000000
00000000
00000000
00000000
00000000
00000000
00000000
00000000
00000000
00000000
00000000
00000000
00000000
00000000
00000000
00000000
00000000
00000000
00000000
00000000
00000000
00000000
00000000
00000000
00000000
00000000
00000000
00000000
00000000
00000000
00000000
00000000
00000000
00000000
00000000
00000000
00000000
00000000
00000000
00000000
00000000
00000000
00000000
00000000
00000000
00000000
00000000
00000000
00000000
00000000
00000000
00000000
00000000
00000000
00000000
00000000
00000000
00000000
00000000
00000000
00000000
00000000
00000000
00000000
00000000
00000000
00000000
00000000
00000000
00000000
00000000
00000000
00000000
00000000
00000000
00000000
00000000
00000000
00000000
00000000
00000000
00000000
00000000
00000000
00000000
00000000
00000000
00000000
00000000
00000000
00000000
00000000
00000000
00000000
00000000
00000000
00000000
00000000
00000000
00000000
00000000
00000000
00000000
00000000
00000000
00000000
00000000
00000000
00000000
00000000
00000000
00000000
00000000
00000000
00000000
00000000
00000000
00000000
00000000
00000000
00000000
00000000
00000000
00000000
00000000
00000000
00000000
00000000
00000000
00000000
00000000
00000000
00000000
00000000
00000000
00000000
00000000
00000000
00000000
00000000
00000000
00000000
00000000
00000000
00000000
00000000
00000000
00000000
00000000
00000000
00000000
00000000
00000000
00000000
00000000
00000000
00000000
00000000
00000000
00000000
00000000
00000000
00000000
00000000
00000000
00000000
00000000
00000000
00000000
00000000
00000000
00000000
00000000
00000000
00000000
00000000
00000000
00000000
00000000
00000000
00000000
00000000
00000000
00000000
00000000
00000000
00000000
00000000
00000000
00000000
00000000
00000000
00000000
00000000
00000000
00000000
00000000
00000000
00000000
00000000
00000000
00000000
00000000
00000000
00000000
00000000
00000000
00000000
00000000
00000000
00000000
00000000
00000000
00000000
00000000
00000000
00000000
00000000
00000000
00000000
00000000
00000000
00000000
00000000
00000000
00000000
00000000
00000000
00000000
00000000
00000000
00000000
00000000
00000000
00000000
00000000
00000000
00000000
00000000
00000000
00000000
00000000
00000000
00000000
00000000
00000000
00000000
00000000
00000000
00000000
00000000
00000000
00000000
00000000
00000000
00000000
00000000
00000000
00000000
00000000
00000000
00000000
00000000
00000000
00000000
00000000
00000000
00000000
00000000
00000000
00000000
00000000
00000000
00000000
00000000
00000000
00000000
00000000
00000000
00000000
00000000
00000000
00000000
00000000
00000000
00000000
00000000
00000000
00000000
00000000
00000000
00000000
00000000
00000000
00000000
00000000
00000000
00000000
00000000
00000000
00000000
00000000
00000000
00000000
00000000
00000000
00000000
00000000
00000000
00000000
00000000
00000000
00000000
00000000
00000000
00000000
00000000
00000000
00000000
00000000
00000000
00000000
00000000
00000000
00000000
00000000
00000000
00000000
00000000
00000000
00000000
00000000
00000000
00000000
00000000
00000000
00000000
00000000
00000000
00000000
00000000
00000000
00000000
00000000
00000000
00000000
00000000
00000000
00000000
00000000
00000000
00000000
00000000
00000000
00000000
00000000
00000000
00000000
00000000
00000000
00000000
00000000
00000000
00000000
00000000
00000000
00000000
00000000
00000000
00000000
00000000
00000000
00000000
00000000
00000000
00000000
00000000
00000000
00000000
00000000
00000000
00000000
00000000
00000000
00000000
00000000
00000000
00000000
00000000
00000000
00000000
00000000
00000000
00000000
00000000
00000000
00000000
00000000
00000000
00000000
00000000
00000000
00000000
00000000
00000000
00000000
00000000
00000000
00000000
00000000
00000000
00000000
00000000
00000000
00000000
00000000
00000000
00000000
00000000
00000000
00000000
00000000
00000000
00000000
00000000
00000000
00000000
00000000
00000000
00000000
00000000
00000000
00000000
00000000
00000000
00000000
00000000
00000000
00000000
00000000
00000000
00000000
00000000
00000000
00000000
00000000
00000000
00000000
00000000
00000000
00000000
00000000
00000000
00000000
00000000
00000000
00000000
00000000
00000000
00000000
00000000
00000000
00000000
00000000
00000000
00000000
00000000
00000000
00000000
00000000
00000000
00000000
00000000
00000000
00000000
00000000
00000000
00000000
00000000
00000000
00000000
00000000
00000000
00000000
00000000
00000000
00000000
00000000
00000000
00000000
00000000
00000000
00000000
00000000
00000000
00000000
00000000
00000000
00000000
00000000
00000000
00000000
00000000
00000000
00000000
00000000
00000000
00000000
00000000
00000000
00000000
00000000
00000000
00000000
00000000
00000000
00000000
00000000
00000000
00000000
00000000
00000000
00000000
00000000
00000000
00000000
00000000
00000000
00000000
00000000
00000000
00000000
00000000
00000000
00000000
00000000
00000000
00000000
00000000
00000000
00000000
00000000
00000000
00000000
00000000
00000000
00000000
00000000
00000000
00000000
00000000
00000000
00000000
00000000
00000000
00000000
00000000
00000000
00000000
00000000
00000000
00000000
00000000
00000000
00000000
00000000
00000000
00000000
00000000
00000000
00000000
00000000
00000000
00000000
00000000
00000000
00000000
00000000
00000000
00000000
00000000
00000000
00000000
00000000
00000000
00000000
00000000
00000000
00000000
00000000
00000000
00000000
00000000
00000000
00000000
00000000
00000000
00000000
00000000
00000000
00000000
00000000
00000000
00000000
00000000
00000000
00000000
00000000
00000000
00000000
00000000
00000000
00000000
00000000
00000000
00000000
00000000
00000000
00000000
00000000
00000000
00000000
00000000
00000000
00000000
00000000
00000000
00000000
00000000
00000000
00000000
00000000
00000000
00000000
00000000
00000000
00000000
00000000
00000000
00000000
00000000
00000000
00000000
00000000
00000000
00000000
00000000
00000000
00000000
00000000
00000000
00000000
00000000
00000000
00000000
00000000
00000000
00000000
00000000
00000000
00000000
00000000
00000000
00000000
00000000
00000000
00000000
00000000
00000000
00000000
00000000
00000000
00000000
00000000
00000000
00000000
00000000
00000000
00000000
00000000
00000000
00000000
00000000
00000000
00000000
00000000
00000000
00000000
00000000
00000000
00000000
00000000
00000000
00000000
00000000
00000000
00000000
00000000
00000000
00000000
00000000
00000000
00000000
00000000
00000000
00000000
00000000
00000000
00000000
00000000
00000000
00000000
00000000
00000000
00000000
00000000
00000000
00000000
00000000
00000000
00000000
00000000
00000000
00000000
00000000
00000000
00000000
00000000
00000000
00000000
00000000
00000000
00000000
00000000
00000000
00000000
00000000
00000000
00000000
00000000
00000000
00000000
00000000
00000000
00000000
00000000
00000000
00000000
00000000
00000000
00000000
00000000
00000000
00000000
00000000
00000000
00000000
00000000
00000000
00000000
00000000
00000000
00000000
00000000
00000000
00000000
00000000
00000000
00000000
00000000
00000000
00000000
00000000
00000000
00000000
00000000
00000000
00000000
00000000
00000000
00000000
00000000
00000000
00000000
00000000
00000000
00000000
00000000
00000000
00000000
00000000
00000000
00000000
00000000
00000000
00000000
00000000
00000000
00000000
00000000
00000000
00000000
00000000
00000000
00000000
00000000
00000000
00000000
00000000
00000000
00000000
00000000
00000000
00000000
00000000
00000000
00000000
00000000
00000000
00000000
00000000
00000000
00000000
00000000
00000000
00000000
00000000
00000000
00000000
00000000
00000000
00000000
00000000
00000000
00000000
00000000
00000000
00000000
00000000
00000000
00000000
00000000
00000000
00000000
00000000
00000000
00000000
00000000
00000000
00000000
00000000
00000000
00000000
00000000
00000000
00000000
00000000
00000000
00000000
00000000
00000000
00000000
00000000
00000000
00000000
00000000
00000000
00000000
00000000
00000000
00000000
00000000
00000000
00000000
00000000
00000000
00000000
00000000
00000000
00000000
00000000
00000000
00000000
00000000
00000000
00000000
00000000
00000000
00000000
00000000
00000000
00000000
00000000
00000000
00000000
00000000
00000000
00000000
00000000
00000000
00000000
00000000
00000000
00000000
00000000
00000000
00000000
00000000
00000000
00000000
00000000
00000000
00000000
00000000
00000000
00000000
00000000
00000000
00000000
00000000
00000000
00000000
00000000
00000000
00000000
00000000
00000000
00000000
00000000
00000000
00000000
00000000
00000000
00000000
00000000
00000000
00000000
00000000
00000000
00000000
00000000
00000000
00000000
00000000
00000000
00000000
00000000
00000000
00000000
00000000
00000000
00000000
00000000
00000000
00000000
00000000
00000000
00000000
00000000
00000000
00000000
00000000
00000000
00000000
00000000
00000000
00000000
00000000
00000000
00000000
00000000
00000000
00000000
00000000
00000000
00000000
00000000
00000000
00000000
00000000
00000000
00000000
00000000
00000000
00000000
00000000
00000000
00000000
00000000
00000000
00000000
00000000
00000000
00000000
00000000
00000000
00000000
00000000
00000000
00000000
00000000
00000000
00000000
00000000
00000000
00000000
00000000
00000000
00000000
00000000
00000000
00000000
00000000
00000000
00000000
00000000
00000000
00000000
00000000
00000000
00000000
00000000
00000000
00000000
00000000
00000000
00000000
00000000
00000000
00000000
00000000
00000000
00000000
00000000
00000000
00000000
00000000
00000000
00000000
00000000
00000000
00000000
00000000
00000000
00000000
00000000
00000000
00000000
00000000
00000000
00000000
00000000
00000000
00000000
00000000
00000000
00000000
00000000
00000000
00000000
00000000
00000000
00000000
00000000
00000000
00000000
00000000
00000000
00000000
00000000
00000000
00000000
00000000
00000000
00000000
00000000
00000000
00000000
00000000
00000000
00000000
00000000
00000000
00000000
00000000
00000000
00000000
00000000
00000000
00000000
00000000
00000000
00000000
00000000
00000000
00000000
00000000
00000000
00000000
00000000
00000000
00000000
00000000
00000000
00000000
00000000
00000000
00000000
00000000
00000000
00000000
00000000
00000000
00000000
00000000
00000000
00000000
00000000
00000000
00000000
00000000
00000000
00000000
00000000
00000000
00000000
00000000
00000000
00000000
00000000
00000000
00000000
00000000
00000000
00000000
00000000
00000000
00000000
00000000
00000000
00000000
00000000
00000000
00000000
00000000
00000000
00000000
00000000
00000000
00000000
00000000
00000000
00000000
00000000
00000000
00000000
00000000
00000000
00000000
00000000
00000000
00000000
00000000
00000000
00000000
00000000
00000000
00000000
00000000
00000000
00000000
00000000
00000000
00000000
00000000
00000000
00000000
00000000
00000000
00000000
00000000
00000000
00000000
00000000
00000000
00000000
00000000
00000000
00000000
00000000
00000000
00000000
00000000
00000000
00000000
00000000
00000000
00000000
00000000
00000000
00000000
00000000
00000000
00000000
00000000
00000000
00000000
00000000
00000000
00000000
00000000
00000000
00000000
00000000
00000000
00000000
00000000
00000000
00000000
00000000
00000000
00000000
00000000
00000000
00000000
00000000
00000000
00000000
00000000
00000000
00000000
00000000
00000000
00000000
00000000
00000000
00000000
00000000
00000000
00000000
00000000
00000000
00000000
00000000
00000000
00000000
00000000
00000000
00000000
00000000
00000000
00000000
00000000
00000000
00000000
00000000
00000000
00000000
00000000
00000000
00000000
00000000
00000000
00000000
00000000
00000000
00000000
00000000
00000000
00000000
00000000
00000000
00000000
00000000
00000000
00000000
00000000
00000000
00000000
00000000
00000000
00000000
00000000
00000000
00000000
00000000
00000000
00000000
00000000
00000000
00000000
00000000
00000000
00000000
00000000
00000000
00000000
00000000
00000000
00000000
00000000
00000000
00000000
00000000
00000000
00000000
00000000
00000000
00000000
00000000
00000000
00000000
00000000
00000000
00000000
00000000
00000000
00000000
00000000
00000000
00000000
00000000
00000000
00000000
00000000
00000000
00000000
00000000
00000000
00000000
00000000
00000000
00000000
00000000
00000000
00000000
00000000
00000000
00000000
00000000
00000000
00000000
00000000
00000000
00000000
00000000
00000000
00000000
00000000
00000000
00000000
00000000
00000000
00000000
00000000
00000000
00000000
00000000
00000000
00000000
00000000
00000000
00000000
00000000
00000000
00000000
00000000
00000000
00000000
00000000
00000000
00000000
00000000
00000000
00000000
00000000
00000000
00000000
00000000
00000000
00000000
00000000
00000000
00000000
00000000
00000000
00000000
00000000
00000000
00000000
00000000
00000000
00000000
00000000
00000000
00000000
00000000
00000000
00000000
00000000
00000000
00000000
00000000
00000000
00000000
00000000
00000000
00000000
00000000
00000000
00000000
00000000
00000000
00000000
00000000
00000000
00000000
00000000
00000000
00000000
00000000
00000000
00000000
00000000
00000000
00000000
00000000
00000000
00000000
00000000
00000000
00000000
00000000
00000000
00000000
00000000
00000000
00000000
00000000
00000000
00000000
00000000
00000000
00000000
00000000
00000000
00000000
00000000
00000000
00000000
00000000
00000000
00000000
00000000
00000000
00000000
00000000
00000000
00000000
00000000
00000000
00000000
00000000
00000000
00000000
00000000
00000000
00000000
00000000
00000000
00000000
00000000
00000000
00000000
00000000
00000000
00000000
00000000
00000000
00000000
00000000
00000000
00000000
00000000
00000000
00000000
00000000
00000000
00000000
00000000
00000000
00000000
00000000
00000000
00000000
00000000
00000000
00000000
00000000
00000000
00000000
00000000
00000000
00000000
00000000
00000000
00000000
00000000
00000000
00000000
00000000
00000000
00000000
00000000
00000000
00000000
00000000
00000000
00000000
00000000
00000000
00000000
00000000
00000000
00000000
00000000
00000000
00000000
00000000
00000000
00000000
00000000
00000000
00000000
00000000
00000000
00000000
00000000
00000000
00000000
00000000
00000000
00000000
00000000
00000000
00000000
00000000
00000000
00000000
00000000
00000000
00000000
00000000
00000000
00000000
00000000
00000000
00000000
00000000
00000000
00000000
00000000
00000000
00000000
00000000
00000000
00000000
00000000
00000000
00000000
00000000
00000000
00000000
00000000
00000000
00000000
00000000
00000000
00000000
00000000
00000000
00000000
00000000
00000000
00000000
00000000
00000000
00000000
00000000
00000000
00000000
00000000
00000000
00000000
00000000
00000000
00000000
00000000
00000000
00000000
00000000
00000000
00000000
00000000
00000000
00000000
00000000
00000000
00000000
00000000
00000000
00000000
00000000
00000000
00000000
00000000
00000000
00000000
00000000
00000000
00000000
00000000
00000000
00000000
00000000
00000000
00000000
00000000
00000000
00000000
00000000
00000000
00000000
00000000
00000000
00000000
00000000
00000000
00000000
00000000
00000000
00000000
00000000
00000000
00000000
00000000
00000000
00000000
00000000
00000000
00000000
00000000
00000000
00000000
00000000
00000000
00000000
00000000
00000000
00000000
00000000
00000000
00000000
00000000
00000000
00000000
00000000
00000000
00000000
00000000
00000000
00000000
00000000
00000000
00000000
00000000
00000000
00000000
00000000
00000000
00000000
00000000
00000000
00000000
00000000
00000000
00000000
00000000
00000000
00000000
00000000
00000000
00000000
00000000
00000000
00000000
00000000
00000000
00000000
00000000
00000000
00000000
00000000
00000000
00000000
00000000
00000000
00000000
00000000
00000000
00000000
00000000
00000000
00000000
00000000
00000000
00000000
00000000
00000000
00000000
00000000
00000000
00000000
00000000
00000000
00000000
00000000
00000000
00000000
00000000
00000000
00000000
00000000
00000000
00000000
00000000
00000000
00000000
00000000
00000000
00000000
00000000
00000000
00000000
00000000
00000000
00000000
00000000
00000000
00000000
00000000
00000000
00000000
00000000
00000000
00000000
00000000
00000000
00000000
00000000
00000000
00000000
00000000
00000000
00000000
00000000
00000000
00000000
00000000
00000000
00000000
00000000
00000000
00000000
00000000
00000000
00000000
00000000
00000000
00000000
00000000
00000000
00000000
00000000
00000000
00000000
00000000
00000000
00000000
00000000
00000000
00000000
00000000
00000000
00000000
00000000
00000000
00000000
00000000
00000000
00000000
00000000
00000000
00000000
00000000
00000000
00000000
00000000
00000000
00000000
00000000
00000000
00000000
00000000
00000000
00000000
00000000
00000000
00000000
00000000
00000000
00000000
00000000
00000000
00000000
00000000
00000000
00000000
00000000
00000000
00000000
00000000
00000000
00000000
00000000
00000000
00000000
00000000
00000000
00000000
00000000
00000000
00000000
00000000
00000000
00000000
00000000
00000000
00000000
00000000
00000000
00000000
00000000
00000000
00000000
00000000
00000000
00000000
00000000
00000000
00000000
00000000
00000000
00000000
00000000
00000000
00000000
00000000
00000000
00000000
00000000
00000000
00000000
00000000
00000000
00000000
00000000
00000000
00000000
00000000
00000000
00000000
00000000
00000000
00000000
00000000
00000000
00000000
00000000
00000000
00000000
00000000
00000000
00000000
00000000
00000000
00000000
00000000
00000000
00000000
00000000
00000000
00000000
00000000
00000000
00000000
00000000
00000000
00000000
00000000
00000000
00000000
00000000
00000000
00000000
00000000
00000000
00000000
00000000
00000000
00000000
00000000
00000000
00000000
00000000
00000000
00000000
00000000
00000000
00000000
00000000
00000000
00000000
00000000
00000000
00000000
00000000
00000000
00000000
00000000
00000000
00000000
00000000
00000000
00000000
00000000
00000000
00000000
00000000
00000000
00000000
00000000
00000000
00000000
00000000
00000000
00000000
00000000
00000000
00000000
00000000
00000000
00000000
00000000
00000000
00000000
00000000
00000000
00000000
00000000
00000000
00000000
00000000
00000000
00000000
00000000
00000000
00000000
00000000
00000000
00000000
00000000
00000000
00000000
00000000
00000000
00000000
00000000
00000000
00000000
00000000
00000000
00000000
00000000
00000000
00000000
00000000
00000000
00000000
00000000
00000000
00000000
00000000
00000000
00000000
00000000
00000000
00000000
00000000
00000000
00000000
00000000
00000000
00000000
00000000
00000000
00000000
00000000
00000000
00000000
00000000
00000000
00000000
00000000
00000000
00000000
00000000
00000000
00000000
00000000
00000000
00000000
00000000
00000000
00000000
00000000
00000000
00000000
00000000
00000000
00000000
00000000
00000000
00000000
00000000
00000000
00000000
00000000
00000000
00000000
00000000
00000000
00000000
00000000
00000000
00000000
00000000
00000000
00000000
00000000
00000000
00000000
00000000
00000000
00000000
00000000
00000000
00000000
00000000
00000000
00000000
00000000
00000000
00000000
00000000
00000000
00000000
00000000
00000000
00000000
00000000
00000000
00000000
00000000
00000000
00000000
00000000
00000000
00000000
00000000
00000000
00000000
00000000
00000000
00000000
00000000
00000000
00000000
00000000
00000000
00000000
00000000
00000000
00000000
00000000
00000000
00000000
00000000
00000000
00000000
00000000
00000000
00000000
00000000
00000000
00000000
00000000
00000000
00000000
00000000
00000000
00000000
00000000
00000000
00000000
00000000
00000000
00000000
00000000
00000000
00000000
00000000
00000000
00000000
00000000
00000000
00000000
00000000
00000000
00000000
00000000
00000000
00000000
00000000
00000000
00000000
00000000
00000000
00000000
00000000
00000000
00000000
00000000
00000000
00000000
00000000
00000000
00000000
00000000
00000000
00000000
00000000
00000000
00000000
00000000
00000000
00000000
00000000
00000000
00000000
00000000
00000000
00000000
00000000
00000000
00000000
00000000
00000000
00000000
00000000
00000000
00000000
00000000
00000000
00000000
00000000
00000000
00000000
00000000
00000000
00000000
00000000
00000000
00000000
00000000
00000000
00000000
00000000
00000000
00000000
00000000
00000000
00000000
00000000
00000000
00000000
00000000
00000000
00000000
00000000
00000000
00000000
00000000
00000000
00000000
00000000
00000000
00000000
00000000
00000000
00000000
00000000
00000000
00000000
00000000
00000000
00000000
00000000
00000000
00000000
00000000
00000000
00000000
00000000
00000000
00000000
00000000
00000000
00000000
00000000
00000000
00000000
00000000
00000000
00000000
00000000
00000000
00000000
00000000
00000000
00000000
00000000
00000000
00000000
00000000
00000000
00000000
00000000
00000000
00000000
00000000
00000000
00000000
00000000
00000000
00000000
00000000
00000000
00000000
00000000
00000000
00000000
00000000
00000000
00000000
00000000
00000000
00000000
00000000
00000000
00000000
00000000
00000000
00000000
00000000
00000000
00000000
00000000
00000000
00000000
00000000
00000000
00000000
00000000
00000000
00000000
00000000
00000000
00000000
00000000
00000000
00000000
00000000
00000000
00000000
00000000
00000000
00000000
00000000
00000000
00000000
00000000
00000000
00000000
00000000
00000000
00000000
00000000
00000000
00000000
00000000
00000000
00000000
00000000
00000000
00000000
00000000
00000000
00000000
00000000
00000000
00000000
00000000
00000000
00000000
00000000
00000000
00000000
00000000
00000000
00000000
00000000
00000000
00000000
00000000
00000000
00000000
00000000
00000000
00000000
00000000
00000000
00000000
00000000
00000000
00000000
00000000
00000000
00000000
00000000
00000000
00000000
00000000
00000000
00000000
00000000
00000000
00000000
00000000
00000000
00000000
00000000
00000000
00000000
00000000
00000000
00000000
00000000
00000000
00000000
00000000
00000000
00000000
00000000
00000000
00000000
00000000
00000000
00000000
00000000
00000000
00000000
00000000
00000000
00000000
00000000
00000000
00000000
00000000
00000000
00000000
00000000
00000000
00000000
00000000
00000000
00000000
00000000
00000000
00000000
00000000
00000000
00000000
00000000
00000000
00000000
00000000
00000000
00000000
00000000
00000000
00000000
00000000
00000000
00000000
00000000
00000000
00000000
00000000
00000000
00000000
00000000
00000000
00000000
00000000
00000000
00000000
00000000
00000000
00000000
00000000
00000000
00000000
00000000
00000000
00000000
00000000
00000000
00000000
00000000
00000000
00000000
00000000
00000000
00000000
00000000
00000000
00000000
00000000
00000000
00000000
00000000
00000000
00000000
00000000
00000000
00000000
00000000
00000000
00000000
00000000
00000000
00000000
00000000
00000000
00000000
00000000
00000000
00000000
00000000
00000000
00000000
00000000
00000000
00000000
00000000
00000000
00000000
00000000
00000000
00000000
00000000
00000000
00000000
00000000
00000000
00000000
00000000
00000000
00000000
00000000
00000000
00000000
00000000
00000000
00000000
00000000
00000000
00000000
00000000
00000000
00000000
00000000
00000000
00000000
00000000
00000000
00000000
00000000
00000000
00000000
00000000
00000000
00000000
00000000
00000000
00000000
00000000
00000000
00000000
00000000
00000000
00000000
00000000
00000000
00000000
00000000
00000000
00000000
00000000
00000000
00000000
00000000
00000000
00000000
00000000
00000000
00000000
00000000
00000000
00000000
00000000
00000000
00000000
00000000
00000000
00000000
00000000
00000000
00000000
00000000
00000000
00000000
00000000
00000000
00000000
00000000
00000000
00000000
00000000
00000000
00000000
00000000
00000000
00000000
00000000
00000000
00000000
00000000
00000000
00000000
00000000
00000000
00000000
00000000
00000000
00000000
00000000
00000000
00000000
00000000
00000000
00000000
00000000
00000000
00000000
00000000
00000000
00000000
00000000
00000000
00000000
00000000
00000000
00000000
00000000
00000000
00000000
00000000
00000000
00000000
00000000
00000000
00000000
00000000
00000000
00000000
00000000
00000000
00000000
00000000
00000000
00000000
00000000
00000000
00000000
00000000
00000000
00000000
00000000
00000000
00000000
00000000
00000000
00000000
00000000
00000000
00000000
00000000
00000000
00000000
00000000
00000000
00000000
00000000
00000000
00000000
00000000
00000000
00000000
00000000
00000000
00000000
00000000
00000000
00000000
00000000
00000000
00000000
00000000
00000000
00000000
00000000
00000000
00000000
00000000
00000000
00000000
00000000
00000000
00000000
00000000
00000000
00000000
00000000
00000000
00000000
00000000
00000000
00000000
00000000
00000000
00000000
00000000
00000000
00000000
00000000
00000000
00000000
00000000
00000000
00000000
00000000
00000000
00000000
00000000
00000000
00000000
00000000
00000000
00000000
00000000
00000000
00000000
00000000
00000000
00000000
00000000
00000000
00000000
00000000
00000000
00000000
00000000
00000000
00000000
00000000
00000000
00000000
00000000
00000000
00000000
00000000
00000000
00000000
00000000
00000000
00000000
00000000
00000000
00000000
00000000
00000000
00000000
00000000
00000000
00000000
00000000
00000000
00000000
00000000
00000000
00000000
00000000
00000000
00000000
00000000
00000000
00000000
00000000
00000000
00000000
00000000
00000000
00000000
00000000
00000000
00000000
00000000
00000000
00000000
00000000
00000000
00000000
00000000
00000000
00000000
00000000
00000000
00000000
00000000
00000000
00000000
00000000
00000000
00000000
00000000
00000000
00000000
00000000
00000000
00000000
00000000
00000000
00000000
00000000
00000000
00000000
00000000
00000000
00000000
00000000
00000000
00000000
00000000
00000000
00000000
00000000
00000000
00000000
00000000
00000000
00000000
00000000
00000000
00000000
00000000
00000000
00000000
00000000
00000000
00000000
00000000
00000000
00000000
00000000
00000000
00000000
00000000
00000000
00000000
00000000
00000000
00000000
00000000
00000000
00000000
00000000
00000000
00000000
00000000
00000000
00000000
00000000
00000000
00000000
00000000
00000000
00000000
00000000
00000000
00000000
00000000
00000000
00000000
00000000
00000000
00000000
00000000
00000000
00000000
00000000
00000000
00000000
00000000
00000000
00000000
00000000
00000000
00000000
00000000
00000000
00000000
00000000
00000000
00000000
00000000
00000000
00000000
00000000
00000000
00000000
00000000
00000000
00000000
00000000
00000000
00000000
00000000
00000000
00000000
00000000
00000000
00000000
00000000
00000000
00000000
00000000
00000000
00000000
00000000
00000000
00000000
00000000
00000000
00000000
00000000
00000000
00000000
00000000
00000000
00000000
00000000
00000000
00000000
00000000
00000000
00000000
00000000
00000000
00000000
00000000
00000000
00000000
00000000
00000000
00000000
00000000
00000000
00000000
00000000
00000000
00000000
00000000
00000000
00000000
00000000
00000000
00000000
00000000
00000000
00000000
00000000
00000000
00000000
00000000
00000000
00000000
00000000
00000000
00000000
00000000
00000000
00000000
00000000
00000000
00000000
00000000
00000000
00000000
00000000
00000000
00000000
00000000
00000000
00000000
00000000
00000000
00000000
00000000
00000000
00000000
00000000
00000000
00000000
00000000
00000000
00000000
00000000
00000000
00000000
00000000
00000000
00000000
00000000
00000000
00000000
00000000
00000000
00000000
00000000
00000000
00000000
00000000
00000000
00000000
00000000
00000000
00000000
00000000
00000000
00000000
00000000
00000000
00000000
00000000
00000000
00000000
00000000
00000000
00000000
00000000
00000000
00000000
00000000
00000000
00000000
00000000
00000000
00000000
00000000
00000000
00000000
00000000
00000000
00000000
00000000
00000000
00000000
00000000
00000000
00000000
00000000
00000000
00000000
00000000
00000000
00000000
00000000
00000000
00000000
00000000
00000000
00000000
00000000
00000000
00000000
00000000
00000000
00000000
00000000
00000000
00000000
00000000
00000000
00000000
00000000
00000000
00000000
00000000
00000000
00000000
00000000
00000000
00000000
00000000
00000000
00000000
00000000
00000000
00000000
00000000
00000000
00000000
00000000
00000000
00000000
00000000
00000000
00000000
00000000
00000000
00000000
00000000
00000000
00000000
00000000
00000000
00000000
00000000
00000000
00000000
00000000
00000000
00000000
00000000
00000000
00000000
00000000
00000000
00000000
00000000
00000000
00000000
00000000
00000000
00000000
00000000
00000000
00000000
00000000
00000000
00000000
00000000
00000000
00000000
00000000
00000000
00000000
00000000
00000000
00000000
00000000
00000000
00000000
00000000
00000000
00000000
00000000
00000000
00000000
00000000
00000000
00000000
00000000
00000000
00000000
00000000
00000000
00000000
00000000
00000000
00000000
00000000
00000000
00000000
00000000
00000000
00000000
00000000
00000000
00000000
00000000
00000000
00000000
00000000
00000000
00000000
00000000
00000000
00000000
00000000
00000000
00000000
00000000
00000000
00000000
00000000
00000000
00000000
00000000
00000000
00000000
00000000
00000000
00000000
00000000
00000000
00000000
00000000
00000000
00000000
00000000
00000000
00000000
00000000
00000000
00000000
00000000
00000000
00000000
00000000
00000000
00000000
00000000
00000000
00000000
00000000
00000000
00000000
00000000
00000000
00000000
00000000
00000000
00000000
00000000
00000000
00000000
00000000
00000000
00000000
00000000
00000000
00000000
00000000
00000000
00000000
00000000
00000000
00000000
00000000
00000000
00000000
00000000
00000000
00000000
00000000
00000000
00000000
00000000
00000000
00000000
00000000
00000000
00000000
00000000
00000000
00000000
00000000
00000000
00000000
00000000
00000000
00000000
00000000
00000000
00000000
00000000
00000000
00000000
00000000
00000000
00000000
00000000
00000000
00000000
00000000
00000000
00000000
00000000
00000000
00000000
00000000
00000000
00000000
00000000
00000000
00000000
00000000
00000000
00000000
00000000
00000000
00000000
00000000
00000000
00000000
00000000
00000000
00000000
00000000
00000000
00000000
00000000
00000000
00000000
00000000
00000000
00000000
00000000
00000000
00000000
00000000
00000000
00000000
00000000
00000000
00000000
00000000
00000000
00000000
00000000
00000000
00000000
00000000
00000000
00000000
00000000
00000000
00000000
00000000
00000000
00000000
00000000
00000000
00000000
00000000
00000000
00000000
00000000
00000000
00000000
00000000
00000000
00000000
00000000
00000000
00000000
00000000
00000000
00000000
00000000
00000000
00000000
00000000
00000000
00000000
00000000
00000000
00000000
00000000
00000000
00000000
00000000
00000000
00000000
00000000
00000000
00000000
00000000
00000000
00000000
00000000
00000000
00000000
00000000
00000000
00000000
00000000
00000000
00000000
00000000
00000000
00000000
00000000
00000000
00000000
00000000
00000000
00000000
00000000
00000000
00000000
00000000
00000000
00000000
00000000
00000000
00000000
00000000
00000000
00000000
00000000
00000000
00000000
00000000
00000000
00000000
00000000
00000000
00000000
00000000
00000000
00000000
00000000
00000000
00000000
00000000
00000000
00000000
00000000
00000000
00000000
00000000
00000000
00000000
00000000
00000000
00000000
00000000
00000000
00000000
00000000
00000000
00000000
00000000
00000000
00000000
00000000
00000000
00000000
00000000
00000000
00000000
00000000
00000000
00000000
00000000
00000000
00000000
00000000
00000000
00000000
00000000
00000000
00000000
00000000
00000000
00000000
00000000
00000000
00000000
00000000
00000000
00000000
00000000
00000000
00000000
00000000
00000000
00000000
00000000
00000000
00000000
00000000
00000000
00000000
00000000
00000000
00000000
00000000
00000000
00000000
00000000
00000000
00000000
00000000
00000000
00000000
00000000
00000000
00000000
00000000
00000000
00000000
00000000
00000000
00000000
00000000
00000000
00000000
00000000
00000000
00000000
00000000
00000000
00000000
00000000
00000000
00000000
00000000
00000000
00000000
00000000
00000000
00000000
00000000
00000000
00000000
00000000
00000000
00000000
00000000
00000000
00000000
00000000
00000000
00000000
00000000
00000000
00000000
00000000
00000000
00000000
00000000
00000000
00000000
00000000
00000000
00000000
00000000
00000000
00000000
00000000
00000000
00000000
00000000
00000000
00000000
00000000
00000000
00000000
00000000
00000000
00000000
00000000
00000000
00000000
00000000
00000000
00000000
00000000
00000000
00000000
00000000
00000000
00000000
00000000
00000000
00000000
00000000
00000000
00000000
00000000
00000000
00000000
00000000
00000000
00000000
00000000
00000000
00000000
00000000
00000000
00000000
00000000
00000000
00000000
00000000
00000000
00000000
00000000
00000000
00000000
00000000
00000000
00000000
00000000
00000000
00000000
00000000
00000000
00000000
00000000
00000000
00000000
00000000
00000000
00000000
00000000
00000000
00000000
00000000
00000000
00000000
00000000
00000000
00000000
00000000
00000000
00000000
00000000
00000000
00000000
00000000
00000000
00000000
00000000
00000000
00000000
00000000
00000000
00000000
00000000
00000000
00000000
00000000
00000000
00000000
00000000
00000000
00000000
00000000
00000000
00000000
00000000
00000000
00000000
00000000
00000000
00000000
00000000
00000000
00000000
00000000
00000000
00000000
00000000
00000000
00000000
00000000
00000000
00000000
00000000
00000000
00000000
00000000
00000000
00000000
00000000
00000000
00000000
00000000
00000000
00000000
00000000
00000000
00000000
00000000
00000000
00000000
00000000
00000000
00000000
00000000
00000000
00000000
00000000
00000000
00000000
00000000
00000000
00000000
00000000
00000000
00000000
00000000
00000000
00000000
00000000
00000000
00000000
00000000
00000000
00000000
00000000
00000000
00000000
00000000
00000000
00000000
00000000
00000000
00000000
00000000
00000000
00000000
00000000
00000000
00000000
00000000
00000000
00000000
00000000
00000000
00000000
00000000
00000000
00000000
00000000
00000000
00000000
00000000
00000000
00000000
00000000
00000000
00000000
00000000
00000000
00000000
00000000
00000000
00000000
00000000
00000000
00000000
00000000
00000000
00000000
00000000
00000000
00000000
00000000
00000000
00000000
00000000
00000000
00000000
00000000
00000000
00000000
00000000
00000000
00000000
00000000
00000000
00000000
00000000
00000000
00000000
00000000
00000000
00000000
00000000
00000000
00000000
00000000
00000000
00000000
00000000
00000000
00000000
00000000
00000000
00000000
00000000
00000000
00000000
00000000
00000000
00000000
00000000
00000000
00000000
00000000
00000000
00000000
00000000
00000000
00000000
00000000
00000000
00000000
00000000
00000000
00000000
00000000
00000000
00000000
00000000
00000000
00000000
00000000
00000000
00000000
00000000
00000000
00000000
00000000
00000000
00000000
00000000
00000000
00000000
00000000
00000000
00000000
00000000
00000000
00000000
00000000
00000000
00000000
00000000
00000000
00000000
00000000
00000000
00000000
00000000
00000000
00000000
00000000
00000000
00000000
00000000
00000000
00000000
00000000
00000000
00000000
00000000
00000000
00000000
00000000
00000000
00000000
00000000
00000000
00000000
00000000
00000000
00000000
00000000
00000000
00000000
00000000
00000000
00000000
00000000
00000000
00000000
00000000
00000000
00000000
00000000
00000000
00000000
00000000
00000000
00000000
00000000
00000000
00000000
00000000
00000000
00000000
00000000
00000000
00000000
00000000
00000000
00000000
00000000
00000000
00000000
00000000
00000000
00000000
00000000
00000000
00000000
00000000
00000000
00000000
00000000
00000000
00000000
00000000
00000000
00000000
00000000
00000000
00000000
00000000
00000000
00000000
00000000
00000000
00000000
00000000
00000000
00000000
00000000
00000000
00000000
00000000
00000000
00000000
00000000
00000000
00000000
00000000
00000000
00000000
00000000
00000000
00000000
00000000
00000000
00000000
00000000
00000000
00000000
00000000
00000000
00000000
00000000
00000000
00000000
00000000
00000000
00000000
00000000
00000000
00000000
00000000
00000000
00000000
00000000
00000000
00000000
00000000
00000000
00000000
00000000
00000000
00000000
00000000
00000000
00000000
00000000
00000000
00000000
00000000
00000000
00000000
00000000
00000000
00000000
00000000
00000000
00000000
00000000
00000000
00000000
00000000
00000000
00000000
00000000
00000000
00000000
00000000
00000000
00000000
00000000
00000000
00000000
00000000
00000000
00000000
00000000
00000000
00000000
00000000
00000000
00000000
00000000
00000000
00000000
00000000
00000000
00000000
00000000
00000000
00000000
00000000
00000000
00000000
00000000
00000000
00000000
00000000
00000000
00000000
00000000
00000000
00000000
00000000
00000000
00000000
00000000
00000000
00000000
00000000
00000000
00000000
00000000
00000000
00000000
00000000
00000000
00000000
00000000
00000000
00000000
00000000
00000000
00000000
00000000
00000000
00000000
00000000
00000000
00000000
00000000
00000000
00000000
00000000
00000000
00000000
00000000
00000000
00000000
00000000
00000000
00000000
00000000
00000000
00000000
00000000
00000000
00000000
00000000
00000000
00000000
00000000
00000000
00000000
00000000
00000000
00000000
00000000
00000000
00000000
00000000
00000000
00000000
00000000
00000000
00000000
00000000
00000000
00000000
00000000
00000000
00000000
00000000
00000000
00000000
00000000
00000000
00000000
00000000
00000000
00000000
00000000
00000000
00000000
00000000
00000000
00000000
00000000
00000000
00000000
00000000
00000000
00000000
00000000
00000000
00000000
00000000
00000000
00000000
00000000
00000000
00000000
00000000
00000000
00000000
00000000
00000000
00000000
00000000
00000000
00000000
00000000
00000000
00000000
00000000
00000000
00000000
00000000
00000000
00000000
00000000
00000000
00000000
00000000
00000000
00000000
00000000
00000000
00000000
00000000
00000000
00000000
00000000
00000000
00000000
00000000
00000000
00000000
00000000
00000000
00000000
00000000
00000000
00000000
00000000
00000000
00000000
00000000
00000000
00000000
00000000
00000000
00000000
00000000
00000000
00000000
00000000
00000000
00000000
00000000
00000000
00000000
00000000
00000000
00000000
00000000
00000000
00000000
00000000
00000000
00000000
00000000
00000000
00000000
00000000
00000000
00000000
00000000
00000000
00000000
00000000
00000000
00000000
00000000
00000000
00000000
00000000
00000000
00000000
00000000
00000000
00000000
00000000
00000000
00000000
00000000
00000000
00000000
00000000
00000000
00000000
00000000
00000000
00000000
00000000
00000000
00000000
00000000
00000000
00000000
00000000
00000000
00000000
00000000
00000000
00000000
00000000
00000000
00000000
00000000
00000000
00000000
00000000
00000000
00000000
00000000
00000000
00000000
00000000
00000000
00000000
00000000
00000000
00000000
00000000
00000000
00000000
00000000
00000000
00000000
00000000
00000000
00000000
00000000
00000000
00000000
00000000
00000000
00000000
00000000
00000000
00000000
00000000
00000000
00000000
00000000
00000000
00000000
00000000
00000000
00000000
00000000
00000000
00000000
00000000
00000000
00000000
00000000
00000000
00000000
00000000
00000000
00000000
00000000
00000000
00000000
00000000
00000000
00000000
00000000
00000000
00000000
00000000
00000000
00000000
00000000
00000000
00000000
00000000
00000000
00000000
00000000
00000000
00000000
00000000
00000000
00000000
00000000
00000000
00000000
00000000
00000000
00000000
00000000
00000000
00000000
00000000
00000000
00000000
00000000
00000000
00000000
00000000
00000000
00000000
00000000
00000000
00000000
00000000
00000000
00000000
00000000
00000000
00000000
00000000
00000000
00000000
00000000
00000000
00000000
00000000
00000000
00000000
00000000
00000000
00000000
00000000
00000000
00000000
00000000
00000000
00000000
00000000
00000000
00000000
00000000
00000000
00000000
00000000
00000000
00000000
00000000
00000000
00000000
00000000
00000000
00000000
00000000
00000000
00000000
00000000
00000000
00000000
00000000
00000000
00000000
00000000
00000000
00000000
00000000
00000000
00000000
00000000
00000000
00000000
00000000
00000000
00000000
00000000
00000000
00000000
00000000
00000000
00000000
00000000
00000000
00000000
00000000
00000000
00000000
00000000
00000000
00000000
00000000
00000000
00000000
00000000
00000000
00000000
00000000
00000000
00000000
00000000
00000000
00000000
00000000
00000000
00000000
00000000
00000000
00000000
00000000
00000000
00000000
00000000
00000000
00000000
00000000
00000000
00000000
00000000
00000000
00000000
00000000
00000000
00000000
00000000
00000000
00000000
00000000
00000000
00000000
00000000
00000000
00000000
00000000
00000000
00000000
00000000
00000000
00000000
00000000
00000000
00000000
00000000
00000000
00000000
00000000
00000000
00000000
00000000
00000000
00000000
00000000
00000000
00000000
00000000
00000000
00000000
00000000
00000000
00000000
00000000
00000000
00000000
00000000
00000000
00000000
00000000
00000000
00000000
00000000
00000000
00000000
00000000
00000000
00000000
00000000
00000000
00000000
00000000
00000000
00000000
00000000
00000000
00000000
00000000
00000000
00000000
00000000
00000000
00000000
00000000
00000000
00000000
00000000
00000000
00000000
00000000
00000000
00000000
00000000
00000000
00000000
00000000
00000000
00000000
00000000
00000000
00000000
00000000
00000000
00000000
00000000
00000000
00000000
00000000
00000000
00000000
00000000
00000000
00000000
00000000
00000000
00000000
00000000
00000000
00000000
00000000
00000000
00000000
00000000
00000000
00000000
00000000
00000000
00000000
00000000
00000000
00000000
00000000
00000000
00000000
00000000
00000000
00000000
00000000
00000000
00000000
00000000
00000000
00000000
00000000
00000000
00000000
00000000
00000000
00000000
00000000
00000000
00000000
00000000
00000000
00000000
00000000
00000000
00000000
00000000
00000000
00000000
00000000
00000000
00000000
00000000
00000000
00000000
00000000
00000000
00000000
00000000
00000000
00000000
00000000
00000000
00000000
00000000
00000000
00000000
00000000
00000000
00000000
00000000
00000000
00000000
00000000
00000000
00000000
00000000
00000000
00000000
00000000
00000000
00000000
00000000
00000000
00000000
00000000
00000000
00000000
00000000
00000000
00000000
00000000
00000000
00000000
00000000
00000000
00000000
00000000
00000000
00000000
00000000
00000000
00000000
00000000
00000000
00000000
00000000
00000000
00000000
00000000
00000000
00000000
00000000
00000000
00000000
00000000
00000000
00000000
00000000
00000000
00000000
00000000
00000000
00000000
00000000
00000000
00000000
00000000
00000000
00000000
00000000
00000000
00000000
00000000
00000000
00000000
00000000
00000000
00000000
00000000
00000000
00000000
00000000
00000000
00000000
00000000
00000000
00000000
00000000
00000000
00000000
00000000
00000000
00000000
00000000
00000000
00000000
00000000
00000000
00000000
00000000
00000000
00000000
00000000
00000000
00000000
00000000
00000000
00000000
00000000
00000000
00000000
00000000
00000000
00000000
00000000
00000000
00000000
00000000
00000000
00000000
00000000
00000000
00000000
00000000
00000000
00000000
00000000
00000000
00000000
00000000
00000000
00000000
00000000
00000000
00000000
00000000
00000000
00000000
00000000
00000000
00000000
00000000
00000000
00000000
00000000
00000000
00000000
00000000
00000000
00000000
00000000
00000000
00000000
00000000
00000000
00000000
00000000
00000000
00000000
00000000
00000000
00000000
00000000
00000000
00000000
00000000
00000000
00000000
00000000
00000000
00000000
00000000
00000000
00000000
00000000
00000000
00000000
00000000
00000000
00000000
00000000
00000000
00000000
00000000
00000000
00000000
00000000
00000000
00000000
00000000
00000000
00000000
00000000
00000000
00000000
00000000
00000000
00000000
00000000
00000000
00000000
00000000
00000000
00000000
00000000
00000000
00000000
00000000
00000000
00000000
00000000
00000000
00000000
00000000
00000000
00000000
00000000
00000000
00000000
00000000
00000000
00000000
00000000
00000000
00000000
00000000
00000000
00000000
00000000
00000000
00000000
00000000
00000000
00000000
00000000
00000000
00000000
00000000
00000000
00000000
00000000
00000000
00000000
00000000
00000000
00000000
00000000
00000000
00000000
00000000
00000000
00000000
00000000
00000000
00000000
00000000
00000000
00000000
00000000
00000000
00000000
00000000
00000000
00000000
00000000
00000000
00000000
00000000
00000000
00000000
00000000
00000000
00000000
00000000
00000000
00000000
00000000
00000000
00000000
00000000
00000000
00000000
00000000
00000000
00000000
00000000
00000000
00000000
00000000
00000000
00000000
00000000
00000000
00000000
00000000
00000000
00000000
00000000
00000000
00000000
00000000
00000000
00000000
00000000
00000000
00000000
00000000
00000000
00000000
00000000
00000000
00000000
00000000
00000000
00000000
00000000
00000000
00000000
00000000
00000000
00000000
00000000
00000000
00000000
00000000
00000000
00000000
00000000
00000000
00000000
00000000
00000000
00000000
00000000
00000000
00000000
00000000
00000000
00000000
00000000
00000000
00000000
00000000
00000000
00000000
00000000
00000000
00000000
00000000
00000000
00000000
00000000
00000000
00000000
00000000
00000000
00000000
00000000
00000000
00000000
00000000
00000000
00000000
00000000
00000000
00000000
00000000
00000000
00000000
00000000
00000000
00000000
00000000
00000000
00000000
00000000
00000000
00000000
00000000
00000000
00000000
00000000
00000000
00000000
00000000
00000000
00000000
00000000
00000000
00000000
00000000
00000000
00000000
00000000
00000000
00000000
00000000
00000000
00000000
00000000
00000000
00000000
00000000
00000000
00000000
00000000
00000000
00000000
00000000
00000000
00000000
00000000
00000000
00000000
00000000
00000000
00000000
00000000
00000000
00000000
00000000
00000000
00000000
00000000
00000000
00000000
00000000
00000000
00000000
00000000
00000000
00000000
00000000
00000000
00000000
00000000
00000000
00000000
00000000
00000000
00000000
00000000
00000000
00000000
00000000
00000000
00000000
00000000
00000000
00000000
00000000
00000000
00000000
00000000
00000000
00000000
00000000
00000000
00000000
00000000
00000000
00000000
00000000
00000000
00000000
00000000
00000000
00000000
00000000
00000000
00000000
00000000
00000000
00000000
00000000
00000000
00000000
00000000
00000000
00000000
00000000
00000000
00000000
00000000
00000000
00000000
00000000
00000000
00000000
00000000
00000000
00000000
00000000
00000000
00000000
00000000
00000000
00000000
00000000
00000000
00000000
00000000
00000000
00000000
00000000
00000000
00000000
00000000
00000000
00000000
00000000
00000000
00000000
00000000
00000000
00000000
00000000
00000000
00000000
00000000
00000000
00000000
00000000
00000000
00000000
00000000
00000000
00000000
00000000
00000000
00000000
00000000
00000000
00000000
00000000
00000000
00000000
00000000
00000000
00000000
00000000
00000000
00000000
00000000
00000000
00000000
00000000
00000000
00000000
00000000
00000000
00000000
00000000
00000000
00000000
00000000
00000000
00000000
00000000
00000000
00000000
00000000
00000000
00000000
00000000
00000000
00000000
00000000
00000000
00000000
00000000
00000000
00000000
00000000
00000000
00000000
00000000
00000000
00000000
00000000
00000000
00000000
00000000
00000000
00000000
00000000
00000000
00000000
00000000
00000000
00000000
00000000
00000000
00000000
00000000
00000000
00000000
00000000
00000000
00000000
00000000
00000000
00000000
00000000
00000000
00000000
00000000
00000000
00000000
00000000
00000000
00000000
00000000
00000000
00000000
00000000
00000000
00000000
00000000
00000000
00000000
00000000
00000000
00000000
00000000
00000000
00000000
00000000
00000000
00000000
00000000
00000000
00000000
00000000
00000000
00000000
00000000
00000000
00000000
00000000
00000000
00000000
00000000
00000000
00000000
00000000
00000000
00000000
00000000
00000000
00000000
00000000
00000000
00000000
00000000
00000000
00000000
00000000
00000000
00000000
00000000
00000000
00000000
00000000
00000000
00000000
00000000
00000000
00000000
00000000
00000000
00000000
00000000
00000000
00000000
00000000
00000000
00000000
00000000
00000000
00000000
00000000
00000000
00000000
00000000
00000000
00000000
00000000
00000000
00000000
00000000
00000000
00000000
00000000
00000000
00000000
00000000
00000000
00000000
00000000
00000000
00000000
00000000
00000000
00000000
00000000
00000000
00000000
00000000
00000000
00000000
00000000
00000000
00000000
00000000
00000000
00000000
00000000
00000000
00000000
00000000
00000000
00000000
00000000
00000000
00000000
00000000
00000000
00000000
00000000
00000000
00000000
00000000
00000000
00000000
00000000
00000000
00000000
00000000
00000000
00000000
00000000
00000000
00000000
00000000
00000000
00000000
00000000
00000000
00000000
00000000
00000000
00000000
00000000
00000000
00000000
00000000
00000000
00000000
00000000
00000000
00000000
00000000
00000000
00000000
00000000
00000000
00000000
00000000
00000000
00000000
00000000
00000000
00000000
00000000
00000000
00000000
00000000
00000000
00000000
00000000
00000000
00000000
00000000
00000000
00000000
00000000
00000000
00000000
00000000
00000000
00000000
00000000
00000000
00000000
00000000
00000000
00000000
00000000
00000000
00000000
00000000
00000000
00000000
00000000
00000000
00000000
00000000
00000000
00000000
00000000
00000000
00000000
00000000
00000000
00000000
00000000
00000000
00000000
00000000
00000000
00000000
00000000
00000000
00000000
00000000
00000000
00000000
00000000
00000000
00000000
00000000
00000000
00000000
00000000
00000000
00000000
00000000
00000000
00000000
00000000
00000000
00000000
00000000
00000000
00000000
00000000
00000000
00000000
00000000
00000000
00000000
00000000
00000000
00000000
00000000
00000000
00000000
00000000
00000000
00000000
00000000
00000000
00000000
00000000
00000000
00000000
00000000
00000000
00000000
00000000
00000000
00000000
00000000
00000000
00000000
00000000
00000000
00000000
00000000
00000000
00000000
00000000
00000000
00000000
00000000
00000000
00000000
00000000
00000000
00000000
00000000
00000000
00000000
00000000
00000000
00000000
00000000
00000000
00000000
00000000
00000000
00000000
00000000
00000000
00000000
00000000
00000000
00000000
00000000
00000000
00000000
00000000
00000000
00000000
00000000
00000000
00000000
00000000
00000000
00000000
00000000
00000000
00000000
00000000
00000000
00000000
00000000
00000000
00000000
00000000
00000000
00000000
00000000
00000000
00000000
00000000
00000000
00000000
00000000
00000000
00000000
00000000
00000000
00000000
00000000
00000000
00000000
00000000
00000000
00000000
00000000
00000000
00000000
00000000
00000000
00000000
00000000
00000000
00000000
00000000
00000000
00000000
00000000
00000000
00000000
00000000
00000000
00000000
00000000
00000000
00000000
00000000
00000000
00000000
00000000
00000000
00000000
00000000
00000000
00000000
00000000
00000000
00000000
00000000
00000000
00000000
00000000
00000000
00000000
00000000
00000000
00000000
00000000
00000000
00000000
00000000
00000000
00000000
00000000
00000000
00000000
00000000
00000000
00000000
00000000
00000000
00000000
00000000
00000000
00000000
00000000
00000000
00000000
00000000
00000000
00000000
00000000
00000000
00000000
00000000
00000000
00000000
00000000
00000000
00000000
00000000
00000000
00000000
00000000
00000000
00000000
00000000
00000000
00000000
00000000
00000000
00000000
00000000
00000000
00000000
00000000
00000000
00000000
00000000
00000000
00000000
00000000
00000000
00000000
00000000
00000000
00000000
00000000
00000000
00000000
00000000
00000000
00000000
00000000
00000000
00000000
00000000
00000000
00000000
00000000
00000000
00000000
00000000
00000000
00000000
00000000
00000000
00000000
00000000
00000000
00000000
00000000
00000000
00000000
00000000
00000000
00000000
00000000
00000000
00000000
00000000
00000000
00000000
00000000
00000000
00000000
00000000
00000000
00000000
00000000
00000000
00000000
00000000
00000000
00000000
00000000
00000000
00000000
00000000
00000000
00000000
00000000
00000000
00000000
00000000
00000000
00000000
00000000
00000000
00000000
00000000
00000000
00000000
00000000
00000000
00000000
00000000
00000000
00000000
00000000
00000000
00000000
00000000
00000000
00000000
00000000
00000000
00000000
00000000
00000000
00000000
00000000
00000000
00000000
00000000
00000000
00000000
00000000
00000000
00000000
00000000
00000000
00000000
00000000
00000000
00000000
00000000
00000000
00000000
00000000
00000000
00000000
00000000
00000000
00000000
00000000
00000000
00000000
00000000
00000000
00000000
00000000
00000000
00000000
00000000
00000000
00000000
00000000
00000000
00000000
00000000
00000000
00000000
00000000
00000000
00000000
00000000
00000000
00000000
00000000
00000000
00000000
00000000
00000000
00000000
00000000
00000000
00000000
00000000
00000000
00000000
00000000
00000000
00000000
00000000
00000000
00000000
00000000
00000000
00000000
00000000
00000000
00000000
00000000
00000000
00000000
00000000
00000000
00000000
00000000
00000000
00000000
00000000
00000000
00000000
00000000
00000000
00000000
00000000
00000000
00000000
00000000
00000000
00000000
00000000
00000000
00000000
00000000
00000000
00000000
00000000
00000000
00000000
00000000
00000000
00000000
00000000
00000000
00000000
00000000
00000000
00000000
00000000
00000000
00000000
00000000
00000000
00000000
00000000
00000000
00000000
00000000
00000000
00000000
00000000
00000000
00000000
00000000
00000000
00000000
00000000
00000000
00000000
00000000
00000000
00000000
00000000
00000000
00000000
00000000
00000000
00000000
00000000
00000000
00000000
00000000
00000000
00000000
00000000
00000000
00000000
00000000
00000000
00000000
00000000
00000000
00000000
00000000
00000000
00000000
00000000
00000000
00000000
00000000
00000000
00000000
00000000
00000000
00000000
00000000
00000000
00000000
00000000
00000000
00000000
00000000
00000000
00000000
00000000
00000000
00000000
00000000
00000000
00000000
00000000
00000000
00000000
00000000
00000000
00000000
00000000
00000000
00000000
00000000
00000000
00000000
00000000
00000000
00000000
00000000
00000000
00000000
00000000
00000000
00000000
00000000
00000000
00000000
00000000
00000000
00000000
00000000
00000000
00000000
00000000
00000000
00000000
00000000
00000000
00000000
00000000
00000000
00000000
00000000
00000000
00000000
00000000
00000000
00000000
00000000
00000000
00000000
00000000
00000000
00000000
00000000
00000000
00000000
00000000
00000000
00000000
00000000
00000000
00000000
00000000
00000000
00000000
00000000
00000000
00000000
00000000
00000000
00000000
00000000
00000000
00000000
00000000
00000000
00000000
00000000
00000000
00000000
00000000
00000000
00000000
00000000
00000000
00000000
00000000
00000000
00000000
00000000
00000000
00000000
00000000
00000000
00000000
00000000
00000000
00000000
00000000
00000000
00000000
00000000
00000000
00000000
00000000
00000000
00000000
00000000
00000000
00000000
00000000
00000000
00000000
00000000
00000000
00000000
00000000
00000000
00000000
00000000
00000000
00000000
00000000
00000000
00000000
00000000
00000000
00000000
00000000
00000000
00000000
00000000
00000000
00000000
00000000
00000000
00000000
00000000
00000000
00000000
00000000
00000000
00000000
00000000
00000000
00000000
00000000
00000000
00000000
00000000
00000000
00000000
00000000
00000000
00000000
00000000
00000000
00000000
00000000
00000000
00000000
00000000
00000000
00000000
00000000
00000000
00000000
00000000
00000000
00000000
00000000
00000000
00000000
00000000
00000000
00000000
00000000
00000000
00000000
00000000
00000000
00000000
00000000
00000000
00000000
00000000
00000000
00000000
00000000
00000000
00000000
00000000
00000000
00000000
00000000
00000000
00000000
00000000
00000000
00000000
00000000
00000000
00000000
00000000
00000000
00000000
00000000
00000000
00000000
00000000
00000000
00000000
00000000
00000000
00000000
00000000
00000000
00000000
00000000
00000000
00000000
00000000
00000000
00000000
00000000
00000000
00000000
00000000
00000000
00000000
00000000
00000000
00000000
00000000
00000000
00000000
00000000
00000000
00000000
00000000
00000000
00000000
00000000
00000000
00000000
00000000
00000000
00000000
00000000
00000000
00000000
00000000
00000000
00000000
00000000
00000000
00000000
00000000
00000000
00000000
00000000
00000000
00000000
00000000
00000000
00000000
00000000
00000000
00000000
00000000
00000000
00000000
00000000
00000000
00000000
00000000
00000000
00000000
00000000
00000000
00000000
00000000
00000000
00000000
00000000
00000000
00000000
00000000
00000000
00000000
00000000
00000000
00000000
00000000
00000000
00000000
00000000
00000000
00000000
00000000
00000000
00000000
00000000
00000000
00000000
00000000
00000000
00000000
00000000
00000000
00000000
00000000
00000000
00000000
00000000
00000000
00000000
00000000
00000000
00000000
00000000
00000000
00000000
00000000
00000000
00000000
00000000
00000000
00000000
00000000
00000000
00000000
00000000
00000000
00000000
00000000
00000000
00000000
00000000
00000000
00000000
00000000
00000000
00000000
00000000
00000000
00000000
00000000
00000000
00000000
00000000
00000000
00000000
00000000
00000000
00000000
00000000
00000000
00000000
00000000
00000000
00000000
00000000
00000000
00000000
00000000
00000000
00000000
00000000
00000000
00000000
00000000
00000000
00000000
00000000
00000000
00000000
00000000
00000000
00000000
00000000
00000000
00000000
00000000
00000000
00000000
00000000
00000000
00000000
00000000
00000000
00000000
00000000
00000000
00000000
00000000
00000000
00000000
00000000
00000000
00000000
00000000
00000000
00000000
00000000
00000000
00000000
00000000
00000000
00000000
00000000
00000000
00000000
00000000
00000000
00000000
00000000
00000000
00000000
00000000
00000000
00000000
00000000
00000000
00000000
00000000
00000000
00000000
00000000
00000000
00000000
00000000
00000000
00000000
00000000
00000000
00000000
00000000
00000000
00000000
00000000
00000000
00000000
00000000
00000000
00000000
00000000
00000000
00000000
00000000
00000000
00000000
00000000
00000000
00000000
00000000
00000000
00000000
00000000
00000000
00000000
00000000
00000000
00000000
00000000
00000000
00000000
00000000
00000000
00000000
00000000
00000000
00000000
00000000
00000000
00000000
00000000
00000000
00000000
00000000
00000000
00000000
00000000
00000000
00000000
00000000
00000000
00000000
00000000
00000000
00000000
00000000
00000000
00000000
00000000
00000000
00000000
00000000
00000000
00000000
00000000
00000000
00000000
00000000
00000000
00000000
00000000
00000000
00000000
00000000
00000000
00000000
00000000
00000000
00000000
00000000
00000000
00000000
00000000
00000000
00000000
00000000
00000000
00000000
00000000
00000000
00000000
00000000
00000000
00000000
00000000
00000000
00000000
00000000
00000000
00000000
00000000
00000000
00000000
00000000
00000000
00000000
00000000
00000000
00000000
00000000
00000000
00000000
00000000
00000000
00000000
00000000
00000000
00000000
00000000
00000000
00000000
00000000
00000000
00000000
00000000
00000000
00000000
00000000
00000000
00000000
00000000
00000000
00000000
00000000
00000000
00000000
00000000
00000000
00000000
00000000
00000000
00000000
00000000
00000000
00000000
00000000
00000000
00000000
00000000
00000000
00000000
00000000
00000000
00000000
00000000
00000000
00000000
00000000
00000000
00000000
00000000
00000000
00000000
00000000
00000000
00000000
00000000
00000000
00000000
00000000
00000000
00000000
00000000
00000000
00000000
00000000
00000000
00000000
00000000
00000000
00000000
00000000
00000000
00000000
00000000
00000000
00000000
00000000
00000000
00000000
00000000
00000000
00000000
00000000
00000000
00000000
00000000
00000000
00000000
00000000
00000000
00000000
00000000
00000000
00000000
00000000
00000000
00000000
00000000
00000000
00000000
00000000
00000000
00000000
00000000
00000000
00000000
00000000
00000000
00000000
00000000
00000000
00000000
00000000
00000000
00000000
00000000
00000000
00000000
00000000
00000000
00000000
00000000
00000000
00000000
00000000
00000000
00000000
00000000
00000000
00000000
00000000
00000000
00000000
00000000
00000000
00000000
00000000
00000000
00000000
00000000
00000000
00000000
00000000
00000000
00000000
00000000
00000000
00000000
00000000
00000000
00000000
00000000
00000000
00000000
00000000
00000000
00000000
00000000
00000000
00000000
00000000
00000000
00000000
00000000
00000000
00000000
00000000
00000000
00000000
00000000
00000000
00000000
00000000
00000000
00000000
00000000
00000000
00000000
00000000
00000000
00000000
00000000
00000000
00000000
00000000
00000000
00000000
00000000
00000000
00000000
00000000
00000000
00000000
00000000
00000000
00000000
00000000
00000000
00000000
00000000
00000000
00000000
00000000
00000000
00000000
00000000
00000000
00000000
00000000
00000000
00000000
00000000
00000000
00000000
00000000
00000000
00000000
00000000
00000000
00000000
00000000
00000000
00000000
00000000
00000000
00000000
00000000
00000000
00000000
00000000
00000000
00000000
00000000
00000000
00000000
00000000
00000000
00000000
00000000
00000000
00000000
00000000
00000000
00000000
00000000
00000000
00000000
00000000
00000000
00000000
00000000
00000000
00000000
00000000
00000000
00000000
00000000
00000000
00000000
00000000
00000000
00000000
00000000
00000000
00000000
00000000
00000000
00000000
00000000
00000000
00000000
00000000
00000000
00000000
00000000
00000000
00000000
00000000
00000000
00000000
00000000
00000000
00000000
00000000
00000000
00000000
00000000
00000000
00000000
00000000
00000000
00000000
00000000
00000000
00000000
00000000
00000000
00000000
00000000
00000000
00000000
00000000
00000000
00000000
00000000
00000000
00000000
00000000
00000000
00000000
00000000
00000000
00000000
00000000
00000000
00000000
00000000
00000000
00000000
00000000
00000000
00000000
00000000
00000000
00000000
00000000
00000000
00000000
00000000
00000000
00000000
00000000
00000000
00000000
00000000
00000000
00000000
00000000
00000000
00000000
00000000
00000000
00000000
00000000
00000000
00000000
00000000
00000000
00000000
00000000
00000000
00000000
00000000
00000000
00000000
00000000
00000000
00000000
00000000
00000000
00000000
00000000
00000000
00000000
00000000
00000000
00000000
00000000
00000000
00000000
00000000
00000000
00000000
00000000
00000000
00000000
00000000
00000000
00000000
00000000
00000000
00000000
00000000
00000000
00000000
00000000
00000000
00000000
00000000
00000000
00000000
00000000
00000000
00000000
00000000
00000000
00000000
00000000
00000000
00000000
00000000
00000000
00000000
00000000
00000000
00000000
00000000
00000000
00000000
00000000
00000000
00000000
00000000
00000000
00000000
00000000
00000000
00000000
00000000
00000000
00000000
00000000
00000000
00000000
00000000
00000000
00000000
00000000
00000000
00000000
00000000
00000000
00000000
00000000
00000000
00000000
00000000
00000000
00000000
00000000
00000000
00000000
00000000
00000000
00000000
00000000
00000000
00000000
00000000
00000000
00000000
00000000
00000000
00000000
00000000
00000000
00000000
00000000
00000000
00000000
00000000
00000000
00000000
00000000
00000000
00000000
00000000
00000000
00000000
00000000
00000000
00000000
00000000
00000000
00000000
00000000
00000000
00000000
00000000
00000000
00000000
00000000
00000000
00000000
00000000
00000000
00000000
00000000
00000000
00000000
00000000
00000000
00000000
00000000
00000000
00000000
00000000
00000000
00000000
00000000
00000000
00000000
00000000
00000000
00000000
00000000
00000000
00000000
00000000
00000000
00000000
00000000
00000000
00000000
00000000
00000000
00000000
00000000
00000000
00000000
00000000
00000000
00000000
00000000
00000000
00000000
00000000
00000000
00000000
00000000
00000000
00000000
00000000
00000000
00000000
00000000
00000000
00000000
00000000
00000000
00000000
00000000
00000000
00000000
00000000
00000000
00000000
00000000
00000000
00000000
00000000
00000000
00000000
00000000
00000000
00000000
00000000
00000000
00000000
00000000
00000000
00000000
00000000
00000000
00000000
00000000
00000000
00000000
00000000
00000000
00000000
00000000
00000000
00000000
00000000
00000000
00000000
00000000
00000000
00000000
00000000
00000000
00000000
00000000
00000000
00000000
00000000
00000000
00000000
00000000
00000000
00000000
00000000
00000000
00000000
00000000
00000000
00000000
00000000
00000000
00000000
00000000
00000000
00000000
00000000
00000000
00000000
00000000
00000000
00000000
00000000
00000000
00000000
00000000
00000000
00000000
00000000
00000000
00000000
00000000
00000000
00000000
00000000
00000000
00000000
00000000
00000000
00000000
00000000
00000000
00000000
00000000
00000000
00000000
00000000
00000000
00000000
00000000
00000000
00000000
00000000
00000000
00000000
00000000
00000000
00000000
00000000
00000000
00000000
00000000
00000000
00000000
00000000
00000000
00000000
00000000
00000000
00000000
00000000
00000000
00000000
00000000
00000000
00000000
00000000
00000000
00000000
00000000
00000000
00000000
00000000
00000000
00000000
00000000
00000000
00000000
00000000
00000000
00000000
00000000
00000000
00000000
00000000
00000000
00000000
00000000
00000000
00000000
00000000
00000000
00000000
00000000
00000000
00000000
00000000
00000000
00000000
00000000
00000000
00000000
00000000
00000000
00000000
00000000
00000000
00000000
00000000
00000000
00000000
00000000
00000000
00000000
00000000
00000000
00000000
00000000
00000000
00000000
00000000
00000000
00000000
00000000
00000000
00000000
00000000
00000000
00000000
00000000
00000000
00000000
00000000
00000000
00000000
00000000
00000000
00000000
00000000
00000000
00000000
00000000
00000000
00000000
00000000
00000000
00000000
00000000
00000000
00000000
00000000
00000000
00000000
00000000
00000000
00000000
00000000
00000000
00000000
00000000
00000000
00000000
00000000
00000000
00000000
00000000
00000000
00000000
00000000
00000000
00000000
00000000
00000000
00000000
00000000
00000000
00000000
00000000
00000000
00000000
00000000
00000000
00000000
00000000
00000000
00000000
00000000
00000000
00000000
00000000
00000000
00000000
00000000
00000000
00000000
00000000
00000000
00000000
00000000
00000000
00000000
00000000
00000000
00000000
00000000
00000000
00000000
00000000
00000000
00000000
00000000
00000000
00000000
00000000
00000000
00000000
00000000
00000000
00000000
00000000
00000000
00000000
00000000
00000000
00000000
00000000
00000000
00000000
00000000
00000000
00000000
00000000
00000000
00000000
00000000
00000000
00000000
00000000
00000000
00000000
00000000
00000000
00000000
00000000
00000000
00000000
00000000
00000000
00000000
00000000
00000000
00000000
00000000
00000000
00000000
00000000
00000000
00000000
00000000
00000000
00000000
00000000
00000000
00000000
00000000
00000000
00000000
00000000
00000000
00000000
00000000
00000000
00000000
00000000
00000000
00000000
00000000
00000000
00000000
00000000
00000000
00000000
00000000
00000000
00000000
00000000
00000000
00000000
00000000
00000000
00000000
00000000
00000000
00000000
00000000
00000000
00000000
00000000
00000000
00000000
00000000
00000000
00000000
00000000
00000000
00000000
00000000
00000000
00000000
00000000
00000000
00000000
00000000
00000000
00000000
00000000
00000000
00000000
00000000
00000000
00000000
00000000
00000000
00000000
00000000
00000000
00000000
00000000
00000000
00000000
00000000
00000000
00000000
00000000
00000000
00000000
00000000
00000000
00000000
00000000
00000000
00000000
00000000
00000000
00000000
00000000
00000000
00000000
00000000
00000000
00000000
00000000
00000000
00000000
00000000
00000000
00000000
00000000
00000000
00000000
00000000
00000000
00000000
00000000
00000000
00000000
00000000
00000000
00000000
00000000
00000000
00000000
00000000
00000000
00000000
00000000
00000000
00000000
00000000
00000000
00000000
00000000
00000000
00000000
00000000
00000000
00000000
00000000
00000000
00000000
00000000
00000000
00000000
00000000
00000000
00000000
00000000
00000000
00000000
00000000
00000000
00000000
00000000
00000000
00000000
00000000
00000000
00000000
00000000
00000000
00000000
00000000
00000000
00000000
00000000
00000000
00000000
00000000
00000000
00000000
00000000
00000000
00000000
00000000
00000000
00000000
00000000
00000000
00000000
00000000
00000000
00000000
00000000
00000000
00000000
00000000
00000000
00000000
00000000
00000000
00000000
00000000
00000000
00000000
00000000
00000000
00000000
00000000
00000000
00000000
00000000
00000000
00000000
00000000
00000000
00000000
00000000
00000000
00000000
00000000
00000000
00000000
00000000
00000000
00000000
00000000
00000000
00000000
00000000
00000000
00000000
00000000
00000000
00000000
00000000
00000000
00000000
00000000
00000000
00000000
00000000
00000000
00000000
00000000
00000000
00000000
00000000
00000000
00000000
00000000
00000000
00000000
00000000
00000000
00000000
00000000
00000000
00000000
00000000
00000000
00000000
00000000
00000000
00000000
00000000
00000000
00000000
00000000
00000000
00000000
00000000
00000000
00000000
00000000
00000000
00000000
00000000
00000000
00000000
00000000
00000000
00000000
00000000
00000000
00000000
00000000
00000000
00000000
00000000
00000000
00000000
00000000
00000000
00000000
00000000
00000000
00000000
00000000
00000000
00000000
00000000
00000000
00000000
00000000
00000000
00000000
00000000
00000000
00000000
00000000
00000000
00000000
00000000
00000000
00000000
00000000
00000000
00000000
00000000
00000000
00000000
00000000
00000000
00000000
00000000
00000000
00000000
00000000
00000000
00000000
00000000
00000000
00000000
00000000
00000000
00000000
00000000
00000000
00000000
00000000
00000000
00000000
00000000
00000000
00000000
00000000
00000000
00000000
00000000
00000000
00000000
00000000
00000000
00000000
00000000
00000000
00000000
00000000
00000000
00000000
00000000
00000000
00000000
00000000
00000000
00000000
00000000
00000000
00000000
00000000
00000000
00000000
00000000
00000000
00000000
00000000
00000000
00000000
00000000
00000000
00000000
00000000
00000000
00000000
00000000
00000000
00000000
00000000
00000000
00000000
00000000
00000000
00000000
00000000
00000000
00000000
00000000
00000000
00000000
00000000
00000000
00000000
00000000
00000000
00000000
00000000
00000000
00000000
00000000
00000000
00000000
00000000
00000000
00000000
00000000
00000000
00000000
00000000
00000000
00000000
00000000
00000000
00000000
00000000
00000000
00000000
00000000
00000000
00000000
00000000
00000000
00000000
00000000
00000000
00000000
00000000
00000000
00000000
00000000
00000000
00000000
00000000
00000000
00000000
00000000
00000000
00000000
00000000
00000000
00000000
00000000
00000000
00000000
00000000
00000000
00000000
00000000
00000000
00000000
00000000
00000000
00000000
00000000
00000000
00000000
00000000
00000000
00000000
00000000
00000000
00000000
00000000
00000000
00000000
00000000
00000000
00000000
00000000
00000000
00000000
00000000
00000000
00000000
00000000
00000000
00000000
00000000
00000000
00000000
00000000
00000000
00000000
00000000
00000000
00000000
00000000
00000000
00000000
00000000
00000000
00000000
00000000
00000000
00000000
00000000
00000000
00000000
00000000
00000000
00000000
00000000
00000000
00000000
00000000
00000000
00000000
00000000
00000000
00000000
00000000
00000000
00000000
00000000
00000000
00000000
00000000
00000000
00000000
00000000
00000000
00000000
00000000
00000000
00000000
00000000
00000000
00000000
00000000
00000000
00000000
00000000
00000000
00000000
00000000
00000000
00000000
00000000
00000000
00000000
00000000
00000000
00000000
00000000
00000000
00000000
00000000
00000000
00000000
00000000
00000000
00000000
00000000
00000000
00000000
00000000
00000000
00000000
00000000
00000000
00000000
00000000
00000000
00000000
00000000
00000000
00000000
00000000
00000000
00000000
00000000
00000000
00000000
00000000
00000000
00000000
00000000
00000000
00000000
00000000
00000000
00000000
00000000
00000000
00000000
00000000
00000000
00000000
00000000
00000000
00000000
00000000
00000000
00000000
00000000
00000000
00000000
00000000
00000000
00000000
00000000
00000000
00000000
00000000
00000000
00000000
00000000
00000000
00000000
00000000
00000000
00000000
00000000
00000000
00000000
00000000
00000000
00000000
00000000
00000000
00000000
00000000
00000000
00000000
00000000
00000000
00000000
00000000
00000000
00000000
00000000
00000000
00000000
00000000
00000000
00000000
00000000
00000000
00000000
00000000
00000000
00000000
00000000
00000000
00000000
00000000
00000000
00000000
00000000
00000000
00000000
00000000
00000000
00000000
00000000
00000000
00000000
00000000
00000000
00000000
00000000
00000000
00000000
00000000
00000000
00000000
00000000
00000000
00000000
00000000
00000000
00000000
00000000
00000000
00000000
00000000
00000000
00000000
00000000
00000000
00000000
00000000
00000000
00000000
00000000
00000000
00000000
00000000
00000000
00000000
00000000
00000000
00000000
00000000
00000000
00000000
00000000
00000000
00000000
00000000
00000000
00000000
00000000
00000000
00000000
00000000
00000000
00000000
00000000
00000000
00000000
00000000
00000000
00000000
00000000
00000000
00000000
00000000
00000000
00000000
00000000
00000000
00000000
00000000
00000000
00000000
00000000
00000000
00000000
00000000
00000000
00000000
00000000
00000000
00000000
00000000
00000000
00000000
00000000
00000000
00000000
00000000
00000000
00000000
00000000
00000000
00000000
00000000
00000000
00000000
00000000
00000000
00000000
00000000
00000000
00000000
00000000
00000000
00000000
00000000
00000000
00000000
00000000
00000000
00000000
00000000
00000000
00000000
00000000
00000000
00000000
00000000
00000000
00000000
00000000
00000000
00000000
00000000
00000000
00000000
00000000
00000000
00000000
00000000
00000000
00000000
00000000
00000000
00000000
00000000
00000000
00000000
00000000
00000000
00000000
00000000
00000000
00000000
00000000
00000000
00000000
00000000
00000000
00000000
00000000
00000000
00000000
00000000
00000000
00000000
00000000
00000000
00000000
00000000
00000000
00000000
00000000
00000000
00000000
00000000
00000000
00000000
00000000
00000000
00000000
00000000
00000000
00000000
00000000
00000000
00000000
00000000
00000000
00000000
00000000
00000000
00000000
00000000
00000000
00000000
00000000
00000000
00000000
00000000
00000000
00000000
00000000
00000000
00000000
00000000
00000000
00000000
00000000
00000000
00000000
00000000
00000000
00000000
00000000
00000000
00000000
00000000
00000000
00000000
00000000
00000000
00000000
00000000
00000000
00000000
00000000
00000000
00000000
00000000
00000000
00000000
00000000
00000000
00000000
00000000
00000000
00000000
00000000
00000000
00000000
00000000
00000000
00000000
00000000
00000000
00000000
00000000
00000000
00000000
00000000
00000000
00000000
00000000
00000000
00000000
00000000
00000000
00000000
00000000
00000000
00000000
00000000
00000000
00000000
00000000
00000000
00000000
00000000
00000000
00000000
00000000
00000000
00000000
00000000
00000000
00000000
00000000
00000000
00000000
00000000
00000000
00000000
00000000
00000000
00000000
00000000
00000000
00000000
00000000
00000000
00000000
00000000
00000000
00000000
00000000
00000000
00000000
00000000
00000000
00000000
00000000
00000000
00000000
00000000
00000000
00000000
00000000
00000000
00000000
00000000
00000000
00000000
00000000
00000000
00000000
00000000
00000000
00000000
00000000
00000000
00000000
00000000
00000000
00000000
00000000
00000000
00000000
00000000
00000000
00000000
00000000
00000000
00000000
00000000
00000000
00000000
00000000
00000000
00000000
00000000
00000000
00000000
00000000
00000000
00000000
00000000
00000000
00000000
00000000
00000000
00000000
00000000
00000000
00000000
00000000
00000000
00000000
00000000
00000000
00000000
00000000
00000000
00000000
00000000
00000000
00000000
00000000
00000000
00000000
00000000
00000000
00000000
00000000
00000000
00000000
00000000
00000000
00000000
00000000
00000000
00000000
00000000
00000000
00000000
00000000
00000000
00000000
00000000
00000000
00000000
00000000
00000000
00000000
00000000
00000000
00000000
00000000
00000000
00000000
00000000
00000000
00000000
00000000
00000000
00000000
00000000
00000000
00000000
00000000
00000000
00000000
00000000
00000000
00000000
00000000
00000000
00000000
00000000
00000000
00000000
00000000
00000000
00000000
00000000
00000000
00000000
00000000
00000000
00000000
00000000
00000000
00000000
00000000
00000000
00000000
00000000
00000000
00000000
00000000
00000000
00000000
00000000
00000000
00000000
00000000
00000000
00000000
00000000
00000000
00000000
00000000
00000000
00000000
00000000
00000000
00000000
00000000
00000000
00000000
00000000
00000000
00000000
00000000
00000000
00000000
00000000
00000000
00000000
00000000
00000000
00000000
00000000
00000000
00000000
00000000
00000000
00000000
00000000
00000000
00000000
00000000
00000000
00000000
00000000
00000000
00000000
00000000
00000000
00000000
00000000
00000000
00000000
00000000
00000000
00000000
00000000
00000000
00000000
00000000
00000000
00000000
00000000
00000000
00000000
00000000
00000000
00000000
00000000
00000000
00000000
00000000
00000000
00000000
00000000
00000000
00000000
00000000
00000000
00000000
00000000
00000000
00000000
00000000
00000000
00000000
00000000
00000000
00000000
00000000
00000000
00000000
00000000
00000000
00000000
00000000
00000000
00000000
00000000
00000000
00000000
00000000
00000000
00000000
00000000
00000000
00000000
00000000
00000000
00000000
00000000
00000000
00000000
00000000
00000000
00000000
00000000
00000000
00000000
00000000
00000000
00000000
00000000
00000000
00000000
00000000
00000000
00000000
00000000
00000000
00000000
00000000
00000000
00000000
00000000
00000000
00000000
00000000
00000000
00000000
00000000
00000000
00000000
00000000
00000000
00000000
00000000
00000000
00000000
00000000
00000000
00000000
00000000
00000000
00000000
00000000
00000000
00000000
00000000
00000000
00000000
00000000
00000000
00000000
00000000
00000000
00000000
00000000
00000000
00000000
00000000
00000000
00000000
00000000
00000000
00000000
00000000
00000000
00000000
00000000
00000000
00000000
00000000
00000000
00000000
00000000
00000000
00000000
00000000
00000000
00000000
00000000
00000000
00000000
00000000
00000000
00000000
00000000
00000000
00000000
00000000
00000000
00000000
00000000
00000000
00000000
00000000
00000000
00000000
00000000
00000000
00000000
00000000
00000000
00000000
00000000
00000000
00000000
00000000
00000000
00000000
00000000
00000000
00000000
00000000
00000000
00000000
00000000
00000000
00000000
00000000
00000000
00000000
00000000
00000000
00000000
00000000
00000000
00000000
00000000
00000000
00000000
00000000
00000000
00000000
00000000
00000000
00000000
00000000
00000000
00000000
00000000
00000000
00000000
00000000
00000000
00000000
00000000
00000000
00000000
00000000
00000000
00000000
00000000
00000000
00000000
00000000
00000000
00000000
00000000
00000000
00000000
00000000
00000000
00000000
00000000
00000000
00000000
00000000
00000000
00000000
00000000
00000000
00000000
00000000
00000000
00000000
00000000
00000000
00000000
00000000
00000000
00000000
00000000
00000000
00000000
00000000
00000000
00000000
00000000
00000000
00000000
00000000
00000000
00000000
00000000
00000000
00000000
00000000
00000000
00000000
00000000
00000000
00000000
00000000
00000000
00000000
00000000
00000000
00000000
00000000
00000000
00000000
00000000
00000000
00000000
00000000
00000000
00000000
00000000
00000000
00000000
00000000
00000000
00000000
00000000
00000000
00000000
00000000
00000000
00000000
00000000
00000000
00000000
00000000
00000000
00000000
00000000
00000000
00000000
00000000
00000000
00000000
00000000
00000000
00000000
00000000
00000000
00000000
00000000
00000000
00000000
00000000
00000000
00000000
00000000
00000000
00000000
00000000
00000000
00000000
00000000
00000000
00000000
00000000
00000000
00000000
00000000
00000000
00000000
00000000
00000000
00000000
00000000
00000000
00000000
00000000
00000000
00000000
00000000
00000000
00000000
00000000
00000000
00000000
00000000
00000000
00000000
00000000
00000000
00000000
00000000
00000000
00000000
00000000
00000000
00000000
00000000
00000000
00000000
00000000
00000000
00000000
00000000
00000000
00000000
00000000
00000000
00000000
00000000
00000000
00000000
00000000
00000000
00000000
00000000
00000000
00000000
00000000
00000000
00000000
00000000
00000000
00000000
00000000
00000000
00000000
00000000
00000000
00000000
00000000
00000000
00000000
00000000
00000000
00000000
00000000
00000000
00000000
00000000
00000000
00000000
00000000
00000000
00000000
00000000
00000000
00000000
00000000
00000000
00000000
00000000
00000000
00000000
00000000
00000000
00000000
00000000
00000000
00000000
00000000
00000000
00000000
00000000
00000000
00000000
00000000
00000000
00000000
00000000
00000000
00000000
00000000
00000000
00000000
00000000
00000000
00000000
00000000
00000000
00000000
00000000
00000000
00000000
00000000
00000000
00000000
00000000
00000000
00000000
00000000
00000000
00000000
00000000
00000000
00000000
00000000
00000000
00000000
00000000
00000000
00000000
00000000
00000000
00000000
00000000
00000000
00000000
00000000
00000000
00000000
00000000
00000000
00000000
00000000
00000000
00000000
00000000
00000000
00000000
00000000
00000000
00000000
00000000
00000000
00000000
00000000
00000000
00000000
00000000
00000000
00000000
00000000
00000000
00000000
00000000
00000000
00000000
00000000
00000000
00000000
00000000
00000000
00000000
00000000
00000000
00000000
00000000
00000000
00000000
00000000
00000000
00000000
00000000
00000000
00000000
00000000
00000000
00000000
00000000
00000000
00000000
00000000
00000000
00000000
00000000
00000000
00000000
00000000
00000000
00000000
00000000
00000000
00000000
00000000
00000000
00000000
00000000
00000000
00000000
00000000
00000000
00000000
00000000
00000000
00000000
00000000
00000000
00000000
00000000
00000000
00000000
00000000
00000000
00000000
00000000
00000000
00000000
00000000
00000000
00000000
00000000
00000000
00000000
00000000
00000000
00000000
00000000
00000000
00000000
00000000
00000000
00000000
00000000
00000000
00000000
00000000
00000000
00000000
00000000
00000000
00000000
00000000
00000000
00000000
00000000
00000000
00000000
00000000
00000000
00000000
00000000
00000000
00000000
00000000
00000000
00000000
00000000
00000000
00000000
00000000
00000000
00000000
00000000
00000000
00000000
00000000
00000000
00000000
00000000
00000000
00000000
00000000
00000000
00000000
00000000
00000000
00000000
00000000
00000000
00000000
00000000
00000000
00000000
00000000
00000000
00000000
00000000
00000000
00000000
00000000
00000000
00000000
00000000
00000000
00000000
00000000
00000000
00000000
00000000
00000000
00000000
00000000
00000000
00000000
00000000
00000000
00000000
00000000
00000000
00000000
00000000
00000000
00000000
00000000
00000000
00000000
00000000
00000000
00000000
00000000
00000000
00000000
00000000
00000000
00000000
00000000
00000000
00000000
00000000
00000000
00000000
00000000
00000000
00000000
00000000
00000000
00000000
00000000
00000000
00000000
00000000
00000000
00000000
00000000
00000000
00000000
00000000
00000000
00000000
00000000
00000000
00000000
00000000
00000000
00000000
00000000
00000000
00000000
00000000
00000000
00000000
00000000
00000000
00000000
00000000
00000000
00000000
00000000
00000000
00000000
00000000
00000000
00000000
00000000
00000000
00000000
00000000
00000000
00000000
00000000
00000000
00000000
00000000
00000000
00000000
00000000
00000000
00000000
00000000
00000000
00000000
00000000
00000000
00000000
00000000
00000000
00000000
00000000
00000000
00000000
00000000
00000000
00000000
00000000
00000000
00000000
00000000
00000000
00000000
00000000
00000000
00000000
00000000
00000000
00000000
00000000
00000000
00000000
00000000
00000000
00000000
00000000
00000000
00000000
00000000
00000000
00000000
00000000
00000000
00000000
00000000
00000000
00000000
00000000
00000000
00000000
00000000
00000000
00000000
00000000
00000000
00000000
00000000
00000000
00000000
00000000
00000000
00000000
00000000
00000000
00000000
00000000
00000000
00000000
00000000
00000000
00000000
00000000
00000000
00000000
00000000
00000000
00000000
00000000
00000000
00000000
00000000
00000000
00000000
00000000
00000000
00000000
00000000
00000000
00000000
00000000
00000000
00000000
00000000
00000000
00000000
00000000
00000000
00000000
00000000
00000000
00000000
00000000
00000000
00000000
00000000
00000000
00000000
00000000
00000000
00000000
00000000
00000000
00000000
00000000
00000000
00000000
00000000
00000000
00000000
00000000
00000000
00000000
00000000
00000000
00000000
00000000
00000000
00000000
00000000
00000000
00000000
00000000
00000000
00000000
00000000
00000000
00000000
00000000
00000000
00000000
00000000
00000000
00000000
00000000
00000000
00000000
00000000
00000000
00000000
00000000
00000000
00000000
00000000
00000000
00000000
00000000
00000000
00000000
00000000
00000000
00000000
00000000
00000000
00000000
00000000
00000000
00000000
00000000
00000000
00000000
00000000
00000000
00000000
00000000
00000000
00000000
00000000
00000000
00000000
00000000
00000000
00000000
00000000
00000000
00000000
00000000
00000000
00000000
00000000
00000000
00000000
00000000
00000000
00000000
00000000
00000000
00000000
00000000
00000000
00000000
00000000
00000000
00000000
00000000
00000000
00000000
00000000
00000000
00000000
00000000
00000000
00000000
00000000
00000000
00000000
00000000
00000000
00000000
00000000
00000000
00000000
00000000
00000000
00000000
00000000
00000000
00000000
00000000
00000000
00000000
00000000
00000000
00000000
00000000
00000000
00000000
00000000
00000000
00000000
00000000
00000000
00000000
00000000
00000000
00000000
00000000
00000000
00000000
00000000
00000000
00000000
00000000
00000000
00000000
00000000
00000000
00000000
00000000
00000000
00000000
00000000
00000000
00000000
00000000
00000000
00000000
00000000
00000000
00000000
00000000
00000000
00000000
00000000
00000000
00000000
00000000
00000000
00000000
00000000
00000000
00000000
00000000
00000000
00000000
00000000
00000000
00000000
00000000
00000000
00000000
00000000
00000000
00000000
00000000
00000000
00000000
00000000
00000000
00000000
00000000
00000000
00000000
00000000
00000000
00000000
00000000
00000000
00000000
00000000
00000000
00000000
00000000
00000000
00000000
00000000
00000000
00000000
00000000
00000000
00000000
00000000
00000000
00000000
00000000
00000000
00000000
00000000
00000000
00000000
00000000
00000000
00000000
00000000
00000000
00000000
00000000
00000000
00000000
00000000
00000000
00000000
00000000
00000000
00000000
00000000
00000000
00000000
00000000
00000000
00000000
00000000
00000000
00000000
00000000
00000000
00000000
00000000
00000000
00000000
00000000
00000000
00000000
00000000
00000000
00000000
00000000
00000000
00000000
00000000
00000000
00000000
00000000
00000000
00000000
00000000
00000000
00000000
00000000
00000000
00000000
00000000
00000000
00000000
00000000
00000000
00000000
00000000
00000000
00000000
00000000
00000000
00000000
00000000
00000000
00000000
00000000
00000000
00000000
00000000
00000000
00000000
00000000
00000000
00000000
00000000
00000000
00000000
00000000
00000000
00000000
00000000
00000000
00000000
00000000
00000000
00000000
00000000
00000000
00000000
00000000
00000000
00000000
00000000
00000000
00000000
00000000
00000000
00000000
00000000
00000000
00000000
00000000
00000000
00000000
00000000
00000000
00000000
00000000
00000000
00000000
00000000
00000000
00000000
00000000
00000000
00000000
00000000
00000000
00000000
00000000
00000000
00000000
00000000
00000000
00000000
00000000
00000000
00000000
00000000
00000000
00000000
00000000
00000000
00000000
00000000
00000000
00000000
00000000
00000000
00000000
00000000
00000000
00000000
00000000
00000000
00000000
00000000
00000000
00000000
00000000
00000000
00000000
00000000
00000000
00000000
00000000
00000000
00000000
00000000
00000000
00000000
00000000
00000000
00000000
00000000
00000000
00000000
00000000
00000000
00000000
00000000
00000000
00000000
00000000
00000000
00000000
00000000
00000000
00000000
00000000
00000000
00000000
00000000
00000000
00000000
00000000
00000000
00000000
00000000
00000000
00000000
00000000
00000000
00000000
00000000
00000000
00000000
00000000
00000000
00000000
00000000
00000000
00000000
00000000
00000000
00000000
00000000
00000000
00000000
00000000
00000000
00000000
00000000
00000000
00000000
00000000
00000000
00000000
00000000
00000000
00000000
00000000
00000000
00000000
00000000
00000000
00000000
00000000
00000000
00000000
00000000
00000000
00000000
00000000
00000000
00000000
00000000
00000000
00000000
00000000
00000000
00000000
00000000
00000000
00000000
00000000
00000000
00000000
00000000
00000000
00000000
00000000
00000000
00000000
00000000
00000000
00000000
00000000
00000000
00000000
00000000
00000000
00000000
00000000
00000000
00000000
00000000
00000000
00000000
00000000
00000000
00000000
00000000
00000000
00000000
00000000
00000000
00000000
00000000
00000000
00000000
00000000
00000000
00000000
00000000
00000000
00000000
00000000
00000000
00000000
00000000
00000000
00000000
00000000
00000000
00000000
00000000
00000000
00000000
00000000
00000000
00000000
00000000
00000000
00000000
00000000
00000000
00000000
00000000
00000000
00000000
00000000
00000000
00000000
00000000
00000000
00000000
00000000
00000000
00000000
00000000
00000000
00000000
00000000
00000000
00000000
00000000
00000000
00000000
00000000
00000000
00000000
00000000
00000000
00000000
00000000
00000000
00000000
00000000
00000000
00000000
00000000
00000000
00000000
00000000
00000000
00000000
00000000
00000000
00000000
00000000
00000000
00000000
00000000
00000000
00000000
00000000
00000000
00000000
00000000
00000000
00000000
00000000
00000000
00000000
00000000
00000000
00000000
00000000
00000000
00000000
00000000
00000000
00000000
00000000
00000000
00000000
00000000
00000000
00000000
00000000
00000000
00000000
00000000
00000000
00000000
00000000
00000000
00000000
00000000
00000000
00000000
00000000
00000000
00000000
00000000
00000000
00000000
00000000
00000000
00000000
00000000
00000000
00000000
00000000
00000000
00000000
00000000
00000000
00000000
00000000
00000000
00000000
00000000
00000000
00000000
00000000
00000000
00000000
00000000
00000000
00000000
00000000
00000000
00000000
00000000
00000000
00000000
00000000
00000000
00000000
00000000
00000000
00000000
00000000
00000000
00000000
00000000
00000000
00000000
00000000
00000000
00000000
00000000
00000000
00000000
00000000
00000000
00000000
00000000
00000000
00000000
00000000
00000000
00000000
00000000
00000000
00000000
00000000
00000000
00000000
00000000
00000000
00000000
00000000
00000000
00000000
00000000
00000000
00000000
00000000
00000000
00000000
00000000
00000000
00000000
00000000
00000000
00000000
00000000
00000000
00000000
00000000
00000000
00000000
00000000
00000000
00000000
00000000
00000000
00000000
00000000
00000000
00000000
00000000
00000000
00000000
00000000
00000000
00000000
00000000
00000000
00000000
00000000
00000000
00000000
00000000
00000000
00000000
00000000
00000000
00000000
00000000
00000000
00000000
00000000
00000000
00000000
00000000
00000000
00000000
00000000
00000000
00000000
00000000
00000000
00000000
00000000
00000000
00000000
00000000
00000000
00000000
00000000
00000000
00000000
00000000
00000000
00000000
00000000
00000000
00000000
00000000
00000000
00000000
00000000
00000000
00000000
00000000
00000000
00000000
00000000
00000000
00000000
00000000
00000000
00000000
00000000
00000000
00000000
00000000
00000000
00000000
00000000
00000000
00000000
00000000
00000000
00000000
00000000
00000000
00000000
00000000
00000000
00000000
00000000
00000000
00000000
00000000
00000000
00000000
00000000
00000000
00000000
00000000
00000000
00000000
00000000
00000000
00000000
00000000
00000000
00000000
00000000
00000000
00000000
00000000
00000000
00000000
00000000
00000000
00000000
00000000
00000000
00000000
00000000
00000000
00000000
00000000
00000000
00000000
00000000
00000000
00000000
00000000
00000000
00000000
00000000
00000000
00000000
00000000
00000000
00000000
00000000
00000000
00000000
00000000
00000000
00000000
00000000
00000000
00000000
00000000
00000000
00000000
00000000
00000000
00000000
00000000
00000000
00000000
00000000
00000000
00000000
00000000
00000000
00000000
00000000
00000000
00000000
00000000
00000000
00000000
00000000
00000000
00000000
00000000
00000000
00000000
00000000
00000000
00000000
00000000
00000000
00000000
00000000
00000000
00000000
00000000
00000000
00000000
00000000
00000000
00000000
00000000
00000000
00000000
00000000
00000000
00000000
00000000
00000000
00000000
00000000
00000000
00000000
00000000
00000000
00000000
00000000
00000000
00000000
00000000
00000000
00000000
00000000
00000000
00000000
00000000
00000000
00000000
00000000
00000000
00000000
00000000
00000000
00000000
00000000
00000000
00000000
00000000
00000000
00000000
00000000
00000000
00000000
00000000
00000000
00000000
00000000
00000000
00000000
00000000
00000000
00000000
00000000
00000000
00000000
00000000
00000000
00000000
00000000
00000000
00000000
00000000
00000000
00000000
00000000
00000000
00000000
00000000
00000000
00000000
00000000
00000000
00000000
00000000
00000000
00000000
00000000
00000000
00000000
00000000
00000000
00000000
00000000
00000000
00000000
00000000
00000000
00000000
00000000
00000000
00000000
00000000
00000000
00000000
00000000
00000000
00000000
00000000
00000000
00000000
00000000
00000000
00000000
00000000
00000000
00000000
00000000
00000000
00000000
00000000
00000000
00000000
00000000
00000000
00000000
00000000
00000000
00000000
00000000
00000000
00000000
00000000
00000000
00000000
00000000
00000000
00000000
00000000
00000000
00000000
00000000
00000000
00000000
00000000
00000000
00000000
00000000
00000000
00000000
00000000
00000000
00000000
00000000
00000000
00000000
00000000
00000000
00000000
00000000
00000000
00000000
00000000
00000000
00000000
00000000
00000000
00000000
00000000
00000000
00000000
00000000
00000000
00000000
00000000
00000000
00000000
00000000
00000000
00000000
00000000
00000000
00000000
00000000
00000000
00000000
00000000
00000000
00000000
00000000
00000000
00000000
00000000
00000000
00000000
00000000
00000000
00000000
00000000
00000000
00000000
00000000
00000000
00000000
00000000
00000000
00000000
00000000
00000000
00000000
00000000
00000000
00000000
00000000
00000000
00000000
00000000
00000000
00000000
00000000
00000000
00000000
00000000
00000000
00000000
00000000
00000000
00000000
00000000
00000000
00000000
00000000
00000000
00000000
00000000
00000000
00000000
00000000
00000000
00000000
00000000
00000000
00000000
00000000
00000000
00000000
00000000
00000000
00000000
00000000
00000000
00000000
00000000
00000000
00000000
00000000
00000000
00000000
00000000
00000000
00000000
00000000
00000000
00000000
00000000
00000000
00000000
00000000
00000000
00000000
00000000
00000000
00000000
00000000
00000000
00000000
00000000
00000000
00000000
00000000
00000000
00000000
00000000
00000000
00000000
00000000
00000000
00000000
00000000
00000000
00000000
00000000
00000000
00000000
00000000
00000000
00000000
00000000
00000000
00000000
00000000
00000000
00000000
00000000
00000000
00000000
00000000
00000000
00000000
00000000
00000000
00000000
00000000
00000000
00000000
00000000
00000000
00000000
00000000
00000000
00000000
00000000
00000000
00000000
00000000
00000000
00000000
00000000
00000000
00000000
00000000
00000000
00000000
00000000
00000000
00000000
00000000
00000000
00000000
00000000
00000000
00000000
00000000
00000000
00000000
00000000
00000000
00000000
00000000
00000000
00000000
00000000
00000000
00000000
00000000
00000000
00000000
00000000
00000000
00000000
00000000
00000000
00000000
00000000
00000000
00000000
00000000
00000000
00000000
00000000
00000000
00000000
00000000
00000000
00000000
00000000
00000000
00000000
00000000
00000000
00000000
00000000
00000000
00000000
00000000
00000000
00000000
00000000
00000000
00000000
00000000
00000000
00000000
00000000
00000000
00000000
00000000
00000000
00000000
00000000
00000000
00000000
00000000
00000000
00000000
00000000
00000000
00000000
00000000
00000000
00000000
00000000
00000000
00000000
00000000
00000000
00000000
00000000
00000000
00000000
00000000
00000000
00000000
00000000
00000000
00000000
00000000
00000000
00000000
00000000
00000000
00000000
00000000
00000000
00000000
00000000
00000000
00000000
00000000
00000000
00000000
00000000
00000000
00000000
00000000
00000000
00000000
00000000
00000000
00000000
00000000
00000000
00000000
00000000
00000000
00000000
00000000
00000000
00000000
00000000
00000000
00000000
00000000
00000000
00000000
00000000
00000000
00000000
00000000
00000000
00000000
00000000
00000000
00000000
00000000
00000000
00000000
00000000
00000000
00000000
00000000
00000000
00000000
00000000
00000000
00000000
00000000
00000000
00000000
00000000
00000000
00000000
00000000
00000000
00000000
00000000
00000000
00000000
00000000
00000000
00000000
00000000
00000000
00000000
00000000
00000000
00000000
00000000
00000000
00000000
00000000
00000000
00000000
00000000
00000000
00000000
00000000
00000000
00000000
00000000
00000000
00000000
00000000
00000000
00000000
00000000
00000000
00000000
00000000
00000000
00000000
00000000
00000000
00000000
00000000
00000000
00000000
00000000
00000000
00000000
00000000
00000000
00000000
00000000
00000000
00000000
00000000
00000000
00000000
00000000
00000000
00000000
00000000
00000000
00000000
00000000
00000000
00000000
00000000
00000000
00000000
00000000
00000000
00000000
00000000
00000000
00000000
00000000
00000000
00000000
00000000
00000000
00000000
00000000
00000000
00000000
00000000
00000000
00000000
00000000
00000000
00000000
00000000
00000000
00000000
00000000
00000000
00000000
00000000
00000000
00000000
00000000
00000000
00000000
00000000
00000000
00000000
00000000
00000000
00000000
00000000
00000000
00000000
00000000
00000000
00000000
00000000
00000000
00000000
00000000
00000000
00000000
00000000
00000000
00000000
00000000
00000000
00000000
00000000
00000000
00000000
00000000
00000000
00000000
00000000
00000000
00000000
00000000
00000000
00000000
00000000
00000000
00000000
00000000
00000000
00000000
00000000
00000000
00000000
00000000
00000000
00000000
00000000
00000000
00000000
00000000
00000000
00000000
00000000
00000000
00000000
00000000
00000000
00000000
00000000
00000000
00000000
00000000
00000000
00000000
00000000
00000000
00000000
00000000
00000000
00000000
00000000
00000000
00000000
00000000
00000000
00000000
00000000
00000000
00000000
00000000
00000000
00000000
00000000
00000000
00000000
00000000
00000000
00000000
00000000
00000000
00000000
00000000
00000000
00000000
00000000
00000000
00000000
00000000
00000000
00000000
00000000
00000000
00000000
00000000
00000000
00000000
00000000
00000000
00000000
00000000
00000000
00000000
00000000
00000000
00000000
00000000
00000000
00000000
00000000
00000000
00000000
00000000
00000000
00000000
00000000
00000000
00000000
00000000
00000000
00000000
00000000
00000000
00000000
00000000
00000000
00000000
00000000
00000000
00000000
00000000
00000000
00000000
00000000
00000000
00000000
00000000
00000000
00000000
00000000
00000000
00000000
00000000
00000000
00000000
00000000
00000000
00000000
00000000
00000000
00000000
00000000
00000000
00000000
00000000
00000000
00000000
00000000
00000000
00000000
00000000
00000000
00000000
00000000
00000000
00000000
00000000
00000000
00000000
00000000
00000000
00000000
00000000
00000000
00000000
00000000
00000000
00000000
00000000
00000000
00000000
00000000
00000000
00000000
00000000
00000000
00000000
00000000
00000000
00000000
00000000
00000000
00000000
00000000
00000000
00000000
00000000
00000000
00000000
00000000
00000000
00000000
00000000
00000000
00000000
00000000
00000000
00000000
00000000
00000000
00000000
00000000
00000000
00000000
00000000
00000000
00000000
00000000
00000000
00000000
00000000
00000000
00000000
00000000
00000000
00000000
00000000
00000000
00000000
00000000
00000000
00000000
00000000
00000000
00000000
00000000
00000000
00000000
00000000
00000000
00000000
00000000
00000000
00000000
00000000
00000000
00000000
00000000
00000000
00000000
00000000
00000000
00000000
00000000
00000000
00000000
00000000
00000000
00000000
00000000
00000000
00000000
00000000
00000000
00000000
00000000
00000000
00000000
00000000
00000000
00000000
00000000
00000000
00000000
00000000
00000000
00000000
00000000
00000000
00000000
00000000
00000000
00000000
00000000
00000000
00000000
00000000
00000000
00000000
00000000
00000000
00000000
00000000
00000000
00000000
00000000
00000000
00000000
00000000
00000000
00000000
00000000
00000000
00000000
00000000
00000000
00000000
00000000
00000000
00000000
00000000
00000000
00000000
00000000
00000000
00000000
00000000
00000000
00000000
00000000
00000000
00000000
00000000
00000000
00000000
00000000
00000000
00000000
00000000
00000000
00000000
00000000
00000000
00000000
00000000
00000000
00000000
00000000
00000000
00000000
00000000
00000000
00000000
00000000
00000000
00000000
00000000
00000000
00000000
00000000
00000000
00000000
00000000
00000000
00000000
00000000
00000000
00000000
00000000
00000000
00000000
00000000
00000000
00000000
00000000
00000000
00000000
00000000
00000000
00000000
00000000
00000000
00000000
00000000
00000000
00000000
00000000
00000000
00000000
00000000
00000000
00000000
00000000
00000000
00000000
00000000
00000000
00000000
00000000
00000000
00000000
00000000
00000000
00000000
00000000
00000000
00000000
00000000
00000000
00000000
00000000
00000000
00000000
00000000
00000000
00000000
00000000
00000000
00000000
00000000
00000000
00000000
00000000
00000000
00000000
00000000
00000000
00000000
00000000
00000000
00000000
00000000
00000000
00000000
00000000
00000000
00000000
00000000
00000000
00000000
00000000
00000000
00000000
00000000
00000000
00000000
00000000
00000000
00000000
00000000
00000000
00000000
00000000
00000000
00000000
00000000
00000000
00000000
00000000
00000000
00000000
00000000
00000000
00000000
00000000
00000000
00000000
00000000
00000000
00000000
00000000
00000000
00000000
00000000
00000000
00000000
00000000
00000000
00000000
00000000
00000000
00000000
00000000
00000000
00000000
00000000
00000000
00000000
00000000
00000000
00000000
00000000
00000000
00000000
00000000
00000000
00000000
00000000
00000000
00000000
00000000
00000000
00000000
00000000
00000000
00000000
00000000
00000000
00000000
00000000
00000000
00000000
00000000
00000000
00000000
00000000
00000000
00000000
00000000
00000000
00000000
00000000
00000000
00000000
00000000
00000000
00000000
00000000
00000000
00000000
00000000
00000000
00000000
00000000
00000000
00000000
00000000
00000000
00000000
00000000
00000000
00000000
00000000
00000000
00000000
00000000
00000000
00000000
00000000
00000000
00000000
00000000
00000000
00000000
00000000
00000000
00000000
00000000
00000000
00000000
00000000
00000000
00000000
00000000
00000000
00000000
00000000
00000000
00000000
00000000
00000000
00000000
00000000
00000000
00000000
00000000
00000000
00000000
00000000
00000000
00000000
00000000
00000000
00000000
00000000
00000000
00000000
00000000
00000000
00000000
00000000
00000000
00000000
00000000
00000000
00000000
00000000
00000000
00000000
00000000
00000000
00000000
00000000
00000000
00000000
00000000
00000000
00000000
00000000
00000000
00000000
00000000
00000000
00000000
00000000
00000000
00000000
00000000
00000000
00000000
00000000
00000000
00000000
00000000
00000000
00000000
00000000
00000000
00000000
00000000
00000000
00000000
00000000
00000000
00000000
00000000
00000000
00000000
00000000
00000000
00000000
00000000
00000000
00000000
00000000
00000000
00000000
00000000
00000000
00000000
00000000
00000000
00000000
00000000
00000000
00000000
00000000
00000000
00000000
00000000
00000000
00000000
00000000
00000000
00000000
00000000
00000000
00000000
00000000
00000000
00000000
00000000
00000000
00000000
00000000
00000000
00000000
00000000
00000000
00000000
00000000
00000000
00000000
00000000
00000000
00000000
00000000
00000000
00000000
00000000
00000000
00000000
00000000
00000000
00000000
00000000
00000000
00000000
00000000
00000000
00000000
00000000
00000000
00000000
00000000
00000000
00000000
00000000
00000000
00000000
00000000
00000000
00000000
00000000
00000000
00000000
00000000
00000000
00000000
00000000
00000000
00000000
00000000
00000000
00000000
00000000
00000000
00000000
00000000
00000000
00000000
00000000
00000000
00000000
00000000
00000000
00000000
00000000
00000000
00000000
00000000
00000000
00000000
00000000
00000000
00000000
00000000
00000000
00000000
00000000
00000000
00000000
00000000
00000000
00000000
00000000
00000000
00000000
00000000
00000000
00000000
00000000
00000000
00000000
00000000
00000000
00000000
00000000
00000000
00000000
00000000
00000000
00000000
00000000
00000000
00000000
00000000
00000000
00000000
00000000
00000000
00000000
00000000
00000000
00000000
00000000
00000000
00000000
00000000
00000000
00000000
00000000
00000000
00000000
00000000
00000000
00000000
00000000
00000000
00000000
00000000
00000000
00000000
00000000
00000000
00000000
00000000
00000000
00000000
00000000
00000000
00000000
00000000
00000000
00000000
00000000
00000000
00000000
00000000
00000000
00000000
00000000
00000000
00000000
00000000
00000000
00000000
00000000
00000000
00000000
00000000
00000000
00000000
00000000
00000000
00000000
00000000
00000000
00000000
00000000
00000000
00000000
00000000
00000000
00000000
00000000
00000000
00000000
00000000
00000000
00000000
00000000
00000000
00000000
00000000
00000000
00000000
00000000
00000000
00000000
00000000
00000000
00000000
00000000
00000000
00000000
00000000
00000000
00000000
00000000
00000000
00000000
00000000
00000000
00000000
00000000
00000000
00000000
00000000
00000000
00000000
00000000
00000000
00000000
00000000
00000000
00000000
00000000
00000000
00000000
00000000
00000000
00000000
00000000
00000000
00000000
00000000
00000000
00000000
00000000
00000000
00000000
00000000
00000000
00000000
00000000
00000000
00000000
00000000
00000000
00000000
00000000
00000000
00000000
00000000
00000000
00000000
00000000
00000000
00000000
00000000
00000000
00000000
00000000
00000000
00000000
00000000
00000000
00000000
00000000
00000000
00000000
00000000
00000000
00000000
00000000
00000000
00000000
00000000
00000000
00000000
00000000
00000000
00000000
00000000
00000000
00000000
00000000
00000000
00000000
00000000
00000000
00000000
00000000
00000000
00000000
00000000
00000000
00000000
00000000
00000000
00000000
00000000
00000000
00000000
00000000
00000000
00000000
00000000
00000000
00000000
00000000
00000000
00000000
00000000
00000000
00000000
00000000
00000000
00000000
00000000
00000000
00000000
00000000
00000000
00000000
00000000
00000000
00000000
00000000
00000000
00000000
00000000
00000000
00000000
00000000
00000000
00000000
00000000
00000000
00000000
00000000
00000000
00000000
00000000
00000000
00000000
00000000
00000000
00000000
00000000
00000000
00000000
00000000
00000000
00000000
00000000
00000000
00000000
00000000
00000000
00000000
00000000
00000000
00000000
00000000
00000000
00000000
00000000
00000000
00000000
00000000
00000000
00000000
00000000
00000000
00000000
00000000
00000000
00000000
00000000
00000000
00000000
00000000
00000000
00000000
00000000
00000000
00000000
00000000
00000000
00000000
00000000
00000000
00000000
00000000
00000000
00000000
00000000
00000000
00000000
00000000
00000000
00000000
00000000
00000000
00000000
00000000
00000000
00000000
00000000
00000000
00000000
00000000
00000000
00000000
00000000
00000000
00000000
00000000
00000000
00000000
00000000
00000000
00000000
00000000
00000000
00000000
00000000
00000000
00000000
00000000
00000000
00000000
00000000
00000000
00000000
00000000
00000000
00000000
00000000
00000000
00000000
00000000
00000000
00000000
00000000
00000000
00000000
00000000
00000000
00000000
00000000
00000000
00000000
00000000
00000000
00000000
00000000
00000000
00000000
00000000
00000000
00000000
00000000
00000000
00000000
00000000
00000000
00000000
00000000
00000000
00000000
00000000
00000000
00000000
00000000
00000000
00000000
00000000
00000000
00000000
00000000
00000000
00000000
00000000
00000000
00000000
00000000
00000000
00000000
00000000
00000000
00000000
00000000
00000000
00000000
00000000
00000000
00000000
00000000
00000000
00000000
00000000
00000000
00000000
00000000
00000000
00000000
00000000
00000000
00000000
00000000
00000000
00000000
00000000
00000000
00000000
00000000
00000000
00000000
00000000
00000000
00000000
00000000
00000000
00000000
00000000
00000000
00000000
00000000
00000000
00000000
00000000
00000000
00000000
00000000
00000000
00000000
00000000
00000000
00000000
00000000
00000000
00000000
00000000
00000000
00000000
00000000
00000000
00000000
00000000
00000000
00000000
00000000
00000000
00000000
00000000
00000000
00000000
00000000
00000000
00000000
00000000
00000000
00000000
00000000
00000000
00000000
00000000
00000000
00000000
00000000
00000000
00000000
00000000
00000000
00000000
00000000
00000000
00000000
00000000
00000000
00000000
00000000
00000000
00000000
00000000
00000000
00000000
00000000
00000000
00000000
00000000
00000000
00000000
00000000
00000000
00000000
00000000
00000000
00000000
00000000
00000000
00000000
00000000
00000000
00000000
00000000
00000000
00000000
00000000
00000000
00000000
00000000
00000000
00000000
00000000
00000000
00000000
00000000
00000000
00000000
00000000
00000000
00000000
00000000
00000000
00000000
00000000
00000000
00000000
00000000
00000000
00000000
00000000
00000000
00000000
00000000
00000000
00000000
00000000
00000000
00000000
00000000
00000000
00000000
00000000
00000000
00000000
00000000
00000000
00000000
00000000
00000000
00000000
00000000
00000000
00000000
00000000
00000000
00000000
00000000
00000000
00000000
00000000
00000000
00000000
00000000
00000000
00000000
00000000
00000000
00000000
00000000
00000000
00000000
00000000
00000000
00000000
00000000
00000000
00000000
00000000
00000000
00000000
00000000
00000000
00000000
00000000
00000000
00000000
00000000
00000000
00000000
00000000
00000000
00000000
00000000
00000000
00000000
00000000
00000000
00000000
00000000
00000000
00000000
00000000
00000000
00000000
00000000
00000000
00000000
00000000
00000000
00000000
00000000
00000000
00000000
00000000
00000000
00000000
00000000
00000000
00000000
00000000
00000000
00000000
00000000
00000000
00000000
00000000
00000000
00000000
00000000
00000000
00000000
00000000
00000000
00000000
00000000
00000000
00000000
00000000
00000000
00000000
00000000
00000000
00000000
00000000
00000000
00000000
00000000
00000000
00000000
00000000
00000000
00000000
00000000
00000000
00000000
00000000
00000000
00000000
00000000
00000000
00000000
00000000
00000000
00000000
00000000
00000000
00000000
00000000
00000000
00000000
00000000
00000000
00000000
00000000
00000000
00000000
00000000
00000000
00000000
00000000
00000000
00000000
00000000
00000000
00000000
00000000
00000000
00000000
00000000
00000000
00000000
00000000
00000000
00000000
00000000
00000000
00000000
00000000
00000000
00000000
00000000
00000000
00000000
00000000
00000000
00000000
00000000
00000000
00000000
00000000
00000000
00000000
00000000
00000000
00000000
00000000
00000000
00000000
00000000
00000000
00000000
00000000
00000000
00000000
00000000
00000000
00000000
00000000
00000000
00000000
00000000
00000000
00000000
00000000
00000000
00000000
00000000
00000000
00000000
00000000
00000000
00000000
00000000
00000000
00000000
00000000
00000000
00000000
00000000
00000000
00000000
00000000
00000000
00000000
00000000
00000000
00000000
00000000
00000000
00000000
00000000
00000000
00000000
00000000
00000000
00000000
00000000
00000000
00000000
00000000
00000000
00000000
00000000
00000000
00000000
00000000
00000000
00000000
00000000
00000000
00000000
00000000
00000000
00000000
00000000
00000000
00000000
00000000
00000000
00000000
00000000
00000000
00000000
00000000
00000000
00000000
00000000
00000000
00000000
00000000
00000000
00000000
00000000
00000000
00000000
00000000
00000000
00000000
00000000
00000000
00000000
00000000
00000000
00000000
00000000
00000000
00000000
00000000
00000000
00000000
00000000
00000000
00000000
00000000
00000000
00000000
00000000
00000000
00000000
00000000
00000000
00000000
00000000
00000000
00000000
00000000
00000000
00000000
00000000
00000000
00000000
00000000
00000000
00000000
00000000
00000000
00000000
00000000
00000000
00000000
00000000
00000000
00000000
00000000
00000000
00000000
00000000
00000000
00000000
00000000
00000000
00000000
00000000
00000000
00000000
00000000
00000000
00000000
00000000
00000000
00000000
00000000
00000000
00000000
00000000
00000000
00000000
00000000
00000000
00000000
00000000
00000000
00000000
00000000
00000000
00000000
00000000
00000000
00000000
00000000
00000000
00000000
00000000
00000000
00000000
00000000
00000000
00000000
00000000
00000000
00000000
00000000
00000000
00000000
00000000
00000000
00000000
00000000
00000000
00000000
00000000
00000000
00000000
00000000
00000000
00000000
00000000
00000000
00000000
00000000
00000000
00000000
00000000
00000000
00000000
00000000
00000000
00000000
00000000
00000000
00000000
00000000
00000000
00000000
00000000
00000000
00000000
00000000
00000000
00000000
00000000
00000000
00000000
00000000
00000000
00000000
00000000
00000000
00000000
00000000
00000000
00000000
00000000
00000000
00000000
00000000
00000000
00000000
00000000
00000000
00000000
00000000
00000000
00000000
00000000
00000000
00000000
00000000
00000000
00000000
00000000
00000000
00000000
00000000
00000000
00000000
00000000
00000000
00000000
00000000
00000000
00000000
00000000
00000000
00000000
00000000
00000000
00000000
00000000
00000000
00000000
00000000
00000000
00000000
00000000
00000000
00000000
00000000
00000000
00000000
00000000
00000000
00000000
00000000
00000000
00000000
00000000
00000000
00000000
00000000
00000000
00000000
00000000
00000000
00000000
00000000
00000000
00000000
00000000
00000000
00000000
00000000
00000000
00000000
00000000
00000000
00000000
00000000
00000000
00000000
00000000
00000000
00000000
00000000
00000000
00000000
00000000
00000000
00000000
00000000
00000000
00000000
00000000
00000000
00000000
00000000
00000000
00000000
00000000
00000000
00000000
00000000
00000000
00000000
00000000
00000000
00000000
00000000
00000000
00000000
00000000
00000000
00000000
00000000
00000000
00000000
00000000
00000000
00000000
00000000
00000000
00000000
00000000
00000000
00000000
00000000
00000000
00000000
00000000
00000000
00000000
00000000
00000000
00000000
00000000
00000000
00000000
00000000
00000000
00000000
00000000
00000000
00000000
00000000
00000000
00000000
00000000
00000000
00000000
00000000
00000000
00000000
00000000
00000000
00000000
00000000
00000000
00000000
00000000
00000000
00000000
00000000
00000000
00000000
00000000
00000000
00000000
00000000
00000000
00000000
00000000
00000000
00000000
00000000
00000000
00000000
00000000
00000000
00000000
00000000
00000000
00000000
00000000
00000000
00000000
00000000
00000000
00000000
00000000
00000000
00000000
00000000
00000000
00000000
00000000
00000000
00000000
00000000
00000000
00000000
00000000
00000000
00000000
00000000
00000000
00000000
00000000
00000000
00000000
00000000
00000000
00000000
00000000
00000000
00000000
00000000
00000000
00000000
00000000
00000000
00000000
00000000
00000000
00000000
00000000
00000000
00000000
00000000
00000000
00000000
00000000
00000000
00000000
00000000
00000000
00000000
00000000
00000000
00000000
00000000
00000000
00000000
00000000
00000000
00000000
00000000
00000000
00000000
00000000
00000000
00000000
00000000
00000000
00000000
00000000
00000000
00000000
00000000
00000000
00000000
00000000
00000000
00000000
00000000
00000000
00000000
00000000
00000000
00000000
00000000
00000000
00000000
00000000
00000000
00000000
00000000
00000000
00000000
00000000
00000000
00000000
00000000
00000000
00000000
00000000
00000000
00000000
00000000
00000000
00000000
00000000
00000000
00000000
00000000
00000000
00000000
00000000
00000000
00000000
00000000
00000000
00000000
00000000
00000000
00000000
00000000
00000000
00000000
00000000
00000000
00000000
00000000
00000000
00000000
00000000
00000000
00000000
00000000
00000000
00000000
00000000
00000000
00000000
00000000
00000000
00000000
00000000
00000000
00000000
00000000
00000000
00000000
00000000
00000000
00000000
00000000
00000000
00000000
00000000
00000000
00000000
00000000
00000000
00000000
00000000
00000000
00000000
00000000
00000000
00000000
00000000
00000000
00000000
00000000
00000000
00000000
00000000
00000000
00000000
00000000
00000000
00000000
00000000
00000000
00000000
00000000
00000000
00000000
00000000
00000000
00000000
00000000
00000000
00000000
00000000
00000000
00000000
00000000
00000000
00000000
00000000
00000000
00000000
00000000
00000000
00000000
00000000
00000000
00000000
00000000
00000000
00000000
00000000
00000000
00000000
00000000
00000000
00000000
00000000
00000000
00000000
00000000
00000000
00000000
00000000
00000000
00000000
00000000
00000000
00000000
00000000
00000000
00000000
00000000
00000000
00000000
00000000
00000000
00000000
00000000
00000000
00000000
00000000
00000000
00000000
00000000
00000000
00000000
00000000
00000000
00000000
00000000
00000000
00000000
00000000
00000000
00000000
00000000
00000000
00000000
00000000
00000000
00000000
00000000
00000000
00000000
00000000
00000000
00000000
00000000
00000000
00000000
00000000
00000000
00000000
00000000
00000000
00000000
00000000
00000000
00000000
00000000
00000000
00000000
00000000
00000000
00000000
00000000
00000000
00000000
00000000
00000000
00000000
00000000
00000000
00000000
00000000
00000000
00000000
00000000
00000000
00000000
00000000
00000000
00000000
00000000
00000000
00000000
00000000
00000000
00000000
00000000
00000000
00000000
00000000
00000000
00000000
00000000
00000000
00000000
00000000
00000000
00000000
00000000
00000000
00000000
00000000
00000000
00000000
00000000
00000000
00000000
00000000
00000000
00000000
00000000
00000000
00000000
00000000
00000000
00000000
00000000
00000000
00000000
00000000
00000000
00000000
00000000
00000000
00000000
00000000
00000000
00000000
00000000
00000000
00000000
00000000
00000000
00000000
00000000
00000000
00000000
00000000
00000000
00000000
00000000
00000000
00000000
00000000
00000000
00000000
00000000
00000000
00000000
00000000
00000000
00000000
00000000
00000000
00000000
00000000
00000000
00000000
00000000
00000000
00000000
00000000
00000000
00000000
00000000
00000000
00000000
00000000
00000000
00000000
00000000
00000000
00000000
00000000
00000000
00000000
00000000
00000000
00000000
00000000
00000000
00000000
00000000
00000000
00000000
00000000
00000000
00000000
00000000
00000000
00000000
00000000
00000000
00000000
00000000
00000000
00000000
00000000
00000000
00000000
00000000
00000000
00000000
00000000
00000000
00000000
00000000
00000000
00000000
00000000
00000000
00000000
00000000
00000000
00000000
00000000
00000000
00000000
00000000
00000000
00000000
00000000
00000000
00000000
00000000
00000000
00000000
00000000
00000000
00000000
00000000
00000000
00000000
00000000
00000000
00000000
00000000
00000000
00000000
00000000
00000000
00000000
00000000
00000000
00000000
00000000
00000000
00000000
00000000
00000000
00000000
00000000
00000000
00000000
00000000
00000000
00000000
00000000
00000000
00000000
00000000
00000000
00000000
00000000
00000000
00000000
00000000
00000000
00000000
00000000
00000000
00000000
00000000
00000000
00000000
00000000
00000000
00000000
00000000
00000000
00000000
00000000
00000000
00000000
00000000
00000000
00000000
00000000
00000000
00000000
00000000
00000000
00000000
00000000
00000000
00000000
00000000
00000000
00000000
00000000
00000000
00000000
00000000
00000000
00000000
00000000
00000000
00000000
00000000
00000000
00000000
00000000
00000000
00000000
00000000
00000000
00000000
00000000
00000000
00000000
00000000
00000000
00000000
00000000
00000000
00000000
00000000
00000000
00000000
00000000
00000000
00000000
00000000
00000000
00000000
00000000
00000000
00000000
00000000
00000000
00000000
00000000
00000000
00000000
00000000
00000000
00000000
00000000
00000000
00000000
00000000
00000000
00000000
00000000
00000000
00000000
00000000
00000000
00000000
00000000
00000000
00000000
00000000
00000000
00000000
00000000
00000000
00000000
00000000
00000000
00000000
00000000
00000000
00000000
00000000
00000000
00000000
00000000
00000000
00000000
00000000
00000000
00000000
00000000
00000000
00000000
00000000
00000000
00000000
00000000
00000000
00000000
00000000
00000000
00000000
00000000
00000000
00000000
00000000
00000000
00000000
00000000
00000000
00000000
00000000
00000000
00000000
00000000
00000000
00000000
00000000
00000000
00000000
00000000
00000000
00000000
00000000
00000000
00000000
00000000
00000000
00000000
00000000
00000000
00000000
00000000
00000000
00000000
00000000
00000000
00000000
00000000
00000000
00000000
00000000
00000000
00000000
00000000
00000000
00000000
00000000
00000000
00000000
00000000
00000000
00000000
00000000
00000000
00000000
00000000
00000000
00000000
00000000
00000000
00000000
00000000
00000000
00000000
00000000
00000000
00000000
00000000
00000000
00000000
00000000
00000000
00000000
00000000
00000000
00000000
00000000
00000000
00000000
00000000
00000000
00000000
00000000
00000000
00000000
00000000
00000000
00000000
00000000
00000000
00000000
00000000
00000000
00000000
00000000
00000000
00000000
00000000
00000000
00000000
00000000
00000000
00000000
00000000
00000000
00000000
00000000
00000000
00000000
00000000
00000000
00000000
00000000
00000000
00000000
00000000
00000000
00000000
00000000
00000000
00000000
00000000
00000000
00000000
00000000
00000000
00000000
00000000
00000000
00000000
00000000
00000000
00000000
00000000
00000000
00000000
00000000
00000000
00000000
00000000
00000000
00000000
00000000
00000000
00000000
00000000
00000000
00000000
00000000
00000000
00000000
00000000
00000000
00000000
00000000
00000000
00000000
00000000
00000000
00000000
00000000
00000000
00000000
00000000
00000000
00000000
00000000
00000000
00000000
00000000
00000000
00000000
00000000
00000000
00000000
00000000
00000000
00000000
00000000
00000000
00000000
00000000
00000000
00000000
00000000
00000000
00000000
00000000
00000000
00000000
00000000
00000000
00000000
00000000
00000000
00000000
00000000
00000000
00000000
00000000
00000000
00000000
00000000
00000000
00000000
00000000
00000000
00000000
00000000
00000000
00000000
00000000
00000000
00000000
00000000
00000000
00000000
00000000
00000000
00000000
00000000
00000000
00000000
00000000
00000000
00000000
00000000
00000000
00000000
00000000
00000000
00000000
00000000
00000000
00000000
00000000
00000000
00000000
00000000
00000000
00000000
00000000
00000000
00000000
00000000
00000000
00000000
00000000
00000000
00000000
00000000
00000000
00000000
00000000
00000000
00000000
00000000
00000000
00000000
00000000
00000000
00000000
00000000
00000000
00000000
00000000
00000000
00000000
00000000
00000000
00000000
00000000
00000000
00000000
00000000
00000000
00000000
00000000
00000000
00000000
00000000
00000000
00000000
00000000
00000000
00000000
00000000
00000000
00000000
00000000
00000000
00000000
00000000
00000000
00000000
00000000
00000000
00000000
00000000
00000000
00000000
00000000
00000000
00000000
00000000
00000000
00000000
00000000
00000000
00000000
00000000
00000000
00000000
00000000
00000000
00000000
00000000
00000000
00000000
00000000
00000000
00000000
00000000
00000000
00000000
00000000
00000000
00000000
00000000
00000000
00000000
00000000
00000000
00000000
00000000
00000000
00000000
00000000
00000000
00000000
00000000
00000000
00000000
00000000
00000000
00000000
00000000
00000000
00000000
00000000
00000000
00000000
00000000
00000000
00000000
00000000
00000000
00000000
00000000
00000000
00000000
00000000
00000000
00000000
00000000
00000000
00000000
00000000
00000000
00000000
00000000
00000000
00000000
00000000
00000000
00000000
00000000
00000000
00000000
00000000
00000000
00000000
00000000
00000000
00000000
00000000
00000000
00000000
00000000
00000000
00000000
00000000
00000000
00000000
00000000
00000000
00000000
00000000
00000000
00000000
00000000
00000000
00000000
00000000
00000000
00000000
00000000
00000000
00000000
00000000
00000000
00000000
00000000
00000000
00000000
00000000
00000000
00000000
00000000
00000000
00000000
00000000
00000000
00000000
00000000
00000000
00000000
00000000
00000000
00000000
00000000
00000000
00000000
00000000
00000000
00000000
00000000
00000000
00000000
00000000
00000000
00000000
00000000
00000000
00000000
00000000
00000000
00000000
00000000
00000000
00000000
00000000
00000000
00000000
00000000
00000000
00000000
00000000
00000000
00000000
00000000
00000000
00000000
00000000
00000000
00000000
00000000
00000000
00000000
00000000
00000000
00000000
00000000
00000000
00000000
00000000
00000000
00000000
00000000
00000000
00000000
00000000
00000000
00000000
00000000
00000000
00000000
00000000
00000000
00000000
00000000
00000000
00000000
00000000
00000000
00000000
00000000
00000000
00000000
00000000
00000000
00000000
00000000
00000000
00000000
00000000
00000000
00000000
00000000
00000000
00000000
00000000
00000000
00000000
00000000
00000000
00000000
00000000
00000000
00000000
00000000
00000000
00000000
00000000
00000000
00000000
00000000
00000000
00000000
00000000
00000000
00000000
00000000
00000000
00000000
00000000
00000000
00000000
00000000
00000000
00000000
00000000
00000000
00000000
00000000
00000000
00000000
00000000
00000000
00000000
00000000
00000000
00000000
00000000
00000000
00000000
00000000
00000000
00000000
00000000
00000000
00000000
00000000
00000000
00000000
00000000
00000000
00000000
00000000
00000000
00000000
00000000
00000000
00000000
00000000
00000000
00000000
00000000
00000000
00000000
00000000
00000000
00000000
00000000
00000000
00000000
00000000
00000000
00000000
00000000
00000000
00000000
00000000
00000000
00000000
00000000
00000000
00000000
00000000
00000000
00000000
00000000
00000000
00000000
00000000
00000000
00000000
00000000
00000000
00000000
00000000
00000000
00000000
00000000
00000000
00000000
00000000
00000000
00000000
00000000
00000000
00000000
00000000
00000000
00000000
00000000
00000000
00000000
00000000
00000000
00000000
00000000
00000000
00000000
00000000
00000000
00000000
00000000
00000000
00000000
00000000
00000000
00000000
00000000
00000000
00000000
00000000
00000000
00000000
00000000
00000000
00000000
00000000
00000000
00000000
00000000
00000000
00000000
00000000
00000000
00000000
00000000
00000000
00000000
00000000
00000000
00000000
00000000
00000000
00000000
00000000
00000000
00000000
00000000
00000000
00000000
00000000
00000000
00000000
00000000
00000000
00000000
00000000
00000000
00000000
00000000
00000000
00000000
00000000
00000000
00000000
00000000
00000000
00000000
00000000
00000000
00000000
00000000
00000000
00000000
00000000
00000000
00000000
00000000
00000000
00000000
00000000
00000000
00000000
00000000
00000000
00000000
00000000
00000000
00000000
00000000
00000000
00000000
00000000
00000000
00000000
00000000
00000000
00000000
00000000
00000000
00000000
00000000
00000000
00000000
00000000
00000000
00000000
00000000
00000000
00000000
00000000
00000000
00000000
00000000
00000000
00000000
00000000
00000000
00000000
00000000
00000000
00000000
00000000
00000000
00000000
00000000
00000000
00000000
00000000
00000000
00000000
00000000
00000000
00000000
00000000
00000000
00000000
00000000
00000000
00000000
00000000
00000000
00000000
00000000
00000000
00000000
00000000
00000000
00000000
00000000
00000000
00000000
00000000
00000000
00000000
00000000
00000000
00000000
00000000
00000000
00000000
00000000
00000000
00000000
00000000
00000000
00000000
00000000
00000000
00000000
00000000
00000000
00000000
00000000
00000000
00000000
00000000
00000000
00000000
00000000
00000000
00000000
00000000
00000000
00000000
00000000
00000000
00000000
00000000
00000000
00000000
00000000
00000000
00000000
00000000
00000000
00000000
00000000
00000000
00000000
00000000
00000000
00000000
00000000
00000000
00000000
00000000
00000000
00000000
00000000
00000000
00000000
00000000
00000000
00000000
00000000
00000000
00000000
00000000
00000000
00000000
00000000
00000000
00000000
00000000
00000000
00000000
00000000
00000000
00000000
00000000
00000000
00000000
00000000
00000000
00000000
00000000
00000000
00000000
00000000
00000000
00000000
00000000
00000000
00000000
00000000
00000000
00000000
00000000
00000000
00000000
00000000
00000000
00000000
00000000
00000000
00000000
00000000
00000000
00000000
00000000
00000000
00000000
00000000
00000000
00000000
00000000
00000000
00000000
00000000
00000000
00000000
00000000
00000000
00000000
00000000
00000000
00000000
00000000
00000000
00000000
00000000
00000000
00000000
00000000
00000000
00000000
00000000
00000000
00000000
00000000
00000000
00000000
00000000
00000000
00000000
00000000
00000000
00000000
00000000
00000000
00000000
00000000
00000000
00000000
00000000
00000000
00000000
00000000
00000000
00000000
00000000
00000000
00000000
00000000
00000000
00000000
00000000
00000000
00000000
00000000
00000000
00000000
00000000
00000000
00000000
00000000
00000000
00000000
00000000
00000000
00000000
00000000
00000000
00000000
00000000
00000000
00000000
00000000
00000000
00000000
00000000
00000000
00000000
00000000
00000000
00000000
00000000
00000000
00000000
00000000
00000000
00000000
00000000
00000000
00000000
00000000
00000000
00000000
00000000
00000000
00000000
00000000
00000000
00000000
00000000
00000000
00000000
00000000
00000000
00000000
00000000
00000000
00000000
00000000
00000000
00000000
00000000
00000000
00000000
00000000
00000000
00000000
00000000
00000000
00000000
00000000
00000000
00000000
00000000
00000000
00000000
00000000
00000000
00000000
00000000
00000000
00000000
00000000
00000000
00000000
00000000
00000000
00000000
00000000
00000000
00000000
00000000
00000000
00000000
00000000
00000000
00000000
00000000
00000000
00000000
00000000
00000000
00000000
00000000
00000000
00000000
00000000
00000000
00000000
00000000
00000000
00000000
00000000
00000000
00000000
00000000
00000000
00000000
00000000
00000000
00000000
00000000
00000000
00000000
00000000
00000000
00000000
00000000
00000000
00000000
00000000
00000000
00000000
00000000
00000000
00000000
00000000
00000000
00000000
00000000
00000000
00000000
00000000
00000000
00000000
00000000
00000000
00000000
00000000
00000000
00000000
00000000
00000000
00000000
00000000
00000000
00000000
00000000
00000000
00000000
00000000
00000000
00000000
00000000
00000000
00000000
00000000
00000000
00000000
00000000
00000000
00000000
00000000
00000000
00000000
00000000
00000000
00000000
00000000
00000000
00000000
00000000
00000000
00000000
00000000
00000000
00000000
00000000
00000000
00000000
00000000
00000000
00000000
00000000
00000000
00000000
00000000
00000000
00000000
00000000
00000000
00000000
00000000
00000000
00000000
00000000
00000000
00000000
00000000
00000000
00000000
00000000
00000000
00000000
00000000
00000000
00000000
00000000
00000000
00000000
00000000
00000000
00000000
00000000
00000000
00000000
00000000
00000000
00000000
00000000
00000000
00000000
00000000
00000000
00000000
00000000
00000000
00000000
00000000
00000000
00000000
00000000
00000000
00000000
00000000
00000000
00000000
00000000
00000000
00000000
00000000
00000000
00000000
00000000
00000000
00000000
00000000
00000000
00000000
00000000
00000000
00000000
00000000
00000000
00000000
00000000
00000000
00000000
00000000
00000000
00000000
00000000
00000000
00000000
00000000
00000000
00000000
00000000
00000000
00000000
00000000
00000000
00000000
00000000
00000000
00000000
00000000
00000000
00000000
00000000
00000000
00000000
00000000
00000000
00000000
00000000
00000000
00000000
00000000
00000000
00000000
00000000
00000000
00000000
00000000
00000000
00000000
00000000
00000000
00000000
00000000
00000000
00000000
00000000
00000000
00000000
00000000
00000000
00000000
00000000
00000000
00000000
00000000
00000000
00000000
00000000
00000000
00000000
00000000
00000000
00000000
00000000
00000000
00000000
00000000
00000000
00000000
00000000
00000000
00000000
00000000
00000000
00000000
00000000
00000000
00000000
00000000
00000000
00000000
00000000
00000000
00000000
00000000
00000000
00000000
00000000
00000000
00000000
00000000
00000000
00000000
00000000
00000000
00000000
00000000
00000000
00000000
00000000
00000000
00000000
00000000
00000000
00000000
00000000
00000000
00000000
00000000
00000000
00000000
00000000
00000000
00000000
00000000
00000000
00000000
00000000
00000000
00000000
00000000
00000000
00000000
00000000
00000000
00000000
00000000
00000000
00000000
00000000
00000000
00000000
00000000
00000000
00000000
00000000
00000000
00000000
00000000
00000000
00000000
00000000
00000000
00000000
00000000
00000000
00000000
00000000
00000000
00000000
00000000
00000000
00000000
00000000
00000000
00000000
00000000
00000000
00000000
00000000
00000000
00000000
00000000
00000000
00000000
00000000
00000000
00000000
00000000
00000000
00000000
00000000
00000000
00000000
00000000
00000000
00000000
00000000
00000000
00000000
00000000
00000000
00000000
00000000
00000000
00000000
00000000
00000000
00000000
00000000
00000000
00000000
00000000
00000000
00000000
00000000
00000000
00000000
00000000
00000000
00000000
00000000
00000000
00000000
00000000
00000000
00000000
00000000
00000000
00000000
00000000
00000000
00000000
00000000
00000000
00000000
00000000
00000000
00000000
00000000
00000000
00000000
00000000
00000000
00000000
00000000
00000000
00000000
00000000
00000000
00000000
00000000
00000000
00000000
00000000
00000000
00000000
00000000
00000000
00000000
00000000
00000000
00000000
00000000
00000000
00000000
00000000
00000000
00000000
00000000
00000000
00000000
00000000
00000000
00000000
00000000
00000000
00000000
00000000
00000000
00000000
00000000
00000000
00000000
00000000
00000000
00000000
00000000
00000000
00000000
00000000
00000000
00000000
00000000
00000000
00000000
00000000
00000000
00000000
00000000
00000000
00000000
00000000
00000000
00000000
00000000
00000000
00000000
00000000
00000000
00000000
00000000
00000000
00000000
00000000
00000000
00000000
00000000
00000000
00000000
00000000
00000000
00000000
00000000
00000000
00000000
00000000
00000000
00000000
00000000
00000000
00000000
00000000
00000000
00000000
00000000
00000000
00000000
00000000
00000000
00000000
00000000
00000000
00000000
00000000
00000000
00000000
00000000
00000000
00000000
00000000
00000000
00000000
00000000
00000000
00000000
00000000
00000000
00000000
00000000
00000000
00000000
00000000
00000000
00000000
00000000
00000000
00000000
00000000
00000000
00000000
00000000
00000000
00000000
00000000
00000000
00000000
00000000
00000000
00000000
00000000
00000000
00000000
00000000
00000000
00000000
00000000
00000000
00000000
00000000
00000000
00000000
00000000
00000000
00000000
00000000
00000000
00000000
00000000
00000000
00000000
00000000
00000000
00000000
00000000
00000000
00000000
00000000
00000000
00000000
00000000
00000000
00000000
00000000
00000000
00000000
00000000
00000000
00000000
00000000
00000000
00000000
00000000
00000000
00000000
00000000
00000000
00000000
00000000
00000000
00000000
00000000
00000000
00000000
00000000
00000000
00000000
00000000
00000000
00000000
00000000
00000000
00000000
00000000
00000000
00000000
00000000
00000000
00000000
00000000
00000000
00000000
00000000
00000000
00000000
00000000
00000000
00000000
00000000
00000000
00000000
00000000
00000000
00000000
00000000
00000000
00000000
00000000
00000000
00000000
00000000
00000000
00000000
00000000
00000000
00000000
00000000
00000000
00000000
00000000
00000000
00000000
00000000
00000000
00000000
00000000
00000000
00000000
00000000
00000000
00000000
00000000
00000000
00000000
00000000
00000000
00000000
00000000
00000000
00000000
00000000
00000000
00000000
00000000
00000000
00000000
00000000
00000000
00000000
00000000
00000000
00000000
00000000
00000000
00000000
00000000
00000000
00000000
00000000
00000000
00000000
00000000
00000000
00000000
00000000
00000000
00000000
00000000
00000000
00000000
00000000
00000000
00000000
00000000
00000000
00000000
00000000
00000000
00000000
00000000
00000000
00000000
00000000
00000000
00000000
00000000
00000000
00000000
00000000
00000000
00000000
00000000
00000000
00000000
00000000
00000000
00000000
00000000
00000000
00000000
00000000
00000000
00000000
00000000
00000000
00000000
00000000
00000000
00000000
00000000
00000000
00000000
00000000
00000000
00000000
00000000
00000000
00000000
00000000
00000000
00000000
00000000
00000000
00000000
00000000
00000000
00000000
00000000
00000000
00000000
00000000
00000000
00000000
00000000
00000000
00000000
00000000
00000000
00000000
00000000
00000000
00000000
00000000
00000000
00000000
00000000
00000000
00000000
00000000
00000000
00000000
00000000
00000000
00000000
00000000
00000000
00000000
00000000
00000000
00000000
00000000
00000000
00000000
00000000
00000000
00000000
00000000
00000000
00000000
00000000
00000000
00000000
00000000
00000000
00000000
00000000
00000000
00000000
00000000
00000000
00000000
00000000
00000000
00000000
00000000
00000000
00000000
00000000
00000000
00000000
00000000
00000000
00000000
00000000
00000000
00000000
00000000
00000000
00000000
00000000
00000000
00000000
00000000
00000000
00000000
00000000
00000000
00000000
00000000
00000000
00000000
00000000
00000000
00000000
00000000
00000000
00000000
00000000
00000000
00000000
00000000
00000000
00000000
00000000
00000000
00000000
00000000
00000000
00000000
00000000
00000000
00000000
00000000
00000000
00000000
00000000
00000000
00000000
00000000
00000000
00000000
00000000
00000000
00000000
00000000
00000000
00000000
00000000
00000000
00000000
00000000
00000000
00000000
00000000
00000000
00000000
00000000
00000000
00000000
00000000
00000000
00000000
00000000
00000000
00000000
00000000
00000000
00000000
00000000
00000000
00000000
00000000
00000000
00000000
00000000
00000000
00000000
00000000
00000000
00000000
00000000
00000000
00000000
00000000
00000000
00000000
00000000
00000000
00000000
00000000
00000000
00000000
00000000
00000000
00000000
00000000
00000000
00000000
00000000
00000000
00000000
00000000
00000000
00000000
00000000
00000000
00000000
00000000
00000000
00000000
00000000
00000000
00000000
00000000
00000000
00000000
00000000
00000000
00000000
00000000
00000000
00000000
00000000
00000000
00000000
00000000
00000000
00000000
00000000
00000000
00000000
00000000
00000000
00000000
00000000
00000000
00000000
00000000
00000000
00000000
00000000
00000000
00000000
00000000
00000000
00000000
00000000
00000000
00000000
00000000
00000000
00000000
00000000
00000000
00000000
00000000
00000000
00000000
00000000
00000000
00000000
00000000
00000000
00000000
00000000
00000000
00000000
00000000
00000000
00000000
00000000
00000000
00000000
00000000
00000000
00000000
00000000
00000000
00000000
00000000
00000000
00000000
00000000
00000000
00000000
00000000
00000000
00000000
00000000
00000000
00000000
00000000
00000000
00000000
00000000
00000000
00000000
00000000
00000000
00000000
00000000
00000000
00000000
00000000
00000000
00000000
00000000
00000000
00000000
00000000
00000000
00000000
00000000
00000000
00000000
00000000
00000000
00000000
00000000
00000000
00000000
00000000
00000000
00000000
00000000
00000000
00000000
00000000
00000000
00000000
00000000
00000000
00000000
00000000
00000000
00000000
00000000
00000000
00000000
00000000
00000000
00000000
00000000
00000000
00000000
00000000
00000000
00000000
00000000
00000000
00000000
00000000
00000000
00000000
00000000
00000000
00000000
00000000
00000000
00000000
00000000
00000000
00000000
00000000
00000000
00000000
00000000
00000000
00000000
00000000
00000000
00000000
00000000
00000000
00000000
00000000
00000000
00000000
00000000
00000000
00000000
00000000
00000000
00000000
00000000
00000000
00000000
00000000
00000000
00000000
00000000
00000000
00000000
00000000
00000000
00000000
00000000
00000000
00000000
00000000
00000000
00000000
00000000
00000000
00000000
00000000
00000000
00000000
00000000
00000000
00000000
00000000
00000000
00000000
00000000
00000000
00000000
00000000
00000000
00000000
00000000
00000000
00000000
00000000
00000000
00000000
00000000
00000000
00000000
00000000
00000000
00000000
00000000
00000000
00000000
00000000
00000000
00000000
00000000
00000000
00000000
00000000
00000000
00000000
00000000
00000000
00000000
00000000
00000000
00000000
00000000
00000000
00000000
00000000
00000000
00000000
00000000
00000000
00000000
00000000
00000000
00000000
00000000
00000000
00000000
00000000
00000000
00000000
00000000
00000000
00000000
00000000
00000000
00000000
00000000
00000000
00000000
00000000
00000000
00000000
00000000
00000000
00000000
00000000
00000000
00000000
00000000
00000000
00000000
00000000
00000000
00000000
00000000
00000000
00000000
00000000
00000000
00000000
00000000
00000000
00000000
00000000
00000000
00000000
00000000
00000000
00000000
00000000
00000000
00000000
00000000
00000000
00000000
00000000
00000000
00000000
00000000
00000000
00000000
00000000
00000000
00000000
00000000
00000000
00000000
00000000
00000000
00000000
00000000
00000000
00000000
00000000
00000000
00000000
00000000
00000000
00000000
00000000
00000000
00000000
00000000
00000000
00000000
00000000
00000000
00000000
00000000
00000000
00000000
00000000
00000000
00000000
00000000
00000000
00000000
00000000
00000000
00000000
00000000
00000000
00000000
00000000
00000000
00000000
00000000
00000000
00000000
00000000
00000000
00000000
00000000
00000000
00000000
00000000
00000000
00000000
00000000
00000000
00000000
00000000
00000000
00000000
00000000
00000000
00000000
00000000
00000000
00000000
00000000
00000000
00000000
00000000
00000000
00000000
00000000
00000000
00000000
00000000
00000000
00000000
00000000
00000000
00000000
00000000
00000000
00000000
00000000
00000000
00000000
00000000
00000000
00000000
00000000
00000000
00000000
00000000
00000000
00000000
00000000
00000000
00000000
00000000
00000000
00000000
00000000
00000000
00000000
00000000
00000000
00000000
00000000
00000000
00000000
00000000
00000000
00000000
00000000
00000000
00000000
00000000
00000000
00000000
00000000
00000000
00000000
00000000
00000000
00000000
00000000
00000000
00000000
00000000
00000000
00000000
00000000
00000000
00000000
00000000
00000000
00000000
00000000
00000000
00000000
00000000
00000000
00000000
00000000
00000000
00000000
00000000
00000000
00000000
00000000
00000000
00000000
00000000
00000000
00000000
00000000
00000000
00000000
00000000
00000000
00000000
00000000
00000000
00000000
00000000
00000000
00000000
00000000
00000000
00000000
00000000
00000000
00000000
00000000
00000000
00000000
00000000
00000000
00000000
00000000
00000000
00000000
00000000
00000000
00000000
00000000
00000000
00000000
00000000
00000000
00000000
00000000
00000000
00000000
00000000
00000000
00000000
00000000
00000000
00000000
00000000
00000000
00000000
00000000
00000000
00000000
00000000
00000000
00000000
00000000
00000000
00000000
00000000
00000000
00000000
00000000
00000000
00000000
00000000
00000000
00000000
00000000
00000000
00000000
00000000
00000000
00000000
00000000
00000000
00000000
00000000
00000000
00000000
00000000
00000000
00000000
00000000
00000000
00000000
00000000
00000000
00000000
00000000
00000000
00000000
00000000
00000000
00000000
00000000
00000000
00000000
00000000
00000000
00000000
00000000
00000000
00000000
00000000
00000000
00000000
00000000
00000000
00000000
00000000
00000000
00000000
00000000
00000000
00000000
00000000
00000000
00000000
00000000
00000000
00000000
00000000
00000000
00000000
00000000
00000000
00000000
00000000
00000000
00000000
00000000
00000000
00000000
00000000
00000000
00000000
00000000
00000000
00000000
00000000
00000000
00000000
00000000
00000000
00000000
00000000
00000000
00000000
00000000
00000000
00000000
00000000
00000000
00000000
00000000
00000000
00000000
00000000
00000000
00000000
00000000
00000000
00000000
00000000
00000000
00000000
00000000
00000000
00000000
00000000
00000000
00000000
00000000
00000000
00000000
00000000
00000000
00000000
00000000
00000000
00000000
00000000
00000000
00000000
00000000
00000000
00000000
00000000
00000000
00000000
00000000
00000000
00000000
00000000
00000000
00000000
00000000
00000000
00000000
00000000
00000000
00000000
00000000
00000000
00000000
00000000
00000000
00000000
00000000
00000000
00000000
00000000
00000000
00000000
00000000
00000000
00000000
00000000
00000000
00000000
00000000
00000000
00000000
00000000
00000000
00000000
00000000
00000000
00000000
00000000
00000000
00000000
00000000
00000000
00000000
00000000
00000000
00000000
00000000
00000000
00000000
00000000
00000000
00000000
00000000
00000000
00000000
00000000
00000000
00000000
00000000
00000000
00000000
00000000
00000000
00000000
00000000
00000000
00000000
00000000
00000000
00000000
00000000
00000000
00000000
00000000
00000000
00000000
00000000
00000000
00000000
00000000
00000000
00000000
00000000
00000000
00000000
00000000
00000000
00000000
00000000
00000000
00000000
00000000
00000000
00000000
00000000
00000000
00000000
00000000
00000000
00000000
00000000
00000000
00000000
00000000
00000000
00000000
00000000
00000000
00000000
00000000
00000000
00000000
00000000
00000000
00000000
00000000
00000000
00000000
00000000
00000000
00000000
00000000
00000000
00000000
00000000
00000000
00000000
00000000
00000000
00000000
00000000
00000000
00000000
00000000
00000000
00000000
00000000
00000000
00000000
00000000
00000000
00000000
00000000
00000000
00000000
00000000
00000000
00000000
00000000
00000000
00000000
00000000
00000000
00000000
00000000
00000000
00000000
00000000
00000000
00000000
00000000
00000000
00000000
00000000
00000000
00000000
00000000
00000000
00000000
00000000
00000000
00000000
00000000
00000000
00000000
00000000
00000000
00000000
00000000
00000000
00000000
00000000
00000000
00000000
00000000
00000000
00000000
00000000
00000000
00000000
00000000
00000000
00000000
00000000
00000000
00000000
00000000
00000000
00000000
00000000
00000000
00000000
00000000
00000000
00000000
00000000
00000000
00000000
00000000
00000000
00000000
00000000
00000000
00000000
00000000
00000000
00000000
00000000
00000000
00000000
00000000
00000000
00000000
00000000
00000000
00000000
00000000
00000000
00000000
00000000
00000000
00000000
00000000
00000000
00000000
00000000
00000000
00000000
00000000
00000000
00000000
00000000
00000000
00000000
00000000
00000000
00000000
00000000
00000000
00000000
00000000
00000000
00000000
00000000
00000000
00000000
00000000
00000000
00000000
00000000
00000000
00000000
00000000
00000000
00000000
00000000
00000000
00000000
00000000
00000000
00000000
00000000
00000000
00000000
00000000
00000000
00000000
00000000
00000000
00000000
00000000
00000000
00000000
00000000
00000000
00000000
00000000
00000000
00000000
00000000
00000000
00000000
00000000
00000000
00000000
00000000
00000000
00000000
00000000
00000000
00000000
00000000
00000000
00000000
00000000
00000000
00000000
00000000
00000000
00000000
00000000
00000000
00000000
00000000
00000000
00000000
00000000
00000000
00000000
00000000
00000000
00000000
00000000
00000000
00000000
00000000
00000000
00000000
00000000
00000000
00000000
00000000
00000000
00000000
00000000
00000000
00000000
00000000
00000000
00000000
00000000
00000000
00000000
00000000
00000000
00000000
00000000
00000000
00000000
00000000
00000000
00000000
00000000
00000000
00000000
00000000
00000000
00000000
00000000
00000000
00000000
00000000
00000000
00000000
00000000
00000000
00000000
00000000
00000000
00000000
00000000
00000000
00000000
00000000
00000000
00000000
00000000
00000000
00000000
00000000
00000000
00000000
00000000
00000000
00000000
00000000
00000000
00000000
00000000
00000000
00000000
00000000
00000000
00000000
00000000
00000000
00000000
00000000
00000000
00000000
00000000
00000000
00000000
00000000
00000000
00000000
00000000
00000000
00000000
00000000
00000000
00000000
00000000
00000000
00000000
00000000
00000000
00000000
00000000
00000000
00000000
00000000
00000000
00000000
00000000
00000000
00000000
00000000
00000000
00000000
00000000
00000000
00000000
00000000
00000000
00000000
00000000
00000000
00000000
00000000
00000000
00000000
00000000
00000000
00000000
00000000
00000000
00000000
00000000
00000000
00000000
00000000
00000000
00000000
00000000
00000000
00000000
00000000
00000000
00000000
00000000
00000000
00000000
00000000
00000000
00000000
00000000
00000000
00000000
00000000
00000000
00000000
00000000
00000000
00000000
00000000
00000000
00000000
00000000
00000000
00000000
00000000
00000000
00000000
00000000
00000000
00000000
00000000
00000000
00000000
00000000
00000000
00000000
00000000
00000000
00000000
00000000
00000000
00000000
00000000
00000000
00000000
00000000
00000000
00000000
00000000
00000000
00000000
00000000
00000000
00000000
00000000
00000000
00000000
00000000
00000000
00000000
00000000
00000000
00000000
00000000
00000000
00000000
00000000
00000000
00000000
00000000
00000000
00000000
00000000
00000000
00000000
00000000
00000000
00000000
00000000
00000000
00000000
00000000
00000000
00000000
00000000
00000000
00000000
00000000
00000000
00000000
00000000
00000000
00000000
00000000
00000000
00000000
00000000
00000000
00000000
00000000
00000000
00000000
00000000
00000000
00000000
00000000
00000000
00000000
00000000
00000000
00000000
00000000
00000000
00000000
00000000
00000000
00000000
00000000
00000000
00000000
00000000
00000000
00000000
00000000
00000000
00000000
00000000
00000000
00000000
00000000
00000000
00000000
00000000
00000000
00000000
00000000
00000000
00000000
00000000
00000000
00000000
00000000
00000000
00000000
00000000
00000000
00000000
00000000
00000000
00000000
00000000
00000000
00000000
00000000
00000000
00000000
00000000
00000000
00000000
00000000
00000000
00000000
00000000
00000000
00000000
00000000
00000000
00000000
00000000
00000000
00000000
00000000
00000000
00000000
00000000
00000000
00000000
00000000
00000000
00000000
00000000
00000000
00000000
00000000
00000000
00000000
00000000
00000000
00000000
00000000
00000000
00000000
00000000
00000000
00000000
00000000
00000000
00000000
00000000
00000000
00000000
00000000
00000000
00000000
00000000
00000000
00000000
00000000
00000000
00000000
00000000
00000000
00000000
00000000
00000000
00000000
00000000
00000000
00000000
00000000
00000000
00000000
00000000
00000000
00000000
00000000
00000000
00000000
00000000
00000000
00000000
00000000
00000000
00000000
00000000
00000000
00000000
00000000
00000000
00000000
00000000
00000000
00000000
00000000
00000000
00000000
00000000
00000000
00000000
00000000
00000000
00000000
00000000
00000000
00000000
00000000
00000000
00000000
00000000
00000000
00000000
00000000
00000000
00000000
00000000
00000000
00000000
00000000
00000000
00000000
00000000
00000000
00000000
00000000
00000000
00000000
00000000
00000000
00000000
00000000
00000000
00000000
00000000
00000000
00000000
00000000
00000000
00000000
00000000
00000000
00000000
00000000
00000000
00000000
00000000
00000000
00000000
00000000
00000000
00000000
00000000
00000000
00000000
00000000
00000000
00000000
00000000
00000000
00000000
00000000
00000000
00000000
00000000
00000000
00000000
00000000
00000000
00000000
00000000
00000000
00000000
00000000
00000000
00000000
00000000
00000000
00000000
00000000
00000000
00000000
00000000
00000000
00000000
00000000
00000000
00000000
00000000
00000000
00000000
00000000
00000000
00000000
00000000
00000000
00000000
00000000
00000000
00000000
00000000
00000000
00000000
00000000
00000000
00000000
00000000
00000000
00000000
00000000
00000000
00000000
00000000
00000000
00000000
00000000
00000000
00000000
00000000
00000000
00000000
00000000
00000000
00000000
00000000
00000000
00000000
00000000
00000000
00000000
00000000
00000000
00000000
00000000
00000000
00000000
00000000
00000000
00000000
00000000
00000000
00000000
00000000
00000000
00000000
00000000
00000000
00000000
00000000
00000000
00000000
00000000
00000000
00000000
00000000
00000000
00000000
00000000
00000000
00000000
00000000
00000000
00000000
00000000
00000000
00000000
00000000
00000000
00000000
00000000
00000000
00000000
00000000
00000000
00000000
00000000
00000000
00000000
00000000
00000000
00000000
00000000
00000000
00000000
00000000
00000000
00000000
00000000
00000000
00000000
00000000
00000000
00000000
00000000
00000000
00000000
00000000
00000000
00000000
00000000
00000000
00000000
00000000
00000000
00000000
00000000
00000000
00000000
00000000
00000000
00000000
00000000
00000000
00000000
00000000
00000000
00000000
00000000
00000000
00000000
00000000
00000000
00000000
00000000
00000000
00000000
00000000
00000000
00000000
00000000
00000000
00000000
00000000
00000000
00000000
00000000
00000000
00000000
00000000
00000000
00000000
00000000
00000000
00000000
00000000
00000000
00000000
00000000
00000000
00000000
00000000
00000000
00000000
00000000
00000000
00000000
00000000
00000000
00000000
00000000
00000000
00000000
00000000
00000000
00000000
00000000
00000000
00000000
00000000
00000000
00000000
00000000
00000000
00000000
00000000
00000000
00000000
00000000
00000000
00000000
00000000
00000000
00000000
00000000
00000000
00000000
00000000
00000000
00000000
00000000
00000000
00000000
00000000
00000000
00000000
00000000
00000000
00000000
00000000
00000000
00000000
00000000
00000000
00000000
00000000
00000000
00000000
00000000
00000000
00000000
00000000
00000000
00000000
00000000
00000000
00000000
00000000
00000000
00000000
00000000
00000000
00000000
00000000
00000000
00000000
00000000
00000000
00000000
00000000
00000000
00000000
00000000
00000000
00000000
00000000
00000000
00000000
00000000
00000000
00000000
00000000
00000000
00000000
00000000
00000000
00000000
00000000
00000000
00000000
00000000
00000000
00000000
00000000
00000000
00000000
00000000
00000000
00000000
00000000
00000000
00000000
00000000
00000000
00000000
00000000
00000000
00000000
00000000
00000000
00000000
00000000
00000000
00000000
00000000
00000000
00000000
00000000
00000000
00000000
00000000
00000000
00000000
00000000
00000000
00000000
00000000
00000000
00000000
00000000
00000000
00000000
00000000
00000000
00000000
00000000
00000000
00000000
00000000
00000000
00000000
00000000
00000000
00000000
00000000
00000000
00000000
00000000
00000000
00000000
00000000
00000000
00000000
00000000
00000000
00000000
00000000
00000000
00000000
00000000
00000000
00000000
00000000
00000000
00000000
00000000
00000000
00000000
00000000
00000000
00000000
00000000
00000000
00000000
00000000
00000000
00000000
00000000
00000000
00000000
00000000
00000000
00000000
00000000
00000000
00000000
00000000
00000000
00000000
00000000
00000000
00000000
00000000
00000000
00000000
00000000
00000000
00000000
00000000
00000000
00000000
00000000
00000000
00000000
00000000
00000000
00000000
00000000
00000000
00000000
00000000
00000000
00000000
00000000
00000000
00000000
00000000
00000000
00000000
00000000
00000000
00000000
00000000
00000000
00000000
00000000
00000000
00000000
00000000
00000000
00000000
00000000
00000000
00000000
00000000
00000000
00000000
00000000
00000000
00000000
00000000
00000000
00000000
00000000
00000000
00000000
00000000
00000000
00000000
00000000
00000000
00000000
00000000
00000000
00000000
00000000
00000000
00000000
00000000
00000000
00000000
00000000
00000000
00000000
00000000
00000000
00000000
00000000
00000000
00000000
00000000
00000000
00000000
00000000
00000000
00000000
00000000
00000000
00000000
00000000
00000000
00000000
00000000
00000000
00000000
00000000
00000000
00000000
00000000
00000000
00000000
00000000
00000000
00000000
00000000
00000000
00000000
00000000
00000000
00000000
00000000
00000000
00000000
00000000
00000000
00000000
00000000
00000000
00000000
00000000
00000000
00000000
00000000
00000000
00000000
00000000
00000000
00000000
00000000
00000000
00000000
00000000
00000000
00000000
00000000
00000000
00000000
00000000
00000000
00000000
00000000
00000000
00000000
00000000
00000000
00000000
00000000
00000000
00000000
00000000
00000000
00000000
00000000
00000000
00000000
00000000
00000000
00000000
00000000
00000000
00000000
00000000
00000000
00000000
00000000
00000000
00000000
00000000
00000000
00000000
00000000
00000000
00000000
00000000
00000000
00000000
00000000
00000000
00000000
00000000
00000000
00000000
00000000
00000000
00000000
00000000
00000000
00000000
00000000
00000000
00000000
00000000
00000000
00000000
00000000
00000000
00000000
00000000
00000000
00000000
00000000
00000000
00000000
00000000
00000000
00000000
00000000
00000000
00000000
00000000
00000000
00000000
00000000
00000000
00000000
00000000
00000000
00000000
00000000
00000000
00000000
00000000
00000000
00000000
00000000
00000000
00000000
00000000
00000000
00000000
00000000
00000000
00000000
00000000
00000000
00000000
00000000
00000000
00000000
00000000
00000000
00000000
00000000
00000000
00000000
00000000
00000000
00000000
00000000
00000000
00000000
00000000
00000000
00000000
00000000
00000000
00000000
00000000
00000000
00000000
00000000
00000000
00000000
00000000
00000000
00000000
00000000
00000000
00000000
00000000
00000000
00000000
00000000
00000000
00000000
00000000
00000000
00000000
00000000
00000000
00000000
00000000
00000000
00000000
00000000
00000000
00000000
00000000
00000000
00000000
00000000
00000000
00000000
00000000
00000000
00000000
00000000
00000000
00000000
00000000
00000000
00000000
00000000
00000000
00000000
00000000
00000000
00000000
00000000
00000000
00000000
00000000
00000000
00000000
00000000
00000000
00000000
00000000
00000000
00000000
00000000
00000000
00000000
00000000
00000000
00000000
00000000
00000000
00000000
00000000
00000000
00000000
00000000
00000000
00000000
00000000
00000000
00000000
00000000
00000000
00000000
00000000
00000000
00000000
00000000
00000000
00000000
00000000
00000000
00000000
00000000
00000000
00000000
00000000
00000000
00000000
00000000
00000000
00000000
00000000
00000000
00000000
00000000
00000000
00000000
00000000
00000000
00000000
00000000
00000000
00000000
00000000
00000000
00000000
00000000
00000000
00000000
00000000
00000000
00000000
00000000
00000000
00000000
00000000
00000000
00000000
00000000
00000000
00000000
00000000
00000000
00000000
00000000
00000000
00000000
00000000
00000000
00000000
00000000
00000000
00000000
00000000
00000000
00000000
00000000
00000000
00000000
00000000
00000000
00000000
00000000
00000000
00000000
00000000
00000000
00000000
00000000
00000000
00000000
00000000
00000000
00000000
00000000
00000000
00000000
00000000
00000000
00000000
00000000
00000000
00000000
00000000
00000000
00000000
00000000
00000000
00000000
00000000
00000000
00000000
00000000
00000000
00000000
00000000
00000000
00000000
00000000
00000000
00000000
00000000
00000000
00000000
00000000
00000000
00000000
00000000
00000000
00000000
00000000
00000000
00000000
00000000
00000000
00000000
00000000
00000000
00000000
00000000
00000000
00000000
00000000
00000000
00000000
00000000
00000000
00000000
00000000
00000000
00000000
00000000
00000000
00000000
00000000
00000000
00000000
00000000
00000000
00000000
00000000
00000000
00000000
00000000
00000000
00000000
00000000
00000000
00000000
00000000
00000000
00000000
00000000
00000000
00000000
00000000
00000000
00000000
00000000
00000000
00000000
00000000
00000000
00000000
00000000
00000000
00000000
00000000
00000000
00000000
00000000
00000000
00000000
00000000
00000000
00000000
00000000
00000000
00000000
00000000
00000000
00000000
00000000
00000000
00000000
00000000
00000000
00000000
00000000
00000000
00000000
00000000
00000000
00000000
00000000
00000000
00000000
00000000
00000000
00000000
00000000
00000000
00000000
00000000
00000000
00000000
00000000
00000000
00000000
00000000
00000000
00000000
00000000
00000000
00000000
00000000
00000000
00000000
00000000
00000000
00000000
00000000
00000000
00000000
00000000
00000000
00000000
00000000
00000000
00000000
00000000
00000000
00000000
00000000
00000000
00000000
00000000
00000000
00000000
00000000
00000000
00000000
00000000
00000000
00000000
00000000
00000000
00000000
00000000
00000000
00000000
00000000
00000000
00000000
00000000
00000000
00000000
00000000
00000000
00000000
00000000
00000000
00000000
00000000
00000000
00000000
00000000
00000000
00000000
00000000
00000000
00000000
00000000
00000000
00000000
00000000
00000000
00000000
00000000
00000000
00000000
00000000
00000000
00000000
00000000
00000000
00000000
00000000
00000000
00000000
00000000
00000000
00000000
00000000
00000000
00000000
00000000
00000000
00000000
00000000
00000000
00000000
00000000
00000000
00000000
00000000
00000000
00000000
00000000
00000000
00000000
00000000
00000000
00000000
00000000
00000000
00000000
00000000
00000000
00000000
00000000
00000000
00000000
00000000
00000000
00000000
00000000
00000000
00000000
00000000
00000000
00000000
00000000
00000000
00000000
00000000
00000000
00000000
00000000
00000000
00000000
00000000
00000000
00000000
00000000
00000000
00000000
00000000
00000000
00000000
00000000
00000000
00000000
00000000
00000000
00000000
00000000
00000000
00000000
00000000
00000000
00000000
00000000
00000000
00000000
00000000
00000000
00000000
00000000
00000000
00000000
00000000
00000000
00000000
00000000
00000000
00000000
00000000
00000000
00000000
00000000
00000000
00000000
00000000
00000000
00000000
00000000
00000000
00000000
00000000
00000000
00000000
00000000
00000000
00000000
00000000
00000000
00000000
00000000
00000000
00000000
00000000
00000000
00000000
00000000
00000000
00000000
00000000
00000000
00000000
00000000
00000000
00000000
00000000
00000000
00000000
00000000
00000000
00000000
00000000
00000000
00000000
00000000
00000000
00000000
00000000
00000000
00000000
00000000
00000000
00000000
00000000
00000000
00000000
00000000
00000000
00000000
00000000
00000000
00000000
00000000
00000000
00000000
00000000
00000000
00000000
00000000
00000000
00000000
00000000
00000000
00000000
00000000
00000000
00000000
00000000
00000000
00000000
00000000
00000000
00000000
00000000
00000000
00000000
00000000
00000000
00000000
00000000
00000000
00000000
00000000
00000000
00000000
00000000
00000000
00000000
00000000
00000000
00000000
00000000
00000000
00000000
00000000
00000000
00000000
00000000
00000000
00000000
00000000
00000000
00000000
00000000
00000000
00000000
00000000
00000000
00000000
00000000
00000000
00000000
00000000
00000000
00000000
00000000
00000000
00000000
00000000
00000000
00000000
00000000
00000000
00000000
00000000
00000000
00000000
00000000
00000000
00000000
00000000
00000000
00000000
00000000
00000000
00000000
00000000
00000000
00000000
00000000
00000000
00000000
00000000
00000000
00000000
00000000
00000000
00000000
00000000
00000000
00000000
00000000
00000000
00000000
00000000
00000000
00000000
00000000
00000000
00000000
00000000
00000000
00000000
00000000
00000000
00000000
00000000
00000000
00000000
00000000
00000000
00000000
00000000
00000000
00000000
00000000
00000000
00000000
00000000
00000000
00000000
00000000
00000000
00000000
00000000
00000000
00000000
00000000
00000000
00000000
00000000
00000000
00000000
00000000
00000000
00000000
00000000
00000000
00000000
00000000
00000000
00000000
00000000
00000000
00000000
00000000
00000000
00000000
00000000
00000000
00000000
00000000
00000000
00000000
00000000
00000000
00000000
00000000
00000000
00000000
00000000
00000000
00000000
00000000
00000000
00000000
00000000
00000000
00000000
00000000
00000000
00000000
00000000
00000000
00000000
00000000
00000000
00000000
00000000
00000000
00000000
00000000
00000000
00000000
00000000
00000000
00000000
00000000
00000000
00000000
00000000
00000000
00000000
00000000
00000000
00000000
00000000
00000000
00000000
00000000
00000000
00000000
00000000
00000000
00000000
00000000
00000000
00000000
00000000
00000000
00000000
00000000
00000000
00000000
00000000
00000000
00000000
00000000
00000000
00000000
00000000
00000000
00000000
00000000
00000000
00000000
00000000
00000000
00000000
00000000
00000000
00000000
00000000
00000000
00000000
00000000
00000000
00000000
00000000
00000000
00000000
00000000
00000000
00000000
00000000
00000000
00000000
00000000
00000000
00000000
00000000
00000000
00000000
00000000
00000000
00000000
00000000
00000000
00000000
00000000
00000000
00000000
00000000
00000000
00000000
00000000
00000000
00000000
00000000
00000000
00000000
00000000
00000000
00000000
00000000
00000000
00000000
00000000
00000000
00000000
00000000
00000000
00000000
00000000
00000000
00000000
00000000
00000000
00000000
00000000
00000000
00000000
00000000
00000000
00000000
00000000
00000000
00000000
00000000
00000000
00000000
00000000
00000000
00000000
00000000
00000000
00000000
00000000
00000000
00000000
00000000
00000000
00000000
00000000
00000000
00000000
00000000
00000000
00000000
00000000
00000000
00000000
00000000
00000000
00000000
00000000
00000000
00000000
00000000
00000000
00000000
00000000
00000000
00000000
00000000
00000000
00000000
00000000
00000000
00000000
00000000
00000000
00000000
00000000
00000000
00000000
00000000
00000000
00000000
00000000
00000000
00000000
00000000
00000000
00000000
00000000
00000000
00000000
00000000
00000000
00000000
00000000
00000000
00000000
00000000
00000000
00000000
00000000
00000000
00000000
00000000
00000000
00000000
00000000
00000000
00000000
00000000
00000000
00000000
00000000
00000000
00000000
00000000
00000000
00000000
00000000
00000000
00000000
00000000
00000000
00000000
00000000
00000000
00000000
00000000
00000000
00000000
00000000
00000000
00000000
00000000
00000000
00000000
00000000
00000000
00000000
00000000
00000000
00000000
00000000
00000000
00000000
00000000
00000000
00000000
00000000
00000000
00000000
00000000
00000000
00000000
00000000
00000000
00000000
00000000
00000000
00000000
00000000
00000000
00000000
00000000
00000000
00000000
00000000
00000000
00000000
00000000
00000000
00000000
00000000
00000000
00000000
00000000
00000000
00000000
00000000
00000000
00000000
00000000
00000000
00000000
00000000
00000000
00000000
00000000
00000000
00000000
00000000
00000000
00000000
00000000
00000000
00000000
00000000
00000000
00000000
00000000
00000000
00000000
00000000
00000000
00000000
00000000
00000000
00000000
00000000
00000000
00000000
00000000
00000000
00000000
00000000
00000000
00000000
00000000
00000000
00000000
00000000
00000000
00000000
00000000
00000000
00000000
00000000
00000000
00000000
00000000
00000000
00000000
00000000
00000000
00000000
00000000
00000000
00000000
00000000
00000000
00000000
00000000
00000000
00000000
00000000
00000000
00000000
00000000
00000000
00000000
00000000
00000000
00000000
00000000
00000000
00000000
00000000
00000000
00000000
00000000
00000000
00000000
00000000
00000000
00000000
00000000
00000000
00000000
00000000
00000000
00000000
00000000
00000000
00000000
00000000
00000000
00000000
00000000
00000000
00000000
00000000
00000000
00000000
00000000
00000000
00000000
00000000
00000000
00000000
00000000
00000000
00000000
00000000
00000000
00000000
00000000
00000000
00000000
00000000
00000000
00000000
00000000
00000000
00000000
00000000
00000000
00000000
00000000
00000000
00000000
00000000
00000000
00000000
00000000
00000000
00000000
00000000
00000000
00000000
00000000
00000000
00000000
00000000
00000000
00000000
00000000
00000000
00000000
00000000
00000000
00000000
00000000
00000000
00000000
00000000
00000000
00000000
00000000
00000000
00000000
00000000
00000000
00000000
00000000
00000000
00000000
00000000
00000000
00000000
00000000
00000000
00000000
00000000
00000000
00000000
00000000
00000000
00000000
00000000
00000000
00000000
00000000
00000000
00000000
00000000
00000000
00000000
00000000
00000000
00000000
00000000
00000000
00000000
00000000
00000000
00000000
00000000
00000000
00000000
00000000
00000000
00000000
00000000
00000000
00000000
00000000
00000000
00000000
00000000
00000000
00000000
00000000
00000000
00000000
00000000
00000000
00000000
00000000
00000000
00000000
00000000
00000000
00000000
00000000
00000000
00000000
00000000
00000000
00000000
00000000
00000000
00000000
00000000
00000000
00000000
00000000
00000000
00000000
00000000
00000000
00000000
00000000
00000000
00000000
00000000
00000000
00000000
00000000
00000000
00000000
00000000
00000000
00000000
00000000
00000000
00000000
00000000
00000000
00000000
00000000
00000000
00000000
00000000
00000000
00000000
00000000
00000000
00000000
00000000
00000000
00000000
00000000
00000000
00000000
00000000
00000000
00000000
00000000
00000000
00000000
00000000
00000000
00000000
00000000
00000000
00000000
00000000
00000000
00000000
00000000
00000000
00000000
00000000
00000000
00000000
00000000
00000000
00000000
00000000
00000000
00000000
00000000
00000000
00000000
00000000
00000000
00000000
00000000
00000000
00000000
00000000
00000000
00000000
00000000
00000000
00000000
00000000
00000000
00000000
00000000
00000000
00000000
00000000
00000000
00000000
00000000
00000000
00000000
00000000
00000000
00000000
00000000
00000000
00000000
00000000
00000000
00000000
00000000
00000000
00000000
00000000
00000000
00000000
00000000
00000000
00000000
00000000
00000000
00000000
00000000
00000000
00000000
00000000
00000000
00000000
00000000
00000000
00000000
00000000
00000000
00000000
00000000
00000000
00000000
00000000
00000000
00000000
00000000
00000000
00000000
00000000
00000000
00000000
00000000
00000000
00000000
00000000
00000000
00000000
00000000
00000000
00000000
00000000
00000000
00000000
00000000
00000000
00000000
00000000
00000000
00000000
00000000
00000000
00000000
00000000
00000000
00000000
00000000
00000000
00000000
00000000
00000000
00000000
00000000
00000000
00000000
00000000
00000000
00000000
00000000
00000000
00000000
00000000
00000000
00000000
00000000
00000000
00000000
00000000
00000000
00000000
00000000
00000000
00000000
00000000
00000000
00000000
00000000
00000000
00000000
00000000
00000000
00000000
00000000
00000000
00000000
00000000
00000000
00000000
00000000
00000000
00000000
00000000
00000000
00000000
00000000
00000000
00000000
00000000
00000000
00000000
00000000
00000000
00000000
00000000
00000000
00000000
00000000
00000000
00000000
00000000
00000000
00000000
00000000
00000000
00000000
00000000
00000000
00000000
00000000
00000000
00000000
00000000
00000000
00000000
00000000
00000000
00000000
00000000
00000000
00000000
00000000
00000000
00000000
00000000
00000000
00000000
00000000
00000000
00000000
00000000
00000000
00000000
00000000
00000000
00000000
00000000
00000000
00000000
00000000
00000000
00000000
00000000
00000000
00000000
00000000
00000000
00000000
00000000
00000000
00000000
00000000
00000000
00000000
00000000
00000000
00000000
00000000
00000000
00000000
00000000
00000000
00000000
00000000
00000000
00000000
00000000
00000000
00000000
00000000
00000000
00000000
00000000
00000000
00000000
00000000
00000000
00000000
00000000
00000000
00000000
00000000
00000000
00000000
00000000
00000000
00000000
00000000
00000000
00000000
00000000
00000000
00000000
00000000
00000000
00000000
00000000
00000000
00000000
00000000
00000000
00000000
00000000
00000000
00000000
00000000
00000000
00000000
00000000
00000000
00000000
00000000
00000000
00000000
00000000
00000000
00000000
00000000
00000000
00000000
00000000
00000000
00000000
00000000
00000000
00000000
00000000
00000000
00000000
00000000
00000000
00000000
00000000
00000000
00000000
00000000
00000000
00000000
00000000
00000000
00000000
00000000
00000000
00000000
00000000
00000000
00000000
00000000
00000000
00000000
00000000
00000000
00000000
00000000
00000000
00000000
00000000
00000000
00000000
00000000
00000000
00000000
00000000
00000000
00000000
00000000
00000000
00000000
00000000
00000000
00000000
00000000
00000000
00000000
00000000
00000000
00000000
00000000
00000000
00000000
00000000
00000000
00000000
00000000
00000000
00000000
00000000
00000000
00000000
00000000
00000000
00000000
00000000
00000000
00000000
00000000
00000000
00000000
00000000
00000000
00000000
00000000
00000000
00000000
00000000
00000000
00000000
00000000
00000000
00000000
00000000
00000000
00000000
00000000
00000000
00000000
00000000
00000000
00000000
00000000
00000000
00000000
00000000
00000000
00000000
00000000
00000000
00000000
00000000
00000000
00000000
00000000
00000000
00000000
00000000
00000000
00000000
00000000
00000000
00000000
00000000
00000000
00000000
00000000
00000000
00000000
00000000
00000000
00000000
00000000
00000000
00000000
00000000
00000000
00000000
00000000
00000000
00000000
00000000
00000000
00000000
00000000
00000000
00000000
00000000
00000000
00000000
00000000
00000000
00000000
00000000
00000000
00000000
00000000
00000000
00000000
00000000
00000000
00000000
00000000
00000000
00000000
00000000
00000000
00000000
00000000
00000000
00000000
00000000
00000000
00000000
00000000
00000000
00000000
00000000
00000000
00000000
00000000
00000000
00000000
00000000
00000000
00000000
00000000
00000000
00000000
00000000
00000000
00000000
00000000
00000000
00000000
00000000
00000000
00000000
00000000
00000000
00000000
00000000
00000000
00000000
00000000
00000000
00000000
00000000
00000000
00000000
00000000
00000000
00000000
00000000
00000000
00000000
00000000
00000000
00000000
00000000
00000000
00000000
00000000
00000000
00000000
00000000
00000000
00000000
00000000
00000000
00000000
00000000
00000000
00000000
00000000
00000000
00000000
00000000
00000000
00000000
00000000
00000000
00000000
00000000
00000000
00000000
00000000
00000000
00000000
00000000
00000000
00000000
00000000
00000000
00000000
00000000
00000000
00000000
00000000
00000000
00000000
00000000
00000000
00000000
00000000
00000000
00000000
00000000
00000000
00000000
00000000
00000000
00000000
00000000
00000000
00000000
00000000
00000000
00000000
00000000
00000000
00000000
00000000
00000000
00000000
00000000
00000000
00000000
00000000
00000000
00000000
00000000
00000000
00000000
00000000
00000000
00000000
00000000
00000000
00000000
00000000
00000000
00000000
00000000
00000000
00000000
00000000
00000000
00000000
00000000
00000000
00000000
00000000
00000000
00000000
00000000
00000000
00000000
00000000
00000000
00000000
00000000
00000000
00000000
00000000
00000000
00000000
00000000
00000000
00000000
00000000
00000000
00000000
00000000
00000000
00000000
00000000
00000000
00000000
00000000
00000000
00000000
00000000
00000000
00000000
00000000
00000000
00000000
00000000
00000000
00000000
00000000
00000000
00000000
00000000
00000000
00000000
00000000
00000000
00000000
00000000
00000000
00000000
00000000
00000000
00000000
00000000
00000000
00000000
00000000
00000000
00000000
00000000
00000000
00000000
00000000
00000000
00000000
00000000
00000000
00000000
00000000
00000000
00000000
00000000
00000000
00000000
00000000
00000000
00000000
00000000
00000000
00000000
00000000
00000000
00000000
00000000
00000000
00000000
00000000
00000000
00000000
00000000
00000000
00000000
00000000
00000000
00000000
00000000
00000000
00000000
00000000
00000000
00000000
00000000
00000000
00000000
00000000
00000000
00000000
00000000
00000000
00000000
00000000
00000000
00000000
00000000
00000000
00000000
00000000
00000000
00000000
00000000
00000000
00000000
00000000
00000000
00000000
00000000
00000000
00000000
00000000
00000000
00000000
00000000
00000000
00000000
00000000
00000000
00000000
00000000
00000000
00000000
00000000
00000000
00000000
00000000
00000000
00000000
00000000
00000000
00000000
00000000
00000000
00000000
00000000
00000000
00000000
00000000
00000000
00000000
00000000
00000000
00000000
00000000
00000000
00000000
00000000
00000000
00000000
00000000
00000000
00000000
00000000
00000000
00000000
00000000
00000000
00000000
00000000
00000000
00000000
00000000
00000000
00000000
00000000
00000000
00000000
00000000
00000000
00000000
00000000
00000000
00000000
00000000
00000000
00000000
00000000
00000000
00000000
00000000
00000000
00000000
00000000
00000000
00000000
00000000
00000000
00000000
00000000
00000000
00000000
00000000
00000000
00000000
00000000
00000000
00000000
00000000
00000000
00000000
00000000
00000000
00000000
00000000
00000000
00000000
00000000
00000000
00000000
00000000
00000000
00000000
00000000
00000000
00000000
00000000
00000000
00000000
00000000
00000000
00000000
00000000
00000000
00000000
00000000
00000000
00000000
00000000
00000000
00000000
00000000
00000000
00000000
00000000
00000000
00000000
00000000
00000000
00000000
00000000
00000000
00000000
00000000
00000000
00000000
00000000
00000000
00000000
00000000
00000000
00000000
00000000
00000000
00000000
00000000
00000000
00000000
00000000
00000000
00000000
00000000
00000000
00000000
00000000
00000000
00000000
00000000
00000000
00000000
00000000
00000000
00000000
00000000
00000000
00000000
00000000
00000000
00000000
00000000
00000000
00000000
00000000
00000000
00000000
00000000
00000000
00000000
00000000
00000000
00000000
00000000
00000000
00000000
00000000
00000000
00000000
00000000
00000000
00000000
00000000
00000000
00000000
00000000
00000000
00000000
00000000
00000000
00000000
00000000
00000000
00000000
00000000
00000000
00000000
00000000
00000000
00000000
00000000
00000000
00000000
00000000
00000000
00000000
00000000
00000000
00000000
00000000
00000000
00000000
00000000
00000000
00000000
00000000
00000000
00000000
00000000
00000000
00000000
00000000
00000000
00000000
00000000
00000000
00000000
00000000
00000000
00000000
00000000
00000000
00000000
00000000
00000000
00000000
00000000
00000000
00000000
00000000
00000000
00000000
00000000
00000000
00000000
00000000
00000000
00000000
00000000
00000000
00000000
00000000
00000000
00000000
00000000
00000000
00000000
00000000
00000000
00000000
00000000
00000000
00000000
00000000
00000000
00000000
00000000
00000000
00000000
00000000
00000000
00000000
00000000
00000000
00000000
00000000
00000000
00000000
00000000
00000000
00000000
00000000
00000000
00000000
00000000
00000000
00000000
00000000
00000000
00000000
00000000
00000000
00000000
00000000
00000000
00000000
00000000
00000000
00000000
00000000
00000000
00000000
00000000
00000000
00000000
00000000
00000000
00000000
00000000
00000000
00000000
00000000
00000000
00000000
00000000
00000000
00000000
00000000
00000000
00000000
00000000
00000000
00000000
00000000
00000000
00000000
00000000
00000000
00000000
00000000
00000000
00000000
00000000
00000000
00000000
00000000
00000000
00000000
00000000
00000000
00000000
00000000
00000000
00000000
00000000
00000000
00000000
00000000
00000000
00000000
00000000
00000000
00000000
00000000
00000000
00000000
00000000
00000000
00000000
00000000
00000000
00000000
00000000
00000000
00000000
00000000
00000000
00000000
00000000
00000000
00000000
00000000
00000000
00000000
00000000
00000000
00000000
00000000
00000000
00000000
00000000
00000000
00000000
00000000
00000000
00000000
00000000
00000000
00000000
00000000
00000000
00000000
00000000
00000000
00000000
00000000
00000000
00000000
00000000
00000000
00000000
00000000
00000000
00000000
00000000
00000000
00000000
00000000
00000000
00000000
00000000
00000000
00000000
00000000
00000000
00000000
00000000
00000000
00000000
00000000
00000000
00000000
00000000
00000000
00000000
00000000
00000000
00000000
00000000
00000000
00000000
00000000
00000000
00000000
00000000
00000000
00000000
00000000
00000000
00000000
00000000
00000000
00000000
00000000
00000000
00000000
00000000
00000000
00000000
00000000
00000000
00000000
00000000
00000000
00000000
00000000
00000000
00000000
00000000
00000000
00000000
00000000
00000000
00000000
00000000
00000000
00000000
00000000
00000000
00000000
00000000
00000000
00000000
00000000
00000000
00000000
00000000
00000000
00000000
00000000
00000000
00000000
00000000
00000000
00000000
00000000
00000000
00000000
00000000
00000000
00000000
00000000
00000000
00000000
00000000
00000000
00000000
00000000
00000000
00000000
00000000
00000000
00000000
00000000
00000000
00000000
00000000
00000000
00000000
00000000
00000000
00000000
00000000
00000000
00000000
00000000
00000000
00000000
00000000
00000000
00000000
00000000
00000000
00000000
00000000
00000000
00000000
00000000
00000000
00000000
00000000
00000000
00000000
00000000
00000000
00000000
00000000
00000000
00000000
00000000
00000000
00000000
00000000
00000000
00000000
00000000
00000000
00000000
00000000
00000000
00000000
00000000
00000000
00000000
00000000
00000000
00000000
00000000
00000000
00000000
00000000
00000000
00000000
00000000
00000000
00000000
00000000
00000000
00000000
00000000
00000000
00000000
00000000
00000000
00000000
00000000
00000000
00000000
00000000
00000000
00000000
00000000
00000000
00000000
00000000
00000000
00000000
00000000
00000000
00000000
00000000
00000000
00000000
00000000
00000000
00000000
00000000
00000000
00000000
00000000
00000000
00000000
00000000
00000000
00000000
00000000
00000000
00000000
00000000
00000000
00000000
00000000
00000000
00000000
00000000
00000000
00000000
00000000
00000000
00000000
00000000
00000000
00000000
00000000
00000000
00000000
00000000
00000000
00000000
00000000
00000000
00000000
00000000
00000000
00000000
00000000
00000000
00000000
00000000
00000000
00000000
00000000
00000000
00000000
00000000
00000000
00000000
00000000
00000000
00000000
00000000
00000000
00000000
00000000
00000000
00000000
00000000
00000000
00000000
00000000
00000000
00000000
00000000
00000000
00000000
00000000
00000000
00000000
00000000
00000000
00000000
00000000
00000000
00000000
00000000
00000000
00000000
00000000
00000000
00000000
00000000
00000000
00000000
00000000
00000000
00000000
00000000
00000000
00000000
00000000
00000000
00000000
00000000
00000000
00000000
00000000
00000000
00000000
00000000
00000000
00000000
00000000
00000000
00000000
00000000
00000000
00000000
00000000
00000000
00000000
00000000
00000000
00000000
00000000
00000000
00000000
00000000
00000000
00000000
00000000
00000000
00000000
00000000
00000000
00000000
00000000
00000000
00000000
00000000
00000000
00000000
00000000
00000000
00000000
00000000
00000000
00000000
00000000
00000000
00000000
00000000
00000000
00000000
00000000
00000000
00000000
00000000
00000000
00000000
00000000
00000000
00000000
00000000
00000000
00000000
00000000
00000000
00000000
00000000
00000000
00000000
00000000
00000000
00000000
00000000
00000000
00000000
00000000
00000000
00000000
00000000
00000000
00000000
00000000
00000000
00000000
00000000
00000000
00000000
00000000
00000000
00000000
00000000
00000000
00000000
00000000
00000000
00000000
00000000
00000000
00000000
00000000
00000000
00000000
00000000
00000000
00000000
00000000
00000000
00000000
00000000
00000000
00000000
00000000
00000000
00000000
00000000
00000000
00000000
00000000
00000000
00000000
00000000
00000000
00000000
00000000
00000000
00000000
00000000
00000000
00000000
00000000
00000000
00000000
00000000
00000000
00000000
00000000
00000000
00000000
00000000
00000000
00000000
00000000
00000000
00000000
00000000
00000000
00000000
00000000
00000000
00000000
00000000
00000000
00000000
00000000
00000000
00000000
00000000
00000000
00000000
00000000
00000000
00000000
00000000
00000000
00000000
00000000
00000000
00000000
00000000
00000000
00000000
00000000
00000000
00000000
00000000
00000000
00000000
00000000
00000000
00000000
00000000
00000000
00000000
00000000
00000000
00000000
00000000
00000000
00000000
00000000
00000000
00000000
00000000
00000000
00000000
00000000
00000000
00000000
00000000
00000000
00000000
00000000
00000000
00000000
00000000
00000000
00000000
00000000
00000000
00000000
00000000
00000000
00000000
00000000
00000000
00000000
00000000
00000000
00000000
00000000
00000000
00000000
00000000
00000000
00000000
00000000
00000000
00000000
00000000
00000000
00000000
00000000
00000000
00000000
00000000
00000000
00000000
00000000
00000000
00000000
00000000
00000000
00000000
00000000
00000000
00000000
00000000
00000000
00000000
00000000
00000000
00000000
00000000
00000000
00000000
00000000
00000000
00000000
00000000
00000000
00000000
00000000
00000000
00000000
00000000
00000000
00000000
00000000
00000000
00000000
00000000
00000000
00000000
00000000
00000000
00000000
00000000
00000000
00000000
00000000
00000000
00000000
00000000
00000000
00000000
00000000
00000000
00000000
00000000
00000000
00000000
00000000
00000000
00000000
00000000
00000000
00000000
00000000
00000000
00000000
00000000
00000000
00000000
00000000
00000000
00000000
00000000
00000000
00000000
00000000
00000000
00000000
00000000
00000000
00000000
00000000
00000000
00000000
00000000
00000000
00000000
00000000
00000000
00000000
00000000
00000000
00000000
00000000
00000000
00000000
00000000
00000000
00000000
00000000
00000000
00000000
00000000
00000000
00000000
00000000
00000000
00000000
00000000
00000000
00000000
00000000
00000000
00000000
00000000
00000000
00000000
00000000
00000000
00000000
00000000
00000000
00000000
00000000
00000000
00000000
00000000
00000000
00000000
00000000
00000000
00000000
00000000
00000000
00000000
00000000
00000000
00000000
00000000
00000000
00000000
00000000
00000000
00000000
00000000
00000000
00000000
00000000
00000000
00000000
00000000
00000000
00000000
00000000
00000000
00000000
00000000
00000000
00000000
00000000
00000000
00000000
00000000
00000000
00000000
00000000
00000000
00000000
00000000
00000000
00000000
00000000
00000000
00000000
00000000
00000000
00000000
00000000
00000000
00000000
00000000
00000000
00000000
00000000
00000000
00000000
00000000
00000000
00000000
00000000
00000000
00000000
00000000
00000000
00000000
00000000
00000000
00000000
00000000
00000000
00000000
00000000
00000000
00000000
00000000
00000000
00000000
00000000
00000000
00000000
00000000
00000000
00000000
00000000
00000000
00000000
00000000
00000000
00000000
00000000
00000000
00000000
00000000
00000000
00000000
00000000
00000000
00000000
00000000
00000000
00000000
00000000
00000000
00000000
00000000
00000000
00000000
00000000
00000000
00000000
00000000
00000000
00000000
00000000
00000000
00000000
00000000
00000000
00000000
00000000
00000000
00000000
00000000
00000000
00000000
00000000
00000000
00000000
00000000
00000000
00000000
00000000
00000000
00000000
00000000
00000000
00000000
00000000
00000000
00000000
00000000
00000000
00000000
00000000
00000000
00000000
00000000
00000000
00000000
00000000
00000000
00000000
00000000
00000000
00000000
00000000
00000000
00000000
00000000
00000000
00000000
00000000
00000000
00000000
00000000
00000000
00000000
00000000
00000000
00000000
00000000
00000000
00000000
00000000
00000000
00000000
00000000
00000000
00000000
00000000
00000000
00000000
00000000
00000000
00000000
00000000
00000000
00000000
00000000
00000000
00000000
00000000
00000000
00000000
00000000
00000000
00000000
00000000
00000000
00000000
00000000
00000000
00000000
00000000
00000000
00000000
00000000
00000000
00000000
00000000
00000000
00000000
00000000
00000000
00000000
00000000
00000000
00000000
00000000
00000000
00000000
00000000
00000000
00000000
00000000
00000000
00000000
00000000
00000000
00000000
00000000
00000000
00000000
00000000
00000000
00000000
00000000
00000000
00000000
00000000
00000000
00000000
00000000
00000000
00000000
00000000
00000000
00000000
00000000
00000000
00000000
00000000
00000000
00000000
00000000
00000000
00000000
00000000
00000000
00000000
00000000
00000000
00000000
00000000
00000000
00000000
00000000
00000000
00000000
00000000
00000000
00000000
00000000
00000000
00000000
00000000
00000000
00000000
00000000
00000000
00000000
00000000
00000000
00000000
00000000
00000000
00000000
00000000
00000000
00000000
00000000
00000000
00000000
00000000
00000000
00000000
00000000
00000000
00000000
00000000
00000000
00000000
00000000
00000000
00000000
00000000
00000000
00000000
00000000
00000000
00000000
00000000
00000000
00000000
00000000
00000000
00000000
00000000
00000000
00000000
00000000
00000000
00000000
00000000
00000000
00000000
00000000
00000000
00000000
00000000
00000000
00000000
00000000
00000000
00000000
00000000
00000000
00000000
00000000
00000000
00000000
00000000
00000000
00000000
00000000
00000000
00000000
00000000
00000000
00000000
00000000
00000000
00000000
00000000
00000000
00000000
00000000
00000000
00000000
00000000
00000000
00000000
00000000
00000000
00000000
00000000
00000000
00000000
00000000
00000000
00000000
00000000
00000000
00000000
00000000
00000000
00000000
00000000
00000000
00000000
00000000
00000000
00000000
00000000
00000000
00000000
00000000
00000000
00000000
00000000
00000000
00000000
00000000
00000000
00000000
00000000
00000000
00000000
00000000
00000000
00000000
00000000
00000000
00000000
00000000
00000000
00000000
00000000
00000000
00000000
00000000
00000000
00000000
00000000
00000000
00000000
00000000
00000000
00000000
00000000
00000000
00000000
00000000
00000000
00000000
00000000
00000000
00000000
00000000
00000000
00000000
00000000
00000000
00000000
00000000
00000000
00000000
00000000
00000000
00000000
00000000
00000000
00000000
00000000
00000000
00000000
00000000
00000000
00000000
00000000
00000000
00000000
00000000
00000000
00000000
00000000
00000000
00000000
00000000
00000000
00000000
00000000
00000000
00000000
00000000
00000000
00000000
00000000
00000000
00000000
00000000
00000000
00000000
00000000
00000000
00000000
00000000
00000000
00000000
00000000
00000000
00000000
00000000
00000000
00000000
00000000
00000000
00000000
00000000
00000000
00000000
00000000
00000000
00000000
00000000
00000000
00000000
00000000
00000000
00000000
00000000
00000000
00000000
00000000
00000000
00000000
00000000
00000000
00000000
00000000
00000000
00000000
00000000
00000000
00000000
00000000
00000000
00000000
00000000
00000000
00000000
00000000
00000000
00000000
00000000
00000000
00000000
00000000
00000000
00000000
00000000
00000000
00000000
00000000
00000000
00000000
00000000
00000000
00000000
00000000
00000000
00000000
00000000
00000000
00000000
00000000
00000000
00000000
00000000
00000000
00000000
00000000
00000000
00000000
00000000
00000000
00000000
00000000
00000000
00000000
00000000
00000000
00000000
00000000
00000000
00000000
00000000
00000000
00000000
00000000
00000000
00000000
00000000
00000000
00000000
00000000
00000000
00000000
00000000
00000000
00000000
00000000
00000000
00000000
00000000
00000000
00000000
00000000
00000000
00000000
00000000
00000000
00000000
00000000
00000000
00000000
00000000
00000000
00000000
00000000
00000000
00000000
00000000
00000000
00000000
00000000
00000000
00000000
00000000
00000000
00000000
00000000
00000000
00000000
00000000
00000000
00000000
00000000
00000000
00000000
00000000
00000000
00000000
00000000
00000000
00000000
00000000
00000000
00000000
00000000
00000000
00000000
00000000
00000000
00000000
00000000
00000000
00000000
00000000
00000000
00000000
00000000
00000000
00000000
00000000
00000000
00000000
00000000
00000000
00000000
00000000
00000000
00000000
00000000
00000000
00000000
00000000
00000000
00000000
00000000
00000000
00000000
00000000
00000000
00000000
00000000
00000000
00000000
00000000
00000000
00000000
00000000
00000000
00000000
00000000
00000000
00000000
00000000
00000000
00000000
00000000
00000000
00000000
00000000
00000000
00000000
00000000
00000000
00000000
00000000
00000000
00000000
00000000
00000000
00000000
00000000
00000000
00000000
00000000
00000000
00000000
00000000
00000000
00000000
00000000
00000000
00000000
00000000
00000000
00000000
00000000
00000000
00000000
00000000
00000000
00000000
00000000
00000000
00000000
00000000
00000000
00000000
00000000
00000000
00000000
00000000
00000000
00000000
00000000
00000000
00000000
00000000
00000000
00000000
00000000
00000000
00000000
00000000
00000000
00000000
00000000
00000000
00000000
00000000
00000000
00000000
00000000
00000000
00000000
00000000
00000000
00000000
00000000
00000000
00000000
00000000
00000000
00000000
00000000
00000000
00000000
00000000
00000000
00000000
00000000
00000000
00000000
00000000
00000000
00000000
00000000
00000000
00000000
00000000
00000000
00000000
00000000
00000000
00000000
00000000
00000000
00000000
00000000
00000000
00000000
00000000
00000000
00000000
00000000
00000000
00000000
00000000
00000000
00000000
00000000
00000000
00000000
00000000
00000000
00000000
00000000
00000000
00000000
00000000
00000000
00000000
00000000
00000000
00000000
00000000
00000000
00000000
00000000
00000000
00000000
00000000
00000000
00000000
00000000
00000000
00000000
00000000
00000000
00000000
00000000
00000000
00000000
00000000
00000000
00000000
00000000
00000000
00000000
00000000
00000000
00000000
00000000
00000000
00000000
00000000
00000000
00000000
00000000
00000000
00000000
00000000
00000000
00000000
00000000
00000000
00000000
00000000
00000000
00000000
00000000
00000000
00000000
00000000
00000000
00000000
00000000
00000000
00000000
00000000
00000000
00000000
00000000
00000000
00000000
00000000
00000000
00000000
00000000
00000000
00000000
00000000
00000000
00000000
00000000
00000000
00000000
00000000
00000000
00000000
00000000
00000000
00000000
00000000
00000000
00000000
00000000
00000000
00000000
00000000
00000000
00000000
00000000
00000000
00000000
00000000
00000000
00000000
00000000
00000000
00000000
00000000
00000000
00000000
00000000
00000000
00000000
00000000
00000000
00000000
00000000
00000000
00000000
00000000
00000000
00000000
00000000
00000000
00000000
00000000
00000000
00000000
00000000
00000000
00000000
00000000
00000000
00000000
00000000
00000000
00000000
00000000
00000000
00000000
00000000
00000000
00000000
00000000
00000000
00000000
00000000
00000000
00000000
00000000
00000000
00000000
00000000
00000000
00000000
00000000
00000000
00000000
00000000
00000000
00000000
00000000
00000000
00000000
00000000
00000000
00000000
00000000
00000000
00000000
00000000
00000000
00000000
00000000
00000000
00000000
00000000
00000000
00000000
00000000
00000000
00000000
00000000
00000000
00000000
00000000
00000000
00000000
00000000
00000000
00000000
00000000
00000000
00000000
00000000
00000000
00000000
00000000
00000000
00000000
00000000
00000000
00000000
00000000
00000000
00000000
00000000
00000000
00000000
00000000
00000000
00000000
00000000
00000000
00000000
00000000
00000000
00000000
00000000
00000000
00000000
00000000
00000000
00000000
00000000
00000000
00000000
00000000
00000000
00000000
00000000
00000000
00000000
00000000
00000000
00000000
00000000
00000000
00000000
00000000
00000000
00000000
00000000
00000000
00000000
00000000
00000000
00000000
00000000
00000000
00000000
00000000
00000000
00000000
00000000
00000000
00000000
00000000
00000000
00000000
00000000
00000000
00000000
00000000
00000000
00000000
00000000
00000000
00000000
00000000
00000000
00000000
00000000
00000000
00000000
00000000
00000000
00000000
00000000
00000000
00000000
00000000
00000000
00000000
00000000
00000000
00000000
00000000
00000000
00000000
00000000
00000000
00000000
00000000
00000000
00000000
00000000
00000000
00000000
00000000
00000000
00000000
00000000
00000000
00000000
00000000
00000000
00000000
00000000
00000000
00000000
00000000
00000000
00000000
00000000
00000000
00000000
00000000
00000000
00000000
00000000
00000000
00000000
00000000
00000000
00000000
00000000
00000000
00000000
00000000
00000000
00000000
00000000
00000000
00000000
00000000
00000000
00000000
00000000
00000000
00000000
00000000
00000000
00000000
00000000
00000000
00000000
00000000
00000000
00000000
00000000
00000000
00000000
00000000
00000000
00000000
00000000
00000000
00000000
00000000
00000000
00000000
00000000
00000000
00000000
00000000
00000000
00000000
00000000
00000000
00000000
00000000
00000000
00000000
00000000
00000000
00000000
00000000
00000000
00000000
00000000
00000000
00000000
00000000
00000000
00000000
00000000
00000000
00000000
00000000
00000000
00000000
00000000
00000000
00000000
00000000
00000000
00000000
00000000
00000000
00000000
00000000
00000000
00000000
00000000
00000000
00000000
00000000
00000000
00000000
00000000
00000000
00000000
00000000
00000000
00000000
00000000
00000000
00000000
00000000
00000000
00000000
00000000
00000000
00000000
00000000
00000000
00000000
00000000
00000000
00000000
00000000
00000000
00000000
00000000
00000000
00000000
00000000
00000000
00000000
00000000
00000000
00000000
00000000
00000000
00000000
00000000
00000000
00000000
00000000
00000000
00000000
00000000
00000000
00000000
00000000
00000000
00000000
00000000
00000000
00000000
00000000
00000000
00000000
00000000
00000000
00000000
00000000
00000000
00000000
00000000
00000000
00000000
00000000
00000000
00000000
00000000
00000000
00000000
00000000
00000000
00000000
00000000
00000000
00000000
00000000
00000000
00000000
00000000
00000000
00000000
00000000
00000000
00000000
00000000
00000000
00000000
00000000
00000000
00000000
00000000
00000000
00000000
00000000
00000000
00000000
00000000
00000000
00000000
00000000
00000000
00000000
00000000
00000000
00000000
00000000
00000000
00000000
00000000
00000000
00000000
00000000
00000000
00000000
00000000
00000000
00000000
00000000
00000000
00000000
00000000
00000000
00000000
00000000
00000000
00000000
00000000
00000000
00000000
00000000
00000000
00000000
00000000
00000000
00000000
00000000
00000000
00000000
00000000
00000000
00000000
00000000
00000000
00000000
00000000
00000000
00000000
00000000
00000000
00000000
00000000
00000000
00000000
00000000
00000000
00000000
00000000
00000000
00000000
00000000
00000000
00000000
00000000
00000000
00000000
00000000
00000000
00000000
00000000
00000000
00000000
00000000
00000000
00000000
00000000
00000000
00000000
00000000
00000000
00000000
00000000
00000000
00000000
00000000
00000000
00000000
00000000
00000000
00000000
00000000
00000000
00000000
00000000
00000000
00000000
00000000
00000000
00000000
00000000
00000000
00000000
00000000
00000000
00000000
00000000
00000000
00000000
00000000
00000000
00000000
00000000
00000000
00000000
00000000
00000000
00000000
00000000
00000000
00000000
00000000
00000000
00000000
00000000
00000000
00000000
00000000
00000000
00000000
00000000
00000000
00000000
00000000
00000000
00000000
00000000
00000000
00000000
00000000
00000000
00000000
00000000
00000000
00000000
00000000
00000000
00000000
00000000
00000000
00000000
00000000
00000000
00000000
00000000
00000000
00000000
00000000
00000000
00000000
00000000
00000000
00000000
00000000
00000000
00000000
00000000
00000000
00000000
00000000
00000000
00000000
00000000
00000000
00000000
00000000
00000000
00000000
00000000
00000000
00000000
00000000
00000000
00000000
00000000
00000000
00000000
00000000
00000000
00000000
00000000
00000000
00000000
00000000
00000000
00000000
00000000
00000000
00000000
00000000
00000000
00000000
00000000
00000000
00000000
00000000
00000000
00000000
00000000
00000000
00000000
00000000
00000000
00000000
00000000
00000000
00000000
00000000
00000000
00000000
00000000
00000000
00000000
00000000
00000000
00000000
00000000
00000000
00000000
00000000
00000000
00000000
00000000
00000000
00000000
00000000
00000000
00000000
00000000
00000000
00000000
00000000
00000000
00000000
00000000
00000000
00000000
00000000
00000000
00000000
00000000
00000000
00000000
00000000
00000000
00000000
00000000
00000000
00000000
00000000
00000000
00000000
00000000
00000000
00000000
00000000
00000000
00000000
00000000
00000000
00000000
00000000
00000000
00000000
00000000
00000000
00000000
00000000
00000000
00000000
00000000
00000000
00000000
00000000
00000000
00000000
00000000
00000000
00000000
00000000
00000000
00000000
00000000
00000000
00000000
00000000
00000000
00000000
00000000
00000000
00000000
00000000
00000000
00000000
00000000
00000000
00000000
00000000
00000000
00000000
00000000
00000000
00000000
00000000
00000000
00000000
00000000
00000000
00000000
00000000
00000000
00000000
00000000
00000000
00000000
00000000
00000000
00000000
00000000
00000000
00000000
00000000
00000000
00000000
00000000
00000000
00000000
00000000
00000000
00000000
00000000
00000000
00000000
00000000
00000000
00000000
00000000
00000000
00000000
00000000
00000000
00000000
00000000
00000000
00000000
00000000
00000000
00000000
00000000
00000000
00000000
00000000
00000000
00000000
00000000
00000000
00000000
00000000
00000000
00000000
00000000
00000000
00000000
00000000
00000000
00000000
00000000
00000000
00000000
00000000
00000000
00000000
00000000
00000000
00000000
00000000
00000000
00000000
00000000
00000000
00000000
00000000
00000000
00000000
00000000
00000000
00000000
00000000
00000000
00000000
00000000
00000000
00000000
00000000
00000000
00000000
00000000
00000000
00000000
00000000
00000000
00000000
00000000
00000000
00000000
00000000
00000000
00000000
00000000
00000000
00000000
00000000
00000000
00000000
00000000
00000000
00000000
00000000
00000000
00000000
00000000
00000000
00000000
00000000
00000000
00000000
00000000
00000000
00000000
00000000
00000000
00000000
00000000
00000000
00000000
00000000
00000000
00000000
00000000
00000000
00000000
00000000
00000000
00000000
00000000
00000000
00000000
00000000
00000000
00000000
00000000
00000000
00000000
00000000
00000000
00000000
00000000
00000000
00000000
00000000
00000000
00000000
00000000
00000000
00000000
00000000
00000000
00000000
00000000
00000000
00000000
00000000
00000000
00000000
00000000
00000000
00000000
00000000
00000000
00000000
00000000
00000000
00000000
00000000
00000000
00000000
00000000
00000000
00000000
00000000
00000000
00000000
00000000
00000000
00000000
00000000
00000000
00000000
00000000
00000000
00000000
00000000
00000000
00000000
00000000
00000000
00000000
00000000
00000000
00000000
00000000
00000000
00000000
00000000
00000000
00000000
00000000
00000000
00000000
00000000
00000000
00000000
00000000
00000000
00000000
00000000
00000000
00000000
00000000
00000000
00000000
00000000
00000000
00000000
00000000
00000000
00000000
00000000
00000000
00000000
00000000
00000000
00000000
00000000
00000000
00000000
00000000
00000000
00000000
00000000
00000000
00000000
00000000
00000000
00000000
00000000
00000000
00000000
00000000
00000000
00000000
00000000
00000000
00000000
00000000
00000000
00000000
00000000
00000000
00000000
00000000
00000000
00000000
00000000
00000000
00000000
00000000
00000000
00000000
00000000
00000000
00000000
00000000
00000000
00000000
00000000
00000000
00000000
00000000
00000000
00000000
00000000
00000000
00000000
00000000
00000000
00000000
00000000
00000000
00000000
00000000
00000000
00000000
00000000
00000000
00000000
00000000
00000000
00000000
00000000
00000000
00000000
00000000
00000000
00000000
00000000
00000000
00000000
00000000
00000000
00000000
00000000
00000000
00000000
00000000
00000000
00000000
00000000
00000000
00000000
00000000
00000000
00000000
00000000
00000000
00000000
00000000
00000000
00000000
00000000
00000000
00000000
00000000
00000000
00000000
00000000
00000000
00000000
00000000
00000000
00000000
00000000
00000000
00000000
00000000
00000000
00000000
00000000
00000000
00000000
00000000
00000000
00000000
00000000
00000000
00000000
00000000
00000000
00000000
00000000
00000000
00000000
00000000
00000000
00000000
00000000
00000000
00000000
00000000
00000000
00000000
00000000
00000000
00000000
00000000
00000000
00000000
00000000
00000000
00000000
00000000
00000000
00000000
00000000
00000000
00000000
00000000
00000000
00000000
00000000
00000000
00000000
00000000
00000000
00000000
00000000
00000000
00000000
00000000
00000000
00000000
00000000
00000000
00000000
00000000
00000000
00000000
00000000
00000000
00000000
00000000
00000000
00000000
00000000
00000000
00000000
00000000
00000000
00000000
00000000
00000000
00000000
00000000
00000000
00000000
00000000
00000000
00000000
00000000
00000000
00000000
00000000
00000000
00000000
00000000
00000000
00000000
00000000
00000000
00000000
00000000
00000000
00000000
00000000
00000000
00000000
00000000
00000000
00000000
00000000
00000000
00000000
00000000
00000000
00000000
00000000
00000000
00000000
00000000
00000000
00000000
00000000
00000000
00000000
00000000
00000000
00000000
00000000
00000000
00000000
00000000
00000000
00000000
00000000
00000000
00000000
00000000
00000000
00000000
00000000
00000000
00000000
00000000
00000000
00000000
00000000
00000000
00000000
00000000
00000000
00000000
00000000
00000000
00000000
00000000
00000000
00000000
00000000
00000000
00000000
00000000
00000000
00000000
00000000
00000000
00000000
00000000
00000000
00000000
00000000
00000000
00000000
00000000
00000000
00000000
00000000
00000000
00000000
00000000
00000000
00000000
00000000
00000000
00000000
00000000
00000000
00000000
00000000
00000000
00000000
00000000
00000000
00000000
00000000
00000000
00000000
00000000
00000000
00000000
00000000
00000000
00000000
00000000
00000000
00000000
00000000
00000000
00000000
00000000
00000000
00000000
00000000
00000000
00000000
00000000
00000000
00000000
00000000
00000000
00000000
00000000
00000000
00000000
00000000
00000000
00000000
00000000
00000000
00000000
00000000
00000000
00000000
00000000
00000000
00000000
00000000
00000000
00000000
00000000
00000000
00000000
00000000
00000000
00000000
00000000
00000000
00000000
00000000
00000000
00000000
00000000
00000000
00000000
00000000
00000000
00000000
00000000
00000000
00000000
00000000
00000000
00000000
00000000
00000000
00000000
00000000
00000000
00000000
00000000
00000000
00000000
00000000
00000000
00000000
00000000
00000000
00000000
00000000
00000000
00000000
00000000
00000000
00000000
00000000
00000000
00000000
00000000
00000000
00000000
00000000
00000000
00000000
00000000
00000000
00000000
00000000
00000000
00000000
00000000
00000000
00000000
00000000
00000000
00000000
00000000
00000000
00000000
00000000
00000000
00000000
00000000
00000000
00000000
00000000
00000000
00000000
00000000
00000000
00000000
00000000
00000000
00000000
00000000
00000000
00000000
00000000
00000000
00000000
00000000
00000000
00000000
00000000
00000000
00000000
00000000
00000000
00000000
00000000
00000000
00000000
00000000
00000000
00000000
00000000
00000000
00000000
00000000
00000000
00000000
00000000
00000000
00000000
00000000
00000000
00000000
00000000
00000000
00000000
00000000
00000000
00000000
00000000
00000000
00000000
00000000
00000000
00000000
00000000
00000000
00000000
00000000
00000000
00000000
00000000
00000000
00000000
00000000
00000000
00000000
00000000
00000000
00000000
00000000
00000000
00000000
00000000
00000000
00000000
00000000
00000000
00000000
00000000
00000000
00000000
00000000
00000000
00000000
00000000
00000000
00000000
00000000
00000000
00000000
00000000
00000000
00000000
00000000
00000000
00000000
00000000
00000000
00000000
00000000
00000000
00000000
00000000
00000000
00000000
00000000
00000000
00000000
00000000
00000000
00000000
00000000
00000000
00000000
00000000
00000000
00000000
00000000
00000000
00000000
00000000
00000000
00000000
00000000
00000000
00000000
00000000
00000000
00000000
00000000
00000000
00000000
00000000
00000000
00000000
00000000
00000000
00000000
00000000
00000000
00000000
00000000
00000000
00000000
00000000
00000000
00000000
00000000
00000000
00000000
00000000
00000000
00000000
00000000
00000000
00000000
00000000
00000000
00000000
00000000
00000000
00000000
00000000
00000000
00000000
00000000
00000000
00000000
00000000
00000000
00000000
00000000
00000000
00000000
00000000
00000000
00000000
00000000
00000000
00000000
00000000
00000000
00000000
00000000
00000000
00000000
00000000
00000000
00000000
00000000
00000000
00000000
00000000
00000000
00000000
00000000
00000000
00000000
00000000
00000000
00000000
00000000
00000000
00000000
00000000
00000000
00000000
00000000
00000000
00000000
00000000
00000000
00000000
00000000
00000000
00000000
00000000
00000000
00000000
00000000
00000000
00000000
00000000
00000000
00000000
00000000
00000000
00000000
00000000
00000000
00000000
00000000
00000000
00000000
00000000
00000000
00000000
00000000
00000000
00000000
00000000
00000000
00000000
00000000
00000000
00000000
00000000
00000000
00000000
00000000
00000000
00000000
00000000
00000000
00000000
00000000
00000000
00000000
00000000
00000000
00000000
00000000
00000000
00000000
00000000
00000000
00000000
00000000
00000000
00000000
00000000
00000000
00000000
00000000
00000000
00000000
00000000
00000000
00000000
00000000
00000000
00000000
00000000
00000000
00000000
00000000
00000000
00000000
00000000
00000000
00000000
00000000
00000000
00000000
00000000
00000000
00000000
00000000
00000000
00000000
00000000
00000000
00000000
00000000
00000000
00000000
00000000
00000000
00000000
00000000
00000000
00000000
00000000
00000000
00000000
00000000
00000000
00000000
00000000
00000000
00000000
00000000
00000000
00000000
00000000
00000000
00000000
00000000
00000000
00000000
00000000
00000000
00000000
00000000
00000000
00000000
00000000
00000000
00000000
00000000
00000000
00000000
00000000
00000000
00000000
00000000
00000000
00000000
00000000
00000000
00000000
00000000
00000000
00000000
00000000
00000000
00000000
00000000
00000000
00000000
00000000
00000000
00000000
00000000
00000000
00000000
00000000
00000000
00000000
00000000
00000000
00000000
00000000
00000000
00000000
00000000
00000000
00000000
00000000
00000000
00000000
00000000
00000000
00000000
00000000
00000000
00000000
00000000
00000000
00000000
00000000
00000000
00000000
00000000
00000000
00000000
00000000
00000000
00000000
00000000
00000000
00000000
00000000
00000000
00000000
00000000
00000000
00000000
00000000
00000000
00000000
00000000
00000000
00000000
00000000
00000000
00000000
00000000
00000000
00000000
00000000
00000000
00000000
00000000
00000000
00000000
00000000
00000000
00000000
00000000
00000000
00000000
00000000
00000000
00000000
00000000
00000000
00000000
00000000
00000000
00000000
00000000
00000000
00000000
00000000
00000000
00000000
00000000
00000000
00000000
00000000
00000000
00000000
00000000
00000000
00000000
00000000
00000000
00000000
00000000
00000000
00000000
00000000
00000000
00000000
00000000
00000000
00000000
00000000
00000000
00000000
00000000
00000000
00000000
00000000
00000000
00000000
00000000
00000000
00000000
00000000
00000000
00000000
00000000
00000000
00000000
00000000
00000000
00000000
00000000
00000000
00000000
00000000
00000000
00000000
00000000
00000000
00000000
00000000
00000000
00000000
00000000
00000000
00000000
00000000
00000000
00000000
00000000
00000000
00000000
00000000
00000000
00000000
00000000
00000000
00000000
00000000
00000000
00000000
00000000
00000000
00000000
00000000
00000000
00000000
00000000
00000000
00000000
00000000
00000000
00000000
00000000
00000000
00000000
00000000
00000000
00000000
00000000
00000000
00000000
00000000
00000000
00000000
00000000
00000000
00000000
00000000
00000000
00000000
00000000
00000000
00000000
00000000
00000000
00000000
00000000
00000000
00000000
00000000
00000000
00000000
00000000
00000000
00000000
00000000
00000000
00000000
00000000
00000000
00000000
00000000
00000000
00000000
00000000
00000000
00000000
00000000
00000000
00000000
00000000
00000000
00000000
00000000
00000000
00000000
00000000
00000000
00000000
00000000
00000000
00000000
00000000
00000000
00000000
00000000
00000000
00000000
00000000
00000000
00000000
00000000
00000000
00000000
00000000
00000000
00000000
00000000
00000000
00000000
00000000
00000000
00000000
00000000
00000000
00000000
00000000
00000000
00000000
00000000
00000000
00000000
00000000
00000000
00000000
00000000
00000000
00000000
00000000
00000000
00000000
00000000
00000000
00000000
00000000
00000000
00000000
00000000
00000000
00000000
00000000
00000000
00000000
00000000
00000000
00000000
00000000
00000000
00000000
00000000
00000000
00000000
00000000
00000000
00000000
00000000
00000000
00000000
00000000
00000000
00000000
00000000
00000000
00000000
00000000
00000000
00000000
00000000
00000000
00000000
00000000
00000000
00000000
00000000
00000000
00000000
00000000
00000000
00000000
00000000
00000000
00000000
00000000
00000000
00000000
00000000
00000000
00000000
00000000
00000000
00000000
00000000
00000000
00000000
00000000
00000000
00000000
00000000
00000000
00000000
00000000
00000000
00000000
00000000
00000000
00000000
00000000
00000000
00000000
00000000
00000000
00000000
00000000
00000000
00000000
00000000
00000000
00000000
00000000
00000000
00000000
00000000
00000000
00000000
00000000
00000000
00000000
00000000
00000000
00000000
00000000
00000000
00000000
00000000
00000000
00000000
00000000
00000000
00000000
00000000
00000000
00000000
00000000
00000000
00000000
00000000
00000000
00000000
00000000
00000000
00000000
00000000
00000000
00000000
00000000
00000000
00000000
00000000
00000000
00000000
00000000
00000000
00000000
00000000
00000000
00000000
00000000
00000000
00000000
00000000
00000000
00000000
00000000
00000000
00000000
00000000
00000000
00000000
00000000
00000000
00000000
00000000
00000000
00000000
00000000
00000000
00000000
00000000
00000000
00000000
00000000
00000000
00000000
00000000
00000000
00000000
00000000
00000000
00000000
00000000
00000000
00000000
00000000
00000000
00000000
00000000
00000000
00000000
00000000
00000000
00000000
00000000
00000000
00000000
00000000
00000000
00000000
00000000
00000000
00000000
00000000
00000000
00000000
00000000
00000000
00000000
00000000
00000000
00000000
00000000
00000000
00000000
00000000
00000000
00000000
00000000
00000000
00000000
00000000
00000000
00000000
00000000
00000000
00000000
00000000
00000000
00000000
00000000
00000000
00000000
00000000
00000000
00000000
00000000
00000000
00000000
00000000
00000000
00000000
00000000
00000000
00000000
00000000
00000000
00000000
00000000
00000000
00000000
00000000
00000000
00000000
00000000
00000000
00000000
00000000
00000000
00000000
00000000
00000000
00000000
00000000
00000000
00000000
00000000
00000000
00000000
00000000
00000000
00000000
00000000
00000000
00000000
00000000
00000000
00000000
00000000
00000000
00000000
00000000
00000000
00000000
00000000
00000000
00000000
00000000
00000000
00000000
00000000
00000000
00000000
00000000
00000000
00000000
00000000
00000000
00000000
00000000
00000000
00000000
00000000
00000000
00000000
00000000
00000000
00000000
00000000
00000000
00000000
00000000
00000000
00000000
00000000
00000000
00000000
00000000
00000000
00000000
00000000
00000000
00000000
00000000
00000000
00000000
00000000
00000000
00000000
00000000
00000000
00000000
00000000
00000000
00000000
00000000
00000000
00000000
00000000
00000000
00000000
00000000
00000000
00000000
00000000
00000000
00000000
00000000
00000000
00000000
00000000
00000000
00000000
00000000
00000000
00000000
00000000
00000000
00000000
00000000
00000000
00000000
00000000
00000000
00000000
00000000
00000000
00000000
00000000
00000000
00000000
00000000
00000000
00000000
00000000
00000000
00000000
00000000
00000000
00000000
00000000
00000000
00000000
00000000
00000000
00000000
00000000
00000000
00000000
00000000
00000000
00000000
00000000
00000000
00000000
00000000
00000000
00000000
00000000
00000000
00000000
00000000
00000000
00000000
00000000
00000000
00000000
00000000
00000000
00000000
00000000
00000000
00000000
00000000
00000000
00000000
00000000
00000000
00000000
00000000
00000000
00000000
00000000
00000000
00000000
00000000
00000000
00000000
00000000
00000000
00000000
00000000
00000000
00000000
00000000
00000000
00000000
00000000
00000000
00000000
00000000
00000000
00000000
00000000
00000000
00000000
00000000
00000000
00000000
00000000
00000000
00000000
00000000
00000000
00000000
00000000
00000000
00000000
00000000
00000000
00000000
00000000
00000000
00000000
00000000
00000000
00000000
00000000
00000000
00000000
00000000
00000000
00000000
00000000
00000000
00000000
00000000
00000000
00000000
00000000
00000000
00000000
00000000
00000000
00000000
00000000
00000000
00000000
00000000
00000000
00000000
00000000
00000000
00000000
00000000
00000000
00000000
00000000
00000000
00000000
00000000
00000000
00000000
00000000
00000000
00000000
00000000
00000000
00000000
00000000
00000000
00000000
00000000
00000000
00000000
00000000
00000000
00000000
00000000
00000000
00000000
00000000
00000000
00000000
00000000
00000000
00000000
00000000
00000000
00000000
00000000
00000000
00000000
00000000
00000000
00000000
00000000
00000000
00000000
00000000
00000000
00000000
00000000
00000000
00000000
00000000
00000000
00000000
00000000
00000000
00000000
00000000
00000000
00000000
00000000
00000000
00000000
00000000
00000000
00000000
00000000
00000000
00000000
00000000
00000000
00000000
00000000
00000000
00000000
00000000
00000000
00000000
00000000
00000000
00000000
00000000
00000000
00000000
00000000
00000000
00000000
00000000
00000000
00000000
00000000
00000000
00000000
00000000
00000000
00000000
00000000
00000000
00000000
00000000
00000000
00000000
00000000
00000000
00000000
00000000
00000000
00000000
00000000
00000000
00000000
00000000
00000000
00000000
00000000
00000000
00000000
00000000
00000000
00000000
00000000
00000000
00000000
00000000
00000000
00000000
00000000
00000000
00000000
00000000
00000000
00000000
00000000
00000000
00000000
00000000
00000000
00000000
00000000
00000000
00000000
00000000
00000000
00000000
00000000
00000000
00000000
00000000
00000000
00000000
00000000
00000000
00000000
00000000
00000000
00000000
00000000
00000000
00000000
00000000
00000000
00000000
00000000
00000000
00000000
00000000
00000000
00000000
00000000
00000000
00000000
00000000
00000000
00000000
00000000
00000000
00000000
00000000
00000000
00000000
00000000
00000000
00000000
00000000
00000000
00000000
00000000
00000000
00000000
00000000
00000000
00000000
00000000
00000000
00000000
00000000
00000000
00000000
00000000
00000000
00000000
00000000
00000000
00000000
00000000
00000000
00000000
00000000
00000000
00000000
00000000
00000000
00000000
00000000
00000000
00000000
00000000
00000000
00000000
00000000
00000000
00000000
00000000
00000000
00000000
00000000
00000000
00000000
00000000
00000000
00000000
00000000
00000000
00000000
00000000
00000000
00000000
00000000
00000000
00000000
00000000
00000000
00000000
00000000
00000000
00000000
00000000
00000000
00000000
00000000
00000000
00000000
00000000
00000000
00000000
00000000
00000000
00000000
00000000
00000000
00000000
00000000
00000000
00000000
00000000
00000000
00000000
00000000
00000000
00000000
00000000
00000000
00000000
00000000
00000000
00000000
00000000
00000000
00000000
00000000
00000000
00000000
00000000
00000000
00000000
00000000
00000000
00000000
00000000
00000000
00000000
00000000
00000000
00000000
00000000
00000000
00000000
00000000
00000000
00000000
00000000
00000000
00000000
00000000
00000000
00000000
00000000
00000000
00000000
00000000
00000000
00000000
00000000
00000000
00000000
00000000
00000000
00000000
00000000
00000000
00000000
00000000
00000000
00000000
00000000
00000000
00000000
00000000
00000000
00000000
00000000
00000000
00000000
00000000
00000000
00000000
00000000
00000000
00000000
00000000
00000000
00000000
00000000
00000000
00000000
00000000
00000000
00000000
00000000
00000000
00000000
00000000
00000000
00000000
00000000
00000000
00000000
00000000
00000000
00000000
00000000
00000000
00000000
00000000
00000000
00000000
00000000
00000000
00000000
00000000
00000000
00000000
00000000
00000000
00000000
00000000
00000000
00000000
00000000
00000000
00000000
00000000
00000000
00000000
00000000
00000000
00000000
00000000
00000000
00000000
00000000
00000000
00000000
00000000
00000000
00000000
00000000
00000000
00000000
00000000
00000000
00000000
00000000
00000000
00000000
00000000
00000000
00000000
00000000
00000000
00000000
00000000
00000000
00000000
00000000
00000000
00000000
00000000
00000000
00000000
00000000
00000000
00000000
00000000
00000000
00000000
00000000
00000000
00000000
00000000
00000000
00000000
00000000
00000000
00000000
00000000
00000000
00000000
00000000
00000000
00000000
00000000
00000000
00000000
00000000
00000000
00000000
00000000
00000000
00000000
00000000
00000000
00000000
00000000
00000000
00000000
00000000
00000000
00000000
00000000
00000000
00000000
00000000
00000000
00000000
00000000
00000000
00000000
00000000
00000000
00000000
00000000
00000000
00000000
00000000
00000000
00000000
00000000
00000000
00000000
00000000
00000000
00000000
00000000
00000000
00000000
00000000
00000000
00000000
00000000
00000000
00000000
00000000
00000000
00000000
00000000
00000000
00000000
00000000
00000000
00000000
00000000
00000000
00000000
00000000
00000000
00000000
00000000
00000000
00000000
00000000
00000000
00000000
00000000
00000000
00000000
00000000
00000000
00000000
00000000
00000000
00000000
00000000
00000000
00000000
00000000
00000000
00000000
00000000
00000000
00000000
00000000
00000000
00000000
00000000
00000000
00000000
00000000
00000000
00000000
00000000
00000000
00000000
00000000
00000000
00000000
00000000
00000000
00000000
00000000
00000000
00000000
00000000
00000000
00000000
00000000
00000000
00000000
00000000
00000000
00000000
00000000
00000000
00000000
00000000
00000000
00000000
00000000
00000000
00000000
00000000
00000000
00000000
00000000
00000000
00000000
00000000
00000000
00000000
00000000
00000000
00000000
00000000
00000000
00000000
00000000
00000000
00000000
00000000
00000000
00000000
00000000
00000000
00000000
00000000
00000000
00000000
00000000
00000000
00000000
00000000
00000000
00000000
00000000
00000000
00000000
00000000
00000000
00000000
00000000
00000000
00000000
00000000
00000000
00000000
00000000
00000000
00000000
00000000
00000000
00000000
00000000
00000000
00000000
00000000
00000000
00000000
00000000
00000000
00000000
00000000
00000000
00000000
00000000
00000000
00000000
00000000
00000000
00000000
00000000
00000000
00000000
00000000
00000000
00000000
00000000
00000000
00000000
00000000
00000000
00000000
00000000
00000000
00000000
00000000
00000000
00000000
00000000
00000000
00000000
00000000
00000000
00000000
00000000
00000000
00000000
00000000
00000000
00000000
00000000
00000000
00000000
00000000
00000000
00000000
00000000
00000000
00000000
00000000
00000000
00000000
00000000
00000000
00000000
00000000
00000000
00000000
00000000
00000000
00000000
00000000
00000000
00000000
00000000
00000000
00000000
00000000
00000000
00000000
00000000
00000000
00000000
00000000
00000000
00000000
00000000
00000000
00000000
00000000
00000000
00000000
00000000
00000000
00000000
00000000
00000000
00000000
00000000
00000000
00000000
00000000
00000000
00000000
00000000
00000000
00000000
00000000
00000000
00000000
00000000
00000000
00000000
00000000
00000000
00000000
00000000
00000000
00000000
00000000
00000000
00000000
00000000
00000000
00000000
00000000
00000000
00000000
00000000
00000000
00000000
00000000
00000000
00000000
00000000
00000000
00000000
00000000
00000000
00000000
00000000
00000000
00000000
00000000
00000000
00000000
00000000
00000000
00000000
00000000
00000000
00000000
00000000
00000000
00000000
00000000
00000000
00000000
00000000
00000000
00000000
00000000
00000000
00000000
00000000
00000000
00000000
00000000
00000000
00000000
00000000
00000000
00000000
00000000
00000000
00000000
00000000
00000000
00000000
00000000
00000000
00000000
00000000
00000000
00000000
00000000
00000000
00000000
00000000
00000000
00000000
00000000
00000000
00000000
00000000
00000000
00000000
00000000
00000000
00000000
00000000
00000000
00000000
00000000
00000000
00000000
00000000
00000000
00000000
00000000
00000000
00000000
00000000
00000000
00000000
00000000
00000000
00000000
00000000
00000000
00000000
00000000
00000000
00000000
00000000
00000000
00000000
00000000
00000000
00000000
00000000
00000000
00000000
00000000
00000000
00000000
00000000
00000000
00000000
00000000
00000000
00000000
00000000
00000000
00000000
00000000
00000000
00000000
00000000
00000000
00000000
00000000
00000000
00000000
00000000
00000000
00000000
00000000
00000000
00000000
00000000
00000000
00000000
00000000
00000000
00000000
00000000
00000000
00000000
00000000
00000000
00000000
00000000
00000000
00000000
00000000
00000000
00000000
00000000
00000000
00000000
00000000
00000000
00000000
00000000
00000000
00000000
00000000
00000000
00000000
00000000
00000000
00000000
00000000
00000000
00000000
00000000
00000000
00000000
00000000
00000000
00000000
00000000
00000000
00000000
00000000
00000000
00000000
00000000
00000000
00000000
00000000
00000000
00000000
00000000
00000000
00000000
00000000
00000000
00000000
00000000
00000000
00000000
00000000
00000000
00000000
00000000
00000000
00000000
00000000
00000000
00000000
00000000
00000000
00000000
00000000
00000000
00000000
00000000
00000000
00000000
00000000
00000000
00000000
00000000
00000000
00000000
00000000
00000000
00000000
00000000
00000000
00000000
00000000
00000000
00000000
00000000
00000000
00000000
00000000
00000000
00000000
00000000
00000000
00000000
00000000
00000000
00000000
00000000
00000000
00000000
00000000
00000000
00000000
00000000
00000000
00000000
00000000
00000000
00000000
00000000
00000000
00000000
00000000
00000000
00000000
00000000
00000000
00000000
00000000
00000000
00000000
00000000
00000000
00000000
00000000
00000000
00000000
00000000
00000000
00000000
00000000
00000000
00000000
00000000
00000000
00000000
00000000
00000000
00000000
00000000
00000000
00000000
00000000
00000000
00000000
00000000
00000000
00000000
00000000
00000000
00000000
00000000
00000000
00000000
00000000
00000000
00000000
00000000
00000000
00000000
00000000
00000000
00000000
00000000
00000000
00000000
00000000
00000000
00000000
00000000
00000000
00000000
00000000
00000000
00000000
00000000
00000000
00000000
00000000
00000000
00000000
00000000
00000000
00000000
00000000
00000000
00000000
00000000
00000000
00000000
00000000
00000000
00000000
00000000
00000000
00000000
00000000
00000000
00000000
00000000
00000000
00000000
00000000
00000000
00000000
00000000
00000000
00000000
00000000
00000000
00000000
00000000
00000000
00000000
00000000
00000000
00000000
00000000
00000000
00000000
00000000
00000000
00000000
00000000
00000000
00000000
00000000
00000000
00000000
00000000
00000000
00000000
00000000
00000000
00000000
00000000
00000000
00000000
00000000
00000000
00000000
00000000
00000000
00000000
00000000
00000000
00000000
00000000
00000000
00000000
00000000
00000000
00000000
00000000
00000000
00000000
00000000
00000000
00000000
00000000
00000000
00000000
00000000
00000000
00000000
00000000
00000000
00000000
00000000
00000000
00000000
00000000
00000000
00000000
00000000
00000000
00000000
00000000
00000000
00000000
00000000
00000000
00000000
00000000
00000000
00000000
00000000
00000000
00000000
00000000
00000000
00000000
00000000
00000000
00000000
00000000
00000000
00000000
00000000
00000000
00000000
00000000
00000000
00000000
00000000
00000000
00000000
00000000
00000000
00000000
00000000
00000000
00000000
00000000
00000000
00000000
00000000
00000000
00000000
00000000
00000000
00000000
00000000
00000000
00000000
00000000
00000000
00000000
00000000
00000000
00000000
00000000
00000000
00000000
00000000
00000000
00000000
00000000
00000000
00000000
00000000
00000000
00000000
00000000
00000000
00000000
00000000
00000000
00000000
00000000
00000000
00000000
00000000
00000000
00000000
00000000
00000000
00000000
00000000
00000000
00000000
00000000
00000000
00000000
00000000
00000000
00000000
00000000
00000000
00000000
00000000
00000000
00000000
00000000
00000000
00000000
00000000
00000000
00000000
00000000
00000000
00000000
00000000
00000000
00000000
00000000
00000000
00000000
00000000
00000000
00000000
00000000
00000000
00000000
00000000
00000000
00000000
00000000
00000000
00000000
00000000
00000000
00000000
00000000
00000000
00000000
00000000
00000000
00000000
00000000
00000000
00000000
00000000
00000000
00000000
00000000
00000000
00000000
00000000
00000000
00000000
00000000
00000000
00000000
00000000
00000000
00000000
00000000
00000000
00000000
00000000
00000000
00000000
00000000
00000000
00000000
00000000
00000000
00000000
00000000
00000000
00000000
00000000
00000000
00000000
00000000
00000000
00000000
00000000
00000000
00000000
00000000
00000000
00000000
00000000
00000000
00000000
00000000
00000000
00000000
00000000
00000000
00000000
00000000
00000000
00000000
00000000
00000000
00000000
00000000
00000000
00000000
00000000
00000000
00000000
00000000
00000000
00000000
00000000
00000000
00000000
00000000
00000000
00000000
00000000
00000000
00000000
00000000
00000000
00000000
00000000
00000000
00000000
00000000
00000000
00000000
00000000
00000000
00000000
00000000
00000000
00000000
00000000
00000000
00000000
00000000
00000000
00000000
00000000
00000000
00000000
00000000
00000000
